[2026-01-30T20:33:13.784+0000] {processor.py:161} INFO - Started process (PID=1659) to work on /opt/airflow/dags/etl.py
[2026-01-30T20:33:13.784+0000] {processor.py:830} INFO - Processing file /opt/airflow/dags/etl.py for tasks to queue
[2026-01-30T20:33:13.785+0000] {logging_mixin.py:188} INFO - [2026-01-30T20:33:13.785+0000] {dagbag.py:545} INFO - Filling up the DagBag from /opt/airflow/dags/etl.py
[2026-01-30T20:33:15.674+0000] {processor.py:840} INFO - DAG(s) 'etl_pipeline_final' retrieved from /opt/airflow/dags/etl.py
[2026-01-30T20:33:15.694+0000] {logging_mixin.py:188} INFO - [2026-01-30T20:33:15.693+0000] {dag.py:3096} INFO - Sync 1 DAGs
[2026-01-30T20:33:15.811+0000] {logging_mixin.py:188} INFO - [2026-01-30T20:33:15.811+0000] {dag.py:3954} INFO - Setting next_dagrun for etl_pipeline_final to 2026-01-29 00:00:00+00:00, run_after=2026-01-30 00:00:00+00:00
[2026-01-30T20:33:15.828+0000] {processor.py:183} INFO - Processing /opt/airflow/dags/etl.py took 0.350 seconds
[2026-01-30T20:33:48.957+0000] {processor.py:161} INFO - Started process (PID=1709) to work on /opt/airflow/dags/etl.py
[2026-01-30T20:33:48.959+0000] {processor.py:830} INFO - Processing file /opt/airflow/dags/etl.py for tasks to queue
[2026-01-30T20:33:48.960+0000] {logging_mixin.py:188} INFO - [2026-01-30T20:33:48.960+0000] {dagbag.py:545} INFO - Filling up the DagBag from /opt/airflow/dags/etl.py
[2026-01-30T20:33:49.490+0000] {processor.py:840} INFO - DAG(s) 'etl_pipeline_final' retrieved from /opt/airflow/dags/etl.py
[2026-01-30T20:33:49.681+0000] {logging_mixin.py:188} INFO - [2026-01-30T20:33:49.527+0000] {dag.py:3096} INFO - Sync 1 DAGs
[2026-01-30T20:33:49.702+0000] {logging_mixin.py:188} INFO - [2026-01-30T20:33:49.701+0000] {dag.py:3954} INFO - Setting next_dagrun for etl_pipeline_final to 2026-01-29 00:00:00+00:00, run_after=2026-01-30 00:00:00+00:00
[2026-01-30T20:33:49.724+0000] {processor.py:183} INFO - Processing /opt/airflow/dags/etl.py took 0.779 seconds
[2026-01-30T20:34:21.486+0000] {processor.py:161} INFO - Started process (PID=1756) to work on /opt/airflow/dags/etl.py
[2026-01-30T20:34:21.487+0000] {processor.py:830} INFO - Processing file /opt/airflow/dags/etl.py for tasks to queue
[2026-01-30T20:34:21.488+0000] {logging_mixin.py:188} INFO - [2026-01-30T20:34:21.487+0000] {dagbag.py:545} INFO - Filling up the DagBag from /opt/airflow/dags/etl.py
[2026-01-30T20:34:21.760+0000] {processor.py:840} INFO - DAG(s) 'etl_pipeline_final' retrieved from /opt/airflow/dags/etl.py
[2026-01-30T20:34:21.955+0000] {logging_mixin.py:188} INFO - [2026-01-30T20:34:21.955+0000] {dag.py:3096} INFO - Sync 1 DAGs
[2026-01-30T20:34:21.977+0000] {logging_mixin.py:188} INFO - [2026-01-30T20:34:21.976+0000] {dag.py:3954} INFO - Setting next_dagrun for etl_pipeline_final to 2026-01-29 00:00:00+00:00, run_after=2026-01-30 00:00:00+00:00
[2026-01-30T20:34:21.998+0000] {processor.py:183} INFO - Processing /opt/airflow/dags/etl.py took 0.516 seconds
[2026-01-30T20:34:52.333+0000] {processor.py:161} INFO - Started process (PID=1800) to work on /opt/airflow/dags/etl.py
[2026-01-30T20:34:52.337+0000] {processor.py:830} INFO - Processing file /opt/airflow/dags/etl.py for tasks to queue
[2026-01-30T20:34:52.339+0000] {logging_mixin.py:188} INFO - [2026-01-30T20:34:52.338+0000] {dagbag.py:545} INFO - Filling up the DagBag from /opt/airflow/dags/etl.py
[2026-01-30T20:34:54.544+0000] {processor.py:840} INFO - DAG(s) 'etl_pipeline_final' retrieved from /opt/airflow/dags/etl.py
[2026-01-30T20:34:54.596+0000] {logging_mixin.py:188} INFO - [2026-01-30T20:34:54.595+0000] {dag.py:3096} INFO - Sync 1 DAGs
[2026-01-30T20:34:54.641+0000] {logging_mixin.py:188} INFO - [2026-01-30T20:34:54.640+0000] {dag.py:3954} INFO - Setting next_dagrun for etl_pipeline_final to 2026-01-29 00:00:00+00:00, run_after=2026-01-30 00:00:00+00:00
[2026-01-30T20:34:54.670+0000] {processor.py:183} INFO - Processing /opt/airflow/dags/etl.py took 0.655 seconds
[2026-01-30T20:35:27.406+0000] {processor.py:161} INFO - Started process (PID=1847) to work on /opt/airflow/dags/etl.py
[2026-01-30T20:35:27.409+0000] {processor.py:830} INFO - Processing file /opt/airflow/dags/etl.py for tasks to queue
[2026-01-30T20:35:27.411+0000] {logging_mixin.py:188} INFO - [2026-01-30T20:35:27.410+0000] {dagbag.py:545} INFO - Filling up the DagBag from /opt/airflow/dags/etl.py
[2026-01-30T20:35:28.113+0000] {processor.py:840} INFO - DAG(s) 'etl_pipeline_final' retrieved from /opt/airflow/dags/etl.py
[2026-01-30T20:35:28.141+0000] {logging_mixin.py:188} INFO - [2026-01-30T20:35:28.140+0000] {dag.py:3096} INFO - Sync 1 DAGs
[2026-01-30T20:35:28.163+0000] {logging_mixin.py:188} INFO - [2026-01-30T20:35:28.163+0000] {dag.py:3954} INFO - Setting next_dagrun for etl_pipeline_final to 2026-01-29 00:00:00+00:00, run_after=2026-01-30 00:00:00+00:00
[2026-01-30T20:35:28.185+0000] {processor.py:183} INFO - Processing /opt/airflow/dags/etl.py took 0.790 seconds
[2026-01-30T20:36:00.129+0000] {processor.py:161} INFO - Started process (PID=1894) to work on /opt/airflow/dags/etl.py
[2026-01-30T20:36:00.130+0000] {processor.py:830} INFO - Processing file /opt/airflow/dags/etl.py for tasks to queue
[2026-01-30T20:36:00.131+0000] {logging_mixin.py:188} INFO - [2026-01-30T20:36:00.130+0000] {dagbag.py:545} INFO - Filling up the DagBag from /opt/airflow/dags/etl.py
[2026-01-30T20:36:00.382+0000] {processor.py:840} INFO - DAG(s) 'etl_pipeline_final' retrieved from /opt/airflow/dags/etl.py
[2026-01-30T20:36:00.406+0000] {logging_mixin.py:188} INFO - [2026-01-30T20:36:00.405+0000] {dag.py:3096} INFO - Sync 1 DAGs
[2026-01-30T20:36:00.426+0000] {logging_mixin.py:188} INFO - [2026-01-30T20:36:00.425+0000] {dag.py:3954} INFO - Setting next_dagrun for etl_pipeline_final to 2026-01-29 00:00:00+00:00, run_after=2026-01-30 00:00:00+00:00
[2026-01-30T20:36:00.573+0000] {processor.py:183} INFO - Processing /opt/airflow/dags/etl.py took 0.448 seconds
[2026-01-30T20:36:30.820+0000] {processor.py:161} INFO - Started process (PID=1941) to work on /opt/airflow/dags/etl.py
[2026-01-30T20:36:30.823+0000] {processor.py:830} INFO - Processing file /opt/airflow/dags/etl.py for tasks to queue
[2026-01-30T20:36:30.825+0000] {logging_mixin.py:188} INFO - [2026-01-30T20:36:30.824+0000] {dagbag.py:545} INFO - Filling up the DagBag from /opt/airflow/dags/etl.py
[2026-01-30T20:36:33.575+0000] {processor.py:840} INFO - DAG(s) 'etl_pipeline_final' retrieved from /opt/airflow/dags/etl.py
[2026-01-30T20:36:33.671+0000] {logging_mixin.py:188} INFO - [2026-01-30T20:36:33.669+0000] {dag.py:3096} INFO - Sync 1 DAGs
[2026-01-30T20:36:34.335+0000] {logging_mixin.py:188} INFO - [2026-01-30T20:36:34.334+0000] {dag.py:3954} INFO - Setting next_dagrun for etl_pipeline_final to 2026-01-29 00:00:00+00:00, run_after=2026-01-30 00:00:00+00:00
[2026-01-30T20:36:34.373+0000] {processor.py:183} INFO - Processing /opt/airflow/dags/etl.py took 1.865 seconds
[2026-01-30T20:37:05.735+0000] {processor.py:161} INFO - Started process (PID=1988) to work on /opt/airflow/dags/etl.py
[2026-01-30T20:37:05.736+0000] {processor.py:830} INFO - Processing file /opt/airflow/dags/etl.py for tasks to queue
[2026-01-30T20:37:05.737+0000] {logging_mixin.py:188} INFO - [2026-01-30T20:37:05.736+0000] {dagbag.py:545} INFO - Filling up the DagBag from /opt/airflow/dags/etl.py
[2026-01-30T20:37:06.063+0000] {processor.py:840} INFO - DAG(s) 'etl_pipeline_final' retrieved from /opt/airflow/dags/etl.py
[2026-01-30T20:37:06.279+0000] {logging_mixin.py:188} INFO - [2026-01-30T20:37:06.109+0000] {dag.py:3096} INFO - Sync 1 DAGs
[2026-01-30T20:37:06.304+0000] {logging_mixin.py:188} INFO - [2026-01-30T20:37:06.303+0000] {dag.py:3954} INFO - Setting next_dagrun for etl_pipeline_final to 2026-01-29 00:00:00+00:00, run_after=2026-01-30 00:00:00+00:00
[2026-01-30T20:37:06.333+0000] {processor.py:183} INFO - Processing /opt/airflow/dags/etl.py took 0.607 seconds
[2026-01-30T20:37:38.913+0000] {processor.py:161} INFO - Started process (PID=2035) to work on /opt/airflow/dags/etl.py
[2026-01-30T20:37:38.915+0000] {processor.py:830} INFO - Processing file /opt/airflow/dags/etl.py for tasks to queue
[2026-01-30T20:37:38.916+0000] {logging_mixin.py:188} INFO - [2026-01-30T20:37:38.915+0000] {dagbag.py:545} INFO - Filling up the DagBag from /opt/airflow/dags/etl.py
[2026-01-30T20:37:39.080+0000] {processor.py:840} INFO - DAG(s) 'etl_pipeline_final' retrieved from /opt/airflow/dags/etl.py
[2026-01-30T20:37:39.184+0000] {logging_mixin.py:188} INFO - [2026-01-30T20:37:39.183+0000] {dag.py:3096} INFO - Sync 1 DAGs
[2026-01-30T20:37:39.197+0000] {logging_mixin.py:188} INFO - [2026-01-30T20:37:39.197+0000] {dag.py:3954} INFO - Setting next_dagrun for etl_pipeline_final to 2026-01-29 00:00:00+00:00, run_after=2026-01-30 00:00:00+00:00
[2026-01-30T20:37:39.212+0000] {processor.py:183} INFO - Processing /opt/airflow/dags/etl.py took 0.303 seconds
[2026-01-30T20:38:11.908+0000] {processor.py:161} INFO - Started process (PID=2082) to work on /opt/airflow/dags/etl.py
[2026-01-30T20:38:11.908+0000] {processor.py:830} INFO - Processing file /opt/airflow/dags/etl.py for tasks to queue
[2026-01-30T20:38:11.909+0000] {logging_mixin.py:188} INFO - [2026-01-30T20:38:11.909+0000] {dagbag.py:545} INFO - Filling up the DagBag from /opt/airflow/dags/etl.py
[2026-01-30T20:38:12.174+0000] {processor.py:840} INFO - DAG(s) 'etl_pipeline_final' retrieved from /opt/airflow/dags/etl.py
[2026-01-30T20:38:12.189+0000] {logging_mixin.py:188} INFO - [2026-01-30T20:38:12.188+0000] {dag.py:3096} INFO - Sync 1 DAGs
[2026-01-30T20:38:12.200+0000] {logging_mixin.py:188} INFO - [2026-01-30T20:38:12.200+0000] {dag.py:3954} INFO - Setting next_dagrun for etl_pipeline_final to 2026-01-29 00:00:00+00:00, run_after=2026-01-30 00:00:00+00:00
[2026-01-30T20:38:12.216+0000] {processor.py:183} INFO - Processing /opt/airflow/dags/etl.py took 0.313 seconds
[2026-01-30T20:38:44.461+0000] {processor.py:161} INFO - Started process (PID=2129) to work on /opt/airflow/dags/etl.py
[2026-01-30T20:38:44.463+0000] {processor.py:830} INFO - Processing file /opt/airflow/dags/etl.py for tasks to queue
[2026-01-30T20:38:44.464+0000] {logging_mixin.py:188} INFO - [2026-01-30T20:38:44.463+0000] {dagbag.py:545} INFO - Filling up the DagBag from /opt/airflow/dags/etl.py
[2026-01-30T20:38:44.727+0000] {processor.py:840} INFO - DAG(s) 'etl_pipeline_final' retrieved from /opt/airflow/dags/etl.py
[2026-01-30T20:38:44.741+0000] {logging_mixin.py:188} INFO - [2026-01-30T20:38:44.741+0000] {dag.py:3096} INFO - Sync 1 DAGs
[2026-01-30T20:38:44.752+0000] {logging_mixin.py:188} INFO - [2026-01-30T20:38:44.752+0000] {dag.py:3954} INFO - Setting next_dagrun for etl_pipeline_final to 2026-01-29 00:00:00+00:00, run_after=2026-01-30 00:00:00+00:00
[2026-01-30T20:38:44.766+0000] {processor.py:183} INFO - Processing /opt/airflow/dags/etl.py took 0.308 seconds
[2026-01-30T20:39:15.036+0000] {processor.py:161} INFO - Started process (PID=2176) to work on /opt/airflow/dags/etl.py
[2026-01-30T20:39:15.037+0000] {processor.py:830} INFO - Processing file /opt/airflow/dags/etl.py for tasks to queue
[2026-01-30T20:39:15.037+0000] {logging_mixin.py:188} INFO - [2026-01-30T20:39:15.037+0000] {dagbag.py:545} INFO - Filling up the DagBag from /opt/airflow/dags/etl.py
[2026-01-30T20:39:16.929+0000] {processor.py:840} INFO - DAG(s) 'etl_pipeline_final' retrieved from /opt/airflow/dags/etl.py
[2026-01-30T20:39:16.947+0000] {logging_mixin.py:188} INFO - [2026-01-30T20:39:16.947+0000] {dag.py:3096} INFO - Sync 1 DAGs
[2026-01-30T20:39:17.050+0000] {logging_mixin.py:188} INFO - [2026-01-30T20:39:17.049+0000] {dag.py:3954} INFO - Setting next_dagrun for etl_pipeline_final to 2026-01-29 00:00:00+00:00, run_after=2026-01-30 00:00:00+00:00
[2026-01-30T20:39:17.062+0000] {processor.py:183} INFO - Processing /opt/airflow/dags/etl.py took 0.326 seconds
[2026-01-30T20:39:50.172+0000] {processor.py:161} INFO - Started process (PID=2223) to work on /opt/airflow/dags/etl.py
[2026-01-30T20:39:50.174+0000] {processor.py:830} INFO - Processing file /opt/airflow/dags/etl.py for tasks to queue
[2026-01-30T20:39:50.174+0000] {logging_mixin.py:188} INFO - [2026-01-30T20:39:50.174+0000] {dagbag.py:545} INFO - Filling up the DagBag from /opt/airflow/dags/etl.py
[2026-01-30T20:39:50.345+0000] {processor.py:840} INFO - DAG(s) 'etl_pipeline_final' retrieved from /opt/airflow/dags/etl.py
[2026-01-30T20:39:50.361+0000] {logging_mixin.py:188} INFO - [2026-01-30T20:39:50.360+0000] {dag.py:3096} INFO - Sync 1 DAGs
[2026-01-30T20:39:50.458+0000] {logging_mixin.py:188} INFO - [2026-01-30T20:39:50.458+0000] {dag.py:3954} INFO - Setting next_dagrun for etl_pipeline_final to 2026-01-29 00:00:00+00:00, run_after=2026-01-30 00:00:00+00:00
[2026-01-30T20:39:50.469+0000] {processor.py:183} INFO - Processing /opt/airflow/dags/etl.py took 0.302 seconds
[2026-01-30T20:40:20.848+0000] {processor.py:161} INFO - Started process (PID=2270) to work on /opt/airflow/dags/etl.py
[2026-01-30T20:40:20.849+0000] {processor.py:830} INFO - Processing file /opt/airflow/dags/etl.py for tasks to queue
[2026-01-30T20:40:20.849+0000] {logging_mixin.py:188} INFO - [2026-01-30T20:40:20.849+0000] {dagbag.py:545} INFO - Filling up the DagBag from /opt/airflow/dags/etl.py
[2026-01-30T20:40:22.742+0000] {processor.py:840} INFO - DAG(s) 'etl_pipeline_final' retrieved from /opt/airflow/dags/etl.py
[2026-01-30T20:40:22.854+0000] {logging_mixin.py:188} INFO - [2026-01-30T20:40:22.854+0000] {dag.py:3096} INFO - Sync 1 DAGs
[2026-01-30T20:40:22.866+0000] {logging_mixin.py:188} INFO - [2026-01-30T20:40:22.865+0000] {dag.py:3954} INFO - Setting next_dagrun for etl_pipeline_final to 2026-01-29 00:00:00+00:00, run_after=2026-01-30 00:00:00+00:00
[2026-01-30T20:40:22.880+0000] {processor.py:183} INFO - Processing /opt/airflow/dags/etl.py took 0.333 seconds
[2026-01-30T20:42:04.679+0000] {processor.py:161} INFO - Started process (PID=213) to work on /opt/airflow/dags/etl.py
[2026-01-30T20:42:04.683+0000] {processor.py:830} INFO - Processing file /opt/airflow/dags/etl.py for tasks to queue
[2026-01-30T20:42:04.685+0000] {logging_mixin.py:188} INFO - [2026-01-30T20:42:04.685+0000] {dagbag.py:545} INFO - Filling up the DagBag from /opt/airflow/dags/etl.py
[2026-01-30T20:42:05.089+0000] {processor.py:840} INFO - DAG(s) 'etl_pipeline_final' retrieved from /opt/airflow/dags/etl.py
[2026-01-30T20:42:05.227+0000] {logging_mixin.py:188} INFO - [2026-01-30T20:42:05.226+0000] {dag.py:3096} INFO - Sync 1 DAGs
[2026-01-30T20:42:05.254+0000] {logging_mixin.py:188} INFO - [2026-01-30T20:42:05.254+0000] {dag.py:3954} INFO - Setting next_dagrun for etl_pipeline_final to 2026-01-29 00:00:00+00:00, run_after=2026-01-30 00:00:00+00:00
[2026-01-30T20:42:05.290+0000] {processor.py:183} INFO - Processing /opt/airflow/dags/etl.py took 0.619 seconds
[2026-01-30T20:42:37.156+0000] {processor.py:161} INFO - Started process (PID=259) to work on /opt/airflow/dags/etl.py
[2026-01-30T20:42:37.157+0000] {processor.py:830} INFO - Processing file /opt/airflow/dags/etl.py for tasks to queue
[2026-01-30T20:42:37.160+0000] {logging_mixin.py:188} INFO - [2026-01-30T20:42:37.159+0000] {dagbag.py:545} INFO - Filling up the DagBag from /opt/airflow/dags/etl.py
[2026-01-30T20:42:37.612+0000] {processor.py:840} INFO - DAG(s) 'etl_pipeline_final' retrieved from /opt/airflow/dags/etl.py
[2026-01-30T20:42:37.654+0000] {logging_mixin.py:188} INFO - [2026-01-30T20:42:37.654+0000] {dag.py:3096} INFO - Sync 1 DAGs
[2026-01-30T20:42:37.693+0000] {logging_mixin.py:188} INFO - [2026-01-30T20:42:37.693+0000] {dag.py:3954} INFO - Setting next_dagrun for etl_pipeline_final to 2026-01-29 00:00:00+00:00, run_after=2026-01-30 00:00:00+00:00
[2026-01-30T20:42:37.722+0000] {processor.py:183} INFO - Processing /opt/airflow/dags/etl.py took 0.578 seconds
[2026-01-30T20:43:08.074+0000] {processor.py:161} INFO - Started process (PID=311) to work on /opt/airflow/dags/etl.py
[2026-01-30T20:43:08.076+0000] {processor.py:830} INFO - Processing file /opt/airflow/dags/etl.py for tasks to queue
[2026-01-30T20:43:08.079+0000] {logging_mixin.py:188} INFO - [2026-01-30T20:43:08.078+0000] {dagbag.py:545} INFO - Filling up the DagBag from /opt/airflow/dags/etl.py
[2026-01-30T20:43:08.423+0000] {processor.py:840} INFO - DAG(s) 'etl_pipeline_final' retrieved from /opt/airflow/dags/etl.py
[2026-01-30T20:43:08.462+0000] {logging_mixin.py:188} INFO - [2026-01-30T20:43:08.462+0000] {dag.py:3096} INFO - Sync 1 DAGs
[2026-01-30T20:43:08.509+0000] {logging_mixin.py:188} INFO - [2026-01-30T20:43:08.509+0000] {dag.py:3954} INFO - Setting next_dagrun for etl_pipeline_final to 2026-01-29 00:00:00+00:00, run_after=2026-01-30 00:00:00+00:00
[2026-01-30T20:43:08.538+0000] {processor.py:183} INFO - Processing /opt/airflow/dags/etl.py took 0.470 seconds
[2026-01-30T20:43:40.288+0000] {processor.py:161} INFO - Started process (PID=369) to work on /opt/airflow/dags/etl.py
[2026-01-30T20:43:40.289+0000] {processor.py:830} INFO - Processing file /opt/airflow/dags/etl.py for tasks to queue
[2026-01-30T20:43:40.290+0000] {logging_mixin.py:188} INFO - [2026-01-30T20:43:40.290+0000] {dagbag.py:545} INFO - Filling up the DagBag from /opt/airflow/dags/etl.py
[2026-01-30T20:43:40.657+0000] {processor.py:840} INFO - DAG(s) 'etl_pipeline_final' retrieved from /opt/airflow/dags/etl.py
[2026-01-30T20:43:40.707+0000] {logging_mixin.py:188} INFO - [2026-01-30T20:43:40.704+0000] {dag.py:3096} INFO - Sync 1 DAGs
[2026-01-30T20:43:40.741+0000] {logging_mixin.py:188} INFO - [2026-01-30T20:43:40.741+0000] {dag.py:3954} INFO - Setting next_dagrun for etl_pipeline_final to 2026-01-29 00:00:00+00:00, run_after=2026-01-30 00:00:00+00:00
[2026-01-30T20:43:40.777+0000] {processor.py:183} INFO - Processing /opt/airflow/dags/etl.py took 0.494 seconds
[2026-01-30T20:44:12.845+0000] {processor.py:161} INFO - Started process (PID=412) to work on /opt/airflow/dags/etl.py
[2026-01-30T20:44:12.847+0000] {processor.py:830} INFO - Processing file /opt/airflow/dags/etl.py for tasks to queue
[2026-01-30T20:44:12.848+0000] {logging_mixin.py:188} INFO - [2026-01-30T20:44:12.848+0000] {dagbag.py:545} INFO - Filling up the DagBag from /opt/airflow/dags/etl.py
[2026-01-30T20:44:13.030+0000] {processor.py:840} INFO - DAG(s) 'etl_pipeline_final' retrieved from /opt/airflow/dags/etl.py
[2026-01-30T20:44:13.047+0000] {logging_mixin.py:188} INFO - [2026-01-30T20:44:13.046+0000] {dag.py:3096} INFO - Sync 1 DAGs
[2026-01-30T20:44:13.059+0000] {logging_mixin.py:188} INFO - [2026-01-30T20:44:13.059+0000] {dag.py:3954} INFO - Setting next_dagrun for etl_pipeline_final to 2026-01-29 00:00:00+00:00, run_after=2026-01-30 00:00:00+00:00
[2026-01-30T20:44:13.072+0000] {processor.py:183} INFO - Processing /opt/airflow/dags/etl.py took 0.231 seconds
[2026-01-30T20:44:45.690+0000] {processor.py:161} INFO - Started process (PID=462) to work on /opt/airflow/dags/etl.py
[2026-01-30T20:44:45.691+0000] {processor.py:830} INFO - Processing file /opt/airflow/dags/etl.py for tasks to queue
[2026-01-30T20:44:45.692+0000] {logging_mixin.py:188} INFO - [2026-01-30T20:44:45.692+0000] {dagbag.py:545} INFO - Filling up the DagBag from /opt/airflow/dags/etl.py
[2026-01-30T20:44:45.920+0000] {processor.py:840} INFO - DAG(s) 'etl_pipeline_final' retrieved from /opt/airflow/dags/etl.py
[2026-01-30T20:44:45.943+0000] {logging_mixin.py:188} INFO - [2026-01-30T20:44:45.942+0000] {dag.py:3096} INFO - Sync 1 DAGs
[2026-01-30T20:44:45.960+0000] {logging_mixin.py:188} INFO - [2026-01-30T20:44:45.960+0000] {dag.py:3954} INFO - Setting next_dagrun for etl_pipeline_final to 2026-01-29 00:00:00+00:00, run_after=2026-01-30 00:00:00+00:00
[2026-01-30T20:44:45.980+0000] {processor.py:183} INFO - Processing /opt/airflow/dags/etl.py took 0.295 seconds
[2026-01-30T20:45:16.449+0000] {processor.py:161} INFO - Started process (PID=507) to work on /opt/airflow/dags/etl.py
[2026-01-30T20:45:16.453+0000] {processor.py:830} INFO - Processing file /opt/airflow/dags/etl.py for tasks to queue
[2026-01-30T20:45:16.454+0000] {logging_mixin.py:188} INFO - [2026-01-30T20:45:16.454+0000] {dagbag.py:545} INFO - Filling up the DagBag from /opt/airflow/dags/etl.py
[2026-01-30T20:45:18.339+0000] {processor.py:840} INFO - DAG(s) 'etl_pipeline_final' retrieved from /opt/airflow/dags/etl.py
[2026-01-30T20:45:18.356+0000] {logging_mixin.py:188} INFO - [2026-01-30T20:45:18.356+0000] {dag.py:3096} INFO - Sync 1 DAGs
[2026-01-30T20:45:18.370+0000] {logging_mixin.py:188} INFO - [2026-01-30T20:45:18.370+0000] {dag.py:3954} INFO - Setting next_dagrun for etl_pipeline_final to 2026-01-29 00:00:00+00:00, run_after=2026-01-30 00:00:00+00:00
[2026-01-30T20:45:18.385+0000] {processor.py:183} INFO - Processing /opt/airflow/dags/etl.py took 0.228 seconds
[2026-01-30T20:45:49.358+0000] {processor.py:161} INFO - Started process (PID=554) to work on /opt/airflow/dags/etl.py
[2026-01-30T20:45:49.360+0000] {processor.py:830} INFO - Processing file /opt/airflow/dags/etl.py for tasks to queue
[2026-01-30T20:45:49.361+0000] {logging_mixin.py:188} INFO - [2026-01-30T20:45:49.361+0000] {dagbag.py:545} INFO - Filling up the DagBag from /opt/airflow/dags/etl.py
[2026-01-30T20:45:51.313+0000] {processor.py:840} INFO - DAG(s) 'etl_pipeline_final' retrieved from /opt/airflow/dags/etl.py
[2026-01-30T20:45:51.334+0000] {logging_mixin.py:188} INFO - [2026-01-30T20:45:51.334+0000] {dag.py:3096} INFO - Sync 1 DAGs
[2026-01-30T20:45:51.349+0000] {logging_mixin.py:188} INFO - [2026-01-30T20:45:51.349+0000] {dag.py:3954} INFO - Setting next_dagrun for etl_pipeline_final to 2026-01-29 00:00:00+00:00, run_after=2026-01-30 00:00:00+00:00
[2026-01-30T20:45:51.458+0000] {processor.py:183} INFO - Processing /opt/airflow/dags/etl.py took 0.395 seconds
[2026-01-30T20:46:24.468+0000] {processor.py:161} INFO - Started process (PID=610) to work on /opt/airflow/dags/etl.py
[2026-01-30T20:46:24.469+0000] {processor.py:830} INFO - Processing file /opt/airflow/dags/etl.py for tasks to queue
[2026-01-30T20:46:24.470+0000] {logging_mixin.py:188} INFO - [2026-01-30T20:46:24.470+0000] {dagbag.py:545} INFO - Filling up the DagBag from /opt/airflow/dags/etl.py
[2026-01-30T20:46:24.701+0000] {processor.py:840} INFO - DAG(s) 'etl_pipeline_final' retrieved from /opt/airflow/dags/etl.py
[2026-01-30T20:46:24.735+0000] {logging_mixin.py:188} INFO - [2026-01-30T20:46:24.734+0000] {dag.py:3096} INFO - Sync 1 DAGs
[2026-01-30T20:46:24.918+0000] {logging_mixin.py:188} INFO - [2026-01-30T20:46:24.917+0000] {dag.py:3954} INFO - Setting next_dagrun for etl_pipeline_final to 2026-01-29 00:00:00+00:00, run_after=2026-01-30 00:00:00+00:00
[2026-01-30T20:46:24.937+0000] {processor.py:183} INFO - Processing /opt/airflow/dags/etl.py took 0.473 seconds
[2026-01-30T20:46:56.998+0000] {processor.py:161} INFO - Started process (PID=657) to work on /opt/airflow/dags/etl.py
[2026-01-30T20:46:57.000+0000] {processor.py:830} INFO - Processing file /opt/airflow/dags/etl.py for tasks to queue
[2026-01-30T20:46:57.002+0000] {logging_mixin.py:188} INFO - [2026-01-30T20:46:57.001+0000] {dagbag.py:545} INFO - Filling up the DagBag from /opt/airflow/dags/etl.py
[2026-01-30T20:46:57.582+0000] {processor.py:840} INFO - DAG(s) 'etl_pipeline_final' retrieved from /opt/airflow/dags/etl.py
[2026-01-30T20:46:57.627+0000] {logging_mixin.py:188} INFO - [2026-01-30T20:46:57.626+0000] {dag.py:3096} INFO - Sync 1 DAGs
[2026-01-30T20:46:57.824+0000] {logging_mixin.py:188} INFO - [2026-01-30T20:46:57.823+0000] {dag.py:3954} INFO - Setting next_dagrun for etl_pipeline_final to 2026-01-29 00:00:00+00:00, run_after=2026-01-30 00:00:00+00:00
[2026-01-30T20:46:57.850+0000] {processor.py:183} INFO - Processing /opt/airflow/dags/etl.py took 0.860 seconds
[2026-01-30T20:47:29.960+0000] {processor.py:161} INFO - Started process (PID=710) to work on /opt/airflow/dags/etl.py
[2026-01-30T20:47:29.961+0000] {processor.py:830} INFO - Processing file /opt/airflow/dags/etl.py for tasks to queue
[2026-01-30T20:47:29.963+0000] {logging_mixin.py:188} INFO - [2026-01-30T20:47:29.962+0000] {dagbag.py:545} INFO - Filling up the DagBag from /opt/airflow/dags/etl.py
[2026-01-30T20:47:30.175+0000] {processor.py:840} INFO - DAG(s) 'etl_pipeline_final' retrieved from /opt/airflow/dags/etl.py
[2026-01-30T20:47:30.201+0000] {logging_mixin.py:188} INFO - [2026-01-30T20:47:30.201+0000] {dag.py:3096} INFO - Sync 1 DAGs
[2026-01-30T20:47:30.222+0000] {logging_mixin.py:188} INFO - [2026-01-30T20:47:30.222+0000] {dag.py:3954} INFO - Setting next_dagrun for etl_pipeline_final to 2026-01-29 00:00:00+00:00, run_after=2026-01-30 00:00:00+00:00
[2026-01-30T20:47:30.242+0000] {processor.py:183} INFO - Processing /opt/airflow/dags/etl.py took 0.285 seconds
[2026-01-30T20:48:00.770+0000] {processor.py:161} INFO - Started process (PID=787) to work on /opt/airflow/dags/etl.py
[2026-01-30T20:48:00.772+0000] {processor.py:830} INFO - Processing file /opt/airflow/dags/etl.py for tasks to queue
[2026-01-30T20:48:00.774+0000] {logging_mixin.py:188} INFO - [2026-01-30T20:48:00.773+0000] {dagbag.py:545} INFO - Filling up the DagBag from /opt/airflow/dags/etl.py
[2026-01-30T20:48:02.817+0000] {processor.py:840} INFO - DAG(s) 'etl_pipeline_final' retrieved from /opt/airflow/dags/etl.py
[2026-01-30T20:48:02.855+0000] {logging_mixin.py:188} INFO - [2026-01-30T20:48:02.854+0000] {dag.py:3096} INFO - Sync 1 DAGs
[2026-01-30T20:48:02.897+0000] {logging_mixin.py:188} INFO - [2026-01-30T20:48:02.897+0000] {dag.py:3954} INFO - Setting next_dagrun for etl_pipeline_final to 2026-01-29 00:00:00+00:00, run_after=2026-01-30 00:00:00+00:00
[2026-01-30T20:48:02.926+0000] {processor.py:183} INFO - Processing /opt/airflow/dags/etl.py took 0.449 seconds
[2026-01-30T20:48:36.006+0000] {processor.py:161} INFO - Started process (PID=971) to work on /opt/airflow/dags/etl.py
[2026-01-30T20:48:36.008+0000] {processor.py:830} INFO - Processing file /opt/airflow/dags/etl.py for tasks to queue
[2026-01-30T20:48:36.012+0000] {logging_mixin.py:188} INFO - [2026-01-30T20:48:36.012+0000] {dagbag.py:545} INFO - Filling up the DagBag from /opt/airflow/dags/etl.py
[2026-01-30T20:48:36.802+0000] {processor.py:840} INFO - DAG(s) 'etl_pipeline_final' retrieved from /opt/airflow/dags/etl.py
[2026-01-30T20:48:36.945+0000] {logging_mixin.py:188} INFO - [2026-01-30T20:48:36.943+0000] {dag.py:3096} INFO - Sync 1 DAGs
[2026-01-30T20:48:37.139+0000] {logging_mixin.py:188} INFO - [2026-01-30T20:48:37.138+0000] {dag.py:3954} INFO - Setting next_dagrun for etl_pipeline_final to 2026-01-29 00:00:00+00:00, run_after=2026-01-30 00:00:00+00:00
[2026-01-30T20:48:37.246+0000] {processor.py:183} INFO - Processing /opt/airflow/dags/etl.py took 1.255 seconds
[2026-01-30T20:49:08.606+0000] {processor.py:161} INFO - Started process (PID=1278) to work on /opt/airflow/dags/etl.py
[2026-01-30T20:49:08.608+0000] {processor.py:830} INFO - Processing file /opt/airflow/dags/etl.py for tasks to queue
[2026-01-30T20:49:08.611+0000] {logging_mixin.py:188} INFO - [2026-01-30T20:49:08.610+0000] {dagbag.py:545} INFO - Filling up the DagBag from /opt/airflow/dags/etl.py
[2026-01-30T20:49:09.196+0000] {processor.py:840} INFO - DAG(s) 'etl_pipeline_final' retrieved from /opt/airflow/dags/etl.py
[2026-01-30T20:49:09.270+0000] {logging_mixin.py:188} INFO - [2026-01-30T20:49:09.269+0000] {dag.py:3096} INFO - Sync 1 DAGs
[2026-01-30T20:49:09.317+0000] {logging_mixin.py:188} INFO - [2026-01-30T20:49:09.316+0000] {dag.py:3954} INFO - Setting next_dagrun for etl_pipeline_final to 2026-01-29 00:00:00+00:00, run_after=2026-01-30 00:00:00+00:00
[2026-01-30T20:49:09.525+0000] {processor.py:183} INFO - Processing /opt/airflow/dags/etl.py took 0.928 seconds
[2026-01-30T20:49:41.868+0000] {processor.py:161} INFO - Started process (PID=1432) to work on /opt/airflow/dags/etl.py
[2026-01-30T20:49:41.869+0000] {processor.py:830} INFO - Processing file /opt/airflow/dags/etl.py for tasks to queue
[2026-01-30T20:49:41.871+0000] {logging_mixin.py:188} INFO - [2026-01-30T20:49:41.870+0000] {dagbag.py:545} INFO - Filling up the DagBag from /opt/airflow/dags/etl.py
[2026-01-30T20:49:42.106+0000] {processor.py:840} INFO - DAG(s) 'etl_pipeline_final' retrieved from /opt/airflow/dags/etl.py
[2026-01-30T20:49:42.131+0000] {logging_mixin.py:188} INFO - [2026-01-30T20:49:42.130+0000] {dag.py:3096} INFO - Sync 1 DAGs
[2026-01-30T20:49:42.282+0000] {logging_mixin.py:188} INFO - [2026-01-30T20:49:42.282+0000] {dag.py:3954} INFO - Setting next_dagrun for etl_pipeline_final to 2026-01-29 00:00:00+00:00, run_after=2026-01-30 00:00:00+00:00
[2026-01-30T20:49:42.303+0000] {processor.py:183} INFO - Processing /opt/airflow/dags/etl.py took 0.439 seconds
[2026-01-30T20:50:14.154+0000] {processor.py:161} INFO - Started process (PID=1477) to work on /opt/airflow/dags/etl.py
[2026-01-30T20:50:14.155+0000] {processor.py:830} INFO - Processing file /opt/airflow/dags/etl.py for tasks to queue
[2026-01-30T20:50:14.157+0000] {logging_mixin.py:188} INFO - [2026-01-30T20:50:14.156+0000] {dagbag.py:545} INFO - Filling up the DagBag from /opt/airflow/dags/etl.py
[2026-01-30T20:50:14.349+0000] {processor.py:840} INFO - DAG(s) 'etl_pipeline_final' retrieved from /opt/airflow/dags/etl.py
[2026-01-30T20:50:14.368+0000] {logging_mixin.py:188} INFO - [2026-01-30T20:50:14.367+0000] {dag.py:3096} INFO - Sync 1 DAGs
[2026-01-30T20:50:14.384+0000] {logging_mixin.py:188} INFO - [2026-01-30T20:50:14.384+0000] {dag.py:3954} INFO - Setting next_dagrun for etl_pipeline_final to 2026-01-29 00:00:00+00:00, run_after=2026-01-30 00:00:00+00:00
[2026-01-30T20:50:14.398+0000] {processor.py:183} INFO - Processing /opt/airflow/dags/etl.py took 0.248 seconds
[2026-01-30T20:50:47.443+0000] {processor.py:161} INFO - Started process (PID=1524) to work on /opt/airflow/dags/etl.py
[2026-01-30T20:50:47.445+0000] {processor.py:830} INFO - Processing file /opt/airflow/dags/etl.py for tasks to queue
[2026-01-30T20:50:47.446+0000] {logging_mixin.py:188} INFO - [2026-01-30T20:50:47.446+0000] {dagbag.py:545} INFO - Filling up the DagBag from /opt/airflow/dags/etl.py
[2026-01-30T20:50:47.640+0000] {processor.py:840} INFO - DAG(s) 'etl_pipeline_final' retrieved from /opt/airflow/dags/etl.py
[2026-01-30T20:50:47.659+0000] {logging_mixin.py:188} INFO - [2026-01-30T20:50:47.658+0000] {dag.py:3096} INFO - Sync 1 DAGs
[2026-01-30T20:50:47.672+0000] {logging_mixin.py:188} INFO - [2026-01-30T20:50:47.672+0000] {dag.py:3954} INFO - Setting next_dagrun for etl_pipeline_final to 2026-01-29 00:00:00+00:00, run_after=2026-01-30 00:00:00+00:00
[2026-01-30T20:50:47.685+0000] {processor.py:183} INFO - Processing /opt/airflow/dags/etl.py took 0.247 seconds
[2026-01-30T20:51:20.335+0000] {processor.py:161} INFO - Started process (PID=1577) to work on /opt/airflow/dags/etl.py
[2026-01-30T20:51:20.338+0000] {processor.py:830} INFO - Processing file /opt/airflow/dags/etl.py for tasks to queue
[2026-01-30T20:51:20.340+0000] {logging_mixin.py:188} INFO - [2026-01-30T20:51:20.339+0000] {dagbag.py:545} INFO - Filling up the DagBag from /opt/airflow/dags/etl.py
[2026-01-30T20:51:20.513+0000] {processor.py:840} INFO - DAG(s) 'etl_pipeline_final' retrieved from /opt/airflow/dags/etl.py
[2026-01-30T20:51:20.533+0000] {logging_mixin.py:188} INFO - [2026-01-30T20:51:20.532+0000] {dag.py:3096} INFO - Sync 1 DAGs
[2026-01-30T20:51:20.546+0000] {logging_mixin.py:188} INFO - [2026-01-30T20:51:20.546+0000] {dag.py:3954} INFO - Setting next_dagrun for etl_pipeline_final to 2026-01-29 00:00:00+00:00, run_after=2026-01-30 00:00:00+00:00
[2026-01-30T20:51:20.559+0000] {processor.py:183} INFO - Processing /opt/airflow/dags/etl.py took 0.228 seconds
[2026-01-30T20:51:50.746+0000] {processor.py:161} INFO - Started process (PID=1624) to work on /opt/airflow/dags/etl.py
[2026-01-30T20:51:50.749+0000] {processor.py:830} INFO - Processing file /opt/airflow/dags/etl.py for tasks to queue
[2026-01-30T20:51:50.750+0000] {logging_mixin.py:188} INFO - [2026-01-30T20:51:50.750+0000] {dagbag.py:545} INFO - Filling up the DagBag from /opt/airflow/dags/etl.py
[2026-01-30T20:51:52.664+0000] {processor.py:840} INFO - DAG(s) 'etl_pipeline_final' retrieved from /opt/airflow/dags/etl.py
[2026-01-30T20:51:52.685+0000] {logging_mixin.py:188} INFO - [2026-01-30T20:51:52.684+0000] {dag.py:3096} INFO - Sync 1 DAGs
[2026-01-30T20:51:52.700+0000] {logging_mixin.py:188} INFO - [2026-01-30T20:51:52.700+0000] {dag.py:3954} INFO - Setting next_dagrun for etl_pipeline_final to 2026-01-29 00:00:00+00:00, run_after=2026-01-30 00:00:00+00:00
[2026-01-30T20:51:52.715+0000] {processor.py:183} INFO - Processing /opt/airflow/dags/etl.py took 0.259 seconds
[2026-01-30T20:52:23.747+0000] {processor.py:161} INFO - Started process (PID=1671) to work on /opt/airflow/dags/etl.py
[2026-01-30T20:52:23.748+0000] {processor.py:830} INFO - Processing file /opt/airflow/dags/etl.py for tasks to queue
[2026-01-30T20:52:23.750+0000] {logging_mixin.py:188} INFO - [2026-01-30T20:52:23.749+0000] {dagbag.py:545} INFO - Filling up the DagBag from /opt/airflow/dags/etl.py
[2026-01-30T20:52:25.690+0000] {processor.py:840} INFO - DAG(s) 'etl_pipeline_final' retrieved from /opt/airflow/dags/etl.py
[2026-01-30T20:52:25.709+0000] {logging_mixin.py:188} INFO - [2026-01-30T20:52:25.709+0000] {dag.py:3096} INFO - Sync 1 DAGs
[2026-01-30T20:52:25.726+0000] {logging_mixin.py:188} INFO - [2026-01-30T20:52:25.726+0000] {dag.py:3954} INFO - Setting next_dagrun for etl_pipeline_final to 2026-01-29 00:00:00+00:00, run_after=2026-01-30 00:00:00+00:00
[2026-01-30T20:52:25.850+0000] {processor.py:183} INFO - Processing /opt/airflow/dags/etl.py took 0.391 seconds
[2026-01-30T20:52:58.362+0000] {processor.py:161} INFO - Started process (PID=1718) to work on /opt/airflow/dags/etl.py
[2026-01-30T20:52:58.364+0000] {processor.py:830} INFO - Processing file /opt/airflow/dags/etl.py for tasks to queue
[2026-01-30T20:52:58.366+0000] {logging_mixin.py:188} INFO - [2026-01-30T20:52:58.366+0000] {dagbag.py:545} INFO - Filling up the DagBag from /opt/airflow/dags/etl.py
[2026-01-30T20:52:58.657+0000] {processor.py:840} INFO - DAG(s) 'etl_pipeline_final' retrieved from /opt/airflow/dags/etl.py
[2026-01-30T20:52:58.686+0000] {logging_mixin.py:188} INFO - [2026-01-30T20:52:58.686+0000] {dag.py:3096} INFO - Sync 1 DAGs
[2026-01-30T20:52:58.842+0000] {logging_mixin.py:188} INFO - [2026-01-30T20:52:58.841+0000] {dag.py:3954} INFO - Setting next_dagrun for etl_pipeline_final to 2026-01-29 00:00:00+00:00, run_after=2026-01-30 00:00:00+00:00
[2026-01-30T20:52:58.862+0000] {processor.py:183} INFO - Processing /opt/airflow/dags/etl.py took 0.509 seconds
[2026-01-30T20:53:31.850+0000] {processor.py:161} INFO - Started process (PID=1765) to work on /opt/airflow/dags/etl.py
[2026-01-30T20:53:31.852+0000] {processor.py:830} INFO - Processing file /opt/airflow/dags/etl.py for tasks to queue
[2026-01-30T20:53:31.854+0000] {logging_mixin.py:188} INFO - [2026-01-30T20:53:31.854+0000] {dagbag.py:545} INFO - Filling up the DagBag from /opt/airflow/dags/etl.py
[2026-01-30T20:53:32.124+0000] {processor.py:840} INFO - DAG(s) 'etl_pipeline_final' retrieved from /opt/airflow/dags/etl.py
[2026-01-30T20:53:32.148+0000] {logging_mixin.py:188} INFO - [2026-01-30T20:53:32.146+0000] {dag.py:3096} INFO - Sync 1 DAGs
[2026-01-30T20:53:32.167+0000] {logging_mixin.py:188} INFO - [2026-01-30T20:53:32.167+0000] {dag.py:3954} INFO - Setting next_dagrun for etl_pipeline_final to 2026-01-29 00:00:00+00:00, run_after=2026-01-30 00:00:00+00:00
[2026-01-30T20:53:32.185+0000] {processor.py:183} INFO - Processing /opt/airflow/dags/etl.py took 0.342 seconds
[2026-01-30T20:54:02.318+0000] {processor.py:161} INFO - Started process (PID=1812) to work on /opt/airflow/dags/etl.py
[2026-01-30T20:54:02.319+0000] {processor.py:830} INFO - Processing file /opt/airflow/dags/etl.py for tasks to queue
[2026-01-30T20:54:02.321+0000] {logging_mixin.py:188} INFO - [2026-01-30T20:54:02.320+0000] {dagbag.py:545} INFO - Filling up the DagBag from /opt/airflow/dags/etl.py
[2026-01-30T20:54:04.325+0000] {processor.py:840} INFO - DAG(s) 'etl_pipeline_final' retrieved from /opt/airflow/dags/etl.py
[2026-01-30T20:54:04.352+0000] {logging_mixin.py:188} INFO - [2026-01-30T20:54:04.352+0000] {dag.py:3096} INFO - Sync 1 DAGs
[2026-01-30T20:54:04.373+0000] {logging_mixin.py:188} INFO - [2026-01-30T20:54:04.373+0000] {dag.py:3954} INFO - Setting next_dagrun for etl_pipeline_final to 2026-01-29 00:00:00+00:00, run_after=2026-01-30 00:00:00+00:00
[2026-01-30T20:54:04.394+0000] {processor.py:183} INFO - Processing /opt/airflow/dags/etl.py took 0.368 seconds
[2026-01-30T20:54:17.797+0000] {processor.py:161} INFO - Started process (PID=1859) to work on /opt/airflow/dags/etl.py
[2026-01-30T20:54:17.798+0000] {processor.py:830} INFO - Processing file /opt/airflow/dags/etl.py for tasks to queue
[2026-01-30T20:54:17.800+0000] {logging_mixin.py:188} INFO - [2026-01-30T20:54:17.800+0000] {dagbag.py:545} INFO - Filling up the DagBag from /opt/airflow/dags/etl.py
[2026-01-30T20:54:18.102+0000] {processor.py:840} INFO - DAG(s) 'etl_pipeline_final' retrieved from /opt/airflow/dags/etl.py
[2026-01-30T20:54:18.141+0000] {logging_mixin.py:188} INFO - [2026-01-30T20:54:18.140+0000] {dag.py:3096} INFO - Sync 1 DAGs
[2026-01-30T20:54:18.180+0000] {logging_mixin.py:188} INFO - [2026-01-30T20:54:18.180+0000] {dag.py:3954} INFO - Setting next_dagrun for etl_pipeline_final to 2026-01-29 00:00:00+00:00, run_after=2026-01-30 00:00:00+00:00
[2026-01-30T20:54:18.209+0000] {processor.py:183} INFO - Processing /opt/airflow/dags/etl.py took 0.418 seconds
[2026-01-30T20:54:25.151+0000] {processor.py:161} INFO - Started process (PID=1865) to work on /opt/airflow/dags/etl.py
[2026-01-30T20:54:25.153+0000] {processor.py:830} INFO - Processing file /opt/airflow/dags/etl.py for tasks to queue
[2026-01-30T20:54:25.155+0000] {logging_mixin.py:188} INFO - [2026-01-30T20:54:25.155+0000] {dagbag.py:545} INFO - Filling up the DagBag from /opt/airflow/dags/etl.py
[2026-01-30T20:54:25.518+0000] {processor.py:840} INFO - DAG(s) 'etl_pipeline_final' retrieved from /opt/airflow/dags/etl.py
[2026-01-30T20:54:25.551+0000] {logging_mixin.py:188} INFO - [2026-01-30T20:54:25.550+0000] {dag.py:3096} INFO - Sync 1 DAGs
[2026-01-30T20:54:25.576+0000] {logging_mixin.py:188} INFO - [2026-01-30T20:54:25.576+0000] {dag.py:3954} INFO - Setting next_dagrun for etl_pipeline_final to 2026-01-29 00:00:00+00:00, run_after=2026-01-30 00:00:00+00:00
[2026-01-30T20:54:25.605+0000] {processor.py:183} INFO - Processing /opt/airflow/dags/etl.py took 0.460 seconds
[2026-01-30T20:54:55.853+0000] {processor.py:161} INFO - Started process (PID=1912) to work on /opt/airflow/dags/etl.py
[2026-01-30T20:54:55.855+0000] {processor.py:830} INFO - Processing file /opt/airflow/dags/etl.py for tasks to queue
[2026-01-30T20:54:55.857+0000] {logging_mixin.py:188} INFO - [2026-01-30T20:54:55.856+0000] {dagbag.py:545} INFO - Filling up the DagBag from /opt/airflow/dags/etl.py
[2026-01-30T20:54:56.106+0000] {processor.py:840} INFO - DAG(s) 'etl_pipeline_final' retrieved from /opt/airflow/dags/etl.py
[2026-01-30T20:54:56.130+0000] {logging_mixin.py:188} INFO - [2026-01-30T20:54:56.129+0000] {dag.py:3096} INFO - Sync 1 DAGs
[2026-01-30T20:54:56.151+0000] {logging_mixin.py:188} INFO - [2026-01-30T20:54:56.150+0000] {dag.py:3954} INFO - Setting next_dagrun for etl_pipeline_final to 2026-01-29 00:00:00+00:00, run_after=2026-01-30 00:00:00+00:00
[2026-01-30T20:54:56.171+0000] {processor.py:183} INFO - Processing /opt/airflow/dags/etl.py took 0.323 seconds
[2026-01-30T20:55:26.936+0000] {processor.py:161} INFO - Started process (PID=1959) to work on /opt/airflow/dags/etl.py
[2026-01-30T20:55:26.939+0000] {processor.py:830} INFO - Processing file /opt/airflow/dags/etl.py for tasks to queue
[2026-01-30T20:55:26.941+0000] {logging_mixin.py:188} INFO - [2026-01-30T20:55:26.940+0000] {dagbag.py:545} INFO - Filling up the DagBag from /opt/airflow/dags/etl.py
[2026-01-30T20:55:27.159+0000] {processor.py:840} INFO - DAG(s) 'etl_pipeline_final' retrieved from /opt/airflow/dags/etl.py
[2026-01-30T20:55:27.178+0000] {logging_mixin.py:188} INFO - [2026-01-30T20:55:27.177+0000] {dag.py:3096} INFO - Sync 1 DAGs
[2026-01-30T20:55:27.194+0000] {logging_mixin.py:188} INFO - [2026-01-30T20:55:27.193+0000] {dag.py:3954} INFO - Setting next_dagrun for etl_pipeline_final to 2026-01-29 00:00:00+00:00, run_after=2026-01-30 00:00:00+00:00
[2026-01-30T20:55:27.211+0000] {processor.py:183} INFO - Processing /opt/airflow/dags/etl.py took 0.279 seconds
[2026-01-30T20:55:57.787+0000] {processor.py:161} INFO - Started process (PID=2006) to work on /opt/airflow/dags/etl.py
[2026-01-30T20:55:57.789+0000] {processor.py:830} INFO - Processing file /opt/airflow/dags/etl.py for tasks to queue
[2026-01-30T20:55:57.791+0000] {logging_mixin.py:188} INFO - [2026-01-30T20:55:57.791+0000] {dagbag.py:545} INFO - Filling up the DagBag from /opt/airflow/dags/etl.py
[2026-01-30T20:55:58.043+0000] {processor.py:840} INFO - DAG(s) 'etl_pipeline_final' retrieved from /opt/airflow/dags/etl.py
[2026-01-30T20:55:58.067+0000] {logging_mixin.py:188} INFO - [2026-01-30T20:55:58.067+0000] {dag.py:3096} INFO - Sync 1 DAGs
[2026-01-30T20:55:58.087+0000] {logging_mixin.py:188} INFO - [2026-01-30T20:55:58.087+0000] {dag.py:3954} INFO - Setting next_dagrun for etl_pipeline_final to 2026-01-29 00:00:00+00:00, run_after=2026-01-30 00:00:00+00:00
[2026-01-30T20:55:58.208+0000] {processor.py:183} INFO - Processing /opt/airflow/dags/etl.py took 0.425 seconds
[2026-01-30T20:56:28.950+0000] {processor.py:161} INFO - Started process (PID=2053) to work on /opt/airflow/dags/etl.py
[2026-01-30T20:56:28.952+0000] {processor.py:830} INFO - Processing file /opt/airflow/dags/etl.py for tasks to queue
[2026-01-30T20:56:28.954+0000] {logging_mixin.py:188} INFO - [2026-01-30T20:56:28.954+0000] {dagbag.py:545} INFO - Filling up the DagBag from /opt/airflow/dags/etl.py
[2026-01-30T20:56:29.227+0000] {processor.py:840} INFO - DAG(s) 'etl_pipeline_final' retrieved from /opt/airflow/dags/etl.py
[2026-01-30T20:56:29.266+0000] {logging_mixin.py:188} INFO - [2026-01-30T20:56:29.266+0000] {dag.py:3096} INFO - Sync 1 DAGs
[2026-01-30T20:56:29.419+0000] {logging_mixin.py:188} INFO - [2026-01-30T20:56:29.419+0000] {dag.py:3954} INFO - Setting next_dagrun for etl_pipeline_final to 2026-01-29 00:00:00+00:00, run_after=2026-01-30 00:00:00+00:00
[2026-01-30T20:56:29.435+0000] {processor.py:183} INFO - Processing /opt/airflow/dags/etl.py took 0.492 seconds
[2026-01-30T20:56:59.506+0000] {processor.py:161} INFO - Started process (PID=2083) to work on /opt/airflow/dags/etl.py
[2026-01-30T20:56:59.510+0000] {processor.py:830} INFO - Processing file /opt/airflow/dags/etl.py for tasks to queue
[2026-01-30T20:56:59.511+0000] {logging_mixin.py:188} INFO - [2026-01-30T20:56:59.511+0000] {dagbag.py:545} INFO - Filling up the DagBag from /opt/airflow/dags/etl.py
[2026-01-30T20:56:59.813+0000] {processor.py:840} INFO - DAG(s) 'etl_pipeline_final' retrieved from /opt/airflow/dags/etl.py
[2026-01-30T20:56:59.848+0000] {logging_mixin.py:188} INFO - [2026-01-30T20:56:59.847+0000] {dag.py:3096} INFO - Sync 1 DAGs
[2026-01-30T20:56:59.872+0000] {logging_mixin.py:188} INFO - [2026-01-30T20:56:59.872+0000] {dag.py:3954} INFO - Setting next_dagrun for etl_pipeline_final to 2026-01-29 00:00:00+00:00, run_after=2026-01-30 00:00:00+00:00
[2026-01-30T20:56:59.899+0000] {processor.py:183} INFO - Processing /opt/airflow/dags/etl.py took 0.399 seconds
[2026-01-30T20:57:30.027+0000] {processor.py:161} INFO - Started process (PID=2126) to work on /opt/airflow/dags/etl.py
[2026-01-30T20:57:30.030+0000] {processor.py:830} INFO - Processing file /opt/airflow/dags/etl.py for tasks to queue
[2026-01-30T20:57:30.032+0000] {logging_mixin.py:188} INFO - [2026-01-30T20:57:30.032+0000] {dagbag.py:545} INFO - Filling up the DagBag from /opt/airflow/dags/etl.py
[2026-01-30T20:57:30.267+0000] {processor.py:840} INFO - DAG(s) 'etl_pipeline_final' retrieved from /opt/airflow/dags/etl.py
[2026-01-30T20:57:30.289+0000] {logging_mixin.py:188} INFO - [2026-01-30T20:57:30.288+0000] {dag.py:3096} INFO - Sync 1 DAGs
[2026-01-30T20:57:30.307+0000] {logging_mixin.py:188} INFO - [2026-01-30T20:57:30.306+0000] {dag.py:3954} INFO - Setting next_dagrun for etl_pipeline_final to 2026-01-29 00:00:00+00:00, run_after=2026-01-30 00:00:00+00:00
[2026-01-30T20:57:30.322+0000] {processor.py:183} INFO - Processing /opt/airflow/dags/etl.py took 0.299 seconds
[2026-01-30T20:58:00.601+0000] {processor.py:161} INFO - Started process (PID=2173) to work on /opt/airflow/dags/etl.py
[2026-01-30T20:58:00.603+0000] {processor.py:830} INFO - Processing file /opt/airflow/dags/etl.py for tasks to queue
[2026-01-30T20:58:00.605+0000] {logging_mixin.py:188} INFO - [2026-01-30T20:58:00.604+0000] {dagbag.py:545} INFO - Filling up the DagBag from /opt/airflow/dags/etl.py
[2026-01-30T20:58:00.784+0000] {processor.py:840} INFO - DAG(s) 'etl_pipeline_final' retrieved from /opt/airflow/dags/etl.py
[2026-01-30T20:58:00.802+0000] {logging_mixin.py:188} INFO - [2026-01-30T20:58:00.802+0000] {dag.py:3096} INFO - Sync 1 DAGs
[2026-01-30T20:58:00.815+0000] {logging_mixin.py:188} INFO - [2026-01-30T20:58:00.815+0000] {dag.py:3954} INFO - Setting next_dagrun for etl_pipeline_final to 2026-01-29 00:00:00+00:00, run_after=2026-01-30 00:00:00+00:00
[2026-01-30T20:58:00.828+0000] {processor.py:183} INFO - Processing /opt/airflow/dags/etl.py took 0.231 seconds
[2026-01-30T20:58:31.167+0000] {processor.py:161} INFO - Started process (PID=2216) to work on /opt/airflow/dags/etl.py
[2026-01-30T20:58:31.169+0000] {processor.py:830} INFO - Processing file /opt/airflow/dags/etl.py for tasks to queue
[2026-01-30T20:58:31.171+0000] {logging_mixin.py:188} INFO - [2026-01-30T20:58:31.171+0000] {dagbag.py:545} INFO - Filling up the DagBag from /opt/airflow/dags/etl.py
[2026-01-30T20:58:31.542+0000] {processor.py:840} INFO - DAG(s) 'etl_pipeline_final' retrieved from /opt/airflow/dags/etl.py
[2026-01-30T20:58:31.566+0000] {logging_mixin.py:188} INFO - [2026-01-30T20:58:31.566+0000] {dag.py:3096} INFO - Sync 1 DAGs
[2026-01-30T20:58:31.583+0000] {logging_mixin.py:188} INFO - [2026-01-30T20:58:31.583+0000] {dag.py:3954} INFO - Setting next_dagrun for etl_pipeline_final to 2026-01-29 00:00:00+00:00, run_after=2026-01-30 00:00:00+00:00
[2026-01-30T20:58:31.599+0000] {processor.py:183} INFO - Processing /opt/airflow/dags/etl.py took 0.437 seconds
[2026-01-30T20:59:01.819+0000] {processor.py:161} INFO - Started process (PID=2253) to work on /opt/airflow/dags/etl.py
[2026-01-30T20:59:01.821+0000] {processor.py:830} INFO - Processing file /opt/airflow/dags/etl.py for tasks to queue
[2026-01-30T20:59:01.823+0000] {logging_mixin.py:188} INFO - [2026-01-30T20:59:01.823+0000] {dagbag.py:545} INFO - Filling up the DagBag from /opt/airflow/dags/etl.py
[2026-01-30T20:59:01.998+0000] {processor.py:840} INFO - DAG(s) 'etl_pipeline_final' retrieved from /opt/airflow/dags/etl.py
[2026-01-30T20:59:02.016+0000] {logging_mixin.py:188} INFO - [2026-01-30T20:59:02.016+0000] {dag.py:3096} INFO - Sync 1 DAGs
[2026-01-30T20:59:02.030+0000] {logging_mixin.py:188} INFO - [2026-01-30T20:59:02.029+0000] {dag.py:3954} INFO - Setting next_dagrun for etl_pipeline_final to 2026-01-29 00:00:00+00:00, run_after=2026-01-30 00:00:00+00:00
[2026-01-30T20:59:02.123+0000] {processor.py:183} INFO - Processing /opt/airflow/dags/etl.py took 0.308 seconds
[2026-01-30T20:59:32.768+0000] {processor.py:161} INFO - Started process (PID=2300) to work on /opt/airflow/dags/etl.py
[2026-01-30T20:59:32.771+0000] {processor.py:830} INFO - Processing file /opt/airflow/dags/etl.py for tasks to queue
[2026-01-30T20:59:32.772+0000] {logging_mixin.py:188} INFO - [2026-01-30T20:59:32.772+0000] {dagbag.py:545} INFO - Filling up the DagBag from /opt/airflow/dags/etl.py
[2026-01-30T20:59:32.955+0000] {processor.py:840} INFO - DAG(s) 'etl_pipeline_final' retrieved from /opt/airflow/dags/etl.py
[2026-01-30T20:59:32.972+0000] {logging_mixin.py:188} INFO - [2026-01-30T20:59:32.972+0000] {dag.py:3096} INFO - Sync 1 DAGs
[2026-01-30T20:59:33.080+0000] {logging_mixin.py:188} INFO - [2026-01-30T20:59:33.080+0000] {dag.py:3954} INFO - Setting next_dagrun for etl_pipeline_final to 2026-01-29 00:00:00+00:00, run_after=2026-01-30 00:00:00+00:00
[2026-01-30T20:59:33.095+0000] {processor.py:183} INFO - Processing /opt/airflow/dags/etl.py took 0.332 seconds
[2026-01-30T21:00:05.648+0000] {processor.py:161} INFO - Started process (PID=2347) to work on /opt/airflow/dags/etl.py
[2026-01-30T21:00:05.650+0000] {processor.py:830} INFO - Processing file /opt/airflow/dags/etl.py for tasks to queue
[2026-01-30T21:00:05.651+0000] {logging_mixin.py:188} INFO - [2026-01-30T21:00:05.651+0000] {dagbag.py:545} INFO - Filling up the DagBag from /opt/airflow/dags/etl.py
[2026-01-30T21:00:05.825+0000] {processor.py:840} INFO - DAG(s) 'etl_pipeline_final' retrieved from /opt/airflow/dags/etl.py
[2026-01-30T21:00:05.845+0000] {logging_mixin.py:188} INFO - [2026-01-30T21:00:05.845+0000] {dag.py:3096} INFO - Sync 1 DAGs
[2026-01-30T21:00:05.859+0000] {logging_mixin.py:188} INFO - [2026-01-30T21:00:05.859+0000] {dag.py:3954} INFO - Setting next_dagrun for etl_pipeline_final to 2026-01-29 00:00:00+00:00, run_after=2026-01-30 00:00:00+00:00
[2026-01-30T21:00:05.871+0000] {processor.py:183} INFO - Processing /opt/airflow/dags/etl.py took 0.227 seconds
[2026-01-30T21:00:36.684+0000] {processor.py:161} INFO - Started process (PID=2394) to work on /opt/airflow/dags/etl.py
[2026-01-30T21:00:36.686+0000] {processor.py:830} INFO - Processing file /opt/airflow/dags/etl.py for tasks to queue
[2026-01-30T21:00:36.687+0000] {logging_mixin.py:188} INFO - [2026-01-30T21:00:36.686+0000] {dagbag.py:545} INFO - Filling up the DagBag from /opt/airflow/dags/etl.py
[2026-01-30T21:00:38.573+0000] {processor.py:840} INFO - DAG(s) 'etl_pipeline_final' retrieved from /opt/airflow/dags/etl.py
[2026-01-30T21:00:38.593+0000] {logging_mixin.py:188} INFO - [2026-01-30T21:00:38.592+0000] {dag.py:3096} INFO - Sync 1 DAGs
[2026-01-30T21:00:38.608+0000] {logging_mixin.py:188} INFO - [2026-01-30T21:00:38.608+0000] {dag.py:3954} INFO - Setting next_dagrun for etl_pipeline_final to 2026-01-29 00:00:00+00:00, run_after=2026-01-30 00:00:00+00:00
[2026-01-30T21:00:38.621+0000] {processor.py:183} INFO - Processing /opt/airflow/dags/etl.py took 0.227 seconds
[2026-01-30T21:01:12.008+0000] {processor.py:161} INFO - Started process (PID=2444) to work on /opt/airflow/dags/etl.py
[2026-01-30T21:01:12.011+0000] {processor.py:830} INFO - Processing file /opt/airflow/dags/etl.py for tasks to queue
[2026-01-30T21:01:12.020+0000] {logging_mixin.py:188} INFO - [2026-01-30T21:01:12.018+0000] {dagbag.py:545} INFO - Filling up the DagBag from /opt/airflow/dags/etl.py
[2026-01-30T21:01:13.113+0000] {processor.py:840} INFO - DAG(s) 'etl_pipeline_final' retrieved from /opt/airflow/dags/etl.py
[2026-01-30T21:01:13.230+0000] {logging_mixin.py:188} INFO - [2026-01-30T21:01:13.229+0000] {dag.py:3096} INFO - Sync 1 DAGs
[2026-01-30T21:01:13.320+0000] {logging_mixin.py:188} INFO - [2026-01-30T21:01:13.319+0000] {dag.py:3954} INFO - Setting next_dagrun for etl_pipeline_final to 2026-01-29 00:00:00+00:00, run_after=2026-01-30 00:00:00+00:00
[2026-01-30T21:01:13.394+0000] {processor.py:183} INFO - Processing /opt/airflow/dags/etl.py took 1.399 seconds
[2026-01-30T21:01:44.409+0000] {processor.py:161} INFO - Started process (PID=2489) to work on /opt/airflow/dags/etl.py
[2026-01-30T21:01:44.411+0000] {processor.py:830} INFO - Processing file /opt/airflow/dags/etl.py for tasks to queue
[2026-01-30T21:01:44.413+0000] {logging_mixin.py:188} INFO - [2026-01-30T21:01:44.412+0000] {dagbag.py:545} INFO - Filling up the DagBag from /opt/airflow/dags/etl.py
[2026-01-30T21:01:44.586+0000] {processor.py:840} INFO - DAG(s) 'etl_pipeline_final' retrieved from /opt/airflow/dags/etl.py
[2026-01-30T21:01:44.604+0000] {logging_mixin.py:188} INFO - [2026-01-30T21:01:44.604+0000] {dag.py:3096} INFO - Sync 1 DAGs
[2026-01-30T21:01:44.617+0000] {logging_mixin.py:188} INFO - [2026-01-30T21:01:44.617+0000] {dag.py:3954} INFO - Setting next_dagrun for etl_pipeline_final to 2026-01-29 00:00:00+00:00, run_after=2026-01-30 00:00:00+00:00
[2026-01-30T21:01:44.632+0000] {processor.py:183} INFO - Processing /opt/airflow/dags/etl.py took 0.227 seconds
[2026-01-30T21:02:17.146+0000] {processor.py:161} INFO - Started process (PID=2536) to work on /opt/airflow/dags/etl.py
[2026-01-30T21:02:17.147+0000] {processor.py:830} INFO - Processing file /opt/airflow/dags/etl.py for tasks to queue
[2026-01-30T21:02:17.149+0000] {logging_mixin.py:188} INFO - [2026-01-30T21:02:17.148+0000] {dagbag.py:545} INFO - Filling up the DagBag from /opt/airflow/dags/etl.py
[2026-01-30T21:02:17.350+0000] {processor.py:840} INFO - DAG(s) 'etl_pipeline_final' retrieved from /opt/airflow/dags/etl.py
[2026-01-30T21:02:17.370+0000] {logging_mixin.py:188} INFO - [2026-01-30T21:02:17.370+0000] {dag.py:3096} INFO - Sync 1 DAGs
[2026-01-30T21:02:17.385+0000] {logging_mixin.py:188} INFO - [2026-01-30T21:02:17.385+0000] {dag.py:3954} INFO - Setting next_dagrun for etl_pipeline_final to 2026-01-29 00:00:00+00:00, run_after=2026-01-30 00:00:00+00:00
[2026-01-30T21:02:17.484+0000] {processor.py:183} INFO - Processing /opt/airflow/dags/etl.py took 0.342 seconds
[2026-01-30T21:02:50.363+0000] {processor.py:161} INFO - Started process (PID=2583) to work on /opt/airflow/dags/etl.py
[2026-01-30T21:02:50.365+0000] {processor.py:830} INFO - Processing file /opt/airflow/dags/etl.py for tasks to queue
[2026-01-30T21:02:50.367+0000] {logging_mixin.py:188} INFO - [2026-01-30T21:02:50.366+0000] {dagbag.py:545} INFO - Filling up the DagBag from /opt/airflow/dags/etl.py
[2026-01-30T21:02:50.541+0000] {processor.py:840} INFO - DAG(s) 'etl_pipeline_final' retrieved from /opt/airflow/dags/etl.py
[2026-01-30T21:02:50.561+0000] {logging_mixin.py:188} INFO - [2026-01-30T21:02:50.560+0000] {dag.py:3096} INFO - Sync 1 DAGs
[2026-01-30T21:02:50.658+0000] {logging_mixin.py:188} INFO - [2026-01-30T21:02:50.658+0000] {dag.py:3954} INFO - Setting next_dagrun for etl_pipeline_final to 2026-01-29 00:00:00+00:00, run_after=2026-01-30 00:00:00+00:00
[2026-01-30T21:02:50.669+0000] {processor.py:183} INFO - Processing /opt/airflow/dags/etl.py took 0.310 seconds
[2026-01-30T21:03:22.986+0000] {processor.py:161} INFO - Started process (PID=2630) to work on /opt/airflow/dags/etl.py
[2026-01-30T21:03:22.988+0000] {processor.py:830} INFO - Processing file /opt/airflow/dags/etl.py for tasks to queue
[2026-01-30T21:03:22.989+0000] {logging_mixin.py:188} INFO - [2026-01-30T21:03:22.989+0000] {dagbag.py:545} INFO - Filling up the DagBag from /opt/airflow/dags/etl.py
[2026-01-30T21:03:23.188+0000] {processor.py:840} INFO - DAG(s) 'etl_pipeline_final' retrieved from /opt/airflow/dags/etl.py
[2026-01-30T21:03:23.323+0000] {logging_mixin.py:188} INFO - [2026-01-30T21:03:23.212+0000] {dag.py:3096} INFO - Sync 1 DAGs
[2026-01-30T21:03:23.337+0000] {logging_mixin.py:188} INFO - [2026-01-30T21:03:23.337+0000] {dag.py:3954} INFO - Setting next_dagrun for etl_pipeline_final to 2026-01-29 00:00:00+00:00, run_after=2026-01-30 00:00:00+00:00
[2026-01-30T21:03:23.355+0000] {processor.py:183} INFO - Processing /opt/airflow/dags/etl.py took 0.372 seconds
[2026-01-30T21:03:53.921+0000] {processor.py:161} INFO - Started process (PID=2678) to work on /opt/airflow/dags/etl.py
[2026-01-30T21:03:53.924+0000] {processor.py:830} INFO - Processing file /opt/airflow/dags/etl.py for tasks to queue
[2026-01-30T21:03:53.925+0000] {logging_mixin.py:188} INFO - [2026-01-30T21:03:53.925+0000] {dagbag.py:545} INFO - Filling up the DagBag from /opt/airflow/dags/etl.py
[2026-01-30T21:03:55.834+0000] {processor.py:840} INFO - DAG(s) 'etl_pipeline_final' retrieved from /opt/airflow/dags/etl.py
[2026-01-30T21:03:55.855+0000] {logging_mixin.py:188} INFO - [2026-01-30T21:03:55.854+0000] {dag.py:3096} INFO - Sync 1 DAGs
[2026-01-30T21:03:55.870+0000] {logging_mixin.py:188} INFO - [2026-01-30T21:03:55.870+0000] {dag.py:3954} INFO - Setting next_dagrun for etl_pipeline_final to 2026-01-29 00:00:00+00:00, run_after=2026-01-30 00:00:00+00:00
[2026-01-30T21:03:55.886+0000] {processor.py:183} INFO - Processing /opt/airflow/dags/etl.py took 0.248 seconds
[2026-01-30T21:04:28.908+0000] {processor.py:161} INFO - Started process (PID=2728) to work on /opt/airflow/dags/etl.py
[2026-01-30T21:04:28.909+0000] {processor.py:830} INFO - Processing file /opt/airflow/dags/etl.py for tasks to queue
[2026-01-30T21:04:28.910+0000] {logging_mixin.py:188} INFO - [2026-01-30T21:04:28.910+0000] {dagbag.py:545} INFO - Filling up the DagBag from /opt/airflow/dags/etl.py
[2026-01-30T21:04:29.092+0000] {processor.py:840} INFO - DAG(s) 'etl_pipeline_final' retrieved from /opt/airflow/dags/etl.py
[2026-01-30T21:04:29.111+0000] {logging_mixin.py:188} INFO - [2026-01-30T21:04:29.111+0000] {dag.py:3096} INFO - Sync 1 DAGs
[2026-01-30T21:04:29.125+0000] {logging_mixin.py:188} INFO - [2026-01-30T21:04:29.125+0000] {dag.py:3954} INFO - Setting next_dagrun for etl_pipeline_final to 2026-01-29 00:00:00+00:00, run_after=2026-01-30 00:00:00+00:00
[2026-01-30T21:04:29.140+0000] {processor.py:183} INFO - Processing /opt/airflow/dags/etl.py took 0.236 seconds
[2026-01-30T21:04:59.841+0000] {processor.py:161} INFO - Started process (PID=2773) to work on /opt/airflow/dags/etl.py
[2026-01-30T21:04:59.843+0000] {processor.py:830} INFO - Processing file /opt/airflow/dags/etl.py for tasks to queue
[2026-01-30T21:04:59.845+0000] {logging_mixin.py:188} INFO - [2026-01-30T21:04:59.844+0000] {dagbag.py:545} INFO - Filling up the DagBag from /opt/airflow/dags/etl.py
[2026-01-30T21:05:01.813+0000] {processor.py:840} INFO - DAG(s) 'etl_pipeline_final' retrieved from /opt/airflow/dags/etl.py
[2026-01-30T21:05:01.846+0000] {logging_mixin.py:188} INFO - [2026-01-30T21:05:01.845+0000] {dag.py:3096} INFO - Sync 1 DAGs
[2026-01-30T21:05:01.872+0000] {logging_mixin.py:188} INFO - [2026-01-30T21:05:01.872+0000] {dag.py:3954} INFO - Setting next_dagrun for etl_pipeline_final to 2026-01-29 00:00:00+00:00, run_after=2026-01-30 00:00:00+00:00
[2026-01-30T21:05:01.898+0000] {processor.py:183} INFO - Processing /opt/airflow/dags/etl.py took 0.340 seconds
[2026-01-30T21:05:34.940+0000] {processor.py:161} INFO - Started process (PID=2823) to work on /opt/airflow/dags/etl.py
[2026-01-30T21:05:34.940+0000] {processor.py:830} INFO - Processing file /opt/airflow/dags/etl.py for tasks to queue
[2026-01-30T21:05:34.941+0000] {logging_mixin.py:188} INFO - [2026-01-30T21:05:34.941+0000] {dagbag.py:545} INFO - Filling up the DagBag from /opt/airflow/dags/etl.py
[2026-01-30T21:05:35.116+0000] {processor.py:840} INFO - DAG(s) 'etl_pipeline_final' retrieved from /opt/airflow/dags/etl.py
[2026-01-30T21:05:35.135+0000] {logging_mixin.py:188} INFO - [2026-01-30T21:05:35.134+0000] {dag.py:3096} INFO - Sync 1 DAGs
[2026-01-30T21:05:35.254+0000] {logging_mixin.py:188} INFO - [2026-01-30T21:05:35.253+0000] {dag.py:3954} INFO - Setting next_dagrun for etl_pipeline_final to 2026-01-29 00:00:00+00:00, run_after=2026-01-30 00:00:00+00:00
[2026-01-30T21:05:35.270+0000] {processor.py:183} INFO - Processing /opt/airflow/dags/etl.py took 0.335 seconds
[2026-01-30T21:06:07.539+0000] {processor.py:161} INFO - Started process (PID=2870) to work on /opt/airflow/dags/etl.py
[2026-01-30T21:06:07.540+0000] {processor.py:830} INFO - Processing file /opt/airflow/dags/etl.py for tasks to queue
[2026-01-30T21:06:07.542+0000] {logging_mixin.py:188} INFO - [2026-01-30T21:06:07.542+0000] {dagbag.py:545} INFO - Filling up the DagBag from /opt/airflow/dags/etl.py
[2026-01-30T21:06:07.768+0000] {processor.py:840} INFO - DAG(s) 'etl_pipeline_final' retrieved from /opt/airflow/dags/etl.py
[2026-01-30T21:06:07.790+0000] {logging_mixin.py:188} INFO - [2026-01-30T21:06:07.789+0000] {dag.py:3096} INFO - Sync 1 DAGs
[2026-01-30T21:06:07.901+0000] {logging_mixin.py:188} INFO - [2026-01-30T21:06:07.901+0000] {dag.py:3954} INFO - Setting next_dagrun for etl_pipeline_final to 2026-01-29 00:00:00+00:00, run_after=2026-01-30 00:00:00+00:00
[2026-01-30T21:06:07.918+0000] {processor.py:183} INFO - Processing /opt/airflow/dags/etl.py took 0.386 seconds
[2026-01-30T21:06:40.274+0000] {processor.py:161} INFO - Started process (PID=2917) to work on /opt/airflow/dags/etl.py
[2026-01-30T21:06:40.274+0000] {processor.py:830} INFO - Processing file /opt/airflow/dags/etl.py for tasks to queue
[2026-01-30T21:06:40.276+0000] {logging_mixin.py:188} INFO - [2026-01-30T21:06:40.275+0000] {dagbag.py:545} INFO - Filling up the DagBag from /opt/airflow/dags/etl.py
[2026-01-30T21:06:40.451+0000] {processor.py:840} INFO - DAG(s) 'etl_pipeline_final' retrieved from /opt/airflow/dags/etl.py
[2026-01-30T21:06:40.472+0000] {logging_mixin.py:188} INFO - [2026-01-30T21:06:40.471+0000] {dag.py:3096} INFO - Sync 1 DAGs
[2026-01-30T21:06:40.488+0000] {logging_mixin.py:188} INFO - [2026-01-30T21:06:40.488+0000] {dag.py:3954} INFO - Setting next_dagrun for etl_pipeline_final to 2026-01-29 00:00:00+00:00, run_after=2026-01-30 00:00:00+00:00
[2026-01-30T21:06:40.505+0000] {processor.py:183} INFO - Processing /opt/airflow/dags/etl.py took 0.235 seconds
[2026-01-30T21:07:13.247+0000] {processor.py:161} INFO - Started process (PID=2964) to work on /opt/airflow/dags/etl.py
[2026-01-30T21:07:13.248+0000] {processor.py:830} INFO - Processing file /opt/airflow/dags/etl.py for tasks to queue
[2026-01-30T21:07:13.250+0000] {logging_mixin.py:188} INFO - [2026-01-30T21:07:13.249+0000] {dagbag.py:545} INFO - Filling up the DagBag from /opt/airflow/dags/etl.py
[2026-01-30T21:07:13.437+0000] {processor.py:840} INFO - DAG(s) 'etl_pipeline_final' retrieved from /opt/airflow/dags/etl.py
[2026-01-30T21:07:13.458+0000] {logging_mixin.py:188} INFO - [2026-01-30T21:07:13.457+0000] {dag.py:3096} INFO - Sync 1 DAGs
[2026-01-30T21:07:13.474+0000] {logging_mixin.py:188} INFO - [2026-01-30T21:07:13.474+0000] {dag.py:3954} INFO - Setting next_dagrun for etl_pipeline_final to 2026-01-29 00:00:00+00:00, run_after=2026-01-30 00:00:00+00:00
[2026-01-30T21:07:13.489+0000] {processor.py:183} INFO - Processing /opt/airflow/dags/etl.py took 0.246 seconds
[2026-01-30T21:07:44.262+0000] {processor.py:161} INFO - Started process (PID=3008) to work on /opt/airflow/dags/etl.py
[2026-01-30T21:07:44.262+0000] {processor.py:830} INFO - Processing file /opt/airflow/dags/etl.py for tasks to queue
[2026-01-30T21:07:44.264+0000] {logging_mixin.py:188} INFO - [2026-01-30T21:07:44.263+0000] {dagbag.py:545} INFO - Filling up the DagBag from /opt/airflow/dags/etl.py
[2026-01-30T21:07:46.160+0000] {processor.py:840} INFO - DAG(s) 'etl_pipeline_final' retrieved from /opt/airflow/dags/etl.py
[2026-01-30T21:07:46.179+0000] {logging_mixin.py:188} INFO - [2026-01-30T21:07:46.179+0000] {dag.py:3096} INFO - Sync 1 DAGs
[2026-01-30T21:07:46.193+0000] {logging_mixin.py:188} INFO - [2026-01-30T21:07:46.193+0000] {dag.py:3954} INFO - Setting next_dagrun for etl_pipeline_final to 2026-01-29 00:00:00+00:00, run_after=2026-01-30 00:00:00+00:00
[2026-01-30T21:07:46.210+0000] {processor.py:183} INFO - Processing /opt/airflow/dags/etl.py took 0.231 seconds
[2026-01-30T21:08:19.090+0000] {processor.py:161} INFO - Started process (PID=3058) to work on /opt/airflow/dags/etl.py
[2026-01-30T21:08:19.091+0000] {processor.py:830} INFO - Processing file /opt/airflow/dags/etl.py for tasks to queue
[2026-01-30T21:08:19.092+0000] {logging_mixin.py:188} INFO - [2026-01-30T21:08:19.092+0000] {dagbag.py:545} INFO - Filling up the DagBag from /opt/airflow/dags/etl.py
[2026-01-30T21:08:19.283+0000] {processor.py:840} INFO - DAG(s) 'etl_pipeline_final' retrieved from /opt/airflow/dags/etl.py
[2026-01-30T21:08:19.304+0000] {logging_mixin.py:188} INFO - [2026-01-30T21:08:19.304+0000] {dag.py:3096} INFO - Sync 1 DAGs
[2026-01-30T21:08:19.320+0000] {logging_mixin.py:188} INFO - [2026-01-30T21:08:19.319+0000] {dag.py:3954} INFO - Setting next_dagrun for etl_pipeline_final to 2026-01-29 00:00:00+00:00, run_after=2026-01-30 00:00:00+00:00
[2026-01-30T21:08:19.446+0000] {processor.py:183} INFO - Processing /opt/airflow/dags/etl.py took 0.360 seconds
[2026-01-30T21:08:51.799+0000] {processor.py:161} INFO - Started process (PID=3102) to work on /opt/airflow/dags/etl.py
[2026-01-30T21:08:51.799+0000] {processor.py:830} INFO - Processing file /opt/airflow/dags/etl.py for tasks to queue
[2026-01-30T21:08:51.801+0000] {logging_mixin.py:188} INFO - [2026-01-30T21:08:51.800+0000] {dagbag.py:545} INFO - Filling up the DagBag from /opt/airflow/dags/etl.py
[2026-01-30T21:08:51.995+0000] {processor.py:840} INFO - DAG(s) 'etl_pipeline_final' retrieved from /opt/airflow/dags/etl.py
[2026-01-30T21:08:52.021+0000] {logging_mixin.py:188} INFO - [2026-01-30T21:08:52.021+0000] {dag.py:3096} INFO - Sync 1 DAGs
[2026-01-30T21:08:52.177+0000] {logging_mixin.py:188} INFO - [2026-01-30T21:08:52.177+0000] {dag.py:3954} INFO - Setting next_dagrun for etl_pipeline_final to 2026-01-29 00:00:00+00:00, run_after=2026-01-30 00:00:00+00:00
[2026-01-30T21:08:52.196+0000] {processor.py:183} INFO - Processing /opt/airflow/dags/etl.py took 0.401 seconds
[2026-01-30T21:09:26.585+0000] {processor.py:161} INFO - Started process (PID=3159) to work on /opt/airflow/dags/etl.py
[2026-01-30T21:09:26.588+0000] {processor.py:830} INFO - Processing file /opt/airflow/dags/etl.py for tasks to queue
[2026-01-30T21:09:26.591+0000] {logging_mixin.py:188} INFO - [2026-01-30T21:09:26.590+0000] {dagbag.py:545} INFO - Filling up the DagBag from /opt/airflow/dags/etl.py
[2026-01-30T21:09:26.823+0000] {processor.py:840} INFO - DAG(s) 'etl_pipeline_final' retrieved from /opt/airflow/dags/etl.py
[2026-01-30T21:09:26.851+0000] {logging_mixin.py:188} INFO - [2026-01-30T21:09:26.849+0000] {dag.py:3096} INFO - Sync 1 DAGs
[2026-01-30T21:09:26.965+0000] {logging_mixin.py:188} INFO - [2026-01-30T21:09:26.965+0000] {dag.py:3954} INFO - Setting next_dagrun for etl_pipeline_final to 2026-01-29 00:00:00+00:00, run_after=2026-01-30 00:00:00+00:00
[2026-01-30T21:09:26.980+0000] {processor.py:183} INFO - Processing /opt/airflow/dags/etl.py took 0.400 seconds
[2026-01-30T21:09:59.960+0000] {processor.py:161} INFO - Started process (PID=3206) to work on /opt/airflow/dags/etl.py
[2026-01-30T21:09:59.961+0000] {processor.py:830} INFO - Processing file /opt/airflow/dags/etl.py for tasks to queue
[2026-01-30T21:09:59.964+0000] {logging_mixin.py:188} INFO - [2026-01-30T21:09:59.963+0000] {dagbag.py:545} INFO - Filling up the DagBag from /opt/airflow/dags/etl.py
[2026-01-30T21:10:00.265+0000] {processor.py:840} INFO - DAG(s) 'etl_pipeline_final' retrieved from /opt/airflow/dags/etl.py
[2026-01-30T21:10:00.292+0000] {logging_mixin.py:188} INFO - [2026-01-30T21:10:00.292+0000] {dag.py:3096} INFO - Sync 1 DAGs
[2026-01-30T21:10:00.311+0000] {logging_mixin.py:188} INFO - [2026-01-30T21:10:00.311+0000] {dag.py:3954} INFO - Setting next_dagrun for etl_pipeline_final to 2026-01-29 00:00:00+00:00, run_after=2026-01-30 00:00:00+00:00
[2026-01-30T21:10:00.331+0000] {processor.py:183} INFO - Processing /opt/airflow/dags/etl.py took 0.379 seconds
[2026-01-30T21:10:33.587+0000] {processor.py:161} INFO - Started process (PID=3253) to work on /opt/airflow/dags/etl.py
[2026-01-30T21:10:33.590+0000] {processor.py:830} INFO - Processing file /opt/airflow/dags/etl.py for tasks to queue
[2026-01-30T21:10:33.593+0000] {logging_mixin.py:188} INFO - [2026-01-30T21:10:33.593+0000] {dagbag.py:545} INFO - Filling up the DagBag from /opt/airflow/dags/etl.py
[2026-01-30T21:10:33.896+0000] {processor.py:840} INFO - DAG(s) 'etl_pipeline_final' retrieved from /opt/airflow/dags/etl.py
[2026-01-30T21:10:33.924+0000] {logging_mixin.py:188} INFO - [2026-01-30T21:10:33.924+0000] {dag.py:3096} INFO - Sync 1 DAGs
[2026-01-30T21:10:33.945+0000] {logging_mixin.py:188} INFO - [2026-01-30T21:10:33.945+0000] {dag.py:3954} INFO - Setting next_dagrun for etl_pipeline_final to 2026-01-29 00:00:00+00:00, run_after=2026-01-30 00:00:00+00:00
[2026-01-30T21:10:33.967+0000] {processor.py:183} INFO - Processing /opt/airflow/dags/etl.py took 0.392 seconds
[2026-01-30T21:11:04.117+0000] {processor.py:161} INFO - Started process (PID=3293) to work on /opt/airflow/dags/etl.py
[2026-01-30T21:11:04.118+0000] {processor.py:830} INFO - Processing file /opt/airflow/dags/etl.py for tasks to queue
[2026-01-30T21:11:04.121+0000] {logging_mixin.py:188} INFO - [2026-01-30T21:11:04.120+0000] {dagbag.py:545} INFO - Filling up the DagBag from /opt/airflow/dags/etl.py
[2026-01-30T21:11:04.378+0000] {processor.py:840} INFO - DAG(s) 'etl_pipeline_final' retrieved from /opt/airflow/dags/etl.py
[2026-01-30T21:11:04.406+0000] {logging_mixin.py:188} INFO - [2026-01-30T21:11:04.406+0000] {dag.py:3096} INFO - Sync 1 DAGs
[2026-01-30T21:11:04.428+0000] {logging_mixin.py:188} INFO - [2026-01-30T21:11:04.428+0000] {dag.py:3954} INFO - Setting next_dagrun for etl_pipeline_final to 2026-01-29 00:00:00+00:00, run_after=2026-01-30 00:00:00+00:00
[2026-01-30T21:11:04.450+0000] {processor.py:183} INFO - Processing /opt/airflow/dags/etl.py took 0.337 seconds
[2026-01-30T21:11:34.524+0000] {processor.py:161} INFO - Started process (PID=3337) to work on /opt/airflow/dags/etl.py
[2026-01-30T21:11:34.527+0000] {processor.py:830} INFO - Processing file /opt/airflow/dags/etl.py for tasks to queue
[2026-01-30T21:11:34.528+0000] {logging_mixin.py:188} INFO - [2026-01-30T21:11:34.528+0000] {dagbag.py:545} INFO - Filling up the DagBag from /opt/airflow/dags/etl.py
[2026-01-30T21:11:36.480+0000] {processor.py:840} INFO - DAG(s) 'etl_pipeline_final' retrieved from /opt/airflow/dags/etl.py
[2026-01-30T21:11:36.501+0000] {logging_mixin.py:188} INFO - [2026-01-30T21:11:36.501+0000] {dag.py:3096} INFO - Sync 1 DAGs
[2026-01-30T21:11:36.518+0000] {logging_mixin.py:188} INFO - [2026-01-30T21:11:36.518+0000] {dag.py:3954} INFO - Setting next_dagrun for etl_pipeline_final to 2026-01-29 00:00:00+00:00, run_after=2026-01-30 00:00:00+00:00
[2026-01-30T21:11:36.642+0000] {processor.py:183} INFO - Processing /opt/airflow/dags/etl.py took 0.396 seconds
[2026-01-30T21:12:07.315+0000] {processor.py:161} INFO - Started process (PID=3384) to work on /opt/airflow/dags/etl.py
[2026-01-30T21:12:07.316+0000] {processor.py:830} INFO - Processing file /opt/airflow/dags/etl.py for tasks to queue
[2026-01-30T21:12:07.318+0000] {logging_mixin.py:188} INFO - [2026-01-30T21:12:07.318+0000] {dagbag.py:545} INFO - Filling up the DagBag from /opt/airflow/dags/etl.py
[2026-01-30T21:12:09.438+0000] {processor.py:840} INFO - DAG(s) 'etl_pipeline_final' retrieved from /opt/airflow/dags/etl.py
[2026-01-30T21:12:09.474+0000] {logging_mixin.py:188} INFO - [2026-01-30T21:12:09.474+0000] {dag.py:3096} INFO - Sync 1 DAGs
[2026-01-30T21:12:09.655+0000] {logging_mixin.py:188} INFO - [2026-01-30T21:12:09.655+0000] {dag.py:3954} INFO - Setting next_dagrun for etl_pipeline_final to 2026-01-29 00:00:00+00:00, run_after=2026-01-30 00:00:00+00:00
[2026-01-30T21:12:09.680+0000] {processor.py:183} INFO - Processing /opt/airflow/dags/etl.py took 0.645 seconds
[2026-01-30T21:12:42.284+0000] {processor.py:161} INFO - Started process (PID=3430) to work on /opt/airflow/dags/etl.py
[2026-01-30T21:12:42.287+0000] {processor.py:830} INFO - Processing file /opt/airflow/dags/etl.py for tasks to queue
[2026-01-30T21:12:42.289+0000] {logging_mixin.py:188} INFO - [2026-01-30T21:12:42.289+0000] {dagbag.py:545} INFO - Filling up the DagBag from /opt/airflow/dags/etl.py
[2026-01-30T21:12:42.596+0000] {processor.py:840} INFO - DAG(s) 'etl_pipeline_final' retrieved from /opt/airflow/dags/etl.py
[2026-01-30T21:12:42.755+0000] {logging_mixin.py:188} INFO - [2026-01-30T21:12:42.624+0000] {dag.py:3096} INFO - Sync 1 DAGs
[2026-01-30T21:12:42.770+0000] {logging_mixin.py:188} INFO - [2026-01-30T21:12:42.770+0000] {dag.py:3954} INFO - Setting next_dagrun for etl_pipeline_final to 2026-01-29 00:00:00+00:00, run_after=2026-01-30 00:00:00+00:00
[2026-01-30T21:12:42.789+0000] {processor.py:183} INFO - Processing /opt/airflow/dags/etl.py took 0.511 seconds
[2026-01-30T21:13:15.030+0000] {processor.py:161} INFO - Started process (PID=3477) to work on /opt/airflow/dags/etl.py
[2026-01-30T21:13:15.032+0000] {processor.py:830} INFO - Processing file /opt/airflow/dags/etl.py for tasks to queue
[2026-01-30T21:13:15.035+0000] {logging_mixin.py:188} INFO - [2026-01-30T21:13:15.035+0000] {dagbag.py:545} INFO - Filling up the DagBag from /opt/airflow/dags/etl.py
[2026-01-30T21:13:15.372+0000] {processor.py:840} INFO - DAG(s) 'etl_pipeline_final' retrieved from /opt/airflow/dags/etl.py
[2026-01-30T21:13:15.408+0000] {logging_mixin.py:188} INFO - [2026-01-30T21:13:15.407+0000] {dag.py:3096} INFO - Sync 1 DAGs
[2026-01-30T21:13:15.437+0000] {logging_mixin.py:188} INFO - [2026-01-30T21:13:15.437+0000] {dag.py:3954} INFO - Setting next_dagrun for etl_pipeline_final to 2026-01-29 00:00:00+00:00, run_after=2026-01-30 00:00:00+00:00
[2026-01-30T21:13:15.463+0000] {processor.py:183} INFO - Processing /opt/airflow/dags/etl.py took 0.440 seconds
[2026-01-30T21:13:47.963+0000] {processor.py:161} INFO - Started process (PID=3524) to work on /opt/airflow/dags/etl.py
[2026-01-30T21:13:47.964+0000] {processor.py:830} INFO - Processing file /opt/airflow/dags/etl.py for tasks to queue
[2026-01-30T21:13:47.965+0000] {logging_mixin.py:188} INFO - [2026-01-30T21:13:47.965+0000] {dagbag.py:545} INFO - Filling up the DagBag from /opt/airflow/dags/etl.py
[2026-01-30T21:13:48.132+0000] {processor.py:840} INFO - DAG(s) 'etl_pipeline_final' retrieved from /opt/airflow/dags/etl.py
[2026-01-30T21:13:48.148+0000] {logging_mixin.py:188} INFO - [2026-01-30T21:13:48.148+0000] {dag.py:3096} INFO - Sync 1 DAGs
[2026-01-30T21:13:48.160+0000] {logging_mixin.py:188} INFO - [2026-01-30T21:13:48.160+0000] {dag.py:3954} INFO - Setting next_dagrun for etl_pipeline_final to 2026-01-29 00:00:00+00:00, run_after=2026-01-30 00:00:00+00:00
[2026-01-30T21:13:48.178+0000] {processor.py:183} INFO - Processing /opt/airflow/dags/etl.py took 0.219 seconds
[2026-01-30T21:14:21.490+0000] {processor.py:161} INFO - Started process (PID=3574) to work on /opt/airflow/dags/etl.py
[2026-01-30T21:14:21.491+0000] {processor.py:830} INFO - Processing file /opt/airflow/dags/etl.py for tasks to queue
[2026-01-30T21:14:21.492+0000] {logging_mixin.py:188} INFO - [2026-01-30T21:14:21.492+0000] {dagbag.py:545} INFO - Filling up the DagBag from /opt/airflow/dags/etl.py
[2026-01-30T21:14:21.708+0000] {processor.py:840} INFO - DAG(s) 'etl_pipeline_final' retrieved from /opt/airflow/dags/etl.py
[2026-01-30T21:14:21.730+0000] {logging_mixin.py:188} INFO - [2026-01-30T21:14:21.730+0000] {dag.py:3096} INFO - Sync 1 DAGs
[2026-01-30T21:14:21.745+0000] {logging_mixin.py:188} INFO - [2026-01-30T21:14:21.745+0000] {dag.py:3954} INFO - Setting next_dagrun for etl_pipeline_final to 2026-01-29 00:00:00+00:00, run_after=2026-01-30 00:00:00+00:00
[2026-01-30T21:14:21.862+0000] {processor.py:183} INFO - Processing /opt/airflow/dags/etl.py took 0.376 seconds
[2026-01-30T21:14:53.944+0000] {processor.py:161} INFO - Started process (PID=3621) to work on /opt/airflow/dags/etl.py
[2026-01-30T21:14:53.945+0000] {processor.py:830} INFO - Processing file /opt/airflow/dags/etl.py for tasks to queue
[2026-01-30T21:14:53.947+0000] {logging_mixin.py:188} INFO - [2026-01-30T21:14:53.946+0000] {dagbag.py:545} INFO - Filling up the DagBag from /opt/airflow/dags/etl.py
[2026-01-30T21:14:54.140+0000] {processor.py:840} INFO - DAG(s) 'etl_pipeline_final' retrieved from /opt/airflow/dags/etl.py
[2026-01-30T21:14:54.159+0000] {logging_mixin.py:188} INFO - [2026-01-30T21:14:54.159+0000] {dag.py:3096} INFO - Sync 1 DAGs
[2026-01-30T21:14:54.273+0000] {logging_mixin.py:188} INFO - [2026-01-30T21:14:54.273+0000] {dag.py:3954} INFO - Setting next_dagrun for etl_pipeline_final to 2026-01-29 00:00:00+00:00, run_after=2026-01-30 00:00:00+00:00
[2026-01-30T21:14:54.287+0000] {processor.py:183} INFO - Processing /opt/airflow/dags/etl.py took 0.347 seconds
[2026-01-30T21:15:26.849+0000] {processor.py:161} INFO - Started process (PID=3668) to work on /opt/airflow/dags/etl.py
[2026-01-30T21:15:26.849+0000] {processor.py:830} INFO - Processing file /opt/airflow/dags/etl.py for tasks to queue
[2026-01-30T21:15:26.851+0000] {logging_mixin.py:188} INFO - [2026-01-30T21:15:26.850+0000] {dagbag.py:545} INFO - Filling up the DagBag from /opt/airflow/dags/etl.py
[2026-01-30T21:15:27.043+0000] {processor.py:840} INFO - DAG(s) 'etl_pipeline_final' retrieved from /opt/airflow/dags/etl.py
[2026-01-30T21:15:27.066+0000] {logging_mixin.py:188} INFO - [2026-01-30T21:15:27.064+0000] {dag.py:3096} INFO - Sync 1 DAGs
[2026-01-30T21:15:27.176+0000] {logging_mixin.py:188} INFO - [2026-01-30T21:15:27.175+0000] {dag.py:3954} INFO - Setting next_dagrun for etl_pipeline_final to 2026-01-29 00:00:00+00:00, run_after=2026-01-30 00:00:00+00:00
[2026-01-30T21:15:27.193+0000] {processor.py:183} INFO - Processing /opt/airflow/dags/etl.py took 0.348 seconds
[2026-01-30T21:15:59.574+0000] {processor.py:161} INFO - Started process (PID=3715) to work on /opt/airflow/dags/etl.py
[2026-01-30T21:15:59.574+0000] {processor.py:830} INFO - Processing file /opt/airflow/dags/etl.py for tasks to queue
[2026-01-30T21:15:59.576+0000] {logging_mixin.py:188} INFO - [2026-01-30T21:15:59.575+0000] {dagbag.py:545} INFO - Filling up the DagBag from /opt/airflow/dags/etl.py
[2026-01-30T21:15:59.786+0000] {processor.py:840} INFO - DAG(s) 'etl_pipeline_final' retrieved from /opt/airflow/dags/etl.py
[2026-01-30T21:15:59.896+0000] {logging_mixin.py:188} INFO - [2026-01-30T21:15:59.895+0000] {dag.py:3096} INFO - Sync 1 DAGs
[2026-01-30T21:15:59.910+0000] {logging_mixin.py:188} INFO - [2026-01-30T21:15:59.910+0000] {dag.py:3954} INFO - Setting next_dagrun for etl_pipeline_final to 2026-01-29 00:00:00+00:00, run_after=2026-01-30 00:00:00+00:00
[2026-01-30T21:15:59.925+0000] {processor.py:183} INFO - Processing /opt/airflow/dags/etl.py took 0.355 seconds
[2026-01-30T21:16:32.457+0000] {processor.py:161} INFO - Started process (PID=3762) to work on /opt/airflow/dags/etl.py
[2026-01-30T21:16:32.459+0000] {processor.py:830} INFO - Processing file /opt/airflow/dags/etl.py for tasks to queue
[2026-01-30T21:16:32.463+0000] {logging_mixin.py:188} INFO - [2026-01-30T21:16:32.463+0000] {dagbag.py:545} INFO - Filling up the DagBag from /opt/airflow/dags/etl.py
[2026-01-30T21:16:32.748+0000] {processor.py:840} INFO - DAG(s) 'etl_pipeline_final' retrieved from /opt/airflow/dags/etl.py
[2026-01-30T21:16:32.769+0000] {logging_mixin.py:188} INFO - [2026-01-30T21:16:32.769+0000] {dag.py:3096} INFO - Sync 1 DAGs
[2026-01-30T21:16:32.784+0000] {logging_mixin.py:188} INFO - [2026-01-30T21:16:32.784+0000] {dag.py:3954} INFO - Setting next_dagrun for etl_pipeline_final to 2026-01-29 00:00:00+00:00, run_after=2026-01-30 00:00:00+00:00
[2026-01-30T21:16:32.800+0000] {processor.py:183} INFO - Processing /opt/airflow/dags/etl.py took 0.349 seconds
[2026-01-30T21:17:03.388+0000] {processor.py:161} INFO - Started process (PID=3806) to work on /opt/airflow/dags/etl.py
[2026-01-30T21:17:03.389+0000] {processor.py:830} INFO - Processing file /opt/airflow/dags/etl.py for tasks to queue
[2026-01-30T21:17:03.391+0000] {logging_mixin.py:188} INFO - [2026-01-30T21:17:03.390+0000] {dagbag.py:545} INFO - Filling up the DagBag from /opt/airflow/dags/etl.py
[2026-01-30T21:17:05.285+0000] {processor.py:840} INFO - DAG(s) 'etl_pipeline_final' retrieved from /opt/airflow/dags/etl.py
[2026-01-30T21:17:05.302+0000] {logging_mixin.py:188} INFO - [2026-01-30T21:17:05.302+0000] {dag.py:3096} INFO - Sync 1 DAGs
[2026-01-30T21:17:05.315+0000] {logging_mixin.py:188} INFO - [2026-01-30T21:17:05.315+0000] {dag.py:3954} INFO - Setting next_dagrun for etl_pipeline_final to 2026-01-29 00:00:00+00:00, run_after=2026-01-30 00:00:00+00:00
[2026-01-30T21:17:05.326+0000] {processor.py:183} INFO - Processing /opt/airflow/dags/etl.py took 0.214 seconds
[2026-01-30T21:17:36.322+0000] {processor.py:161} INFO - Started process (PID=3853) to work on /opt/airflow/dags/etl.py
[2026-01-30T21:17:36.322+0000] {processor.py:830} INFO - Processing file /opt/airflow/dags/etl.py for tasks to queue
[2026-01-30T21:17:36.323+0000] {logging_mixin.py:188} INFO - [2026-01-30T21:17:36.323+0000] {dagbag.py:545} INFO - Filling up the DagBag from /opt/airflow/dags/etl.py
[2026-01-30T21:17:38.268+0000] {processor.py:840} INFO - DAG(s) 'etl_pipeline_final' retrieved from /opt/airflow/dags/etl.py
[2026-01-30T21:17:38.288+0000] {logging_mixin.py:188} INFO - [2026-01-30T21:17:38.288+0000] {dag.py:3096} INFO - Sync 1 DAGs
[2026-01-30T21:17:38.302+0000] {logging_mixin.py:188} INFO - [2026-01-30T21:17:38.302+0000] {dag.py:3954} INFO - Setting next_dagrun for etl_pipeline_final to 2026-01-29 00:00:00+00:00, run_after=2026-01-30 00:00:00+00:00
[2026-01-30T21:17:38.411+0000] {processor.py:183} INFO - Processing /opt/airflow/dags/etl.py took 0.355 seconds
[2026-01-30T21:18:12.713+0000] {processor.py:161} INFO - Started process (PID=3909) to work on /opt/airflow/dags/etl.py
[2026-01-30T21:18:12.715+0000] {processor.py:830} INFO - Processing file /opt/airflow/dags/etl.py for tasks to queue
[2026-01-30T21:18:12.716+0000] {logging_mixin.py:188} INFO - [2026-01-30T21:18:12.716+0000] {dagbag.py:545} INFO - Filling up the DagBag from /opt/airflow/dags/etl.py
[2026-01-30T21:18:12.922+0000] {processor.py:840} INFO - DAG(s) 'etl_pipeline_final' retrieved from /opt/airflow/dags/etl.py
[2026-01-30T21:18:12.944+0000] {logging_mixin.py:188} INFO - [2026-01-30T21:18:12.943+0000] {dag.py:3096} INFO - Sync 1 DAGs
[2026-01-30T21:18:13.060+0000] {logging_mixin.py:188} INFO - [2026-01-30T21:18:13.060+0000] {dag.py:3954} INFO - Setting next_dagrun for etl_pipeline_final to 2026-01-29 00:00:00+00:00, run_after=2026-01-30 00:00:00+00:00
[2026-01-30T21:18:13.073+0000] {processor.py:183} INFO - Processing /opt/airflow/dags/etl.py took 0.365 seconds
[2026-01-30T21:18:45.560+0000] {processor.py:161} INFO - Started process (PID=3956) to work on /opt/airflow/dags/etl.py
[2026-01-30T21:18:45.560+0000] {processor.py:830} INFO - Processing file /opt/airflow/dags/etl.py for tasks to queue
[2026-01-30T21:18:45.561+0000] {logging_mixin.py:188} INFO - [2026-01-30T21:18:45.561+0000] {dagbag.py:545} INFO - Filling up the DagBag from /opt/airflow/dags/etl.py
[2026-01-30T21:18:45.765+0000] {processor.py:840} INFO - DAG(s) 'etl_pipeline_final' retrieved from /opt/airflow/dags/etl.py
[2026-01-30T21:18:45.785+0000] {logging_mixin.py:188} INFO - [2026-01-30T21:18:45.784+0000] {dag.py:3096} INFO - Sync 1 DAGs
[2026-01-30T21:18:45.894+0000] {logging_mixin.py:188} INFO - [2026-01-30T21:18:45.894+0000] {dag.py:3954} INFO - Setting next_dagrun for etl_pipeline_final to 2026-01-29 00:00:00+00:00, run_after=2026-01-30 00:00:00+00:00
[2026-01-30T21:18:45.908+0000] {processor.py:183} INFO - Processing /opt/airflow/dags/etl.py took 0.353 seconds
[2026-01-30T21:19:18.375+0000] {processor.py:161} INFO - Started process (PID=4003) to work on /opt/airflow/dags/etl.py
[2026-01-30T21:19:18.377+0000] {processor.py:830} INFO - Processing file /opt/airflow/dags/etl.py for tasks to queue
[2026-01-30T21:19:18.379+0000] {logging_mixin.py:188} INFO - [2026-01-30T21:19:18.378+0000] {dagbag.py:545} INFO - Filling up the DagBag from /opt/airflow/dags/etl.py
[2026-01-30T21:19:18.561+0000] {processor.py:840} INFO - DAG(s) 'etl_pipeline_final' retrieved from /opt/airflow/dags/etl.py
[2026-01-30T21:19:18.582+0000] {logging_mixin.py:188} INFO - [2026-01-30T21:19:18.582+0000] {dag.py:3096} INFO - Sync 1 DAGs
[2026-01-30T21:19:18.597+0000] {logging_mixin.py:188} INFO - [2026-01-30T21:19:18.597+0000] {dag.py:3954} INFO - Setting next_dagrun for etl_pipeline_final to 2026-01-29 00:00:00+00:00, run_after=2026-01-30 00:00:00+00:00
[2026-01-30T21:19:18.613+0000] {processor.py:183} INFO - Processing /opt/airflow/dags/etl.py took 0.242 seconds
[2026-01-30T21:19:51.443+0000] {processor.py:161} INFO - Started process (PID=4050) to work on /opt/airflow/dags/etl.py
[2026-01-30T21:19:51.444+0000] {processor.py:830} INFO - Processing file /opt/airflow/dags/etl.py for tasks to queue
[2026-01-30T21:19:51.445+0000] {logging_mixin.py:188} INFO - [2026-01-30T21:19:51.445+0000] {dagbag.py:545} INFO - Filling up the DagBag from /opt/airflow/dags/etl.py
[2026-01-30T21:19:51.622+0000] {processor.py:840} INFO - DAG(s) 'etl_pipeline_final' retrieved from /opt/airflow/dags/etl.py
[2026-01-30T21:19:51.643+0000] {logging_mixin.py:188} INFO - [2026-01-30T21:19:51.643+0000] {dag.py:3096} INFO - Sync 1 DAGs
[2026-01-30T21:19:51.659+0000] {logging_mixin.py:188} INFO - [2026-01-30T21:19:51.659+0000] {dag.py:3954} INFO - Setting next_dagrun for etl_pipeline_final to 2026-01-29 00:00:00+00:00, run_after=2026-01-30 00:00:00+00:00
[2026-01-30T21:19:51.672+0000] {processor.py:183} INFO - Processing /opt/airflow/dags/etl.py took 0.234 seconds
[2026-01-30T21:20:24.365+0000] {processor.py:161} INFO - Started process (PID=4097) to work on /opt/airflow/dags/etl.py
[2026-01-30T21:20:24.366+0000] {processor.py:830} INFO - Processing file /opt/airflow/dags/etl.py for tasks to queue
[2026-01-30T21:20:24.367+0000] {logging_mixin.py:188} INFO - [2026-01-30T21:20:24.367+0000] {dagbag.py:545} INFO - Filling up the DagBag from /opt/airflow/dags/etl.py
[2026-01-30T21:20:24.628+0000] {processor.py:840} INFO - DAG(s) 'etl_pipeline_final' retrieved from /opt/airflow/dags/etl.py
[2026-01-30T21:20:24.657+0000] {logging_mixin.py:188} INFO - [2026-01-30T21:20:24.656+0000] {dag.py:3096} INFO - Sync 1 DAGs
[2026-01-30T21:20:24.679+0000] {logging_mixin.py:188} INFO - [2026-01-30T21:20:24.679+0000] {dag.py:3954} INFO - Setting next_dagrun for etl_pipeline_final to 2026-01-29 00:00:00+00:00, run_after=2026-01-30 00:00:00+00:00
[2026-01-30T21:20:24.704+0000] {processor.py:183} INFO - Processing /opt/airflow/dags/etl.py took 0.345 seconds
[2026-01-30T21:20:57.289+0000] {processor.py:161} INFO - Started process (PID=4144) to work on /opt/airflow/dags/etl.py
[2026-01-30T21:20:57.290+0000] {processor.py:830} INFO - Processing file /opt/airflow/dags/etl.py for tasks to queue
[2026-01-30T21:20:57.291+0000] {logging_mixin.py:188} INFO - [2026-01-30T21:20:57.291+0000] {dagbag.py:545} INFO - Filling up the DagBag from /opt/airflow/dags/etl.py
[2026-01-30T21:20:57.494+0000] {processor.py:840} INFO - DAG(s) 'etl_pipeline_final' retrieved from /opt/airflow/dags/etl.py
[2026-01-30T21:20:57.513+0000] {logging_mixin.py:188} INFO - [2026-01-30T21:20:57.513+0000] {dag.py:3096} INFO - Sync 1 DAGs
[2026-01-30T21:20:57.531+0000] {logging_mixin.py:188} INFO - [2026-01-30T21:20:57.530+0000] {dag.py:3954} INFO - Setting next_dagrun for etl_pipeline_final to 2026-01-29 00:00:00+00:00, run_after=2026-01-30 00:00:00+00:00
[2026-01-30T21:20:57.634+0000] {processor.py:183} INFO - Processing /opt/airflow/dags/etl.py took 0.349 seconds
[2026-01-30T21:21:30.500+0000] {processor.py:161} INFO - Started process (PID=4195) to work on /opt/airflow/dags/etl.py
[2026-01-30T21:21:30.501+0000] {processor.py:830} INFO - Processing file /opt/airflow/dags/etl.py for tasks to queue
[2026-01-30T21:21:30.503+0000] {logging_mixin.py:188} INFO - [2026-01-30T21:21:30.502+0000] {dagbag.py:545} INFO - Filling up the DagBag from /opt/airflow/dags/etl.py
[2026-01-30T21:21:30.682+0000] {processor.py:840} INFO - DAG(s) 'etl_pipeline_final' retrieved from /opt/airflow/dags/etl.py
[2026-01-30T21:21:30.701+0000] {logging_mixin.py:188} INFO - [2026-01-30T21:21:30.701+0000] {dag.py:3096} INFO - Sync 1 DAGs
[2026-01-30T21:21:30.799+0000] {logging_mixin.py:188} INFO - [2026-01-30T21:21:30.799+0000] {dag.py:3954} INFO - Setting next_dagrun for etl_pipeline_final to 2026-01-29 00:00:00+00:00, run_after=2026-01-30 00:00:00+00:00
[2026-01-30T21:21:30.812+0000] {processor.py:183} INFO - Processing /opt/airflow/dags/etl.py took 0.316 seconds
[2026-01-30T21:22:03.283+0000] {processor.py:161} INFO - Started process (PID=4238) to work on /opt/airflow/dags/etl.py
[2026-01-30T21:22:03.284+0000] {processor.py:830} INFO - Processing file /opt/airflow/dags/etl.py for tasks to queue
[2026-01-30T21:22:03.285+0000] {logging_mixin.py:188} INFO - [2026-01-30T21:22:03.285+0000] {dagbag.py:545} INFO - Filling up the DagBag from /opt/airflow/dags/etl.py
[2026-01-30T21:22:03.491+0000] {processor.py:840} INFO - DAG(s) 'etl_pipeline_final' retrieved from /opt/airflow/dags/etl.py
[2026-01-30T21:22:03.606+0000] {logging_mixin.py:188} INFO - [2026-01-30T21:22:03.511+0000] {dag.py:3096} INFO - Sync 1 DAGs
[2026-01-30T21:22:03.620+0000] {logging_mixin.py:188} INFO - [2026-01-30T21:22:03.619+0000] {dag.py:3954} INFO - Setting next_dagrun for etl_pipeline_final to 2026-01-29 00:00:00+00:00, run_after=2026-01-30 00:00:00+00:00
[2026-01-30T21:22:03.634+0000] {processor.py:183} INFO - Processing /opt/airflow/dags/etl.py took 0.356 seconds
[2026-01-30T21:22:36.940+0000] {processor.py:161} INFO - Started process (PID=4285) to work on /opt/airflow/dags/etl.py
[2026-01-30T21:22:36.943+0000] {processor.py:830} INFO - Processing file /opt/airflow/dags/etl.py for tasks to queue
[2026-01-30T21:22:36.945+0000] {logging_mixin.py:188} INFO - [2026-01-30T21:22:36.944+0000] {dagbag.py:545} INFO - Filling up the DagBag from /opt/airflow/dags/etl.py
[2026-01-30T21:22:37.330+0000] {processor.py:840} INFO - DAG(s) 'etl_pipeline_final' retrieved from /opt/airflow/dags/etl.py
[2026-01-30T21:22:37.368+0000] {logging_mixin.py:188} INFO - [2026-01-30T21:22:37.367+0000] {dag.py:3096} INFO - Sync 1 DAGs
[2026-01-30T21:22:37.406+0000] {logging_mixin.py:188} INFO - [2026-01-30T21:22:37.406+0000] {dag.py:3954} INFO - Setting next_dagrun for etl_pipeline_final to 2026-01-29 00:00:00+00:00, run_after=2026-01-30 00:00:00+00:00
[2026-01-30T21:22:37.438+0000] {processor.py:183} INFO - Processing /opt/airflow/dags/etl.py took 0.509 seconds
[2026-01-30T21:23:08.607+0000] {processor.py:161} INFO - Started process (PID=4332) to work on /opt/airflow/dags/etl.py
[2026-01-30T21:23:08.607+0000] {processor.py:830} INFO - Processing file /opt/airflow/dags/etl.py for tasks to queue
[2026-01-30T21:23:08.608+0000] {logging_mixin.py:188} INFO - [2026-01-30T21:23:08.608+0000] {dagbag.py:545} INFO - Filling up the DagBag from /opt/airflow/dags/etl.py
[2026-01-30T21:23:08.790+0000] {processor.py:840} INFO - DAG(s) 'etl_pipeline_final' retrieved from /opt/airflow/dags/etl.py
[2026-01-30T21:23:08.808+0000] {logging_mixin.py:188} INFO - [2026-01-30T21:23:08.808+0000] {dag.py:3096} INFO - Sync 1 DAGs
[2026-01-30T21:23:08.823+0000] {logging_mixin.py:188} INFO - [2026-01-30T21:23:08.822+0000] {dag.py:3954} INFO - Setting next_dagrun for etl_pipeline_final to 2026-01-29 00:00:00+00:00, run_after=2026-01-30 00:00:00+00:00
[2026-01-30T21:23:08.839+0000] {processor.py:183} INFO - Processing /opt/airflow/dags/etl.py took 0.237 seconds
[2026-01-30T21:23:41.799+0000] {processor.py:161} INFO - Started process (PID=4380) to work on /opt/airflow/dags/etl.py
[2026-01-30T21:23:41.800+0000] {processor.py:830} INFO - Processing file /opt/airflow/dags/etl.py for tasks to queue
[2026-01-30T21:23:41.801+0000] {logging_mixin.py:188} INFO - [2026-01-30T21:23:41.801+0000] {dagbag.py:545} INFO - Filling up the DagBag from /opt/airflow/dags/etl.py
[2026-01-30T21:23:42.013+0000] {processor.py:840} INFO - DAG(s) 'etl_pipeline_final' retrieved from /opt/airflow/dags/etl.py
[2026-01-30T21:23:42.034+0000] {logging_mixin.py:188} INFO - [2026-01-30T21:23:42.033+0000] {dag.py:3096} INFO - Sync 1 DAGs
[2026-01-30T21:23:42.051+0000] {logging_mixin.py:188} INFO - [2026-01-30T21:23:42.051+0000] {dag.py:3954} INFO - Setting next_dagrun for etl_pipeline_final to 2026-01-29 00:00:00+00:00, run_after=2026-01-30 00:00:00+00:00
[2026-01-30T21:23:42.070+0000] {processor.py:183} INFO - Processing /opt/airflow/dags/etl.py took 0.275 seconds
[2026-01-30T21:24:14.684+0000] {processor.py:161} INFO - Started process (PID=4427) to work on /opt/airflow/dags/etl.py
[2026-01-30T21:24:14.685+0000] {processor.py:830} INFO - Processing file /opt/airflow/dags/etl.py for tasks to queue
[2026-01-30T21:24:14.686+0000] {logging_mixin.py:188} INFO - [2026-01-30T21:24:14.686+0000] {dagbag.py:545} INFO - Filling up the DagBag from /opt/airflow/dags/etl.py
[2026-01-30T21:24:14.932+0000] {processor.py:840} INFO - DAG(s) 'etl_pipeline_final' retrieved from /opt/airflow/dags/etl.py
[2026-01-30T21:24:14.956+0000] {logging_mixin.py:188} INFO - [2026-01-30T21:24:14.956+0000] {dag.py:3096} INFO - Sync 1 DAGs
[2026-01-30T21:24:15.069+0000] {logging_mixin.py:188} INFO - [2026-01-30T21:24:15.069+0000] {dag.py:3954} INFO - Setting next_dagrun for etl_pipeline_final to 2026-01-29 00:00:00+00:00, run_after=2026-01-30 00:00:00+00:00
[2026-01-30T21:24:15.085+0000] {processor.py:183} INFO - Processing /opt/airflow/dags/etl.py took 0.406 seconds
[2026-01-30T21:24:47.663+0000] {processor.py:161} INFO - Started process (PID=4474) to work on /opt/airflow/dags/etl.py
[2026-01-30T21:24:47.664+0000] {processor.py:830} INFO - Processing file /opt/airflow/dags/etl.py for tasks to queue
[2026-01-30T21:24:47.665+0000] {logging_mixin.py:188} INFO - [2026-01-30T21:24:47.665+0000] {dagbag.py:545} INFO - Filling up the DagBag from /opt/airflow/dags/etl.py
[2026-01-30T21:24:47.870+0000] {processor.py:840} INFO - DAG(s) 'etl_pipeline_final' retrieved from /opt/airflow/dags/etl.py
[2026-01-30T21:24:47.894+0000] {logging_mixin.py:188} INFO - [2026-01-30T21:24:47.892+0000] {dag.py:3096} INFO - Sync 1 DAGs
[2026-01-30T21:24:48.003+0000] {logging_mixin.py:188} INFO - [2026-01-30T21:24:48.003+0000] {dag.py:3954} INFO - Setting next_dagrun for etl_pipeline_final to 2026-01-29 00:00:00+00:00, run_after=2026-01-30 00:00:00+00:00
[2026-01-30T21:24:48.023+0000] {processor.py:183} INFO - Processing /opt/airflow/dags/etl.py took 0.364 seconds
[2026-01-30T21:25:20.431+0000] {processor.py:161} INFO - Started process (PID=4521) to work on /opt/airflow/dags/etl.py
[2026-01-30T21:25:20.431+0000] {processor.py:830} INFO - Processing file /opt/airflow/dags/etl.py for tasks to queue
[2026-01-30T21:25:20.433+0000] {logging_mixin.py:188} INFO - [2026-01-30T21:25:20.432+0000] {dagbag.py:545} INFO - Filling up the DagBag from /opt/airflow/dags/etl.py
[2026-01-30T21:25:20.652+0000] {processor.py:840} INFO - DAG(s) 'etl_pipeline_final' retrieved from /opt/airflow/dags/etl.py
[2026-01-30T21:25:20.762+0000] {logging_mixin.py:188} INFO - [2026-01-30T21:25:20.762+0000] {dag.py:3096} INFO - Sync 1 DAGs
[2026-01-30T21:25:20.775+0000] {logging_mixin.py:188} INFO - [2026-01-30T21:25:20.775+0000] {dag.py:3954} INFO - Setting next_dagrun for etl_pipeline_final to 2026-01-29 00:00:00+00:00, run_after=2026-01-30 00:00:00+00:00
[2026-01-30T21:25:20.789+0000] {processor.py:183} INFO - Processing /opt/airflow/dags/etl.py took 0.363 seconds
[2026-01-30T21:25:53.212+0000] {processor.py:161} INFO - Started process (PID=4568) to work on /opt/airflow/dags/etl.py
[2026-01-30T21:25:53.214+0000] {processor.py:830} INFO - Processing file /opt/airflow/dags/etl.py for tasks to queue
[2026-01-30T21:25:53.215+0000] {logging_mixin.py:188} INFO - [2026-01-30T21:25:53.215+0000] {dagbag.py:545} INFO - Filling up the DagBag from /opt/airflow/dags/etl.py
[2026-01-30T21:25:53.440+0000] {processor.py:840} INFO - DAG(s) 'etl_pipeline_final' retrieved from /opt/airflow/dags/etl.py
[2026-01-30T21:25:53.461+0000] {logging_mixin.py:188} INFO - [2026-01-30T21:25:53.461+0000] {dag.py:3096} INFO - Sync 1 DAGs
[2026-01-30T21:25:53.478+0000] {logging_mixin.py:188} INFO - [2026-01-30T21:25:53.478+0000] {dag.py:3954} INFO - Setting next_dagrun for etl_pipeline_final to 2026-01-29 00:00:00+00:00, run_after=2026-01-30 00:00:00+00:00
[2026-01-30T21:25:53.497+0000] {processor.py:183} INFO - Processing /opt/airflow/dags/etl.py took 0.290 seconds
[2026-01-30T21:26:26.794+0000] {processor.py:161} INFO - Started process (PID=4615) to work on /opt/airflow/dags/etl.py
[2026-01-30T21:26:26.795+0000] {processor.py:830} INFO - Processing file /opt/airflow/dags/etl.py for tasks to queue
[2026-01-30T21:26:26.797+0000] {logging_mixin.py:188} INFO - [2026-01-30T21:26:26.797+0000] {dagbag.py:545} INFO - Filling up the DagBag from /opt/airflow/dags/etl.py
[2026-01-30T21:26:27.099+0000] {processor.py:840} INFO - DAG(s) 'etl_pipeline_final' retrieved from /opt/airflow/dags/etl.py
[2026-01-30T21:26:27.127+0000] {logging_mixin.py:188} INFO - [2026-01-30T21:26:27.126+0000] {dag.py:3096} INFO - Sync 1 DAGs
[2026-01-30T21:26:27.149+0000] {logging_mixin.py:188} INFO - [2026-01-30T21:26:27.149+0000] {dag.py:3954} INFO - Setting next_dagrun for etl_pipeline_final to 2026-01-29 00:00:00+00:00, run_after=2026-01-30 00:00:00+00:00
[2026-01-30T21:26:27.171+0000] {processor.py:183} INFO - Processing /opt/airflow/dags/etl.py took 0.383 seconds
[2026-01-30T21:26:59.823+0000] {processor.py:161} INFO - Started process (PID=4654) to work on /opt/airflow/dags/etl.py
[2026-01-30T21:26:59.824+0000] {processor.py:830} INFO - Processing file /opt/airflow/dags/etl.py for tasks to queue
[2026-01-30T21:26:59.826+0000] {logging_mixin.py:188} INFO - [2026-01-30T21:26:59.825+0000] {dagbag.py:545} INFO - Filling up the DagBag from /opt/airflow/dags/etl.py
[2026-01-30T21:27:00.193+0000] {processor.py:840} INFO - DAG(s) 'etl_pipeline_final' retrieved from /opt/airflow/dags/etl.py
[2026-01-30T21:27:00.226+0000] {logging_mixin.py:188} INFO - [2026-01-30T21:27:00.225+0000] {dag.py:3096} INFO - Sync 1 DAGs
[2026-01-30T21:27:00.253+0000] {logging_mixin.py:188} INFO - [2026-01-30T21:27:00.253+0000] {dag.py:3954} INFO - Setting next_dagrun for etl_pipeline_final to 2026-01-29 00:00:00+00:00, run_after=2026-01-30 00:00:00+00:00
[2026-01-30T21:27:00.424+0000] {processor.py:183} INFO - Processing /opt/airflow/dags/etl.py took 0.608 seconds
[2026-01-30T21:27:30.580+0000] {processor.py:161} INFO - Started process (PID=4682) to work on /opt/airflow/dags/etl.py
[2026-01-30T21:27:30.581+0000] {processor.py:830} INFO - Processing file /opt/airflow/dags/etl.py for tasks to queue
[2026-01-30T21:27:30.582+0000] {logging_mixin.py:188} INFO - [2026-01-30T21:27:30.582+0000] {dagbag.py:545} INFO - Filling up the DagBag from /opt/airflow/dags/etl.py
[2026-01-30T21:27:30.874+0000] {processor.py:840} INFO - DAG(s) 'etl_pipeline_final' retrieved from /opt/airflow/dags/etl.py
[2026-01-30T21:27:30.906+0000] {logging_mixin.py:188} INFO - [2026-01-30T21:27:30.906+0000] {dag.py:3096} INFO - Sync 1 DAGs
[2026-01-30T21:27:31.095+0000] {logging_mixin.py:188} INFO - [2026-01-30T21:27:31.094+0000] {dag.py:3954} INFO - Setting next_dagrun for etl_pipeline_final to 2026-01-29 00:00:00+00:00, run_after=2026-01-30 00:00:00+00:00
[2026-01-30T21:27:31.118+0000] {processor.py:183} INFO - Processing /opt/airflow/dags/etl.py took 0.544 seconds
[2026-01-30T21:28:03.371+0000] {processor.py:161} INFO - Started process (PID=4728) to work on /opt/airflow/dags/etl.py
[2026-01-30T21:28:03.372+0000] {processor.py:830} INFO - Processing file /opt/airflow/dags/etl.py for tasks to queue
[2026-01-30T21:28:03.374+0000] {logging_mixin.py:188} INFO - [2026-01-30T21:28:03.374+0000] {dagbag.py:545} INFO - Filling up the DagBag from /opt/airflow/dags/etl.py
[2026-01-30T21:28:03.632+0000] {processor.py:840} INFO - DAG(s) 'etl_pipeline_final' retrieved from /opt/airflow/dags/etl.py
[2026-01-30T21:28:03.660+0000] {logging_mixin.py:188} INFO - [2026-01-30T21:28:03.658+0000] {dag.py:3096} INFO - Sync 1 DAGs
[2026-01-30T21:28:03.804+0000] {logging_mixin.py:188} INFO - [2026-01-30T21:28:03.804+0000] {dag.py:3954} INFO - Setting next_dagrun for etl_pipeline_final to 2026-01-29 00:00:00+00:00, run_after=2026-01-30 00:00:00+00:00
[2026-01-30T21:28:03.827+0000] {processor.py:183} INFO - Processing /opt/airflow/dags/etl.py took 0.462 seconds
[2026-01-30T21:28:36.053+0000] {processor.py:161} INFO - Started process (PID=4775) to work on /opt/airflow/dags/etl.py
[2026-01-30T21:28:36.054+0000] {processor.py:830} INFO - Processing file /opt/airflow/dags/etl.py for tasks to queue
[2026-01-30T21:28:36.065+0000] {logging_mixin.py:188} INFO - [2026-01-30T21:28:36.064+0000] {dagbag.py:545} INFO - Filling up the DagBag from /opt/airflow/dags/etl.py
[2026-01-30T21:28:36.660+0000] {processor.py:840} INFO - DAG(s) 'etl_pipeline_final' retrieved from /opt/airflow/dags/etl.py
[2026-01-30T21:28:36.917+0000] {logging_mixin.py:188} INFO - [2026-01-30T21:28:36.916+0000] {dag.py:3096} INFO - Sync 1 DAGs
[2026-01-30T21:28:36.952+0000] {logging_mixin.py:188} INFO - [2026-01-30T21:28:36.952+0000] {dag.py:3954} INFO - Setting next_dagrun for etl_pipeline_final to 2026-01-29 00:00:00+00:00, run_after=2026-01-30 00:00:00+00:00
[2026-01-30T21:28:36.985+0000] {processor.py:183} INFO - Processing /opt/airflow/dags/etl.py took 0.947 seconds
[2026-01-30T21:29:08.750+0000] {processor.py:161} INFO - Started process (PID=4819) to work on /opt/airflow/dags/etl.py
[2026-01-30T21:29:08.753+0000] {processor.py:830} INFO - Processing file /opt/airflow/dags/etl.py for tasks to queue
[2026-01-30T21:29:08.754+0000] {logging_mixin.py:188} INFO - [2026-01-30T21:29:08.754+0000] {dagbag.py:545} INFO - Filling up the DagBag from /opt/airflow/dags/etl.py
[2026-01-30T21:29:08.997+0000] {processor.py:840} INFO - DAG(s) 'etl_pipeline_final' retrieved from /opt/airflow/dags/etl.py
[2026-01-30T21:29:09.022+0000] {logging_mixin.py:188} INFO - [2026-01-30T21:29:09.021+0000] {dag.py:3096} INFO - Sync 1 DAGs
[2026-01-30T21:29:09.042+0000] {logging_mixin.py:188} INFO - [2026-01-30T21:29:09.042+0000] {dag.py:3954} INFO - Setting next_dagrun for etl_pipeline_final to 2026-01-29 00:00:00+00:00, run_after=2026-01-30 00:00:00+00:00
[2026-01-30T21:29:09.062+0000] {processor.py:183} INFO - Processing /opt/airflow/dags/etl.py took 0.317 seconds
[2026-01-30T21:29:42.118+0000] {processor.py:161} INFO - Started process (PID=4869) to work on /opt/airflow/dags/etl.py
[2026-01-30T21:29:42.119+0000] {processor.py:830} INFO - Processing file /opt/airflow/dags/etl.py for tasks to queue
[2026-01-30T21:29:42.121+0000] {logging_mixin.py:188} INFO - [2026-01-30T21:29:42.120+0000] {dagbag.py:545} INFO - Filling up the DagBag from /opt/airflow/dags/etl.py
[2026-01-30T21:29:42.433+0000] {processor.py:840} INFO - DAG(s) 'etl_pipeline_final' retrieved from /opt/airflow/dags/etl.py
[2026-01-30T21:29:42.537+0000] {logging_mixin.py:188} INFO - [2026-01-30T21:29:42.536+0000] {dag.py:3096} INFO - Sync 1 DAGs
[2026-01-30T21:29:42.630+0000] {logging_mixin.py:188} INFO - [2026-01-30T21:29:42.630+0000] {dag.py:3954} INFO - Setting next_dagrun for etl_pipeline_final to 2026-01-29 00:00:00+00:00, run_after=2026-01-30 00:00:00+00:00
[2026-01-30T21:29:42.712+0000] {processor.py:183} INFO - Processing /opt/airflow/dags/etl.py took 0.598 seconds
[2026-01-30T21:30:14.999+0000] {processor.py:161} INFO - Started process (PID=4913) to work on /opt/airflow/dags/etl.py
[2026-01-30T21:30:15.001+0000] {processor.py:830} INFO - Processing file /opt/airflow/dags/etl.py for tasks to queue
[2026-01-30T21:30:15.003+0000] {logging_mixin.py:188} INFO - [2026-01-30T21:30:15.002+0000] {dagbag.py:545} INFO - Filling up the DagBag from /opt/airflow/dags/etl.py
[2026-01-30T21:30:15.192+0000] {processor.py:840} INFO - DAG(s) 'etl_pipeline_final' retrieved from /opt/airflow/dags/etl.py
[2026-01-30T21:30:15.209+0000] {logging_mixin.py:188} INFO - [2026-01-30T21:30:15.209+0000] {dag.py:3096} INFO - Sync 1 DAGs
[2026-01-30T21:30:15.222+0000] {logging_mixin.py:188} INFO - [2026-01-30T21:30:15.222+0000] {dag.py:3954} INFO - Setting next_dagrun for etl_pipeline_final to 2026-01-29 00:00:00+00:00, run_after=2026-01-30 00:00:00+00:00
[2026-01-30T21:30:15.334+0000] {processor.py:183} INFO - Processing /opt/airflow/dags/etl.py took 0.340 seconds
[2026-01-30T21:30:45.423+0000] {processor.py:161} INFO - Started process (PID=4960) to work on /opt/airflow/dags/etl.py
[2026-01-30T21:30:45.423+0000] {processor.py:830} INFO - Processing file /opt/airflow/dags/etl.py for tasks to queue
[2026-01-30T21:30:45.425+0000] {logging_mixin.py:188} INFO - [2026-01-30T21:30:45.424+0000] {dagbag.py:545} INFO - Filling up the DagBag from /opt/airflow/dags/etl.py
[2026-01-30T21:30:47.338+0000] {processor.py:840} INFO - DAG(s) 'etl_pipeline_final' retrieved from /opt/airflow/dags/etl.py
[2026-01-30T21:30:47.355+0000] {logging_mixin.py:188} INFO - [2026-01-30T21:30:47.355+0000] {dag.py:3096} INFO - Sync 1 DAGs
[2026-01-30T21:30:47.449+0000] {logging_mixin.py:188} INFO - [2026-01-30T21:30:47.449+0000] {dag.py:3954} INFO - Setting next_dagrun for etl_pipeline_final to 2026-01-29 00:00:00+00:00, run_after=2026-01-30 00:00:00+00:00
[2026-01-30T21:30:47.462+0000] {processor.py:183} INFO - Processing /opt/airflow/dags/etl.py took 0.301 seconds
[2026-01-30T21:31:20.764+0000] {processor.py:161} INFO - Started process (PID=5010) to work on /opt/airflow/dags/etl.py
[2026-01-30T21:31:20.765+0000] {processor.py:830} INFO - Processing file /opt/airflow/dags/etl.py for tasks to queue
[2026-01-30T21:31:20.767+0000] {logging_mixin.py:188} INFO - [2026-01-30T21:31:20.767+0000] {dagbag.py:545} INFO - Filling up the DagBag from /opt/airflow/dags/etl.py
[2026-01-30T21:31:20.959+0000] {processor.py:840} INFO - DAG(s) 'etl_pipeline_final' retrieved from /opt/airflow/dags/etl.py
[2026-01-30T21:31:20.980+0000] {logging_mixin.py:188} INFO - [2026-01-30T21:31:20.979+0000] {dag.py:3096} INFO - Sync 1 DAGs
[2026-01-30T21:31:21.095+0000] {logging_mixin.py:188} INFO - [2026-01-30T21:31:21.094+0000] {dag.py:3954} INFO - Setting next_dagrun for etl_pipeline_final to 2026-01-29 00:00:00+00:00, run_after=2026-01-30 00:00:00+00:00
[2026-01-30T21:31:21.112+0000] {processor.py:183} INFO - Processing /opt/airflow/dags/etl.py took 0.354 seconds
[2026-01-30T21:31:53.198+0000] {processor.py:161} INFO - Started process (PID=5057) to work on /opt/airflow/dags/etl.py
[2026-01-30T21:31:53.199+0000] {processor.py:830} INFO - Processing file /opt/airflow/dags/etl.py for tasks to queue
[2026-01-30T21:31:53.201+0000] {logging_mixin.py:188} INFO - [2026-01-30T21:31:53.201+0000] {dagbag.py:545} INFO - Filling up the DagBag from /opt/airflow/dags/etl.py
[2026-01-30T21:31:53.450+0000] {processor.py:840} INFO - DAG(s) 'etl_pipeline_final' retrieved from /opt/airflow/dags/etl.py
[2026-01-30T21:31:53.575+0000] {logging_mixin.py:188} INFO - [2026-01-30T21:31:53.575+0000] {dag.py:3096} INFO - Sync 1 DAGs
[2026-01-30T21:31:53.590+0000] {logging_mixin.py:188} INFO - [2026-01-30T21:31:53.589+0000] {dag.py:3954} INFO - Setting next_dagrun for etl_pipeline_final to 2026-01-29 00:00:00+00:00, run_after=2026-01-30 00:00:00+00:00
[2026-01-30T21:31:53.604+0000] {processor.py:183} INFO - Processing /opt/airflow/dags/etl.py took 0.410 seconds
[2026-01-30T21:32:24.249+0000] {processor.py:161} INFO - Started process (PID=5101) to work on /opt/airflow/dags/etl.py
[2026-01-30T21:32:24.252+0000] {processor.py:830} INFO - Processing file /opt/airflow/dags/etl.py for tasks to queue
[2026-01-30T21:32:24.253+0000] {logging_mixin.py:188} INFO - [2026-01-30T21:32:24.252+0000] {dagbag.py:545} INFO - Filling up the DagBag from /opt/airflow/dags/etl.py
[2026-01-30T21:32:26.171+0000] {processor.py:840} INFO - DAG(s) 'etl_pipeline_final' retrieved from /opt/airflow/dags/etl.py
[2026-01-30T21:32:26.188+0000] {logging_mixin.py:188} INFO - [2026-01-30T21:32:26.187+0000] {dag.py:3096} INFO - Sync 1 DAGs
[2026-01-30T21:32:26.202+0000] {logging_mixin.py:188} INFO - [2026-01-30T21:32:26.202+0000] {dag.py:3954} INFO - Setting next_dagrun for etl_pipeline_final to 2026-01-29 00:00:00+00:00, run_after=2026-01-30 00:00:00+00:00
[2026-01-30T21:32:26.215+0000] {processor.py:183} INFO - Processing /opt/airflow/dags/etl.py took 0.227 seconds
[2026-01-30T21:32:59.270+0000] {processor.py:161} INFO - Started process (PID=5151) to work on /opt/airflow/dags/etl.py
[2026-01-30T21:32:59.270+0000] {processor.py:830} INFO - Processing file /opt/airflow/dags/etl.py for tasks to queue
[2026-01-30T21:32:59.271+0000] {logging_mixin.py:188} INFO - [2026-01-30T21:32:59.271+0000] {dagbag.py:545} INFO - Filling up the DagBag from /opt/airflow/dags/etl.py
[2026-01-30T21:32:59.472+0000] {processor.py:840} INFO - DAG(s) 'etl_pipeline_final' retrieved from /opt/airflow/dags/etl.py
[2026-01-30T21:32:59.494+0000] {logging_mixin.py:188} INFO - [2026-01-30T21:32:59.494+0000] {dag.py:3096} INFO - Sync 1 DAGs
[2026-01-30T21:32:59.512+0000] {logging_mixin.py:188} INFO - [2026-01-30T21:32:59.512+0000] {dag.py:3954} INFO - Setting next_dagrun for etl_pipeline_final to 2026-01-29 00:00:00+00:00, run_after=2026-01-30 00:00:00+00:00
[2026-01-30T21:32:59.532+0000] {processor.py:183} INFO - Processing /opt/airflow/dags/etl.py took 0.266 seconds
[2026-01-30T21:33:33.752+0000] {processor.py:161} INFO - Started process (PID=5205) to work on /opt/airflow/dags/etl.py
[2026-01-30T21:33:33.754+0000] {processor.py:830} INFO - Processing file /opt/airflow/dags/etl.py for tasks to queue
[2026-01-30T21:33:33.755+0000] {logging_mixin.py:188} INFO - [2026-01-30T21:33:33.755+0000] {dagbag.py:545} INFO - Filling up the DagBag from /opt/airflow/dags/etl.py
[2026-01-30T21:33:33.937+0000] {processor.py:840} INFO - DAG(s) 'etl_pipeline_final' retrieved from /opt/airflow/dags/etl.py
[2026-01-30T21:33:33.957+0000] {logging_mixin.py:188} INFO - [2026-01-30T21:33:33.956+0000] {dag.py:3096} INFO - Sync 1 DAGs
[2026-01-30T21:33:33.972+0000] {logging_mixin.py:188} INFO - [2026-01-30T21:33:33.972+0000] {dag.py:3954} INFO - Setting next_dagrun for etl_pipeline_final to 2026-01-29 00:00:00+00:00, run_after=2026-01-30 00:00:00+00:00
[2026-01-30T21:33:34.072+0000] {processor.py:183} INFO - Processing /opt/airflow/dags/etl.py took 0.324 seconds
[2026-01-30T21:34:06.612+0000] {processor.py:161} INFO - Started process (PID=5253) to work on /opt/airflow/dags/etl.py
[2026-01-30T21:34:06.613+0000] {processor.py:830} INFO - Processing file /opt/airflow/dags/etl.py for tasks to queue
[2026-01-30T21:34:06.614+0000] {logging_mixin.py:188} INFO - [2026-01-30T21:34:06.614+0000] {dagbag.py:545} INFO - Filling up the DagBag from /opt/airflow/dags/etl.py
[2026-01-30T21:34:06.832+0000] {processor.py:840} INFO - DAG(s) 'etl_pipeline_final' retrieved from /opt/airflow/dags/etl.py
[2026-01-30T21:34:06.853+0000] {logging_mixin.py:188} INFO - [2026-01-30T21:34:06.853+0000] {dag.py:3096} INFO - Sync 1 DAGs
[2026-01-30T21:34:06.956+0000] {logging_mixin.py:188} INFO - [2026-01-30T21:34:06.955+0000] {dag.py:3954} INFO - Setting next_dagrun for etl_pipeline_final to 2026-01-29 00:00:00+00:00, run_after=2026-01-30 00:00:00+00:00
[2026-01-30T21:34:06.966+0000] {processor.py:183} INFO - Processing /opt/airflow/dags/etl.py took 0.359 seconds
[2026-01-30T21:34:39.632+0000] {processor.py:161} INFO - Started process (PID=5300) to work on /opt/airflow/dags/etl.py
[2026-01-30T21:34:39.634+0000] {processor.py:830} INFO - Processing file /opt/airflow/dags/etl.py for tasks to queue
[2026-01-30T21:34:39.636+0000] {logging_mixin.py:188} INFO - [2026-01-30T21:34:39.635+0000] {dagbag.py:545} INFO - Filling up the DagBag from /opt/airflow/dags/etl.py
[2026-01-30T21:34:39.825+0000] {processor.py:840} INFO - DAG(s) 'etl_pipeline_final' retrieved from /opt/airflow/dags/etl.py
[2026-01-30T21:34:39.942+0000] {logging_mixin.py:188} INFO - [2026-01-30T21:34:39.845+0000] {dag.py:3096} INFO - Sync 1 DAGs
[2026-01-30T21:34:39.958+0000] {logging_mixin.py:188} INFO - [2026-01-30T21:34:39.958+0000] {dag.py:3954} INFO - Setting next_dagrun for etl_pipeline_final to 2026-01-29 00:00:00+00:00, run_after=2026-01-30 00:00:00+00:00
[2026-01-30T21:34:39.972+0000] {processor.py:183} INFO - Processing /opt/airflow/dags/etl.py took 0.344 seconds
[2026-01-30T21:35:12.371+0000] {processor.py:161} INFO - Started process (PID=5347) to work on /opt/airflow/dags/etl.py
[2026-01-30T21:35:12.371+0000] {processor.py:830} INFO - Processing file /opt/airflow/dags/etl.py for tasks to queue
[2026-01-30T21:35:12.373+0000] {logging_mixin.py:188} INFO - [2026-01-30T21:35:12.373+0000] {dagbag.py:545} INFO - Filling up the DagBag from /opt/airflow/dags/etl.py
[2026-01-30T21:35:12.572+0000] {processor.py:840} INFO - DAG(s) 'etl_pipeline_final' retrieved from /opt/airflow/dags/etl.py
[2026-01-30T21:35:12.694+0000] {logging_mixin.py:188} INFO - [2026-01-30T21:35:12.694+0000] {dag.py:3096} INFO - Sync 1 DAGs
[2026-01-30T21:35:12.707+0000] {logging_mixin.py:188} INFO - [2026-01-30T21:35:12.707+0000] {dag.py:3954} INFO - Setting next_dagrun for etl_pipeline_final to 2026-01-29 00:00:00+00:00, run_after=2026-01-30 00:00:00+00:00
[2026-01-30T21:35:12.724+0000] {processor.py:183} INFO - Processing /opt/airflow/dags/etl.py took 0.362 seconds
[2026-01-30T21:35:44.991+0000] {processor.py:161} INFO - Started process (PID=5394) to work on /opt/airflow/dags/etl.py
[2026-01-30T21:35:44.993+0000] {processor.py:830} INFO - Processing file /opt/airflow/dags/etl.py for tasks to queue
[2026-01-30T21:35:44.995+0000] {logging_mixin.py:188} INFO - [2026-01-30T21:35:44.995+0000] {dagbag.py:545} INFO - Filling up the DagBag from /opt/airflow/dags/etl.py
[2026-01-30T21:35:45.217+0000] {processor.py:840} INFO - DAG(s) 'etl_pipeline_final' retrieved from /opt/airflow/dags/etl.py
[2026-01-30T21:35:45.240+0000] {logging_mixin.py:188} INFO - [2026-01-30T21:35:45.240+0000] {dag.py:3096} INFO - Sync 1 DAGs
[2026-01-30T21:35:45.259+0000] {logging_mixin.py:188} INFO - [2026-01-30T21:35:45.259+0000] {dag.py:3954} INFO - Setting next_dagrun for etl_pipeline_final to 2026-01-29 00:00:00+00:00, run_after=2026-01-30 00:00:00+00:00
[2026-01-30T21:35:45.275+0000] {processor.py:183} INFO - Processing /opt/airflow/dags/etl.py took 0.290 seconds
[2026-01-30T21:36:18.303+0000] {processor.py:161} INFO - Started process (PID=5441) to work on /opt/airflow/dags/etl.py
[2026-01-30T21:36:18.304+0000] {processor.py:830} INFO - Processing file /opt/airflow/dags/etl.py for tasks to queue
[2026-01-30T21:36:18.306+0000] {logging_mixin.py:188} INFO - [2026-01-30T21:36:18.305+0000] {dagbag.py:545} INFO - Filling up the DagBag from /opt/airflow/dags/etl.py
[2026-01-30T21:36:18.533+0000] {processor.py:840} INFO - DAG(s) 'etl_pipeline_final' retrieved from /opt/airflow/dags/etl.py
[2026-01-30T21:36:18.553+0000] {logging_mixin.py:188} INFO - [2026-01-30T21:36:18.552+0000] {dag.py:3096} INFO - Sync 1 DAGs
[2026-01-30T21:36:18.573+0000] {logging_mixin.py:188} INFO - [2026-01-30T21:36:18.573+0000] {dag.py:3954} INFO - Setting next_dagrun for etl_pipeline_final to 2026-01-29 00:00:00+00:00, run_after=2026-01-30 00:00:00+00:00
[2026-01-30T21:36:18.591+0000] {processor.py:183} INFO - Processing /opt/airflow/dags/etl.py took 0.294 seconds
[2026-01-30T21:36:51.233+0000] {processor.py:161} INFO - Started process (PID=5488) to work on /opt/airflow/dags/etl.py
[2026-01-30T21:36:51.236+0000] {processor.py:830} INFO - Processing file /opt/airflow/dags/etl.py for tasks to queue
[2026-01-30T21:36:51.239+0000] {logging_mixin.py:188} INFO - [2026-01-30T21:36:51.238+0000] {dagbag.py:545} INFO - Filling up the DagBag from /opt/airflow/dags/etl.py
[2026-01-30T21:36:51.440+0000] {processor.py:840} INFO - DAG(s) 'etl_pipeline_final' retrieved from /opt/airflow/dags/etl.py
[2026-01-30T21:36:51.465+0000] {logging_mixin.py:188} INFO - [2026-01-30T21:36:51.465+0000] {dag.py:3096} INFO - Sync 1 DAGs
[2026-01-30T21:36:51.484+0000] {logging_mixin.py:188} INFO - [2026-01-30T21:36:51.484+0000] {dag.py:3954} INFO - Setting next_dagrun for etl_pipeline_final to 2026-01-29 00:00:00+00:00, run_after=2026-01-30 00:00:00+00:00
[2026-01-30T21:36:51.601+0000] {processor.py:183} INFO - Processing /opt/airflow/dags/etl.py took 0.371 seconds
[2026-01-30T21:37:24.134+0000] {processor.py:161} INFO - Started process (PID=5535) to work on /opt/airflow/dags/etl.py
[2026-01-30T21:37:24.136+0000] {processor.py:830} INFO - Processing file /opt/airflow/dags/etl.py for tasks to queue
[2026-01-30T21:37:24.138+0000] {logging_mixin.py:188} INFO - [2026-01-30T21:37:24.137+0000] {dagbag.py:545} INFO - Filling up the DagBag from /opt/airflow/dags/etl.py
[2026-01-30T21:37:24.326+0000] {processor.py:840} INFO - DAG(s) 'etl_pipeline_final' retrieved from /opt/airflow/dags/etl.py
[2026-01-30T21:37:24.346+0000] {logging_mixin.py:188} INFO - [2026-01-30T21:37:24.346+0000] {dag.py:3096} INFO - Sync 1 DAGs
[2026-01-30T21:37:24.448+0000] {logging_mixin.py:188} INFO - [2026-01-30T21:37:24.448+0000] {dag.py:3954} INFO - Setting next_dagrun for etl_pipeline_final to 2026-01-29 00:00:00+00:00, run_after=2026-01-30 00:00:00+00:00
[2026-01-30T21:37:24.458+0000] {processor.py:183} INFO - Processing /opt/airflow/dags/etl.py took 0.327 seconds
[2026-01-30T21:37:56.953+0000] {processor.py:161} INFO - Started process (PID=5582) to work on /opt/airflow/dags/etl.py
[2026-01-30T21:37:56.953+0000] {processor.py:830} INFO - Processing file /opt/airflow/dags/etl.py for tasks to queue
[2026-01-30T21:37:56.955+0000] {logging_mixin.py:188} INFO - [2026-01-30T21:37:56.954+0000] {dagbag.py:545} INFO - Filling up the DagBag from /opt/airflow/dags/etl.py
[2026-01-30T21:37:57.157+0000] {processor.py:840} INFO - DAG(s) 'etl_pipeline_final' retrieved from /opt/airflow/dags/etl.py
[2026-01-30T21:37:57.278+0000] {logging_mixin.py:188} INFO - [2026-01-30T21:37:57.178+0000] {dag.py:3096} INFO - Sync 1 DAGs
[2026-01-30T21:37:57.289+0000] {logging_mixin.py:188} INFO - [2026-01-30T21:37:57.289+0000] {dag.py:3954} INFO - Setting next_dagrun for etl_pipeline_final to 2026-01-29 00:00:00+00:00, run_after=2026-01-30 00:00:00+00:00
[2026-01-30T21:37:57.300+0000] {processor.py:183} INFO - Processing /opt/airflow/dags/etl.py took 0.352 seconds
[2026-01-30T21:38:29.825+0000] {processor.py:161} INFO - Started process (PID=5629) to work on /opt/airflow/dags/etl.py
[2026-01-30T21:38:29.825+0000] {processor.py:830} INFO - Processing file /opt/airflow/dags/etl.py for tasks to queue
[2026-01-30T21:38:29.827+0000] {logging_mixin.py:188} INFO - [2026-01-30T21:38:29.826+0000] {dagbag.py:545} INFO - Filling up the DagBag from /opt/airflow/dags/etl.py
[2026-01-30T21:38:30.019+0000] {processor.py:840} INFO - DAG(s) 'etl_pipeline_final' retrieved from /opt/airflow/dags/etl.py
[2026-01-30T21:38:30.038+0000] {logging_mixin.py:188} INFO - [2026-01-30T21:38:30.037+0000] {dag.py:3096} INFO - Sync 1 DAGs
[2026-01-30T21:38:30.052+0000] {logging_mixin.py:188} INFO - [2026-01-30T21:38:30.052+0000] {dag.py:3954} INFO - Setting next_dagrun for etl_pipeline_final to 2026-01-29 00:00:00+00:00, run_after=2026-01-30 00:00:00+00:00
[2026-01-30T21:38:30.068+0000] {processor.py:183} INFO - Processing /opt/airflow/dags/etl.py took 0.247 seconds
[2026-01-30T21:39:02.714+0000] {processor.py:161} INFO - Started process (PID=5676) to work on /opt/airflow/dags/etl.py
[2026-01-30T21:39:02.716+0000] {processor.py:830} INFO - Processing file /opt/airflow/dags/etl.py for tasks to queue
[2026-01-30T21:39:02.717+0000] {logging_mixin.py:188} INFO - [2026-01-30T21:39:02.717+0000] {dagbag.py:545} INFO - Filling up the DagBag from /opt/airflow/dags/etl.py
[2026-01-30T21:39:02.905+0000] {processor.py:840} INFO - DAG(s) 'etl_pipeline_final' retrieved from /opt/airflow/dags/etl.py
[2026-01-30T21:39:02.925+0000] {logging_mixin.py:188} INFO - [2026-01-30T21:39:02.925+0000] {dag.py:3096} INFO - Sync 1 DAGs
[2026-01-30T21:39:02.941+0000] {logging_mixin.py:188} INFO - [2026-01-30T21:39:02.941+0000] {dag.py:3954} INFO - Setting next_dagrun for etl_pipeline_final to 2026-01-29 00:00:00+00:00, run_after=2026-01-30 00:00:00+00:00
[2026-01-30T21:39:02.960+0000] {processor.py:183} INFO - Processing /opt/airflow/dags/etl.py took 0.250 seconds
[2026-01-30T21:39:35.500+0000] {processor.py:161} INFO - Started process (PID=5723) to work on /opt/airflow/dags/etl.py
[2026-01-30T21:39:35.501+0000] {processor.py:830} INFO - Processing file /opt/airflow/dags/etl.py for tasks to queue
[2026-01-30T21:39:35.503+0000] {logging_mixin.py:188} INFO - [2026-01-30T21:39:35.503+0000] {dagbag.py:545} INFO - Filling up the DagBag from /opt/airflow/dags/etl.py
[2026-01-30T21:39:35.707+0000] {processor.py:840} INFO - DAG(s) 'etl_pipeline_final' retrieved from /opt/airflow/dags/etl.py
[2026-01-30T21:39:35.726+0000] {logging_mixin.py:188} INFO - [2026-01-30T21:39:35.726+0000] {dag.py:3096} INFO - Sync 1 DAGs
[2026-01-30T21:39:35.741+0000] {logging_mixin.py:188} INFO - [2026-01-30T21:39:35.741+0000] {dag.py:3954} INFO - Setting next_dagrun for etl_pipeline_final to 2026-01-29 00:00:00+00:00, run_after=2026-01-30 00:00:00+00:00
[2026-01-30T21:39:35.851+0000] {processor.py:183} INFO - Processing /opt/airflow/dags/etl.py took 0.356 seconds
[2026-01-30T21:40:08.366+0000] {processor.py:161} INFO - Started process (PID=5770) to work on /opt/airflow/dags/etl.py
[2026-01-30T21:40:08.368+0000] {processor.py:830} INFO - Processing file /opt/airflow/dags/etl.py for tasks to queue
[2026-01-30T21:40:08.369+0000] {logging_mixin.py:188} INFO - [2026-01-30T21:40:08.369+0000] {dagbag.py:545} INFO - Filling up the DagBag from /opt/airflow/dags/etl.py
[2026-01-30T21:40:08.583+0000] {processor.py:840} INFO - DAG(s) 'etl_pipeline_final' retrieved from /opt/airflow/dags/etl.py
[2026-01-30T21:40:08.604+0000] {logging_mixin.py:188} INFO - [2026-01-30T21:40:08.604+0000] {dag.py:3096} INFO - Sync 1 DAGs
[2026-01-30T21:40:08.713+0000] {logging_mixin.py:188} INFO - [2026-01-30T21:40:08.713+0000] {dag.py:3954} INFO - Setting next_dagrun for etl_pipeline_final to 2026-01-29 00:00:00+00:00, run_after=2026-01-30 00:00:00+00:00
[2026-01-30T21:40:08.728+0000] {processor.py:183} INFO - Processing /opt/airflow/dags/etl.py took 0.366 seconds
[2026-01-30T21:40:41.618+0000] {processor.py:161} INFO - Started process (PID=5817) to work on /opt/airflow/dags/etl.py
[2026-01-30T21:40:41.618+0000] {processor.py:830} INFO - Processing file /opt/airflow/dags/etl.py for tasks to queue
[2026-01-30T21:40:41.620+0000] {logging_mixin.py:188} INFO - [2026-01-30T21:40:41.619+0000] {dagbag.py:545} INFO - Filling up the DagBag from /opt/airflow/dags/etl.py
[2026-01-30T21:40:41.850+0000] {processor.py:840} INFO - DAG(s) 'etl_pipeline_final' retrieved from /opt/airflow/dags/etl.py
[2026-01-30T21:40:41.873+0000] {logging_mixin.py:188} INFO - [2026-01-30T21:40:41.872+0000] {dag.py:3096} INFO - Sync 1 DAGs
[2026-01-30T21:40:41.998+0000] {logging_mixin.py:188} INFO - [2026-01-30T21:40:41.998+0000] {dag.py:3954} INFO - Setting next_dagrun for etl_pipeline_final to 2026-01-29 00:00:00+00:00, run_after=2026-01-30 00:00:00+00:00
[2026-01-30T21:40:42.013+0000] {processor.py:183} INFO - Processing /opt/airflow/dags/etl.py took 0.399 seconds
[2026-01-30T21:41:14.880+0000] {processor.py:161} INFO - Started process (PID=5864) to work on /opt/airflow/dags/etl.py
[2026-01-30T21:41:14.881+0000] {processor.py:830} INFO - Processing file /opt/airflow/dags/etl.py for tasks to queue
[2026-01-30T21:41:14.883+0000] {logging_mixin.py:188} INFO - [2026-01-30T21:41:14.883+0000] {dagbag.py:545} INFO - Filling up the DagBag from /opt/airflow/dags/etl.py
[2026-01-30T21:41:15.132+0000] {processor.py:840} INFO - DAG(s) 'etl_pipeline_final' retrieved from /opt/airflow/dags/etl.py
[2026-01-30T21:41:15.264+0000] {logging_mixin.py:188} INFO - [2026-01-30T21:41:15.264+0000] {dag.py:3096} INFO - Sync 1 DAGs
[2026-01-30T21:41:15.277+0000] {logging_mixin.py:188} INFO - [2026-01-30T21:41:15.277+0000] {dag.py:3954} INFO - Setting next_dagrun for etl_pipeline_final to 2026-01-29 00:00:00+00:00, run_after=2026-01-30 00:00:00+00:00
[2026-01-30T21:41:15.290+0000] {processor.py:183} INFO - Processing /opt/airflow/dags/etl.py took 0.414 seconds
[2026-01-30T21:41:47.000+0000] {processor.py:161} INFO - Started process (PID=5911) to work on /opt/airflow/dags/etl.py
[2026-01-30T21:41:47.001+0000] {processor.py:830} INFO - Processing file /opt/airflow/dags/etl.py for tasks to queue
[2026-01-30T21:41:47.002+0000] {logging_mixin.py:188} INFO - [2026-01-30T21:41:47.002+0000] {dagbag.py:545} INFO - Filling up the DagBag from /opt/airflow/dags/etl.py
[2026-01-30T21:41:47.185+0000] {processor.py:840} INFO - DAG(s) 'etl_pipeline_final' retrieved from /opt/airflow/dags/etl.py
[2026-01-30T21:41:47.206+0000] {logging_mixin.py:188} INFO - [2026-01-30T21:41:47.205+0000] {dag.py:3096} INFO - Sync 1 DAGs
[2026-01-30T21:41:47.222+0000] {logging_mixin.py:188} INFO - [2026-01-30T21:41:47.222+0000] {dag.py:3954} INFO - Setting next_dagrun for etl_pipeline_final to 2026-01-29 00:00:00+00:00, run_after=2026-01-30 00:00:00+00:00
[2026-01-30T21:41:47.239+0000] {processor.py:183} INFO - Processing /opt/airflow/dags/etl.py took 0.243 seconds
[2026-01-30T21:42:20.731+0000] {processor.py:161} INFO - Started process (PID=5958) to work on /opt/airflow/dags/etl.py
[2026-01-30T21:42:20.733+0000] {processor.py:830} INFO - Processing file /opt/airflow/dags/etl.py for tasks to queue
[2026-01-30T21:42:20.736+0000] {logging_mixin.py:188} INFO - [2026-01-30T21:42:20.735+0000] {dagbag.py:545} INFO - Filling up the DagBag from /opt/airflow/dags/etl.py
[2026-01-30T21:42:21.061+0000] {processor.py:840} INFO - DAG(s) 'etl_pipeline_final' retrieved from /opt/airflow/dags/etl.py
[2026-01-30T21:42:21.098+0000] {logging_mixin.py:188} INFO - [2026-01-30T21:42:21.097+0000] {dag.py:3096} INFO - Sync 1 DAGs
[2026-01-30T21:42:21.124+0000] {logging_mixin.py:188} INFO - [2026-01-30T21:42:21.124+0000] {dag.py:3954} INFO - Setting next_dagrun for etl_pipeline_final to 2026-01-29 00:00:00+00:00, run_after=2026-01-30 00:00:00+00:00
[2026-01-30T21:42:21.148+0000] {processor.py:183} INFO - Processing /opt/airflow/dags/etl.py took 0.424 seconds
[2026-01-30T21:42:54.015+0000] {processor.py:161} INFO - Started process (PID=6005) to work on /opt/airflow/dags/etl.py
[2026-01-30T21:42:54.016+0000] {processor.py:830} INFO - Processing file /opt/airflow/dags/etl.py for tasks to queue
[2026-01-30T21:42:54.018+0000] {logging_mixin.py:188} INFO - [2026-01-30T21:42:54.018+0000] {dagbag.py:545} INFO - Filling up the DagBag from /opt/airflow/dags/etl.py
[2026-01-30T21:42:54.409+0000] {processor.py:840} INFO - DAG(s) 'etl_pipeline_final' retrieved from /opt/airflow/dags/etl.py
[2026-01-30T21:42:54.449+0000] {logging_mixin.py:188} INFO - [2026-01-30T21:42:54.448+0000] {dag.py:3096} INFO - Sync 1 DAGs
[2026-01-30T21:42:54.477+0000] {logging_mixin.py:188} INFO - [2026-01-30T21:42:54.477+0000] {dag.py:3954} INFO - Setting next_dagrun for etl_pipeline_final to 2026-01-29 00:00:00+00:00, run_after=2026-01-30 00:00:00+00:00
[2026-01-30T21:42:54.668+0000] {processor.py:183} INFO - Processing /opt/airflow/dags/etl.py took 0.660 seconds
[2026-01-30T21:43:27.145+0000] {processor.py:161} INFO - Started process (PID=6052) to work on /opt/airflow/dags/etl.py
[2026-01-30T21:43:27.146+0000] {processor.py:830} INFO - Processing file /opt/airflow/dags/etl.py for tasks to queue
[2026-01-30T21:43:27.148+0000] {logging_mixin.py:188} INFO - [2026-01-30T21:43:27.148+0000] {dagbag.py:545} INFO - Filling up the DagBag from /opt/airflow/dags/etl.py
[2026-01-30T21:43:27.454+0000] {processor.py:840} INFO - DAG(s) 'etl_pipeline_final' retrieved from /opt/airflow/dags/etl.py
[2026-01-30T21:43:27.485+0000] {logging_mixin.py:188} INFO - [2026-01-30T21:43:27.485+0000] {dag.py:3096} INFO - Sync 1 DAGs
[2026-01-30T21:43:27.655+0000] {logging_mixin.py:188} INFO - [2026-01-30T21:43:27.655+0000] {dag.py:3954} INFO - Setting next_dagrun for etl_pipeline_final to 2026-01-29 00:00:00+00:00, run_after=2026-01-30 00:00:00+00:00
[2026-01-30T21:43:27.675+0000] {processor.py:183} INFO - Processing /opt/airflow/dags/etl.py took 0.536 seconds
[2026-01-30T21:43:59.260+0000] {processor.py:161} INFO - Started process (PID=6099) to work on /opt/airflow/dags/etl.py
[2026-01-30T21:43:59.262+0000] {processor.py:830} INFO - Processing file /opt/airflow/dags/etl.py for tasks to queue
[2026-01-30T21:43:59.264+0000] {logging_mixin.py:188} INFO - [2026-01-30T21:43:59.264+0000] {dagbag.py:545} INFO - Filling up the DagBag from /opt/airflow/dags/etl.py
[2026-01-30T21:43:59.603+0000] {processor.py:840} INFO - DAG(s) 'etl_pipeline_final' retrieved from /opt/airflow/dags/etl.py
[2026-01-30T21:43:59.770+0000] {logging_mixin.py:188} INFO - [2026-01-30T21:43:59.634+0000] {dag.py:3096} INFO - Sync 1 DAGs
[2026-01-30T21:43:59.790+0000] {logging_mixin.py:188} INFO - [2026-01-30T21:43:59.789+0000] {dag.py:3954} INFO - Setting next_dagrun for etl_pipeline_final to 2026-01-29 00:00:00+00:00, run_after=2026-01-30 00:00:00+00:00
[2026-01-30T21:43:59.811+0000] {processor.py:183} INFO - Processing /opt/airflow/dags/etl.py took 0.560 seconds
[2026-01-30T21:44:30.816+0000] {processor.py:161} INFO - Started process (PID=6139) to work on /opt/airflow/dags/etl.py
[2026-01-30T21:44:30.819+0000] {processor.py:830} INFO - Processing file /opt/airflow/dags/etl.py for tasks to queue
[2026-01-30T21:44:30.821+0000] {logging_mixin.py:188} INFO - [2026-01-30T21:44:30.821+0000] {dagbag.py:545} INFO - Filling up the DagBag from /opt/airflow/dags/etl.py
[2026-01-30T21:44:31.157+0000] {processor.py:840} INFO - DAG(s) 'etl_pipeline_final' retrieved from /opt/airflow/dags/etl.py
[2026-01-30T21:44:31.374+0000] {logging_mixin.py:188} INFO - [2026-01-30T21:44:31.374+0000] {dag.py:3096} INFO - Sync 1 DAGs
[2026-01-30T21:44:31.399+0000] {logging_mixin.py:188} INFO - [2026-01-30T21:44:31.398+0000] {dag.py:3954} INFO - Setting next_dagrun for etl_pipeline_final to 2026-01-29 00:00:00+00:00, run_after=2026-01-30 00:00:00+00:00
[2026-01-30T21:44:31.424+0000] {processor.py:183} INFO - Processing /opt/airflow/dags/etl.py took 0.614 seconds
[2026-01-30T21:45:02.781+0000] {processor.py:161} INFO - Started process (PID=6183) to work on /opt/airflow/dags/etl.py
[2026-01-30T21:45:02.781+0000] {processor.py:830} INFO - Processing file /opt/airflow/dags/etl.py for tasks to queue
[2026-01-30T21:45:02.783+0000] {logging_mixin.py:188} INFO - [2026-01-30T21:45:02.783+0000] {dagbag.py:545} INFO - Filling up the DagBag from /opt/airflow/dags/etl.py
[2026-01-30T21:45:02.981+0000] {processor.py:840} INFO - DAG(s) 'etl_pipeline_final' retrieved from /opt/airflow/dags/etl.py
[2026-01-30T21:45:03.003+0000] {logging_mixin.py:188} INFO - [2026-01-30T21:45:03.002+0000] {dag.py:3096} INFO - Sync 1 DAGs
[2026-01-30T21:45:03.019+0000] {logging_mixin.py:188} INFO - [2026-01-30T21:45:03.019+0000] {dag.py:3954} INFO - Setting next_dagrun for etl_pipeline_final to 2026-01-29 00:00:00+00:00, run_after=2026-01-30 00:00:00+00:00
[2026-01-30T21:45:03.034+0000] {processor.py:183} INFO - Processing /opt/airflow/dags/etl.py took 0.257 seconds
[2026-01-30T21:45:33.760+0000] {processor.py:161} INFO - Started process (PID=6230) to work on /opt/airflow/dags/etl.py
[2026-01-30T21:45:33.762+0000] {processor.py:830} INFO - Processing file /opt/airflow/dags/etl.py for tasks to queue
[2026-01-30T21:45:33.763+0000] {logging_mixin.py:188} INFO - [2026-01-30T21:45:33.763+0000] {dagbag.py:545} INFO - Filling up the DagBag from /opt/airflow/dags/etl.py
[2026-01-30T21:45:35.765+0000] {processor.py:840} INFO - DAG(s) 'etl_pipeline_final' retrieved from /opt/airflow/dags/etl.py
[2026-01-30T21:45:35.788+0000] {logging_mixin.py:188} INFO - [2026-01-30T21:45:35.787+0000] {dag.py:3096} INFO - Sync 1 DAGs
[2026-01-30T21:45:35.807+0000] {logging_mixin.py:188} INFO - [2026-01-30T21:45:35.806+0000] {dag.py:3954} INFO - Setting next_dagrun for etl_pipeline_final to 2026-01-29 00:00:00+00:00, run_after=2026-01-30 00:00:00+00:00
[2026-01-30T21:45:35.825+0000] {processor.py:183} INFO - Processing /opt/airflow/dags/etl.py took 0.316 seconds
[2026-01-30T21:46:08.607+0000] {processor.py:161} INFO - Started process (PID=6277) to work on /opt/airflow/dags/etl.py
[2026-01-30T21:46:08.607+0000] {processor.py:830} INFO - Processing file /opt/airflow/dags/etl.py for tasks to queue
[2026-01-30T21:46:08.608+0000] {logging_mixin.py:188} INFO - [2026-01-30T21:46:08.608+0000] {dagbag.py:545} INFO - Filling up the DagBag from /opt/airflow/dags/etl.py
[2026-01-30T21:46:08.826+0000] {processor.py:840} INFO - DAG(s) 'etl_pipeline_final' retrieved from /opt/airflow/dags/etl.py
[2026-01-30T21:46:08.848+0000] {logging_mixin.py:188} INFO - [2026-01-30T21:46:08.848+0000] {dag.py:3096} INFO - Sync 1 DAGs
[2026-01-30T21:46:08.868+0000] {logging_mixin.py:188} INFO - [2026-01-30T21:46:08.868+0000] {dag.py:3954} INFO - Setting next_dagrun for etl_pipeline_final to 2026-01-29 00:00:00+00:00, run_after=2026-01-30 00:00:00+00:00
[2026-01-30T21:46:09.007+0000] {processor.py:183} INFO - Processing /opt/airflow/dags/etl.py took 0.405 seconds
[2026-01-30T21:46:41.643+0000] {processor.py:161} INFO - Started process (PID=6327) to work on /opt/airflow/dags/etl.py
[2026-01-30T21:46:41.645+0000] {processor.py:830} INFO - Processing file /opt/airflow/dags/etl.py for tasks to queue
[2026-01-30T21:46:41.646+0000] {logging_mixin.py:188} INFO - [2026-01-30T21:46:41.646+0000] {dagbag.py:545} INFO - Filling up the DagBag from /opt/airflow/dags/etl.py
[2026-01-30T21:46:41.843+0000] {processor.py:840} INFO - DAG(s) 'etl_pipeline_final' retrieved from /opt/airflow/dags/etl.py
[2026-01-30T21:46:41.864+0000] {logging_mixin.py:188} INFO - [2026-01-30T21:46:41.864+0000] {dag.py:3096} INFO - Sync 1 DAGs
[2026-01-30T21:46:41.995+0000] {logging_mixin.py:188} INFO - [2026-01-30T21:46:41.995+0000] {dag.py:3954} INFO - Setting next_dagrun for etl_pipeline_final to 2026-01-29 00:00:00+00:00, run_after=2026-01-30 00:00:00+00:00
[2026-01-30T21:46:42.014+0000] {processor.py:183} INFO - Processing /opt/airflow/dags/etl.py took 0.375 seconds
[2026-01-30T21:47:12.577+0000] {processor.py:161} INFO - Started process (PID=6371) to work on /opt/airflow/dags/etl.py
[2026-01-30T21:47:12.577+0000] {processor.py:830} INFO - Processing file /opt/airflow/dags/etl.py for tasks to queue
[2026-01-30T21:47:12.578+0000] {logging_mixin.py:188} INFO - [2026-01-30T21:47:12.578+0000] {dagbag.py:545} INFO - Filling up the DagBag from /opt/airflow/dags/etl.py
[2026-01-30T21:47:14.506+0000] {processor.py:840} INFO - DAG(s) 'etl_pipeline_final' retrieved from /opt/airflow/dags/etl.py
[2026-01-30T21:47:14.527+0000] {logging_mixin.py:188} INFO - [2026-01-30T21:47:14.526+0000] {dag.py:3096} INFO - Sync 1 DAGs
[2026-01-30T21:47:14.630+0000] {logging_mixin.py:188} INFO - [2026-01-30T21:47:14.629+0000] {dag.py:3954} INFO - Setting next_dagrun for etl_pipeline_final to 2026-01-29 00:00:00+00:00, run_after=2026-01-30 00:00:00+00:00
[2026-01-30T21:47:14.645+0000] {processor.py:183} INFO - Processing /opt/airflow/dags/etl.py took 0.322 seconds
[2026-01-30T21:47:47.377+0000] {processor.py:161} INFO - Started process (PID=6421) to work on /opt/airflow/dags/etl.py
[2026-01-30T21:47:47.378+0000] {processor.py:830} INFO - Processing file /opt/airflow/dags/etl.py for tasks to queue
[2026-01-30T21:47:47.379+0000] {logging_mixin.py:188} INFO - [2026-01-30T21:47:47.379+0000] {dagbag.py:545} INFO - Filling up the DagBag from /opt/airflow/dags/etl.py
[2026-01-30T21:47:47.590+0000] {processor.py:840} INFO - DAG(s) 'etl_pipeline_final' retrieved from /opt/airflow/dags/etl.py
[2026-01-30T21:47:47.712+0000] {logging_mixin.py:188} INFO - [2026-01-30T21:47:47.712+0000] {dag.py:3096} INFO - Sync 1 DAGs
[2026-01-30T21:47:47.729+0000] {logging_mixin.py:188} INFO - [2026-01-30T21:47:47.729+0000] {dag.py:3954} INFO - Setting next_dagrun for etl_pipeline_final to 2026-01-29 00:00:00+00:00, run_after=2026-01-30 00:00:00+00:00
[2026-01-30T21:47:47.745+0000] {processor.py:183} INFO - Processing /opt/airflow/dags/etl.py took 0.372 seconds
[2026-01-30T21:48:21.872+0000] {processor.py:161} INFO - Started process (PID=6475) to work on /opt/airflow/dags/etl.py
[2026-01-30T21:48:21.873+0000] {processor.py:830} INFO - Processing file /opt/airflow/dags/etl.py for tasks to queue
[2026-01-30T21:48:21.874+0000] {logging_mixin.py:188} INFO - [2026-01-30T21:48:21.874+0000] {dagbag.py:545} INFO - Filling up the DagBag from /opt/airflow/dags/etl.py
[2026-01-30T21:48:22.165+0000] {processor.py:840} INFO - DAG(s) 'etl_pipeline_final' retrieved from /opt/airflow/dags/etl.py
[2026-01-30T21:48:22.195+0000] {logging_mixin.py:188} INFO - [2026-01-30T21:48:22.194+0000] {dag.py:3096} INFO - Sync 1 DAGs
[2026-01-30T21:48:22.215+0000] {logging_mixin.py:188} INFO - [2026-01-30T21:48:22.215+0000] {dag.py:3954} INFO - Setting next_dagrun for etl_pipeline_final to 2026-01-29 00:00:00+00:00, run_after=2026-01-30 00:00:00+00:00
[2026-01-30T21:48:22.236+0000] {processor.py:183} INFO - Processing /opt/airflow/dags/etl.py took 0.370 seconds
[2026-01-30T21:48:55.885+0000] {processor.py:161} INFO - Started process (PID=6522) to work on /opt/airflow/dags/etl.py
[2026-01-30T21:48:55.887+0000] {processor.py:830} INFO - Processing file /opt/airflow/dags/etl.py for tasks to queue
[2026-01-30T21:48:55.889+0000] {logging_mixin.py:188} INFO - [2026-01-30T21:48:55.889+0000] {dagbag.py:545} INFO - Filling up the DagBag from /opt/airflow/dags/etl.py
[2026-01-30T21:48:56.209+0000] {processor.py:840} INFO - DAG(s) 'etl_pipeline_final' retrieved from /opt/airflow/dags/etl.py
[2026-01-30T21:48:56.238+0000] {logging_mixin.py:188} INFO - [2026-01-30T21:48:56.237+0000] {dag.py:3096} INFO - Sync 1 DAGs
[2026-01-30T21:48:56.260+0000] {logging_mixin.py:188} INFO - [2026-01-30T21:48:56.260+0000] {dag.py:3954} INFO - Setting next_dagrun for etl_pipeline_final to 2026-01-29 00:00:00+00:00, run_after=2026-01-30 00:00:00+00:00
[2026-01-30T21:48:56.283+0000] {processor.py:183} INFO - Processing /opt/airflow/dags/etl.py took 0.406 seconds
[2026-01-30T21:49:28.019+0000] {processor.py:161} INFO - Started process (PID=6569) to work on /opt/airflow/dags/etl.py
[2026-01-30T21:49:28.019+0000] {processor.py:830} INFO - Processing file /opt/airflow/dags/etl.py for tasks to queue
[2026-01-30T21:49:28.021+0000] {logging_mixin.py:188} INFO - [2026-01-30T21:49:28.021+0000] {dagbag.py:545} INFO - Filling up the DagBag from /opt/airflow/dags/etl.py
[2026-01-30T21:49:28.284+0000] {processor.py:840} INFO - DAG(s) 'etl_pipeline_final' retrieved from /opt/airflow/dags/etl.py
[2026-01-30T21:49:28.318+0000] {logging_mixin.py:188} INFO - [2026-01-30T21:49:28.317+0000] {dag.py:3096} INFO - Sync 1 DAGs
[2026-01-30T21:49:28.348+0000] {logging_mixin.py:188} INFO - [2026-01-30T21:49:28.348+0000] {dag.py:3954} INFO - Setting next_dagrun for etl_pipeline_final to 2026-01-29 00:00:00+00:00, run_after=2026-01-30 00:00:00+00:00
[2026-01-30T21:49:28.498+0000] {processor.py:183} INFO - Processing /opt/airflow/dags/etl.py took 0.484 seconds
[2026-01-30T21:50:01.685+0000] {processor.py:161} INFO - Started process (PID=6616) to work on /opt/airflow/dags/etl.py
[2026-01-30T21:50:01.687+0000] {processor.py:830} INFO - Processing file /opt/airflow/dags/etl.py for tasks to queue
[2026-01-30T21:50:01.689+0000] {logging_mixin.py:188} INFO - [2026-01-30T21:50:01.689+0000] {dagbag.py:545} INFO - Filling up the DagBag from /opt/airflow/dags/etl.py
[2026-01-30T21:50:02.000+0000] {processor.py:840} INFO - DAG(s) 'etl_pipeline_final' retrieved from /opt/airflow/dags/etl.py
[2026-01-30T21:50:02.031+0000] {logging_mixin.py:188} INFO - [2026-01-30T21:50:02.031+0000] {dag.py:3096} INFO - Sync 1 DAGs
[2026-01-30T21:50:02.191+0000] {logging_mixin.py:188} INFO - [2026-01-30T21:50:02.191+0000] {dag.py:3954} INFO - Setting next_dagrun for etl_pipeline_final to 2026-01-29 00:00:00+00:00, run_after=2026-01-30 00:00:00+00:00
[2026-01-30T21:50:02.210+0000] {processor.py:183} INFO - Processing /opt/airflow/dags/etl.py took 0.531 seconds
[2026-01-30T21:50:34.419+0000] {processor.py:161} INFO - Started process (PID=6663) to work on /opt/airflow/dags/etl.py
[2026-01-30T21:50:34.420+0000] {processor.py:830} INFO - Processing file /opt/airflow/dags/etl.py for tasks to queue
[2026-01-30T21:50:34.422+0000] {logging_mixin.py:188} INFO - [2026-01-30T21:50:34.421+0000] {dagbag.py:545} INFO - Filling up the DagBag from /opt/airflow/dags/etl.py
[2026-01-30T21:50:34.759+0000] {processor.py:840} INFO - DAG(s) 'etl_pipeline_final' retrieved from /opt/airflow/dags/etl.py
[2026-01-30T21:50:34.940+0000] {logging_mixin.py:188} INFO - [2026-01-30T21:50:34.796+0000] {dag.py:3096} INFO - Sync 1 DAGs
[2026-01-30T21:50:34.969+0000] {logging_mixin.py:188} INFO - [2026-01-30T21:50:34.968+0000] {dag.py:3954} INFO - Setting next_dagrun for etl_pipeline_final to 2026-01-29 00:00:00+00:00, run_after=2026-01-30 00:00:00+00:00
[2026-01-30T21:50:34.993+0000] {processor.py:183} INFO - Processing /opt/airflow/dags/etl.py took 0.581 seconds
[2026-01-30T21:51:05.196+0000] {processor.py:161} INFO - Started process (PID=6703) to work on /opt/airflow/dags/etl.py
[2026-01-30T21:51:05.198+0000] {processor.py:830} INFO - Processing file /opt/airflow/dags/etl.py for tasks to queue
[2026-01-30T21:51:05.199+0000] {logging_mixin.py:188} INFO - [2026-01-30T21:51:05.199+0000] {dagbag.py:545} INFO - Filling up the DagBag from /opt/airflow/dags/etl.py
[2026-01-30T21:51:05.506+0000] {processor.py:840} INFO - DAG(s) 'etl_pipeline_final' retrieved from /opt/airflow/dags/etl.py
[2026-01-30T21:51:05.726+0000] {logging_mixin.py:188} INFO - [2026-01-30T21:51:05.726+0000] {dag.py:3096} INFO - Sync 1 DAGs
[2026-01-30T21:51:05.754+0000] {logging_mixin.py:188} INFO - [2026-01-30T21:51:05.754+0000] {dag.py:3954} INFO - Setting next_dagrun for etl_pipeline_final to 2026-01-29 00:00:00+00:00, run_after=2026-01-30 00:00:00+00:00
[2026-01-30T21:51:05.782+0000] {processor.py:183} INFO - Processing /opt/airflow/dags/etl.py took 0.595 seconds
[2026-01-30T21:51:37.848+0000] {processor.py:161} INFO - Started process (PID=6750) to work on /opt/airflow/dags/etl.py
[2026-01-30T21:51:37.848+0000] {processor.py:830} INFO - Processing file /opt/airflow/dags/etl.py for tasks to queue
[2026-01-30T21:51:37.850+0000] {logging_mixin.py:188} INFO - [2026-01-30T21:51:37.849+0000] {dagbag.py:545} INFO - Filling up the DagBag from /opt/airflow/dags/etl.py
[2026-01-30T21:51:38.023+0000] {processor.py:840} INFO - DAG(s) 'etl_pipeline_final' retrieved from /opt/airflow/dags/etl.py
[2026-01-30T21:51:38.155+0000] {logging_mixin.py:188} INFO - [2026-01-30T21:51:38.155+0000] {dag.py:3096} INFO - Sync 1 DAGs
[2026-01-30T21:51:38.169+0000] {logging_mixin.py:188} INFO - [2026-01-30T21:51:38.169+0000] {dag.py:3954} INFO - Setting next_dagrun for etl_pipeline_final to 2026-01-29 00:00:00+00:00, run_after=2026-01-30 00:00:00+00:00
[2026-01-30T21:51:38.185+0000] {processor.py:183} INFO - Processing /opt/airflow/dags/etl.py took 0.341 seconds
[2026-01-30T21:52:10.964+0000] {processor.py:161} INFO - Started process (PID=6797) to work on /opt/airflow/dags/etl.py
[2026-01-30T21:52:10.967+0000] {processor.py:830} INFO - Processing file /opt/airflow/dags/etl.py for tasks to queue
[2026-01-30T21:52:10.970+0000] {logging_mixin.py:188} INFO - [2026-01-30T21:52:10.969+0000] {dagbag.py:545} INFO - Filling up the DagBag from /opt/airflow/dags/etl.py
[2026-01-30T21:52:11.181+0000] {processor.py:840} INFO - DAG(s) 'etl_pipeline_final' retrieved from /opt/airflow/dags/etl.py
[2026-01-30T21:52:11.204+0000] {logging_mixin.py:188} INFO - [2026-01-30T21:52:11.203+0000] {dag.py:3096} INFO - Sync 1 DAGs
[2026-01-30T21:52:11.223+0000] {logging_mixin.py:188} INFO - [2026-01-30T21:52:11.222+0000] {dag.py:3954} INFO - Setting next_dagrun for etl_pipeline_final to 2026-01-29 00:00:00+00:00, run_after=2026-01-30 00:00:00+00:00
[2026-01-30T21:52:11.242+0000] {processor.py:183} INFO - Processing /opt/airflow/dags/etl.py took 0.286 seconds
[2026-01-30T21:52:43.771+0000] {processor.py:161} INFO - Started process (PID=6844) to work on /opt/airflow/dags/etl.py
[2026-01-30T21:52:43.773+0000] {processor.py:830} INFO - Processing file /opt/airflow/dags/etl.py for tasks to queue
[2026-01-30T21:52:43.775+0000] {logging_mixin.py:188} INFO - [2026-01-30T21:52:43.774+0000] {dagbag.py:545} INFO - Filling up the DagBag from /opt/airflow/dags/etl.py
[2026-01-30T21:52:44.146+0000] {processor.py:840} INFO - DAG(s) 'etl_pipeline_final' retrieved from /opt/airflow/dags/etl.py
[2026-01-30T21:52:44.182+0000] {logging_mixin.py:188} INFO - [2026-01-30T21:52:44.181+0000] {dag.py:3096} INFO - Sync 1 DAGs
[2026-01-30T21:52:44.208+0000] {logging_mixin.py:188} INFO - [2026-01-30T21:52:44.208+0000] {dag.py:3954} INFO - Setting next_dagrun for etl_pipeline_final to 2026-01-29 00:00:00+00:00, run_after=2026-01-30 00:00:00+00:00
[2026-01-30T21:52:44.350+0000] {processor.py:183} INFO - Processing /opt/airflow/dags/etl.py took 0.586 seconds
[2026-01-30T21:53:20.405+0000] {processor.py:161} INFO - Started process (PID=6892) to work on /opt/airflow/dags/etl.py
[2026-01-30T21:53:20.407+0000] {processor.py:830} INFO - Processing file /opt/airflow/dags/etl.py for tasks to queue
[2026-01-30T21:53:20.410+0000] {logging_mixin.py:188} INFO - [2026-01-30T21:53:20.409+0000] {dagbag.py:545} INFO - Filling up the DagBag from /opt/airflow/dags/etl.py
[2026-01-30T21:53:20.693+0000] {processor.py:840} INFO - DAG(s) 'etl_pipeline_final' retrieved from /opt/airflow/dags/etl.py
[2026-01-30T21:53:20.724+0000] {logging_mixin.py:188} INFO - [2026-01-30T21:53:20.724+0000] {dag.py:3096} INFO - Sync 1 DAGs
[2026-01-30T21:53:20.880+0000] {logging_mixin.py:188} INFO - [2026-01-30T21:53:20.879+0000] {dag.py:3954} INFO - Setting next_dagrun for etl_pipeline_final to 2026-01-29 00:00:00+00:00, run_after=2026-01-30 00:00:00+00:00
[2026-01-30T21:53:20.905+0000] {processor.py:183} INFO - Processing /opt/airflow/dags/etl.py took 0.508 seconds
[2026-01-30T21:53:52.438+0000] {processor.py:161} INFO - Started process (PID=6936) to work on /opt/airflow/dags/etl.py
[2026-01-30T21:53:52.439+0000] {processor.py:830} INFO - Processing file /opt/airflow/dags/etl.py for tasks to queue
[2026-01-30T21:53:52.441+0000] {logging_mixin.py:188} INFO - [2026-01-30T21:53:52.441+0000] {dagbag.py:545} INFO - Filling up the DagBag from /opt/airflow/dags/etl.py
[2026-01-30T21:53:52.740+0000] {processor.py:840} INFO - DAG(s) 'etl_pipeline_final' retrieved from /opt/airflow/dags/etl.py
[2026-01-30T21:53:52.886+0000] {logging_mixin.py:188} INFO - [2026-01-30T21:53:52.768+0000] {dag.py:3096} INFO - Sync 1 DAGs
[2026-01-30T21:53:52.914+0000] {logging_mixin.py:188} INFO - [2026-01-30T21:53:52.913+0000] {dag.py:3954} INFO - Setting next_dagrun for etl_pipeline_final to 2026-01-29 00:00:00+00:00, run_after=2026-01-30 00:00:00+00:00
[2026-01-30T21:53:52.944+0000] {processor.py:183} INFO - Processing /opt/airflow/dags/etl.py took 0.513 seconds
[2026-01-30T21:54:23.702+0000] {processor.py:161} INFO - Started process (PID=6965) to work on /opt/airflow/dags/etl.py
[2026-01-30T21:54:23.705+0000] {processor.py:830} INFO - Processing file /opt/airflow/dags/etl.py for tasks to queue
[2026-01-30T21:54:23.711+0000] {logging_mixin.py:188} INFO - [2026-01-30T21:54:23.710+0000] {dagbag.py:545} INFO - Filling up the DagBag from /opt/airflow/dags/etl.py
[2026-01-30T21:54:24.308+0000] {processor.py:840} INFO - DAG(s) 'etl_pipeline_final' retrieved from /opt/airflow/dags/etl.py
[2026-01-30T21:54:24.524+0000] {logging_mixin.py:188} INFO - [2026-01-30T21:54:24.523+0000] {dag.py:3096} INFO - Sync 1 DAGs
[2026-01-30T21:54:24.546+0000] {logging_mixin.py:188} INFO - [2026-01-30T21:54:24.546+0000] {dag.py:3954} INFO - Setting next_dagrun for etl_pipeline_final to 2026-01-29 00:00:00+00:00, run_after=2026-01-30 00:00:00+00:00
[2026-01-30T21:54:24.571+0000] {processor.py:183} INFO - Processing /opt/airflow/dags/etl.py took 0.892 seconds
[2026-01-30T21:54:55.157+0000] {processor.py:161} INFO - Started process (PID=7008) to work on /opt/airflow/dags/etl.py
[2026-01-30T21:54:55.158+0000] {processor.py:830} INFO - Processing file /opt/airflow/dags/etl.py for tasks to queue
[2026-01-30T21:54:55.159+0000] {logging_mixin.py:188} INFO - [2026-01-30T21:54:55.159+0000] {dagbag.py:545} INFO - Filling up the DagBag from /opt/airflow/dags/etl.py
[2026-01-30T21:54:55.409+0000] {processor.py:840} INFO - DAG(s) 'etl_pipeline_final' retrieved from /opt/airflow/dags/etl.py
[2026-01-30T21:54:55.562+0000] {logging_mixin.py:188} INFO - [2026-01-30T21:54:55.562+0000] {dag.py:3096} INFO - Sync 1 DAGs
[2026-01-30T21:54:55.574+0000] {logging_mixin.py:188} INFO - [2026-01-30T21:54:55.574+0000] {dag.py:3954} INFO - Setting next_dagrun for etl_pipeline_final to 2026-01-29 00:00:00+00:00, run_after=2026-01-30 00:00:00+00:00
[2026-01-30T21:54:55.587+0000] {processor.py:183} INFO - Processing /opt/airflow/dags/etl.py took 0.435 seconds
[2026-01-30T21:55:28.036+0000] {processor.py:161} INFO - Started process (PID=7058) to work on /opt/airflow/dags/etl.py
[2026-01-30T21:55:28.037+0000] {processor.py:830} INFO - Processing file /opt/airflow/dags/etl.py for tasks to queue
[2026-01-30T21:55:28.038+0000] {logging_mixin.py:188} INFO - [2026-01-30T21:55:28.038+0000] {dagbag.py:545} INFO - Filling up the DagBag from /opt/airflow/dags/etl.py
[2026-01-30T21:55:28.226+0000] {processor.py:840} INFO - DAG(s) 'etl_pipeline_final' retrieved from /opt/airflow/dags/etl.py
[2026-01-30T21:55:28.248+0000] {logging_mixin.py:188} INFO - [2026-01-30T21:55:28.247+0000] {dag.py:3096} INFO - Sync 1 DAGs
[2026-01-30T21:55:28.264+0000] {logging_mixin.py:188} INFO - [2026-01-30T21:55:28.264+0000] {dag.py:3954} INFO - Setting next_dagrun for etl_pipeline_final to 2026-01-29 00:00:00+00:00, run_after=2026-01-30 00:00:00+00:00
[2026-01-30T21:55:28.279+0000] {processor.py:183} INFO - Processing /opt/airflow/dags/etl.py took 0.246 seconds
[2026-01-30T21:55:58.923+0000] {processor.py:161} INFO - Started process (PID=7102) to work on /opt/airflow/dags/etl.py
[2026-01-30T21:55:58.924+0000] {processor.py:830} INFO - Processing file /opt/airflow/dags/etl.py for tasks to queue
[2026-01-30T21:55:58.925+0000] {logging_mixin.py:188} INFO - [2026-01-30T21:55:58.925+0000] {dagbag.py:545} INFO - Filling up the DagBag from /opt/airflow/dags/etl.py
[2026-01-30T21:55:59.115+0000] {processor.py:840} INFO - DAG(s) 'etl_pipeline_final' retrieved from /opt/airflow/dags/etl.py
[2026-01-30T21:56:00.891+0000] {logging_mixin.py:188} INFO - [2026-01-30T21:56:00.891+0000] {dag.py:3096} INFO - Sync 1 DAGs
[2026-01-30T21:56:00.908+0000] {logging_mixin.py:188} INFO - [2026-01-30T21:56:00.908+0000] {dag.py:3954} INFO - Setting next_dagrun for etl_pipeline_final to 2026-01-29 00:00:00+00:00, run_after=2026-01-30 00:00:00+00:00
[2026-01-30T21:56:01.019+0000] {processor.py:183} INFO - Processing /opt/airflow/dags/etl.py took 0.348 seconds
[2026-01-30T21:56:34.046+0000] {processor.py:161} INFO - Started process (PID=7152) to work on /opt/airflow/dags/etl.py
[2026-01-30T21:56:34.049+0000] {processor.py:830} INFO - Processing file /opt/airflow/dags/etl.py for tasks to queue
[2026-01-30T21:56:34.051+0000] {logging_mixin.py:188} INFO - [2026-01-30T21:56:34.051+0000] {dagbag.py:545} INFO - Filling up the DagBag from /opt/airflow/dags/etl.py
[2026-01-30T21:56:34.341+0000] {processor.py:840} INFO - DAG(s) 'etl_pipeline_final' retrieved from /opt/airflow/dags/etl.py
[2026-01-30T21:56:34.365+0000] {logging_mixin.py:188} INFO - [2026-01-30T21:56:34.365+0000] {dag.py:3096} INFO - Sync 1 DAGs
[2026-01-30T21:56:34.502+0000] {logging_mixin.py:188} INFO - [2026-01-30T21:56:34.502+0000] {dag.py:3954} INFO - Setting next_dagrun for etl_pipeline_final to 2026-01-29 00:00:00+00:00, run_after=2026-01-30 00:00:00+00:00
[2026-01-30T21:56:34.521+0000] {processor.py:183} INFO - Processing /opt/airflow/dags/etl.py took 0.487 seconds
[2026-01-30T21:57:04.892+0000] {processor.py:161} INFO - Started process (PID=7196) to work on /opt/airflow/dags/etl.py
[2026-01-30T21:57:04.892+0000] {processor.py:830} INFO - Processing file /opt/airflow/dags/etl.py for tasks to queue
[2026-01-30T21:57:04.894+0000] {logging_mixin.py:188} INFO - [2026-01-30T21:57:04.893+0000] {dagbag.py:545} INFO - Filling up the DagBag from /opt/airflow/dags/etl.py
[2026-01-30T21:57:06.851+0000] {processor.py:840} INFO - DAG(s) 'etl_pipeline_final' retrieved from /opt/airflow/dags/etl.py
[2026-01-30T21:57:06.977+0000] {logging_mixin.py:188} INFO - [2026-01-30T21:57:06.868+0000] {dag.py:3096} INFO - Sync 1 DAGs
[2026-01-30T21:57:06.990+0000] {logging_mixin.py:188} INFO - [2026-01-30T21:57:06.989+0000] {dag.py:3954} INFO - Setting next_dagrun for etl_pipeline_final to 2026-01-29 00:00:00+00:00, run_after=2026-01-30 00:00:00+00:00
[2026-01-30T21:57:07.002+0000] {processor.py:183} INFO - Processing /opt/airflow/dags/etl.py took 0.358 seconds
[2026-01-30T21:57:39.835+0000] {processor.py:161} INFO - Started process (PID=7246) to work on /opt/airflow/dags/etl.py
[2026-01-30T21:57:39.838+0000] {processor.py:830} INFO - Processing file /opt/airflow/dags/etl.py for tasks to queue
[2026-01-30T21:57:39.840+0000] {logging_mixin.py:188} INFO - [2026-01-30T21:57:39.840+0000] {dagbag.py:545} INFO - Filling up the DagBag from /opt/airflow/dags/etl.py
[2026-01-30T21:57:40.070+0000] {processor.py:840} INFO - DAG(s) 'etl_pipeline_final' retrieved from /opt/airflow/dags/etl.py
[2026-01-30T21:57:40.220+0000] {logging_mixin.py:188} INFO - [2026-01-30T21:57:40.220+0000] {dag.py:3096} INFO - Sync 1 DAGs
[2026-01-30T21:57:40.235+0000] {logging_mixin.py:188} INFO - [2026-01-30T21:57:40.235+0000] {dag.py:3954} INFO - Setting next_dagrun for etl_pipeline_final to 2026-01-29 00:00:00+00:00, run_after=2026-01-30 00:00:00+00:00
[2026-01-30T21:57:40.254+0000] {processor.py:183} INFO - Processing /opt/airflow/dags/etl.py took 0.426 seconds
[2026-01-30T21:58:12.951+0000] {processor.py:161} INFO - Started process (PID=7293) to work on /opt/airflow/dags/etl.py
[2026-01-30T21:58:12.951+0000] {processor.py:830} INFO - Processing file /opt/airflow/dags/etl.py for tasks to queue
[2026-01-30T21:58:12.953+0000] {logging_mixin.py:188} INFO - [2026-01-30T21:58:12.952+0000] {dagbag.py:545} INFO - Filling up the DagBag from /opt/airflow/dags/etl.py
[2026-01-30T21:58:13.247+0000] {processor.py:840} INFO - DAG(s) 'etl_pipeline_final' retrieved from /opt/airflow/dags/etl.py
[2026-01-30T21:58:13.266+0000] {logging_mixin.py:188} INFO - [2026-01-30T21:58:13.265+0000] {dag.py:3096} INFO - Sync 1 DAGs
[2026-01-30T21:58:13.278+0000] {logging_mixin.py:188} INFO - [2026-01-30T21:58:13.277+0000] {dag.py:3954} INFO - Setting next_dagrun for etl_pipeline_final to 2026-01-29 00:00:00+00:00, run_after=2026-01-30 00:00:00+00:00
[2026-01-30T21:58:13.292+0000] {processor.py:183} INFO - Processing /opt/airflow/dags/etl.py took 0.346 seconds
[2026-01-30T21:58:43.578+0000] {processor.py:161} INFO - Started process (PID=7337) to work on /opt/airflow/dags/etl.py
[2026-01-30T21:58:43.580+0000] {processor.py:830} INFO - Processing file /opt/airflow/dags/etl.py for tasks to queue
[2026-01-30T21:58:43.582+0000] {logging_mixin.py:188} INFO - [2026-01-30T21:58:43.581+0000] {dagbag.py:545} INFO - Filling up the DagBag from /opt/airflow/dags/etl.py
[2026-01-30T21:58:45.535+0000] {processor.py:840} INFO - DAG(s) 'etl_pipeline_final' retrieved from /opt/airflow/dags/etl.py
[2026-01-30T21:58:45.553+0000] {logging_mixin.py:188} INFO - [2026-01-30T21:58:45.553+0000] {dag.py:3096} INFO - Sync 1 DAGs
[2026-01-30T21:58:45.567+0000] {logging_mixin.py:188} INFO - [2026-01-30T21:58:45.567+0000] {dag.py:3954} INFO - Setting next_dagrun for etl_pipeline_final to 2026-01-29 00:00:00+00:00, run_after=2026-01-30 00:00:00+00:00
[2026-01-30T21:58:45.583+0000] {processor.py:183} INFO - Processing /opt/airflow/dags/etl.py took 0.251 seconds
[2026-01-30T21:59:16.572+0000] {processor.py:161} INFO - Started process (PID=7384) to work on /opt/airflow/dags/etl.py
[2026-01-30T21:59:16.573+0000] {processor.py:830} INFO - Processing file /opt/airflow/dags/etl.py for tasks to queue
[2026-01-30T21:59:16.574+0000] {logging_mixin.py:188} INFO - [2026-01-30T21:59:16.574+0000] {dagbag.py:545} INFO - Filling up the DagBag from /opt/airflow/dags/etl.py
[2026-01-30T21:59:18.593+0000] {processor.py:840} INFO - DAG(s) 'etl_pipeline_final' retrieved from /opt/airflow/dags/etl.py
[2026-01-30T21:59:18.623+0000] {logging_mixin.py:188} INFO - [2026-01-30T21:59:18.622+0000] {dag.py:3096} INFO - Sync 1 DAGs
[2026-01-30T21:59:18.651+0000] {logging_mixin.py:188} INFO - [2026-01-30T21:59:18.651+0000] {dag.py:3954} INFO - Setting next_dagrun for etl_pipeline_final to 2026-01-29 00:00:00+00:00, run_after=2026-01-30 00:00:00+00:00
[2026-01-30T21:59:18.817+0000] {processor.py:183} INFO - Processing /opt/airflow/dags/etl.py took 0.496 seconds
[2026-01-30T21:59:51.440+0000] {processor.py:161} INFO - Started process (PID=7431) to work on /opt/airflow/dags/etl.py
[2026-01-30T21:59:51.443+0000] {processor.py:830} INFO - Processing file /opt/airflow/dags/etl.py for tasks to queue
[2026-01-30T21:59:51.444+0000] {logging_mixin.py:188} INFO - [2026-01-30T21:59:51.444+0000] {dagbag.py:545} INFO - Filling up the DagBag from /opt/airflow/dags/etl.py
[2026-01-30T21:59:51.676+0000] {processor.py:840} INFO - DAG(s) 'etl_pipeline_final' retrieved from /opt/airflow/dags/etl.py
[2026-01-30T21:59:51.699+0000] {logging_mixin.py:188} INFO - [2026-01-30T21:59:51.699+0000] {dag.py:3096} INFO - Sync 1 DAGs
[2026-01-30T21:59:51.834+0000] {logging_mixin.py:188} INFO - [2026-01-30T21:59:51.833+0000] {dag.py:3954} INFO - Setting next_dagrun for etl_pipeline_final to 2026-01-29 00:00:00+00:00, run_after=2026-01-30 00:00:00+00:00
[2026-01-30T21:59:51.850+0000] {processor.py:183} INFO - Processing /opt/airflow/dags/etl.py took 0.415 seconds
[2026-01-30T22:00:24.546+0000] {processor.py:161} INFO - Started process (PID=7481) to work on /opt/airflow/dags/etl.py
[2026-01-30T22:00:24.547+0000] {processor.py:830} INFO - Processing file /opt/airflow/dags/etl.py for tasks to queue
[2026-01-30T22:00:24.548+0000] {logging_mixin.py:188} INFO - [2026-01-30T22:00:24.548+0000] {dagbag.py:545} INFO - Filling up the DagBag from /opt/airflow/dags/etl.py
[2026-01-30T22:00:24.823+0000] {processor.py:840} INFO - DAG(s) 'etl_pipeline_final' retrieved from /opt/airflow/dags/etl.py
[2026-01-30T22:00:24.979+0000] {logging_mixin.py:188} INFO - [2026-01-30T22:00:24.852+0000] {dag.py:3096} INFO - Sync 1 DAGs
[2026-01-30T22:00:24.998+0000] {logging_mixin.py:188} INFO - [2026-01-30T22:00:24.998+0000] {dag.py:3954} INFO - Setting next_dagrun for etl_pipeline_final to 2026-01-29 00:00:00+00:00, run_after=2026-01-30 00:00:00+00:00
[2026-01-30T22:00:25.016+0000] {processor.py:183} INFO - Processing /opt/airflow/dags/etl.py took 0.475 seconds
[2026-01-30T22:00:55.365+0000] {processor.py:161} INFO - Started process (PID=7525) to work on /opt/airflow/dags/etl.py
[2026-01-30T22:00:55.367+0000] {processor.py:830} INFO - Processing file /opt/airflow/dags/etl.py for tasks to queue
[2026-01-30T22:00:55.368+0000] {logging_mixin.py:188} INFO - [2026-01-30T22:00:55.368+0000] {dagbag.py:545} INFO - Filling up the DagBag from /opt/airflow/dags/etl.py
[2026-01-30T22:00:57.335+0000] {processor.py:840} INFO - DAG(s) 'etl_pipeline_final' retrieved from /opt/airflow/dags/etl.py
[2026-01-30T22:00:57.479+0000] {logging_mixin.py:188} INFO - [2026-01-30T22:00:57.478+0000] {dag.py:3096} INFO - Sync 1 DAGs
[2026-01-30T22:00:57.494+0000] {logging_mixin.py:188} INFO - [2026-01-30T22:00:57.494+0000] {dag.py:3954} INFO - Setting next_dagrun for etl_pipeline_final to 2026-01-29 00:00:00+00:00, run_after=2026-01-30 00:00:00+00:00
[2026-01-30T22:00:57.511+0000] {processor.py:183} INFO - Processing /opt/airflow/dags/etl.py took 0.393 seconds
[2026-01-30T22:01:30.601+0000] {processor.py:161} INFO - Started process (PID=7575) to work on /opt/airflow/dags/etl.py
[2026-01-30T22:01:30.602+0000] {processor.py:830} INFO - Processing file /opt/airflow/dags/etl.py for tasks to queue
[2026-01-30T22:01:30.604+0000] {logging_mixin.py:188} INFO - [2026-01-30T22:01:30.603+0000] {dagbag.py:545} INFO - Filling up the DagBag from /opt/airflow/dags/etl.py
[2026-01-30T22:01:30.958+0000] {processor.py:840} INFO - DAG(s) 'etl_pipeline_final' retrieved from /opt/airflow/dags/etl.py
[2026-01-30T22:01:30.980+0000] {logging_mixin.py:188} INFO - [2026-01-30T22:01:30.979+0000] {dag.py:3096} INFO - Sync 1 DAGs
[2026-01-30T22:01:30.996+0000] {logging_mixin.py:188} INFO - [2026-01-30T22:01:30.996+0000] {dag.py:3954} INFO - Setting next_dagrun for etl_pipeline_final to 2026-01-29 00:00:00+00:00, run_after=2026-01-30 00:00:00+00:00
[2026-01-30T22:01:31.016+0000] {processor.py:183} INFO - Processing /opt/airflow/dags/etl.py took 0.419 seconds
[2026-01-30T22:02:01.243+0000] {processor.py:161} INFO - Started process (PID=7619) to work on /opt/airflow/dags/etl.py
[2026-01-30T22:02:01.245+0000] {processor.py:830} INFO - Processing file /opt/airflow/dags/etl.py for tasks to queue
[2026-01-30T22:02:01.246+0000] {logging_mixin.py:188} INFO - [2026-01-30T22:02:01.246+0000] {dagbag.py:545} INFO - Filling up the DagBag from /opt/airflow/dags/etl.py
[2026-01-30T22:02:03.216+0000] {processor.py:840} INFO - DAG(s) 'etl_pipeline_final' retrieved from /opt/airflow/dags/etl.py
[2026-01-30T22:02:03.238+0000] {logging_mixin.py:188} INFO - [2026-01-30T22:02:03.237+0000] {dag.py:3096} INFO - Sync 1 DAGs
[2026-01-30T22:02:03.258+0000] {logging_mixin.py:188} INFO - [2026-01-30T22:02:03.257+0000] {dag.py:3954} INFO - Setting next_dagrun for etl_pipeline_final to 2026-01-29 00:00:00+00:00, run_after=2026-01-30 00:00:00+00:00
[2026-01-30T22:02:03.383+0000] {processor.py:183} INFO - Processing /opt/airflow/dags/etl.py took 0.386 seconds
[2026-01-30T22:02:34.221+0000] {processor.py:161} INFO - Started process (PID=7666) to work on /opt/airflow/dags/etl.py
[2026-01-30T22:02:34.222+0000] {processor.py:830} INFO - Processing file /opt/airflow/dags/etl.py for tasks to queue
[2026-01-30T22:02:34.224+0000] {logging_mixin.py:188} INFO - [2026-01-30T22:02:34.223+0000] {dagbag.py:545} INFO - Filling up the DagBag from /opt/airflow/dags/etl.py
[2026-01-30T22:02:36.198+0000] {processor.py:840} INFO - DAG(s) 'etl_pipeline_final' retrieved from /opt/airflow/dags/etl.py
[2026-01-30T22:02:36.220+0000] {logging_mixin.py:188} INFO - [2026-01-30T22:02:36.219+0000] {dag.py:3096} INFO - Sync 1 DAGs
[2026-01-30T22:02:36.344+0000] {logging_mixin.py:188} INFO - [2026-01-30T22:02:36.344+0000] {dag.py:3954} INFO - Setting next_dagrun for etl_pipeline_final to 2026-01-29 00:00:00+00:00, run_after=2026-01-30 00:00:00+00:00
[2026-01-30T22:02:36.357+0000] {processor.py:183} INFO - Processing /opt/airflow/dags/etl.py took 0.382 seconds
[2026-01-30T22:03:09.056+0000] {processor.py:161} INFO - Started process (PID=7717) to work on /opt/airflow/dags/etl.py
[2026-01-30T22:03:09.057+0000] {processor.py:830} INFO - Processing file /opt/airflow/dags/etl.py for tasks to queue
[2026-01-30T22:03:09.058+0000] {logging_mixin.py:188} INFO - [2026-01-30T22:03:09.058+0000] {dagbag.py:545} INFO - Filling up the DagBag from /opt/airflow/dags/etl.py
[2026-01-30T22:03:09.241+0000] {processor.py:840} INFO - DAG(s) 'etl_pipeline_final' retrieved from /opt/airflow/dags/etl.py
[2026-01-30T22:03:09.262+0000] {logging_mixin.py:188} INFO - [2026-01-30T22:03:09.261+0000] {dag.py:3096} INFO - Sync 1 DAGs
[2026-01-30T22:03:09.372+0000] {logging_mixin.py:188} INFO - [2026-01-30T22:03:09.372+0000] {dag.py:3954} INFO - Setting next_dagrun for etl_pipeline_final to 2026-01-29 00:00:00+00:00, run_after=2026-01-30 00:00:00+00:00
[2026-01-30T22:03:09.387+0000] {processor.py:183} INFO - Processing /opt/airflow/dags/etl.py took 0.335 seconds
[2026-01-30T22:03:41.957+0000] {processor.py:161} INFO - Started process (PID=7765) to work on /opt/airflow/dags/etl.py
[2026-01-30T22:03:41.958+0000] {processor.py:830} INFO - Processing file /opt/airflow/dags/etl.py for tasks to queue
[2026-01-30T22:03:41.959+0000] {logging_mixin.py:188} INFO - [2026-01-30T22:03:41.959+0000] {dagbag.py:545} INFO - Filling up the DagBag from /opt/airflow/dags/etl.py
[2026-01-30T22:03:42.140+0000] {processor.py:840} INFO - DAG(s) 'etl_pipeline_final' retrieved from /opt/airflow/dags/etl.py
[2026-01-30T22:03:42.267+0000] {logging_mixin.py:188} INFO - [2026-01-30T22:03:42.267+0000] {dag.py:3096} INFO - Sync 1 DAGs
[2026-01-30T22:03:42.283+0000] {logging_mixin.py:188} INFO - [2026-01-30T22:03:42.283+0000] {dag.py:3954} INFO - Setting next_dagrun for etl_pipeline_final to 2026-01-29 00:00:00+00:00, run_after=2026-01-30 00:00:00+00:00
[2026-01-30T22:03:42.300+0000] {processor.py:183} INFO - Processing /opt/airflow/dags/etl.py took 0.347 seconds
[2026-01-30T22:04:17.032+0000] {processor.py:161} INFO - Started process (PID=7819) to work on /opt/airflow/dags/etl.py
[2026-01-30T22:04:17.035+0000] {processor.py:830} INFO - Processing file /opt/airflow/dags/etl.py for tasks to queue
[2026-01-30T22:04:17.037+0000] {logging_mixin.py:188} INFO - [2026-01-30T22:04:17.037+0000] {dagbag.py:545} INFO - Filling up the DagBag from /opt/airflow/dags/etl.py
[2026-01-30T22:04:17.254+0000] {processor.py:840} INFO - DAG(s) 'etl_pipeline_final' retrieved from /opt/airflow/dags/etl.py
[2026-01-30T22:04:17.362+0000] {logging_mixin.py:188} INFO - [2026-01-30T22:04:17.362+0000] {dag.py:3096} INFO - Sync 1 DAGs
[2026-01-30T22:04:17.375+0000] {logging_mixin.py:188} INFO - [2026-01-30T22:04:17.375+0000] {dag.py:3954} INFO - Setting next_dagrun for etl_pipeline_final to 2026-01-29 00:00:00+00:00, run_after=2026-01-30 00:00:00+00:00
[2026-01-30T22:04:17.386+0000] {processor.py:183} INFO - Processing /opt/airflow/dags/etl.py took 0.358 seconds
[2026-01-30T22:04:49.421+0000] {processor.py:161} INFO - Started process (PID=7866) to work on /opt/airflow/dags/etl.py
[2026-01-30T22:04:49.422+0000] {processor.py:830} INFO - Processing file /opt/airflow/dags/etl.py for tasks to queue
[2026-01-30T22:04:49.423+0000] {logging_mixin.py:188} INFO - [2026-01-30T22:04:49.423+0000] {dagbag.py:545} INFO - Filling up the DagBag from /opt/airflow/dags/etl.py
[2026-01-30T22:04:49.717+0000] {processor.py:840} INFO - DAG(s) 'etl_pipeline_final' retrieved from /opt/airflow/dags/etl.py
[2026-01-30T22:04:49.734+0000] {logging_mixin.py:188} INFO - [2026-01-30T22:04:49.734+0000] {dag.py:3096} INFO - Sync 1 DAGs
[2026-01-30T22:04:49.746+0000] {logging_mixin.py:188} INFO - [2026-01-30T22:04:49.746+0000] {dag.py:3954} INFO - Setting next_dagrun for etl_pipeline_final to 2026-01-29 00:00:00+00:00, run_after=2026-01-30 00:00:00+00:00
[2026-01-30T22:04:49.757+0000] {processor.py:183} INFO - Processing /opt/airflow/dags/etl.py took 0.341 seconds
