[2026-01-30T20:33:15.867+0000] {processor.py:161} INFO - Started process (PID=1665) to work on /opt/airflow/dags/feature_store.py
[2026-01-30T20:33:15.867+0000] {processor.py:830} INFO - Processing file /opt/airflow/dags/feature_store.py for tasks to queue
[2026-01-30T20:33:15.868+0000] {logging_mixin.py:188} INFO - [2026-01-30T20:33:15.868+0000] {dagbag.py:545} INFO - Filling up the DagBag from /opt/airflow/dags/feature_store.py
[2026-01-30T20:33:17.397+0000] {logging_mixin.py:188} WARNING - /opt/airflow/dags/feature_store.py:64 RemovedInAirflow3Warning: Param `schedule_interval` is deprecated and will be removed in a future release. Please use `schedule` instead.
[2026-01-30T20:33:17.400+0000] {processor.py:840} INFO - DAG(s) 'feature_store_cre' retrieved from /opt/airflow/dags/feature_store.py
[2026-01-30T20:33:17.414+0000] {logging_mixin.py:188} INFO - [2026-01-30T20:33:17.414+0000] {dag.py:3096} INFO - Sync 1 DAGs
[2026-01-30T20:33:17.426+0000] {logging_mixin.py:188} INFO - [2026-01-30T20:33:17.426+0000] {dag.py:3954} INFO - Setting next_dagrun for feature_store_cre to 2026-01-29 00:00:00+00:00, run_after=2026-01-30 00:00:00+00:00
[2026-01-30T20:33:17.446+0000] {processor.py:183} INFO - Processing /opt/airflow/dags/feature_store.py took 1.583 seconds
[2026-01-30T20:33:48.947+0000] {processor.py:161} INFO - Started process (PID=1706) to work on /opt/airflow/dags/feature_store.py
[2026-01-30T20:33:48.948+0000] {processor.py:830} INFO - Processing file /opt/airflow/dags/feature_store.py for tasks to queue
[2026-01-30T20:33:48.949+0000] {logging_mixin.py:188} INFO - [2026-01-30T20:33:48.949+0000] {dagbag.py:545} INFO - Filling up the DagBag from /opt/airflow/dags/feature_store.py
[2026-01-30T20:33:51.124+0000] {logging_mixin.py:188} WARNING - /opt/airflow/dags/feature_store.py:64 RemovedInAirflow3Warning: Param `schedule_interval` is deprecated and will be removed in a future release. Please use `schedule` instead.
[2026-01-30T20:33:51.128+0000] {processor.py:840} INFO - DAG(s) 'feature_store_cre' retrieved from /opt/airflow/dags/feature_store.py
[2026-01-30T20:33:51.146+0000] {logging_mixin.py:188} INFO - [2026-01-30T20:33:51.146+0000] {dag.py:3096} INFO - Sync 1 DAGs
[2026-01-30T20:33:51.160+0000] {logging_mixin.py:188} INFO - [2026-01-30T20:33:51.160+0000] {dag.py:3954} INFO - Setting next_dagrun for feature_store_cre to 2026-01-29 00:00:00+00:00, run_after=2026-01-30 00:00:00+00:00
[2026-01-30T20:33:51.178+0000] {processor.py:183} INFO - Processing /opt/airflow/dags/feature_store.py took 2.239 seconds
[2026-01-30T20:34:21.480+0000] {processor.py:161} INFO - Started process (PID=1753) to work on /opt/airflow/dags/feature_store.py
[2026-01-30T20:34:21.483+0000] {processor.py:830} INFO - Processing file /opt/airflow/dags/feature_store.py for tasks to queue
[2026-01-30T20:34:21.484+0000] {logging_mixin.py:188} INFO - [2026-01-30T20:34:21.483+0000] {dagbag.py:545} INFO - Filling up the DagBag from /opt/airflow/dags/feature_store.py
[2026-01-30T20:34:23.574+0000] {logging_mixin.py:188} WARNING - /opt/airflow/dags/feature_store.py:64 RemovedInAirflow3Warning: Param `schedule_interval` is deprecated and will be removed in a future release. Please use `schedule` instead.
[2026-01-30T20:34:23.579+0000] {processor.py:840} INFO - DAG(s) 'feature_store_cre' retrieved from /opt/airflow/dags/feature_store.py
[2026-01-30T20:34:23.601+0000] {logging_mixin.py:188} INFO - [2026-01-30T20:34:23.601+0000] {dag.py:3096} INFO - Sync 1 DAGs
[2026-01-30T20:34:23.619+0000] {logging_mixin.py:188} INFO - [2026-01-30T20:34:23.619+0000] {dag.py:3954} INFO - Setting next_dagrun for feature_store_cre to 2026-01-29 00:00:00+00:00, run_after=2026-01-30 00:00:00+00:00
[2026-01-30T20:34:23.637+0000] {processor.py:183} INFO - Processing /opt/airflow/dags/feature_store.py took 2.162 seconds
[2026-01-30T20:34:54.538+0000] {processor.py:161} INFO - Started process (PID=1804) to work on /opt/airflow/dags/feature_store.py
[2026-01-30T20:34:54.540+0000] {processor.py:830} INFO - Processing file /opt/airflow/dags/feature_store.py for tasks to queue
[2026-01-30T20:34:54.541+0000] {logging_mixin.py:188} INFO - [2026-01-30T20:34:54.540+0000] {dagbag.py:545} INFO - Filling up the DagBag from /opt/airflow/dags/feature_store.py
[2026-01-30T20:34:57.593+0000] {logging_mixin.py:188} WARNING - /opt/airflow/dags/feature_store.py:64 RemovedInAirflow3Warning: Param `schedule_interval` is deprecated and will be removed in a future release. Please use `schedule` instead.
[2026-01-30T20:34:57.599+0000] {processor.py:840} INFO - DAG(s) 'feature_store_cre' retrieved from /opt/airflow/dags/feature_store.py
[2026-01-30T20:34:57.623+0000] {logging_mixin.py:188} INFO - [2026-01-30T20:34:57.623+0000] {dag.py:3096} INFO - Sync 1 DAGs
[2026-01-30T20:34:57.644+0000] {logging_mixin.py:188} INFO - [2026-01-30T20:34:57.644+0000] {dag.py:3954} INFO - Setting next_dagrun for feature_store_cre to 2026-01-29 00:00:00+00:00, run_after=2026-01-30 00:00:00+00:00
[2026-01-30T20:34:57.670+0000] {processor.py:183} INFO - Processing /opt/airflow/dags/feature_store.py took 3.147 seconds
[2026-01-30T20:35:28.224+0000] {processor.py:161} INFO - Started process (PID=1853) to work on /opt/airflow/dags/feature_store.py
[2026-01-30T20:35:28.226+0000] {processor.py:830} INFO - Processing file /opt/airflow/dags/feature_store.py for tasks to queue
[2026-01-30T20:35:28.227+0000] {logging_mixin.py:188} INFO - [2026-01-30T20:35:28.226+0000] {dagbag.py:545} INFO - Filling up the DagBag from /opt/airflow/dags/feature_store.py
[2026-01-30T20:35:31.135+0000] {logging_mixin.py:188} WARNING - /opt/airflow/dags/feature_store.py:64 RemovedInAirflow3Warning: Param `schedule_interval` is deprecated and will be removed in a future release. Please use `schedule` instead.
[2026-01-30T20:35:31.155+0000] {processor.py:840} INFO - DAG(s) 'feature_store_cre' retrieved from /opt/airflow/dags/feature_store.py
[2026-01-30T20:35:31.243+0000] {logging_mixin.py:188} INFO - [2026-01-30T20:35:31.241+0000] {dag.py:3096} INFO - Sync 1 DAGs
[2026-01-30T20:35:31.333+0000] {logging_mixin.py:188} INFO - [2026-01-30T20:35:31.332+0000] {dag.py:3954} INFO - Setting next_dagrun for feature_store_cre to 2026-01-29 00:00:00+00:00, run_after=2026-01-30 00:00:00+00:00
[2026-01-30T20:35:31.396+0000] {processor.py:183} INFO - Processing /opt/airflow/dags/feature_store.py took 3.179 seconds
[2026-01-30T20:36:01.595+0000] {processor.py:161} INFO - Started process (PID=1900) to work on /opt/airflow/dags/feature_store.py
[2026-01-30T20:36:01.596+0000] {processor.py:830} INFO - Processing file /opt/airflow/dags/feature_store.py for tasks to queue
[2026-01-30T20:36:01.598+0000] {logging_mixin.py:188} INFO - [2026-01-30T20:36:01.597+0000] {dagbag.py:545} INFO - Filling up the DagBag from /opt/airflow/dags/feature_store.py
[2026-01-30T20:36:04.008+0000] {logging_mixin.py:188} WARNING - /opt/airflow/dags/feature_store.py:64 RemovedInAirflow3Warning: Param `schedule_interval` is deprecated and will be removed in a future release. Please use `schedule` instead.
[2026-01-30T20:36:04.013+0000] {processor.py:840} INFO - DAG(s) 'feature_store_cre' retrieved from /opt/airflow/dags/feature_store.py
[2026-01-30T20:36:04.038+0000] {logging_mixin.py:188} INFO - [2026-01-30T20:36:04.038+0000] {dag.py:3096} INFO - Sync 1 DAGs
[2026-01-30T20:36:04.056+0000] {logging_mixin.py:188} INFO - [2026-01-30T20:36:04.056+0000] {dag.py:3954} INFO - Setting next_dagrun for feature_store_cre to 2026-01-29 00:00:00+00:00, run_after=2026-01-30 00:00:00+00:00
[2026-01-30T20:36:04.078+0000] {processor.py:183} INFO - Processing /opt/airflow/dags/feature_store.py took 2.492 seconds
[2026-01-30T20:36:34.212+0000] {processor.py:161} INFO - Started process (PID=1945) to work on /opt/airflow/dags/feature_store.py
[2026-01-30T20:36:34.215+0000] {processor.py:830} INFO - Processing file /opt/airflow/dags/feature_store.py for tasks to queue
[2026-01-30T20:36:34.217+0000] {logging_mixin.py:188} INFO - [2026-01-30T20:36:34.216+0000] {dagbag.py:545} INFO - Filling up the DagBag from /opt/airflow/dags/feature_store.py
[2026-01-30T20:36:38.601+0000] {logging_mixin.py:188} WARNING - /opt/airflow/dags/feature_store.py:64 RemovedInAirflow3Warning: Param `schedule_interval` is deprecated and will be removed in a future release. Please use `schedule` instead.
[2026-01-30T20:36:38.610+0000] {processor.py:840} INFO - DAG(s) 'feature_store_cre' retrieved from /opt/airflow/dags/feature_store.py
[2026-01-30T20:36:38.640+0000] {logging_mixin.py:188} INFO - [2026-01-30T20:36:38.640+0000] {dag.py:3096} INFO - Sync 1 DAGs
[2026-01-30T20:36:38.677+0000] {logging_mixin.py:188} INFO - [2026-01-30T20:36:38.677+0000] {dag.py:3954} INFO - Setting next_dagrun for feature_store_cre to 2026-01-29 00:00:00+00:00, run_after=2026-01-30 00:00:00+00:00
[2026-01-30T20:36:38.743+0000] {processor.py:183} INFO - Processing /opt/airflow/dags/feature_store.py took 4.543 seconds
[2026-01-30T20:37:09.239+0000] {processor.py:161} INFO - Started process (PID=1994) to work on /opt/airflow/dags/feature_store.py
[2026-01-30T20:37:09.243+0000] {processor.py:830} INFO - Processing file /opt/airflow/dags/feature_store.py for tasks to queue
[2026-01-30T20:37:09.245+0000] {logging_mixin.py:188} INFO - [2026-01-30T20:37:09.245+0000] {dagbag.py:545} INFO - Filling up the DagBag from /opt/airflow/dags/feature_store.py
[2026-01-30T20:37:12.881+0000] {logging_mixin.py:188} WARNING - /opt/airflow/dags/feature_store.py:64 RemovedInAirflow3Warning: Param `schedule_interval` is deprecated and will be removed in a future release. Please use `schedule` instead.
[2026-01-30T20:37:12.891+0000] {processor.py:840} INFO - DAG(s) 'feature_store_cre' retrieved from /opt/airflow/dags/feature_store.py
[2026-01-30T20:37:12.928+0000] {logging_mixin.py:188} INFO - [2026-01-30T20:37:12.927+0000] {dag.py:3096} INFO - Sync 1 DAGs
[2026-01-30T20:37:12.966+0000] {logging_mixin.py:188} INFO - [2026-01-30T20:37:12.965+0000] {dag.py:3954} INFO - Setting next_dagrun for feature_store_cre to 2026-01-29 00:00:00+00:00, run_after=2026-01-30 00:00:00+00:00
[2026-01-30T20:37:12.995+0000] {processor.py:183} INFO - Processing /opt/airflow/dags/feature_store.py took 3.771 seconds
[2026-01-30T20:37:43.189+0000] {processor.py:161} INFO - Started process (PID=2041) to work on /opt/airflow/dags/feature_store.py
[2026-01-30T20:37:43.191+0000] {processor.py:830} INFO - Processing file /opt/airflow/dags/feature_store.py for tasks to queue
[2026-01-30T20:37:43.194+0000] {logging_mixin.py:188} INFO - [2026-01-30T20:37:43.192+0000] {dagbag.py:545} INFO - Filling up the DagBag from /opt/airflow/dags/feature_store.py
[2026-01-30T20:37:44.428+0000] {logging_mixin.py:188} WARNING - /opt/airflow/dags/feature_store.py:64 RemovedInAirflow3Warning: Param `schedule_interval` is deprecated and will be removed in a future release. Please use `schedule` instead.
[2026-01-30T20:37:44.431+0000] {processor.py:840} INFO - DAG(s) 'feature_store_cre' retrieved from /opt/airflow/dags/feature_store.py
[2026-01-30T20:37:44.445+0000] {logging_mixin.py:188} INFO - [2026-01-30T20:37:44.444+0000] {dag.py:3096} INFO - Sync 1 DAGs
[2026-01-30T20:37:44.455+0000] {logging_mixin.py:188} INFO - [2026-01-30T20:37:44.455+0000] {dag.py:3954} INFO - Setting next_dagrun for feature_store_cre to 2026-01-29 00:00:00+00:00, run_after=2026-01-30 00:00:00+00:00
[2026-01-30T20:37:44.466+0000] {processor.py:183} INFO - Processing /opt/airflow/dags/feature_store.py took 1.282 seconds
[2026-01-30T20:38:14.974+0000] {processor.py:161} INFO - Started process (PID=2088) to work on /opt/airflow/dags/feature_store.py
[2026-01-30T20:38:14.976+0000] {processor.py:830} INFO - Processing file /opt/airflow/dags/feature_store.py for tasks to queue
[2026-01-30T20:38:14.977+0000] {logging_mixin.py:188} INFO - [2026-01-30T20:38:14.976+0000] {dagbag.py:545} INFO - Filling up the DagBag from /opt/airflow/dags/feature_store.py
[2026-01-30T20:38:17.240+0000] {logging_mixin.py:188} WARNING - /opt/airflow/dags/feature_store.py:64 RemovedInAirflow3Warning: Param `schedule_interval` is deprecated and will be removed in a future release. Please use `schedule` instead.
[2026-01-30T20:38:17.245+0000] {processor.py:840} INFO - DAG(s) 'feature_store_cre' retrieved from /opt/airflow/dags/feature_store.py
[2026-01-30T20:38:17.278+0000] {logging_mixin.py:188} INFO - [2026-01-30T20:38:17.278+0000] {dag.py:3096} INFO - Sync 1 DAGs
[2026-01-30T20:38:17.300+0000] {logging_mixin.py:188} INFO - [2026-01-30T20:38:17.300+0000] {dag.py:3954} INFO - Setting next_dagrun for feature_store_cre to 2026-01-29 00:00:00+00:00, run_after=2026-01-30 00:00:00+00:00
[2026-01-30T20:38:17.321+0000] {processor.py:183} INFO - Processing /opt/airflow/dags/feature_store.py took 2.352 seconds
[2026-01-30T20:38:47.707+0000] {processor.py:161} INFO - Started process (PID=2135) to work on /opt/airflow/dags/feature_store.py
[2026-01-30T20:38:47.708+0000] {processor.py:830} INFO - Processing file /opt/airflow/dags/feature_store.py for tasks to queue
[2026-01-30T20:38:47.709+0000] {logging_mixin.py:188} INFO - [2026-01-30T20:38:47.708+0000] {dagbag.py:545} INFO - Filling up the DagBag from /opt/airflow/dags/feature_store.py
[2026-01-30T20:38:49.040+0000] {logging_mixin.py:188} WARNING - /opt/airflow/dags/feature_store.py:64 RemovedInAirflow3Warning: Param `schedule_interval` is deprecated and will be removed in a future release. Please use `schedule` instead.
[2026-01-30T20:38:49.043+0000] {processor.py:840} INFO - DAG(s) 'feature_store_cre' retrieved from /opt/airflow/dags/feature_store.py
[2026-01-30T20:38:49.057+0000] {logging_mixin.py:188} INFO - [2026-01-30T20:38:49.056+0000] {dag.py:3096} INFO - Sync 1 DAGs
[2026-01-30T20:38:49.069+0000] {logging_mixin.py:188} INFO - [2026-01-30T20:38:49.069+0000] {dag.py:3954} INFO - Setting next_dagrun for feature_store_cre to 2026-01-29 00:00:00+00:00, run_after=2026-01-30 00:00:00+00:00
[2026-01-30T20:38:49.085+0000] {processor.py:183} INFO - Processing /opt/airflow/dags/feature_store.py took 1.382 seconds
[2026-01-30T20:39:19.755+0000] {processor.py:161} INFO - Started process (PID=2182) to work on /opt/airflow/dags/feature_store.py
[2026-01-30T20:39:19.758+0000] {processor.py:830} INFO - Processing file /opt/airflow/dags/feature_store.py for tasks to queue
[2026-01-30T20:39:19.758+0000] {logging_mixin.py:188} INFO - [2026-01-30T20:39:19.758+0000] {dagbag.py:545} INFO - Filling up the DagBag from /opt/airflow/dags/feature_store.py
[2026-01-30T20:39:21.154+0000] {logging_mixin.py:188} WARNING - /opt/airflow/dags/feature_store.py:64 RemovedInAirflow3Warning: Param `schedule_interval` is deprecated and will be removed in a future release. Please use `schedule` instead.
[2026-01-30T20:39:21.157+0000] {processor.py:840} INFO - DAG(s) 'feature_store_cre' retrieved from /opt/airflow/dags/feature_store.py
[2026-01-30T20:39:21.171+0000] {logging_mixin.py:188} INFO - [2026-01-30T20:39:21.171+0000] {dag.py:3096} INFO - Sync 1 DAGs
[2026-01-30T20:39:21.187+0000] {logging_mixin.py:188} INFO - [2026-01-30T20:39:21.186+0000] {dag.py:3954} INFO - Setting next_dagrun for feature_store_cre to 2026-01-29 00:00:00+00:00, run_after=2026-01-30 00:00:00+00:00
[2026-01-30T20:39:21.198+0000] {processor.py:183} INFO - Processing /opt/airflow/dags/feature_store.py took 1.447 seconds
[2026-01-30T20:39:51.496+0000] {processor.py:161} INFO - Started process (PID=2229) to work on /opt/airflow/dags/feature_store.py
[2026-01-30T20:39:51.497+0000] {processor.py:830} INFO - Processing file /opt/airflow/dags/feature_store.py for tasks to queue
[2026-01-30T20:39:51.498+0000] {logging_mixin.py:188} INFO - [2026-01-30T20:39:51.498+0000] {dagbag.py:545} INFO - Filling up the DagBag from /opt/airflow/dags/feature_store.py
[2026-01-30T20:39:52.789+0000] {logging_mixin.py:188} WARNING - /opt/airflow/dags/feature_store.py:64 RemovedInAirflow3Warning: Param `schedule_interval` is deprecated and will be removed in a future release. Please use `schedule` instead.
[2026-01-30T20:39:52.792+0000] {processor.py:840} INFO - DAG(s) 'feature_store_cre' retrieved from /opt/airflow/dags/feature_store.py
[2026-01-30T20:39:52.805+0000] {logging_mixin.py:188} INFO - [2026-01-30T20:39:52.805+0000] {dag.py:3096} INFO - Sync 1 DAGs
[2026-01-30T20:39:52.815+0000] {logging_mixin.py:188} INFO - [2026-01-30T20:39:52.815+0000] {dag.py:3954} INFO - Setting next_dagrun for feature_store_cre to 2026-01-29 00:00:00+00:00, run_after=2026-01-30 00:00:00+00:00
[2026-01-30T20:39:52.828+0000] {processor.py:183} INFO - Processing /opt/airflow/dags/feature_store.py took 1.336 seconds
[2026-01-30T20:40:22.903+0000] {processor.py:161} INFO - Started process (PID=2276) to work on /opt/airflow/dags/feature_store.py
[2026-01-30T20:40:22.905+0000] {processor.py:830} INFO - Processing file /opt/airflow/dags/feature_store.py for tasks to queue
[2026-01-30T20:40:22.906+0000] {logging_mixin.py:188} INFO - [2026-01-30T20:40:22.906+0000] {dagbag.py:545} INFO - Filling up the DagBag from /opt/airflow/dags/feature_store.py
[2026-01-30T20:40:24.296+0000] {logging_mixin.py:188} WARNING - /opt/airflow/dags/feature_store.py:64 RemovedInAirflow3Warning: Param `schedule_interval` is deprecated and will be removed in a future release. Please use `schedule` instead.
[2026-01-30T20:40:24.299+0000] {processor.py:840} INFO - DAG(s) 'feature_store_cre' retrieved from /opt/airflow/dags/feature_store.py
[2026-01-30T20:40:24.315+0000] {logging_mixin.py:188} INFO - [2026-01-30T20:40:24.314+0000] {dag.py:3096} INFO - Sync 1 DAGs
[2026-01-30T20:40:24.329+0000] {logging_mixin.py:188} INFO - [2026-01-30T20:40:24.329+0000] {dag.py:3954} INFO - Setting next_dagrun for feature_store_cre to 2026-01-29 00:00:00+00:00, run_after=2026-01-30 00:00:00+00:00
[2026-01-30T20:40:24.343+0000] {processor.py:183} INFO - Processing /opt/airflow/dags/feature_store.py took 1.443 seconds
[2026-01-30T20:41:57.527+0000] {processor.py:161} INFO - Started process (PID=189) to work on /opt/airflow/dags/feature_store.py
[2026-01-30T20:41:57.528+0000] {processor.py:830} INFO - Processing file /opt/airflow/dags/feature_store.py for tasks to queue
[2026-01-30T20:41:57.530+0000] {logging_mixin.py:188} INFO - [2026-01-30T20:41:57.530+0000] {dagbag.py:545} INFO - Filling up the DagBag from /opt/airflow/dags/feature_store.py
[2026-01-30T20:42:03.454+0000] {logging_mixin.py:188} WARNING - /opt/airflow/dags/feature_store.py:64 RemovedInAirflow3Warning: Param `schedule_interval` is deprecated and will be removed in a future release. Please use `schedule` instead.
[2026-01-30T20:42:03.463+0000] {processor.py:840} INFO - DAG(s) 'feature_store_cre' retrieved from /opt/airflow/dags/feature_store.py
[2026-01-30T20:42:03.831+0000] {logging_mixin.py:188} INFO - [2026-01-30T20:42:03.830+0000] {dag.py:3096} INFO - Sync 1 DAGs
[2026-01-30T20:42:03.856+0000] {logging_mixin.py:188} INFO - [2026-01-30T20:42:03.855+0000] {dag.py:3954} INFO - Setting next_dagrun for feature_store_cre to 2026-01-29 00:00:00+00:00, run_after=2026-01-30 00:00:00+00:00
[2026-01-30T20:42:03.890+0000] {processor.py:183} INFO - Processing /opt/airflow/dags/feature_store.py took 3.505 seconds
[2026-01-30T20:42:34.219+0000] {processor.py:161} INFO - Started process (PID=243) to work on /opt/airflow/dags/feature_store.py
[2026-01-30T20:42:34.223+0000] {processor.py:830} INFO - Processing file /opt/airflow/dags/feature_store.py for tasks to queue
[2026-01-30T20:42:34.227+0000] {logging_mixin.py:188} INFO - [2026-01-30T20:42:34.226+0000] {dagbag.py:545} INFO - Filling up the DagBag from /opt/airflow/dags/feature_store.py
[2026-01-30T20:42:36.890+0000] {logging_mixin.py:188} WARNING - /opt/airflow/dags/feature_store.py:64 RemovedInAirflow3Warning: Param `schedule_interval` is deprecated and will be removed in a future release. Please use `schedule` instead.
[2026-01-30T20:42:36.896+0000] {processor.py:840} INFO - DAG(s) 'feature_store_cre' retrieved from /opt/airflow/dags/feature_store.py
[2026-01-30T20:42:36.924+0000] {logging_mixin.py:188} INFO - [2026-01-30T20:42:36.923+0000] {dag.py:3096} INFO - Sync 1 DAGs
[2026-01-30T20:42:37.070+0000] {logging_mixin.py:188} INFO - [2026-01-30T20:42:37.070+0000] {dag.py:3954} INFO - Setting next_dagrun for feature_store_cre to 2026-01-29 00:00:00+00:00, run_after=2026-01-30 00:00:00+00:00
[2026-01-30T20:42:37.099+0000] {processor.py:183} INFO - Processing /opt/airflow/dags/feature_store.py took 2.892 seconds
[2026-01-30T20:43:07.508+0000] {processor.py:161} INFO - Started process (PID=307) to work on /opt/airflow/dags/feature_store.py
[2026-01-30T20:43:07.509+0000] {processor.py:830} INFO - Processing file /opt/airflow/dags/feature_store.py for tasks to queue
[2026-01-30T20:43:07.510+0000] {logging_mixin.py:188} INFO - [2026-01-30T20:43:07.510+0000] {dagbag.py:545} INFO - Filling up the DagBag from /opt/airflow/dags/feature_store.py
[2026-01-30T20:43:09.672+0000] {logging_mixin.py:188} WARNING - /opt/airflow/dags/feature_store.py:64 RemovedInAirflow3Warning: Param `schedule_interval` is deprecated and will be removed in a future release. Please use `schedule` instead.
[2026-01-30T20:43:09.680+0000] {processor.py:840} INFO - DAG(s) 'feature_store_cre' retrieved from /opt/airflow/dags/feature_store.py
[2026-01-30T20:43:09.711+0000] {logging_mixin.py:188} INFO - [2026-01-30T20:43:09.710+0000] {dag.py:3096} INFO - Sync 1 DAGs
[2026-01-30T20:43:09.739+0000] {logging_mixin.py:188} INFO - [2026-01-30T20:43:09.739+0000] {dag.py:3954} INFO - Setting next_dagrun for feature_store_cre to 2026-01-29 00:00:00+00:00, run_after=2026-01-30 00:00:00+00:00
[2026-01-30T20:43:09.769+0000] {processor.py:183} INFO - Processing /opt/airflow/dags/feature_store.py took 2.264 seconds
[2026-01-30T20:43:40.280+0000] {processor.py:161} INFO - Started process (PID=366) to work on /opt/airflow/dags/feature_store.py
[2026-01-30T20:43:40.282+0000] {processor.py:830} INFO - Processing file /opt/airflow/dags/feature_store.py for tasks to queue
[2026-01-30T20:43:40.285+0000] {logging_mixin.py:188} INFO - [2026-01-30T20:43:40.284+0000] {dagbag.py:545} INFO - Filling up the DagBag from /opt/airflow/dags/feature_store.py
[2026-01-30T20:43:42.917+0000] {logging_mixin.py:188} WARNING - /opt/airflow/dags/feature_store.py:64 RemovedInAirflow3Warning: Param `schedule_interval` is deprecated and will be removed in a future release. Please use `schedule` instead.
[2026-01-30T20:43:42.926+0000] {processor.py:840} INFO - DAG(s) 'feature_store_cre' retrieved from /opt/airflow/dags/feature_store.py
[2026-01-30T20:43:42.962+0000] {logging_mixin.py:188} INFO - [2026-01-30T20:43:42.961+0000] {dag.py:3096} INFO - Sync 1 DAGs
[2026-01-30T20:43:42.996+0000] {logging_mixin.py:188} INFO - [2026-01-30T20:43:42.996+0000] {dag.py:3954} INFO - Setting next_dagrun for feature_store_cre to 2026-01-29 00:00:00+00:00, run_after=2026-01-30 00:00:00+00:00
[2026-01-30T20:43:43.026+0000] {processor.py:183} INFO - Processing /opt/airflow/dags/feature_store.py took 2.751 seconds
[2026-01-30T20:44:13.093+0000] {processor.py:161} INFO - Started process (PID=418) to work on /opt/airflow/dags/feature_store.py
[2026-01-30T20:44:13.094+0000] {processor.py:830} INFO - Processing file /opt/airflow/dags/feature_store.py for tasks to queue
[2026-01-30T20:44:13.095+0000] {logging_mixin.py:188} INFO - [2026-01-30T20:44:13.095+0000] {dagbag.py:545} INFO - Filling up the DagBag from /opt/airflow/dags/feature_store.py
[2026-01-30T20:44:14.587+0000] {logging_mixin.py:188} WARNING - /opt/airflow/dags/feature_store.py:64 RemovedInAirflow3Warning: Param `schedule_interval` is deprecated and will be removed in a future release. Please use `schedule` instead.
[2026-01-30T20:44:14.591+0000] {processor.py:840} INFO - DAG(s) 'feature_store_cre' retrieved from /opt/airflow/dags/feature_store.py
[2026-01-30T20:44:14.609+0000] {logging_mixin.py:188} INFO - [2026-01-30T20:44:14.609+0000] {dag.py:3096} INFO - Sync 1 DAGs
[2026-01-30T20:44:14.627+0000] {logging_mixin.py:188} INFO - [2026-01-30T20:44:14.627+0000] {dag.py:3954} INFO - Setting next_dagrun for feature_store_cre to 2026-01-29 00:00:00+00:00, run_after=2026-01-30 00:00:00+00:00
[2026-01-30T20:44:14.644+0000] {processor.py:183} INFO - Processing /opt/airflow/dags/feature_store.py took 1.554 seconds
[2026-01-30T20:44:45.685+0000] {processor.py:161} INFO - Started process (PID=459) to work on /opt/airflow/dags/feature_store.py
[2026-01-30T20:44:45.687+0000] {processor.py:830} INFO - Processing file /opt/airflow/dags/feature_store.py for tasks to queue
[2026-01-30T20:44:45.688+0000] {logging_mixin.py:188} INFO - [2026-01-30T20:44:45.688+0000] {dagbag.py:545} INFO - Filling up the DagBag from /opt/airflow/dags/feature_store.py
[2026-01-30T20:44:47.194+0000] {logging_mixin.py:188} WARNING - /opt/airflow/dags/feature_store.py:64 RemovedInAirflow3Warning: Param `schedule_interval` is deprecated and will be removed in a future release. Please use `schedule` instead.
[2026-01-30T20:44:47.198+0000] {processor.py:840} INFO - DAG(s) 'feature_store_cre' retrieved from /opt/airflow/dags/feature_store.py
[2026-01-30T20:44:47.216+0000] {logging_mixin.py:188} INFO - [2026-01-30T20:44:47.216+0000] {dag.py:3096} INFO - Sync 1 DAGs
[2026-01-30T20:44:47.233+0000] {logging_mixin.py:188} INFO - [2026-01-30T20:44:47.233+0000] {dag.py:3954} INFO - Setting next_dagrun for feature_store_cre to 2026-01-29 00:00:00+00:00, run_after=2026-01-30 00:00:00+00:00
[2026-01-30T20:44:47.251+0000] {processor.py:183} INFO - Processing /opt/airflow/dags/feature_store.py took 1.570 seconds
[2026-01-30T20:45:18.407+0000] {processor.py:161} INFO - Started process (PID=513) to work on /opt/airflow/dags/feature_store.py
[2026-01-30T20:45:18.409+0000] {processor.py:830} INFO - Processing file /opt/airflow/dags/feature_store.py for tasks to queue
[2026-01-30T20:45:18.410+0000] {logging_mixin.py:188} INFO - [2026-01-30T20:45:18.410+0000] {dagbag.py:545} INFO - Filling up the DagBag from /opt/airflow/dags/feature_store.py
[2026-01-30T20:45:19.708+0000] {logging_mixin.py:188} WARNING - /opt/airflow/dags/feature_store.py:64 RemovedInAirflow3Warning: Param `schedule_interval` is deprecated and will be removed in a future release. Please use `schedule` instead.
[2026-01-30T20:45:19.711+0000] {processor.py:840} INFO - DAG(s) 'feature_store_cre' retrieved from /opt/airflow/dags/feature_store.py
[2026-01-30T20:45:19.726+0000] {logging_mixin.py:188} INFO - [2026-01-30T20:45:19.726+0000] {dag.py:3096} INFO - Sync 1 DAGs
[2026-01-30T20:45:19.739+0000] {logging_mixin.py:188} INFO - [2026-01-30T20:45:19.739+0000] {dag.py:3954} INFO - Setting next_dagrun for feature_store_cre to 2026-01-29 00:00:00+00:00, run_after=2026-01-30 00:00:00+00:00
[2026-01-30T20:45:19.821+0000] {processor.py:183} INFO - Processing /opt/airflow/dags/feature_store.py took 1.417 seconds
[2026-01-30T20:45:51.485+0000] {processor.py:161} INFO - Started process (PID=566) to work on /opt/airflow/dags/feature_store.py
[2026-01-30T20:45:51.486+0000] {processor.py:830} INFO - Processing file /opt/airflow/dags/feature_store.py for tasks to queue
[2026-01-30T20:45:51.488+0000] {logging_mixin.py:188} INFO - [2026-01-30T20:45:51.487+0000] {dagbag.py:545} INFO - Filling up the DagBag from /opt/airflow/dags/feature_store.py
[2026-01-30T20:45:52.776+0000] {logging_mixin.py:188} WARNING - /opt/airflow/dags/feature_store.py:64 RemovedInAirflow3Warning: Param `schedule_interval` is deprecated and will be removed in a future release. Please use `schedule` instead.
[2026-01-30T20:45:52.779+0000] {processor.py:840} INFO - DAG(s) 'feature_store_cre' retrieved from /opt/airflow/dags/feature_store.py
[2026-01-30T20:45:52.794+0000] {logging_mixin.py:188} INFO - [2026-01-30T20:45:52.793+0000] {dag.py:3096} INFO - Sync 1 DAGs
[2026-01-30T20:45:52.875+0000] {logging_mixin.py:188} INFO - [2026-01-30T20:45:52.874+0000] {dag.py:3954} INFO - Setting next_dagrun for feature_store_cre to 2026-01-29 00:00:00+00:00, run_after=2026-01-30 00:00:00+00:00
[2026-01-30T20:45:52.886+0000] {processor.py:183} INFO - Processing /opt/airflow/dags/feature_store.py took 1.405 seconds
[2026-01-30T20:46:24.465+0000] {processor.py:161} INFO - Started process (PID=607) to work on /opt/airflow/dags/feature_store.py
[2026-01-30T20:46:24.467+0000] {processor.py:830} INFO - Processing file /opt/airflow/dags/feature_store.py for tasks to queue
[2026-01-30T20:46:24.468+0000] {logging_mixin.py:188} INFO - [2026-01-30T20:46:24.468+0000] {dagbag.py:545} INFO - Filling up the DagBag from /opt/airflow/dags/feature_store.py
[2026-01-30T20:46:26.539+0000] {logging_mixin.py:188} WARNING - /opt/airflow/dags/feature_store.py:64 RemovedInAirflow3Warning: Param `schedule_interval` is deprecated and will be removed in a future release. Please use `schedule` instead.
[2026-01-30T20:46:26.544+0000] {processor.py:840} INFO - DAG(s) 'feature_store_cre' retrieved from /opt/airflow/dags/feature_store.py
[2026-01-30T20:46:26.570+0000] {logging_mixin.py:188} INFO - [2026-01-30T20:46:26.570+0000] {dag.py:3096} INFO - Sync 1 DAGs
[2026-01-30T20:46:26.593+0000] {logging_mixin.py:188} INFO - [2026-01-30T20:46:26.592+0000] {dag.py:3954} INFO - Setting next_dagrun for feature_store_cre to 2026-01-29 00:00:00+00:00, run_after=2026-01-30 00:00:00+00:00
[2026-01-30T20:46:26.614+0000] {processor.py:183} INFO - Processing /opt/airflow/dags/feature_store.py took 2.153 seconds
[2026-01-30T20:46:56.994+0000] {processor.py:161} INFO - Started process (PID=654) to work on /opt/airflow/dags/feature_store.py
[2026-01-30T20:46:56.996+0000] {processor.py:830} INFO - Processing file /opt/airflow/dags/feature_store.py for tasks to queue
[2026-01-30T20:46:56.998+0000] {logging_mixin.py:188} INFO - [2026-01-30T20:46:56.998+0000] {dagbag.py:545} INFO - Filling up the DagBag from /opt/airflow/dags/feature_store.py
[2026-01-30T20:46:59.651+0000] {logging_mixin.py:188} WARNING - /opt/airflow/dags/feature_store.py:64 RemovedInAirflow3Warning: Param `schedule_interval` is deprecated and will be removed in a future release. Please use `schedule` instead.
[2026-01-30T20:46:59.655+0000] {processor.py:840} INFO - DAG(s) 'feature_store_cre' retrieved from /opt/airflow/dags/feature_store.py
[2026-01-30T20:46:59.678+0000] {logging_mixin.py:188} INFO - [2026-01-30T20:46:59.678+0000] {dag.py:3096} INFO - Sync 1 DAGs
[2026-01-30T20:46:59.698+0000] {logging_mixin.py:188} INFO - [2026-01-30T20:46:59.697+0000] {dag.py:3954} INFO - Setting next_dagrun for feature_store_cre to 2026-01-29 00:00:00+00:00, run_after=2026-01-30 00:00:00+00:00
[2026-01-30T20:46:59.714+0000] {processor.py:183} INFO - Processing /opt/airflow/dags/feature_store.py took 2.731 seconds
[2026-01-30T20:47:29.956+0000] {processor.py:161} INFO - Started process (PID=707) to work on /opt/airflow/dags/feature_store.py
[2026-01-30T20:47:29.958+0000] {processor.py:830} INFO - Processing file /opt/airflow/dags/feature_store.py for tasks to queue
[2026-01-30T20:47:29.959+0000] {logging_mixin.py:188} INFO - [2026-01-30T20:47:29.959+0000] {dagbag.py:545} INFO - Filling up the DagBag from /opt/airflow/dags/feature_store.py
[2026-01-30T20:47:32.393+0000] {logging_mixin.py:188} WARNING - /opt/airflow/dags/feature_store.py:64 RemovedInAirflow3Warning: Param `schedule_interval` is deprecated and will be removed in a future release. Please use `schedule` instead.
[2026-01-30T20:47:32.400+0000] {processor.py:840} INFO - DAG(s) 'feature_store_cre' retrieved from /opt/airflow/dags/feature_store.py
[2026-01-30T20:47:32.425+0000] {logging_mixin.py:188} INFO - [2026-01-30T20:47:32.424+0000] {dag.py:3096} INFO - Sync 1 DAGs
[2026-01-30T20:47:32.446+0000] {logging_mixin.py:188} INFO - [2026-01-30T20:47:32.446+0000] {dag.py:3954} INFO - Setting next_dagrun for feature_store_cre to 2026-01-29 00:00:00+00:00, run_after=2026-01-30 00:00:00+00:00
[2026-01-30T20:47:32.468+0000] {processor.py:183} INFO - Processing /opt/airflow/dags/feature_store.py took 2.516 seconds
[2026-01-30T20:48:02.952+0000] {processor.py:161} INFO - Started process (PID=793) to work on /opt/airflow/dags/feature_store.py
[2026-01-30T20:48:02.954+0000] {processor.py:830} INFO - Processing file /opt/airflow/dags/feature_store.py for tasks to queue
[2026-01-30T20:48:02.957+0000] {logging_mixin.py:188} INFO - [2026-01-30T20:48:02.956+0000] {dagbag.py:545} INFO - Filling up the DagBag from /opt/airflow/dags/feature_store.py
[2026-01-30T20:48:05.248+0000] {logging_mixin.py:188} WARNING - /opt/airflow/dags/feature_store.py:64 RemovedInAirflow3Warning: Param `schedule_interval` is deprecated and will be removed in a future release. Please use `schedule` instead.
[2026-01-30T20:48:05.253+0000] {processor.py:840} INFO - DAG(s) 'feature_store_cre' retrieved from /opt/airflow/dags/feature_store.py
[2026-01-30T20:48:05.273+0000] {logging_mixin.py:188} INFO - [2026-01-30T20:48:05.273+0000] {dag.py:3096} INFO - Sync 1 DAGs
[2026-01-30T20:48:05.294+0000] {logging_mixin.py:188} INFO - [2026-01-30T20:48:05.294+0000] {dag.py:3954} INFO - Setting next_dagrun for feature_store_cre to 2026-01-29 00:00:00+00:00, run_after=2026-01-30 00:00:00+00:00
[2026-01-30T20:48:05.319+0000] {processor.py:183} INFO - Processing /opt/airflow/dags/feature_store.py took 2.374 seconds
[2026-01-30T20:48:35.991+0000] {processor.py:161} INFO - Started process (PID=968) to work on /opt/airflow/dags/feature_store.py
[2026-01-30T20:48:35.994+0000] {processor.py:830} INFO - Processing file /opt/airflow/dags/feature_store.py for tasks to queue
[2026-01-30T20:48:35.998+0000] {logging_mixin.py:188} INFO - [2026-01-30T20:48:35.998+0000] {dagbag.py:545} INFO - Filling up the DagBag from /opt/airflow/dags/feature_store.py
[2026-01-30T20:48:40.465+0000] {logging_mixin.py:188} WARNING - /opt/airflow/dags/feature_store.py:64 RemovedInAirflow3Warning: Param `schedule_interval` is deprecated and will be removed in a future release. Please use `schedule` instead.
[2026-01-30T20:48:40.474+0000] {processor.py:840} INFO - DAG(s) 'feature_store_cre' retrieved from /opt/airflow/dags/feature_store.py
[2026-01-30T20:48:40.509+0000] {logging_mixin.py:188} INFO - [2026-01-30T20:48:40.508+0000] {dag.py:3096} INFO - Sync 1 DAGs
[2026-01-30T20:48:40.537+0000] {logging_mixin.py:188} INFO - [2026-01-30T20:48:40.537+0000] {dag.py:3954} INFO - Setting next_dagrun for feature_store_cre to 2026-01-29 00:00:00+00:00, run_after=2026-01-30 00:00:00+00:00
[2026-01-30T20:48:40.688+0000] {processor.py:183} INFO - Processing /opt/airflow/dags/feature_store.py took 4.705 seconds
[2026-01-30T20:49:10.915+0000] {processor.py:161} INFO - Started process (PID=1308) to work on /opt/airflow/dags/feature_store.py
[2026-01-30T20:49:10.918+0000] {processor.py:830} INFO - Processing file /opt/airflow/dags/feature_store.py for tasks to queue
[2026-01-30T20:49:10.920+0000] {logging_mixin.py:188} INFO - [2026-01-30T20:49:10.919+0000] {dagbag.py:545} INFO - Filling up the DagBag from /opt/airflow/dags/feature_store.py
[2026-01-30T20:49:15.279+0000] {logging_mixin.py:188} WARNING - /opt/airflow/dags/feature_store.py:64 RemovedInAirflow3Warning: Param `schedule_interval` is deprecated and will be removed in a future release. Please use `schedule` instead.
[2026-01-30T20:49:15.291+0000] {processor.py:840} INFO - DAG(s) 'feature_store_cre' retrieved from /opt/airflow/dags/feature_store.py
[2026-01-30T20:49:15.348+0000] {logging_mixin.py:188} INFO - [2026-01-30T20:49:15.348+0000] {dag.py:3096} INFO - Sync 1 DAGs
[2026-01-30T20:49:15.535+0000] {logging_mixin.py:188} INFO - [2026-01-30T20:49:15.534+0000] {dag.py:3954} INFO - Setting next_dagrun for feature_store_cre to 2026-01-29 00:00:00+00:00, run_after=2026-01-30 00:00:00+00:00
[2026-01-30T20:49:15.573+0000] {processor.py:183} INFO - Processing /opt/airflow/dags/feature_store.py took 4.668 seconds
[2026-01-30T20:49:45.986+0000] {processor.py:161} INFO - Started process (PID=1463) to work on /opt/airflow/dags/feature_store.py
[2026-01-30T20:49:45.989+0000] {processor.py:830} INFO - Processing file /opt/airflow/dags/feature_store.py for tasks to queue
[2026-01-30T20:49:45.990+0000] {logging_mixin.py:188} INFO - [2026-01-30T20:49:45.990+0000] {dagbag.py:545} INFO - Filling up the DagBag from /opt/airflow/dags/feature_store.py
[2026-01-30T20:49:47.492+0000] {logging_mixin.py:188} WARNING - /opt/airflow/dags/feature_store.py:64 RemovedInAirflow3Warning: Param `schedule_interval` is deprecated and will be removed in a future release. Please use `schedule` instead.
[2026-01-30T20:49:47.496+0000] {processor.py:840} INFO - DAG(s) 'feature_store_cre' retrieved from /opt/airflow/dags/feature_store.py
[2026-01-30T20:49:47.511+0000] {logging_mixin.py:188} INFO - [2026-01-30T20:49:47.511+0000] {dag.py:3096} INFO - Sync 1 DAGs
[2026-01-30T20:49:47.529+0000] {logging_mixin.py:188} INFO - [2026-01-30T20:49:47.529+0000] {dag.py:3954} INFO - Setting next_dagrun for feature_store_cre to 2026-01-29 00:00:00+00:00, run_after=2026-01-30 00:00:00+00:00
[2026-01-30T20:49:47.545+0000] {processor.py:183} INFO - Processing /opt/airflow/dags/feature_store.py took 1.563 seconds
[2026-01-30T20:50:18.186+0000] {processor.py:161} INFO - Started process (PID=1508) to work on /opt/airflow/dags/feature_store.py
[2026-01-30T20:50:18.188+0000] {processor.py:830} INFO - Processing file /opt/airflow/dags/feature_store.py for tasks to queue
[2026-01-30T20:50:18.190+0000] {logging_mixin.py:188} INFO - [2026-01-30T20:50:18.189+0000] {dagbag.py:545} INFO - Filling up the DagBag from /opt/airflow/dags/feature_store.py
[2026-01-30T20:50:20.186+0000] {logging_mixin.py:188} WARNING - /opt/airflow/dags/feature_store.py:64 RemovedInAirflow3Warning: Param `schedule_interval` is deprecated and will be removed in a future release. Please use `schedule` instead.
[2026-01-30T20:50:20.191+0000] {processor.py:840} INFO - DAG(s) 'feature_store_cre' retrieved from /opt/airflow/dags/feature_store.py
[2026-01-30T20:50:20.208+0000] {logging_mixin.py:188} INFO - [2026-01-30T20:50:20.208+0000] {dag.py:3096} INFO - Sync 1 DAGs
[2026-01-30T20:50:20.224+0000] {logging_mixin.py:188} INFO - [2026-01-30T20:50:20.224+0000] {dag.py:3954} INFO - Setting next_dagrun for feature_store_cre to 2026-01-29 00:00:00+00:00, run_after=2026-01-30 00:00:00+00:00
[2026-01-30T20:50:20.240+0000] {processor.py:183} INFO - Processing /opt/airflow/dags/feature_store.py took 2.060 seconds
[2026-01-30T20:50:50.490+0000] {processor.py:161} INFO - Started process (PID=1552) to work on /opt/airflow/dags/feature_store.py
[2026-01-30T20:50:50.492+0000] {processor.py:830} INFO - Processing file /opt/airflow/dags/feature_store.py for tasks to queue
[2026-01-30T20:50:50.494+0000] {logging_mixin.py:188} INFO - [2026-01-30T20:50:50.493+0000] {dagbag.py:545} INFO - Filling up the DagBag from /opt/airflow/dags/feature_store.py
[2026-01-30T20:50:52.550+0000] {logging_mixin.py:188} WARNING - /opt/airflow/dags/feature_store.py:64 RemovedInAirflow3Warning: Param `schedule_interval` is deprecated and will be removed in a future release. Please use `schedule` instead.
[2026-01-30T20:50:52.554+0000] {processor.py:840} INFO - DAG(s) 'feature_store_cre' retrieved from /opt/airflow/dags/feature_store.py
[2026-01-30T20:50:52.575+0000] {logging_mixin.py:188} INFO - [2026-01-30T20:50:52.575+0000] {dag.py:3096} INFO - Sync 1 DAGs
[2026-01-30T20:50:52.592+0000] {logging_mixin.py:188} INFO - [2026-01-30T20:50:52.592+0000] {dag.py:3954} INFO - Setting next_dagrun for feature_store_cre to 2026-01-29 00:00:00+00:00, run_after=2026-01-30 00:00:00+00:00
[2026-01-30T20:50:52.615+0000] {processor.py:183} INFO - Processing /opt/airflow/dags/feature_store.py took 2.129 seconds
[2026-01-30T20:51:23.357+0000] {processor.py:161} INFO - Started process (PID=1605) to work on /opt/airflow/dags/feature_store.py
[2026-01-30T20:51:23.359+0000] {processor.py:830} INFO - Processing file /opt/airflow/dags/feature_store.py for tasks to queue
[2026-01-30T20:51:23.361+0000] {logging_mixin.py:188} INFO - [2026-01-30T20:51:23.360+0000] {dagbag.py:545} INFO - Filling up the DagBag from /opt/airflow/dags/feature_store.py
[2026-01-30T20:51:24.993+0000] {logging_mixin.py:188} WARNING - /opt/airflow/dags/feature_store.py:64 RemovedInAirflow3Warning: Param `schedule_interval` is deprecated and will be removed in a future release. Please use `schedule` instead.
[2026-01-30T20:51:24.997+0000] {processor.py:840} INFO - DAG(s) 'feature_store_cre' retrieved from /opt/airflow/dags/feature_store.py
[2026-01-30T20:51:25.012+0000] {logging_mixin.py:188} INFO - [2026-01-30T20:51:25.012+0000] {dag.py:3096} INFO - Sync 1 DAGs
[2026-01-30T20:51:25.025+0000] {logging_mixin.py:188} INFO - [2026-01-30T20:51:25.025+0000] {dag.py:3954} INFO - Setting next_dagrun for feature_store_cre to 2026-01-29 00:00:00+00:00, run_after=2026-01-30 00:00:00+00:00
[2026-01-30T20:51:25.039+0000] {processor.py:183} INFO - Processing /opt/airflow/dags/feature_store.py took 1.686 seconds
[2026-01-30T20:51:55.476+0000] {processor.py:161} INFO - Started process (PID=1640) to work on /opt/airflow/dags/feature_store.py
[2026-01-30T20:51:55.478+0000] {processor.py:830} INFO - Processing file /opt/airflow/dags/feature_store.py for tasks to queue
[2026-01-30T20:51:55.480+0000] {logging_mixin.py:188} INFO - [2026-01-30T20:51:55.480+0000] {dagbag.py:545} INFO - Filling up the DagBag from /opt/airflow/dags/feature_store.py
[2026-01-30T20:51:56.927+0000] {logging_mixin.py:188} WARNING - /opt/airflow/dags/feature_store.py:64 RemovedInAirflow3Warning: Param `schedule_interval` is deprecated and will be removed in a future release. Please use `schedule` instead.
[2026-01-30T20:51:56.930+0000] {processor.py:840} INFO - DAG(s) 'feature_store_cre' retrieved from /opt/airflow/dags/feature_store.py
[2026-01-30T20:51:56.946+0000] {logging_mixin.py:188} INFO - [2026-01-30T20:51:56.946+0000] {dag.py:3096} INFO - Sync 1 DAGs
[2026-01-30T20:51:56.960+0000] {logging_mixin.py:188} INFO - [2026-01-30T20:51:56.960+0000] {dag.py:3954} INFO - Setting next_dagrun for feature_store_cre to 2026-01-29 00:00:00+00:00, run_after=2026-01-30 00:00:00+00:00
[2026-01-30T20:51:57.055+0000] {processor.py:183} INFO - Processing /opt/airflow/dags/feature_store.py took 1.583 seconds
[2026-01-30T20:52:27.474+0000] {processor.py:161} INFO - Started process (PID=1683) to work on /opt/airflow/dags/feature_store.py
[2026-01-30T20:52:27.476+0000] {processor.py:830} INFO - Processing file /opt/airflow/dags/feature_store.py for tasks to queue
[2026-01-30T20:52:27.477+0000] {logging_mixin.py:188} INFO - [2026-01-30T20:52:27.477+0000] {dagbag.py:545} INFO - Filling up the DagBag from /opt/airflow/dags/feature_store.py
[2026-01-30T20:52:29.671+0000] {logging_mixin.py:188} WARNING - /opt/airflow/dags/feature_store.py:64 RemovedInAirflow3Warning: Param `schedule_interval` is deprecated and will be removed in a future release. Please use `schedule` instead.
[2026-01-30T20:52:29.682+0000] {processor.py:840} INFO - DAG(s) 'feature_store_cre' retrieved from /opt/airflow/dags/feature_store.py
[2026-01-30T20:52:29.728+0000] {logging_mixin.py:188} INFO - [2026-01-30T20:52:29.727+0000] {dag.py:3096} INFO - Sync 1 DAGs
[2026-01-30T20:52:29.922+0000] {logging_mixin.py:188} INFO - [2026-01-30T20:52:29.922+0000] {dag.py:3954} INFO - Setting next_dagrun for feature_store_cre to 2026-01-29 00:00:00+00:00, run_after=2026-01-30 00:00:00+00:00
[2026-01-30T20:52:29.966+0000] {processor.py:183} INFO - Processing /opt/airflow/dags/feature_store.py took 2.495 seconds
[2026-01-30T20:53:00.863+0000] {processor.py:161} INFO - Started process (PID=1730) to work on /opt/airflow/dags/feature_store.py
[2026-01-30T20:53:00.865+0000] {processor.py:830} INFO - Processing file /opt/airflow/dags/feature_store.py for tasks to queue
[2026-01-30T20:53:00.867+0000] {logging_mixin.py:188} INFO - [2026-01-30T20:53:00.866+0000] {dagbag.py:545} INFO - Filling up the DagBag from /opt/airflow/dags/feature_store.py
[2026-01-30T20:53:03.465+0000] {logging_mixin.py:188} WARNING - /opt/airflow/dags/feature_store.py:64 RemovedInAirflow3Warning: Param `schedule_interval` is deprecated and will be removed in a future release. Please use `schedule` instead.
[2026-01-30T20:53:03.472+0000] {processor.py:840} INFO - DAG(s) 'feature_store_cre' retrieved from /opt/airflow/dags/feature_store.py
[2026-01-30T20:53:03.501+0000] {logging_mixin.py:188} INFO - [2026-01-30T20:53:03.500+0000] {dag.py:3096} INFO - Sync 1 DAGs
[2026-01-30T20:53:03.528+0000] {logging_mixin.py:188} INFO - [2026-01-30T20:53:03.528+0000] {dag.py:3954} INFO - Setting next_dagrun for feature_store_cre to 2026-01-29 00:00:00+00:00, run_after=2026-01-30 00:00:00+00:00
[2026-01-30T20:53:03.552+0000] {processor.py:183} INFO - Processing /opt/airflow/dags/feature_store.py took 2.694 seconds
[2026-01-30T20:53:33.991+0000] {processor.py:161} INFO - Started process (PID=1777) to work on /opt/airflow/dags/feature_store.py
[2026-01-30T20:53:33.995+0000] {processor.py:830} INFO - Processing file /opt/airflow/dags/feature_store.py for tasks to queue
[2026-01-30T20:53:33.997+0000] {logging_mixin.py:188} INFO - [2026-01-30T20:53:33.996+0000] {dagbag.py:545} INFO - Filling up the DagBag from /opt/airflow/dags/feature_store.py
[2026-01-30T20:53:35.841+0000] {logging_mixin.py:188} WARNING - /opt/airflow/dags/feature_store.py:64 RemovedInAirflow3Warning: Param `schedule_interval` is deprecated and will be removed in a future release. Please use `schedule` instead.
[2026-01-30T20:53:35.845+0000] {processor.py:840} INFO - DAG(s) 'feature_store_cre' retrieved from /opt/airflow/dags/feature_store.py
[2026-01-30T20:53:35.869+0000] {logging_mixin.py:188} INFO - [2026-01-30T20:53:35.868+0000] {dag.py:3096} INFO - Sync 1 DAGs
[2026-01-30T20:53:35.885+0000] {logging_mixin.py:188} INFO - [2026-01-30T20:53:35.885+0000] {dag.py:3954} INFO - Setting next_dagrun for feature_store_cre to 2026-01-29 00:00:00+00:00, run_after=2026-01-30 00:00:00+00:00
[2026-01-30T20:53:35.904+0000] {processor.py:183} INFO - Processing /opt/airflow/dags/feature_store.py took 1.918 seconds
[2026-01-30T20:54:06.045+0000] {processor.py:161} INFO - Started process (PID=1824) to work on /opt/airflow/dags/feature_store.py
[2026-01-30T20:54:06.047+0000] {processor.py:830} INFO - Processing file /opt/airflow/dags/feature_store.py for tasks to queue
[2026-01-30T20:54:06.049+0000] {logging_mixin.py:188} INFO - [2026-01-30T20:54:06.048+0000] {dagbag.py:545} INFO - Filling up the DagBag from /opt/airflow/dags/feature_store.py
[2026-01-30T20:54:07.945+0000] {logging_mixin.py:188} WARNING - /opt/airflow/dags/feature_store.py:64 RemovedInAirflow3Warning: Param `schedule_interval` is deprecated and will be removed in a future release. Please use `schedule` instead.
[2026-01-30T20:54:07.949+0000] {processor.py:840} INFO - DAG(s) 'feature_store_cre' retrieved from /opt/airflow/dags/feature_store.py
[2026-01-30T20:54:07.967+0000] {logging_mixin.py:188} INFO - [2026-01-30T20:54:07.967+0000] {dag.py:3096} INFO - Sync 1 DAGs
[2026-01-30T20:54:07.984+0000] {logging_mixin.py:188} INFO - [2026-01-30T20:54:07.984+0000] {dag.py:3954} INFO - Setting next_dagrun for feature_store_cre to 2026-01-29 00:00:00+00:00, run_after=2026-01-30 00:00:00+00:00
[2026-01-30T20:54:08.005+0000] {processor.py:183} INFO - Processing /opt/airflow/dags/feature_store.py took 1.964 seconds
[2026-01-30T20:54:30.308+0000] {processor.py:161} INFO - Started process (PID=1871) to work on /opt/airflow/dags/feature_store.py
[2026-01-30T20:54:30.312+0000] {processor.py:830} INFO - Processing file /opt/airflow/dags/feature_store.py for tasks to queue
[2026-01-30T20:54:30.315+0000] {logging_mixin.py:188} INFO - [2026-01-30T20:54:30.314+0000] {dagbag.py:545} INFO - Filling up the DagBag from /opt/airflow/dags/feature_store.py
[2026-01-30T20:54:33.595+0000] {logging_mixin.py:188} WARNING - /opt/airflow/dags/feature_store.py:64 RemovedInAirflow3Warning: Param `schedule_interval` is deprecated and will be removed in a future release. Please use `schedule` instead.
[2026-01-30T20:54:33.605+0000] {processor.py:840} INFO - DAG(s) 'feature_store_cre' retrieved from /opt/airflow/dags/feature_store.py
[2026-01-30T20:54:33.634+0000] {logging_mixin.py:188} INFO - [2026-01-30T20:54:33.633+0000] {dag.py:3096} INFO - Sync 1 DAGs
[2026-01-30T20:54:33.656+0000] {logging_mixin.py:188} INFO - [2026-01-30T20:54:33.655+0000] {dag.py:3954} INFO - Setting next_dagrun for feature_store_cre to 2026-01-29 00:00:00+00:00, run_after=2026-01-30 00:00:00+00:00
[2026-01-30T20:54:33.688+0000] {processor.py:183} INFO - Processing /opt/airflow/dags/feature_store.py took 3.396 seconds
[2026-01-30T20:55:03.894+0000] {processor.py:161} INFO - Started process (PID=1918) to work on /opt/airflow/dags/feature_store.py
[2026-01-30T20:55:03.896+0000] {processor.py:830} INFO - Processing file /opt/airflow/dags/feature_store.py for tasks to queue
[2026-01-30T20:55:03.898+0000] {logging_mixin.py:188} INFO - [2026-01-30T20:55:03.898+0000] {dagbag.py:545} INFO - Filling up the DagBag from /opt/airflow/dags/feature_store.py
[2026-01-30T20:55:05.820+0000] {logging_mixin.py:188} WARNING - /opt/airflow/dags/feature_store.py:64 RemovedInAirflow3Warning: Param `schedule_interval` is deprecated and will be removed in a future release. Please use `schedule` instead.
[2026-01-30T20:55:05.824+0000] {processor.py:840} INFO - DAG(s) 'feature_store_cre' retrieved from /opt/airflow/dags/feature_store.py
[2026-01-30T20:55:05.846+0000] {logging_mixin.py:188} INFO - [2026-01-30T20:55:05.845+0000] {dag.py:3096} INFO - Sync 1 DAGs
[2026-01-30T20:55:05.866+0000] {logging_mixin.py:188} INFO - [2026-01-30T20:55:05.866+0000] {dag.py:3954} INFO - Setting next_dagrun for feature_store_cre to 2026-01-29 00:00:00+00:00, run_after=2026-01-30 00:00:00+00:00
[2026-01-30T20:55:05.985+0000] {processor.py:183} INFO - Processing /opt/airflow/dags/feature_store.py took 2.097 seconds
[2026-01-30T20:55:36.040+0000] {processor.py:161} INFO - Started process (PID=1965) to work on /opt/airflow/dags/feature_store.py
[2026-01-30T20:55:36.042+0000] {processor.py:830} INFO - Processing file /opt/airflow/dags/feature_store.py for tasks to queue
[2026-01-30T20:55:36.043+0000] {logging_mixin.py:188} INFO - [2026-01-30T20:55:36.043+0000] {dagbag.py:545} INFO - Filling up the DagBag from /opt/airflow/dags/feature_store.py
[2026-01-30T20:55:38.214+0000] {logging_mixin.py:188} WARNING - /opt/airflow/dags/feature_store.py:64 RemovedInAirflow3Warning: Param `schedule_interval` is deprecated and will be removed in a future release. Please use `schedule` instead.
[2026-01-30T20:55:38.219+0000] {processor.py:840} INFO - DAG(s) 'feature_store_cre' retrieved from /opt/airflow/dags/feature_store.py
[2026-01-30T20:55:38.241+0000] {logging_mixin.py:188} INFO - [2026-01-30T20:55:38.241+0000] {dag.py:3096} INFO - Sync 1 DAGs
[2026-01-30T20:55:38.261+0000] {logging_mixin.py:188} INFO - [2026-01-30T20:55:38.261+0000] {dag.py:3954} INFO - Setting next_dagrun for feature_store_cre to 2026-01-29 00:00:00+00:00, run_after=2026-01-30 00:00:00+00:00
[2026-01-30T20:55:38.279+0000] {processor.py:183} INFO - Processing /opt/airflow/dags/feature_store.py took 2.244 seconds
[2026-01-30T20:56:09.248+0000] {processor.py:161} INFO - Started process (PID=2012) to work on /opt/airflow/dags/feature_store.py
[2026-01-30T20:56:09.250+0000] {processor.py:830} INFO - Processing file /opt/airflow/dags/feature_store.py for tasks to queue
[2026-01-30T20:56:09.252+0000] {logging_mixin.py:188} INFO - [2026-01-30T20:56:09.252+0000] {dagbag.py:545} INFO - Filling up the DagBag from /opt/airflow/dags/feature_store.py
[2026-01-30T20:56:11.310+0000] {logging_mixin.py:188} WARNING - /opt/airflow/dags/feature_store.py:64 RemovedInAirflow3Warning: Param `schedule_interval` is deprecated and will be removed in a future release. Please use `schedule` instead.
[2026-01-30T20:56:11.317+0000] {processor.py:840} INFO - DAG(s) 'feature_store_cre' retrieved from /opt/airflow/dags/feature_store.py
[2026-01-30T20:56:11.343+0000] {logging_mixin.py:188} INFO - [2026-01-30T20:56:11.343+0000] {dag.py:3096} INFO - Sync 1 DAGs
[2026-01-30T20:56:11.368+0000] {logging_mixin.py:188} INFO - [2026-01-30T20:56:11.368+0000] {dag.py:3954} INFO - Setting next_dagrun for feature_store_cre to 2026-01-29 00:00:00+00:00, run_after=2026-01-30 00:00:00+00:00
[2026-01-30T20:56:11.396+0000] {processor.py:183} INFO - Processing /opt/airflow/dags/feature_store.py took 2.154 seconds
[2026-01-30T20:56:41.513+0000] {processor.py:161} INFO - Started process (PID=2059) to work on /opt/airflow/dags/feature_store.py
[2026-01-30T20:56:41.516+0000] {processor.py:830} INFO - Processing file /opt/airflow/dags/feature_store.py for tasks to queue
[2026-01-30T20:56:41.517+0000] {logging_mixin.py:188} INFO - [2026-01-30T20:56:41.517+0000] {dagbag.py:545} INFO - Filling up the DagBag from /opt/airflow/dags/feature_store.py
[2026-01-30T20:56:43.846+0000] {logging_mixin.py:188} WARNING - /opt/airflow/dags/feature_store.py:64 RemovedInAirflow3Warning: Param `schedule_interval` is deprecated and will be removed in a future release. Please use `schedule` instead.
[2026-01-30T20:56:43.851+0000] {processor.py:840} INFO - DAG(s) 'feature_store_cre' retrieved from /opt/airflow/dags/feature_store.py
[2026-01-30T20:56:43.874+0000] {logging_mixin.py:188} INFO - [2026-01-30T20:56:43.873+0000] {dag.py:3096} INFO - Sync 1 DAGs
[2026-01-30T20:56:43.893+0000] {logging_mixin.py:188} INFO - [2026-01-30T20:56:43.892+0000] {dag.py:3954} INFO - Setting next_dagrun for feature_store_cre to 2026-01-29 00:00:00+00:00, run_after=2026-01-30 00:00:00+00:00
[2026-01-30T20:56:43.914+0000] {processor.py:183} INFO - Processing /opt/airflow/dags/feature_store.py took 2.406 seconds
[2026-01-30T20:57:13.971+0000] {processor.py:161} INFO - Started process (PID=2106) to work on /opt/airflow/dags/feature_store.py
[2026-01-30T20:57:13.974+0000] {processor.py:830} INFO - Processing file /opt/airflow/dags/feature_store.py for tasks to queue
[2026-01-30T20:57:13.976+0000] {logging_mixin.py:188} INFO - [2026-01-30T20:57:13.976+0000] {dagbag.py:545} INFO - Filling up the DagBag from /opt/airflow/dags/feature_store.py
[2026-01-30T20:57:15.954+0000] {logging_mixin.py:188} WARNING - /opt/airflow/dags/feature_store.py:64 RemovedInAirflow3Warning: Param `schedule_interval` is deprecated and will be removed in a future release. Please use `schedule` instead.
[2026-01-30T20:57:15.959+0000] {processor.py:840} INFO - DAG(s) 'feature_store_cre' retrieved from /opt/airflow/dags/feature_store.py
[2026-01-30T20:57:15.980+0000] {logging_mixin.py:188} INFO - [2026-01-30T20:57:15.980+0000] {dag.py:3096} INFO - Sync 1 DAGs
[2026-01-30T20:57:15.996+0000] {logging_mixin.py:188} INFO - [2026-01-30T20:57:15.996+0000] {dag.py:3954} INFO - Setting next_dagrun for feature_store_cre to 2026-01-29 00:00:00+00:00, run_after=2026-01-30 00:00:00+00:00
[2026-01-30T20:57:16.011+0000] {processor.py:183} INFO - Processing /opt/airflow/dags/feature_store.py took 2.045 seconds
[2026-01-30T20:57:46.420+0000] {processor.py:161} INFO - Started process (PID=2153) to work on /opt/airflow/dags/feature_store.py
[2026-01-30T20:57:46.421+0000] {processor.py:830} INFO - Processing file /opt/airflow/dags/feature_store.py for tasks to queue
[2026-01-30T20:57:46.423+0000] {logging_mixin.py:188} INFO - [2026-01-30T20:57:46.422+0000] {dagbag.py:545} INFO - Filling up the DagBag from /opt/airflow/dags/feature_store.py
[2026-01-30T20:57:47.661+0000] {logging_mixin.py:188} WARNING - /opt/airflow/dags/feature_store.py:64 RemovedInAirflow3Warning: Param `schedule_interval` is deprecated and will be removed in a future release. Please use `schedule` instead.
[2026-01-30T20:57:47.664+0000] {processor.py:840} INFO - DAG(s) 'feature_store_cre' retrieved from /opt/airflow/dags/feature_store.py
[2026-01-30T20:57:47.677+0000] {logging_mixin.py:188} INFO - [2026-01-30T20:57:47.677+0000] {dag.py:3096} INFO - Sync 1 DAGs
[2026-01-30T20:57:47.688+0000] {logging_mixin.py:188} INFO - [2026-01-30T20:57:47.688+0000] {dag.py:3954} INFO - Setting next_dagrun for feature_store_cre to 2026-01-29 00:00:00+00:00, run_after=2026-01-30 00:00:00+00:00
[2026-01-30T20:57:47.700+0000] {processor.py:183} INFO - Processing /opt/airflow/dags/feature_store.py took 1.285 seconds
[2026-01-30T20:58:17.907+0000] {processor.py:161} INFO - Started process (PID=2200) to work on /opt/airflow/dags/feature_store.py
[2026-01-30T20:58:17.908+0000] {processor.py:830} INFO - Processing file /opt/airflow/dags/feature_store.py for tasks to queue
[2026-01-30T20:58:17.910+0000] {logging_mixin.py:188} INFO - [2026-01-30T20:58:17.909+0000] {dagbag.py:545} INFO - Filling up the DagBag from /opt/airflow/dags/feature_store.py
[2026-01-30T20:58:19.120+0000] {logging_mixin.py:188} WARNING - /opt/airflow/dags/feature_store.py:64 RemovedInAirflow3Warning: Param `schedule_interval` is deprecated and will be removed in a future release. Please use `schedule` instead.
[2026-01-30T20:58:19.125+0000] {processor.py:840} INFO - DAG(s) 'feature_store_cre' retrieved from /opt/airflow/dags/feature_store.py
[2026-01-30T20:58:19.149+0000] {logging_mixin.py:188} INFO - [2026-01-30T20:58:19.148+0000] {dag.py:3096} INFO - Sync 1 DAGs
[2026-01-30T20:58:19.173+0000] {logging_mixin.py:188} INFO - [2026-01-30T20:58:19.173+0000] {dag.py:3954} INFO - Setting next_dagrun for feature_store_cre to 2026-01-29 00:00:00+00:00, run_after=2026-01-30 00:00:00+00:00
[2026-01-30T20:58:19.275+0000] {processor.py:183} INFO - Processing /opt/airflow/dags/feature_store.py took 1.373 seconds
[2026-01-30T20:58:49.685+0000] {processor.py:161} INFO - Started process (PID=2247) to work on /opt/airflow/dags/feature_store.py
[2026-01-30T20:58:49.688+0000] {processor.py:830} INFO - Processing file /opt/airflow/dags/feature_store.py for tasks to queue
[2026-01-30T20:58:49.689+0000] {logging_mixin.py:188} INFO - [2026-01-30T20:58:49.689+0000] {dagbag.py:545} INFO - Filling up the DagBag from /opt/airflow/dags/feature_store.py
[2026-01-30T20:58:50.904+0000] {logging_mixin.py:188} WARNING - /opt/airflow/dags/feature_store.py:64 RemovedInAirflow3Warning: Param `schedule_interval` is deprecated and will be removed in a future release. Please use `schedule` instead.
[2026-01-30T20:58:50.907+0000] {processor.py:840} INFO - DAG(s) 'feature_store_cre' retrieved from /opt/airflow/dags/feature_store.py
[2026-01-30T20:58:50.922+0000] {logging_mixin.py:188} INFO - [2026-01-30T20:58:50.921+0000] {dag.py:3096} INFO - Sync 1 DAGs
[2026-01-30T20:58:50.933+0000] {logging_mixin.py:188} INFO - [2026-01-30T20:58:50.933+0000] {dag.py:3954} INFO - Setting next_dagrun for feature_store_cre to 2026-01-29 00:00:00+00:00, run_after=2026-01-30 00:00:00+00:00
[2026-01-30T20:58:50.946+0000] {processor.py:183} INFO - Processing /opt/airflow/dags/feature_store.py took 1.265 seconds
[2026-01-30T20:59:21.852+0000] {processor.py:161} INFO - Started process (PID=2294) to work on /opt/airflow/dags/feature_store.py
[2026-01-30T20:59:21.856+0000] {processor.py:830} INFO - Processing file /opt/airflow/dags/feature_store.py for tasks to queue
[2026-01-30T20:59:21.857+0000] {logging_mixin.py:188} INFO - [2026-01-30T20:59:21.857+0000] {dagbag.py:545} INFO - Filling up the DagBag from /opt/airflow/dags/feature_store.py
[2026-01-30T20:59:23.255+0000] {logging_mixin.py:188} WARNING - /opt/airflow/dags/feature_store.py:64 RemovedInAirflow3Warning: Param `schedule_interval` is deprecated and will be removed in a future release. Please use `schedule` instead.
[2026-01-30T20:59:23.258+0000] {processor.py:840} INFO - DAG(s) 'feature_store_cre' retrieved from /opt/airflow/dags/feature_store.py
[2026-01-30T20:59:23.274+0000] {logging_mixin.py:188} INFO - [2026-01-30T20:59:23.273+0000] {dag.py:3096} INFO - Sync 1 DAGs
[2026-01-30T20:59:23.285+0000] {logging_mixin.py:188} INFO - [2026-01-30T20:59:23.285+0000] {dag.py:3954} INFO - Setting next_dagrun for feature_store_cre to 2026-01-29 00:00:00+00:00, run_after=2026-01-30 00:00:00+00:00
[2026-01-30T20:59:23.299+0000] {processor.py:183} INFO - Processing /opt/airflow/dags/feature_store.py took 1.451 seconds
[2026-01-30T20:59:53.415+0000] {processor.py:161} INFO - Started process (PID=2341) to work on /opt/airflow/dags/feature_store.py
[2026-01-30T20:59:53.417+0000] {processor.py:830} INFO - Processing file /opt/airflow/dags/feature_store.py for tasks to queue
[2026-01-30T20:59:53.418+0000] {logging_mixin.py:188} INFO - [2026-01-30T20:59:53.418+0000] {dagbag.py:545} INFO - Filling up the DagBag from /opt/airflow/dags/feature_store.py
[2026-01-30T20:59:54.709+0000] {logging_mixin.py:188} WARNING - /opt/airflow/dags/feature_store.py:64 RemovedInAirflow3Warning: Param `schedule_interval` is deprecated and will be removed in a future release. Please use `schedule` instead.
[2026-01-30T20:59:54.713+0000] {processor.py:840} INFO - DAG(s) 'feature_store_cre' retrieved from /opt/airflow/dags/feature_store.py
[2026-01-30T20:59:54.727+0000] {logging_mixin.py:188} INFO - [2026-01-30T20:59:54.726+0000] {dag.py:3096} INFO - Sync 1 DAGs
[2026-01-30T20:59:54.739+0000] {logging_mixin.py:188} INFO - [2026-01-30T20:59:54.739+0000] {dag.py:3954} INFO - Setting next_dagrun for feature_store_cre to 2026-01-29 00:00:00+00:00, run_after=2026-01-30 00:00:00+00:00
[2026-01-30T20:59:54.754+0000] {processor.py:183} INFO - Processing /opt/airflow/dags/feature_store.py took 1.343 seconds
[2026-01-30T21:00:25.416+0000] {processor.py:161} INFO - Started process (PID=2388) to work on /opt/airflow/dags/feature_store.py
[2026-01-30T21:00:25.419+0000] {processor.py:830} INFO - Processing file /opt/airflow/dags/feature_store.py for tasks to queue
[2026-01-30T21:00:25.420+0000] {logging_mixin.py:188} INFO - [2026-01-30T21:00:25.420+0000] {dagbag.py:545} INFO - Filling up the DagBag from /opt/airflow/dags/feature_store.py
[2026-01-30T21:00:26.673+0000] {logging_mixin.py:188} WARNING - /opt/airflow/dags/feature_store.py:64 RemovedInAirflow3Warning: Param `schedule_interval` is deprecated and will be removed in a future release. Please use `schedule` instead.
[2026-01-30T21:00:26.676+0000] {processor.py:840} INFO - DAG(s) 'feature_store_cre' retrieved from /opt/airflow/dags/feature_store.py
[2026-01-30T21:00:26.692+0000] {logging_mixin.py:188} INFO - [2026-01-30T21:00:26.691+0000] {dag.py:3096} INFO - Sync 1 DAGs
[2026-01-30T21:00:26.705+0000] {logging_mixin.py:188} INFO - [2026-01-30T21:00:26.705+0000] {dag.py:3954} INFO - Setting next_dagrun for feature_store_cre to 2026-01-29 00:00:00+00:00, run_after=2026-01-30 00:00:00+00:00
[2026-01-30T21:00:26.719+0000] {processor.py:183} INFO - Processing /opt/airflow/dags/feature_store.py took 1.307 seconds
[2026-01-30T21:00:56.993+0000] {processor.py:161} INFO - Started process (PID=2435) to work on /opt/airflow/dags/feature_store.py
[2026-01-30T21:00:56.996+0000] {processor.py:830} INFO - Processing file /opt/airflow/dags/feature_store.py for tasks to queue
[2026-01-30T21:00:56.997+0000] {logging_mixin.py:188} INFO - [2026-01-30T21:00:56.997+0000] {dagbag.py:545} INFO - Filling up the DagBag from /opt/airflow/dags/feature_store.py
[2026-01-30T21:00:58.194+0000] {logging_mixin.py:188} WARNING - /opt/airflow/dags/feature_store.py:64 RemovedInAirflow3Warning: Param `schedule_interval` is deprecated and will be removed in a future release. Please use `schedule` instead.
[2026-01-30T21:00:58.198+0000] {processor.py:840} INFO - DAG(s) 'feature_store_cre' retrieved from /opt/airflow/dags/feature_store.py
[2026-01-30T21:00:58.213+0000] {logging_mixin.py:188} INFO - [2026-01-30T21:00:58.213+0000] {dag.py:3096} INFO - Sync 1 DAGs
[2026-01-30T21:00:58.224+0000] {logging_mixin.py:188} INFO - [2026-01-30T21:00:58.224+0000] {dag.py:3954} INFO - Setting next_dagrun for feature_store_cre to 2026-01-29 00:00:00+00:00, run_after=2026-01-30 00:00:00+00:00
[2026-01-30T21:00:58.239+0000] {processor.py:183} INFO - Processing /opt/airflow/dags/feature_store.py took 1.250 seconds
[2026-01-30T21:01:28.518+0000] {processor.py:161} INFO - Started process (PID=2478) to work on /opt/airflow/dags/feature_store.py
[2026-01-30T21:01:28.520+0000] {processor.py:830} INFO - Processing file /opt/airflow/dags/feature_store.py for tasks to queue
[2026-01-30T21:01:28.521+0000] {logging_mixin.py:188} INFO - [2026-01-30T21:01:28.521+0000] {dagbag.py:545} INFO - Filling up the DagBag from /opt/airflow/dags/feature_store.py
[2026-01-30T21:01:31.339+0000] {logging_mixin.py:188} WARNING - /opt/airflow/dags/feature_store.py:64 RemovedInAirflow3Warning: Param `schedule_interval` is deprecated and will be removed in a future release. Please use `schedule` instead.
[2026-01-30T21:01:31.344+0000] {processor.py:840} INFO - DAG(s) 'feature_store_cre' retrieved from /opt/airflow/dags/feature_store.py
[2026-01-30T21:01:31.371+0000] {logging_mixin.py:188} INFO - [2026-01-30T21:01:31.370+0000] {dag.py:3096} INFO - Sync 1 DAGs
[2026-01-30T21:01:31.393+0000] {logging_mixin.py:188} INFO - [2026-01-30T21:01:31.393+0000] {dag.py:3954} INFO - Setting next_dagrun for feature_store_cre to 2026-01-29 00:00:00+00:00, run_after=2026-01-30 00:00:00+00:00
[2026-01-30T21:01:31.502+0000] {processor.py:183} INFO - Processing /opt/airflow/dags/feature_store.py took 2.988 seconds
[2026-01-30T21:02:01.731+0000] {processor.py:161} INFO - Started process (PID=2525) to work on /opt/airflow/dags/feature_store.py
[2026-01-30T21:02:01.733+0000] {processor.py:830} INFO - Processing file /opt/airflow/dags/feature_store.py for tasks to queue
[2026-01-30T21:02:01.734+0000] {logging_mixin.py:188} INFO - [2026-01-30T21:02:01.734+0000] {dagbag.py:545} INFO - Filling up the DagBag from /opt/airflow/dags/feature_store.py
[2026-01-30T21:02:03.202+0000] {logging_mixin.py:188} WARNING - /opt/airflow/dags/feature_store.py:64 RemovedInAirflow3Warning: Param `schedule_interval` is deprecated and will be removed in a future release. Please use `schedule` instead.
[2026-01-30T21:02:03.206+0000] {processor.py:840} INFO - DAG(s) 'feature_store_cre' retrieved from /opt/airflow/dags/feature_store.py
[2026-01-30T21:02:03.221+0000] {logging_mixin.py:188} INFO - [2026-01-30T21:02:03.220+0000] {dag.py:3096} INFO - Sync 1 DAGs
[2026-01-30T21:02:03.234+0000] {logging_mixin.py:188} INFO - [2026-01-30T21:02:03.233+0000] {dag.py:3954} INFO - Setting next_dagrun for feature_store_cre to 2026-01-29 00:00:00+00:00, run_after=2026-01-30 00:00:00+00:00
[2026-01-30T21:02:03.247+0000] {processor.py:183} INFO - Processing /opt/airflow/dags/feature_store.py took 1.520 seconds
[2026-01-30T21:02:33.570+0000] {processor.py:161} INFO - Started process (PID=2560) to work on /opt/airflow/dags/feature_store.py
[2026-01-30T21:02:33.571+0000] {processor.py:830} INFO - Processing file /opt/airflow/dags/feature_store.py for tasks to queue
[2026-01-30T21:02:33.573+0000] {logging_mixin.py:188} INFO - [2026-01-30T21:02:33.573+0000] {dagbag.py:545} INFO - Filling up the DagBag from /opt/airflow/dags/feature_store.py
[2026-01-30T21:02:35.282+0000] {logging_mixin.py:188} WARNING - /opt/airflow/dags/feature_store.py:64 RemovedInAirflow3Warning: Param `schedule_interval` is deprecated and will be removed in a future release. Please use `schedule` instead.
[2026-01-30T21:02:35.287+0000] {processor.py:840} INFO - DAG(s) 'feature_store_cre' retrieved from /opt/airflow/dags/feature_store.py
[2026-01-30T21:02:35.316+0000] {logging_mixin.py:188} INFO - [2026-01-30T21:02:35.316+0000] {dag.py:3096} INFO - Sync 1 DAGs
[2026-01-30T21:02:35.342+0000] {logging_mixin.py:188} INFO - [2026-01-30T21:02:35.342+0000] {dag.py:3954} INFO - Setting next_dagrun for feature_store_cre to 2026-01-29 00:00:00+00:00, run_after=2026-01-30 00:00:00+00:00
[2026-01-30T21:02:35.367+0000] {processor.py:183} INFO - Processing /opt/airflow/dags/feature_store.py took 1.805 seconds
[2026-01-30T21:03:05.737+0000] {processor.py:161} INFO - Started process (PID=2603) to work on /opt/airflow/dags/feature_store.py
[2026-01-30T21:03:05.739+0000] {processor.py:830} INFO - Processing file /opt/airflow/dags/feature_store.py for tasks to queue
[2026-01-30T21:03:05.741+0000] {logging_mixin.py:188} INFO - [2026-01-30T21:03:05.740+0000] {dagbag.py:545} INFO - Filling up the DagBag from /opt/airflow/dags/feature_store.py
[2026-01-30T21:03:06.964+0000] {logging_mixin.py:188} WARNING - /opt/airflow/dags/feature_store.py:64 RemovedInAirflow3Warning: Param `schedule_interval` is deprecated and will be removed in a future release. Please use `schedule` instead.
[2026-01-30T21:03:06.967+0000] {processor.py:840} INFO - DAG(s) 'feature_store_cre' retrieved from /opt/airflow/dags/feature_store.py
[2026-01-30T21:03:06.987+0000] {logging_mixin.py:188} INFO - [2026-01-30T21:03:06.986+0000] {dag.py:3096} INFO - Sync 1 DAGs
[2026-01-30T21:03:07.002+0000] {logging_mixin.py:188} INFO - [2026-01-30T21:03:07.002+0000] {dag.py:3954} INFO - Setting next_dagrun for feature_store_cre to 2026-01-29 00:00:00+00:00, run_after=2026-01-30 00:00:00+00:00
[2026-01-30T21:03:07.018+0000] {processor.py:183} INFO - Processing /opt/airflow/dags/feature_store.py took 1.285 seconds
[2026-01-30T21:03:37.095+0000] {processor.py:161} INFO - Started process (PID=2651) to work on /opt/airflow/dags/feature_store.py
[2026-01-30T21:03:37.097+0000] {processor.py:830} INFO - Processing file /opt/airflow/dags/feature_store.py for tasks to queue
[2026-01-30T21:03:37.098+0000] {logging_mixin.py:188} INFO - [2026-01-30T21:03:37.098+0000] {dagbag.py:545} INFO - Filling up the DagBag from /opt/airflow/dags/feature_store.py
[2026-01-30T21:03:38.244+0000] {logging_mixin.py:188} WARNING - /opt/airflow/dags/feature_store.py:64 RemovedInAirflow3Warning: Param `schedule_interval` is deprecated and will be removed in a future release. Please use `schedule` instead.
[2026-01-30T21:03:38.247+0000] {processor.py:840} INFO - DAG(s) 'feature_store_cre' retrieved from /opt/airflow/dags/feature_store.py
[2026-01-30T21:03:38.261+0000] {logging_mixin.py:188} INFO - [2026-01-30T21:03:38.260+0000] {dag.py:3096} INFO - Sync 1 DAGs
[2026-01-30T21:03:38.272+0000] {logging_mixin.py:188} INFO - [2026-01-30T21:03:38.272+0000] {dag.py:3954} INFO - Setting next_dagrun for feature_store_cre to 2026-01-29 00:00:00+00:00, run_after=2026-01-30 00:00:00+00:00
[2026-01-30T21:03:38.285+0000] {processor.py:183} INFO - Processing /opt/airflow/dags/feature_store.py took 1.193 seconds
[2026-01-30T21:04:08.702+0000] {processor.py:161} INFO - Started process (PID=2698) to work on /opt/airflow/dags/feature_store.py
[2026-01-30T21:04:08.705+0000] {processor.py:830} INFO - Processing file /opt/airflow/dags/feature_store.py for tasks to queue
[2026-01-30T21:04:08.707+0000] {logging_mixin.py:188} INFO - [2026-01-30T21:04:08.707+0000] {dagbag.py:545} INFO - Filling up the DagBag from /opt/airflow/dags/feature_store.py
[2026-01-30T21:04:09.931+0000] {logging_mixin.py:188} WARNING - /opt/airflow/dags/feature_store.py:64 RemovedInAirflow3Warning: Param `schedule_interval` is deprecated and will be removed in a future release. Please use `schedule` instead.
[2026-01-30T21:04:09.934+0000] {processor.py:840} INFO - DAG(s) 'feature_store_cre' retrieved from /opt/airflow/dags/feature_store.py
[2026-01-30T21:04:09.947+0000] {logging_mixin.py:188} INFO - [2026-01-30T21:04:09.947+0000] {dag.py:3096} INFO - Sync 1 DAGs
[2026-01-30T21:04:09.958+0000] {logging_mixin.py:188} INFO - [2026-01-30T21:04:09.958+0000] {dag.py:3954} INFO - Setting next_dagrun for feature_store_cre to 2026-01-29 00:00:00+00:00, run_after=2026-01-30 00:00:00+00:00
[2026-01-30T21:04:09.974+0000] {processor.py:183} INFO - Processing /opt/airflow/dags/feature_store.py took 1.275 seconds
[2026-01-30T21:04:40.200+0000] {processor.py:161} INFO - Started process (PID=2746) to work on /opt/airflow/dags/feature_store.py
[2026-01-30T21:04:40.203+0000] {processor.py:830} INFO - Processing file /opt/airflow/dags/feature_store.py for tasks to queue
[2026-01-30T21:04:40.204+0000] {logging_mixin.py:188} INFO - [2026-01-30T21:04:40.204+0000] {dagbag.py:545} INFO - Filling up the DagBag from /opt/airflow/dags/feature_store.py
[2026-01-30T21:04:41.449+0000] {logging_mixin.py:188} WARNING - /opt/airflow/dags/feature_store.py:64 RemovedInAirflow3Warning: Param `schedule_interval` is deprecated and will be removed in a future release. Please use `schedule` instead.
[2026-01-30T21:04:41.453+0000] {processor.py:840} INFO - DAG(s) 'feature_store_cre' retrieved from /opt/airflow/dags/feature_store.py
[2026-01-30T21:04:41.467+0000] {logging_mixin.py:188} INFO - [2026-01-30T21:04:41.467+0000] {dag.py:3096} INFO - Sync 1 DAGs
[2026-01-30T21:04:41.481+0000] {logging_mixin.py:188} INFO - [2026-01-30T21:04:41.481+0000] {dag.py:3954} INFO - Setting next_dagrun for feature_store_cre to 2026-01-29 00:00:00+00:00, run_after=2026-01-30 00:00:00+00:00
[2026-01-30T21:04:41.560+0000] {processor.py:183} INFO - Processing /opt/airflow/dags/feature_store.py took 1.364 seconds
[2026-01-30T21:05:11.609+0000] {processor.py:161} INFO - Started process (PID=2793) to work on /opt/airflow/dags/feature_store.py
[2026-01-30T21:05:11.609+0000] {processor.py:830} INFO - Processing file /opt/airflow/dags/feature_store.py for tasks to queue
[2026-01-30T21:05:11.611+0000] {logging_mixin.py:188} INFO - [2026-01-30T21:05:11.610+0000] {dagbag.py:545} INFO - Filling up the DagBag from /opt/airflow/dags/feature_store.py
[2026-01-30T21:05:12.890+0000] {logging_mixin.py:188} WARNING - /opt/airflow/dags/feature_store.py:64 RemovedInAirflow3Warning: Param `schedule_interval` is deprecated and will be removed in a future release. Please use `schedule` instead.
[2026-01-30T21:05:12.893+0000] {processor.py:840} INFO - DAG(s) 'feature_store_cre' retrieved from /opt/airflow/dags/feature_store.py
[2026-01-30T21:05:12.907+0000] {logging_mixin.py:188} INFO - [2026-01-30T21:05:12.906+0000] {dag.py:3096} INFO - Sync 1 DAGs
[2026-01-30T21:05:12.919+0000] {logging_mixin.py:188} INFO - [2026-01-30T21:05:12.919+0000] {dag.py:3954} INFO - Setting next_dagrun for feature_store_cre to 2026-01-29 00:00:00+00:00, run_after=2026-01-30 00:00:00+00:00
[2026-01-30T21:05:12.933+0000] {processor.py:183} INFO - Processing /opt/airflow/dags/feature_store.py took 1.328 seconds
[2026-01-30T21:05:43.325+0000] {processor.py:161} INFO - Started process (PID=2840) to work on /opt/airflow/dags/feature_store.py
[2026-01-30T21:05:43.326+0000] {processor.py:830} INFO - Processing file /opt/airflow/dags/feature_store.py for tasks to queue
[2026-01-30T21:05:43.328+0000] {logging_mixin.py:188} INFO - [2026-01-30T21:05:43.327+0000] {dagbag.py:545} INFO - Filling up the DagBag from /opt/airflow/dags/feature_store.py
[2026-01-30T21:05:44.515+0000] {logging_mixin.py:188} WARNING - /opt/airflow/dags/feature_store.py:64 RemovedInAirflow3Warning: Param `schedule_interval` is deprecated and will be removed in a future release. Please use `schedule` instead.
[2026-01-30T21:05:44.518+0000] {processor.py:840} INFO - DAG(s) 'feature_store_cre' retrieved from /opt/airflow/dags/feature_store.py
[2026-01-30T21:05:44.534+0000] {logging_mixin.py:188} INFO - [2026-01-30T21:05:44.534+0000] {dag.py:3096} INFO - Sync 1 DAGs
[2026-01-30T21:05:44.545+0000] {logging_mixin.py:188} INFO - [2026-01-30T21:05:44.545+0000] {dag.py:3954} INFO - Setting next_dagrun for feature_store_cre to 2026-01-29 00:00:00+00:00, run_after=2026-01-30 00:00:00+00:00
[2026-01-30T21:05:44.559+0000] {processor.py:183} INFO - Processing /opt/airflow/dags/feature_store.py took 1.239 seconds
[2026-01-30T21:06:14.974+0000] {processor.py:161} INFO - Started process (PID=2887) to work on /opt/airflow/dags/feature_store.py
[2026-01-30T21:06:14.975+0000] {processor.py:830} INFO - Processing file /opt/airflow/dags/feature_store.py for tasks to queue
[2026-01-30T21:06:14.976+0000] {logging_mixin.py:188} INFO - [2026-01-30T21:06:14.976+0000] {dagbag.py:545} INFO - Filling up the DagBag from /opt/airflow/dags/feature_store.py
[2026-01-30T21:06:16.263+0000] {logging_mixin.py:188} WARNING - /opt/airflow/dags/feature_store.py:64 RemovedInAirflow3Warning: Param `schedule_interval` is deprecated and will be removed in a future release. Please use `schedule` instead.
[2026-01-30T21:06:16.269+0000] {processor.py:840} INFO - DAG(s) 'feature_store_cre' retrieved from /opt/airflow/dags/feature_store.py
[2026-01-30T21:06:16.286+0000] {logging_mixin.py:188} INFO - [2026-01-30T21:06:16.285+0000] {dag.py:3096} INFO - Sync 1 DAGs
[2026-01-30T21:06:16.301+0000] {logging_mixin.py:188} INFO - [2026-01-30T21:06:16.301+0000] {dag.py:3954} INFO - Setting next_dagrun for feature_store_cre to 2026-01-29 00:00:00+00:00, run_after=2026-01-30 00:00:00+00:00
[2026-01-30T21:06:16.322+0000] {processor.py:183} INFO - Processing /opt/airflow/dags/feature_store.py took 1.352 seconds
[2026-01-30T21:06:46.551+0000] {processor.py:161} INFO - Started process (PID=2934) to work on /opt/airflow/dags/feature_store.py
[2026-01-30T21:06:46.554+0000] {processor.py:830} INFO - Processing file /opt/airflow/dags/feature_store.py for tasks to queue
[2026-01-30T21:06:46.555+0000] {logging_mixin.py:188} INFO - [2026-01-30T21:06:46.554+0000] {dagbag.py:545} INFO - Filling up the DagBag from /opt/airflow/dags/feature_store.py
[2026-01-30T21:06:47.828+0000] {logging_mixin.py:188} WARNING - /opt/airflow/dags/feature_store.py:64 RemovedInAirflow3Warning: Param `schedule_interval` is deprecated and will be removed in a future release. Please use `schedule` instead.
[2026-01-30T21:06:47.831+0000] {processor.py:840} INFO - DAG(s) 'feature_store_cre' retrieved from /opt/airflow/dags/feature_store.py
[2026-01-30T21:06:47.845+0000] {logging_mixin.py:188} INFO - [2026-01-30T21:06:47.845+0000] {dag.py:3096} INFO - Sync 1 DAGs
[2026-01-30T21:06:47.858+0000] {logging_mixin.py:188} INFO - [2026-01-30T21:06:47.857+0000] {dag.py:3954} INFO - Setting next_dagrun for feature_store_cre to 2026-01-29 00:00:00+00:00, run_after=2026-01-30 00:00:00+00:00
[2026-01-30T21:06:47.870+0000] {processor.py:183} INFO - Processing /opt/airflow/dags/feature_store.py took 1.322 seconds
[2026-01-30T21:07:17.980+0000] {processor.py:161} INFO - Started process (PID=2981) to work on /opt/airflow/dags/feature_store.py
[2026-01-30T21:07:17.981+0000] {processor.py:830} INFO - Processing file /opt/airflow/dags/feature_store.py for tasks to queue
[2026-01-30T21:07:17.982+0000] {logging_mixin.py:188} INFO - [2026-01-30T21:07:17.982+0000] {dagbag.py:545} INFO - Filling up the DagBag from /opt/airflow/dags/feature_store.py
[2026-01-30T21:07:19.234+0000] {logging_mixin.py:188} WARNING - /opt/airflow/dags/feature_store.py:64 RemovedInAirflow3Warning: Param `schedule_interval` is deprecated and will be removed in a future release. Please use `schedule` instead.
[2026-01-30T21:07:19.237+0000] {processor.py:840} INFO - DAG(s) 'feature_store_cre' retrieved from /opt/airflow/dags/feature_store.py
[2026-01-30T21:07:19.252+0000] {logging_mixin.py:188} INFO - [2026-01-30T21:07:19.251+0000] {dag.py:3096} INFO - Sync 1 DAGs
[2026-01-30T21:07:19.263+0000] {logging_mixin.py:188} INFO - [2026-01-30T21:07:19.263+0000] {dag.py:3954} INFO - Setting next_dagrun for feature_store_cre to 2026-01-29 00:00:00+00:00, run_after=2026-01-30 00:00:00+00:00
[2026-01-30T21:07:19.357+0000] {processor.py:183} INFO - Processing /opt/airflow/dags/feature_store.py took 1.381 seconds
[2026-01-30T21:07:49.798+0000] {processor.py:161} INFO - Started process (PID=3028) to work on /opt/airflow/dags/feature_store.py
[2026-01-30T21:07:49.799+0000] {processor.py:830} INFO - Processing file /opt/airflow/dags/feature_store.py for tasks to queue
[2026-01-30T21:07:49.800+0000] {logging_mixin.py:188} INFO - [2026-01-30T21:07:49.800+0000] {dagbag.py:545} INFO - Filling up the DagBag from /opt/airflow/dags/feature_store.py
[2026-01-30T21:07:51.056+0000] {logging_mixin.py:188} WARNING - /opt/airflow/dags/feature_store.py:64 RemovedInAirflow3Warning: Param `schedule_interval` is deprecated and will be removed in a future release. Please use `schedule` instead.
[2026-01-30T21:07:51.059+0000] {processor.py:840} INFO - DAG(s) 'feature_store_cre' retrieved from /opt/airflow/dags/feature_store.py
[2026-01-30T21:07:51.073+0000] {logging_mixin.py:188} INFO - [2026-01-30T21:07:51.073+0000] {dag.py:3096} INFO - Sync 1 DAGs
[2026-01-30T21:07:51.089+0000] {logging_mixin.py:188} INFO - [2026-01-30T21:07:51.088+0000] {dag.py:3954} INFO - Setting next_dagrun for feature_store_cre to 2026-01-29 00:00:00+00:00, run_after=2026-01-30 00:00:00+00:00
[2026-01-30T21:07:51.099+0000] {processor.py:183} INFO - Processing /opt/airflow/dags/feature_store.py took 1.306 seconds
[2026-01-30T21:08:21.484+0000] {processor.py:161} INFO - Started process (PID=3069) to work on /opt/airflow/dags/feature_store.py
[2026-01-30T21:08:21.485+0000] {processor.py:830} INFO - Processing file /opt/airflow/dags/feature_store.py for tasks to queue
[2026-01-30T21:08:21.486+0000] {logging_mixin.py:188} INFO - [2026-01-30T21:08:21.486+0000] {dagbag.py:545} INFO - Filling up the DagBag from /opt/airflow/dags/feature_store.py
[2026-01-30T21:08:22.789+0000] {logging_mixin.py:188} WARNING - /opt/airflow/dags/feature_store.py:64 RemovedInAirflow3Warning: Param `schedule_interval` is deprecated and will be removed in a future release. Please use `schedule` instead.
[2026-01-30T21:08:22.792+0000] {processor.py:840} INFO - DAG(s) 'feature_store_cre' retrieved from /opt/airflow/dags/feature_store.py
[2026-01-30T21:08:22.806+0000] {logging_mixin.py:188} INFO - [2026-01-30T21:08:22.805+0000] {dag.py:3096} INFO - Sync 1 DAGs
[2026-01-30T21:08:22.818+0000] {logging_mixin.py:188} INFO - [2026-01-30T21:08:22.818+0000] {dag.py:3954} INFO - Setting next_dagrun for feature_store_cre to 2026-01-29 00:00:00+00:00, run_after=2026-01-30 00:00:00+00:00
[2026-01-30T21:08:22.831+0000] {processor.py:183} INFO - Processing /opt/airflow/dags/feature_store.py took 1.351 seconds
[2026-01-30T21:08:52.865+0000] {processor.py:161} INFO - Started process (PID=3112) to work on /opt/airflow/dags/feature_store.py
[2026-01-30T21:08:52.867+0000] {processor.py:830} INFO - Processing file /opt/airflow/dags/feature_store.py for tasks to queue
[2026-01-30T21:08:52.868+0000] {logging_mixin.py:188} INFO - [2026-01-30T21:08:52.868+0000] {dagbag.py:545} INFO - Filling up the DagBag from /opt/airflow/dags/feature_store.py
[2026-01-30T21:08:54.156+0000] {logging_mixin.py:188} WARNING - /opt/airflow/dags/feature_store.py:64 RemovedInAirflow3Warning: Param `schedule_interval` is deprecated and will be removed in a future release. Please use `schedule` instead.
[2026-01-30T21:08:54.163+0000] {processor.py:840} INFO - DAG(s) 'feature_store_cre' retrieved from /opt/airflow/dags/feature_store.py
[2026-01-30T21:08:54.179+0000] {logging_mixin.py:188} INFO - [2026-01-30T21:08:54.178+0000] {dag.py:3096} INFO - Sync 1 DAGs
[2026-01-30T21:08:54.195+0000] {logging_mixin.py:188} INFO - [2026-01-30T21:08:54.194+0000] {dag.py:3954} INFO - Setting next_dagrun for feature_store_cre to 2026-01-29 00:00:00+00:00, run_after=2026-01-30 00:00:00+00:00
[2026-01-30T21:08:54.211+0000] {processor.py:183} INFO - Processing /opt/airflow/dags/feature_store.py took 1.350 seconds
[2026-01-30T21:09:24.950+0000] {processor.py:161} INFO - Started process (PID=3152) to work on /opt/airflow/dags/feature_store.py
[2026-01-30T21:09:24.950+0000] {processor.py:830} INFO - Processing file /opt/airflow/dags/feature_store.py for tasks to queue
[2026-01-30T21:09:24.952+0000] {logging_mixin.py:188} INFO - [2026-01-30T21:09:24.951+0000] {dagbag.py:545} INFO - Filling up the DagBag from /opt/airflow/dags/feature_store.py
[2026-01-30T21:09:26.501+0000] {logging_mixin.py:188} WARNING - /opt/airflow/dags/feature_store.py:64 RemovedInAirflow3Warning: Param `schedule_interval` is deprecated and will be removed in a future release. Please use `schedule` instead.
[2026-01-30T21:09:26.506+0000] {processor.py:840} INFO - DAG(s) 'feature_store_cre' retrieved from /opt/airflow/dags/feature_store.py
[2026-01-30T21:09:26.523+0000] {logging_mixin.py:188} INFO - [2026-01-30T21:09:26.523+0000] {dag.py:3096} INFO - Sync 1 DAGs
[2026-01-30T21:09:26.537+0000] {logging_mixin.py:188} INFO - [2026-01-30T21:09:26.537+0000] {dag.py:3954} INFO - Setting next_dagrun for feature_store_cre to 2026-01-29 00:00:00+00:00, run_after=2026-01-30 00:00:00+00:00
[2026-01-30T21:09:26.556+0000] {processor.py:183} INFO - Processing /opt/airflow/dags/feature_store.py took 1.610 seconds
[2026-01-30T21:09:57.878+0000] {processor.py:161} INFO - Started process (PID=3199) to work on /opt/airflow/dags/feature_store.py
[2026-01-30T21:09:57.880+0000] {processor.py:830} INFO - Processing file /opt/airflow/dags/feature_store.py for tasks to queue
[2026-01-30T21:09:57.882+0000] {logging_mixin.py:188} INFO - [2026-01-30T21:09:57.882+0000] {dagbag.py:545} INFO - Filling up the DagBag from /opt/airflow/dags/feature_store.py
[2026-01-30T21:09:59.851+0000] {logging_mixin.py:188} WARNING - /opt/airflow/dags/feature_store.py:64 RemovedInAirflow3Warning: Param `schedule_interval` is deprecated and will be removed in a future release. Please use `schedule` instead.
[2026-01-30T21:09:59.857+0000] {processor.py:840} INFO - DAG(s) 'feature_store_cre' retrieved from /opt/airflow/dags/feature_store.py
[2026-01-30T21:09:59.880+0000] {logging_mixin.py:188} INFO - [2026-01-30T21:09:59.880+0000] {dag.py:3096} INFO - Sync 1 DAGs
[2026-01-30T21:09:59.900+0000] {logging_mixin.py:188} INFO - [2026-01-30T21:09:59.900+0000] {dag.py:3954} INFO - Setting next_dagrun for feature_store_cre to 2026-01-29 00:00:00+00:00, run_after=2026-01-30 00:00:00+00:00
[2026-01-30T21:09:59.922+0000] {processor.py:183} INFO - Processing /opt/airflow/dags/feature_store.py took 2.049 seconds
[2026-01-30T21:10:30.971+0000] {processor.py:161} INFO - Started process (PID=3246) to work on /opt/airflow/dags/feature_store.py
[2026-01-30T21:10:30.972+0000] {processor.py:830} INFO - Processing file /opt/airflow/dags/feature_store.py for tasks to queue
[2026-01-30T21:10:30.973+0000] {logging_mixin.py:188} INFO - [2026-01-30T21:10:30.973+0000] {dagbag.py:545} INFO - Filling up the DagBag from /opt/airflow/dags/feature_store.py
[2026-01-30T21:10:33.456+0000] {logging_mixin.py:188} WARNING - /opt/airflow/dags/feature_store.py:64 RemovedInAirflow3Warning: Param `schedule_interval` is deprecated and will be removed in a future release. Please use `schedule` instead.
[2026-01-30T21:10:33.461+0000] {processor.py:840} INFO - DAG(s) 'feature_store_cre' retrieved from /opt/airflow/dags/feature_store.py
[2026-01-30T21:10:33.486+0000] {logging_mixin.py:188} INFO - [2026-01-30T21:10:33.486+0000] {dag.py:3096} INFO - Sync 1 DAGs
[2026-01-30T21:10:33.514+0000] {logging_mixin.py:188} INFO - [2026-01-30T21:10:33.513+0000] {dag.py:3954} INFO - Setting next_dagrun for feature_store_cre to 2026-01-29 00:00:00+00:00, run_after=2026-01-30 00:00:00+00:00
[2026-01-30T21:10:33.537+0000] {processor.py:183} INFO - Processing /opt/airflow/dags/feature_store.py took 2.572 seconds
[2026-01-30T21:11:04.113+0000] {processor.py:161} INFO - Started process (PID=3290) to work on /opt/airflow/dags/feature_store.py
[2026-01-30T21:11:04.114+0000] {processor.py:830} INFO - Processing file /opt/airflow/dags/feature_store.py for tasks to queue
[2026-01-30T21:11:04.116+0000] {logging_mixin.py:188} INFO - [2026-01-30T21:11:04.116+0000] {dagbag.py:545} INFO - Filling up the DagBag from /opt/airflow/dags/feature_store.py
[2026-01-30T21:11:06.109+0000] {logging_mixin.py:188} WARNING - /opt/airflow/dags/feature_store.py:64 RemovedInAirflow3Warning: Param `schedule_interval` is deprecated and will be removed in a future release. Please use `schedule` instead.
[2026-01-30T21:11:06.114+0000] {processor.py:840} INFO - DAG(s) 'feature_store_cre' retrieved from /opt/airflow/dags/feature_store.py
[2026-01-30T21:11:06.138+0000] {logging_mixin.py:188} INFO - [2026-01-30T21:11:06.137+0000] {dag.py:3096} INFO - Sync 1 DAGs
[2026-01-30T21:11:06.159+0000] {logging_mixin.py:188} INFO - [2026-01-30T21:11:06.159+0000] {dag.py:3954} INFO - Setting next_dagrun for feature_store_cre to 2026-01-29 00:00:00+00:00, run_after=2026-01-30 00:00:00+00:00
[2026-01-30T21:11:06.265+0000] {processor.py:183} INFO - Processing /opt/airflow/dags/feature_store.py took 2.158 seconds
[2026-01-30T21:11:36.671+0000] {processor.py:161} INFO - Started process (PID=3343) to work on /opt/airflow/dags/feature_store.py
[2026-01-30T21:11:36.672+0000] {processor.py:830} INFO - Processing file /opt/airflow/dags/feature_store.py for tasks to queue
[2026-01-30T21:11:36.674+0000] {logging_mixin.py:188} INFO - [2026-01-30T21:11:36.673+0000] {dagbag.py:545} INFO - Filling up the DagBag from /opt/airflow/dags/feature_store.py
[2026-01-30T21:11:38.834+0000] {logging_mixin.py:188} WARNING - /opt/airflow/dags/feature_store.py:64 RemovedInAirflow3Warning: Param `schedule_interval` is deprecated and will be removed in a future release. Please use `schedule` instead.
[2026-01-30T21:11:38.839+0000] {processor.py:840} INFO - DAG(s) 'feature_store_cre' retrieved from /opt/airflow/dags/feature_store.py
[2026-01-30T21:11:38.866+0000] {logging_mixin.py:188} INFO - [2026-01-30T21:11:38.866+0000] {dag.py:3096} INFO - Sync 1 DAGs
[2026-01-30T21:11:38.890+0000] {logging_mixin.py:188} INFO - [2026-01-30T21:11:38.889+0000] {dag.py:3954} INFO - Setting next_dagrun for feature_store_cre to 2026-01-29 00:00:00+00:00, run_after=2026-01-30 00:00:00+00:00
[2026-01-30T21:11:38.916+0000] {processor.py:183} INFO - Processing /opt/airflow/dags/feature_store.py took 2.250 seconds
[2026-01-30T21:12:09.732+0000] {processor.py:161} INFO - Started process (PID=3390) to work on /opt/airflow/dags/feature_store.py
[2026-01-30T21:12:09.734+0000] {processor.py:830} INFO - Processing file /opt/airflow/dags/feature_store.py for tasks to queue
[2026-01-30T21:12:09.737+0000] {logging_mixin.py:188} INFO - [2026-01-30T21:12:09.736+0000] {dagbag.py:545} INFO - Filling up the DagBag from /opt/airflow/dags/feature_store.py
[2026-01-30T21:12:14.203+0000] {logging_mixin.py:188} WARNING - /opt/airflow/dags/feature_store.py:64 RemovedInAirflow3Warning: Param `schedule_interval` is deprecated and will be removed in a future release. Please use `schedule` instead.
[2026-01-30T21:12:14.236+0000] {processor.py:840} INFO - DAG(s) 'feature_store_cre' retrieved from /opt/airflow/dags/feature_store.py
[2026-01-30T21:12:14.351+0000] {logging_mixin.py:188} INFO - [2026-01-30T21:12:14.350+0000] {dag.py:3096} INFO - Sync 1 DAGs
[2026-01-30T21:12:14.429+0000] {logging_mixin.py:188} INFO - [2026-01-30T21:12:14.429+0000] {dag.py:3954} INFO - Setting next_dagrun for feature_store_cre to 2026-01-29 00:00:00+00:00, run_after=2026-01-30 00:00:00+00:00
[2026-01-30T21:12:14.505+0000] {processor.py:183} INFO - Processing /opt/airflow/dags/feature_store.py took 4.780 seconds
[2026-01-30T21:12:44.806+0000] {processor.py:161} INFO - Started process (PID=3436) to work on /opt/airflow/dags/feature_store.py
[2026-01-30T21:12:44.807+0000] {processor.py:830} INFO - Processing file /opt/airflow/dags/feature_store.py for tasks to queue
[2026-01-30T21:12:44.809+0000] {logging_mixin.py:188} INFO - [2026-01-30T21:12:44.808+0000] {dagbag.py:545} INFO - Filling up the DagBag from /opt/airflow/dags/feature_store.py
[2026-01-30T21:12:46.749+0000] {logging_mixin.py:188} WARNING - /opt/airflow/dags/feature_store.py:64 RemovedInAirflow3Warning: Param `schedule_interval` is deprecated and will be removed in a future release. Please use `schedule` instead.
[2026-01-30T21:12:46.753+0000] {processor.py:840} INFO - DAG(s) 'feature_store_cre' retrieved from /opt/airflow/dags/feature_store.py
[2026-01-30T21:12:46.771+0000] {logging_mixin.py:188} INFO - [2026-01-30T21:12:46.771+0000] {dag.py:3096} INFO - Sync 1 DAGs
[2026-01-30T21:12:46.787+0000] {logging_mixin.py:188} INFO - [2026-01-30T21:12:46.786+0000] {dag.py:3954} INFO - Setting next_dagrun for feature_store_cre to 2026-01-29 00:00:00+00:00, run_after=2026-01-30 00:00:00+00:00
[2026-01-30T21:12:46.803+0000] {processor.py:183} INFO - Processing /opt/airflow/dags/feature_store.py took 2.004 seconds
[2026-01-30T21:13:17.379+0000] {processor.py:161} INFO - Started process (PID=3483) to work on /opt/airflow/dags/feature_store.py
[2026-01-30T21:13:17.381+0000] {processor.py:830} INFO - Processing file /opt/airflow/dags/feature_store.py for tasks to queue
[2026-01-30T21:13:17.383+0000] {logging_mixin.py:188} INFO - [2026-01-30T21:13:17.383+0000] {dagbag.py:545} INFO - Filling up the DagBag from /opt/airflow/dags/feature_store.py
[2026-01-30T21:13:19.234+0000] {logging_mixin.py:188} WARNING - /opt/airflow/dags/feature_store.py:64 RemovedInAirflow3Warning: Param `schedule_interval` is deprecated and will be removed in a future release. Please use `schedule` instead.
[2026-01-30T21:13:19.239+0000] {processor.py:840} INFO - DAG(s) 'feature_store_cre' retrieved from /opt/airflow/dags/feature_store.py
[2026-01-30T21:13:19.261+0000] {logging_mixin.py:188} INFO - [2026-01-30T21:13:19.260+0000] {dag.py:3096} INFO - Sync 1 DAGs
[2026-01-30T21:13:19.279+0000] {logging_mixin.py:188} INFO - [2026-01-30T21:13:19.279+0000] {dag.py:3954} INFO - Setting next_dagrun for feature_store_cre to 2026-01-29 00:00:00+00:00, run_after=2026-01-30 00:00:00+00:00
[2026-01-30T21:13:19.299+0000] {processor.py:183} INFO - Processing /opt/airflow/dags/feature_store.py took 1.924 seconds
[2026-01-30T21:13:49.973+0000] {processor.py:161} INFO - Started process (PID=3530) to work on /opt/airflow/dags/feature_store.py
[2026-01-30T21:13:49.974+0000] {processor.py:830} INFO - Processing file /opt/airflow/dags/feature_store.py for tasks to queue
[2026-01-30T21:13:49.975+0000] {logging_mixin.py:188} INFO - [2026-01-30T21:13:49.975+0000] {dagbag.py:545} INFO - Filling up the DagBag from /opt/airflow/dags/feature_store.py
[2026-01-30T21:13:51.302+0000] {logging_mixin.py:188} WARNING - /opt/airflow/dags/feature_store.py:64 RemovedInAirflow3Warning: Param `schedule_interval` is deprecated and will be removed in a future release. Please use `schedule` instead.
[2026-01-30T21:13:51.306+0000] {processor.py:840} INFO - DAG(s) 'feature_store_cre' retrieved from /opt/airflow/dags/feature_store.py
[2026-01-30T21:13:51.323+0000] {logging_mixin.py:188} INFO - [2026-01-30T21:13:51.323+0000] {dag.py:3096} INFO - Sync 1 DAGs
[2026-01-30T21:13:51.336+0000] {logging_mixin.py:188} INFO - [2026-01-30T21:13:51.336+0000] {dag.py:3954} INFO - Setting next_dagrun for feature_store_cre to 2026-01-29 00:00:00+00:00, run_after=2026-01-30 00:00:00+00:00
[2026-01-30T21:13:51.425+0000] {processor.py:183} INFO - Processing /opt/airflow/dags/feature_store.py took 1.456 seconds
[2026-01-30T21:14:21.487+0000] {processor.py:161} INFO - Started process (PID=3571) to work on /opt/airflow/dags/feature_store.py
[2026-01-30T21:14:21.488+0000] {processor.py:830} INFO - Processing file /opt/airflow/dags/feature_store.py for tasks to queue
[2026-01-30T21:14:21.490+0000] {logging_mixin.py:188} INFO - [2026-01-30T21:14:21.489+0000] {dagbag.py:545} INFO - Filling up the DagBag from /opt/airflow/dags/feature_store.py
[2026-01-30T21:14:22.900+0000] {logging_mixin.py:188} WARNING - /opt/airflow/dags/feature_store.py:64 RemovedInAirflow3Warning: Param `schedule_interval` is deprecated and will be removed in a future release. Please use `schedule` instead.
[2026-01-30T21:14:22.904+0000] {processor.py:840} INFO - DAG(s) 'feature_store_cre' retrieved from /opt/airflow/dags/feature_store.py
[2026-01-30T21:14:22.918+0000] {logging_mixin.py:188} INFO - [2026-01-30T21:14:22.917+0000] {dag.py:3096} INFO - Sync 1 DAGs
[2026-01-30T21:14:22.929+0000] {logging_mixin.py:188} INFO - [2026-01-30T21:14:22.929+0000] {dag.py:3954} INFO - Setting next_dagrun for feature_store_cre to 2026-01-29 00:00:00+00:00, run_after=2026-01-30 00:00:00+00:00
[2026-01-30T21:14:22.941+0000] {processor.py:183} INFO - Processing /opt/airflow/dags/feature_store.py took 1.458 seconds
[2026-01-30T21:14:53.940+0000] {processor.py:161} INFO - Started process (PID=3618) to work on /opt/airflow/dags/feature_store.py
[2026-01-30T21:14:53.941+0000] {processor.py:830} INFO - Processing file /opt/airflow/dags/feature_store.py for tasks to queue
[2026-01-30T21:14:53.942+0000] {logging_mixin.py:188} INFO - [2026-01-30T21:14:53.942+0000] {dagbag.py:545} INFO - Filling up the DagBag from /opt/airflow/dags/feature_store.py
[2026-01-30T21:14:55.217+0000] {logging_mixin.py:188} WARNING - /opt/airflow/dags/feature_store.py:64 RemovedInAirflow3Warning: Param `schedule_interval` is deprecated and will be removed in a future release. Please use `schedule` instead.
[2026-01-30T21:14:55.220+0000] {processor.py:840} INFO - DAG(s) 'feature_store_cre' retrieved from /opt/airflow/dags/feature_store.py
[2026-01-30T21:14:55.234+0000] {logging_mixin.py:188} INFO - [2026-01-30T21:14:55.234+0000] {dag.py:3096} INFO - Sync 1 DAGs
[2026-01-30T21:14:55.246+0000] {logging_mixin.py:188} INFO - [2026-01-30T21:14:55.246+0000] {dag.py:3954} INFO - Setting next_dagrun for feature_store_cre to 2026-01-29 00:00:00+00:00, run_after=2026-01-30 00:00:00+00:00
[2026-01-30T21:14:55.258+0000] {processor.py:183} INFO - Processing /opt/airflow/dags/feature_store.py took 1.322 seconds
[2026-01-30T21:15:26.845+0000] {processor.py:161} INFO - Started process (PID=3665) to work on /opt/airflow/dags/feature_store.py
[2026-01-30T21:15:26.846+0000] {processor.py:830} INFO - Processing file /opt/airflow/dags/feature_store.py for tasks to queue
[2026-01-30T21:15:26.847+0000] {logging_mixin.py:188} INFO - [2026-01-30T21:15:26.847+0000] {dagbag.py:545} INFO - Filling up the DagBag from /opt/airflow/dags/feature_store.py
[2026-01-30T21:15:28.178+0000] {logging_mixin.py:188} WARNING - /opt/airflow/dags/feature_store.py:64 RemovedInAirflow3Warning: Param `schedule_interval` is deprecated and will be removed in a future release. Please use `schedule` instead.
[2026-01-30T21:15:28.182+0000] {processor.py:840} INFO - DAG(s) 'feature_store_cre' retrieved from /opt/airflow/dags/feature_store.py
[2026-01-30T21:15:28.196+0000] {logging_mixin.py:188} INFO - [2026-01-30T21:15:28.196+0000] {dag.py:3096} INFO - Sync 1 DAGs
[2026-01-30T21:15:28.206+0000] {logging_mixin.py:188} INFO - [2026-01-30T21:15:28.206+0000] {dag.py:3954} INFO - Setting next_dagrun for feature_store_cre to 2026-01-29 00:00:00+00:00, run_after=2026-01-30 00:00:00+00:00
[2026-01-30T21:15:28.220+0000] {processor.py:183} INFO - Processing /opt/airflow/dags/feature_store.py took 1.379 seconds
[2026-01-30T21:15:59.570+0000] {processor.py:161} INFO - Started process (PID=3712) to work on /opt/airflow/dags/feature_store.py
[2026-01-30T21:15:59.571+0000] {processor.py:830} INFO - Processing file /opt/airflow/dags/feature_store.py for tasks to queue
[2026-01-30T21:15:59.572+0000] {logging_mixin.py:188} INFO - [2026-01-30T21:15:59.572+0000] {dagbag.py:545} INFO - Filling up the DagBag from /opt/airflow/dags/feature_store.py
[2026-01-30T21:16:00.773+0000] {logging_mixin.py:188} WARNING - /opt/airflow/dags/feature_store.py:64 RemovedInAirflow3Warning: Param `schedule_interval` is deprecated and will be removed in a future release. Please use `schedule` instead.
[2026-01-30T21:16:00.776+0000] {processor.py:840} INFO - DAG(s) 'feature_store_cre' retrieved from /opt/airflow/dags/feature_store.py
[2026-01-30T21:16:00.788+0000] {logging_mixin.py:188} INFO - [2026-01-30T21:16:00.788+0000] {dag.py:3096} INFO - Sync 1 DAGs
[2026-01-30T21:16:00.799+0000] {logging_mixin.py:188} INFO - [2026-01-30T21:16:00.798+0000] {dag.py:3954} INFO - Setting next_dagrun for feature_store_cre to 2026-01-29 00:00:00+00:00, run_after=2026-01-30 00:00:00+00:00
[2026-01-30T21:16:00.810+0000] {processor.py:183} INFO - Processing /opt/airflow/dags/feature_store.py took 1.244 seconds
[2026-01-30T21:16:32.450+0000] {processor.py:161} INFO - Started process (PID=3759) to work on /opt/airflow/dags/feature_store.py
[2026-01-30T21:16:32.452+0000] {processor.py:830} INFO - Processing file /opt/airflow/dags/feature_store.py for tasks to queue
[2026-01-30T21:16:32.454+0000] {logging_mixin.py:188} INFO - [2026-01-30T21:16:32.453+0000] {dagbag.py:545} INFO - Filling up the DagBag from /opt/airflow/dags/feature_store.py
[2026-01-30T21:16:34.034+0000] {logging_mixin.py:188} WARNING - /opt/airflow/dags/feature_store.py:64 RemovedInAirflow3Warning: Param `schedule_interval` is deprecated and will be removed in a future release. Please use `schedule` instead.
[2026-01-30T21:16:34.038+0000] {processor.py:840} INFO - DAG(s) 'feature_store_cre' retrieved from /opt/airflow/dags/feature_store.py
[2026-01-30T21:16:34.057+0000] {logging_mixin.py:188} INFO - [2026-01-30T21:16:34.056+0000] {dag.py:3096} INFO - Sync 1 DAGs
[2026-01-30T21:16:34.070+0000] {logging_mixin.py:188} INFO - [2026-01-30T21:16:34.070+0000] {dag.py:3954} INFO - Setting next_dagrun for feature_store_cre to 2026-01-29 00:00:00+00:00, run_after=2026-01-30 00:00:00+00:00
[2026-01-30T21:16:34.090+0000] {processor.py:183} INFO - Processing /opt/airflow/dags/feature_store.py took 1.649 seconds
[2026-01-30T21:17:05.352+0000] {processor.py:161} INFO - Started process (PID=3815) to work on /opt/airflow/dags/feature_store.py
[2026-01-30T21:17:05.353+0000] {processor.py:830} INFO - Processing file /opt/airflow/dags/feature_store.py for tasks to queue
[2026-01-30T21:17:05.354+0000] {logging_mixin.py:188} INFO - [2026-01-30T21:17:05.354+0000] {dagbag.py:545} INFO - Filling up the DagBag from /opt/airflow/dags/feature_store.py
[2026-01-30T21:17:06.702+0000] {logging_mixin.py:188} WARNING - /opt/airflow/dags/feature_store.py:64 RemovedInAirflow3Warning: Param `schedule_interval` is deprecated and will be removed in a future release. Please use `schedule` instead.
[2026-01-30T21:17:06.706+0000] {processor.py:840} INFO - DAG(s) 'feature_store_cre' retrieved from /opt/airflow/dags/feature_store.py
[2026-01-30T21:17:06.723+0000] {logging_mixin.py:188} INFO - [2026-01-30T21:17:06.723+0000] {dag.py:3096} INFO - Sync 1 DAGs
[2026-01-30T21:17:06.739+0000] {logging_mixin.py:188} INFO - [2026-01-30T21:17:06.739+0000] {dag.py:3954} INFO - Setting next_dagrun for feature_store_cre to 2026-01-29 00:00:00+00:00, run_after=2026-01-30 00:00:00+00:00
[2026-01-30T21:17:06.818+0000] {processor.py:183} INFO - Processing /opt/airflow/dags/feature_store.py took 1.470 seconds
[2026-01-30T21:17:38.439+0000] {processor.py:161} INFO - Started process (PID=3863) to work on /opt/airflow/dags/feature_store.py
[2026-01-30T21:17:38.440+0000] {processor.py:830} INFO - Processing file /opt/airflow/dags/feature_store.py for tasks to queue
[2026-01-30T21:17:38.442+0000] {logging_mixin.py:188} INFO - [2026-01-30T21:17:38.441+0000] {dagbag.py:545} INFO - Filling up the DagBag from /opt/airflow/dags/feature_store.py
[2026-01-30T21:17:39.985+0000] {logging_mixin.py:188} WARNING - /opt/airflow/dags/feature_store.py:64 RemovedInAirflow3Warning: Param `schedule_interval` is deprecated and will be removed in a future release. Please use `schedule` instead.
[2026-01-30T21:17:39.989+0000] {processor.py:840} INFO - DAG(s) 'feature_store_cre' retrieved from /opt/airflow/dags/feature_store.py
[2026-01-30T21:17:40.008+0000] {logging_mixin.py:188} INFO - [2026-01-30T21:17:40.008+0000] {dag.py:3096} INFO - Sync 1 DAGs
[2026-01-30T21:17:40.030+0000] {logging_mixin.py:188} INFO - [2026-01-30T21:17:40.030+0000] {dag.py:3954} INFO - Setting next_dagrun for feature_store_cre to 2026-01-29 00:00:00+00:00, run_after=2026-01-30 00:00:00+00:00
[2026-01-30T21:17:40.048+0000] {processor.py:183} INFO - Processing /opt/airflow/dags/feature_store.py took 1.615 seconds
[2026-01-30T21:18:11.201+0000] {processor.py:161} INFO - Started process (PID=3902) to work on /opt/airflow/dags/feature_store.py
[2026-01-30T21:18:11.202+0000] {processor.py:830} INFO - Processing file /opt/airflow/dags/feature_store.py for tasks to queue
[2026-01-30T21:18:11.205+0000] {logging_mixin.py:188} INFO - [2026-01-30T21:18:11.205+0000] {dagbag.py:545} INFO - Filling up the DagBag from /opt/airflow/dags/feature_store.py
[2026-01-30T21:18:12.634+0000] {logging_mixin.py:188} WARNING - /opt/airflow/dags/feature_store.py:64 RemovedInAirflow3Warning: Param `schedule_interval` is deprecated and will be removed in a future release. Please use `schedule` instead.
[2026-01-30T21:18:12.637+0000] {processor.py:840} INFO - DAG(s) 'feature_store_cre' retrieved from /opt/airflow/dags/feature_store.py
[2026-01-30T21:18:12.656+0000] {logging_mixin.py:188} INFO - [2026-01-30T21:18:12.656+0000] {dag.py:3096} INFO - Sync 1 DAGs
[2026-01-30T21:18:12.671+0000] {logging_mixin.py:188} INFO - [2026-01-30T21:18:12.671+0000] {dag.py:3954} INFO - Setting next_dagrun for feature_store_cre to 2026-01-29 00:00:00+00:00, run_after=2026-01-30 00:00:00+00:00
[2026-01-30T21:18:12.686+0000] {processor.py:183} INFO - Processing /opt/airflow/dags/feature_store.py took 1.490 seconds
[2026-01-30T21:18:44.107+0000] {processor.py:161} INFO - Started process (PID=3949) to work on /opt/airflow/dags/feature_store.py
[2026-01-30T21:18:44.108+0000] {processor.py:830} INFO - Processing file /opt/airflow/dags/feature_store.py for tasks to queue
[2026-01-30T21:18:44.110+0000] {logging_mixin.py:188} INFO - [2026-01-30T21:18:44.109+0000] {dagbag.py:545} INFO - Filling up the DagBag from /opt/airflow/dags/feature_store.py
[2026-01-30T21:18:45.486+0000] {logging_mixin.py:188} WARNING - /opt/airflow/dags/feature_store.py:64 RemovedInAirflow3Warning: Param `schedule_interval` is deprecated and will be removed in a future release. Please use `schedule` instead.
[2026-01-30T21:18:45.489+0000] {processor.py:840} INFO - DAG(s) 'feature_store_cre' retrieved from /opt/airflow/dags/feature_store.py
[2026-01-30T21:18:45.505+0000] {logging_mixin.py:188} INFO - [2026-01-30T21:18:45.505+0000] {dag.py:3096} INFO - Sync 1 DAGs
[2026-01-30T21:18:45.519+0000] {logging_mixin.py:188} INFO - [2026-01-30T21:18:45.519+0000] {dag.py:3954} INFO - Setting next_dagrun for feature_store_cre to 2026-01-29 00:00:00+00:00, run_after=2026-01-30 00:00:00+00:00
[2026-01-30T21:18:45.533+0000] {processor.py:183} INFO - Processing /opt/airflow/dags/feature_store.py took 1.430 seconds
[2026-01-30T21:19:16.909+0000] {processor.py:161} INFO - Started process (PID=3996) to work on /opt/airflow/dags/feature_store.py
[2026-01-30T21:19:16.910+0000] {processor.py:830} INFO - Processing file /opt/airflow/dags/feature_store.py for tasks to queue
[2026-01-30T21:19:16.911+0000] {logging_mixin.py:188} INFO - [2026-01-30T21:19:16.911+0000] {dagbag.py:545} INFO - Filling up the DagBag from /opt/airflow/dags/feature_store.py
[2026-01-30T21:19:18.300+0000] {logging_mixin.py:188} WARNING - /opt/airflow/dags/feature_store.py:64 RemovedInAirflow3Warning: Param `schedule_interval` is deprecated and will be removed in a future release. Please use `schedule` instead.
[2026-01-30T21:19:18.304+0000] {processor.py:840} INFO - DAG(s) 'feature_store_cre' retrieved from /opt/airflow/dags/feature_store.py
[2026-01-30T21:19:18.321+0000] {logging_mixin.py:188} INFO - [2026-01-30T21:19:18.321+0000] {dag.py:3096} INFO - Sync 1 DAGs
[2026-01-30T21:19:18.335+0000] {logging_mixin.py:188} INFO - [2026-01-30T21:19:18.335+0000] {dag.py:3954} INFO - Setting next_dagrun for feature_store_cre to 2026-01-29 00:00:00+00:00, run_after=2026-01-30 00:00:00+00:00
[2026-01-30T21:19:18.349+0000] {processor.py:183} INFO - Processing /opt/airflow/dags/feature_store.py took 1.445 seconds
[2026-01-30T21:19:49.981+0000] {processor.py:161} INFO - Started process (PID=4043) to work on /opt/airflow/dags/feature_store.py
[2026-01-30T21:19:49.982+0000] {processor.py:830} INFO - Processing file /opt/airflow/dags/feature_store.py for tasks to queue
[2026-01-30T21:19:49.983+0000] {logging_mixin.py:188} INFO - [2026-01-30T21:19:49.983+0000] {dagbag.py:545} INFO - Filling up the DagBag from /opt/airflow/dags/feature_store.py
[2026-01-30T21:19:51.290+0000] {logging_mixin.py:188} WARNING - /opt/airflow/dags/feature_store.py:64 RemovedInAirflow3Warning: Param `schedule_interval` is deprecated and will be removed in a future release. Please use `schedule` instead.
[2026-01-30T21:19:51.294+0000] {processor.py:840} INFO - DAG(s) 'feature_store_cre' retrieved from /opt/airflow/dags/feature_store.py
[2026-01-30T21:19:51.311+0000] {logging_mixin.py:188} INFO - [2026-01-30T21:19:51.311+0000] {dag.py:3096} INFO - Sync 1 DAGs
[2026-01-30T21:19:51.325+0000] {logging_mixin.py:188} INFO - [2026-01-30T21:19:51.325+0000] {dag.py:3954} INFO - Setting next_dagrun for feature_store_cre to 2026-01-29 00:00:00+00:00, run_after=2026-01-30 00:00:00+00:00
[2026-01-30T21:19:51.413+0000] {processor.py:183} INFO - Processing /opt/airflow/dags/feature_store.py took 1.436 seconds
[2026-01-30T21:20:22.710+0000] {processor.py:161} INFO - Started process (PID=4090) to work on /opt/airflow/dags/feature_store.py
[2026-01-30T21:20:22.711+0000] {processor.py:830} INFO - Processing file /opt/airflow/dags/feature_store.py for tasks to queue
[2026-01-30T21:20:22.713+0000] {logging_mixin.py:188} INFO - [2026-01-30T21:20:22.712+0000] {dagbag.py:545} INFO - Filling up the DagBag from /opt/airflow/dags/feature_store.py
[2026-01-30T21:20:24.269+0000] {logging_mixin.py:188} WARNING - /opt/airflow/dags/feature_store.py:64 RemovedInAirflow3Warning: Param `schedule_interval` is deprecated and will be removed in a future release. Please use `schedule` instead.
[2026-01-30T21:20:24.273+0000] {processor.py:840} INFO - DAG(s) 'feature_store_cre' retrieved from /opt/airflow/dags/feature_store.py
[2026-01-30T21:20:24.293+0000] {logging_mixin.py:188} INFO - [2026-01-30T21:20:24.293+0000] {dag.py:3096} INFO - Sync 1 DAGs
[2026-01-30T21:20:24.313+0000] {logging_mixin.py:188} INFO - [2026-01-30T21:20:24.312+0000] {dag.py:3954} INFO - Setting next_dagrun for feature_store_cre to 2026-01-29 00:00:00+00:00, run_after=2026-01-30 00:00:00+00:00
[2026-01-30T21:20:24.333+0000] {processor.py:183} INFO - Processing /opt/airflow/dags/feature_store.py took 1.627 seconds
[2026-01-30T21:20:55.832+0000] {processor.py:161} INFO - Started process (PID=4137) to work on /opt/airflow/dags/feature_store.py
[2026-01-30T21:20:55.833+0000] {processor.py:830} INFO - Processing file /opt/airflow/dags/feature_store.py for tasks to queue
[2026-01-30T21:20:55.834+0000] {logging_mixin.py:188} INFO - [2026-01-30T21:20:55.833+0000] {dagbag.py:545} INFO - Filling up the DagBag from /opt/airflow/dags/feature_store.py
[2026-01-30T21:20:57.214+0000] {logging_mixin.py:188} WARNING - /opt/airflow/dags/feature_store.py:64 RemovedInAirflow3Warning: Param `schedule_interval` is deprecated and will be removed in a future release. Please use `schedule` instead.
[2026-01-30T21:20:57.219+0000] {processor.py:840} INFO - DAG(s) 'feature_store_cre' retrieved from /opt/airflow/dags/feature_store.py
[2026-01-30T21:20:57.235+0000] {logging_mixin.py:188} INFO - [2026-01-30T21:20:57.235+0000] {dag.py:3096} INFO - Sync 1 DAGs
[2026-01-30T21:20:57.249+0000] {logging_mixin.py:188} INFO - [2026-01-30T21:20:57.248+0000] {dag.py:3954} INFO - Setting next_dagrun for feature_store_cre to 2026-01-29 00:00:00+00:00, run_after=2026-01-30 00:00:00+00:00
[2026-01-30T21:20:57.264+0000] {processor.py:183} INFO - Processing /opt/airflow/dags/feature_store.py took 1.436 seconds
[2026-01-30T21:21:28.627+0000] {processor.py:161} INFO - Started process (PID=4183) to work on /opt/airflow/dags/feature_store.py
[2026-01-30T21:21:28.628+0000] {processor.py:830} INFO - Processing file /opt/airflow/dags/feature_store.py for tasks to queue
[2026-01-30T21:21:28.629+0000] {logging_mixin.py:188} INFO - [2026-01-30T21:21:28.629+0000] {dagbag.py:545} INFO - Filling up the DagBag from /opt/airflow/dags/feature_store.py
[2026-01-30T21:21:30.119+0000] {logging_mixin.py:188} WARNING - /opt/airflow/dags/feature_store.py:64 RemovedInAirflow3Warning: Param `schedule_interval` is deprecated and will be removed in a future release. Please use `schedule` instead.
[2026-01-30T21:21:30.124+0000] {processor.py:840} INFO - DAG(s) 'feature_store_cre' retrieved from /opt/airflow/dags/feature_store.py
[2026-01-30T21:21:30.144+0000] {logging_mixin.py:188} INFO - [2026-01-30T21:21:30.143+0000] {dag.py:3096} INFO - Sync 1 DAGs
[2026-01-30T21:21:30.158+0000] {logging_mixin.py:188} INFO - [2026-01-30T21:21:30.158+0000] {dag.py:3954} INFO - Setting next_dagrun for feature_store_cre to 2026-01-29 00:00:00+00:00, run_after=2026-01-30 00:00:00+00:00
[2026-01-30T21:21:30.175+0000] {processor.py:183} INFO - Processing /opt/airflow/dags/feature_store.py took 1.551 seconds
[2026-01-30T21:22:01.794+0000] {processor.py:161} INFO - Started process (PID=4231) to work on /opt/airflow/dags/feature_store.py
[2026-01-30T21:22:01.795+0000] {processor.py:830} INFO - Processing file /opt/airflow/dags/feature_store.py for tasks to queue
[2026-01-30T21:22:01.797+0000] {logging_mixin.py:188} INFO - [2026-01-30T21:22:01.797+0000] {dagbag.py:545} INFO - Filling up the DagBag from /opt/airflow/dags/feature_store.py
[2026-01-30T21:22:03.201+0000] {logging_mixin.py:188} WARNING - /opt/airflow/dags/feature_store.py:64 RemovedInAirflow3Warning: Param `schedule_interval` is deprecated and will be removed in a future release. Please use `schedule` instead.
[2026-01-30T21:22:03.204+0000] {processor.py:840} INFO - DAG(s) 'feature_store_cre' retrieved from /opt/airflow/dags/feature_store.py
[2026-01-30T21:22:03.222+0000] {logging_mixin.py:188} INFO - [2026-01-30T21:22:03.221+0000] {dag.py:3096} INFO - Sync 1 DAGs
[2026-01-30T21:22:03.237+0000] {logging_mixin.py:188} INFO - [2026-01-30T21:22:03.237+0000] {dag.py:3954} INFO - Setting next_dagrun for feature_store_cre to 2026-01-29 00:00:00+00:00, run_after=2026-01-30 00:00:00+00:00
[2026-01-30T21:22:03.253+0000] {processor.py:183} INFO - Processing /opt/airflow/dags/feature_store.py took 1.462 seconds
[2026-01-30T21:22:34.264+0000] {processor.py:161} INFO - Started process (PID=4278) to work on /opt/airflow/dags/feature_store.py
[2026-01-30T21:22:34.264+0000] {processor.py:830} INFO - Processing file /opt/airflow/dags/feature_store.py for tasks to queue
[2026-01-30T21:22:34.265+0000] {logging_mixin.py:188} INFO - [2026-01-30T21:22:34.265+0000] {dagbag.py:545} INFO - Filling up the DagBag from /opt/airflow/dags/feature_store.py
[2026-01-30T21:22:36.776+0000] {logging_mixin.py:188} WARNING - /opt/airflow/dags/feature_store.py:64 RemovedInAirflow3Warning: Param `schedule_interval` is deprecated and will be removed in a future release. Please use `schedule` instead.
[2026-01-30T21:22:36.788+0000] {processor.py:840} INFO - DAG(s) 'feature_store_cre' retrieved from /opt/airflow/dags/feature_store.py
[2026-01-30T21:22:36.818+0000] {logging_mixin.py:188} INFO - [2026-01-30T21:22:36.817+0000] {dag.py:3096} INFO - Sync 1 DAGs
[2026-01-30T21:22:36.846+0000] {logging_mixin.py:188} INFO - [2026-01-30T21:22:36.846+0000] {dag.py:3954} INFO - Setting next_dagrun for feature_store_cre to 2026-01-29 00:00:00+00:00, run_after=2026-01-30 00:00:00+00:00
[2026-01-30T21:22:36.880+0000] {processor.py:183} INFO - Processing /opt/airflow/dags/feature_store.py took 2.621 seconds
[2026-01-30T21:23:07.124+0000] {processor.py:161} INFO - Started process (PID=4322) to work on /opt/airflow/dags/feature_store.py
[2026-01-30T21:23:07.124+0000] {processor.py:830} INFO - Processing file /opt/airflow/dags/feature_store.py for tasks to queue
[2026-01-30T21:23:07.126+0000] {logging_mixin.py:188} INFO - [2026-01-30T21:23:07.126+0000] {dagbag.py:545} INFO - Filling up the DagBag from /opt/airflow/dags/feature_store.py
[2026-01-30T21:23:08.464+0000] {logging_mixin.py:188} WARNING - /opt/airflow/dags/feature_store.py:64 RemovedInAirflow3Warning: Param `schedule_interval` is deprecated and will be removed in a future release. Please use `schedule` instead.
[2026-01-30T21:23:08.468+0000] {processor.py:840} INFO - DAG(s) 'feature_store_cre' retrieved from /opt/airflow/dags/feature_store.py
[2026-01-30T21:23:08.482+0000] {logging_mixin.py:188} INFO - [2026-01-30T21:23:08.482+0000] {dag.py:3096} INFO - Sync 1 DAGs
[2026-01-30T21:23:08.495+0000] {logging_mixin.py:188} INFO - [2026-01-30T21:23:08.494+0000] {dag.py:3954} INFO - Setting next_dagrun for feature_store_cre to 2026-01-29 00:00:00+00:00, run_after=2026-01-30 00:00:00+00:00
[2026-01-30T21:23:08.580+0000] {processor.py:183} INFO - Processing /opt/airflow/dags/feature_store.py took 1.460 seconds
[2026-01-30T21:23:39.987+0000] {processor.py:161} INFO - Started process (PID=4372) to work on /opt/airflow/dags/feature_store.py
[2026-01-30T21:23:39.988+0000] {processor.py:830} INFO - Processing file /opt/airflow/dags/feature_store.py for tasks to queue
[2026-01-30T21:23:39.989+0000] {logging_mixin.py:188} INFO - [2026-01-30T21:23:39.989+0000] {dagbag.py:545} INFO - Filling up the DagBag from /opt/airflow/dags/feature_store.py
[2026-01-30T21:23:41.724+0000] {logging_mixin.py:188} WARNING - /opt/airflow/dags/feature_store.py:64 RemovedInAirflow3Warning: Param `schedule_interval` is deprecated and will be removed in a future release. Please use `schedule` instead.
[2026-01-30T21:23:41.729+0000] {processor.py:840} INFO - DAG(s) 'feature_store_cre' retrieved from /opt/airflow/dags/feature_store.py
[2026-01-30T21:23:41.745+0000] {logging_mixin.py:188} INFO - [2026-01-30T21:23:41.745+0000] {dag.py:3096} INFO - Sync 1 DAGs
[2026-01-30T21:23:41.759+0000] {logging_mixin.py:188} INFO - [2026-01-30T21:23:41.759+0000] {dag.py:3954} INFO - Setting next_dagrun for feature_store_cre to 2026-01-29 00:00:00+00:00, run_after=2026-01-30 00:00:00+00:00
[2026-01-30T21:23:41.773+0000] {processor.py:183} INFO - Processing /opt/airflow/dags/feature_store.py took 1.790 seconds
[2026-01-30T21:24:13.039+0000] {processor.py:161} INFO - Started process (PID=4420) to work on /opt/airflow/dags/feature_store.py
[2026-01-30T21:24:13.039+0000] {processor.py:830} INFO - Processing file /opt/airflow/dags/feature_store.py for tasks to queue
[2026-01-30T21:24:13.042+0000] {logging_mixin.py:188} INFO - [2026-01-30T21:24:13.041+0000] {dagbag.py:545} INFO - Filling up the DagBag from /opt/airflow/dags/feature_store.py
[2026-01-30T21:24:14.584+0000] {logging_mixin.py:188} WARNING - /opt/airflow/dags/feature_store.py:64 RemovedInAirflow3Warning: Param `schedule_interval` is deprecated and will be removed in a future release. Please use `schedule` instead.
[2026-01-30T21:24:14.590+0000] {processor.py:840} INFO - DAG(s) 'feature_store_cre' retrieved from /opt/airflow/dags/feature_store.py
[2026-01-30T21:24:14.612+0000] {logging_mixin.py:188} INFO - [2026-01-30T21:24:14.612+0000] {dag.py:3096} INFO - Sync 1 DAGs
[2026-01-30T21:24:14.631+0000] {logging_mixin.py:188} INFO - [2026-01-30T21:24:14.630+0000] {dag.py:3954} INFO - Setting next_dagrun for feature_store_cre to 2026-01-29 00:00:00+00:00, run_after=2026-01-30 00:00:00+00:00
[2026-01-30T21:24:14.650+0000] {processor.py:183} INFO - Processing /opt/airflow/dags/feature_store.py took 1.616 seconds
[2026-01-30T21:24:46.093+0000] {processor.py:161} INFO - Started process (PID=4467) to work on /opt/airflow/dags/feature_store.py
[2026-01-30T21:24:46.094+0000] {processor.py:830} INFO - Processing file /opt/airflow/dags/feature_store.py for tasks to queue
[2026-01-30T21:24:46.095+0000] {logging_mixin.py:188} INFO - [2026-01-30T21:24:46.095+0000] {dagbag.py:545} INFO - Filling up the DagBag from /opt/airflow/dags/feature_store.py
[2026-01-30T21:24:47.585+0000] {logging_mixin.py:188} WARNING - /opt/airflow/dags/feature_store.py:64 RemovedInAirflow3Warning: Param `schedule_interval` is deprecated and will be removed in a future release. Please use `schedule` instead.
[2026-01-30T21:24:47.588+0000] {processor.py:840} INFO - DAG(s) 'feature_store_cre' retrieved from /opt/airflow/dags/feature_store.py
[2026-01-30T21:24:47.606+0000] {logging_mixin.py:188} INFO - [2026-01-30T21:24:47.606+0000] {dag.py:3096} INFO - Sync 1 DAGs
[2026-01-30T21:24:47.621+0000] {logging_mixin.py:188} INFO - [2026-01-30T21:24:47.621+0000] {dag.py:3954} INFO - Setting next_dagrun for feature_store_cre to 2026-01-29 00:00:00+00:00, run_after=2026-01-30 00:00:00+00:00
[2026-01-30T21:24:47.635+0000] {processor.py:183} INFO - Processing /opt/airflow/dags/feature_store.py took 1.546 seconds
[2026-01-30T21:25:19.066+0000] {processor.py:161} INFO - Started process (PID=4514) to work on /opt/airflow/dags/feature_store.py
[2026-01-30T21:25:19.066+0000] {processor.py:830} INFO - Processing file /opt/airflow/dags/feature_store.py for tasks to queue
[2026-01-30T21:25:19.068+0000] {logging_mixin.py:188} INFO - [2026-01-30T21:25:19.067+0000] {dagbag.py:545} INFO - Filling up the DagBag from /opt/airflow/dags/feature_store.py
[2026-01-30T21:25:20.342+0000] {logging_mixin.py:188} WARNING - /opt/airflow/dags/feature_store.py:64 RemovedInAirflow3Warning: Param `schedule_interval` is deprecated and will be removed in a future release. Please use `schedule` instead.
[2026-01-30T21:25:20.345+0000] {processor.py:840} INFO - DAG(s) 'feature_store_cre' retrieved from /opt/airflow/dags/feature_store.py
[2026-01-30T21:25:20.363+0000] {logging_mixin.py:188} INFO - [2026-01-30T21:25:20.363+0000] {dag.py:3096} INFO - Sync 1 DAGs
[2026-01-30T21:25:20.380+0000] {logging_mixin.py:188} INFO - [2026-01-30T21:25:20.380+0000] {dag.py:3954} INFO - Setting next_dagrun for feature_store_cre to 2026-01-29 00:00:00+00:00, run_after=2026-01-30 00:00:00+00:00
[2026-01-30T21:25:20.398+0000] {processor.py:183} INFO - Processing /opt/airflow/dags/feature_store.py took 1.337 seconds
[2026-01-30T21:25:51.464+0000] {processor.py:161} INFO - Started process (PID=4561) to work on /opt/airflow/dags/feature_store.py
[2026-01-30T21:25:51.465+0000] {processor.py:830} INFO - Processing file /opt/airflow/dags/feature_store.py for tasks to queue
[2026-01-30T21:25:51.467+0000] {logging_mixin.py:188} INFO - [2026-01-30T21:25:51.466+0000] {dagbag.py:545} INFO - Filling up the DagBag from /opt/airflow/dags/feature_store.py
[2026-01-30T21:25:53.117+0000] {logging_mixin.py:188} WARNING - /opt/airflow/dags/feature_store.py:64 RemovedInAirflow3Warning: Param `schedule_interval` is deprecated and will be removed in a future release. Please use `schedule` instead.
[2026-01-30T21:25:53.121+0000] {processor.py:840} INFO - DAG(s) 'feature_store_cre' retrieved from /opt/airflow/dags/feature_store.py
[2026-01-30T21:25:53.141+0000] {logging_mixin.py:188} INFO - [2026-01-30T21:25:53.141+0000] {dag.py:3096} INFO - Sync 1 DAGs
[2026-01-30T21:25:53.161+0000] {logging_mixin.py:188} INFO - [2026-01-30T21:25:53.161+0000] {dag.py:3954} INFO - Setting next_dagrun for feature_store_cre to 2026-01-29 00:00:00+00:00, run_after=2026-01-30 00:00:00+00:00
[2026-01-30T21:25:53.181+0000] {processor.py:183} INFO - Processing /opt/airflow/dags/feature_store.py took 1.722 seconds
[2026-01-30T21:26:24.528+0000] {processor.py:161} INFO - Started process (PID=4608) to work on /opt/airflow/dags/feature_store.py
[2026-01-30T21:26:24.529+0000] {processor.py:830} INFO - Processing file /opt/airflow/dags/feature_store.py for tasks to queue
[2026-01-30T21:26:24.530+0000] {logging_mixin.py:188} INFO - [2026-01-30T21:26:24.530+0000] {dagbag.py:545} INFO - Filling up the DagBag from /opt/airflow/dags/feature_store.py
[2026-01-30T21:26:26.586+0000] {logging_mixin.py:188} WARNING - /opt/airflow/dags/feature_store.py:64 RemovedInAirflow3Warning: Param `schedule_interval` is deprecated and will be removed in a future release. Please use `schedule` instead.
[2026-01-30T21:26:26.592+0000] {processor.py:840} INFO - DAG(s) 'feature_store_cre' retrieved from /opt/airflow/dags/feature_store.py
[2026-01-30T21:26:26.617+0000] {logging_mixin.py:188} INFO - [2026-01-30T21:26:26.617+0000] {dag.py:3096} INFO - Sync 1 DAGs
[2026-01-30T21:26:26.643+0000] {logging_mixin.py:188} INFO - [2026-01-30T21:26:26.643+0000] {dag.py:3954} INFO - Setting next_dagrun for feature_store_cre to 2026-01-29 00:00:00+00:00, run_after=2026-01-30 00:00:00+00:00
[2026-01-30T21:26:26.752+0000] {processor.py:183} INFO - Processing /opt/airflow/dags/feature_store.py took 2.229 seconds
[2026-01-30T21:26:57.175+0000] {processor.py:161} INFO - Started process (PID=4635) to work on /opt/airflow/dags/feature_store.py
[2026-01-30T21:26:57.178+0000] {processor.py:830} INFO - Processing file /opt/airflow/dags/feature_store.py for tasks to queue
[2026-01-30T21:26:57.179+0000] {logging_mixin.py:188} INFO - [2026-01-30T21:26:57.179+0000] {dagbag.py:545} INFO - Filling up the DagBag from /opt/airflow/dags/feature_store.py
[2026-01-30T21:26:59.693+0000] {logging_mixin.py:188} WARNING - /opt/airflow/dags/feature_store.py:64 RemovedInAirflow3Warning: Param `schedule_interval` is deprecated and will be removed in a future release. Please use `schedule` instead.
[2026-01-30T21:26:59.698+0000] {processor.py:840} INFO - DAG(s) 'feature_store_cre' retrieved from /opt/airflow/dags/feature_store.py
[2026-01-30T21:26:59.727+0000] {logging_mixin.py:188} INFO - [2026-01-30T21:26:59.726+0000] {dag.py:3096} INFO - Sync 1 DAGs
[2026-01-30T21:26:59.754+0000] {logging_mixin.py:188} INFO - [2026-01-30T21:26:59.754+0000] {dag.py:3954} INFO - Setting next_dagrun for feature_store_cre to 2026-01-29 00:00:00+00:00, run_after=2026-01-30 00:00:00+00:00
[2026-01-30T21:26:59.780+0000] {processor.py:183} INFO - Processing /opt/airflow/dags/feature_store.py took 2.610 seconds
[2026-01-30T21:27:30.328+0000] {processor.py:161} INFO - Started process (PID=4678) to work on /opt/airflow/dags/feature_store.py
[2026-01-30T21:27:30.329+0000] {processor.py:830} INFO - Processing file /opt/airflow/dags/feature_store.py for tasks to queue
[2026-01-30T21:27:30.331+0000] {logging_mixin.py:188} INFO - [2026-01-30T21:27:30.330+0000] {dagbag.py:545} INFO - Filling up the DagBag from /opt/airflow/dags/feature_store.py
[2026-01-30T21:27:32.465+0000] {logging_mixin.py:188} WARNING - /opt/airflow/dags/feature_store.py:64 RemovedInAirflow3Warning: Param `schedule_interval` is deprecated and will be removed in a future release. Please use `schedule` instead.
[2026-01-30T21:27:32.473+0000] {processor.py:840} INFO - DAG(s) 'feature_store_cre' retrieved from /opt/airflow/dags/feature_store.py
[2026-01-30T21:27:32.503+0000] {logging_mixin.py:188} INFO - [2026-01-30T21:27:32.502+0000] {dag.py:3096} INFO - Sync 1 DAGs
[2026-01-30T21:27:32.527+0000] {logging_mixin.py:188} INFO - [2026-01-30T21:27:32.526+0000] {dag.py:3954} INFO - Setting next_dagrun for feature_store_cre to 2026-01-29 00:00:00+00:00, run_after=2026-01-30 00:00:00+00:00
[2026-01-30T21:27:32.558+0000] {processor.py:183} INFO - Processing /opt/airflow/dags/feature_store.py took 2.235 seconds
[2026-01-30T21:28:03.364+0000] {processor.py:161} INFO - Started process (PID=4725) to work on /opt/airflow/dags/feature_store.py
[2026-01-30T21:28:03.368+0000] {processor.py:830} INFO - Processing file /opt/airflow/dags/feature_store.py for tasks to queue
[2026-01-30T21:28:03.370+0000] {logging_mixin.py:188} INFO - [2026-01-30T21:28:03.369+0000] {dagbag.py:545} INFO - Filling up the DagBag from /opt/airflow/dags/feature_store.py
[2026-01-30T21:28:05.226+0000] {logging_mixin.py:188} WARNING - /opt/airflow/dags/feature_store.py:64 RemovedInAirflow3Warning: Param `schedule_interval` is deprecated and will be removed in a future release. Please use `schedule` instead.
[2026-01-30T21:28:05.231+0000] {processor.py:840} INFO - DAG(s) 'feature_store_cre' retrieved from /opt/airflow/dags/feature_store.py
[2026-01-30T21:28:05.251+0000] {logging_mixin.py:188} INFO - [2026-01-30T21:28:05.251+0000] {dag.py:3096} INFO - Sync 1 DAGs
[2026-01-30T21:28:05.270+0000] {logging_mixin.py:188} INFO - [2026-01-30T21:28:05.270+0000] {dag.py:3954} INFO - Setting next_dagrun for feature_store_cre to 2026-01-29 00:00:00+00:00, run_after=2026-01-30 00:00:00+00:00
[2026-01-30T21:28:05.292+0000] {processor.py:183} INFO - Processing /opt/airflow/dags/feature_store.py took 1.933 seconds
[2026-01-30T21:28:36.038+0000] {processor.py:161} INFO - Started process (PID=4772) to work on /opt/airflow/dags/feature_store.py
[2026-01-30T21:28:36.039+0000] {processor.py:830} INFO - Processing file /opt/airflow/dags/feature_store.py for tasks to queue
[2026-01-30T21:28:36.043+0000] {logging_mixin.py:188} INFO - [2026-01-30T21:28:36.042+0000] {dagbag.py:545} INFO - Filling up the DagBag from /opt/airflow/dags/feature_store.py
[2026-01-30T21:28:38.687+0000] {logging_mixin.py:188} WARNING - /opt/airflow/dags/feature_store.py:64 RemovedInAirflow3Warning: Param `schedule_interval` is deprecated and will be removed in a future release. Please use `schedule` instead.
[2026-01-30T21:28:38.692+0000] {processor.py:840} INFO - DAG(s) 'feature_store_cre' retrieved from /opt/airflow/dags/feature_store.py
[2026-01-30T21:28:38.713+0000] {logging_mixin.py:188} INFO - [2026-01-30T21:28:38.713+0000] {dag.py:3096} INFO - Sync 1 DAGs
[2026-01-30T21:28:38.731+0000] {logging_mixin.py:188} INFO - [2026-01-30T21:28:38.731+0000] {dag.py:3954} INFO - Setting next_dagrun for feature_store_cre to 2026-01-29 00:00:00+00:00, run_after=2026-01-30 00:00:00+00:00
[2026-01-30T21:28:38.752+0000] {processor.py:183} INFO - Processing /opt/airflow/dags/feature_store.py took 2.730 seconds
[2026-01-30T21:29:08.857+0000] {processor.py:161} INFO - Started process (PID=4823) to work on /opt/airflow/dags/feature_store.py
[2026-01-30T21:29:08.859+0000] {processor.py:830} INFO - Processing file /opt/airflow/dags/feature_store.py for tasks to queue
[2026-01-30T21:29:08.860+0000] {logging_mixin.py:188} INFO - [2026-01-30T21:29:08.860+0000] {dagbag.py:545} INFO - Filling up the DagBag from /opt/airflow/dags/feature_store.py
[2026-01-30T21:29:10.571+0000] {logging_mixin.py:188} WARNING - /opt/airflow/dags/feature_store.py:64 RemovedInAirflow3Warning: Param `schedule_interval` is deprecated and will be removed in a future release. Please use `schedule` instead.
[2026-01-30T21:29:10.576+0000] {processor.py:840} INFO - DAG(s) 'feature_store_cre' retrieved from /opt/airflow/dags/feature_store.py
[2026-01-30T21:29:10.596+0000] {logging_mixin.py:188} INFO - [2026-01-30T21:29:10.595+0000] {dag.py:3096} INFO - Sync 1 DAGs
[2026-01-30T21:29:10.615+0000] {logging_mixin.py:188} INFO - [2026-01-30T21:29:10.615+0000] {dag.py:3954} INFO - Setting next_dagrun for feature_store_cre to 2026-01-29 00:00:00+00:00, run_after=2026-01-30 00:00:00+00:00
[2026-01-30T21:29:10.636+0000] {processor.py:183} INFO - Processing /opt/airflow/dags/feature_store.py took 1.784 seconds
[2026-01-30T21:29:42.117+0000] {processor.py:161} INFO - Started process (PID=4866) to work on /opt/airflow/dags/feature_store.py
[2026-01-30T21:29:42.118+0000] {processor.py:830} INFO - Processing file /opt/airflow/dags/feature_store.py for tasks to queue
[2026-01-30T21:29:42.119+0000] {logging_mixin.py:188} INFO - [2026-01-30T21:29:42.119+0000] {dagbag.py:545} INFO - Filling up the DagBag from /opt/airflow/dags/feature_store.py
[2026-01-30T21:29:45.257+0000] {logging_mixin.py:188} WARNING - /opt/airflow/dags/feature_store.py:64 RemovedInAirflow3Warning: Param `schedule_interval` is deprecated and will be removed in a future release. Please use `schedule` instead.
[2026-01-30T21:29:45.262+0000] {processor.py:840} INFO - DAG(s) 'feature_store_cre' retrieved from /opt/airflow/dags/feature_store.py
[2026-01-30T21:29:45.291+0000] {logging_mixin.py:188} INFO - [2026-01-30T21:29:45.291+0000] {dag.py:3096} INFO - Sync 1 DAGs
[2026-01-30T21:29:45.313+0000] {logging_mixin.py:188} INFO - [2026-01-30T21:29:45.313+0000] {dag.py:3954} INFO - Setting next_dagrun for feature_store_cre to 2026-01-29 00:00:00+00:00, run_after=2026-01-30 00:00:00+00:00
[2026-01-30T21:29:45.430+0000] {processor.py:183} INFO - Processing /opt/airflow/dags/feature_store.py took 3.320 seconds
[2026-01-30T21:30:16.008+0000] {processor.py:161} INFO - Started process (PID=4919) to work on /opt/airflow/dags/feature_store.py
[2026-01-30T21:30:16.010+0000] {processor.py:830} INFO - Processing file /opt/airflow/dags/feature_store.py for tasks to queue
[2026-01-30T21:30:16.011+0000] {logging_mixin.py:188} INFO - [2026-01-30T21:30:16.010+0000] {dagbag.py:545} INFO - Filling up the DagBag from /opt/airflow/dags/feature_store.py
[2026-01-30T21:30:17.258+0000] {logging_mixin.py:188} WARNING - /opt/airflow/dags/feature_store.py:64 RemovedInAirflow3Warning: Param `schedule_interval` is deprecated and will be removed in a future release. Please use `schedule` instead.
[2026-01-30T21:30:17.262+0000] {processor.py:840} INFO - DAG(s) 'feature_store_cre' retrieved from /opt/airflow/dags/feature_store.py
[2026-01-30T21:30:17.276+0000] {logging_mixin.py:188} INFO - [2026-01-30T21:30:17.276+0000] {dag.py:3096} INFO - Sync 1 DAGs
[2026-01-30T21:30:17.289+0000] {logging_mixin.py:188} INFO - [2026-01-30T21:30:17.289+0000] {dag.py:3954} INFO - Setting next_dagrun for feature_store_cre to 2026-01-29 00:00:00+00:00, run_after=2026-01-30 00:00:00+00:00
[2026-01-30T21:30:17.305+0000] {processor.py:183} INFO - Processing /opt/airflow/dags/feature_store.py took 1.302 seconds
[2026-01-30T21:30:47.486+0000] {processor.py:161} INFO - Started process (PID=4966) to work on /opt/airflow/dags/feature_store.py
[2026-01-30T21:30:47.487+0000] {processor.py:830} INFO - Processing file /opt/airflow/dags/feature_store.py for tasks to queue
[2026-01-30T21:30:47.489+0000] {logging_mixin.py:188} INFO - [2026-01-30T21:30:47.488+0000] {dagbag.py:545} INFO - Filling up the DagBag from /opt/airflow/dags/feature_store.py
[2026-01-30T21:30:48.952+0000] {logging_mixin.py:188} WARNING - /opt/airflow/dags/feature_store.py:64 RemovedInAirflow3Warning: Param `schedule_interval` is deprecated and will be removed in a future release. Please use `schedule` instead.
[2026-01-30T21:30:48.955+0000] {processor.py:840} INFO - DAG(s) 'feature_store_cre' retrieved from /opt/airflow/dags/feature_store.py
[2026-01-30T21:30:48.971+0000] {logging_mixin.py:188} INFO - [2026-01-30T21:30:48.971+0000] {dag.py:3096} INFO - Sync 1 DAGs
[2026-01-30T21:30:48.986+0000] {logging_mixin.py:188} INFO - [2026-01-30T21:30:48.985+0000] {dag.py:3954} INFO - Setting next_dagrun for feature_store_cre to 2026-01-29 00:00:00+00:00, run_after=2026-01-30 00:00:00+00:00
[2026-01-30T21:30:49.005+0000] {processor.py:183} INFO - Processing /opt/airflow/dags/feature_store.py took 1.522 seconds
[2026-01-30T21:31:20.759+0000] {processor.py:161} INFO - Started process (PID=5007) to work on /opt/airflow/dags/feature_store.py
[2026-01-30T21:31:20.761+0000] {processor.py:830} INFO - Processing file /opt/airflow/dags/feature_store.py for tasks to queue
[2026-01-30T21:31:20.763+0000] {logging_mixin.py:188} INFO - [2026-01-30T21:31:20.763+0000] {dagbag.py:545} INFO - Filling up the DagBag from /opt/airflow/dags/feature_store.py
[2026-01-30T21:31:22.103+0000] {logging_mixin.py:188} WARNING - /opt/airflow/dags/feature_store.py:64 RemovedInAirflow3Warning: Param `schedule_interval` is deprecated and will be removed in a future release. Please use `schedule` instead.
[2026-01-30T21:31:22.106+0000] {processor.py:840} INFO - DAG(s) 'feature_store_cre' retrieved from /opt/airflow/dags/feature_store.py
[2026-01-30T21:31:22.124+0000] {logging_mixin.py:188} INFO - [2026-01-30T21:31:22.123+0000] {dag.py:3096} INFO - Sync 1 DAGs
[2026-01-30T21:31:22.137+0000] {logging_mixin.py:188} INFO - [2026-01-30T21:31:22.137+0000] {dag.py:3954} INFO - Setting next_dagrun for feature_store_cre to 2026-01-29 00:00:00+00:00, run_after=2026-01-30 00:00:00+00:00
[2026-01-30T21:31:22.154+0000] {processor.py:183} INFO - Processing /opt/airflow/dags/feature_store.py took 1.400 seconds
[2026-01-30T21:31:53.191+0000] {processor.py:161} INFO - Started process (PID=5054) to work on /opt/airflow/dags/feature_store.py
[2026-01-30T21:31:53.191+0000] {processor.py:830} INFO - Processing file /opt/airflow/dags/feature_store.py for tasks to queue
[2026-01-30T21:31:53.193+0000] {logging_mixin.py:188} INFO - [2026-01-30T21:31:53.193+0000] {dagbag.py:545} INFO - Filling up the DagBag from /opt/airflow/dags/feature_store.py
[2026-01-30T21:31:54.568+0000] {logging_mixin.py:188} WARNING - /opt/airflow/dags/feature_store.py:64 RemovedInAirflow3Warning: Param `schedule_interval` is deprecated and will be removed in a future release. Please use `schedule` instead.
[2026-01-30T21:31:54.573+0000] {processor.py:840} INFO - DAG(s) 'feature_store_cre' retrieved from /opt/airflow/dags/feature_store.py
[2026-01-30T21:31:54.591+0000] {logging_mixin.py:188} INFO - [2026-01-30T21:31:54.590+0000] {dag.py:3096} INFO - Sync 1 DAGs
[2026-01-30T21:31:54.604+0000] {logging_mixin.py:188} INFO - [2026-01-30T21:31:54.604+0000] {dag.py:3954} INFO - Setting next_dagrun for feature_store_cre to 2026-01-29 00:00:00+00:00, run_after=2026-01-30 00:00:00+00:00
[2026-01-30T21:31:54.619+0000] {processor.py:183} INFO - Processing /opt/airflow/dags/feature_store.py took 1.433 seconds
[2026-01-30T21:32:26.239+0000] {processor.py:161} INFO - Started process (PID=5107) to work on /opt/airflow/dags/feature_store.py
[2026-01-30T21:32:26.240+0000] {processor.py:830} INFO - Processing file /opt/airflow/dags/feature_store.py for tasks to queue
[2026-01-30T21:32:26.241+0000] {logging_mixin.py:188} INFO - [2026-01-30T21:32:26.241+0000] {dagbag.py:545} INFO - Filling up the DagBag from /opt/airflow/dags/feature_store.py
[2026-01-30T21:32:27.444+0000] {logging_mixin.py:188} WARNING - /opt/airflow/dags/feature_store.py:64 RemovedInAirflow3Warning: Param `schedule_interval` is deprecated and will be removed in a future release. Please use `schedule` instead.
[2026-01-30T21:32:27.448+0000] {processor.py:840} INFO - DAG(s) 'feature_store_cre' retrieved from /opt/airflow/dags/feature_store.py
[2026-01-30T21:32:27.462+0000] {logging_mixin.py:188} INFO - [2026-01-30T21:32:27.462+0000] {dag.py:3096} INFO - Sync 1 DAGs
[2026-01-30T21:32:27.474+0000] {logging_mixin.py:188} INFO - [2026-01-30T21:32:27.473+0000] {dag.py:3954} INFO - Setting next_dagrun for feature_store_cre to 2026-01-29 00:00:00+00:00, run_after=2026-01-30 00:00:00+00:00
[2026-01-30T21:32:27.556+0000] {processor.py:183} INFO - Processing /opt/airflow/dags/feature_store.py took 1.321 seconds
[2026-01-30T21:32:59.265+0000] {processor.py:161} INFO - Started process (PID=5148) to work on /opt/airflow/dags/feature_store.py
[2026-01-30T21:32:59.265+0000] {processor.py:830} INFO - Processing file /opt/airflow/dags/feature_store.py for tasks to queue
[2026-01-30T21:32:59.266+0000] {logging_mixin.py:188} INFO - [2026-01-30T21:32:59.266+0000] {dagbag.py:545} INFO - Filling up the DagBag from /opt/airflow/dags/feature_store.py
[2026-01-30T21:33:00.536+0000] {logging_mixin.py:188} WARNING - /opt/airflow/dags/feature_store.py:64 RemovedInAirflow3Warning: Param `schedule_interval` is deprecated and will be removed in a future release. Please use `schedule` instead.
[2026-01-30T21:33:00.539+0000] {processor.py:840} INFO - DAG(s) 'feature_store_cre' retrieved from /opt/airflow/dags/feature_store.py
[2026-01-30T21:33:00.556+0000] {logging_mixin.py:188} INFO - [2026-01-30T21:33:00.555+0000] {dag.py:3096} INFO - Sync 1 DAGs
[2026-01-30T21:33:00.570+0000] {logging_mixin.py:188} INFO - [2026-01-30T21:33:00.570+0000] {dag.py:3954} INFO - Setting next_dagrun for feature_store_cre to 2026-01-29 00:00:00+00:00, run_after=2026-01-30 00:00:00+00:00
[2026-01-30T21:33:00.586+0000] {processor.py:183} INFO - Processing /opt/airflow/dags/feature_store.py took 1.325 seconds
[2026-01-30T21:33:32.131+0000] {processor.py:161} INFO - Started process (PID=5198) to work on /opt/airflow/dags/feature_store.py
[2026-01-30T21:33:32.132+0000] {processor.py:830} INFO - Processing file /opt/airflow/dags/feature_store.py for tasks to queue
[2026-01-30T21:33:32.134+0000] {logging_mixin.py:188} INFO - [2026-01-30T21:33:32.133+0000] {dagbag.py:545} INFO - Filling up the DagBag from /opt/airflow/dags/feature_store.py
[2026-01-30T21:33:33.679+0000] {logging_mixin.py:188} WARNING - /opt/airflow/dags/feature_store.py:64 RemovedInAirflow3Warning: Param `schedule_interval` is deprecated and will be removed in a future release. Please use `schedule` instead.
[2026-01-30T21:33:33.682+0000] {processor.py:840} INFO - DAG(s) 'feature_store_cre' retrieved from /opt/airflow/dags/feature_store.py
[2026-01-30T21:33:33.699+0000] {logging_mixin.py:188} INFO - [2026-01-30T21:33:33.699+0000] {dag.py:3096} INFO - Sync 1 DAGs
[2026-01-30T21:33:33.713+0000] {logging_mixin.py:188} INFO - [2026-01-30T21:33:33.712+0000] {dag.py:3954} INFO - Setting next_dagrun for feature_store_cre to 2026-01-29 00:00:00+00:00, run_after=2026-01-30 00:00:00+00:00
[2026-01-30T21:33:33.727+0000] {processor.py:183} INFO - Processing /opt/airflow/dags/feature_store.py took 1.601 seconds
[2026-01-30T21:34:05.121+0000] {processor.py:161} INFO - Started process (PID=5246) to work on /opt/airflow/dags/feature_store.py
[2026-01-30T21:34:05.122+0000] {processor.py:830} INFO - Processing file /opt/airflow/dags/feature_store.py for tasks to queue
[2026-01-30T21:34:05.124+0000] {logging_mixin.py:188} INFO - [2026-01-30T21:34:05.124+0000] {dagbag.py:545} INFO - Filling up the DagBag from /opt/airflow/dags/feature_store.py
[2026-01-30T21:34:06.529+0000] {logging_mixin.py:188} WARNING - /opt/airflow/dags/feature_store.py:64 RemovedInAirflow3Warning: Param `schedule_interval` is deprecated and will be removed in a future release. Please use `schedule` instead.
[2026-01-30T21:34:06.532+0000] {processor.py:840} INFO - DAG(s) 'feature_store_cre' retrieved from /opt/airflow/dags/feature_store.py
[2026-01-30T21:34:06.553+0000] {logging_mixin.py:188} INFO - [2026-01-30T21:34:06.552+0000] {dag.py:3096} INFO - Sync 1 DAGs
[2026-01-30T21:34:06.568+0000] {logging_mixin.py:188} INFO - [2026-01-30T21:34:06.567+0000] {dag.py:3954} INFO - Setting next_dagrun for feature_store_cre to 2026-01-29 00:00:00+00:00, run_after=2026-01-30 00:00:00+00:00
[2026-01-30T21:34:06.584+0000] {processor.py:183} INFO - Processing /opt/airflow/dags/feature_store.py took 1.468 seconds
[2026-01-30T21:34:38.059+0000] {processor.py:161} INFO - Started process (PID=5293) to work on /opt/airflow/dags/feature_store.py
[2026-01-30T21:34:38.059+0000] {processor.py:830} INFO - Processing file /opt/airflow/dags/feature_store.py for tasks to queue
[2026-01-30T21:34:38.060+0000] {logging_mixin.py:188} INFO - [2026-01-30T21:34:38.060+0000] {dagbag.py:545} INFO - Filling up the DagBag from /opt/airflow/dags/feature_store.py
[2026-01-30T21:34:39.562+0000] {logging_mixin.py:188} WARNING - /opt/airflow/dags/feature_store.py:64 RemovedInAirflow3Warning: Param `schedule_interval` is deprecated and will be removed in a future release. Please use `schedule` instead.
[2026-01-30T21:34:39.565+0000] {processor.py:840} INFO - DAG(s) 'feature_store_cre' retrieved from /opt/airflow/dags/feature_store.py
[2026-01-30T21:34:39.581+0000] {logging_mixin.py:188} INFO - [2026-01-30T21:34:39.580+0000] {dag.py:3096} INFO - Sync 1 DAGs
[2026-01-30T21:34:39.595+0000] {logging_mixin.py:188} INFO - [2026-01-30T21:34:39.595+0000] {dag.py:3954} INFO - Setting next_dagrun for feature_store_cre to 2026-01-29 00:00:00+00:00, run_after=2026-01-30 00:00:00+00:00
[2026-01-30T21:34:39.608+0000] {processor.py:183} INFO - Processing /opt/airflow/dags/feature_store.py took 1.553 seconds
[2026-01-30T21:35:10.873+0000] {processor.py:161} INFO - Started process (PID=5340) to work on /opt/airflow/dags/feature_store.py
[2026-01-30T21:35:10.874+0000] {processor.py:830} INFO - Processing file /opt/airflow/dags/feature_store.py for tasks to queue
[2026-01-30T21:35:10.875+0000] {logging_mixin.py:188} INFO - [2026-01-30T21:35:10.875+0000] {dagbag.py:545} INFO - Filling up the DagBag from /opt/airflow/dags/feature_store.py
[2026-01-30T21:35:12.287+0000] {logging_mixin.py:188} WARNING - /opt/airflow/dags/feature_store.py:64 RemovedInAirflow3Warning: Param `schedule_interval` is deprecated and will be removed in a future release. Please use `schedule` instead.
[2026-01-30T21:35:12.291+0000] {processor.py:840} INFO - DAG(s) 'feature_store_cre' retrieved from /opt/airflow/dags/feature_store.py
[2026-01-30T21:35:12.307+0000] {logging_mixin.py:188} INFO - [2026-01-30T21:35:12.307+0000] {dag.py:3096} INFO - Sync 1 DAGs
[2026-01-30T21:35:12.322+0000] {logging_mixin.py:188} INFO - [2026-01-30T21:35:12.322+0000] {dag.py:3954} INFO - Setting next_dagrun for feature_store_cre to 2026-01-29 00:00:00+00:00, run_after=2026-01-30 00:00:00+00:00
[2026-01-30T21:35:12.339+0000] {processor.py:183} INFO - Processing /opt/airflow/dags/feature_store.py took 1.471 seconds
[2026-01-30T21:35:43.511+0000] {processor.py:161} INFO - Started process (PID=5387) to work on /opt/airflow/dags/feature_store.py
[2026-01-30T21:35:43.512+0000] {processor.py:830} INFO - Processing file /opt/airflow/dags/feature_store.py for tasks to queue
[2026-01-30T21:35:43.513+0000] {logging_mixin.py:188} INFO - [2026-01-30T21:35:43.513+0000] {dagbag.py:545} INFO - Filling up the DagBag from /opt/airflow/dags/feature_store.py
[2026-01-30T21:35:44.818+0000] {logging_mixin.py:188} WARNING - /opt/airflow/dags/feature_store.py:64 RemovedInAirflow3Warning: Param `schedule_interval` is deprecated and will be removed in a future release. Please use `schedule` instead.
[2026-01-30T21:35:44.822+0000] {processor.py:840} INFO - DAG(s) 'feature_store_cre' retrieved from /opt/airflow/dags/feature_store.py
[2026-01-30T21:35:44.841+0000] {logging_mixin.py:188} INFO - [2026-01-30T21:35:44.841+0000] {dag.py:3096} INFO - Sync 1 DAGs
[2026-01-30T21:35:44.857+0000] {logging_mixin.py:188} INFO - [2026-01-30T21:35:44.857+0000] {dag.py:3954} INFO - Setting next_dagrun for feature_store_cre to 2026-01-29 00:00:00+00:00, run_after=2026-01-30 00:00:00+00:00
[2026-01-30T21:35:44.958+0000] {processor.py:183} INFO - Processing /opt/airflow/dags/feature_store.py took 1.451 seconds
[2026-01-30T21:36:16.747+0000] {processor.py:161} INFO - Started process (PID=5434) to work on /opt/airflow/dags/feature_store.py
[2026-01-30T21:36:16.748+0000] {processor.py:830} INFO - Processing file /opt/airflow/dags/feature_store.py for tasks to queue
[2026-01-30T21:36:16.749+0000] {logging_mixin.py:188} INFO - [2026-01-30T21:36:16.749+0000] {dagbag.py:545} INFO - Filling up the DagBag from /opt/airflow/dags/feature_store.py
[2026-01-30T21:36:18.191+0000] {logging_mixin.py:188} WARNING - /opt/airflow/dags/feature_store.py:64 RemovedInAirflow3Warning: Param `schedule_interval` is deprecated and will be removed in a future release. Please use `schedule` instead.
[2026-01-30T21:36:18.197+0000] {processor.py:840} INFO - DAG(s) 'feature_store_cre' retrieved from /opt/airflow/dags/feature_store.py
[2026-01-30T21:36:18.224+0000] {logging_mixin.py:188} INFO - [2026-01-30T21:36:18.223+0000] {dag.py:3096} INFO - Sync 1 DAGs
[2026-01-30T21:36:18.245+0000] {logging_mixin.py:188} INFO - [2026-01-30T21:36:18.244+0000] {dag.py:3954} INFO - Setting next_dagrun for feature_store_cre to 2026-01-29 00:00:00+00:00, run_after=2026-01-30 00:00:00+00:00
[2026-01-30T21:36:18.268+0000] {processor.py:183} INFO - Processing /opt/airflow/dags/feature_store.py took 1.525 seconds
[2026-01-30T21:36:49.746+0000] {processor.py:161} INFO - Started process (PID=5481) to work on /opt/airflow/dags/feature_store.py
[2026-01-30T21:36:49.746+0000] {processor.py:830} INFO - Processing file /opt/airflow/dags/feature_store.py for tasks to queue
[2026-01-30T21:36:49.747+0000] {logging_mixin.py:188} INFO - [2026-01-30T21:36:49.747+0000] {dagbag.py:545} INFO - Filling up the DagBag from /opt/airflow/dags/feature_store.py
[2026-01-30T21:36:51.155+0000] {logging_mixin.py:188} WARNING - /opt/airflow/dags/feature_store.py:64 RemovedInAirflow3Warning: Param `schedule_interval` is deprecated and will be removed in a future release. Please use `schedule` instead.
[2026-01-30T21:36:51.159+0000] {processor.py:840} INFO - DAG(s) 'feature_store_cre' retrieved from /opt/airflow/dags/feature_store.py
[2026-01-30T21:36:51.177+0000] {logging_mixin.py:188} INFO - [2026-01-30T21:36:51.177+0000] {dag.py:3096} INFO - Sync 1 DAGs
[2026-01-30T21:36:51.192+0000] {logging_mixin.py:188} INFO - [2026-01-30T21:36:51.192+0000] {dag.py:3954} INFO - Setting next_dagrun for feature_store_cre to 2026-01-29 00:00:00+00:00, run_after=2026-01-30 00:00:00+00:00
[2026-01-30T21:36:51.207+0000] {processor.py:183} INFO - Processing /opt/airflow/dags/feature_store.py took 1.465 seconds
[2026-01-30T21:37:22.502+0000] {processor.py:161} INFO - Started process (PID=5528) to work on /opt/airflow/dags/feature_store.py
[2026-01-30T21:37:22.503+0000] {processor.py:830} INFO - Processing file /opt/airflow/dags/feature_store.py for tasks to queue
[2026-01-30T21:37:22.504+0000] {logging_mixin.py:188} INFO - [2026-01-30T21:37:22.504+0000] {dagbag.py:545} INFO - Filling up the DagBag from /opt/airflow/dags/feature_store.py
[2026-01-30T21:37:24.057+0000] {logging_mixin.py:188} WARNING - /opt/airflow/dags/feature_store.py:64 RemovedInAirflow3Warning: Param `schedule_interval` is deprecated and will be removed in a future release. Please use `schedule` instead.
[2026-01-30T21:37:24.060+0000] {processor.py:840} INFO - DAG(s) 'feature_store_cre' retrieved from /opt/airflow/dags/feature_store.py
[2026-01-30T21:37:24.080+0000] {logging_mixin.py:188} INFO - [2026-01-30T21:37:24.079+0000] {dag.py:3096} INFO - Sync 1 DAGs
[2026-01-30T21:37:24.094+0000] {logging_mixin.py:188} INFO - [2026-01-30T21:37:24.094+0000] {dag.py:3954} INFO - Setting next_dagrun for feature_store_cre to 2026-01-29 00:00:00+00:00, run_after=2026-01-30 00:00:00+00:00
[2026-01-30T21:37:24.109+0000] {processor.py:183} INFO - Processing /opt/airflow/dags/feature_store.py took 1.611 seconds
[2026-01-30T21:37:55.489+0000] {processor.py:161} INFO - Started process (PID=5575) to work on /opt/airflow/dags/feature_store.py
[2026-01-30T21:37:55.490+0000] {processor.py:830} INFO - Processing file /opt/airflow/dags/feature_store.py for tasks to queue
[2026-01-30T21:37:55.492+0000] {logging_mixin.py:188} INFO - [2026-01-30T21:37:55.491+0000] {dagbag.py:545} INFO - Filling up the DagBag from /opt/airflow/dags/feature_store.py
[2026-01-30T21:37:56.868+0000] {logging_mixin.py:188} WARNING - /opt/airflow/dags/feature_store.py:64 RemovedInAirflow3Warning: Param `schedule_interval` is deprecated and will be removed in a future release. Please use `schedule` instead.
[2026-01-30T21:37:56.872+0000] {processor.py:840} INFO - DAG(s) 'feature_store_cre' retrieved from /opt/airflow/dags/feature_store.py
[2026-01-30T21:37:56.890+0000] {logging_mixin.py:188} INFO - [2026-01-30T21:37:56.890+0000] {dag.py:3096} INFO - Sync 1 DAGs
[2026-01-30T21:37:56.906+0000] {logging_mixin.py:188} INFO - [2026-01-30T21:37:56.905+0000] {dag.py:3954} INFO - Setting next_dagrun for feature_store_cre to 2026-01-29 00:00:00+00:00, run_after=2026-01-30 00:00:00+00:00
[2026-01-30T21:37:56.922+0000] {processor.py:183} INFO - Processing /opt/airflow/dags/feature_store.py took 1.436 seconds
[2026-01-30T21:38:28.335+0000] {processor.py:161} INFO - Started process (PID=5622) to work on /opt/airflow/dags/feature_store.py
[2026-01-30T21:38:28.336+0000] {processor.py:830} INFO - Processing file /opt/airflow/dags/feature_store.py for tasks to queue
[2026-01-30T21:38:28.337+0000] {logging_mixin.py:188} INFO - [2026-01-30T21:38:28.337+0000] {dagbag.py:545} INFO - Filling up the DagBag from /opt/airflow/dags/feature_store.py
[2026-01-30T21:38:29.748+0000] {logging_mixin.py:188} WARNING - /opt/airflow/dags/feature_store.py:64 RemovedInAirflow3Warning: Param `schedule_interval` is deprecated and will be removed in a future release. Please use `schedule` instead.
[2026-01-30T21:38:29.751+0000] {processor.py:840} INFO - DAG(s) 'feature_store_cre' retrieved from /opt/airflow/dags/feature_store.py
[2026-01-30T21:38:29.768+0000] {logging_mixin.py:188} INFO - [2026-01-30T21:38:29.767+0000] {dag.py:3096} INFO - Sync 1 DAGs
[2026-01-30T21:38:29.781+0000] {logging_mixin.py:188} INFO - [2026-01-30T21:38:29.781+0000] {dag.py:3954} INFO - Setting next_dagrun for feature_store_cre to 2026-01-29 00:00:00+00:00, run_after=2026-01-30 00:00:00+00:00
[2026-01-30T21:38:29.799+0000] {processor.py:183} INFO - Processing /opt/airflow/dags/feature_store.py took 1.469 seconds
[2026-01-30T21:39:01.224+0000] {processor.py:161} INFO - Started process (PID=5669) to work on /opt/airflow/dags/feature_store.py
[2026-01-30T21:39:01.225+0000] {processor.py:830} INFO - Processing file /opt/airflow/dags/feature_store.py for tasks to queue
[2026-01-30T21:39:01.226+0000] {logging_mixin.py:188} INFO - [2026-01-30T21:39:01.226+0000] {dagbag.py:545} INFO - Filling up the DagBag from /opt/airflow/dags/feature_store.py
[2026-01-30T21:39:02.573+0000] {logging_mixin.py:188} WARNING - /opt/airflow/dags/feature_store.py:64 RemovedInAirflow3Warning: Param `schedule_interval` is deprecated and will be removed in a future release. Please use `schedule` instead.
[2026-01-30T21:39:02.576+0000] {processor.py:840} INFO - DAG(s) 'feature_store_cre' retrieved from /opt/airflow/dags/feature_store.py
[2026-01-30T21:39:02.592+0000] {logging_mixin.py:188} INFO - [2026-01-30T21:39:02.592+0000] {dag.py:3096} INFO - Sync 1 DAGs
[2026-01-30T21:39:02.607+0000] {logging_mixin.py:188} INFO - [2026-01-30T21:39:02.607+0000] {dag.py:3954} INFO - Setting next_dagrun for feature_store_cre to 2026-01-29 00:00:00+00:00, run_after=2026-01-30 00:00:00+00:00
[2026-01-30T21:39:02.690+0000] {processor.py:183} INFO - Processing /opt/airflow/dags/feature_store.py took 1.470 seconds
[2026-01-30T21:39:33.981+0000] {processor.py:161} INFO - Started process (PID=5716) to work on /opt/airflow/dags/feature_store.py
[2026-01-30T21:39:33.983+0000] {processor.py:830} INFO - Processing file /opt/airflow/dags/feature_store.py for tasks to queue
[2026-01-30T21:39:33.984+0000] {logging_mixin.py:188} INFO - [2026-01-30T21:39:33.984+0000] {dagbag.py:545} INFO - Filling up the DagBag from /opt/airflow/dags/feature_store.py
[2026-01-30T21:39:35.415+0000] {logging_mixin.py:188} WARNING - /opt/airflow/dags/feature_store.py:64 RemovedInAirflow3Warning: Param `schedule_interval` is deprecated and will be removed in a future release. Please use `schedule` instead.
[2026-01-30T21:39:35.418+0000] {processor.py:840} INFO - DAG(s) 'feature_store_cre' retrieved from /opt/airflow/dags/feature_store.py
[2026-01-30T21:39:35.434+0000] {logging_mixin.py:188} INFO - [2026-01-30T21:39:35.434+0000] {dag.py:3096} INFO - Sync 1 DAGs
[2026-01-30T21:39:35.449+0000] {logging_mixin.py:188} INFO - [2026-01-30T21:39:35.449+0000] {dag.py:3954} INFO - Setting next_dagrun for feature_store_cre to 2026-01-29 00:00:00+00:00, run_after=2026-01-30 00:00:00+00:00
[2026-01-30T21:39:35.471+0000] {processor.py:183} INFO - Processing /opt/airflow/dags/feature_store.py took 1.493 seconds
[2026-01-30T21:40:06.897+0000] {processor.py:161} INFO - Started process (PID=5763) to work on /opt/airflow/dags/feature_store.py
[2026-01-30T21:40:06.897+0000] {processor.py:830} INFO - Processing file /opt/airflow/dags/feature_store.py for tasks to queue
[2026-01-30T21:40:06.898+0000] {logging_mixin.py:188} INFO - [2026-01-30T21:40:06.898+0000] {dagbag.py:545} INFO - Filling up the DagBag from /opt/airflow/dags/feature_store.py
[2026-01-30T21:40:08.279+0000] {logging_mixin.py:188} WARNING - /opt/airflow/dags/feature_store.py:64 RemovedInAirflow3Warning: Param `schedule_interval` is deprecated and will be removed in a future release. Please use `schedule` instead.
[2026-01-30T21:40:08.282+0000] {processor.py:840} INFO - DAG(s) 'feature_store_cre' retrieved from /opt/airflow/dags/feature_store.py
[2026-01-30T21:40:08.302+0000] {logging_mixin.py:188} INFO - [2026-01-30T21:40:08.302+0000] {dag.py:3096} INFO - Sync 1 DAGs
[2026-01-30T21:40:08.320+0000] {logging_mixin.py:188} INFO - [2026-01-30T21:40:08.319+0000] {dag.py:3954} INFO - Setting next_dagrun for feature_store_cre to 2026-01-29 00:00:00+00:00, run_after=2026-01-30 00:00:00+00:00
[2026-01-30T21:40:08.338+0000] {processor.py:183} INFO - Processing /opt/airflow/dags/feature_store.py took 1.447 seconds
[2026-01-30T21:40:39.773+0000] {processor.py:161} INFO - Started process (PID=5810) to work on /opt/airflow/dags/feature_store.py
[2026-01-30T21:40:39.774+0000] {processor.py:830} INFO - Processing file /opt/airflow/dags/feature_store.py for tasks to queue
[2026-01-30T21:40:39.775+0000] {logging_mixin.py:188} INFO - [2026-01-30T21:40:39.775+0000] {dagbag.py:545} INFO - Filling up the DagBag from /opt/airflow/dags/feature_store.py
[2026-01-30T21:40:41.534+0000] {logging_mixin.py:188} WARNING - /opt/airflow/dags/feature_store.py:64 RemovedInAirflow3Warning: Param `schedule_interval` is deprecated and will be removed in a future release. Please use `schedule` instead.
[2026-01-30T21:40:41.539+0000] {processor.py:840} INFO - DAG(s) 'feature_store_cre' retrieved from /opt/airflow/dags/feature_store.py
[2026-01-30T21:40:41.556+0000] {logging_mixin.py:188} INFO - [2026-01-30T21:40:41.556+0000] {dag.py:3096} INFO - Sync 1 DAGs
[2026-01-30T21:40:41.570+0000] {logging_mixin.py:188} INFO - [2026-01-30T21:40:41.570+0000] {dag.py:3954} INFO - Setting next_dagrun for feature_store_cre to 2026-01-29 00:00:00+00:00, run_after=2026-01-30 00:00:00+00:00
[2026-01-30T21:40:41.587+0000] {processor.py:183} INFO - Processing /opt/airflow/dags/feature_store.py took 1.818 seconds
[2026-01-30T21:41:13.070+0000] {processor.py:161} INFO - Started process (PID=5857) to work on /opt/airflow/dags/feature_store.py
[2026-01-30T21:41:13.071+0000] {processor.py:830} INFO - Processing file /opt/airflow/dags/feature_store.py for tasks to queue
[2026-01-30T21:41:13.072+0000] {logging_mixin.py:188} INFO - [2026-01-30T21:41:13.072+0000] {dagbag.py:545} INFO - Filling up the DagBag from /opt/airflow/dags/feature_store.py
[2026-01-30T21:41:14.775+0000] {logging_mixin.py:188} WARNING - /opt/airflow/dags/feature_store.py:64 RemovedInAirflow3Warning: Param `schedule_interval` is deprecated and will be removed in a future release. Please use `schedule` instead.
[2026-01-30T21:41:14.779+0000] {processor.py:840} INFO - DAG(s) 'feature_store_cre' retrieved from /opt/airflow/dags/feature_store.py
[2026-01-30T21:41:14.802+0000] {logging_mixin.py:188} INFO - [2026-01-30T21:41:14.801+0000] {dag.py:3096} INFO - Sync 1 DAGs
[2026-01-30T21:41:14.823+0000] {logging_mixin.py:188} INFO - [2026-01-30T21:41:14.823+0000] {dag.py:3954} INFO - Setting next_dagrun for feature_store_cre to 2026-01-29 00:00:00+00:00, run_after=2026-01-30 00:00:00+00:00
[2026-01-30T21:41:14.845+0000] {processor.py:183} INFO - Processing /opt/airflow/dags/feature_store.py took 1.779 seconds
[2026-01-30T21:41:45.602+0000] {processor.py:161} INFO - Started process (PID=5904) to work on /opt/airflow/dags/feature_store.py
[2026-01-30T21:41:45.603+0000] {processor.py:830} INFO - Processing file /opt/airflow/dags/feature_store.py for tasks to queue
[2026-01-30T21:41:45.604+0000] {logging_mixin.py:188} INFO - [2026-01-30T21:41:45.604+0000] {dagbag.py:545} INFO - Filling up the DagBag from /opt/airflow/dags/feature_store.py
[2026-01-30T21:41:46.916+0000] {logging_mixin.py:188} WARNING - /opt/airflow/dags/feature_store.py:64 RemovedInAirflow3Warning: Param `schedule_interval` is deprecated and will be removed in a future release. Please use `schedule` instead.
[2026-01-30T21:41:46.919+0000] {processor.py:840} INFO - DAG(s) 'feature_store_cre' retrieved from /opt/airflow/dags/feature_store.py
[2026-01-30T21:41:46.936+0000] {logging_mixin.py:188} INFO - [2026-01-30T21:41:46.935+0000] {dag.py:3096} INFO - Sync 1 DAGs
[2026-01-30T21:41:46.951+0000] {logging_mixin.py:188} INFO - [2026-01-30T21:41:46.951+0000] {dag.py:3954} INFO - Setting next_dagrun for feature_store_cre to 2026-01-29 00:00:00+00:00, run_after=2026-01-30 00:00:00+00:00
[2026-01-30T21:41:46.972+0000] {processor.py:183} INFO - Processing /opt/airflow/dags/feature_store.py took 1.374 seconds
[2026-01-30T21:42:18.372+0000] {processor.py:161} INFO - Started process (PID=5950) to work on /opt/airflow/dags/feature_store.py
[2026-01-30T21:42:18.373+0000] {processor.py:830} INFO - Processing file /opt/airflow/dags/feature_store.py for tasks to queue
[2026-01-30T21:42:18.374+0000] {logging_mixin.py:188} INFO - [2026-01-30T21:42:18.374+0000] {dagbag.py:545} INFO - Filling up the DagBag from /opt/airflow/dags/feature_store.py
[2026-01-30T21:42:20.528+0000] {logging_mixin.py:188} WARNING - /opt/airflow/dags/feature_store.py:64 RemovedInAirflow3Warning: Param `schedule_interval` is deprecated and will be removed in a future release. Please use `schedule` instead.
[2026-01-30T21:42:20.533+0000] {processor.py:840} INFO - DAG(s) 'feature_store_cre' retrieved from /opt/airflow/dags/feature_store.py
[2026-01-30T21:42:20.559+0000] {logging_mixin.py:188} INFO - [2026-01-30T21:42:20.558+0000] {dag.py:3096} INFO - Sync 1 DAGs
[2026-01-30T21:42:20.581+0000] {logging_mixin.py:188} INFO - [2026-01-30T21:42:20.581+0000] {dag.py:3954} INFO - Setting next_dagrun for feature_store_cre to 2026-01-29 00:00:00+00:00, run_after=2026-01-30 00:00:00+00:00
[2026-01-30T21:42:20.689+0000] {processor.py:183} INFO - Processing /opt/airflow/dags/feature_store.py took 2.324 seconds
[2026-01-30T21:42:51.271+0000] {processor.py:161} INFO - Started process (PID=5998) to work on /opt/airflow/dags/feature_store.py
[2026-01-30T21:42:51.273+0000] {processor.py:830} INFO - Processing file /opt/airflow/dags/feature_store.py for tasks to queue
[2026-01-30T21:42:51.275+0000] {logging_mixin.py:188} INFO - [2026-01-30T21:42:51.274+0000] {dagbag.py:545} INFO - Filling up the DagBag from /opt/airflow/dags/feature_store.py
[2026-01-30T21:42:53.850+0000] {logging_mixin.py:188} WARNING - /opt/airflow/dags/feature_store.py:64 RemovedInAirflow3Warning: Param `schedule_interval` is deprecated and will be removed in a future release. Please use `schedule` instead.
[2026-01-30T21:42:53.856+0000] {processor.py:840} INFO - DAG(s) 'feature_store_cre' retrieved from /opt/airflow/dags/feature_store.py
[2026-01-30T21:42:53.896+0000] {logging_mixin.py:188} INFO - [2026-01-30T21:42:53.895+0000] {dag.py:3096} INFO - Sync 1 DAGs
[2026-01-30T21:42:53.929+0000] {logging_mixin.py:188} INFO - [2026-01-30T21:42:53.928+0000] {dag.py:3954} INFO - Setting next_dagrun for feature_store_cre to 2026-01-29 00:00:00+00:00, run_after=2026-01-30 00:00:00+00:00
[2026-01-30T21:42:53.957+0000] {processor.py:183} INFO - Processing /opt/airflow/dags/feature_store.py took 2.691 seconds
[2026-01-30T21:43:24.713+0000] {processor.py:161} INFO - Started process (PID=6045) to work on /opt/airflow/dags/feature_store.py
[2026-01-30T21:43:24.714+0000] {processor.py:830} INFO - Processing file /opt/airflow/dags/feature_store.py for tasks to queue
[2026-01-30T21:43:24.716+0000] {logging_mixin.py:188} INFO - [2026-01-30T21:43:24.715+0000] {dagbag.py:545} INFO - Filling up the DagBag from /opt/airflow/dags/feature_store.py
[2026-01-30T21:43:27.031+0000] {logging_mixin.py:188} WARNING - /opt/airflow/dags/feature_store.py:64 RemovedInAirflow3Warning: Param `schedule_interval` is deprecated and will be removed in a future release. Please use `schedule` instead.
[2026-01-30T21:43:27.037+0000] {processor.py:840} INFO - DAG(s) 'feature_store_cre' retrieved from /opt/airflow/dags/feature_store.py
[2026-01-30T21:43:27.062+0000] {logging_mixin.py:188} INFO - [2026-01-30T21:43:27.062+0000] {dag.py:3096} INFO - Sync 1 DAGs
[2026-01-30T21:43:27.081+0000] {logging_mixin.py:188} INFO - [2026-01-30T21:43:27.081+0000] {dag.py:3954} INFO - Setting next_dagrun for feature_store_cre to 2026-01-29 00:00:00+00:00, run_after=2026-01-30 00:00:00+00:00
[2026-01-30T21:43:27.102+0000] {processor.py:183} INFO - Processing /opt/airflow/dags/feature_store.py took 2.393 seconds
[2026-01-30T21:43:57.140+0000] {processor.py:161} INFO - Started process (PID=6089) to work on /opt/airflow/dags/feature_store.py
[2026-01-30T21:43:57.142+0000] {processor.py:830} INFO - Processing file /opt/airflow/dags/feature_store.py for tasks to queue
[2026-01-30T21:43:57.144+0000] {logging_mixin.py:188} INFO - [2026-01-30T21:43:57.144+0000] {dagbag.py:545} INFO - Filling up the DagBag from /opt/airflow/dags/feature_store.py
[2026-01-30T21:43:59.135+0000] {logging_mixin.py:188} WARNING - /opt/airflow/dags/feature_store.py:64 RemovedInAirflow3Warning: Param `schedule_interval` is deprecated and will be removed in a future release. Please use `schedule` instead.
[2026-01-30T21:43:59.141+0000] {processor.py:840} INFO - DAG(s) 'feature_store_cre' retrieved from /opt/airflow/dags/feature_store.py
[2026-01-30T21:43:59.166+0000] {logging_mixin.py:188} INFO - [2026-01-30T21:43:59.165+0000] {dag.py:3096} INFO - Sync 1 DAGs
[2026-01-30T21:43:59.187+0000] {logging_mixin.py:188} INFO - [2026-01-30T21:43:59.187+0000] {dag.py:3954} INFO - Setting next_dagrun for feature_store_cre to 2026-01-29 00:00:00+00:00, run_after=2026-01-30 00:00:00+00:00
[2026-01-30T21:43:59.212+0000] {processor.py:183} INFO - Processing /opt/airflow/dags/feature_store.py took 2.076 seconds
[2026-01-30T21:44:30.807+0000] {processor.py:161} INFO - Started process (PID=6136) to work on /opt/airflow/dags/feature_store.py
[2026-01-30T21:44:30.807+0000] {processor.py:830} INFO - Processing file /opt/airflow/dags/feature_store.py for tasks to queue
[2026-01-30T21:44:30.810+0000] {logging_mixin.py:188} INFO - [2026-01-30T21:44:30.809+0000] {dagbag.py:545} INFO - Filling up the DagBag from /opt/airflow/dags/feature_store.py
[2026-01-30T21:44:33.695+0000] {logging_mixin.py:188} WARNING - /opt/airflow/dags/feature_store.py:64 RemovedInAirflow3Warning: Param `schedule_interval` is deprecated and will be removed in a future release. Please use `schedule` instead.
[2026-01-30T21:44:33.702+0000] {processor.py:840} INFO - DAG(s) 'feature_store_cre' retrieved from /opt/airflow/dags/feature_store.py
[2026-01-30T21:44:33.730+0000] {logging_mixin.py:188} INFO - [2026-01-30T21:44:33.729+0000] {dag.py:3096} INFO - Sync 1 DAGs
[2026-01-30T21:44:33.750+0000] {logging_mixin.py:188} INFO - [2026-01-30T21:44:33.750+0000] {dag.py:3954} INFO - Setting next_dagrun for feature_store_cre to 2026-01-29 00:00:00+00:00, run_after=2026-01-30 00:00:00+00:00
[2026-01-30T21:44:33.774+0000] {processor.py:183} INFO - Processing /opt/airflow/dags/feature_store.py took 2.973 seconds
[2026-01-30T21:45:04.063+0000] {processor.py:161} INFO - Started process (PID=6189) to work on /opt/airflow/dags/feature_store.py
[2026-01-30T21:45:04.065+0000] {processor.py:830} INFO - Processing file /opt/airflow/dags/feature_store.py for tasks to queue
[2026-01-30T21:45:04.066+0000] {logging_mixin.py:188} INFO - [2026-01-30T21:45:04.066+0000] {dagbag.py:545} INFO - Filling up the DagBag from /opt/airflow/dags/feature_store.py
[2026-01-30T21:45:05.990+0000] {logging_mixin.py:188} WARNING - /opt/airflow/dags/feature_store.py:64 RemovedInAirflow3Warning: Param `schedule_interval` is deprecated and will be removed in a future release. Please use `schedule` instead.
[2026-01-30T21:45:05.996+0000] {processor.py:840} INFO - DAG(s) 'feature_store_cre' retrieved from /opt/airflow/dags/feature_store.py
[2026-01-30T21:45:06.023+0000] {logging_mixin.py:188} INFO - [2026-01-30T21:45:06.023+0000] {dag.py:3096} INFO - Sync 1 DAGs
[2026-01-30T21:45:06.044+0000] {logging_mixin.py:188} INFO - [2026-01-30T21:45:06.044+0000] {dag.py:3954} INFO - Setting next_dagrun for feature_store_cre to 2026-01-29 00:00:00+00:00, run_after=2026-01-30 00:00:00+00:00
[2026-01-30T21:45:06.068+0000] {processor.py:183} INFO - Processing /opt/airflow/dags/feature_store.py took 2.010 seconds
[2026-01-30T21:45:36.523+0000] {processor.py:161} INFO - Started process (PID=6236) to work on /opt/airflow/dags/feature_store.py
[2026-01-30T21:45:36.524+0000] {processor.py:830} INFO - Processing file /opt/airflow/dags/feature_store.py for tasks to queue
[2026-01-30T21:45:36.526+0000] {logging_mixin.py:188} INFO - [2026-01-30T21:45:36.525+0000] {dagbag.py:545} INFO - Filling up the DagBag from /opt/airflow/dags/feature_store.py
[2026-01-30T21:45:38.454+0000] {logging_mixin.py:188} WARNING - /opt/airflow/dags/feature_store.py:64 RemovedInAirflow3Warning: Param `schedule_interval` is deprecated and will be removed in a future release. Please use `schedule` instead.
[2026-01-30T21:45:38.462+0000] {processor.py:840} INFO - DAG(s) 'feature_store_cre' retrieved from /opt/airflow/dags/feature_store.py
[2026-01-30T21:45:38.494+0000] {logging_mixin.py:188} INFO - [2026-01-30T21:45:38.494+0000] {dag.py:3096} INFO - Sync 1 DAGs
[2026-01-30T21:45:38.522+0000] {logging_mixin.py:188} INFO - [2026-01-30T21:45:38.522+0000] {dag.py:3954} INFO - Setting next_dagrun for feature_store_cre to 2026-01-29 00:00:00+00:00, run_after=2026-01-30 00:00:00+00:00
[2026-01-30T21:45:38.645+0000] {processor.py:183} INFO - Processing /opt/airflow/dags/feature_store.py took 2.127 seconds
[2026-01-30T21:46:09.042+0000] {processor.py:161} INFO - Started process (PID=6283) to work on /opt/airflow/dags/feature_store.py
[2026-01-30T21:46:09.044+0000] {processor.py:830} INFO - Processing file /opt/airflow/dags/feature_store.py for tasks to queue
[2026-01-30T21:46:09.046+0000] {logging_mixin.py:188} INFO - [2026-01-30T21:46:09.046+0000] {dagbag.py:545} INFO - Filling up the DagBag from /opt/airflow/dags/feature_store.py
[2026-01-30T21:46:10.945+0000] {logging_mixin.py:188} WARNING - /opt/airflow/dags/feature_store.py:64 RemovedInAirflow3Warning: Param `schedule_interval` is deprecated and will be removed in a future release. Please use `schedule` instead.
[2026-01-30T21:46:10.950+0000] {processor.py:840} INFO - DAG(s) 'feature_store_cre' retrieved from /opt/airflow/dags/feature_store.py
[2026-01-30T21:46:10.973+0000] {logging_mixin.py:188} INFO - [2026-01-30T21:46:10.972+0000] {dag.py:3096} INFO - Sync 1 DAGs
[2026-01-30T21:46:10.994+0000] {logging_mixin.py:188} INFO - [2026-01-30T21:46:10.994+0000] {dag.py:3954} INFO - Setting next_dagrun for feature_store_cre to 2026-01-29 00:00:00+00:00, run_after=2026-01-30 00:00:00+00:00
[2026-01-30T21:46:11.017+0000] {processor.py:183} INFO - Processing /opt/airflow/dags/feature_store.py took 1.982 seconds
[2026-01-30T21:46:41.638+0000] {processor.py:161} INFO - Started process (PID=6324) to work on /opt/airflow/dags/feature_store.py
[2026-01-30T21:46:41.639+0000] {processor.py:830} INFO - Processing file /opt/airflow/dags/feature_store.py for tasks to queue
[2026-01-30T21:46:41.640+0000] {logging_mixin.py:188} INFO - [2026-01-30T21:46:41.640+0000] {dagbag.py:545} INFO - Filling up the DagBag from /opt/airflow/dags/feature_store.py
[2026-01-30T21:46:43.031+0000] {logging_mixin.py:188} WARNING - /opt/airflow/dags/feature_store.py:64 RemovedInAirflow3Warning: Param `schedule_interval` is deprecated and will be removed in a future release. Please use `schedule` instead.
[2026-01-30T21:46:43.034+0000] {processor.py:840} INFO - DAG(s) 'feature_store_cre' retrieved from /opt/airflow/dags/feature_store.py
[2026-01-30T21:46:43.047+0000] {logging_mixin.py:188} INFO - [2026-01-30T21:46:43.047+0000] {dag.py:3096} INFO - Sync 1 DAGs
[2026-01-30T21:46:43.059+0000] {logging_mixin.py:188} INFO - [2026-01-30T21:46:43.059+0000] {dag.py:3954} INFO - Setting next_dagrun for feature_store_cre to 2026-01-29 00:00:00+00:00, run_after=2026-01-30 00:00:00+00:00
[2026-01-30T21:46:43.071+0000] {processor.py:183} INFO - Processing /opt/airflow/dags/feature_store.py took 1.437 seconds
[2026-01-30T21:47:14.524+0000] {processor.py:161} INFO - Started process (PID=6375) to work on /opt/airflow/dags/feature_store.py
[2026-01-30T21:47:14.525+0000] {processor.py:830} INFO - Processing file /opt/airflow/dags/feature_store.py for tasks to queue
[2026-01-30T21:47:14.526+0000] {logging_mixin.py:188} INFO - [2026-01-30T21:47:14.526+0000] {dagbag.py:545} INFO - Filling up the DagBag from /opt/airflow/dags/feature_store.py
[2026-01-30T21:47:15.862+0000] {logging_mixin.py:188} WARNING - /opt/airflow/dags/feature_store.py:64 RemovedInAirflow3Warning: Param `schedule_interval` is deprecated and will be removed in a future release. Please use `schedule` instead.
[2026-01-30T21:47:15.866+0000] {processor.py:840} INFO - DAG(s) 'feature_store_cre' retrieved from /opt/airflow/dags/feature_store.py
[2026-01-30T21:47:15.884+0000] {logging_mixin.py:188} INFO - [2026-01-30T21:47:15.883+0000] {dag.py:3096} INFO - Sync 1 DAGs
[2026-01-30T21:47:15.897+0000] {logging_mixin.py:188} INFO - [2026-01-30T21:47:15.897+0000] {dag.py:3954} INFO - Setting next_dagrun for feature_store_cre to 2026-01-29 00:00:00+00:00, run_after=2026-01-30 00:00:00+00:00
[2026-01-30T21:47:15.916+0000] {processor.py:183} INFO - Processing /opt/airflow/dags/feature_store.py took 1.396 seconds
[2026-01-30T21:47:47.373+0000] {processor.py:161} INFO - Started process (PID=6418) to work on /opt/airflow/dags/feature_store.py
[2026-01-30T21:47:47.374+0000] {processor.py:830} INFO - Processing file /opt/airflow/dags/feature_store.py for tasks to queue
[2026-01-30T21:47:47.375+0000] {logging_mixin.py:188} INFO - [2026-01-30T21:47:47.375+0000] {dagbag.py:545} INFO - Filling up the DagBag from /opt/airflow/dags/feature_store.py
[2026-01-30T21:47:48.820+0000] {logging_mixin.py:188} WARNING - /opt/airflow/dags/feature_store.py:64 RemovedInAirflow3Warning: Param `schedule_interval` is deprecated and will be removed in a future release. Please use `schedule` instead.
[2026-01-30T21:47:48.825+0000] {processor.py:840} INFO - DAG(s) 'feature_store_cre' retrieved from /opt/airflow/dags/feature_store.py
[2026-01-30T21:47:48.845+0000] {logging_mixin.py:188} INFO - [2026-01-30T21:47:48.845+0000] {dag.py:3096} INFO - Sync 1 DAGs
[2026-01-30T21:47:48.863+0000] {logging_mixin.py:188} INFO - [2026-01-30T21:47:48.862+0000] {dag.py:3954} INFO - Setting next_dagrun for feature_store_cre to 2026-01-29 00:00:00+00:00, run_after=2026-01-30 00:00:00+00:00
[2026-01-30T21:47:48.883+0000] {processor.py:183} INFO - Processing /opt/airflow/dags/feature_store.py took 1.515 seconds
[2026-01-30T21:48:20.391+0000] {processor.py:161} INFO - Started process (PID=6468) to work on /opt/airflow/dags/feature_store.py
[2026-01-30T21:48:20.393+0000] {processor.py:830} INFO - Processing file /opt/airflow/dags/feature_store.py for tasks to queue
[2026-01-30T21:48:20.394+0000] {logging_mixin.py:188} INFO - [2026-01-30T21:48:20.394+0000] {dagbag.py:545} INFO - Filling up the DagBag from /opt/airflow/dags/feature_store.py
[2026-01-30T21:48:21.787+0000] {logging_mixin.py:188} WARNING - /opt/airflow/dags/feature_store.py:64 RemovedInAirflow3Warning: Param `schedule_interval` is deprecated and will be removed in a future release. Please use `schedule` instead.
[2026-01-30T21:48:21.792+0000] {processor.py:840} INFO - DAG(s) 'feature_store_cre' retrieved from /opt/airflow/dags/feature_store.py
[2026-01-30T21:48:21.810+0000] {logging_mixin.py:188} INFO - [2026-01-30T21:48:21.810+0000] {dag.py:3096} INFO - Sync 1 DAGs
[2026-01-30T21:48:21.824+0000] {logging_mixin.py:188} INFO - [2026-01-30T21:48:21.824+0000] {dag.py:3954} INFO - Setting next_dagrun for feature_store_cre to 2026-01-29 00:00:00+00:00, run_after=2026-01-30 00:00:00+00:00
[2026-01-30T21:48:21.841+0000] {processor.py:183} INFO - Processing /opt/airflow/dags/feature_store.py took 1.455 seconds
[2026-01-30T21:48:53.373+0000] {processor.py:161} INFO - Started process (PID=6514) to work on /opt/airflow/dags/feature_store.py
[2026-01-30T21:48:53.374+0000] {processor.py:830} INFO - Processing file /opt/airflow/dags/feature_store.py for tasks to queue
[2026-01-30T21:48:53.376+0000] {logging_mixin.py:188} INFO - [2026-01-30T21:48:53.375+0000] {dagbag.py:545} INFO - Filling up the DagBag from /opt/airflow/dags/feature_store.py
[2026-01-30T21:48:55.652+0000] {logging_mixin.py:188} WARNING - /opt/airflow/dags/feature_store.py:64 RemovedInAirflow3Warning: Param `schedule_interval` is deprecated and will be removed in a future release. Please use `schedule` instead.
[2026-01-30T21:48:55.657+0000] {processor.py:840} INFO - DAG(s) 'feature_store_cre' retrieved from /opt/airflow/dags/feature_store.py
[2026-01-30T21:48:55.679+0000] {logging_mixin.py:188} INFO - [2026-01-30T21:48:55.678+0000] {dag.py:3096} INFO - Sync 1 DAGs
[2026-01-30T21:48:55.698+0000] {logging_mixin.py:188} INFO - [2026-01-30T21:48:55.698+0000] {dag.py:3954} INFO - Setting next_dagrun for feature_store_cre to 2026-01-29 00:00:00+00:00, run_after=2026-01-30 00:00:00+00:00
[2026-01-30T21:48:55.835+0000] {processor.py:183} INFO - Processing /opt/airflow/dags/feature_store.py took 2.469 seconds
[2026-01-30T21:49:26.396+0000] {processor.py:161} INFO - Started process (PID=6562) to work on /opt/airflow/dags/feature_store.py
[2026-01-30T21:49:26.397+0000] {processor.py:830} INFO - Processing file /opt/airflow/dags/feature_store.py for tasks to queue
[2026-01-30T21:49:26.398+0000] {logging_mixin.py:188} INFO - [2026-01-30T21:49:26.398+0000] {dagbag.py:545} INFO - Filling up the DagBag from /opt/airflow/dags/feature_store.py
[2026-01-30T21:49:27.911+0000] {logging_mixin.py:188} WARNING - /opt/airflow/dags/feature_store.py:64 RemovedInAirflow3Warning: Param `schedule_interval` is deprecated and will be removed in a future release. Please use `schedule` instead.
[2026-01-30T21:49:27.917+0000] {processor.py:840} INFO - DAG(s) 'feature_store_cre' retrieved from /opt/airflow/dags/feature_store.py
[2026-01-30T21:49:27.939+0000] {logging_mixin.py:188} INFO - [2026-01-30T21:49:27.938+0000] {dag.py:3096} INFO - Sync 1 DAGs
[2026-01-30T21:49:27.958+0000] {logging_mixin.py:188} INFO - [2026-01-30T21:49:27.958+0000] {dag.py:3954} INFO - Setting next_dagrun for feature_store_cre to 2026-01-29 00:00:00+00:00, run_after=2026-01-30 00:00:00+00:00
[2026-01-30T21:49:27.982+0000] {processor.py:183} INFO - Processing /opt/airflow/dags/feature_store.py took 1.591 seconds
[2026-01-30T21:49:59.015+0000] {processor.py:161} INFO - Started process (PID=6609) to work on /opt/airflow/dags/feature_store.py
[2026-01-30T21:49:59.015+0000] {processor.py:830} INFO - Processing file /opt/airflow/dags/feature_store.py for tasks to queue
[2026-01-30T21:49:59.017+0000] {logging_mixin.py:188} INFO - [2026-01-30T21:49:59.016+0000] {dagbag.py:545} INFO - Filling up the DagBag from /opt/airflow/dags/feature_store.py
[2026-01-30T21:50:01.559+0000] {logging_mixin.py:188} WARNING - /opt/airflow/dags/feature_store.py:64 RemovedInAirflow3Warning: Param `schedule_interval` is deprecated and will be removed in a future release. Please use `schedule` instead.
[2026-01-30T21:50:01.565+0000] {processor.py:840} INFO - DAG(s) 'feature_store_cre' retrieved from /opt/airflow/dags/feature_store.py
[2026-01-30T21:50:01.593+0000] {logging_mixin.py:188} INFO - [2026-01-30T21:50:01.592+0000] {dag.py:3096} INFO - Sync 1 DAGs
[2026-01-30T21:50:01.615+0000] {logging_mixin.py:188} INFO - [2026-01-30T21:50:01.615+0000] {dag.py:3954} INFO - Setting next_dagrun for feature_store_cre to 2026-01-29 00:00:00+00:00, run_after=2026-01-30 00:00:00+00:00
[2026-01-30T21:50:01.644+0000] {processor.py:183} INFO - Processing /opt/airflow/dags/feature_store.py took 2.635 seconds
[2026-01-30T21:50:32.017+0000] {processor.py:161} INFO - Started process (PID=6653) to work on /opt/airflow/dags/feature_store.py
[2026-01-30T21:50:32.019+0000] {processor.py:830} INFO - Processing file /opt/airflow/dags/feature_store.py for tasks to queue
[2026-01-30T21:50:32.020+0000] {logging_mixin.py:188} INFO - [2026-01-30T21:50:32.020+0000] {dagbag.py:545} INFO - Filling up the DagBag from /opt/airflow/dags/feature_store.py
[2026-01-30T21:50:34.293+0000] {logging_mixin.py:188} WARNING - /opt/airflow/dags/feature_store.py:64 RemovedInAirflow3Warning: Param `schedule_interval` is deprecated and will be removed in a future release. Please use `schedule` instead.
[2026-01-30T21:50:34.299+0000] {processor.py:840} INFO - DAG(s) 'feature_store_cre' retrieved from /opt/airflow/dags/feature_store.py
[2026-01-30T21:50:34.327+0000] {logging_mixin.py:188} INFO - [2026-01-30T21:50:34.327+0000] {dag.py:3096} INFO - Sync 1 DAGs
[2026-01-30T21:50:34.349+0000] {logging_mixin.py:188} INFO - [2026-01-30T21:50:34.349+0000] {dag.py:3954} INFO - Setting next_dagrun for feature_store_cre to 2026-01-29 00:00:00+00:00, run_after=2026-01-30 00:00:00+00:00
[2026-01-30T21:50:34.376+0000] {processor.py:183} INFO - Processing /opt/airflow/dags/feature_store.py took 2.363 seconds
[2026-01-30T21:51:05.185+0000] {processor.py:161} INFO - Started process (PID=6700) to work on /opt/airflow/dags/feature_store.py
[2026-01-30T21:51:05.186+0000] {processor.py:830} INFO - Processing file /opt/airflow/dags/feature_store.py for tasks to queue
[2026-01-30T21:51:05.187+0000] {logging_mixin.py:188} INFO - [2026-01-30T21:51:05.187+0000] {dagbag.py:545} INFO - Filling up the DagBag from /opt/airflow/dags/feature_store.py
[2026-01-30T21:51:07.721+0000] {logging_mixin.py:188} WARNING - /opt/airflow/dags/feature_store.py:64 RemovedInAirflow3Warning: Param `schedule_interval` is deprecated and will be removed in a future release. Please use `schedule` instead.
[2026-01-30T21:51:07.725+0000] {processor.py:840} INFO - DAG(s) 'feature_store_cre' retrieved from /opt/airflow/dags/feature_store.py
[2026-01-30T21:51:07.750+0000] {logging_mixin.py:188} INFO - [2026-01-30T21:51:07.749+0000] {dag.py:3096} INFO - Sync 1 DAGs
[2026-01-30T21:51:07.768+0000] {logging_mixin.py:188} INFO - [2026-01-30T21:51:07.768+0000] {dag.py:3954} INFO - Setting next_dagrun for feature_store_cre to 2026-01-29 00:00:00+00:00, run_after=2026-01-30 00:00:00+00:00
[2026-01-30T21:51:07.788+0000] {processor.py:183} INFO - Processing /opt/airflow/dags/feature_store.py took 2.610 seconds
[2026-01-30T21:51:37.842+0000] {processor.py:161} INFO - Started process (PID=6747) to work on /opt/airflow/dags/feature_store.py
[2026-01-30T21:51:37.844+0000] {processor.py:830} INFO - Processing file /opt/airflow/dags/feature_store.py for tasks to queue
[2026-01-30T21:51:37.846+0000] {logging_mixin.py:188} INFO - [2026-01-30T21:51:37.845+0000] {dagbag.py:545} INFO - Filling up the DagBag from /opt/airflow/dags/feature_store.py
[2026-01-30T21:51:39.305+0000] {logging_mixin.py:188} WARNING - /opt/airflow/dags/feature_store.py:64 RemovedInAirflow3Warning: Param `schedule_interval` is deprecated and will be removed in a future release. Please use `schedule` instead.
[2026-01-30T21:51:39.314+0000] {processor.py:840} INFO - DAG(s) 'feature_store_cre' retrieved from /opt/airflow/dags/feature_store.py
[2026-01-30T21:51:39.342+0000] {logging_mixin.py:188} INFO - [2026-01-30T21:51:39.342+0000] {dag.py:3096} INFO - Sync 1 DAGs
[2026-01-30T21:51:39.365+0000] {logging_mixin.py:188} INFO - [2026-01-30T21:51:39.365+0000] {dag.py:3954} INFO - Setting next_dagrun for feature_store_cre to 2026-01-29 00:00:00+00:00, run_after=2026-01-30 00:00:00+00:00
[2026-01-30T21:51:39.402+0000] {processor.py:183} INFO - Processing /opt/airflow/dags/feature_store.py took 1.564 seconds
[2026-01-30T21:52:10.958+0000] {processor.py:161} INFO - Started process (PID=6794) to work on /opt/airflow/dags/feature_store.py
[2026-01-30T21:52:10.959+0000] {processor.py:830} INFO - Processing file /opt/airflow/dags/feature_store.py for tasks to queue
[2026-01-30T21:52:10.962+0000] {logging_mixin.py:188} INFO - [2026-01-30T21:52:10.961+0000] {dagbag.py:545} INFO - Filling up the DagBag from /opt/airflow/dags/feature_store.py
[2026-01-30T21:52:12.603+0000] {logging_mixin.py:188} WARNING - /opt/airflow/dags/feature_store.py:64 RemovedInAirflow3Warning: Param `schedule_interval` is deprecated and will be removed in a future release. Please use `schedule` instead.
[2026-01-30T21:52:12.607+0000] {processor.py:840} INFO - DAG(s) 'feature_store_cre' retrieved from /opt/airflow/dags/feature_store.py
[2026-01-30T21:52:12.634+0000] {logging_mixin.py:188} INFO - [2026-01-30T21:52:12.634+0000] {dag.py:3096} INFO - Sync 1 DAGs
[2026-01-30T21:52:12.655+0000] {logging_mixin.py:188} INFO - [2026-01-30T21:52:12.655+0000] {dag.py:3954} INFO - Setting next_dagrun for feature_store_cre to 2026-01-29 00:00:00+00:00, run_after=2026-01-30 00:00:00+00:00
[2026-01-30T21:52:12.679+0000] {processor.py:183} INFO - Processing /opt/airflow/dags/feature_store.py took 1.732 seconds
[2026-01-30T21:52:43.767+0000] {processor.py:161} INFO - Started process (PID=6841) to work on /opt/airflow/dags/feature_store.py
[2026-01-30T21:52:43.768+0000] {processor.py:830} INFO - Processing file /opt/airflow/dags/feature_store.py for tasks to queue
[2026-01-30T21:52:43.771+0000] {logging_mixin.py:188} INFO - [2026-01-30T21:52:43.771+0000] {dagbag.py:545} INFO - Filling up the DagBag from /opt/airflow/dags/feature_store.py
[2026-01-30T21:52:45.610+0000] {logging_mixin.py:188} WARNING - /opt/airflow/dags/feature_store.py:64 RemovedInAirflow3Warning: Param `schedule_interval` is deprecated and will be removed in a future release. Please use `schedule` instead.
[2026-01-30T21:52:45.614+0000] {processor.py:840} INFO - DAG(s) 'feature_store_cre' retrieved from /opt/airflow/dags/feature_store.py
[2026-01-30T21:52:45.630+0000] {logging_mixin.py:188} INFO - [2026-01-30T21:52:45.630+0000] {dag.py:3096} INFO - Sync 1 DAGs
[2026-01-30T21:52:45.642+0000] {logging_mixin.py:188} INFO - [2026-01-30T21:52:45.642+0000] {dag.py:3954} INFO - Setting next_dagrun for feature_store_cre to 2026-01-29 00:00:00+00:00, run_after=2026-01-30 00:00:00+00:00
[2026-01-30T21:52:45.656+0000] {processor.py:183} INFO - Processing /opt/airflow/dags/feature_store.py took 1.904 seconds
[2026-01-30T21:53:16.766+0000] {processor.py:161} INFO - Started process (PID=6871) to work on /opt/airflow/dags/feature_store.py
[2026-01-30T21:53:16.768+0000] {processor.py:830} INFO - Processing file /opt/airflow/dags/feature_store.py for tasks to queue
[2026-01-30T21:53:16.773+0000] {logging_mixin.py:188} INFO - [2026-01-30T21:53:16.772+0000] {dagbag.py:545} INFO - Filling up the DagBag from /opt/airflow/dags/feature_store.py
[2026-01-30T21:53:20.453+0000] {logging_mixin.py:188} WARNING - /opt/airflow/dags/feature_store.py:64 RemovedInAirflow3Warning: Param `schedule_interval` is deprecated and will be removed in a future release. Please use `schedule` instead.
[2026-01-30T21:53:20.458+0000] {processor.py:840} INFO - DAG(s) 'feature_store_cre' retrieved from /opt/airflow/dags/feature_store.py
[2026-01-30T21:53:20.486+0000] {logging_mixin.py:188} INFO - [2026-01-30T21:53:20.486+0000] {dag.py:3096} INFO - Sync 1 DAGs
[2026-01-30T21:53:20.506+0000] {logging_mixin.py:188} INFO - [2026-01-30T21:53:20.505+0000] {dag.py:3954} INFO - Setting next_dagrun for feature_store_cre to 2026-01-29 00:00:00+00:00, run_after=2026-01-30 00:00:00+00:00
[2026-01-30T21:53:20.526+0000] {processor.py:183} INFO - Processing /opt/airflow/dags/feature_store.py took 3.775 seconds
[2026-01-30T21:53:50.586+0000] {processor.py:161} INFO - Started process (PID=6917) to work on /opt/airflow/dags/feature_store.py
[2026-01-30T21:53:50.586+0000] {processor.py:830} INFO - Processing file /opt/airflow/dags/feature_store.py for tasks to queue
[2026-01-30T21:53:50.588+0000] {logging_mixin.py:188} INFO - [2026-01-30T21:53:50.588+0000] {dagbag.py:545} INFO - Filling up the DagBag from /opt/airflow/dags/feature_store.py
[2026-01-30T21:53:52.265+0000] {logging_mixin.py:188} WARNING - /opt/airflow/dags/feature_store.py:64 RemovedInAirflow3Warning: Param `schedule_interval` is deprecated and will be removed in a future release. Please use `schedule` instead.
[2026-01-30T21:53:52.270+0000] {processor.py:840} INFO - DAG(s) 'feature_store_cre' retrieved from /opt/airflow/dags/feature_store.py
[2026-01-30T21:53:52.292+0000] {logging_mixin.py:188} INFO - [2026-01-30T21:53:52.291+0000] {dag.py:3096} INFO - Sync 1 DAGs
[2026-01-30T21:53:52.313+0000] {logging_mixin.py:188} INFO - [2026-01-30T21:53:52.312+0000] {dag.py:3954} INFO - Setting next_dagrun for feature_store_cre to 2026-01-29 00:00:00+00:00, run_after=2026-01-30 00:00:00+00:00
[2026-01-30T21:53:52.334+0000] {processor.py:183} INFO - Processing /opt/airflow/dags/feature_store.py took 1.753 seconds
[2026-01-30T21:54:22.650+0000] {processor.py:161} INFO - Started process (PID=6961) to work on /opt/airflow/dags/feature_store.py
[2026-01-30T21:54:22.651+0000] {processor.py:830} INFO - Processing file /opt/airflow/dags/feature_store.py for tasks to queue
[2026-01-30T21:54:22.652+0000] {logging_mixin.py:188} INFO - [2026-01-30T21:54:22.652+0000] {dagbag.py:545} INFO - Filling up the DagBag from /opt/airflow/dags/feature_store.py
[2026-01-30T21:54:25.318+0000] {logging_mixin.py:188} WARNING - /opt/airflow/dags/feature_store.py:64 RemovedInAirflow3Warning: Param `schedule_interval` is deprecated and will be removed in a future release. Please use `schedule` instead.
[2026-01-30T21:54:25.325+0000] {processor.py:840} INFO - DAG(s) 'feature_store_cre' retrieved from /opt/airflow/dags/feature_store.py
[2026-01-30T21:54:25.351+0000] {logging_mixin.py:188} INFO - [2026-01-30T21:54:25.351+0000] {dag.py:3096} INFO - Sync 1 DAGs
[2026-01-30T21:54:25.375+0000] {logging_mixin.py:188} INFO - [2026-01-30T21:54:25.375+0000] {dag.py:3954} INFO - Setting next_dagrun for feature_store_cre to 2026-01-29 00:00:00+00:00, run_after=2026-01-30 00:00:00+00:00
[2026-01-30T21:54:25.402+0000] {processor.py:183} INFO - Processing /opt/airflow/dags/feature_store.py took 2.756 seconds
[2026-01-30T21:54:55.613+0000] {processor.py:161} INFO - Started process (PID=7014) to work on /opt/airflow/dags/feature_store.py
[2026-01-30T21:54:55.614+0000] {processor.py:830} INFO - Processing file /opt/airflow/dags/feature_store.py for tasks to queue
[2026-01-30T21:54:55.616+0000] {logging_mixin.py:188} INFO - [2026-01-30T21:54:55.616+0000] {dagbag.py:545} INFO - Filling up the DagBag from /opt/airflow/dags/feature_store.py
[2026-01-30T21:54:56.953+0000] {logging_mixin.py:188} WARNING - /opt/airflow/dags/feature_store.py:64 RemovedInAirflow3Warning: Param `schedule_interval` is deprecated and will be removed in a future release. Please use `schedule` instead.
[2026-01-30T21:54:56.957+0000] {processor.py:840} INFO - DAG(s) 'feature_store_cre' retrieved from /opt/airflow/dags/feature_store.py
[2026-01-30T21:54:56.971+0000] {logging_mixin.py:188} INFO - [2026-01-30T21:54:56.970+0000] {dag.py:3096} INFO - Sync 1 DAGs
[2026-01-30T21:54:56.983+0000] {logging_mixin.py:188} INFO - [2026-01-30T21:54:56.983+0000] {dag.py:3954} INFO - Setting next_dagrun for feature_store_cre to 2026-01-29 00:00:00+00:00, run_after=2026-01-30 00:00:00+00:00
[2026-01-30T21:54:56.996+0000] {processor.py:183} INFO - Processing /opt/airflow/dags/feature_store.py took 1.387 seconds
[2026-01-30T21:55:28.034+0000] {processor.py:161} INFO - Started process (PID=7055) to work on /opt/airflow/dags/feature_store.py
[2026-01-30T21:55:28.034+0000] {processor.py:830} INFO - Processing file /opt/airflow/dags/feature_store.py for tasks to queue
[2026-01-30T21:55:28.035+0000] {logging_mixin.py:188} INFO - [2026-01-30T21:55:28.035+0000] {dagbag.py:545} INFO - Filling up the DagBag from /opt/airflow/dags/feature_store.py
[2026-01-30T21:55:29.322+0000] {logging_mixin.py:188} WARNING - /opt/airflow/dags/feature_store.py:64 RemovedInAirflow3Warning: Param `schedule_interval` is deprecated and will be removed in a future release. Please use `schedule` instead.
[2026-01-30T21:55:29.327+0000] {processor.py:840} INFO - DAG(s) 'feature_store_cre' retrieved from /opt/airflow/dags/feature_store.py
[2026-01-30T21:55:29.341+0000] {logging_mixin.py:188} INFO - [2026-01-30T21:55:29.341+0000] {dag.py:3096} INFO - Sync 1 DAGs
[2026-01-30T21:55:29.355+0000] {logging_mixin.py:188} INFO - [2026-01-30T21:55:29.355+0000] {dag.py:3954} INFO - Setting next_dagrun for feature_store_cre to 2026-01-29 00:00:00+00:00, run_after=2026-01-30 00:00:00+00:00
[2026-01-30T21:55:29.461+0000] {processor.py:183} INFO - Processing /opt/airflow/dags/feature_store.py took 1.432 seconds
[2026-01-30T21:56:01.045+0000] {processor.py:161} INFO - Started process (PID=7108) to work on /opt/airflow/dags/feature_store.py
[2026-01-30T21:56:01.047+0000] {processor.py:830} INFO - Processing file /opt/airflow/dags/feature_store.py for tasks to queue
[2026-01-30T21:56:01.048+0000] {logging_mixin.py:188} INFO - [2026-01-30T21:56:01.048+0000] {dagbag.py:545} INFO - Filling up the DagBag from /opt/airflow/dags/feature_store.py
[2026-01-30T21:56:02.297+0000] {logging_mixin.py:188} WARNING - /opt/airflow/dags/feature_store.py:64 RemovedInAirflow3Warning: Param `schedule_interval` is deprecated and will be removed in a future release. Please use `schedule` instead.
[2026-01-30T21:56:02.300+0000] {processor.py:840} INFO - DAG(s) 'feature_store_cre' retrieved from /opt/airflow/dags/feature_store.py
[2026-01-30T21:56:02.315+0000] {logging_mixin.py:188} INFO - [2026-01-30T21:56:02.315+0000] {dag.py:3096} INFO - Sync 1 DAGs
[2026-01-30T21:56:02.329+0000] {logging_mixin.py:188} INFO - [2026-01-30T21:56:02.329+0000] {dag.py:3954} INFO - Setting next_dagrun for feature_store_cre to 2026-01-29 00:00:00+00:00, run_after=2026-01-30 00:00:00+00:00
[2026-01-30T21:56:02.343+0000] {processor.py:183} INFO - Processing /opt/airflow/dags/feature_store.py took 1.302 seconds
[2026-01-30T21:56:34.036+0000] {processor.py:161} INFO - Started process (PID=7149) to work on /opt/airflow/dags/feature_store.py
[2026-01-30T21:56:34.038+0000] {processor.py:830} INFO - Processing file /opt/airflow/dags/feature_store.py for tasks to queue
[2026-01-30T21:56:34.042+0000] {logging_mixin.py:188} INFO - [2026-01-30T21:56:34.041+0000] {dagbag.py:545} INFO - Filling up the DagBag from /opt/airflow/dags/feature_store.py
[2026-01-30T21:56:35.463+0000] {logging_mixin.py:188} WARNING - /opt/airflow/dags/feature_store.py:64 RemovedInAirflow3Warning: Param `schedule_interval` is deprecated and will be removed in a future release. Please use `schedule` instead.
[2026-01-30T21:56:35.467+0000] {processor.py:840} INFO - DAG(s) 'feature_store_cre' retrieved from /opt/airflow/dags/feature_store.py
[2026-01-30T21:56:35.482+0000] {logging_mixin.py:188} INFO - [2026-01-30T21:56:35.482+0000] {dag.py:3096} INFO - Sync 1 DAGs
[2026-01-30T21:56:35.493+0000] {logging_mixin.py:188} INFO - [2026-01-30T21:56:35.492+0000] {dag.py:3954} INFO - Setting next_dagrun for feature_store_cre to 2026-01-29 00:00:00+00:00, run_after=2026-01-30 00:00:00+00:00
[2026-01-30T21:56:35.509+0000] {processor.py:183} INFO - Processing /opt/airflow/dags/feature_store.py took 1.480 seconds
[2026-01-30T21:57:07.027+0000] {processor.py:161} INFO - Started process (PID=7202) to work on /opt/airflow/dags/feature_store.py
[2026-01-30T21:57:07.029+0000] {processor.py:830} INFO - Processing file /opt/airflow/dags/feature_store.py for tasks to queue
[2026-01-30T21:57:07.030+0000] {logging_mixin.py:188} INFO - [2026-01-30T21:57:07.030+0000] {dagbag.py:545} INFO - Filling up the DagBag from /opt/airflow/dags/feature_store.py
[2026-01-30T21:57:08.277+0000] {logging_mixin.py:188} WARNING - /opt/airflow/dags/feature_store.py:64 RemovedInAirflow3Warning: Param `schedule_interval` is deprecated and will be removed in a future release. Please use `schedule` instead.
[2026-01-30T21:57:08.280+0000] {processor.py:840} INFO - DAG(s) 'feature_store_cre' retrieved from /opt/airflow/dags/feature_store.py
[2026-01-30T21:57:08.294+0000] {logging_mixin.py:188} INFO - [2026-01-30T21:57:08.293+0000] {dag.py:3096} INFO - Sync 1 DAGs
[2026-01-30T21:57:08.306+0000] {logging_mixin.py:188} INFO - [2026-01-30T21:57:08.306+0000] {dag.py:3954} INFO - Setting next_dagrun for feature_store_cre to 2026-01-29 00:00:00+00:00, run_after=2026-01-30 00:00:00+00:00
[2026-01-30T21:57:08.319+0000] {processor.py:183} INFO - Processing /opt/airflow/dags/feature_store.py took 1.296 seconds
[2026-01-30T21:57:39.825+0000] {processor.py:161} INFO - Started process (PID=7243) to work on /opt/airflow/dags/feature_store.py
[2026-01-30T21:57:39.825+0000] {processor.py:830} INFO - Processing file /opt/airflow/dags/feature_store.py for tasks to queue
[2026-01-30T21:57:39.827+0000] {logging_mixin.py:188} INFO - [2026-01-30T21:57:39.826+0000] {dagbag.py:545} INFO - Filling up the DagBag from /opt/airflow/dags/feature_store.py
[2026-01-30T21:57:41.272+0000] {logging_mixin.py:188} WARNING - /opt/airflow/dags/feature_store.py:64 RemovedInAirflow3Warning: Param `schedule_interval` is deprecated and will be removed in a future release. Please use `schedule` instead.
[2026-01-30T21:57:41.275+0000] {processor.py:840} INFO - DAG(s) 'feature_store_cre' retrieved from /opt/airflow/dags/feature_store.py
[2026-01-30T21:57:41.289+0000] {logging_mixin.py:188} INFO - [2026-01-30T21:57:41.289+0000] {dag.py:3096} INFO - Sync 1 DAGs
[2026-01-30T21:57:41.302+0000] {logging_mixin.py:188} INFO - [2026-01-30T21:57:41.302+0000] {dag.py:3954} INFO - Setting next_dagrun for feature_store_cre to 2026-01-29 00:00:00+00:00, run_after=2026-01-30 00:00:00+00:00
[2026-01-30T21:57:41.316+0000] {processor.py:183} INFO - Processing /opt/airflow/dags/feature_store.py took 1.495 seconds
[2026-01-30T21:58:12.945+0000] {processor.py:161} INFO - Started process (PID=7290) to work on /opt/airflow/dags/feature_store.py
[2026-01-30T21:58:12.946+0000] {processor.py:830} INFO - Processing file /opt/airflow/dags/feature_store.py for tasks to queue
[2026-01-30T21:58:12.948+0000] {logging_mixin.py:188} INFO - [2026-01-30T21:58:12.947+0000] {dagbag.py:545} INFO - Filling up the DagBag from /opt/airflow/dags/feature_store.py
[2026-01-30T21:58:14.283+0000] {logging_mixin.py:188} WARNING - /opt/airflow/dags/feature_store.py:64 RemovedInAirflow3Warning: Param `schedule_interval` is deprecated and will be removed in a future release. Please use `schedule` instead.
[2026-01-30T21:58:14.286+0000] {processor.py:840} INFO - DAG(s) 'feature_store_cre' retrieved from /opt/airflow/dags/feature_store.py
[2026-01-30T21:58:14.301+0000] {logging_mixin.py:188} INFO - [2026-01-30T21:58:14.300+0000] {dag.py:3096} INFO - Sync 1 DAGs
[2026-01-30T21:58:14.313+0000] {logging_mixin.py:188} INFO - [2026-01-30T21:58:14.313+0000] {dag.py:3954} INFO - Setting next_dagrun for feature_store_cre to 2026-01-29 00:00:00+00:00, run_after=2026-01-30 00:00:00+00:00
[2026-01-30T21:58:14.330+0000] {processor.py:183} INFO - Processing /opt/airflow/dags/feature_store.py took 1.390 seconds
[2026-01-30T21:58:45.607+0000] {processor.py:161} INFO - Started process (PID=7343) to work on /opt/airflow/dags/feature_store.py
[2026-01-30T21:58:45.608+0000] {processor.py:830} INFO - Processing file /opt/airflow/dags/feature_store.py for tasks to queue
[2026-01-30T21:58:45.609+0000] {logging_mixin.py:188} INFO - [2026-01-30T21:58:45.609+0000] {dagbag.py:545} INFO - Filling up the DagBag from /opt/airflow/dags/feature_store.py
[2026-01-30T21:58:47.083+0000] {logging_mixin.py:188} WARNING - /opt/airflow/dags/feature_store.py:64 RemovedInAirflow3Warning: Param `schedule_interval` is deprecated and will be removed in a future release. Please use `schedule` instead.
[2026-01-30T21:58:47.086+0000] {processor.py:840} INFO - DAG(s) 'feature_store_cre' retrieved from /opt/airflow/dags/feature_store.py
[2026-01-30T21:58:47.103+0000] {logging_mixin.py:188} INFO - [2026-01-30T21:58:47.102+0000] {dag.py:3096} INFO - Sync 1 DAGs
[2026-01-30T21:58:47.117+0000] {logging_mixin.py:188} INFO - [2026-01-30T21:58:47.117+0000] {dag.py:3954} INFO - Setting next_dagrun for feature_store_cre to 2026-01-29 00:00:00+00:00, run_after=2026-01-30 00:00:00+00:00
[2026-01-30T21:58:47.134+0000] {processor.py:183} INFO - Processing /opt/airflow/dags/feature_store.py took 1.531 seconds
[2026-01-30T21:59:18.861+0000] {processor.py:161} INFO - Started process (PID=7394) to work on /opt/airflow/dags/feature_store.py
[2026-01-30T21:59:18.863+0000] {processor.py:830} INFO - Processing file /opt/airflow/dags/feature_store.py for tasks to queue
[2026-01-30T21:59:18.867+0000] {logging_mixin.py:188} INFO - [2026-01-30T21:59:18.866+0000] {dagbag.py:545} INFO - Filling up the DagBag from /opt/airflow/dags/feature_store.py
[2026-01-30T21:59:21.525+0000] {logging_mixin.py:188} WARNING - /opt/airflow/dags/feature_store.py:64 RemovedInAirflow3Warning: Param `schedule_interval` is deprecated and will be removed in a future release. Please use `schedule` instead.
[2026-01-30T21:59:21.529+0000] {processor.py:840} INFO - DAG(s) 'feature_store_cre' retrieved from /opt/airflow/dags/feature_store.py
[2026-01-30T21:59:21.554+0000] {logging_mixin.py:188} INFO - [2026-01-30T21:59:21.554+0000] {dag.py:3096} INFO - Sync 1 DAGs
[2026-01-30T21:59:21.578+0000] {logging_mixin.py:188} INFO - [2026-01-30T21:59:21.578+0000] {dag.py:3954} INFO - Setting next_dagrun for feature_store_cre to 2026-01-29 00:00:00+00:00, run_after=2026-01-30 00:00:00+00:00
[2026-01-30T21:59:21.604+0000] {processor.py:183} INFO - Processing /opt/airflow/dags/feature_store.py took 2.749 seconds
[2026-01-30T21:59:51.881+0000] {processor.py:161} INFO - Started process (PID=7437) to work on /opt/airflow/dags/feature_store.py
[2026-01-30T21:59:51.883+0000] {processor.py:830} INFO - Processing file /opt/airflow/dags/feature_store.py for tasks to queue
[2026-01-30T21:59:51.885+0000] {logging_mixin.py:188} INFO - [2026-01-30T21:59:51.884+0000] {dagbag.py:545} INFO - Filling up the DagBag from /opt/airflow/dags/feature_store.py
[2026-01-30T21:59:53.900+0000] {logging_mixin.py:188} WARNING - /opt/airflow/dags/feature_store.py:64 RemovedInAirflow3Warning: Param `schedule_interval` is deprecated and will be removed in a future release. Please use `schedule` instead.
[2026-01-30T21:59:53.905+0000] {processor.py:840} INFO - DAG(s) 'feature_store_cre' retrieved from /opt/airflow/dags/feature_store.py
[2026-01-30T21:59:53.943+0000] {logging_mixin.py:188} INFO - [2026-01-30T21:59:53.942+0000] {dag.py:3096} INFO - Sync 1 DAGs
[2026-01-30T21:59:53.990+0000] {logging_mixin.py:188} INFO - [2026-01-30T21:59:53.990+0000] {dag.py:3954} INFO - Setting next_dagrun for feature_store_cre to 2026-01-29 00:00:00+00:00, run_after=2026-01-30 00:00:00+00:00
[2026-01-30T21:59:54.026+0000] {processor.py:183} INFO - Processing /opt/airflow/dags/feature_store.py took 2.150 seconds
[2026-01-30T22:00:24.541+0000] {processor.py:161} INFO - Started process (PID=7478) to work on /opt/airflow/dags/feature_store.py
[2026-01-30T22:00:24.543+0000] {processor.py:830} INFO - Processing file /opt/airflow/dags/feature_store.py for tasks to queue
[2026-01-30T22:00:24.544+0000] {logging_mixin.py:188} INFO - [2026-01-30T22:00:24.544+0000] {dagbag.py:545} INFO - Filling up the DagBag from /opt/airflow/dags/feature_store.py
[2026-01-30T22:00:26.532+0000] {logging_mixin.py:188} WARNING - /opt/airflow/dags/feature_store.py:64 RemovedInAirflow3Warning: Param `schedule_interval` is deprecated and will be removed in a future release. Please use `schedule` instead.
[2026-01-30T22:00:26.538+0000] {processor.py:840} INFO - DAG(s) 'feature_store_cre' retrieved from /opt/airflow/dags/feature_store.py
[2026-01-30T22:00:26.563+0000] {logging_mixin.py:188} INFO - [2026-01-30T22:00:26.563+0000] {dag.py:3096} INFO - Sync 1 DAGs
[2026-01-30T22:00:26.584+0000] {logging_mixin.py:188} INFO - [2026-01-30T22:00:26.584+0000] {dag.py:3954} INFO - Setting next_dagrun for feature_store_cre to 2026-01-29 00:00:00+00:00, run_after=2026-01-30 00:00:00+00:00
[2026-01-30T22:00:26.609+0000] {processor.py:183} INFO - Processing /opt/airflow/dags/feature_store.py took 2.073 seconds
[2026-01-30T22:00:57.544+0000] {processor.py:161} INFO - Started process (PID=7531) to work on /opt/airflow/dags/feature_store.py
[2026-01-30T22:00:57.545+0000] {processor.py:830} INFO - Processing file /opt/airflow/dags/feature_store.py for tasks to queue
[2026-01-30T22:00:57.547+0000] {logging_mixin.py:188} INFO - [2026-01-30T22:00:57.547+0000] {dagbag.py:545} INFO - Filling up the DagBag from /opt/airflow/dags/feature_store.py
[2026-01-30T22:00:59.425+0000] {logging_mixin.py:188} WARNING - /opt/airflow/dags/feature_store.py:64 RemovedInAirflow3Warning: Param `schedule_interval` is deprecated and will be removed in a future release. Please use `schedule` instead.
[2026-01-30T22:00:59.430+0000] {processor.py:840} INFO - DAG(s) 'feature_store_cre' retrieved from /opt/airflow/dags/feature_store.py
[2026-01-30T22:00:59.456+0000] {logging_mixin.py:188} INFO - [2026-01-30T22:00:59.456+0000] {dag.py:3096} INFO - Sync 1 DAGs
[2026-01-30T22:00:59.477+0000] {logging_mixin.py:188} INFO - [2026-01-30T22:00:59.477+0000] {dag.py:3954} INFO - Setting next_dagrun for feature_store_cre to 2026-01-29 00:00:00+00:00, run_after=2026-01-30 00:00:00+00:00
[2026-01-30T22:00:59.500+0000] {processor.py:183} INFO - Processing /opt/airflow/dags/feature_store.py took 1.962 seconds
[2026-01-30T22:01:30.597+0000] {processor.py:161} INFO - Started process (PID=7572) to work on /opt/airflow/dags/feature_store.py
[2026-01-30T22:01:30.598+0000] {processor.py:830} INFO - Processing file /opt/airflow/dags/feature_store.py for tasks to queue
[2026-01-30T22:01:30.599+0000] {logging_mixin.py:188} INFO - [2026-01-30T22:01:30.599+0000] {dagbag.py:545} INFO - Filling up the DagBag from /opt/airflow/dags/feature_store.py
[2026-01-30T22:01:32.424+0000] {logging_mixin.py:188} WARNING - /opt/airflow/dags/feature_store.py:64 RemovedInAirflow3Warning: Param `schedule_interval` is deprecated and will be removed in a future release. Please use `schedule` instead.
[2026-01-30T22:01:32.431+0000] {processor.py:840} INFO - DAG(s) 'feature_store_cre' retrieved from /opt/airflow/dags/feature_store.py
[2026-01-30T22:01:32.454+0000] {logging_mixin.py:188} INFO - [2026-01-30T22:01:32.453+0000] {dag.py:3096} INFO - Sync 1 DAGs
[2026-01-30T22:01:32.472+0000] {logging_mixin.py:188} INFO - [2026-01-30T22:01:32.472+0000] {dag.py:3954} INFO - Setting next_dagrun for feature_store_cre to 2026-01-29 00:00:00+00:00, run_after=2026-01-30 00:00:00+00:00
[2026-01-30T22:01:32.493+0000] {processor.py:183} INFO - Processing /opt/airflow/dags/feature_store.py took 1.901 seconds
[2026-01-30T22:02:03.415+0000] {processor.py:161} INFO - Started process (PID=7625) to work on /opt/airflow/dags/feature_store.py
[2026-01-30T22:02:03.415+0000] {processor.py:830} INFO - Processing file /opt/airflow/dags/feature_store.py for tasks to queue
[2026-01-30T22:02:03.417+0000] {logging_mixin.py:188} INFO - [2026-01-30T22:02:03.416+0000] {dagbag.py:545} INFO - Filling up the DagBag from /opt/airflow/dags/feature_store.py
[2026-01-30T22:02:05.362+0000] {logging_mixin.py:188} WARNING - /opt/airflow/dags/feature_store.py:64 RemovedInAirflow3Warning: Param `schedule_interval` is deprecated and will be removed in a future release. Please use `schedule` instead.
[2026-01-30T22:02:05.366+0000] {processor.py:840} INFO - DAG(s) 'feature_store_cre' retrieved from /opt/airflow/dags/feature_store.py
[2026-01-30T22:02:05.392+0000] {logging_mixin.py:188} INFO - [2026-01-30T22:02:05.391+0000] {dag.py:3096} INFO - Sync 1 DAGs
[2026-01-30T22:02:05.411+0000] {logging_mixin.py:188} INFO - [2026-01-30T22:02:05.411+0000] {dag.py:3954} INFO - Setting next_dagrun for feature_store_cre to 2026-01-29 00:00:00+00:00, run_after=2026-01-30 00:00:00+00:00
[2026-01-30T22:02:05.434+0000] {processor.py:183} INFO - Processing /opt/airflow/dags/feature_store.py took 2.024 seconds
[2026-01-30T22:02:36.387+0000] {processor.py:161} INFO - Started process (PID=7672) to work on /opt/airflow/dags/feature_store.py
[2026-01-30T22:02:36.389+0000] {processor.py:830} INFO - Processing file /opt/airflow/dags/feature_store.py for tasks to queue
[2026-01-30T22:02:36.390+0000] {logging_mixin.py:188} INFO - [2026-01-30T22:02:36.390+0000] {dagbag.py:545} INFO - Filling up the DagBag from /opt/airflow/dags/feature_store.py
[2026-01-30T22:02:38.514+0000] {logging_mixin.py:188} WARNING - /opt/airflow/dags/feature_store.py:64 RemovedInAirflow3Warning: Param `schedule_interval` is deprecated and will be removed in a future release. Please use `schedule` instead.
[2026-01-30T22:02:38.522+0000] {processor.py:840} INFO - DAG(s) 'feature_store_cre' retrieved from /opt/airflow/dags/feature_store.py
[2026-01-30T22:02:38.549+0000] {logging_mixin.py:188} INFO - [2026-01-30T22:02:38.549+0000] {dag.py:3096} INFO - Sync 1 DAGs
[2026-01-30T22:02:38.570+0000] {logging_mixin.py:188} INFO - [2026-01-30T22:02:38.570+0000] {dag.py:3954} INFO - Setting next_dagrun for feature_store_cre to 2026-01-29 00:00:00+00:00, run_after=2026-01-30 00:00:00+00:00
[2026-01-30T22:02:38.596+0000] {processor.py:183} INFO - Processing /opt/airflow/dags/feature_store.py took 2.214 seconds
[2026-01-30T22:03:09.054+0000] {processor.py:161} INFO - Started process (PID=7714) to work on /opt/airflow/dags/feature_store.py
[2026-01-30T22:03:09.054+0000] {processor.py:830} INFO - Processing file /opt/airflow/dags/feature_store.py for tasks to queue
[2026-01-30T22:03:09.055+0000] {logging_mixin.py:188} INFO - [2026-01-30T22:03:09.055+0000] {dagbag.py:545} INFO - Filling up the DagBag from /opt/airflow/dags/feature_store.py
[2026-01-30T22:03:10.373+0000] {logging_mixin.py:188} WARNING - /opt/airflow/dags/feature_store.py:64 RemovedInAirflow3Warning: Param `schedule_interval` is deprecated and will be removed in a future release. Please use `schedule` instead.
[2026-01-30T22:03:10.376+0000] {processor.py:840} INFO - DAG(s) 'feature_store_cre' retrieved from /opt/airflow/dags/feature_store.py
[2026-01-30T22:03:10.390+0000] {logging_mixin.py:188} INFO - [2026-01-30T22:03:10.390+0000] {dag.py:3096} INFO - Sync 1 DAGs
[2026-01-30T22:03:10.402+0000] {logging_mixin.py:188} INFO - [2026-01-30T22:03:10.402+0000] {dag.py:3954} INFO - Setting next_dagrun for feature_store_cre to 2026-01-29 00:00:00+00:00, run_after=2026-01-30 00:00:00+00:00
[2026-01-30T22:03:10.415+0000] {processor.py:183} INFO - Processing /opt/airflow/dags/feature_store.py took 1.366 seconds
[2026-01-30T22:03:41.953+0000] {processor.py:161} INFO - Started process (PID=7762) to work on /opt/airflow/dags/feature_store.py
[2026-01-30T22:03:41.954+0000] {processor.py:830} INFO - Processing file /opt/airflow/dags/feature_store.py for tasks to queue
[2026-01-30T22:03:41.955+0000] {logging_mixin.py:188} INFO - [2026-01-30T22:03:41.955+0000] {dagbag.py:545} INFO - Filling up the DagBag from /opt/airflow/dags/feature_store.py
[2026-01-30T22:03:43.326+0000] {logging_mixin.py:188} WARNING - /opt/airflow/dags/feature_store.py:64 RemovedInAirflow3Warning: Param `schedule_interval` is deprecated and will be removed in a future release. Please use `schedule` instead.
[2026-01-30T22:03:43.329+0000] {processor.py:840} INFO - DAG(s) 'feature_store_cre' retrieved from /opt/airflow/dags/feature_store.py
[2026-01-30T22:03:43.346+0000] {logging_mixin.py:188} INFO - [2026-01-30T22:03:43.345+0000] {dag.py:3096} INFO - Sync 1 DAGs
[2026-01-30T22:03:43.363+0000] {logging_mixin.py:188} INFO - [2026-01-30T22:03:43.363+0000] {dag.py:3954} INFO - Setting next_dagrun for feature_store_cre to 2026-01-29 00:00:00+00:00, run_after=2026-01-30 00:00:00+00:00
[2026-01-30T22:03:43.380+0000] {processor.py:183} INFO - Processing /opt/airflow/dags/feature_store.py took 1.431 seconds
[2026-01-30T22:04:15.451+0000] {processor.py:161} INFO - Started process (PID=7812) to work on /opt/airflow/dags/feature_store.py
[2026-01-30T22:04:15.452+0000] {processor.py:830} INFO - Processing file /opt/airflow/dags/feature_store.py for tasks to queue
[2026-01-30T22:04:15.453+0000] {logging_mixin.py:188} INFO - [2026-01-30T22:04:15.453+0000] {dagbag.py:545} INFO - Filling up the DagBag from /opt/airflow/dags/feature_store.py
[2026-01-30T22:04:16.955+0000] {logging_mixin.py:188} WARNING - /opt/airflow/dags/feature_store.py:64 RemovedInAirflow3Warning: Param `schedule_interval` is deprecated and will be removed in a future release. Please use `schedule` instead.
[2026-01-30T22:04:16.958+0000] {processor.py:840} INFO - DAG(s) 'feature_store_cre' retrieved from /opt/airflow/dags/feature_store.py
[2026-01-30T22:04:16.973+0000] {logging_mixin.py:188} INFO - [2026-01-30T22:04:16.972+0000] {dag.py:3096} INFO - Sync 1 DAGs
[2026-01-30T22:04:16.986+0000] {logging_mixin.py:188} INFO - [2026-01-30T22:04:16.985+0000] {dag.py:3954} INFO - Setting next_dagrun for feature_store_cre to 2026-01-29 00:00:00+00:00, run_after=2026-01-30 00:00:00+00:00
[2026-01-30T22:04:17.003+0000] {processor.py:183} INFO - Processing /opt/airflow/dags/feature_store.py took 1.556 seconds
[2026-01-30T22:04:47.946+0000] {processor.py:161} INFO - Started process (PID=7858) to work on /opt/airflow/dags/feature_store.py
[2026-01-30T22:04:47.947+0000] {processor.py:830} INFO - Processing file /opt/airflow/dags/feature_store.py for tasks to queue
[2026-01-30T22:04:47.948+0000] {logging_mixin.py:188} INFO - [2026-01-30T22:04:47.948+0000] {dagbag.py:545} INFO - Filling up the DagBag from /opt/airflow/dags/feature_store.py
[2026-01-30T22:04:49.341+0000] {logging_mixin.py:188} WARNING - /opt/airflow/dags/feature_store.py:64 RemovedInAirflow3Warning: Param `schedule_interval` is deprecated and will be removed in a future release. Please use `schedule` instead.
[2026-01-30T22:04:49.345+0000] {processor.py:840} INFO - DAG(s) 'feature_store_cre' retrieved from /opt/airflow/dags/feature_store.py
[2026-01-30T22:04:49.360+0000] {logging_mixin.py:188} INFO - [2026-01-30T22:04:49.360+0000] {dag.py:3096} INFO - Sync 1 DAGs
[2026-01-30T22:04:49.376+0000] {logging_mixin.py:188} INFO - [2026-01-30T22:04:49.375+0000] {dag.py:3954} INFO - Setting next_dagrun for feature_store_cre to 2026-01-29 00:00:00+00:00, run_after=2026-01-30 00:00:00+00:00
[2026-01-30T22:04:49.393+0000] {processor.py:183} INFO - Processing /opt/airflow/dags/feature_store.py took 1.451 seconds
