[2026-01-30T20:33:18.884+0000] {processor.py:161} INFO - Started process (PID=1671) to work on /opt/airflow/dags/predict.py
[2026-01-30T20:33:18.885+0000] {processor.py:830} INFO - Processing file /opt/airflow/dags/predict.py for tasks to queue
[2026-01-30T20:33:18.886+0000] {logging_mixin.py:188} INFO - [2026-01-30T20:33:18.885+0000] {dagbag.py:545} INFO - Filling up the DagBag from /opt/airflow/dags/predict.py
[2026-01-30T20:33:21.260+0000] {logging_mixin.py:188} WARNING - /opt/airflow/dags/predict.py:34 RemovedInAirflow3Warning: Function `days_ago` is deprecated and will be removed in Airflow 3.0. You can achieve equivalent behavior with `pendulum.today('UTC').add(days=-N, ...)`
[2026-01-30T20:33:21.262+0000] {logging_mixin.py:188} WARNING - /opt/airflow/dags/predict.py:29 RemovedInAirflow3Warning: Param `schedule_interval` is deprecated and will be removed in a future release. Please use `schedule` instead.
[2026-01-30T20:33:21.267+0000] {processor.py:840} INFO - DAG(s) 'ml_prediction_pipeline' retrieved from /opt/airflow/dags/predict.py
[2026-01-30T20:33:21.291+0000] {logging_mixin.py:188} INFO - [2026-01-30T20:33:21.291+0000] {dag.py:3096} INFO - Sync 1 DAGs
[2026-01-30T20:33:21.309+0000] {logging_mixin.py:188} INFO - [2026-01-30T20:33:21.309+0000] {dag.py:3954} INFO - Setting next_dagrun for ml_prediction_pipeline to 2026-01-29 00:00:00+00:00, run_after=2026-01-30 00:00:00+00:00
[2026-01-30T20:33:21.327+0000] {processor.py:183} INFO - Processing /opt/airflow/dags/predict.py took 2.448 seconds
[2026-01-30T20:33:51.766+0000] {processor.py:161} INFO - Started process (PID=1718) to work on /opt/airflow/dags/predict.py
[2026-01-30T20:33:51.767+0000] {processor.py:830} INFO - Processing file /opt/airflow/dags/predict.py for tasks to queue
[2026-01-30T20:33:51.767+0000] {logging_mixin.py:188} INFO - [2026-01-30T20:33:51.767+0000] {dagbag.py:545} INFO - Filling up the DagBag from /opt/airflow/dags/predict.py
[2026-01-30T20:33:53.590+0000] {logging_mixin.py:188} WARNING - /opt/airflow/dags/predict.py:34 RemovedInAirflow3Warning: Function `days_ago` is deprecated and will be removed in Airflow 3.0. You can achieve equivalent behavior with `pendulum.today('UTC').add(days=-N, ...)`
[2026-01-30T20:33:53.593+0000] {logging_mixin.py:188} WARNING - /opt/airflow/dags/predict.py:29 RemovedInAirflow3Warning: Param `schedule_interval` is deprecated and will be removed in a future release. Please use `schedule` instead.
[2026-01-30T20:33:53.596+0000] {processor.py:840} INFO - DAG(s) 'ml_prediction_pipeline' retrieved from /opt/airflow/dags/predict.py
[2026-01-30T20:33:53.614+0000] {logging_mixin.py:188} INFO - [2026-01-30T20:33:53.613+0000] {dag.py:3096} INFO - Sync 1 DAGs
[2026-01-30T20:33:53.626+0000] {logging_mixin.py:188} INFO - [2026-01-30T20:33:53.626+0000] {dag.py:3954} INFO - Setting next_dagrun for ml_prediction_pipeline to 2026-01-29 00:00:00+00:00, run_after=2026-01-30 00:00:00+00:00
[2026-01-30T20:33:53.642+0000] {processor.py:183} INFO - Processing /opt/airflow/dags/predict.py took 1.880 seconds
[2026-01-30T20:34:23.674+0000] {processor.py:161} INFO - Started process (PID=1765) to work on /opt/airflow/dags/predict.py
[2026-01-30T20:34:23.674+0000] {processor.py:830} INFO - Processing file /opt/airflow/dags/predict.py for tasks to queue
[2026-01-30T20:34:23.675+0000] {logging_mixin.py:188} INFO - [2026-01-30T20:34:23.675+0000] {dagbag.py:545} INFO - Filling up the DagBag from /opt/airflow/dags/predict.py
[2026-01-30T20:34:26.506+0000] {logging_mixin.py:188} WARNING - /opt/airflow/dags/predict.py:34 RemovedInAirflow3Warning: Function `days_ago` is deprecated and will be removed in Airflow 3.0. You can achieve equivalent behavior with `pendulum.today('UTC').add(days=-N, ...)`
[2026-01-30T20:34:26.509+0000] {logging_mixin.py:188} WARNING - /opt/airflow/dags/predict.py:29 RemovedInAirflow3Warning: Param `schedule_interval` is deprecated and will be removed in a future release. Please use `schedule` instead.
[2026-01-30T20:34:26.515+0000] {processor.py:840} INFO - DAG(s) 'ml_prediction_pipeline' retrieved from /opt/airflow/dags/predict.py
[2026-01-30T20:34:26.538+0000] {logging_mixin.py:188} INFO - [2026-01-30T20:34:26.538+0000] {dag.py:3096} INFO - Sync 1 DAGs
[2026-01-30T20:34:26.558+0000] {logging_mixin.py:188} INFO - [2026-01-30T20:34:26.558+0000] {dag.py:3954} INFO - Setting next_dagrun for ml_prediction_pipeline to 2026-01-29 00:00:00+00:00, run_after=2026-01-30 00:00:00+00:00
[2026-01-30T20:34:26.575+0000] {processor.py:183} INFO - Processing /opt/airflow/dags/predict.py took 2.909 seconds
[2026-01-30T20:34:56.735+0000] {processor.py:161} INFO - Started process (PID=1810) to work on /opt/airflow/dags/predict.py
[2026-01-30T20:34:56.736+0000] {processor.py:830} INFO - Processing file /opt/airflow/dags/predict.py for tasks to queue
[2026-01-30T20:34:56.737+0000] {logging_mixin.py:188} INFO - [2026-01-30T20:34:56.736+0000] {dagbag.py:545} INFO - Filling up the DagBag from /opt/airflow/dags/predict.py
[2026-01-30T20:34:59.475+0000] {logging_mixin.py:188} WARNING - /opt/airflow/dags/predict.py:34 RemovedInAirflow3Warning: Function `days_ago` is deprecated and will be removed in Airflow 3.0. You can achieve equivalent behavior with `pendulum.today('UTC').add(days=-N, ...)`
[2026-01-30T20:34:59.477+0000] {logging_mixin.py:188} WARNING - /opt/airflow/dags/predict.py:29 RemovedInAirflow3Warning: Param `schedule_interval` is deprecated and will be removed in a future release. Please use `schedule` instead.
[2026-01-30T20:34:59.483+0000] {processor.py:840} INFO - DAG(s) 'ml_prediction_pipeline' retrieved from /opt/airflow/dags/predict.py
[2026-01-30T20:34:59.506+0000] {logging_mixin.py:188} INFO - [2026-01-30T20:34:59.505+0000] {dag.py:3096} INFO - Sync 1 DAGs
[2026-01-30T20:34:59.523+0000] {logging_mixin.py:188} INFO - [2026-01-30T20:34:59.523+0000] {dag.py:3954} INFO - Setting next_dagrun for ml_prediction_pipeline to 2026-01-29 00:00:00+00:00, run_after=2026-01-30 00:00:00+00:00
[2026-01-30T20:34:59.542+0000] {processor.py:183} INFO - Processing /opt/airflow/dags/predict.py took 2.814 seconds
[2026-01-30T20:35:30.258+0000] {processor.py:161} INFO - Started process (PID=1857) to work on /opt/airflow/dags/predict.py
[2026-01-30T20:35:30.259+0000] {processor.py:830} INFO - Processing file /opt/airflow/dags/predict.py for tasks to queue
[2026-01-30T20:35:30.261+0000] {logging_mixin.py:188} INFO - [2026-01-30T20:35:30.260+0000] {dagbag.py:545} INFO - Filling up the DagBag from /opt/airflow/dags/predict.py
[2026-01-30T20:35:34.480+0000] {logging_mixin.py:188} WARNING - /opt/airflow/dags/predict.py:34 RemovedInAirflow3Warning: Function `days_ago` is deprecated and will be removed in Airflow 3.0. You can achieve equivalent behavior with `pendulum.today('UTC').add(days=-N, ...)`
[2026-01-30T20:35:34.482+0000] {logging_mixin.py:188} WARNING - /opt/airflow/dags/predict.py:29 RemovedInAirflow3Warning: Param `schedule_interval` is deprecated and will be removed in a future release. Please use `schedule` instead.
[2026-01-30T20:35:34.486+0000] {processor.py:840} INFO - DAG(s) 'ml_prediction_pipeline' retrieved from /opt/airflow/dags/predict.py
[2026-01-30T20:35:34.509+0000] {logging_mixin.py:188} INFO - [2026-01-30T20:35:34.508+0000] {dag.py:3096} INFO - Sync 1 DAGs
[2026-01-30T20:35:34.530+0000] {logging_mixin.py:188} INFO - [2026-01-30T20:35:34.530+0000] {dag.py:3954} INFO - Setting next_dagrun for ml_prediction_pipeline to 2026-01-29 00:00:00+00:00, run_after=2026-01-30 00:00:00+00:00
[2026-01-30T20:35:34.554+0000] {processor.py:183} INFO - Processing /opt/airflow/dags/predict.py took 4.309 seconds
[2026-01-30T20:36:04.635+0000] {processor.py:161} INFO - Started process (PID=1906) to work on /opt/airflow/dags/predict.py
[2026-01-30T20:36:04.637+0000] {processor.py:830} INFO - Processing file /opt/airflow/dags/predict.py for tasks to queue
[2026-01-30T20:36:04.638+0000] {logging_mixin.py:188} INFO - [2026-01-30T20:36:04.637+0000] {dagbag.py:545} INFO - Filling up the DagBag from /opt/airflow/dags/predict.py
[2026-01-30T20:36:07.545+0000] {logging_mixin.py:188} WARNING - /opt/airflow/dags/predict.py:34 RemovedInAirflow3Warning: Function `days_ago` is deprecated and will be removed in Airflow 3.0. You can achieve equivalent behavior with `pendulum.today('UTC').add(days=-N, ...)`
[2026-01-30T20:36:07.546+0000] {logging_mixin.py:188} WARNING - /opt/airflow/dags/predict.py:29 RemovedInAirflow3Warning: Param `schedule_interval` is deprecated and will be removed in a future release. Please use `schedule` instead.
[2026-01-30T20:36:07.552+0000] {processor.py:840} INFO - DAG(s) 'ml_prediction_pipeline' retrieved from /opt/airflow/dags/predict.py
[2026-01-30T20:36:07.580+0000] {logging_mixin.py:188} INFO - [2026-01-30T20:36:07.580+0000] {dag.py:3096} INFO - Sync 1 DAGs
[2026-01-30T20:36:07.603+0000] {logging_mixin.py:188} INFO - [2026-01-30T20:36:07.603+0000] {dag.py:3954} INFO - Setting next_dagrun for ml_prediction_pipeline to 2026-01-29 00:00:00+00:00, run_after=2026-01-30 00:00:00+00:00
[2026-01-30T20:36:07.627+0000] {processor.py:183} INFO - Processing /opt/airflow/dags/predict.py took 3.000 seconds
[2026-01-30T20:36:38.249+0000] {processor.py:161} INFO - Started process (PID=1951) to work on /opt/airflow/dags/predict.py
[2026-01-30T20:36:38.251+0000] {processor.py:830} INFO - Processing file /opt/airflow/dags/predict.py for tasks to queue
[2026-01-30T20:36:38.253+0000] {logging_mixin.py:188} INFO - [2026-01-30T20:36:38.252+0000] {dagbag.py:545} INFO - Filling up the DagBag from /opt/airflow/dags/predict.py
[2026-01-30T20:36:41.284+0000] {logging_mixin.py:188} WARNING - /opt/airflow/dags/predict.py:34 RemovedInAirflow3Warning: Function `days_ago` is deprecated and will be removed in Airflow 3.0. You can achieve equivalent behavior with `pendulum.today('UTC').add(days=-N, ...)`
[2026-01-30T20:36:41.285+0000] {logging_mixin.py:188} WARNING - /opt/airflow/dags/predict.py:29 RemovedInAirflow3Warning: Param `schedule_interval` is deprecated and will be removed in a future release. Please use `schedule` instead.
[2026-01-30T20:36:41.289+0000] {processor.py:840} INFO - DAG(s) 'ml_prediction_pipeline' retrieved from /opt/airflow/dags/predict.py
[2026-01-30T20:36:41.306+0000] {logging_mixin.py:188} INFO - [2026-01-30T20:36:41.306+0000] {dag.py:3096} INFO - Sync 1 DAGs
[2026-01-30T20:36:41.331+0000] {logging_mixin.py:188} INFO - [2026-01-30T20:36:41.331+0000] {dag.py:3954} INFO - Setting next_dagrun for ml_prediction_pipeline to 2026-01-29 00:00:00+00:00, run_after=2026-01-30 00:00:00+00:00
[2026-01-30T20:36:41.351+0000] {processor.py:183} INFO - Processing /opt/airflow/dags/predict.py took 3.113 seconds
[2026-01-30T20:37:11.452+0000] {processor.py:161} INFO - Started process (PID=1998) to work on /opt/airflow/dags/predict.py
[2026-01-30T20:37:11.454+0000] {processor.py:830} INFO - Processing file /opt/airflow/dags/predict.py for tasks to queue
[2026-01-30T20:37:11.456+0000] {logging_mixin.py:188} INFO - [2026-01-30T20:37:11.455+0000] {dagbag.py:545} INFO - Filling up the DagBag from /opt/airflow/dags/predict.py
[2026-01-30T20:37:14.846+0000] {logging_mixin.py:188} WARNING - /opt/airflow/dags/predict.py:34 RemovedInAirflow3Warning: Function `days_ago` is deprecated and will be removed in Airflow 3.0. You can achieve equivalent behavior with `pendulum.today('UTC').add(days=-N, ...)`
[2026-01-30T20:37:14.849+0000] {logging_mixin.py:188} WARNING - /opt/airflow/dags/predict.py:29 RemovedInAirflow3Warning: Param `schedule_interval` is deprecated and will be removed in a future release. Please use `schedule` instead.
[2026-01-30T20:37:14.855+0000] {processor.py:840} INFO - DAG(s) 'ml_prediction_pipeline' retrieved from /opt/airflow/dags/predict.py
[2026-01-30T20:37:14.884+0000] {logging_mixin.py:188} INFO - [2026-01-30T20:37:14.883+0000] {dag.py:3096} INFO - Sync 1 DAGs
[2026-01-30T20:37:14.904+0000] {logging_mixin.py:188} INFO - [2026-01-30T20:37:14.904+0000] {dag.py:3954} INFO - Setting next_dagrun for ml_prediction_pipeline to 2026-01-29 00:00:00+00:00, run_after=2026-01-30 00:00:00+00:00
[2026-01-30T20:37:14.931+0000] {processor.py:183} INFO - Processing /opt/airflow/dags/predict.py took 3.492 seconds
[2026-01-30T20:37:45.258+0000] {processor.py:161} INFO - Started process (PID=2047) to work on /opt/airflow/dags/predict.py
[2026-01-30T20:37:45.258+0000] {processor.py:830} INFO - Processing file /opt/airflow/dags/predict.py for tasks to queue
[2026-01-30T20:37:45.259+0000] {logging_mixin.py:188} INFO - [2026-01-30T20:37:45.258+0000] {dagbag.py:545} INFO - Filling up the DagBag from /opt/airflow/dags/predict.py
[2026-01-30T20:37:46.804+0000] {logging_mixin.py:188} WARNING - /opt/airflow/dags/predict.py:34 RemovedInAirflow3Warning: Function `days_ago` is deprecated and will be removed in Airflow 3.0. You can achieve equivalent behavior with `pendulum.today('UTC').add(days=-N, ...)`
[2026-01-30T20:37:46.805+0000] {logging_mixin.py:188} WARNING - /opt/airflow/dags/predict.py:29 RemovedInAirflow3Warning: Param `schedule_interval` is deprecated and will be removed in a future release. Please use `schedule` instead.
[2026-01-30T20:37:46.811+0000] {processor.py:840} INFO - DAG(s) 'ml_prediction_pipeline' retrieved from /opt/airflow/dags/predict.py
[2026-01-30T20:37:46.830+0000] {logging_mixin.py:188} INFO - [2026-01-30T20:37:46.830+0000] {dag.py:3096} INFO - Sync 1 DAGs
[2026-01-30T20:37:46.845+0000] {logging_mixin.py:188} INFO - [2026-01-30T20:37:46.845+0000] {dag.py:3954} INFO - Setting next_dagrun for ml_prediction_pipeline to 2026-01-29 00:00:00+00:00, run_after=2026-01-30 00:00:00+00:00
[2026-01-30T20:37:46.861+0000] {processor.py:183} INFO - Processing /opt/airflow/dags/predict.py took 1.607 seconds
[2026-01-30T20:38:16.998+0000] {processor.py:161} INFO - Started process (PID=2092) to work on /opt/airflow/dags/predict.py
[2026-01-30T20:38:17.001+0000] {processor.py:830} INFO - Processing file /opt/airflow/dags/predict.py for tasks to queue
[2026-01-30T20:38:17.002+0000] {logging_mixin.py:188} INFO - [2026-01-30T20:38:17.002+0000] {dagbag.py:545} INFO - Filling up the DagBag from /opt/airflow/dags/predict.py
[2026-01-30T20:38:19.558+0000] {logging_mixin.py:188} WARNING - /opt/airflow/dags/predict.py:34 RemovedInAirflow3Warning: Function `days_ago` is deprecated and will be removed in Airflow 3.0. You can achieve equivalent behavior with `pendulum.today('UTC').add(days=-N, ...)`
[2026-01-30T20:38:19.559+0000] {logging_mixin.py:188} WARNING - /opt/airflow/dags/predict.py:29 RemovedInAirflow3Warning: Param `schedule_interval` is deprecated and will be removed in a future release. Please use `schedule` instead.
[2026-01-30T20:38:19.564+0000] {processor.py:840} INFO - DAG(s) 'ml_prediction_pipeline' retrieved from /opt/airflow/dags/predict.py
[2026-01-30T20:38:19.588+0000] {logging_mixin.py:188} INFO - [2026-01-30T20:38:19.588+0000] {dag.py:3096} INFO - Sync 1 DAGs
[2026-01-30T20:38:19.609+0000] {logging_mixin.py:188} INFO - [2026-01-30T20:38:19.608+0000] {dag.py:3954} INFO - Setting next_dagrun for ml_prediction_pipeline to 2026-01-29 00:00:00+00:00, run_after=2026-01-30 00:00:00+00:00
[2026-01-30T20:38:19.626+0000] {processor.py:183} INFO - Processing /opt/airflow/dags/predict.py took 2.637 seconds
[2026-01-30T20:38:49.812+0000] {processor.py:161} INFO - Started process (PID=2141) to work on /opt/airflow/dags/predict.py
[2026-01-30T20:38:49.812+0000] {processor.py:830} INFO - Processing file /opt/airflow/dags/predict.py for tasks to queue
[2026-01-30T20:38:49.813+0000] {logging_mixin.py:188} INFO - [2026-01-30T20:38:49.813+0000] {dagbag.py:545} INFO - Filling up the DagBag from /opt/airflow/dags/predict.py
[2026-01-30T20:38:51.489+0000] {logging_mixin.py:188} WARNING - /opt/airflow/dags/predict.py:34 RemovedInAirflow3Warning: Function `days_ago` is deprecated and will be removed in Airflow 3.0. You can achieve equivalent behavior with `pendulum.today('UTC').add(days=-N, ...)`
[2026-01-30T20:38:51.493+0000] {logging_mixin.py:188} WARNING - /opt/airflow/dags/predict.py:29 RemovedInAirflow3Warning: Param `schedule_interval` is deprecated and will be removed in a future release. Please use `schedule` instead.
[2026-01-30T20:38:51.497+0000] {processor.py:840} INFO - DAG(s) 'ml_prediction_pipeline' retrieved from /opt/airflow/dags/predict.py
[2026-01-30T20:38:51.514+0000] {logging_mixin.py:188} INFO - [2026-01-30T20:38:51.514+0000] {dag.py:3096} INFO - Sync 1 DAGs
[2026-01-30T20:38:51.538+0000] {logging_mixin.py:188} INFO - [2026-01-30T20:38:51.538+0000] {dag.py:3954} INFO - Setting next_dagrun for ml_prediction_pipeline to 2026-01-29 00:00:00+00:00, run_after=2026-01-30 00:00:00+00:00
[2026-01-30T20:38:51.551+0000] {processor.py:183} INFO - Processing /opt/airflow/dags/predict.py took 1.743 seconds
[2026-01-30T20:39:22.106+0000] {processor.py:161} INFO - Started process (PID=2188) to work on /opt/airflow/dags/predict.py
[2026-01-30T20:39:22.107+0000] {processor.py:830} INFO - Processing file /opt/airflow/dags/predict.py for tasks to queue
[2026-01-30T20:39:22.107+0000] {logging_mixin.py:188} INFO - [2026-01-30T20:39:22.107+0000] {dagbag.py:545} INFO - Filling up the DagBag from /opt/airflow/dags/predict.py
[2026-01-30T20:39:23.780+0000] {logging_mixin.py:188} WARNING - /opt/airflow/dags/predict.py:34 RemovedInAirflow3Warning: Function `days_ago` is deprecated and will be removed in Airflow 3.0. You can achieve equivalent behavior with `pendulum.today('UTC').add(days=-N, ...)`
[2026-01-30T20:39:23.781+0000] {logging_mixin.py:188} WARNING - /opt/airflow/dags/predict.py:29 RemovedInAirflow3Warning: Param `schedule_interval` is deprecated and will be removed in a future release. Please use `schedule` instead.
[2026-01-30T20:39:23.784+0000] {processor.py:840} INFO - DAG(s) 'ml_prediction_pipeline' retrieved from /opt/airflow/dags/predict.py
[2026-01-30T20:39:23.800+0000] {logging_mixin.py:188} INFO - [2026-01-30T20:39:23.800+0000] {dag.py:3096} INFO - Sync 1 DAGs
[2026-01-30T20:39:23.812+0000] {logging_mixin.py:188} INFO - [2026-01-30T20:39:23.812+0000] {dag.py:3954} INFO - Setting next_dagrun for ml_prediction_pipeline to 2026-01-29 00:00:00+00:00, run_after=2026-01-30 00:00:00+00:00
[2026-01-30T20:39:23.824+0000] {processor.py:183} INFO - Processing /opt/airflow/dags/predict.py took 1.722 seconds
[2026-01-30T20:39:53.876+0000] {processor.py:161} INFO - Started process (PID=2235) to work on /opt/airflow/dags/predict.py
[2026-01-30T20:39:53.878+0000] {processor.py:830} INFO - Processing file /opt/airflow/dags/predict.py for tasks to queue
[2026-01-30T20:39:53.879+0000] {logging_mixin.py:188} INFO - [2026-01-30T20:39:53.879+0000] {dagbag.py:545} INFO - Filling up the DagBag from /opt/airflow/dags/predict.py
[2026-01-30T20:39:55.656+0000] {logging_mixin.py:188} WARNING - /opt/airflow/dags/predict.py:34 RemovedInAirflow3Warning: Function `days_ago` is deprecated and will be removed in Airflow 3.0. You can achieve equivalent behavior with `pendulum.today('UTC').add(days=-N, ...)`
[2026-01-30T20:39:55.657+0000] {logging_mixin.py:188} WARNING - /opt/airflow/dags/predict.py:29 RemovedInAirflow3Warning: Param `schedule_interval` is deprecated and will be removed in a future release. Please use `schedule` instead.
[2026-01-30T20:39:55.661+0000] {processor.py:840} INFO - DAG(s) 'ml_prediction_pipeline' retrieved from /opt/airflow/dags/predict.py
[2026-01-30T20:39:55.684+0000] {logging_mixin.py:188} INFO - [2026-01-30T20:39:55.683+0000] {dag.py:3096} INFO - Sync 1 DAGs
[2026-01-30T20:39:55.702+0000] {logging_mixin.py:188} INFO - [2026-01-30T20:39:55.702+0000] {dag.py:3954} INFO - Setting next_dagrun for ml_prediction_pipeline to 2026-01-29 00:00:00+00:00, run_after=2026-01-30 00:00:00+00:00
[2026-01-30T20:39:55.719+0000] {processor.py:183} INFO - Processing /opt/airflow/dags/predict.py took 1.853 seconds
[2026-01-30T20:40:25.919+0000] {processor.py:161} INFO - Started process (PID=2282) to work on /opt/airflow/dags/predict.py
[2026-01-30T20:40:25.920+0000] {processor.py:830} INFO - Processing file /opt/airflow/dags/predict.py for tasks to queue
[2026-01-30T20:40:25.921+0000] {logging_mixin.py:188} INFO - [2026-01-30T20:40:25.920+0000] {dagbag.py:545} INFO - Filling up the DagBag from /opt/airflow/dags/predict.py
[2026-01-30T20:40:27.635+0000] {logging_mixin.py:188} WARNING - /opt/airflow/dags/predict.py:34 RemovedInAirflow3Warning: Function `days_ago` is deprecated and will be removed in Airflow 3.0. You can achieve equivalent behavior with `pendulum.today('UTC').add(days=-N, ...)`
[2026-01-30T20:40:27.636+0000] {logging_mixin.py:188} WARNING - /opt/airflow/dags/predict.py:29 RemovedInAirflow3Warning: Param `schedule_interval` is deprecated and will be removed in a future release. Please use `schedule` instead.
[2026-01-30T20:40:27.640+0000] {processor.py:840} INFO - DAG(s) 'ml_prediction_pipeline' retrieved from /opt/airflow/dags/predict.py
[2026-01-30T20:40:27.659+0000] {logging_mixin.py:188} INFO - [2026-01-30T20:40:27.658+0000] {dag.py:3096} INFO - Sync 1 DAGs
[2026-01-30T20:40:27.673+0000] {logging_mixin.py:188} INFO - [2026-01-30T20:40:27.673+0000] {dag.py:3954} INFO - Setting next_dagrun for ml_prediction_pipeline to 2026-01-29 00:00:00+00:00, run_after=2026-01-30 00:00:00+00:00
[2026-01-30T20:40:27.687+0000] {processor.py:183} INFO - Processing /opt/airflow/dags/predict.py took 1.772 seconds
[2026-01-30T20:41:57.537+0000] {processor.py:161} INFO - Started process (PID=192) to work on /opt/airflow/dags/predict.py
[2026-01-30T20:41:57.540+0000] {processor.py:830} INFO - Processing file /opt/airflow/dags/predict.py for tasks to queue
[2026-01-30T20:41:57.542+0000] {logging_mixin.py:188} INFO - [2026-01-30T20:41:57.542+0000] {dagbag.py:545} INFO - Filling up the DagBag from /opt/airflow/dags/predict.py
[2026-01-30T20:42:04.395+0000] {logging_mixin.py:188} WARNING - /opt/airflow/dags/predict.py:34 RemovedInAirflow3Warning: Function `days_ago` is deprecated and will be removed in Airflow 3.0. You can achieve equivalent behavior with `pendulum.today('UTC').add(days=-N, ...)`
[2026-01-30T20:42:04.397+0000] {logging_mixin.py:188} WARNING - /opt/airflow/dags/predict.py:29 RemovedInAirflow3Warning: Param `schedule_interval` is deprecated and will be removed in a future release. Please use `schedule` instead.
[2026-01-30T20:42:04.406+0000] {processor.py:840} INFO - DAG(s) 'ml_prediction_pipeline' retrieved from /opt/airflow/dags/predict.py
[2026-01-30T20:42:04.563+0000] {logging_mixin.py:188} INFO - [2026-01-30T20:42:04.563+0000] {dag.py:3096} INFO - Sync 1 DAGs
[2026-01-30T20:42:04.589+0000] {logging_mixin.py:188} INFO - [2026-01-30T20:42:04.589+0000] {dag.py:3954} INFO - Setting next_dagrun for ml_prediction_pipeline to 2026-01-29 00:00:00+00:00, run_after=2026-01-30 00:00:00+00:00
[2026-01-30T20:42:04.626+0000] {processor.py:183} INFO - Processing /opt/airflow/dags/predict.py took 4.232 seconds
[2026-01-30T20:42:35.227+0000] {processor.py:161} INFO - Started process (PID=253) to work on /opt/airflow/dags/predict.py
[2026-01-30T20:42:35.229+0000] {processor.py:830} INFO - Processing file /opt/airflow/dags/predict.py for tasks to queue
[2026-01-30T20:42:35.232+0000] {logging_mixin.py:188} INFO - [2026-01-30T20:42:35.232+0000] {dagbag.py:545} INFO - Filling up the DagBag from /opt/airflow/dags/predict.py
[2026-01-30T20:42:39.041+0000] {logging_mixin.py:188} WARNING - /opt/airflow/dags/predict.py:34 RemovedInAirflow3Warning: Function `days_ago` is deprecated and will be removed in Airflow 3.0. You can achieve equivalent behavior with `pendulum.today('UTC').add(days=-N, ...)`
[2026-01-30T20:42:39.042+0000] {logging_mixin.py:188} WARNING - /opt/airflow/dags/predict.py:29 RemovedInAirflow3Warning: Param `schedule_interval` is deprecated and will be removed in a future release. Please use `schedule` instead.
[2026-01-30T20:42:39.049+0000] {processor.py:840} INFO - DAG(s) 'ml_prediction_pipeline' retrieved from /opt/airflow/dags/predict.py
[2026-01-30T20:42:39.077+0000] {logging_mixin.py:188} INFO - [2026-01-30T20:42:39.076+0000] {dag.py:3096} INFO - Sync 1 DAGs
[2026-01-30T20:42:39.101+0000] {logging_mixin.py:188} INFO - [2026-01-30T20:42:39.101+0000] {dag.py:3954} INFO - Setting next_dagrun for ml_prediction_pipeline to 2026-01-29 00:00:00+00:00, run_after=2026-01-30 00:00:00+00:00
[2026-01-30T20:42:39.124+0000] {processor.py:183} INFO - Processing /opt/airflow/dags/predict.py took 3.907 seconds
[2026-01-30T20:43:09.539+0000] {processor.py:161} INFO - Started process (PID=317) to work on /opt/airflow/dags/predict.py
[2026-01-30T20:43:09.539+0000] {processor.py:830} INFO - Processing file /opt/airflow/dags/predict.py for tasks to queue
[2026-01-30T20:43:09.542+0000] {logging_mixin.py:188} INFO - [2026-01-30T20:43:09.541+0000] {dagbag.py:545} INFO - Filling up the DagBag from /opt/airflow/dags/predict.py
[2026-01-30T20:43:12.240+0000] {logging_mixin.py:188} WARNING - /opt/airflow/dags/predict.py:34 RemovedInAirflow3Warning: Function `days_ago` is deprecated and will be removed in Airflow 3.0. You can achieve equivalent behavior with `pendulum.today('UTC').add(days=-N, ...)`
[2026-01-30T20:43:12.241+0000] {logging_mixin.py:188} WARNING - /opt/airflow/dags/predict.py:29 RemovedInAirflow3Warning: Param `schedule_interval` is deprecated and will be removed in a future release. Please use `schedule` instead.
[2026-01-30T20:43:12.246+0000] {processor.py:840} INFO - DAG(s) 'ml_prediction_pipeline' retrieved from /opt/airflow/dags/predict.py
[2026-01-30T20:43:12.264+0000] {logging_mixin.py:188} INFO - [2026-01-30T20:43:12.263+0000] {dag.py:3096} INFO - Sync 1 DAGs
[2026-01-30T20:43:12.278+0000] {logging_mixin.py:188} INFO - [2026-01-30T20:43:12.277+0000] {dag.py:3954} INFO - Setting next_dagrun for ml_prediction_pipeline to 2026-01-29 00:00:00+00:00, run_after=2026-01-30 00:00:00+00:00
[2026-01-30T20:43:12.295+0000] {processor.py:183} INFO - Processing /opt/airflow/dags/predict.py took 2.765 seconds
[2026-01-30T20:43:42.755+0000] {processor.py:161} INFO - Started process (PID=376) to work on /opt/airflow/dags/predict.py
[2026-01-30T20:43:42.759+0000] {processor.py:830} INFO - Processing file /opt/airflow/dags/predict.py for tasks to queue
[2026-01-30T20:43:42.763+0000] {logging_mixin.py:188} INFO - [2026-01-30T20:43:42.762+0000] {dagbag.py:545} INFO - Filling up the DagBag from /opt/airflow/dags/predict.py
[2026-01-30T20:43:45.780+0000] {logging_mixin.py:188} WARNING - /opt/airflow/dags/predict.py:34 RemovedInAirflow3Warning: Function `days_ago` is deprecated and will be removed in Airflow 3.0. You can achieve equivalent behavior with `pendulum.today('UTC').add(days=-N, ...)`
[2026-01-30T20:43:45.781+0000] {logging_mixin.py:188} WARNING - /opt/airflow/dags/predict.py:29 RemovedInAirflow3Warning: Param `schedule_interval` is deprecated and will be removed in a future release. Please use `schedule` instead.
[2026-01-30T20:43:45.786+0000] {processor.py:840} INFO - DAG(s) 'ml_prediction_pipeline' retrieved from /opt/airflow/dags/predict.py
[2026-01-30T20:43:45.810+0000] {logging_mixin.py:188} INFO - [2026-01-30T20:43:45.810+0000] {dag.py:3096} INFO - Sync 1 DAGs
[2026-01-30T20:43:45.830+0000] {logging_mixin.py:188} INFO - [2026-01-30T20:43:45.830+0000] {dag.py:3954} INFO - Setting next_dagrun for ml_prediction_pipeline to 2026-01-29 00:00:00+00:00, run_after=2026-01-30 00:00:00+00:00
[2026-01-30T20:43:45.851+0000] {processor.py:183} INFO - Processing /opt/airflow/dags/predict.py took 3.107 seconds
[2026-01-30T20:44:16.109+0000] {processor.py:161} INFO - Started process (PID=424) to work on /opt/airflow/dags/predict.py
[2026-01-30T20:44:16.111+0000] {processor.py:830} INFO - Processing file /opt/airflow/dags/predict.py for tasks to queue
[2026-01-30T20:44:16.112+0000] {logging_mixin.py:188} INFO - [2026-01-30T20:44:16.112+0000] {dagbag.py:545} INFO - Filling up the DagBag from /opt/airflow/dags/predict.py
[2026-01-30T20:44:18.612+0000] {logging_mixin.py:188} WARNING - /opt/airflow/dags/predict.py:34 RemovedInAirflow3Warning: Function `days_ago` is deprecated and will be removed in Airflow 3.0. You can achieve equivalent behavior with `pendulum.today('UTC').add(days=-N, ...)`
[2026-01-30T20:44:18.613+0000] {logging_mixin.py:188} WARNING - /opt/airflow/dags/predict.py:29 RemovedInAirflow3Warning: Param `schedule_interval` is deprecated and will be removed in a future release. Please use `schedule` instead.
[2026-01-30T20:44:18.620+0000] {processor.py:840} INFO - DAG(s) 'ml_prediction_pipeline' retrieved from /opt/airflow/dags/predict.py
[2026-01-30T20:44:18.652+0000] {logging_mixin.py:188} INFO - [2026-01-30T20:44:18.651+0000] {dag.py:3096} INFO - Sync 1 DAGs
[2026-01-30T20:44:18.674+0000] {logging_mixin.py:188} INFO - [2026-01-30T20:44:18.674+0000] {dag.py:3954} INFO - Setting next_dagrun for ml_prediction_pipeline to 2026-01-29 00:00:00+00:00, run_after=2026-01-30 00:00:00+00:00
[2026-01-30T20:44:18.699+0000] {processor.py:183} INFO - Processing /opt/airflow/dags/predict.py took 2.594 seconds
[2026-01-30T20:44:49.015+0000] {processor.py:161} INFO - Started process (PID=471) to work on /opt/airflow/dags/predict.py
[2026-01-30T20:44:49.017+0000] {processor.py:830} INFO - Processing file /opt/airflow/dags/predict.py for tasks to queue
[2026-01-30T20:44:49.019+0000] {logging_mixin.py:188} INFO - [2026-01-30T20:44:49.018+0000] {dagbag.py:545} INFO - Filling up the DagBag from /opt/airflow/dags/predict.py
[2026-01-30T20:44:52.154+0000] {logging_mixin.py:188} WARNING - /opt/airflow/dags/predict.py:34 RemovedInAirflow3Warning: Function `days_ago` is deprecated and will be removed in Airflow 3.0. You can achieve equivalent behavior with `pendulum.today('UTC').add(days=-N, ...)`
[2026-01-30T20:44:52.155+0000] {logging_mixin.py:188} WARNING - /opt/airflow/dags/predict.py:29 RemovedInAirflow3Warning: Param `schedule_interval` is deprecated and will be removed in a future release. Please use `schedule` instead.
[2026-01-30T20:44:52.160+0000] {processor.py:840} INFO - DAG(s) 'ml_prediction_pipeline' retrieved from /opt/airflow/dags/predict.py
[2026-01-30T20:44:52.193+0000] {logging_mixin.py:188} INFO - [2026-01-30T20:44:52.193+0000] {dag.py:3096} INFO - Sync 1 DAGs
[2026-01-30T20:44:52.223+0000] {logging_mixin.py:188} INFO - [2026-01-30T20:44:52.223+0000] {dag.py:3954} INFO - Setting next_dagrun for ml_prediction_pipeline to 2026-01-29 00:00:00+00:00, run_after=2026-01-30 00:00:00+00:00
[2026-01-30T20:44:52.253+0000] {processor.py:183} INFO - Processing /opt/airflow/dags/predict.py took 3.242 seconds
[2026-01-30T20:45:22.433+0000] {processor.py:161} INFO - Started process (PID=525) to work on /opt/airflow/dags/predict.py
[2026-01-30T20:45:22.437+0000] {processor.py:830} INFO - Processing file /opt/airflow/dags/predict.py for tasks to queue
[2026-01-30T20:45:22.438+0000] {logging_mixin.py:188} INFO - [2026-01-30T20:45:22.438+0000] {dagbag.py:545} INFO - Filling up the DagBag from /opt/airflow/dags/predict.py
[2026-01-30T20:45:24.690+0000] {logging_mixin.py:188} WARNING - /opt/airflow/dags/predict.py:34 RemovedInAirflow3Warning: Function `days_ago` is deprecated and will be removed in Airflow 3.0. You can achieve equivalent behavior with `pendulum.today('UTC').add(days=-N, ...)`
[2026-01-30T20:45:24.691+0000] {logging_mixin.py:188} WARNING - /opt/airflow/dags/predict.py:29 RemovedInAirflow3Warning: Param `schedule_interval` is deprecated and will be removed in a future release. Please use `schedule` instead.
[2026-01-30T20:45:24.695+0000] {processor.py:840} INFO - DAG(s) 'ml_prediction_pipeline' retrieved from /opt/airflow/dags/predict.py
[2026-01-30T20:45:24.716+0000] {logging_mixin.py:188} INFO - [2026-01-30T20:45:24.715+0000] {dag.py:3096} INFO - Sync 1 DAGs
[2026-01-30T20:45:24.734+0000] {logging_mixin.py:188} INFO - [2026-01-30T20:45:24.734+0000] {dag.py:3954} INFO - Setting next_dagrun for ml_prediction_pipeline to 2026-01-29 00:00:00+00:00, run_after=2026-01-30 00:00:00+00:00
[2026-01-30T20:45:24.748+0000] {processor.py:183} INFO - Processing /opt/airflow/dags/predict.py took 2.321 seconds
[2026-01-30T20:45:54.915+0000] {processor.py:161} INFO - Started process (PID=572) to work on /opt/airflow/dags/predict.py
[2026-01-30T20:45:54.918+0000] {processor.py:830} INFO - Processing file /opt/airflow/dags/predict.py for tasks to queue
[2026-01-30T20:45:54.919+0000] {logging_mixin.py:188} INFO - [2026-01-30T20:45:54.919+0000] {dagbag.py:545} INFO - Filling up the DagBag from /opt/airflow/dags/predict.py
[2026-01-30T20:45:56.795+0000] {logging_mixin.py:188} WARNING - /opt/airflow/dags/predict.py:34 RemovedInAirflow3Warning: Function `days_ago` is deprecated and will be removed in Airflow 3.0. You can achieve equivalent behavior with `pendulum.today('UTC').add(days=-N, ...)`
[2026-01-30T20:45:56.796+0000] {logging_mixin.py:188} WARNING - /opt/airflow/dags/predict.py:29 RemovedInAirflow3Warning: Param `schedule_interval` is deprecated and will be removed in a future release. Please use `schedule` instead.
[2026-01-30T20:45:56.803+0000] {processor.py:840} INFO - DAG(s) 'ml_prediction_pipeline' retrieved from /opt/airflow/dags/predict.py
[2026-01-30T20:45:56.834+0000] {logging_mixin.py:188} INFO - [2026-01-30T20:45:56.834+0000] {dag.py:3096} INFO - Sync 1 DAGs
[2026-01-30T20:45:56.858+0000] {logging_mixin.py:188} INFO - [2026-01-30T20:45:56.858+0000] {dag.py:3954} INFO - Setting next_dagrun for ml_prediction_pipeline to 2026-01-29 00:00:00+00:00, run_after=2026-01-30 00:00:00+00:00
[2026-01-30T20:45:56.886+0000] {processor.py:183} INFO - Processing /opt/airflow/dags/predict.py took 1.975 seconds
[2026-01-30T20:46:26.980+0000] {processor.py:161} INFO - Started process (PID=625) to work on /opt/airflow/dags/predict.py
[2026-01-30T20:46:26.982+0000] {processor.py:830} INFO - Processing file /opt/airflow/dags/predict.py for tasks to queue
[2026-01-30T20:46:26.984+0000] {logging_mixin.py:188} INFO - [2026-01-30T20:46:26.984+0000] {dagbag.py:545} INFO - Filling up the DagBag from /opt/airflow/dags/predict.py
[2026-01-30T20:46:29.510+0000] {logging_mixin.py:188} WARNING - /opt/airflow/dags/predict.py:34 RemovedInAirflow3Warning: Function `days_ago` is deprecated and will be removed in Airflow 3.0. You can achieve equivalent behavior with `pendulum.today('UTC').add(days=-N, ...)`
[2026-01-30T20:46:29.511+0000] {logging_mixin.py:188} WARNING - /opt/airflow/dags/predict.py:29 RemovedInAirflow3Warning: Param `schedule_interval` is deprecated and will be removed in a future release. Please use `schedule` instead.
[2026-01-30T20:46:29.515+0000] {processor.py:840} INFO - DAG(s) 'ml_prediction_pipeline' retrieved from /opt/airflow/dags/predict.py
[2026-01-30T20:46:29.534+0000] {logging_mixin.py:188} INFO - [2026-01-30T20:46:29.534+0000] {dag.py:3096} INFO - Sync 1 DAGs
[2026-01-30T20:46:29.549+0000] {logging_mixin.py:188} INFO - [2026-01-30T20:46:29.548+0000] {dag.py:3954} INFO - Setting next_dagrun for ml_prediction_pipeline to 2026-01-29 00:00:00+00:00, run_after=2026-01-30 00:00:00+00:00
[2026-01-30T20:46:29.563+0000] {processor.py:183} INFO - Processing /opt/airflow/dags/predict.py took 2.589 seconds
[2026-01-30T20:46:59.747+0000] {processor.py:161} INFO - Started process (PID=672) to work on /opt/airflow/dags/predict.py
[2026-01-30T20:46:59.750+0000] {processor.py:830} INFO - Processing file /opt/airflow/dags/predict.py for tasks to queue
[2026-01-30T20:46:59.752+0000] {logging_mixin.py:188} INFO - [2026-01-30T20:46:59.751+0000] {dagbag.py:545} INFO - Filling up the DagBag from /opt/airflow/dags/predict.py
[2026-01-30T20:47:03.258+0000] {logging_mixin.py:188} WARNING - /opt/airflow/dags/predict.py:34 RemovedInAirflow3Warning: Function `days_ago` is deprecated and will be removed in Airflow 3.0. You can achieve equivalent behavior with `pendulum.today('UTC').add(days=-N, ...)`
[2026-01-30T20:47:03.263+0000] {logging_mixin.py:188} WARNING - /opt/airflow/dags/predict.py:29 RemovedInAirflow3Warning: Param `schedule_interval` is deprecated and will be removed in a future release. Please use `schedule` instead.
[2026-01-30T20:47:03.272+0000] {processor.py:840} INFO - DAG(s) 'ml_prediction_pipeline' retrieved from /opt/airflow/dags/predict.py
[2026-01-30T20:47:03.294+0000] {logging_mixin.py:188} INFO - [2026-01-30T20:47:03.293+0000] {dag.py:3096} INFO - Sync 1 DAGs
[2026-01-30T20:47:03.310+0000] {logging_mixin.py:188} INFO - [2026-01-30T20:47:03.309+0000] {dag.py:3954} INFO - Setting next_dagrun for ml_prediction_pipeline to 2026-01-29 00:00:00+00:00, run_after=2026-01-30 00:00:00+00:00
[2026-01-30T20:47:03.325+0000] {processor.py:183} INFO - Processing /opt/airflow/dags/predict.py took 3.583 seconds
[2026-01-30T20:47:33.505+0000] {processor.py:161} INFO - Started process (PID=725) to work on /opt/airflow/dags/predict.py
[2026-01-30T20:47:33.508+0000] {processor.py:830} INFO - Processing file /opt/airflow/dags/predict.py for tasks to queue
[2026-01-30T20:47:33.510+0000] {logging_mixin.py:188} INFO - [2026-01-30T20:47:33.510+0000] {dagbag.py:545} INFO - Filling up the DagBag from /opt/airflow/dags/predict.py
[2026-01-30T20:47:36.042+0000] {logging_mixin.py:188} WARNING - /opt/airflow/dags/predict.py:34 RemovedInAirflow3Warning: Function `days_ago` is deprecated and will be removed in Airflow 3.0. You can achieve equivalent behavior with `pendulum.today('UTC').add(days=-N, ...)`
[2026-01-30T20:47:36.043+0000] {logging_mixin.py:188} WARNING - /opt/airflow/dags/predict.py:29 RemovedInAirflow3Warning: Param `schedule_interval` is deprecated and will be removed in a future release. Please use `schedule` instead.
[2026-01-30T20:47:36.049+0000] {processor.py:840} INFO - DAG(s) 'ml_prediction_pipeline' retrieved from /opt/airflow/dags/predict.py
[2026-01-30T20:47:36.076+0000] {logging_mixin.py:188} INFO - [2026-01-30T20:47:36.075+0000] {dag.py:3096} INFO - Sync 1 DAGs
[2026-01-30T20:47:36.098+0000] {logging_mixin.py:188} INFO - [2026-01-30T20:47:36.098+0000] {dag.py:3954} INFO - Setting next_dagrun for ml_prediction_pipeline to 2026-01-29 00:00:00+00:00, run_after=2026-01-30 00:00:00+00:00
[2026-01-30T20:47:36.123+0000] {processor.py:183} INFO - Processing /opt/airflow/dags/predict.py took 2.622 seconds
[2026-01-30T20:48:06.353+0000] {processor.py:161} INFO - Started process (PID=805) to work on /opt/airflow/dags/predict.py
[2026-01-30T20:48:06.355+0000] {processor.py:830} INFO - Processing file /opt/airflow/dags/predict.py for tasks to queue
[2026-01-30T20:48:06.356+0000] {logging_mixin.py:188} INFO - [2026-01-30T20:48:06.356+0000] {dagbag.py:545} INFO - Filling up the DagBag from /opt/airflow/dags/predict.py
[2026-01-30T20:48:08.271+0000] {logging_mixin.py:188} WARNING - /opt/airflow/dags/predict.py:34 RemovedInAirflow3Warning: Function `days_ago` is deprecated and will be removed in Airflow 3.0. You can achieve equivalent behavior with `pendulum.today('UTC').add(days=-N, ...)`
[2026-01-30T20:48:08.272+0000] {logging_mixin.py:188} WARNING - /opt/airflow/dags/predict.py:29 RemovedInAirflow3Warning: Param `schedule_interval` is deprecated and will be removed in a future release. Please use `schedule` instead.
[2026-01-30T20:48:08.277+0000] {processor.py:840} INFO - DAG(s) 'ml_prediction_pipeline' retrieved from /opt/airflow/dags/predict.py
[2026-01-30T20:48:08.296+0000] {logging_mixin.py:188} INFO - [2026-01-30T20:48:08.295+0000] {dag.py:3096} INFO - Sync 1 DAGs
[2026-01-30T20:48:08.315+0000] {logging_mixin.py:188} INFO - [2026-01-30T20:48:08.314+0000] {dag.py:3954} INFO - Setting next_dagrun for ml_prediction_pipeline to 2026-01-29 00:00:00+00:00, run_after=2026-01-30 00:00:00+00:00
[2026-01-30T20:48:08.332+0000] {processor.py:183} INFO - Processing /opt/airflow/dags/predict.py took 1.983 seconds
[2026-01-30T20:48:38.390+0000] {processor.py:161} INFO - Started process (PID=997) to work on /opt/airflow/dags/predict.py
[2026-01-30T20:48:38.394+0000] {processor.py:830} INFO - Processing file /opt/airflow/dags/predict.py for tasks to queue
[2026-01-30T20:48:38.398+0000] {logging_mixin.py:188} INFO - [2026-01-30T20:48:38.398+0000] {dagbag.py:545} INFO - Filling up the DagBag from /opt/airflow/dags/predict.py
[2026-01-30T20:48:42.516+0000] {logging_mixin.py:188} WARNING - /opt/airflow/dags/predict.py:34 RemovedInAirflow3Warning: Function `days_ago` is deprecated and will be removed in Airflow 3.0. You can achieve equivalent behavior with `pendulum.today('UTC').add(days=-N, ...)`
[2026-01-30T20:48:42.518+0000] {logging_mixin.py:188} WARNING - /opt/airflow/dags/predict.py:29 RemovedInAirflow3Warning: Param `schedule_interval` is deprecated and will be removed in a future release. Please use `schedule` instead.
[2026-01-30T20:48:42.523+0000] {processor.py:840} INFO - DAG(s) 'ml_prediction_pipeline' retrieved from /opt/airflow/dags/predict.py
[2026-01-30T20:48:42.549+0000] {logging_mixin.py:188} INFO - [2026-01-30T20:48:42.549+0000] {dag.py:3096} INFO - Sync 1 DAGs
[2026-01-30T20:48:42.576+0000] {logging_mixin.py:188} INFO - [2026-01-30T20:48:42.575+0000] {dag.py:3954} INFO - Setting next_dagrun for ml_prediction_pipeline to 2026-01-29 00:00:00+00:00, run_after=2026-01-30 00:00:00+00:00
[2026-01-30T20:48:42.602+0000] {processor.py:183} INFO - Processing /opt/airflow/dags/predict.py took 4.225 seconds
[2026-01-30T20:49:12.937+0000] {processor.py:161} INFO - Started process (PID=1326) to work on /opt/airflow/dags/predict.py
[2026-01-30T20:49:12.941+0000] {processor.py:830} INFO - Processing file /opt/airflow/dags/predict.py for tasks to queue
[2026-01-30T20:49:12.945+0000] {logging_mixin.py:188} INFO - [2026-01-30T20:49:12.944+0000] {dagbag.py:545} INFO - Filling up the DagBag from /opt/airflow/dags/predict.py
[2026-01-30T20:49:17.982+0000] {logging_mixin.py:188} WARNING - /opt/airflow/dags/predict.py:34 RemovedInAirflow3Warning: Function `days_ago` is deprecated and will be removed in Airflow 3.0. You can achieve equivalent behavior with `pendulum.today('UTC').add(days=-N, ...)`
[2026-01-30T20:49:17.984+0000] {logging_mixin.py:188} WARNING - /opt/airflow/dags/predict.py:29 RemovedInAirflow3Warning: Param `schedule_interval` is deprecated and will be removed in a future release. Please use `schedule` instead.
[2026-01-30T20:49:17.991+0000] {processor.py:840} INFO - DAG(s) 'ml_prediction_pipeline' retrieved from /opt/airflow/dags/predict.py
[2026-01-30T20:49:18.024+0000] {logging_mixin.py:188} INFO - [2026-01-30T20:49:18.023+0000] {dag.py:3096} INFO - Sync 1 DAGs
[2026-01-30T20:49:18.053+0000] {logging_mixin.py:188} INFO - [2026-01-30T20:49:18.053+0000] {dag.py:3954} INFO - Setting next_dagrun for ml_prediction_pipeline to 2026-01-29 00:00:00+00:00, run_after=2026-01-30 00:00:00+00:00
[2026-01-30T20:49:18.082+0000] {processor.py:183} INFO - Processing /opt/airflow/dags/predict.py took 5.155 seconds
[2026-01-30T20:49:48.356+0000] {processor.py:161} INFO - Started process (PID=1469) to work on /opt/airflow/dags/predict.py
[2026-01-30T20:49:48.359+0000] {processor.py:830} INFO - Processing file /opt/airflow/dags/predict.py for tasks to queue
[2026-01-30T20:49:48.361+0000] {logging_mixin.py:188} INFO - [2026-01-30T20:49:48.360+0000] {dagbag.py:545} INFO - Filling up the DagBag from /opt/airflow/dags/predict.py
[2026-01-30T20:49:51.116+0000] {logging_mixin.py:188} WARNING - /opt/airflow/dags/predict.py:34 RemovedInAirflow3Warning: Function `days_ago` is deprecated and will be removed in Airflow 3.0. You can achieve equivalent behavior with `pendulum.today('UTC').add(days=-N, ...)`
[2026-01-30T20:49:51.117+0000] {logging_mixin.py:188} WARNING - /opt/airflow/dags/predict.py:29 RemovedInAirflow3Warning: Param `schedule_interval` is deprecated and will be removed in a future release. Please use `schedule` instead.
[2026-01-30T20:49:51.121+0000] {processor.py:840} INFO - DAG(s) 'ml_prediction_pipeline' retrieved from /opt/airflow/dags/predict.py
[2026-01-30T20:49:51.143+0000] {logging_mixin.py:188} INFO - [2026-01-30T20:49:51.143+0000] {dag.py:3096} INFO - Sync 1 DAGs
[2026-01-30T20:49:51.161+0000] {logging_mixin.py:188} INFO - [2026-01-30T20:49:51.160+0000] {dag.py:3954} INFO - Setting next_dagrun for ml_prediction_pipeline to 2026-01-29 00:00:00+00:00, run_after=2026-01-30 00:00:00+00:00
[2026-01-30T20:49:51.179+0000] {processor.py:183} INFO - Processing /opt/airflow/dags/predict.py took 2.827 seconds
[2026-01-30T20:50:21.277+0000] {processor.py:161} INFO - Started process (PID=1516) to work on /opt/airflow/dags/predict.py
[2026-01-30T20:50:21.278+0000] {processor.py:830} INFO - Processing file /opt/airflow/dags/predict.py for tasks to queue
[2026-01-30T20:50:21.279+0000] {logging_mixin.py:188} INFO - [2026-01-30T20:50:21.279+0000] {dagbag.py:545} INFO - Filling up the DagBag from /opt/airflow/dags/predict.py
[2026-01-30T20:50:23.454+0000] {logging_mixin.py:188} WARNING - /opt/airflow/dags/predict.py:34 RemovedInAirflow3Warning: Function `days_ago` is deprecated and will be removed in Airflow 3.0. You can achieve equivalent behavior with `pendulum.today('UTC').add(days=-N, ...)`
[2026-01-30T20:50:23.455+0000] {logging_mixin.py:188} WARNING - /opt/airflow/dags/predict.py:29 RemovedInAirflow3Warning: Param `schedule_interval` is deprecated and will be removed in a future release. Please use `schedule` instead.
[2026-01-30T20:50:23.459+0000] {processor.py:840} INFO - DAG(s) 'ml_prediction_pipeline' retrieved from /opt/airflow/dags/predict.py
[2026-01-30T20:50:23.476+0000] {logging_mixin.py:188} INFO - [2026-01-30T20:50:23.476+0000] {dag.py:3096} INFO - Sync 1 DAGs
[2026-01-30T20:50:23.493+0000] {logging_mixin.py:188} INFO - [2026-01-30T20:50:23.493+0000] {dag.py:3954} INFO - Setting next_dagrun for ml_prediction_pipeline to 2026-01-29 00:00:00+00:00, run_after=2026-01-30 00:00:00+00:00
[2026-01-30T20:50:23.512+0000] {processor.py:183} INFO - Processing /opt/airflow/dags/predict.py took 2.240 seconds
[2026-01-30T20:50:53.656+0000] {processor.py:161} INFO - Started process (PID=1563) to work on /opt/airflow/dags/predict.py
[2026-01-30T20:50:53.659+0000] {processor.py:830} INFO - Processing file /opt/airflow/dags/predict.py for tasks to queue
[2026-01-30T20:50:53.660+0000] {logging_mixin.py:188} INFO - [2026-01-30T20:50:53.660+0000] {dagbag.py:545} INFO - Filling up the DagBag from /opt/airflow/dags/predict.py
[2026-01-30T20:50:56.300+0000] {logging_mixin.py:188} WARNING - /opt/airflow/dags/predict.py:34 RemovedInAirflow3Warning: Function `days_ago` is deprecated and will be removed in Airflow 3.0. You can achieve equivalent behavior with `pendulum.today('UTC').add(days=-N, ...)`
[2026-01-30T20:50:56.301+0000] {logging_mixin.py:188} WARNING - /opt/airflow/dags/predict.py:29 RemovedInAirflow3Warning: Param `schedule_interval` is deprecated and will be removed in a future release. Please use `schedule` instead.
[2026-01-30T20:50:56.307+0000] {processor.py:840} INFO - DAG(s) 'ml_prediction_pipeline' retrieved from /opt/airflow/dags/predict.py
[2026-01-30T20:50:56.336+0000] {logging_mixin.py:188} INFO - [2026-01-30T20:50:56.335+0000] {dag.py:3096} INFO - Sync 1 DAGs
[2026-01-30T20:50:56.356+0000] {logging_mixin.py:188} INFO - [2026-01-30T20:50:56.356+0000] {dag.py:3954} INFO - Setting next_dagrun for ml_prediction_pipeline to 2026-01-29 00:00:00+00:00, run_after=2026-01-30 00:00:00+00:00
[2026-01-30T20:50:56.380+0000] {processor.py:183} INFO - Processing /opt/airflow/dags/predict.py took 2.729 seconds
[2026-01-30T20:51:26.564+0000] {processor.py:161} INFO - Started process (PID=1616) to work on /opt/airflow/dags/predict.py
[2026-01-30T20:51:26.566+0000] {processor.py:830} INFO - Processing file /opt/airflow/dags/predict.py for tasks to queue
[2026-01-30T20:51:26.567+0000] {logging_mixin.py:188} INFO - [2026-01-30T20:51:26.567+0000] {dagbag.py:545} INFO - Filling up the DagBag from /opt/airflow/dags/predict.py
[2026-01-30T20:51:28.763+0000] {logging_mixin.py:188} WARNING - /opt/airflow/dags/predict.py:34 RemovedInAirflow3Warning: Function `days_ago` is deprecated and will be removed in Airflow 3.0. You can achieve equivalent behavior with `pendulum.today('UTC').add(days=-N, ...)`
[2026-01-30T20:51:28.765+0000] {logging_mixin.py:188} WARNING - /opt/airflow/dags/predict.py:29 RemovedInAirflow3Warning: Param `schedule_interval` is deprecated and will be removed in a future release. Please use `schedule` instead.
[2026-01-30T20:51:28.770+0000] {processor.py:840} INFO - DAG(s) 'ml_prediction_pipeline' retrieved from /opt/airflow/dags/predict.py
[2026-01-30T20:51:28.795+0000] {logging_mixin.py:188} INFO - [2026-01-30T20:51:28.794+0000] {dag.py:3096} INFO - Sync 1 DAGs
[2026-01-30T20:51:28.814+0000] {logging_mixin.py:188} INFO - [2026-01-30T20:51:28.814+0000] {dag.py:3954} INFO - Setting next_dagrun for ml_prediction_pipeline to 2026-01-29 00:00:00+00:00, run_after=2026-01-30 00:00:00+00:00
[2026-01-30T20:51:28.840+0000] {processor.py:183} INFO - Processing /opt/airflow/dags/predict.py took 2.279 seconds
[2026-01-30T20:51:59.103+0000] {processor.py:161} INFO - Started process (PID=1663) to work on /opt/airflow/dags/predict.py
[2026-01-30T20:51:59.106+0000] {processor.py:830} INFO - Processing file /opt/airflow/dags/predict.py for tasks to queue
[2026-01-30T20:51:59.108+0000] {logging_mixin.py:188} INFO - [2026-01-30T20:51:59.107+0000] {dagbag.py:545} INFO - Filling up the DagBag from /opt/airflow/dags/predict.py
[2026-01-30T20:52:00.924+0000] {logging_mixin.py:188} WARNING - /opt/airflow/dags/predict.py:34 RemovedInAirflow3Warning: Function `days_ago` is deprecated and will be removed in Airflow 3.0. You can achieve equivalent behavior with `pendulum.today('UTC').add(days=-N, ...)`
[2026-01-30T20:52:00.925+0000] {logging_mixin.py:188} WARNING - /opt/airflow/dags/predict.py:29 RemovedInAirflow3Warning: Param `schedule_interval` is deprecated and will be removed in a future release. Please use `schedule` instead.
[2026-01-30T20:52:00.931+0000] {processor.py:840} INFO - DAG(s) 'ml_prediction_pipeline' retrieved from /opt/airflow/dags/predict.py
[2026-01-30T20:52:00.962+0000] {logging_mixin.py:188} INFO - [2026-01-30T20:52:00.961+0000] {dag.py:3096} INFO - Sync 1 DAGs
[2026-01-30T20:52:00.982+0000] {logging_mixin.py:188} INFO - [2026-01-30T20:52:00.982+0000] {dag.py:3954} INFO - Setting next_dagrun for ml_prediction_pipeline to 2026-01-29 00:00:00+00:00, run_after=2026-01-30 00:00:00+00:00
[2026-01-30T20:52:01.006+0000] {processor.py:183} INFO - Processing /opt/airflow/dags/predict.py took 1.907 seconds
[2026-01-30T20:52:31.913+0000] {processor.py:161} INFO - Started process (PID=1706) to work on /opt/airflow/dags/predict.py
[2026-01-30T20:52:31.915+0000] {processor.py:830} INFO - Processing file /opt/airflow/dags/predict.py for tasks to queue
[2026-01-30T20:52:31.916+0000] {logging_mixin.py:188} INFO - [2026-01-30T20:52:31.916+0000] {dagbag.py:545} INFO - Filling up the DagBag from /opt/airflow/dags/predict.py
[2026-01-30T20:52:34.701+0000] {logging_mixin.py:188} WARNING - /opt/airflow/dags/predict.py:34 RemovedInAirflow3Warning: Function `days_ago` is deprecated and will be removed in Airflow 3.0. You can achieve equivalent behavior with `pendulum.today('UTC').add(days=-N, ...)`
[2026-01-30T20:52:34.704+0000] {logging_mixin.py:188} WARNING - /opt/airflow/dags/predict.py:29 RemovedInAirflow3Warning: Param `schedule_interval` is deprecated and will be removed in a future release. Please use `schedule` instead.
[2026-01-30T20:52:34.714+0000] {processor.py:840} INFO - DAG(s) 'ml_prediction_pipeline' retrieved from /opt/airflow/dags/predict.py
[2026-01-30T20:52:34.763+0000] {logging_mixin.py:188} INFO - [2026-01-30T20:52:34.762+0000] {dag.py:3096} INFO - Sync 1 DAGs
[2026-01-30T20:52:34.803+0000] {logging_mixin.py:188} INFO - [2026-01-30T20:52:34.803+0000] {dag.py:3954} INFO - Setting next_dagrun for ml_prediction_pipeline to 2026-01-29 00:00:00+00:00, run_after=2026-01-30 00:00:00+00:00
[2026-01-30T20:52:34.858+0000] {processor.py:183} INFO - Processing /opt/airflow/dags/predict.py took 2.950 seconds
[2026-01-30T20:53:04.924+0000] {processor.py:161} INFO - Started process (PID=1740) to work on /opt/airflow/dags/predict.py
[2026-01-30T20:53:04.927+0000] {processor.py:830} INFO - Processing file /opt/airflow/dags/predict.py for tasks to queue
[2026-01-30T20:53:04.929+0000] {logging_mixin.py:188} INFO - [2026-01-30T20:53:04.929+0000] {dagbag.py:545} INFO - Filling up the DagBag from /opt/airflow/dags/predict.py
[2026-01-30T20:53:07.988+0000] {logging_mixin.py:188} WARNING - /opt/airflow/dags/predict.py:34 RemovedInAirflow3Warning: Function `days_ago` is deprecated and will be removed in Airflow 3.0. You can achieve equivalent behavior with `pendulum.today('UTC').add(days=-N, ...)`
[2026-01-30T20:53:07.989+0000] {logging_mixin.py:188} WARNING - /opt/airflow/dags/predict.py:29 RemovedInAirflow3Warning: Param `schedule_interval` is deprecated and will be removed in a future release. Please use `schedule` instead.
[2026-01-30T20:53:07.994+0000] {processor.py:840} INFO - DAG(s) 'ml_prediction_pipeline' retrieved from /opt/airflow/dags/predict.py
[2026-01-30T20:53:08.018+0000] {logging_mixin.py:188} INFO - [2026-01-30T20:53:08.018+0000] {dag.py:3096} INFO - Sync 1 DAGs
[2026-01-30T20:53:08.035+0000] {logging_mixin.py:188} INFO - [2026-01-30T20:53:08.035+0000] {dag.py:3954} INFO - Setting next_dagrun for ml_prediction_pipeline to 2026-01-29 00:00:00+00:00, run_after=2026-01-30 00:00:00+00:00
[2026-01-30T20:53:08.052+0000] {processor.py:183} INFO - Processing /opt/airflow/dags/predict.py took 3.135 seconds
[2026-01-30T20:53:38.243+0000] {processor.py:161} INFO - Started process (PID=1787) to work on /opt/airflow/dags/predict.py
[2026-01-30T20:53:38.245+0000] {processor.py:830} INFO - Processing file /opt/airflow/dags/predict.py for tasks to queue
[2026-01-30T20:53:38.248+0000] {logging_mixin.py:188} INFO - [2026-01-30T20:53:38.247+0000] {dagbag.py:545} INFO - Filling up the DagBag from /opt/airflow/dags/predict.py
[2026-01-30T20:53:42.003+0000] {logging_mixin.py:188} WARNING - /opt/airflow/dags/predict.py:34 RemovedInAirflow3Warning: Function `days_ago` is deprecated and will be removed in Airflow 3.0. You can achieve equivalent behavior with `pendulum.today('UTC').add(days=-N, ...)`
[2026-01-30T20:53:42.005+0000] {logging_mixin.py:188} WARNING - /opt/airflow/dags/predict.py:29 RemovedInAirflow3Warning: Param `schedule_interval` is deprecated and will be removed in a future release. Please use `schedule` instead.
[2026-01-30T20:53:42.010+0000] {processor.py:840} INFO - DAG(s) 'ml_prediction_pipeline' retrieved from /opt/airflow/dags/predict.py
[2026-01-30T20:53:42.038+0000] {logging_mixin.py:188} INFO - [2026-01-30T20:53:42.038+0000] {dag.py:3096} INFO - Sync 1 DAGs
[2026-01-30T20:53:42.059+0000] {logging_mixin.py:188} INFO - [2026-01-30T20:53:42.058+0000] {dag.py:3954} INFO - Setting next_dagrun for ml_prediction_pipeline to 2026-01-29 00:00:00+00:00, run_after=2026-01-30 00:00:00+00:00
[2026-01-30T20:53:42.079+0000] {processor.py:183} INFO - Processing /opt/airflow/dags/predict.py took 3.842 seconds
[2026-01-30T20:54:12.446+0000] {processor.py:161} INFO - Started process (PID=1830) to work on /opt/airflow/dags/predict.py
[2026-01-30T20:54:12.448+0000] {processor.py:830} INFO - Processing file /opt/airflow/dags/predict.py for tasks to queue
[2026-01-30T20:54:12.449+0000] {logging_mixin.py:188} INFO - [2026-01-30T20:54:12.449+0000] {dagbag.py:545} INFO - Filling up the DagBag from /opt/airflow/dags/predict.py
[2026-01-30T20:54:14.951+0000] {logging_mixin.py:188} WARNING - /opt/airflow/dags/predict.py:34 RemovedInAirflow3Warning: Function `days_ago` is deprecated and will be removed in Airflow 3.0. You can achieve equivalent behavior with `pendulum.today('UTC').add(days=-N, ...)`
[2026-01-30T20:54:14.952+0000] {logging_mixin.py:188} WARNING - /opt/airflow/dags/predict.py:29 RemovedInAirflow3Warning: Param `schedule_interval` is deprecated and will be removed in a future release. Please use `schedule` instead.
[2026-01-30T20:54:14.961+0000] {processor.py:840} INFO - DAG(s) 'ml_prediction_pipeline' retrieved from /opt/airflow/dags/predict.py
[2026-01-30T20:54:14.998+0000] {logging_mixin.py:188} INFO - [2026-01-30T20:54:14.997+0000] {dag.py:3096} INFO - Sync 1 DAGs
[2026-01-30T20:54:15.029+0000] {logging_mixin.py:188} INFO - [2026-01-30T20:54:15.028+0000] {dag.py:3954} INFO - Setting next_dagrun for ml_prediction_pipeline to 2026-01-29 00:00:00+00:00, run_after=2026-01-30 00:00:00+00:00
[2026-01-30T20:54:15.059+0000] {processor.py:183} INFO - Processing /opt/airflow/dags/predict.py took 2.618 seconds
[2026-01-30T20:54:38.573+0000] {processor.py:161} INFO - Started process (PID=1883) to work on /opt/airflow/dags/predict.py
[2026-01-30T20:54:38.575+0000] {processor.py:830} INFO - Processing file /opt/airflow/dags/predict.py for tasks to queue
[2026-01-30T20:54:38.578+0000] {logging_mixin.py:188} INFO - [2026-01-30T20:54:38.577+0000] {dagbag.py:545} INFO - Filling up the DagBag from /opt/airflow/dags/predict.py
[2026-01-30T20:54:41.703+0000] {logging_mixin.py:188} WARNING - /opt/airflow/dags/predict.py:34 RemovedInAirflow3Warning: Function `days_ago` is deprecated and will be removed in Airflow 3.0. You can achieve equivalent behavior with `pendulum.today('UTC').add(days=-N, ...)`
[2026-01-30T20:54:41.704+0000] {logging_mixin.py:188} WARNING - /opt/airflow/dags/predict.py:29 RemovedInAirflow3Warning: Param `schedule_interval` is deprecated and will be removed in a future release. Please use `schedule` instead.
[2026-01-30T20:54:41.710+0000] {processor.py:840} INFO - DAG(s) 'ml_prediction_pipeline' retrieved from /opt/airflow/dags/predict.py
[2026-01-30T20:54:41.735+0000] {logging_mixin.py:188} INFO - [2026-01-30T20:54:41.734+0000] {dag.py:3096} INFO - Sync 1 DAGs
[2026-01-30T20:54:41.754+0000] {logging_mixin.py:188} INFO - [2026-01-30T20:54:41.754+0000] {dag.py:3954} INFO - Setting next_dagrun for ml_prediction_pipeline to 2026-01-29 00:00:00+00:00, run_after=2026-01-30 00:00:00+00:00
[2026-01-30T20:54:41.775+0000] {processor.py:183} INFO - Processing /opt/airflow/dags/predict.py took 3.210 seconds
[2026-01-30T20:55:11.879+0000] {processor.py:161} INFO - Started process (PID=1930) to work on /opt/airflow/dags/predict.py
[2026-01-30T20:55:11.881+0000] {processor.py:830} INFO - Processing file /opt/airflow/dags/predict.py for tasks to queue
[2026-01-30T20:55:11.883+0000] {logging_mixin.py:188} INFO - [2026-01-30T20:55:11.882+0000] {dagbag.py:545} INFO - Filling up the DagBag from /opt/airflow/dags/predict.py
[2026-01-30T20:55:14.243+0000] {logging_mixin.py:188} WARNING - /opt/airflow/dags/predict.py:34 RemovedInAirflow3Warning: Function `days_ago` is deprecated and will be removed in Airflow 3.0. You can achieve equivalent behavior with `pendulum.today('UTC').add(days=-N, ...)`
[2026-01-30T20:55:14.244+0000] {logging_mixin.py:188} WARNING - /opt/airflow/dags/predict.py:29 RemovedInAirflow3Warning: Param `schedule_interval` is deprecated and will be removed in a future release. Please use `schedule` instead.
[2026-01-30T20:55:14.249+0000] {processor.py:840} INFO - DAG(s) 'ml_prediction_pipeline' retrieved from /opt/airflow/dags/predict.py
[2026-01-30T20:55:14.267+0000] {logging_mixin.py:188} INFO - [2026-01-30T20:55:14.266+0000] {dag.py:3096} INFO - Sync 1 DAGs
[2026-01-30T20:55:14.283+0000] {logging_mixin.py:188} INFO - [2026-01-30T20:55:14.283+0000] {dag.py:3954} INFO - Setting next_dagrun for ml_prediction_pipeline to 2026-01-29 00:00:00+00:00, run_after=2026-01-30 00:00:00+00:00
[2026-01-30T20:55:14.300+0000] {processor.py:183} INFO - Processing /opt/airflow/dags/predict.py took 2.426 seconds
[2026-01-30T20:55:45.130+0000] {processor.py:161} INFO - Started process (PID=1977) to work on /opt/airflow/dags/predict.py
[2026-01-30T20:55:45.132+0000] {processor.py:830} INFO - Processing file /opt/airflow/dags/predict.py for tasks to queue
[2026-01-30T20:55:45.133+0000] {logging_mixin.py:188} INFO - [2026-01-30T20:55:45.133+0000] {dagbag.py:545} INFO - Filling up the DagBag from /opt/airflow/dags/predict.py
[2026-01-30T20:55:47.746+0000] {logging_mixin.py:188} WARNING - /opt/airflow/dags/predict.py:34 RemovedInAirflow3Warning: Function `days_ago` is deprecated and will be removed in Airflow 3.0. You can achieve equivalent behavior with `pendulum.today('UTC').add(days=-N, ...)`
[2026-01-30T20:55:47.747+0000] {logging_mixin.py:188} WARNING - /opt/airflow/dags/predict.py:29 RemovedInAirflow3Warning: Param `schedule_interval` is deprecated and will be removed in a future release. Please use `schedule` instead.
[2026-01-30T20:55:47.752+0000] {processor.py:840} INFO - DAG(s) 'ml_prediction_pipeline' retrieved from /opt/airflow/dags/predict.py
[2026-01-30T20:55:47.776+0000] {logging_mixin.py:188} INFO - [2026-01-30T20:55:47.775+0000] {dag.py:3096} INFO - Sync 1 DAGs
[2026-01-30T20:55:47.794+0000] {logging_mixin.py:188} INFO - [2026-01-30T20:55:47.794+0000] {dag.py:3954} INFO - Setting next_dagrun for ml_prediction_pipeline to 2026-01-29 00:00:00+00:00, run_after=2026-01-30 00:00:00+00:00
[2026-01-30T20:55:47.813+0000] {processor.py:183} INFO - Processing /opt/airflow/dags/predict.py took 2.691 seconds
[2026-01-30T20:56:18.111+0000] {processor.py:161} INFO - Started process (PID=2024) to work on /opt/airflow/dags/predict.py
[2026-01-30T20:56:18.114+0000] {processor.py:830} INFO - Processing file /opt/airflow/dags/predict.py for tasks to queue
[2026-01-30T20:56:18.115+0000] {logging_mixin.py:188} INFO - [2026-01-30T20:56:18.115+0000] {dagbag.py:545} INFO - Filling up the DagBag from /opt/airflow/dags/predict.py
[2026-01-30T20:56:20.776+0000] {logging_mixin.py:188} WARNING - /opt/airflow/dags/predict.py:34 RemovedInAirflow3Warning: Function `days_ago` is deprecated and will be removed in Airflow 3.0. You can achieve equivalent behavior with `pendulum.today('UTC').add(days=-N, ...)`
[2026-01-30T20:56:20.778+0000] {logging_mixin.py:188} WARNING - /opt/airflow/dags/predict.py:29 RemovedInAirflow3Warning: Param `schedule_interval` is deprecated and will be removed in a future release. Please use `schedule` instead.
[2026-01-30T20:56:20.785+0000] {processor.py:840} INFO - DAG(s) 'ml_prediction_pipeline' retrieved from /opt/airflow/dags/predict.py
[2026-01-30T20:56:20.815+0000] {logging_mixin.py:188} INFO - [2026-01-30T20:56:20.815+0000] {dag.py:3096} INFO - Sync 1 DAGs
[2026-01-30T20:56:20.837+0000] {logging_mixin.py:188} INFO - [2026-01-30T20:56:20.836+0000] {dag.py:3954} INFO - Setting next_dagrun for ml_prediction_pipeline to 2026-01-29 00:00:00+00:00, run_after=2026-01-30 00:00:00+00:00
[2026-01-30T20:56:20.861+0000] {processor.py:183} INFO - Processing /opt/airflow/dags/predict.py took 2.755 seconds
[2026-01-30T20:56:51.462+0000] {processor.py:161} INFO - Started process (PID=2071) to work on /opt/airflow/dags/predict.py
[2026-01-30T20:56:51.466+0000] {processor.py:830} INFO - Processing file /opt/airflow/dags/predict.py for tasks to queue
[2026-01-30T20:56:51.472+0000] {logging_mixin.py:188} INFO - [2026-01-30T20:56:51.470+0000] {dagbag.py:545} INFO - Filling up the DagBag from /opt/airflow/dags/predict.py
[2026-01-30T20:56:54.604+0000] {logging_mixin.py:188} WARNING - /opt/airflow/dags/predict.py:34 RemovedInAirflow3Warning: Function `days_ago` is deprecated and will be removed in Airflow 3.0. You can achieve equivalent behavior with `pendulum.today('UTC').add(days=-N, ...)`
[2026-01-30T20:56:54.607+0000] {logging_mixin.py:188} WARNING - /opt/airflow/dags/predict.py:29 RemovedInAirflow3Warning: Param `schedule_interval` is deprecated and will be removed in a future release. Please use `schedule` instead.
[2026-01-30T20:56:54.616+0000] {processor.py:840} INFO - DAG(s) 'ml_prediction_pipeline' retrieved from /opt/airflow/dags/predict.py
[2026-01-30T20:56:54.649+0000] {logging_mixin.py:188} INFO - [2026-01-30T20:56:54.648+0000] {dag.py:3096} INFO - Sync 1 DAGs
[2026-01-30T20:56:54.678+0000] {logging_mixin.py:188} INFO - [2026-01-30T20:56:54.678+0000] {dag.py:3954} INFO - Setting next_dagrun for ml_prediction_pipeline to 2026-01-29 00:00:00+00:00, run_after=2026-01-30 00:00:00+00:00
[2026-01-30T20:56:54.710+0000] {processor.py:183} INFO - Processing /opt/airflow/dags/predict.py took 3.263 seconds
[2026-01-30T20:57:24.855+0000] {processor.py:161} INFO - Started process (PID=2118) to work on /opt/airflow/dags/predict.py
[2026-01-30T20:57:24.857+0000] {processor.py:830} INFO - Processing file /opt/airflow/dags/predict.py for tasks to queue
[2026-01-30T20:57:24.859+0000] {logging_mixin.py:188} INFO - [2026-01-30T20:57:24.859+0000] {dagbag.py:545} INFO - Filling up the DagBag from /opt/airflow/dags/predict.py
[2026-01-30T20:57:27.895+0000] {logging_mixin.py:188} WARNING - /opt/airflow/dags/predict.py:34 RemovedInAirflow3Warning: Function `days_ago` is deprecated and will be removed in Airflow 3.0. You can achieve equivalent behavior with `pendulum.today('UTC').add(days=-N, ...)`
[2026-01-30T20:57:27.897+0000] {logging_mixin.py:188} WARNING - /opt/airflow/dags/predict.py:29 RemovedInAirflow3Warning: Param `schedule_interval` is deprecated and will be removed in a future release. Please use `schedule` instead.
[2026-01-30T20:57:27.905+0000] {processor.py:840} INFO - DAG(s) 'ml_prediction_pipeline' retrieved from /opt/airflow/dags/predict.py
[2026-01-30T20:57:27.933+0000] {logging_mixin.py:188} INFO - [2026-01-30T20:57:27.932+0000] {dag.py:3096} INFO - Sync 1 DAGs
[2026-01-30T20:57:27.956+0000] {logging_mixin.py:188} INFO - [2026-01-30T20:57:27.955+0000] {dag.py:3954} INFO - Setting next_dagrun for ml_prediction_pipeline to 2026-01-29 00:00:00+00:00, run_after=2026-01-30 00:00:00+00:00
[2026-01-30T20:57:27.985+0000] {processor.py:183} INFO - Processing /opt/airflow/dags/predict.py took 3.136 seconds
[2026-01-30T20:57:58.348+0000] {processor.py:161} INFO - Started process (PID=2165) to work on /opt/airflow/dags/predict.py
[2026-01-30T20:57:58.350+0000] {processor.py:830} INFO - Processing file /opt/airflow/dags/predict.py for tasks to queue
[2026-01-30T20:57:58.352+0000] {logging_mixin.py:188} INFO - [2026-01-30T20:57:58.352+0000] {dagbag.py:545} INFO - Filling up the DagBag from /opt/airflow/dags/predict.py
[2026-01-30T20:57:59.970+0000] {logging_mixin.py:188} WARNING - /opt/airflow/dags/predict.py:34 RemovedInAirflow3Warning: Function `days_ago` is deprecated and will be removed in Airflow 3.0. You can achieve equivalent behavior with `pendulum.today('UTC').add(days=-N, ...)`
[2026-01-30T20:57:59.970+0000] {logging_mixin.py:188} WARNING - /opt/airflow/dags/predict.py:29 RemovedInAirflow3Warning: Param `schedule_interval` is deprecated and will be removed in a future release. Please use `schedule` instead.
[2026-01-30T20:57:59.974+0000] {processor.py:840} INFO - DAG(s) 'ml_prediction_pipeline' retrieved from /opt/airflow/dags/predict.py
[2026-01-30T20:57:59.991+0000] {logging_mixin.py:188} INFO - [2026-01-30T20:57:59.990+0000] {dag.py:3096} INFO - Sync 1 DAGs
[2026-01-30T20:58:00.005+0000] {logging_mixin.py:188} INFO - [2026-01-30T20:58:00.005+0000] {dag.py:3954} INFO - Setting next_dagrun for ml_prediction_pipeline to 2026-01-29 00:00:00+00:00, run_after=2026-01-30 00:00:00+00:00
[2026-01-30T20:58:00.017+0000] {processor.py:183} INFO - Processing /opt/airflow/dags/predict.py took 1.673 seconds
[2026-01-30T20:58:30.153+0000] {processor.py:161} INFO - Started process (PID=2212) to work on /opt/airflow/dags/predict.py
[2026-01-30T20:58:30.155+0000] {processor.py:830} INFO - Processing file /opt/airflow/dags/predict.py for tasks to queue
[2026-01-30T20:58:30.156+0000] {logging_mixin.py:188} INFO - [2026-01-30T20:58:30.156+0000] {dagbag.py:545} INFO - Filling up the DagBag from /opt/airflow/dags/predict.py
[2026-01-30T20:58:31.992+0000] {logging_mixin.py:188} WARNING - /opt/airflow/dags/predict.py:34 RemovedInAirflow3Warning: Function `days_ago` is deprecated and will be removed in Airflow 3.0. You can achieve equivalent behavior with `pendulum.today('UTC').add(days=-N, ...)`
[2026-01-30T20:58:31.993+0000] {logging_mixin.py:188} WARNING - /opt/airflow/dags/predict.py:29 RemovedInAirflow3Warning: Param `schedule_interval` is deprecated and will be removed in a future release. Please use `schedule` instead.
[2026-01-30T20:58:31.996+0000] {processor.py:840} INFO - DAG(s) 'ml_prediction_pipeline' retrieved from /opt/airflow/dags/predict.py
[2026-01-30T20:58:32.010+0000] {logging_mixin.py:188} INFO - [2026-01-30T20:58:32.010+0000] {dag.py:3096} INFO - Sync 1 DAGs
[2026-01-30T20:58:32.021+0000] {logging_mixin.py:188} INFO - [2026-01-30T20:58:32.021+0000] {dag.py:3954} INFO - Setting next_dagrun for ml_prediction_pipeline to 2026-01-29 00:00:00+00:00, run_after=2026-01-30 00:00:00+00:00
[2026-01-30T20:58:32.033+0000] {processor.py:183} INFO - Processing /opt/airflow/dags/predict.py took 1.884 seconds
[2026-01-30T20:59:02.146+0000] {processor.py:161} INFO - Started process (PID=2265) to work on /opt/airflow/dags/predict.py
[2026-01-30T20:59:02.148+0000] {processor.py:830} INFO - Processing file /opt/airflow/dags/predict.py for tasks to queue
[2026-01-30T20:59:02.149+0000] {logging_mixin.py:188} INFO - [2026-01-30T20:59:02.149+0000] {dagbag.py:545} INFO - Filling up the DagBag from /opt/airflow/dags/predict.py
[2026-01-30T20:59:03.707+0000] {logging_mixin.py:188} WARNING - /opt/airflow/dags/predict.py:34 RemovedInAirflow3Warning: Function `days_ago` is deprecated and will be removed in Airflow 3.0. You can achieve equivalent behavior with `pendulum.today('UTC').add(days=-N, ...)`
[2026-01-30T20:59:03.708+0000] {logging_mixin.py:188} WARNING - /opt/airflow/dags/predict.py:29 RemovedInAirflow3Warning: Param `schedule_interval` is deprecated and will be removed in a future release. Please use `schedule` instead.
[2026-01-30T20:59:03.711+0000] {processor.py:840} INFO - DAG(s) 'ml_prediction_pipeline' retrieved from /opt/airflow/dags/predict.py
[2026-01-30T20:59:03.729+0000] {logging_mixin.py:188} INFO - [2026-01-30T20:59:03.729+0000] {dag.py:3096} INFO - Sync 1 DAGs
[2026-01-30T20:59:03.741+0000] {logging_mixin.py:188} INFO - [2026-01-30T20:59:03.740+0000] {dag.py:3954} INFO - Setting next_dagrun for ml_prediction_pipeline to 2026-01-29 00:00:00+00:00, run_after=2026-01-30 00:00:00+00:00
[2026-01-30T20:59:03.754+0000] {processor.py:183} INFO - Processing /opt/airflow/dags/predict.py took 1.612 seconds
[2026-01-30T20:59:34.123+0000] {processor.py:161} INFO - Started process (PID=2306) to work on /opt/airflow/dags/predict.py
[2026-01-30T20:59:34.126+0000] {processor.py:830} INFO - Processing file /opt/airflow/dags/predict.py for tasks to queue
[2026-01-30T20:59:34.128+0000] {logging_mixin.py:188} INFO - [2026-01-30T20:59:34.128+0000] {dagbag.py:545} INFO - Filling up the DagBag from /opt/airflow/dags/predict.py
[2026-01-30T20:59:35.842+0000] {logging_mixin.py:188} WARNING - /opt/airflow/dags/predict.py:34 RemovedInAirflow3Warning: Function `days_ago` is deprecated and will be removed in Airflow 3.0. You can achieve equivalent behavior with `pendulum.today('UTC').add(days=-N, ...)`
[2026-01-30T20:59:35.843+0000] {logging_mixin.py:188} WARNING - /opt/airflow/dags/predict.py:29 RemovedInAirflow3Warning: Param `schedule_interval` is deprecated and will be removed in a future release. Please use `schedule` instead.
[2026-01-30T20:59:35.848+0000] {processor.py:840} INFO - DAG(s) 'ml_prediction_pipeline' retrieved from /opt/airflow/dags/predict.py
[2026-01-30T20:59:35.874+0000] {logging_mixin.py:188} INFO - [2026-01-30T20:59:35.874+0000] {dag.py:3096} INFO - Sync 1 DAGs
[2026-01-30T20:59:35.889+0000] {logging_mixin.py:188} INFO - [2026-01-30T20:59:35.889+0000] {dag.py:3954} INFO - Setting next_dagrun for ml_prediction_pipeline to 2026-01-29 00:00:00+00:00, run_after=2026-01-30 00:00:00+00:00
[2026-01-30T20:59:35.904+0000] {processor.py:183} INFO - Processing /opt/airflow/dags/predict.py took 1.784 seconds
[2026-01-30T21:00:06.657+0000] {processor.py:161} INFO - Started process (PID=2353) to work on /opt/airflow/dags/predict.py
[2026-01-30T21:00:06.659+0000] {processor.py:830} INFO - Processing file /opt/airflow/dags/predict.py for tasks to queue
[2026-01-30T21:00:06.660+0000] {logging_mixin.py:188} INFO - [2026-01-30T21:00:06.660+0000] {dagbag.py:545} INFO - Filling up the DagBag from /opt/airflow/dags/predict.py
[2026-01-30T21:00:08.286+0000] {logging_mixin.py:188} WARNING - /opt/airflow/dags/predict.py:34 RemovedInAirflow3Warning: Function `days_ago` is deprecated and will be removed in Airflow 3.0. You can achieve equivalent behavior with `pendulum.today('UTC').add(days=-N, ...)`
[2026-01-30T21:00:08.289+0000] {logging_mixin.py:188} WARNING - /opt/airflow/dags/predict.py:29 RemovedInAirflow3Warning: Param `schedule_interval` is deprecated and will be removed in a future release. Please use `schedule` instead.
[2026-01-30T21:00:08.292+0000] {processor.py:840} INFO - DAG(s) 'ml_prediction_pipeline' retrieved from /opt/airflow/dags/predict.py
[2026-01-30T21:00:08.308+0000] {logging_mixin.py:188} INFO - [2026-01-30T21:00:08.307+0000] {dag.py:3096} INFO - Sync 1 DAGs
[2026-01-30T21:00:08.320+0000] {logging_mixin.py:188} INFO - [2026-01-30T21:00:08.320+0000] {dag.py:3954} INFO - Setting next_dagrun for ml_prediction_pipeline to 2026-01-29 00:00:00+00:00, run_after=2026-01-30 00:00:00+00:00
[2026-01-30T21:00:08.335+0000] {processor.py:183} INFO - Processing /opt/airflow/dags/predict.py took 1.682 seconds
[2026-01-30T21:00:38.645+0000] {processor.py:161} INFO - Started process (PID=2400) to work on /opt/airflow/dags/predict.py
[2026-01-30T21:00:38.648+0000] {processor.py:830} INFO - Processing file /opt/airflow/dags/predict.py for tasks to queue
[2026-01-30T21:00:38.649+0000] {logging_mixin.py:188} INFO - [2026-01-30T21:00:38.649+0000] {dagbag.py:545} INFO - Filling up the DagBag from /opt/airflow/dags/predict.py
[2026-01-30T21:00:40.186+0000] {logging_mixin.py:188} WARNING - /opt/airflow/dags/predict.py:34 RemovedInAirflow3Warning: Function `days_ago` is deprecated and will be removed in Airflow 3.0. You can achieve equivalent behavior with `pendulum.today('UTC').add(days=-N, ...)`
[2026-01-30T21:00:40.187+0000] {logging_mixin.py:188} WARNING - /opt/airflow/dags/predict.py:29 RemovedInAirflow3Warning: Param `schedule_interval` is deprecated and will be removed in a future release. Please use `schedule` instead.
[2026-01-30T21:00:40.191+0000] {processor.py:840} INFO - DAG(s) 'ml_prediction_pipeline' retrieved from /opt/airflow/dags/predict.py
[2026-01-30T21:00:40.207+0000] {logging_mixin.py:188} INFO - [2026-01-30T21:00:40.207+0000] {dag.py:3096} INFO - Sync 1 DAGs
[2026-01-30T21:00:40.219+0000] {logging_mixin.py:188} INFO - [2026-01-30T21:00:40.219+0000] {dag.py:3954} INFO - Setting next_dagrun for ml_prediction_pipeline to 2026-01-29 00:00:00+00:00, run_after=2026-01-30 00:00:00+00:00
[2026-01-30T21:00:40.234+0000] {processor.py:183} INFO - Processing /opt/airflow/dags/predict.py took 1.593 seconds
[2026-01-30T21:01:11.982+0000] {processor.py:161} INFO - Started process (PID=2441) to work on /opt/airflow/dags/predict.py
[2026-01-30T21:01:11.990+0000] {processor.py:830} INFO - Processing file /opt/airflow/dags/predict.py for tasks to queue
[2026-01-30T21:01:11.993+0000] {logging_mixin.py:188} INFO - [2026-01-30T21:01:11.993+0000] {dagbag.py:545} INFO - Filling up the DagBag from /opt/airflow/dags/predict.py
[2026-01-30T21:01:16.611+0000] {logging_mixin.py:188} WARNING - /opt/airflow/dags/predict.py:34 RemovedInAirflow3Warning: Function `days_ago` is deprecated and will be removed in Airflow 3.0. You can achieve equivalent behavior with `pendulum.today('UTC').add(days=-N, ...)`
[2026-01-30T21:01:16.612+0000] {logging_mixin.py:188} WARNING - /opt/airflow/dags/predict.py:29 RemovedInAirflow3Warning: Param `schedule_interval` is deprecated and will be removed in a future release. Please use `schedule` instead.
[2026-01-30T21:01:16.619+0000] {processor.py:840} INFO - DAG(s) 'ml_prediction_pipeline' retrieved from /opt/airflow/dags/predict.py
[2026-01-30T21:01:16.651+0000] {logging_mixin.py:188} INFO - [2026-01-30T21:01:16.650+0000] {dag.py:3096} INFO - Sync 1 DAGs
[2026-01-30T21:01:16.672+0000] {logging_mixin.py:188} INFO - [2026-01-30T21:01:16.672+0000] {dag.py:3954} INFO - Setting next_dagrun for ml_prediction_pipeline to 2026-01-29 00:00:00+00:00, run_after=2026-01-30 00:00:00+00:00
[2026-01-30T21:01:16.693+0000] {processor.py:183} INFO - Processing /opt/airflow/dags/predict.py took 4.726 seconds
[2026-01-30T21:01:47.425+0000] {processor.py:161} INFO - Started process (PID=2501) to work on /opt/airflow/dags/predict.py
[2026-01-30T21:01:47.426+0000] {processor.py:830} INFO - Processing file /opt/airflow/dags/predict.py for tasks to queue
[2026-01-30T21:01:47.427+0000] {logging_mixin.py:188} INFO - [2026-01-30T21:01:47.427+0000] {dagbag.py:545} INFO - Filling up the DagBag from /opt/airflow/dags/predict.py
[2026-01-30T21:01:49.011+0000] {logging_mixin.py:188} WARNING - /opt/airflow/dags/predict.py:34 RemovedInAirflow3Warning: Function `days_ago` is deprecated and will be removed in Airflow 3.0. You can achieve equivalent behavior with `pendulum.today('UTC').add(days=-N, ...)`
[2026-01-30T21:01:49.012+0000] {logging_mixin.py:188} WARNING - /opt/airflow/dags/predict.py:29 RemovedInAirflow3Warning: Param `schedule_interval` is deprecated and will be removed in a future release. Please use `schedule` instead.
[2026-01-30T21:01:49.015+0000] {processor.py:840} INFO - DAG(s) 'ml_prediction_pipeline' retrieved from /opt/airflow/dags/predict.py
[2026-01-30T21:01:49.032+0000] {logging_mixin.py:188} INFO - [2026-01-30T21:01:49.032+0000] {dag.py:3096} INFO - Sync 1 DAGs
[2026-01-30T21:01:49.047+0000] {logging_mixin.py:188} INFO - [2026-01-30T21:01:49.047+0000] {dag.py:3954} INFO - Setting next_dagrun for ml_prediction_pipeline to 2026-01-29 00:00:00+00:00, run_after=2026-01-30 00:00:00+00:00
[2026-01-30T21:01:49.059+0000] {processor.py:183} INFO - Processing /opt/airflow/dags/predict.py took 1.639 seconds
[2026-01-30T21:02:19.155+0000] {processor.py:161} INFO - Started process (PID=2542) to work on /opt/airflow/dags/predict.py
[2026-01-30T21:02:19.157+0000] {processor.py:830} INFO - Processing file /opt/airflow/dags/predict.py for tasks to queue
[2026-01-30T21:02:19.158+0000] {logging_mixin.py:188} INFO - [2026-01-30T21:02:19.158+0000] {dagbag.py:545} INFO - Filling up the DagBag from /opt/airflow/dags/predict.py
[2026-01-30T21:02:20.868+0000] {logging_mixin.py:188} WARNING - /opt/airflow/dags/predict.py:34 RemovedInAirflow3Warning: Function `days_ago` is deprecated and will be removed in Airflow 3.0. You can achieve equivalent behavior with `pendulum.today('UTC').add(days=-N, ...)`
[2026-01-30T21:02:20.870+0000] {logging_mixin.py:188} WARNING - /opt/airflow/dags/predict.py:29 RemovedInAirflow3Warning: Param `schedule_interval` is deprecated and will be removed in a future release. Please use `schedule` instead.
[2026-01-30T21:02:20.875+0000] {processor.py:840} INFO - DAG(s) 'ml_prediction_pipeline' retrieved from /opt/airflow/dags/predict.py
[2026-01-30T21:02:20.899+0000] {logging_mixin.py:188} INFO - [2026-01-30T21:02:20.899+0000] {dag.py:3096} INFO - Sync 1 DAGs
[2026-01-30T21:02:20.917+0000] {logging_mixin.py:188} INFO - [2026-01-30T21:02:20.916+0000] {dag.py:3954} INFO - Setting next_dagrun for ml_prediction_pipeline to 2026-01-29 00:00:00+00:00, run_after=2026-01-30 00:00:00+00:00
[2026-01-30T21:02:20.934+0000] {processor.py:183} INFO - Processing /opt/airflow/dags/predict.py took 1.783 seconds
[2026-01-30T21:02:51.434+0000] {processor.py:161} INFO - Started process (PID=2589) to work on /opt/airflow/dags/predict.py
[2026-01-30T21:02:51.436+0000] {processor.py:830} INFO - Processing file /opt/airflow/dags/predict.py for tasks to queue
[2026-01-30T21:02:51.437+0000] {logging_mixin.py:188} INFO - [2026-01-30T21:02:51.437+0000] {dagbag.py:545} INFO - Filling up the DagBag from /opt/airflow/dags/predict.py
[2026-01-30T21:02:53.188+0000] {logging_mixin.py:188} WARNING - /opt/airflow/dags/predict.py:34 RemovedInAirflow3Warning: Function `days_ago` is deprecated and will be removed in Airflow 3.0. You can achieve equivalent behavior with `pendulum.today('UTC').add(days=-N, ...)`
[2026-01-30T21:02:53.188+0000] {logging_mixin.py:188} WARNING - /opt/airflow/dags/predict.py:29 RemovedInAirflow3Warning: Param `schedule_interval` is deprecated and will be removed in a future release. Please use `schedule` instead.
[2026-01-30T21:02:53.192+0000] {processor.py:840} INFO - DAG(s) 'ml_prediction_pipeline' retrieved from /opt/airflow/dags/predict.py
[2026-01-30T21:02:53.210+0000] {logging_mixin.py:188} INFO - [2026-01-30T21:02:53.210+0000] {dag.py:3096} INFO - Sync 1 DAGs
[2026-01-30T21:02:53.225+0000] {logging_mixin.py:188} INFO - [2026-01-30T21:02:53.225+0000] {dag.py:3954} INFO - Setting next_dagrun for ml_prediction_pipeline to 2026-01-29 00:00:00+00:00, run_after=2026-01-30 00:00:00+00:00
[2026-01-30T21:02:53.243+0000] {processor.py:183} INFO - Processing /opt/airflow/dags/predict.py took 1.813 seconds
[2026-01-30T21:03:23.382+0000] {processor.py:161} INFO - Started process (PID=2636) to work on /opt/airflow/dags/predict.py
[2026-01-30T21:03:23.384+0000] {processor.py:830} INFO - Processing file /opt/airflow/dags/predict.py for tasks to queue
[2026-01-30T21:03:23.386+0000] {logging_mixin.py:188} INFO - [2026-01-30T21:03:23.385+0000] {dagbag.py:545} INFO - Filling up the DagBag from /opt/airflow/dags/predict.py
[2026-01-30T21:03:25.091+0000] {logging_mixin.py:188} WARNING - /opt/airflow/dags/predict.py:34 RemovedInAirflow3Warning: Function `days_ago` is deprecated and will be removed in Airflow 3.0. You can achieve equivalent behavior with `pendulum.today('UTC').add(days=-N, ...)`
[2026-01-30T21:03:25.092+0000] {logging_mixin.py:188} WARNING - /opt/airflow/dags/predict.py:29 RemovedInAirflow3Warning: Param `schedule_interval` is deprecated and will be removed in a future release. Please use `schedule` instead.
[2026-01-30T21:03:25.095+0000] {processor.py:840} INFO - DAG(s) 'ml_prediction_pipeline' retrieved from /opt/airflow/dags/predict.py
[2026-01-30T21:03:25.111+0000] {logging_mixin.py:188} INFO - [2026-01-30T21:03:25.110+0000] {dag.py:3096} INFO - Sync 1 DAGs
[2026-01-30T21:03:25.122+0000] {logging_mixin.py:188} INFO - [2026-01-30T21:03:25.122+0000] {dag.py:3954} INFO - Setting next_dagrun for ml_prediction_pipeline to 2026-01-29 00:00:00+00:00, run_after=2026-01-30 00:00:00+00:00
[2026-01-30T21:03:25.134+0000] {processor.py:183} INFO - Processing /opt/airflow/dags/predict.py took 1.757 seconds
[2026-01-30T21:03:55.909+0000] {processor.py:161} INFO - Started process (PID=2684) to work on /opt/airflow/dags/predict.py
[2026-01-30T21:03:55.911+0000] {processor.py:830} INFO - Processing file /opt/airflow/dags/predict.py for tasks to queue
[2026-01-30T21:03:55.912+0000] {logging_mixin.py:188} INFO - [2026-01-30T21:03:55.912+0000] {dagbag.py:545} INFO - Filling up the DagBag from /opt/airflow/dags/predict.py
[2026-01-30T21:03:57.622+0000] {logging_mixin.py:188} WARNING - /opt/airflow/dags/predict.py:34 RemovedInAirflow3Warning: Function `days_ago` is deprecated and will be removed in Airflow 3.0. You can achieve equivalent behavior with `pendulum.today('UTC').add(days=-N, ...)`
[2026-01-30T21:03:57.625+0000] {logging_mixin.py:188} WARNING - /opt/airflow/dags/predict.py:29 RemovedInAirflow3Warning: Param `schedule_interval` is deprecated and will be removed in a future release. Please use `schedule` instead.
[2026-01-30T21:03:57.629+0000] {processor.py:840} INFO - DAG(s) 'ml_prediction_pipeline' retrieved from /opt/airflow/dags/predict.py
[2026-01-30T21:03:57.649+0000] {logging_mixin.py:188} INFO - [2026-01-30T21:03:57.649+0000] {dag.py:3096} INFO - Sync 1 DAGs
[2026-01-30T21:03:57.664+0000] {logging_mixin.py:188} INFO - [2026-01-30T21:03:57.664+0000] {dag.py:3954} INFO - Setting next_dagrun for ml_prediction_pipeline to 2026-01-29 00:00:00+00:00, run_after=2026-01-30 00:00:00+00:00
[2026-01-30T21:03:57.682+0000] {processor.py:183} INFO - Processing /opt/airflow/dags/predict.py took 1.776 seconds
[2026-01-30T21:04:28.904+0000] {processor.py:161} INFO - Started process (PID=2725) to work on /opt/airflow/dags/predict.py
[2026-01-30T21:04:28.907+0000] {processor.py:830} INFO - Processing file /opt/airflow/dags/predict.py for tasks to queue
[2026-01-30T21:04:28.909+0000] {logging_mixin.py:188} INFO - [2026-01-30T21:04:28.908+0000] {dagbag.py:545} INFO - Filling up the DagBag from /opt/airflow/dags/predict.py
[2026-01-30T21:04:30.489+0000] {logging_mixin.py:188} WARNING - /opt/airflow/dags/predict.py:34 RemovedInAirflow3Warning: Function `days_ago` is deprecated and will be removed in Airflow 3.0. You can achieve equivalent behavior with `pendulum.today('UTC').add(days=-N, ...)`
[2026-01-30T21:04:30.490+0000] {logging_mixin.py:188} WARNING - /opt/airflow/dags/predict.py:29 RemovedInAirflow3Warning: Param `schedule_interval` is deprecated and will be removed in a future release. Please use `schedule` instead.
[2026-01-30T21:04:30.493+0000] {processor.py:840} INFO - DAG(s) 'ml_prediction_pipeline' retrieved from /opt/airflow/dags/predict.py
[2026-01-30T21:04:30.508+0000] {logging_mixin.py:188} INFO - [2026-01-30T21:04:30.508+0000] {dag.py:3096} INFO - Sync 1 DAGs
[2026-01-30T21:04:30.522+0000] {logging_mixin.py:188} INFO - [2026-01-30T21:04:30.521+0000] {dag.py:3954} INFO - Setting next_dagrun for ml_prediction_pipeline to 2026-01-29 00:00:00+00:00, run_after=2026-01-30 00:00:00+00:00
[2026-01-30T21:04:30.535+0000] {processor.py:183} INFO - Processing /opt/airflow/dags/predict.py took 1.634 seconds
[2026-01-30T21:05:01.936+0000] {processor.py:161} INFO - Started process (PID=2779) to work on /opt/airflow/dags/predict.py
[2026-01-30T21:05:01.939+0000] {processor.py:830} INFO - Processing file /opt/airflow/dags/predict.py for tasks to queue
[2026-01-30T21:05:01.941+0000] {logging_mixin.py:188} INFO - [2026-01-30T21:05:01.941+0000] {dagbag.py:545} INFO - Filling up the DagBag from /opt/airflow/dags/predict.py
[2026-01-30T21:05:03.817+0000] {logging_mixin.py:188} WARNING - /opt/airflow/dags/predict.py:34 RemovedInAirflow3Warning: Function `days_ago` is deprecated and will be removed in Airflow 3.0. You can achieve equivalent behavior with `pendulum.today('UTC').add(days=-N, ...)`
[2026-01-30T21:05:03.818+0000] {logging_mixin.py:188} WARNING - /opt/airflow/dags/predict.py:29 RemovedInAirflow3Warning: Param `schedule_interval` is deprecated and will be removed in a future release. Please use `schedule` instead.
[2026-01-30T21:05:03.821+0000] {processor.py:840} INFO - DAG(s) 'ml_prediction_pipeline' retrieved from /opt/airflow/dags/predict.py
[2026-01-30T21:05:03.837+0000] {logging_mixin.py:188} INFO - [2026-01-30T21:05:03.837+0000] {dag.py:3096} INFO - Sync 1 DAGs
[2026-01-30T21:05:03.848+0000] {logging_mixin.py:188} INFO - [2026-01-30T21:05:03.848+0000] {dag.py:3954} INFO - Setting next_dagrun for ml_prediction_pipeline to 2026-01-29 00:00:00+00:00, run_after=2026-01-30 00:00:00+00:00
[2026-01-30T21:05:03.862+0000] {processor.py:183} INFO - Processing /opt/airflow/dags/predict.py took 1.932 seconds
[2026-01-30T21:05:34.937+0000] {processor.py:161} INFO - Started process (PID=2820) to work on /opt/airflow/dags/predict.py
[2026-01-30T21:05:34.938+0000] {processor.py:830} INFO - Processing file /opt/airflow/dags/predict.py for tasks to queue
[2026-01-30T21:05:34.939+0000] {logging_mixin.py:188} INFO - [2026-01-30T21:05:34.938+0000] {dagbag.py:545} INFO - Filling up the DagBag from /opt/airflow/dags/predict.py
[2026-01-30T21:05:36.555+0000] {logging_mixin.py:188} WARNING - /opt/airflow/dags/predict.py:34 RemovedInAirflow3Warning: Function `days_ago` is deprecated and will be removed in Airflow 3.0. You can achieve equivalent behavior with `pendulum.today('UTC').add(days=-N, ...)`
[2026-01-30T21:05:36.556+0000] {logging_mixin.py:188} WARNING - /opt/airflow/dags/predict.py:29 RemovedInAirflow3Warning: Param `schedule_interval` is deprecated and will be removed in a future release. Please use `schedule` instead.
[2026-01-30T21:05:36.563+0000] {processor.py:840} INFO - DAG(s) 'ml_prediction_pipeline' retrieved from /opt/airflow/dags/predict.py
[2026-01-30T21:05:36.584+0000] {logging_mixin.py:188} INFO - [2026-01-30T21:05:36.584+0000] {dag.py:3096} INFO - Sync 1 DAGs
[2026-01-30T21:05:36.599+0000] {logging_mixin.py:188} INFO - [2026-01-30T21:05:36.599+0000] {dag.py:3954} INFO - Setting next_dagrun for ml_prediction_pipeline to 2026-01-29 00:00:00+00:00, run_after=2026-01-30 00:00:00+00:00
[2026-01-30T21:05:36.616+0000] {processor.py:183} INFO - Processing /opt/airflow/dags/predict.py took 1.682 seconds
[2026-01-30T21:06:07.530+0000] {processor.py:161} INFO - Started process (PID=2867) to work on /opt/airflow/dags/predict.py
[2026-01-30T21:06:07.534+0000] {processor.py:830} INFO - Processing file /opt/airflow/dags/predict.py for tasks to queue
[2026-01-30T21:06:07.536+0000] {logging_mixin.py:188} INFO - [2026-01-30T21:06:07.536+0000] {dagbag.py:545} INFO - Filling up the DagBag from /opt/airflow/dags/predict.py
[2026-01-30T21:06:09.190+0000] {logging_mixin.py:188} WARNING - /opt/airflow/dags/predict.py:34 RemovedInAirflow3Warning: Function `days_ago` is deprecated and will be removed in Airflow 3.0. You can achieve equivalent behavior with `pendulum.today('UTC').add(days=-N, ...)`
[2026-01-30T21:06:09.191+0000] {logging_mixin.py:188} WARNING - /opt/airflow/dags/predict.py:29 RemovedInAirflow3Warning: Param `schedule_interval` is deprecated and will be removed in a future release. Please use `schedule` instead.
[2026-01-30T21:06:09.194+0000] {processor.py:840} INFO - DAG(s) 'ml_prediction_pipeline' retrieved from /opt/airflow/dags/predict.py
[2026-01-30T21:06:09.209+0000] {logging_mixin.py:188} INFO - [2026-01-30T21:06:09.208+0000] {dag.py:3096} INFO - Sync 1 DAGs
[2026-01-30T21:06:09.218+0000] {logging_mixin.py:188} INFO - [2026-01-30T21:06:09.218+0000] {dag.py:3954} INFO - Setting next_dagrun for ml_prediction_pipeline to 2026-01-29 00:00:00+00:00, run_after=2026-01-30 00:00:00+00:00
[2026-01-30T21:06:09.230+0000] {processor.py:183} INFO - Processing /opt/airflow/dags/predict.py took 1.706 seconds
[2026-01-30T21:06:40.269+0000] {processor.py:161} INFO - Started process (PID=2914) to work on /opt/airflow/dags/predict.py
[2026-01-30T21:06:40.270+0000] {processor.py:830} INFO - Processing file /opt/airflow/dags/predict.py for tasks to queue
[2026-01-30T21:06:40.271+0000] {logging_mixin.py:188} INFO - [2026-01-30T21:06:40.271+0000] {dagbag.py:545} INFO - Filling up the DagBag from /opt/airflow/dags/predict.py
[2026-01-30T21:06:41.828+0000] {logging_mixin.py:188} WARNING - /opt/airflow/dags/predict.py:34 RemovedInAirflow3Warning: Function `days_ago` is deprecated and will be removed in Airflow 3.0. You can achieve equivalent behavior with `pendulum.today('UTC').add(days=-N, ...)`
[2026-01-30T21:06:41.829+0000] {logging_mixin.py:188} WARNING - /opt/airflow/dags/predict.py:29 RemovedInAirflow3Warning: Param `schedule_interval` is deprecated and will be removed in a future release. Please use `schedule` instead.
[2026-01-30T21:06:41.833+0000] {processor.py:840} INFO - DAG(s) 'ml_prediction_pipeline' retrieved from /opt/airflow/dags/predict.py
[2026-01-30T21:06:41.854+0000] {logging_mixin.py:188} INFO - [2026-01-30T21:06:41.854+0000] {dag.py:3096} INFO - Sync 1 DAGs
[2026-01-30T21:06:41.873+0000] {logging_mixin.py:188} INFO - [2026-01-30T21:06:41.873+0000] {dag.py:3954} INFO - Setting next_dagrun for ml_prediction_pipeline to 2026-01-29 00:00:00+00:00, run_after=2026-01-30 00:00:00+00:00
[2026-01-30T21:06:41.892+0000] {processor.py:183} INFO - Processing /opt/airflow/dags/predict.py took 1.627 seconds
[2026-01-30T21:07:13.242+0000] {processor.py:161} INFO - Started process (PID=2961) to work on /opt/airflow/dags/predict.py
[2026-01-30T21:07:13.245+0000] {processor.py:830} INFO - Processing file /opt/airflow/dags/predict.py for tasks to queue
[2026-01-30T21:07:13.246+0000] {logging_mixin.py:188} INFO - [2026-01-30T21:07:13.245+0000] {dagbag.py:545} INFO - Filling up the DagBag from /opt/airflow/dags/predict.py
[2026-01-30T21:07:14.905+0000] {logging_mixin.py:188} WARNING - /opt/airflow/dags/predict.py:34 RemovedInAirflow3Warning: Function `days_ago` is deprecated and will be removed in Airflow 3.0. You can achieve equivalent behavior with `pendulum.today('UTC').add(days=-N, ...)`
[2026-01-30T21:07:14.905+0000] {logging_mixin.py:188} WARNING - /opt/airflow/dags/predict.py:29 RemovedInAirflow3Warning: Param `schedule_interval` is deprecated and will be removed in a future release. Please use `schedule` instead.
[2026-01-30T21:07:14.909+0000] {processor.py:840} INFO - DAG(s) 'ml_prediction_pipeline' retrieved from /opt/airflow/dags/predict.py
[2026-01-30T21:07:14.923+0000] {logging_mixin.py:188} INFO - [2026-01-30T21:07:14.922+0000] {dag.py:3096} INFO - Sync 1 DAGs
[2026-01-30T21:07:14.935+0000] {logging_mixin.py:188} INFO - [2026-01-30T21:07:14.935+0000] {dag.py:3954} INFO - Setting next_dagrun for ml_prediction_pipeline to 2026-01-29 00:00:00+00:00, run_after=2026-01-30 00:00:00+00:00
[2026-01-30T21:07:14.947+0000] {processor.py:183} INFO - Processing /opt/airflow/dags/predict.py took 1.708 seconds
[2026-01-30T21:07:46.141+0000] {processor.py:161} INFO - Started process (PID=3012) to work on /opt/airflow/dags/predict.py
[2026-01-30T21:07:46.141+0000] {processor.py:830} INFO - Processing file /opt/airflow/dags/predict.py for tasks to queue
[2026-01-30T21:07:46.142+0000] {logging_mixin.py:188} INFO - [2026-01-30T21:07:46.142+0000] {dagbag.py:545} INFO - Filling up the DagBag from /opt/airflow/dags/predict.py
[2026-01-30T21:07:47.724+0000] {logging_mixin.py:188} WARNING - /opt/airflow/dags/predict.py:34 RemovedInAirflow3Warning: Function `days_ago` is deprecated and will be removed in Airflow 3.0. You can achieve equivalent behavior with `pendulum.today('UTC').add(days=-N, ...)`
[2026-01-30T21:07:47.725+0000] {logging_mixin.py:188} WARNING - /opt/airflow/dags/predict.py:29 RemovedInAirflow3Warning: Param `schedule_interval` is deprecated and will be removed in a future release. Please use `schedule` instead.
[2026-01-30T21:07:47.728+0000] {processor.py:840} INFO - DAG(s) 'ml_prediction_pipeline' retrieved from /opt/airflow/dags/predict.py
[2026-01-30T21:07:47.742+0000] {logging_mixin.py:188} INFO - [2026-01-30T21:07:47.742+0000] {dag.py:3096} INFO - Sync 1 DAGs
[2026-01-30T21:07:47.754+0000] {logging_mixin.py:188} INFO - [2026-01-30T21:07:47.754+0000] {dag.py:3954} INFO - Setting next_dagrun for ml_prediction_pipeline to 2026-01-29 00:00:00+00:00, run_after=2026-01-30 00:00:00+00:00
[2026-01-30T21:07:47.765+0000] {processor.py:183} INFO - Processing /opt/airflow/dags/predict.py took 1.628 seconds
[2026-01-30T21:08:19.087+0000] {processor.py:161} INFO - Started process (PID=3055) to work on /opt/airflow/dags/predict.py
[2026-01-30T21:08:19.090+0000] {processor.py:830} INFO - Processing file /opt/airflow/dags/predict.py for tasks to queue
[2026-01-30T21:08:19.091+0000] {logging_mixin.py:188} INFO - [2026-01-30T21:08:19.091+0000] {dagbag.py:545} INFO - Filling up the DagBag from /opt/airflow/dags/predict.py
[2026-01-30T21:08:20.721+0000] {logging_mixin.py:188} WARNING - /opt/airflow/dags/predict.py:34 RemovedInAirflow3Warning: Function `days_ago` is deprecated and will be removed in Airflow 3.0. You can achieve equivalent behavior with `pendulum.today('UTC').add(days=-N, ...)`
[2026-01-30T21:08:20.722+0000] {logging_mixin.py:188} WARNING - /opt/airflow/dags/predict.py:29 RemovedInAirflow3Warning: Param `schedule_interval` is deprecated and will be removed in a future release. Please use `schedule` instead.
[2026-01-30T21:08:20.725+0000] {processor.py:840} INFO - DAG(s) 'ml_prediction_pipeline' retrieved from /opt/airflow/dags/predict.py
[2026-01-30T21:08:20.741+0000] {logging_mixin.py:188} INFO - [2026-01-30T21:08:20.740+0000] {dag.py:3096} INFO - Sync 1 DAGs
[2026-01-30T21:08:20.753+0000] {logging_mixin.py:188} INFO - [2026-01-30T21:08:20.752+0000] {dag.py:3954} INFO - Setting next_dagrun for ml_prediction_pipeline to 2026-01-29 00:00:00+00:00, run_after=2026-01-30 00:00:00+00:00
[2026-01-30T21:08:20.763+0000] {processor.py:183} INFO - Processing /opt/airflow/dags/predict.py took 1.680 seconds
[2026-01-30T21:08:51.861+0000] {processor.py:161} INFO - Started process (PID=3106) to work on /opt/airflow/dags/predict.py
[2026-01-30T21:08:51.861+0000] {processor.py:830} INFO - Processing file /opt/airflow/dags/predict.py for tasks to queue
[2026-01-30T21:08:51.862+0000] {logging_mixin.py:188} INFO - [2026-01-30T21:08:51.862+0000] {dagbag.py:545} INFO - Filling up the DagBag from /opt/airflow/dags/predict.py
[2026-01-30T21:08:53.512+0000] {logging_mixin.py:188} WARNING - /opt/airflow/dags/predict.py:34 RemovedInAirflow3Warning: Function `days_ago` is deprecated and will be removed in Airflow 3.0. You can achieve equivalent behavior with `pendulum.today('UTC').add(days=-N, ...)`
[2026-01-30T21:08:53.513+0000] {logging_mixin.py:188} WARNING - /opt/airflow/dags/predict.py:29 RemovedInAirflow3Warning: Param `schedule_interval` is deprecated and will be removed in a future release. Please use `schedule` instead.
[2026-01-30T21:08:53.517+0000] {processor.py:840} INFO - DAG(s) 'ml_prediction_pipeline' retrieved from /opt/airflow/dags/predict.py
[2026-01-30T21:08:53.538+0000] {logging_mixin.py:188} INFO - [2026-01-30T21:08:53.537+0000] {dag.py:3096} INFO - Sync 1 DAGs
[2026-01-30T21:08:53.551+0000] {logging_mixin.py:188} INFO - [2026-01-30T21:08:53.551+0000] {dag.py:3954} INFO - Setting next_dagrun for ml_prediction_pipeline to 2026-01-29 00:00:00+00:00, run_after=2026-01-30 00:00:00+00:00
[2026-01-30T21:08:53.567+0000] {processor.py:183} INFO - Processing /opt/airflow/dags/predict.py took 1.711 seconds
[2026-01-30T21:09:24.945+0000] {processor.py:161} INFO - Started process (PID=3149) to work on /opt/airflow/dags/predict.py
[2026-01-30T21:09:24.947+0000] {processor.py:830} INFO - Processing file /opt/airflow/dags/predict.py for tasks to queue
[2026-01-30T21:09:24.948+0000] {logging_mixin.py:188} INFO - [2026-01-30T21:09:24.948+0000] {dagbag.py:545} INFO - Filling up the DagBag from /opt/airflow/dags/predict.py
[2026-01-30T21:09:26.944+0000] {logging_mixin.py:188} WARNING - /opt/airflow/dags/predict.py:34 RemovedInAirflow3Warning: Function `days_ago` is deprecated and will be removed in Airflow 3.0. You can achieve equivalent behavior with `pendulum.today('UTC').add(days=-N, ...)`
[2026-01-30T21:09:26.945+0000] {logging_mixin.py:188} WARNING - /opt/airflow/dags/predict.py:29 RemovedInAirflow3Warning: Param `schedule_interval` is deprecated and will be removed in a future release. Please use `schedule` instead.
[2026-01-30T21:09:26.952+0000] {processor.py:840} INFO - DAG(s) 'ml_prediction_pipeline' retrieved from /opt/airflow/dags/predict.py
[2026-01-30T21:09:26.971+0000] {logging_mixin.py:188} INFO - [2026-01-30T21:09:26.970+0000] {dag.py:3096} INFO - Sync 1 DAGs
[2026-01-30T21:09:26.984+0000] {logging_mixin.py:188} INFO - [2026-01-30T21:09:26.984+0000] {dag.py:3954} INFO - Setting next_dagrun for ml_prediction_pipeline to 2026-01-29 00:00:00+00:00, run_after=2026-01-30 00:00:00+00:00
[2026-01-30T21:09:26.998+0000] {processor.py:183} INFO - Processing /opt/airflow/dags/predict.py took 2.057 seconds
[2026-01-30T21:09:57.873+0000] {processor.py:161} INFO - Started process (PID=3196) to work on /opt/airflow/dags/predict.py
[2026-01-30T21:09:57.874+0000] {processor.py:830} INFO - Processing file /opt/airflow/dags/predict.py for tasks to queue
[2026-01-30T21:09:57.875+0000] {logging_mixin.py:188} INFO - [2026-01-30T21:09:57.875+0000] {dagbag.py:545} INFO - Filling up the DagBag from /opt/airflow/dags/predict.py
[2026-01-30T21:10:00.445+0000] {logging_mixin.py:188} WARNING - /opt/airflow/dags/predict.py:34 RemovedInAirflow3Warning: Function `days_ago` is deprecated and will be removed in Airflow 3.0. You can achieve equivalent behavior with `pendulum.today('UTC').add(days=-N, ...)`
[2026-01-30T21:10:00.446+0000] {logging_mixin.py:188} WARNING - /opt/airflow/dags/predict.py:29 RemovedInAirflow3Warning: Param `schedule_interval` is deprecated and will be removed in a future release. Please use `schedule` instead.
[2026-01-30T21:10:00.451+0000] {processor.py:840} INFO - DAG(s) 'ml_prediction_pipeline' retrieved from /opt/airflow/dags/predict.py
[2026-01-30T21:10:00.473+0000] {logging_mixin.py:188} INFO - [2026-01-30T21:10:00.472+0000] {dag.py:3096} INFO - Sync 1 DAGs
[2026-01-30T21:10:00.490+0000] {logging_mixin.py:188} INFO - [2026-01-30T21:10:00.489+0000] {dag.py:3954} INFO - Setting next_dagrun for ml_prediction_pipeline to 2026-01-29 00:00:00+00:00, run_after=2026-01-30 00:00:00+00:00
[2026-01-30T21:10:00.507+0000] {processor.py:183} INFO - Processing /opt/airflow/dags/predict.py took 2.639 seconds
[2026-01-30T21:10:30.962+0000] {processor.py:161} INFO - Started process (PID=3243) to work on /opt/airflow/dags/predict.py
[2026-01-30T21:10:30.965+0000] {processor.py:830} INFO - Processing file /opt/airflow/dags/predict.py for tasks to queue
[2026-01-30T21:10:30.967+0000] {logging_mixin.py:188} INFO - [2026-01-30T21:10:30.966+0000] {dagbag.py:545} INFO - Filling up the DagBag from /opt/airflow/dags/predict.py
[2026-01-30T21:10:34.092+0000] {logging_mixin.py:188} WARNING - /opt/airflow/dags/predict.py:34 RemovedInAirflow3Warning: Function `days_ago` is deprecated and will be removed in Airflow 3.0. You can achieve equivalent behavior with `pendulum.today('UTC').add(days=-N, ...)`
[2026-01-30T21:10:34.094+0000] {logging_mixin.py:188} WARNING - /opt/airflow/dags/predict.py:29 RemovedInAirflow3Warning: Param `schedule_interval` is deprecated and will be removed in a future release. Please use `schedule` instead.
[2026-01-30T21:10:34.099+0000] {processor.py:840} INFO - DAG(s) 'ml_prediction_pipeline' retrieved from /opt/airflow/dags/predict.py
[2026-01-30T21:10:34.123+0000] {logging_mixin.py:188} INFO - [2026-01-30T21:10:34.122+0000] {dag.py:3096} INFO - Sync 1 DAGs
[2026-01-30T21:10:34.142+0000] {logging_mixin.py:188} INFO - [2026-01-30T21:10:34.142+0000] {dag.py:3954} INFO - Setting next_dagrun for ml_prediction_pipeline to 2026-01-29 00:00:00+00:00, run_after=2026-01-30 00:00:00+00:00
[2026-01-30T21:10:34.159+0000] {processor.py:183} INFO - Processing /opt/airflow/dags/predict.py took 3.202 seconds
[2026-01-30T21:11:04.484+0000] {processor.py:161} INFO - Started process (PID=3300) to work on /opt/airflow/dags/predict.py
[2026-01-30T21:11:04.485+0000] {processor.py:830} INFO - Processing file /opt/airflow/dags/predict.py for tasks to queue
[2026-01-30T21:11:04.487+0000] {logging_mixin.py:188} INFO - [2026-01-30T21:11:04.487+0000] {dagbag.py:545} INFO - Filling up the DagBag from /opt/airflow/dags/predict.py
[2026-01-30T21:11:06.971+0000] {logging_mixin.py:188} WARNING - /opt/airflow/dags/predict.py:34 RemovedInAirflow3Warning: Function `days_ago` is deprecated and will be removed in Airflow 3.0. You can achieve equivalent behavior with `pendulum.today('UTC').add(days=-N, ...)`
[2026-01-30T21:11:06.972+0000] {logging_mixin.py:188} WARNING - /opt/airflow/dags/predict.py:29 RemovedInAirflow3Warning: Param `schedule_interval` is deprecated and will be removed in a future release. Please use `schedule` instead.
[2026-01-30T21:11:06.976+0000] {processor.py:840} INFO - DAG(s) 'ml_prediction_pipeline' retrieved from /opt/airflow/dags/predict.py
[2026-01-30T21:11:06.994+0000] {logging_mixin.py:188} INFO - [2026-01-30T21:11:06.994+0000] {dag.py:3096} INFO - Sync 1 DAGs
[2026-01-30T21:11:07.011+0000] {logging_mixin.py:188} INFO - [2026-01-30T21:11:07.011+0000] {dag.py:3954} INFO - Setting next_dagrun for ml_prediction_pipeline to 2026-01-29 00:00:00+00:00, run_after=2026-01-30 00:00:00+00:00
[2026-01-30T21:11:07.028+0000] {processor.py:183} INFO - Processing /opt/airflow/dags/predict.py took 2.550 seconds
[2026-01-30T21:11:37.262+0000] {processor.py:161} INFO - Started process (PID=3347) to work on /opt/airflow/dags/predict.py
[2026-01-30T21:11:37.264+0000] {processor.py:830} INFO - Processing file /opt/airflow/dags/predict.py for tasks to queue
[2026-01-30T21:11:37.266+0000] {logging_mixin.py:188} INFO - [2026-01-30T21:11:37.266+0000] {dagbag.py:545} INFO - Filling up the DagBag from /opt/airflow/dags/predict.py
[2026-01-30T21:11:39.954+0000] {logging_mixin.py:188} WARNING - /opt/airflow/dags/predict.py:34 RemovedInAirflow3Warning: Function `days_ago` is deprecated and will be removed in Airflow 3.0. You can achieve equivalent behavior with `pendulum.today('UTC').add(days=-N, ...)`
[2026-01-30T21:11:39.955+0000] {logging_mixin.py:188} WARNING - /opt/airflow/dags/predict.py:29 RemovedInAirflow3Warning: Param `schedule_interval` is deprecated and will be removed in a future release. Please use `schedule` instead.
[2026-01-30T21:11:39.960+0000] {processor.py:840} INFO - DAG(s) 'ml_prediction_pipeline' retrieved from /opt/airflow/dags/predict.py
[2026-01-30T21:11:39.980+0000] {logging_mixin.py:188} INFO - [2026-01-30T21:11:39.980+0000] {dag.py:3096} INFO - Sync 1 DAGs
[2026-01-30T21:11:39.995+0000] {logging_mixin.py:188} INFO - [2026-01-30T21:11:39.995+0000] {dag.py:3954} INFO - Setting next_dagrun for ml_prediction_pipeline to 2026-01-29 00:00:00+00:00, run_after=2026-01-30 00:00:00+00:00
[2026-01-30T21:11:40.011+0000] {processor.py:183} INFO - Processing /opt/airflow/dags/predict.py took 2.753 seconds
[2026-01-30T21:12:10.184+0000] {processor.py:161} INFO - Started process (PID=3394) to work on /opt/airflow/dags/predict.py
[2026-01-30T21:12:10.185+0000] {processor.py:830} INFO - Processing file /opt/airflow/dags/predict.py for tasks to queue
[2026-01-30T21:12:10.187+0000] {logging_mixin.py:188} INFO - [2026-01-30T21:12:10.187+0000] {dagbag.py:545} INFO - Filling up the DagBag from /opt/airflow/dags/predict.py
[2026-01-30T21:12:16.730+0000] {logging_mixin.py:188} WARNING - /opt/airflow/dags/predict.py:34 RemovedInAirflow3Warning: Function `days_ago` is deprecated and will be removed in Airflow 3.0. You can achieve equivalent behavior with `pendulum.today('UTC').add(days=-N, ...)`
[2026-01-30T21:12:16.731+0000] {logging_mixin.py:188} WARNING - /opt/airflow/dags/predict.py:29 RemovedInAirflow3Warning: Param `schedule_interval` is deprecated and will be removed in a future release. Please use `schedule` instead.
[2026-01-30T21:12:16.736+0000] {processor.py:840} INFO - DAG(s) 'ml_prediction_pipeline' retrieved from /opt/airflow/dags/predict.py
[2026-01-30T21:12:16.763+0000] {logging_mixin.py:188} INFO - [2026-01-30T21:12:16.762+0000] {dag.py:3096} INFO - Sync 1 DAGs
[2026-01-30T21:12:16.782+0000] {logging_mixin.py:188} INFO - [2026-01-30T21:12:16.782+0000] {dag.py:3954} INFO - Setting next_dagrun for ml_prediction_pipeline to 2026-01-29 00:00:00+00:00, run_after=2026-01-30 00:00:00+00:00
[2026-01-30T21:12:16.800+0000] {processor.py:183} INFO - Processing /opt/airflow/dags/predict.py took 6.626 seconds
[2026-01-30T21:12:46.835+0000] {processor.py:161} INFO - Started process (PID=3448) to work on /opt/airflow/dags/predict.py
[2026-01-30T21:12:46.837+0000] {processor.py:830} INFO - Processing file /opt/airflow/dags/predict.py for tasks to queue
[2026-01-30T21:12:46.839+0000] {logging_mixin.py:188} INFO - [2026-01-30T21:12:46.838+0000] {dagbag.py:545} INFO - Filling up the DagBag from /opt/airflow/dags/predict.py
[2026-01-30T21:12:49.027+0000] {logging_mixin.py:188} WARNING - /opt/airflow/dags/predict.py:34 RemovedInAirflow3Warning: Function `days_ago` is deprecated and will be removed in Airflow 3.0. You can achieve equivalent behavior with `pendulum.today('UTC').add(days=-N, ...)`
[2026-01-30T21:12:49.028+0000] {logging_mixin.py:188} WARNING - /opt/airflow/dags/predict.py:29 RemovedInAirflow3Warning: Param `schedule_interval` is deprecated and will be removed in a future release. Please use `schedule` instead.
[2026-01-30T21:12:49.032+0000] {processor.py:840} INFO - DAG(s) 'ml_prediction_pipeline' retrieved from /opt/airflow/dags/predict.py
[2026-01-30T21:12:49.053+0000] {logging_mixin.py:188} INFO - [2026-01-30T21:12:49.052+0000] {dag.py:3096} INFO - Sync 1 DAGs
[2026-01-30T21:12:49.068+0000] {logging_mixin.py:188} INFO - [2026-01-30T21:12:49.068+0000] {dag.py:3954} INFO - Setting next_dagrun for ml_prediction_pipeline to 2026-01-29 00:00:00+00:00, run_after=2026-01-30 00:00:00+00:00
[2026-01-30T21:12:49.084+0000] {processor.py:183} INFO - Processing /opt/airflow/dags/predict.py took 2.254 seconds
[2026-01-30T21:13:19.339+0000] {processor.py:161} INFO - Started process (PID=3495) to work on /opt/airflow/dags/predict.py
[2026-01-30T21:13:19.341+0000] {processor.py:830} INFO - Processing file /opt/airflow/dags/predict.py for tasks to queue
[2026-01-30T21:13:19.344+0000] {logging_mixin.py:188} INFO - [2026-01-30T21:13:19.343+0000] {dagbag.py:545} INFO - Filling up the DagBag from /opt/airflow/dags/predict.py
[2026-01-30T21:13:22.159+0000] {logging_mixin.py:188} WARNING - /opt/airflow/dags/predict.py:34 RemovedInAirflow3Warning: Function `days_ago` is deprecated and will be removed in Airflow 3.0. You can achieve equivalent behavior with `pendulum.today('UTC').add(days=-N, ...)`
[2026-01-30T21:13:22.160+0000] {logging_mixin.py:188} WARNING - /opt/airflow/dags/predict.py:29 RemovedInAirflow3Warning: Param `schedule_interval` is deprecated and will be removed in a future release. Please use `schedule` instead.
[2026-01-30T21:13:22.165+0000] {processor.py:840} INFO - DAG(s) 'ml_prediction_pipeline' retrieved from /opt/airflow/dags/predict.py
[2026-01-30T21:13:22.191+0000] {logging_mixin.py:188} INFO - [2026-01-30T21:13:22.190+0000] {dag.py:3096} INFO - Sync 1 DAGs
[2026-01-30T21:13:22.207+0000] {logging_mixin.py:188} INFO - [2026-01-30T21:13:22.207+0000] {dag.py:3954} INFO - Setting next_dagrun for ml_prediction_pipeline to 2026-01-29 00:00:00+00:00, run_after=2026-01-30 00:00:00+00:00
[2026-01-30T21:13:22.226+0000] {processor.py:183} INFO - Processing /opt/airflow/dags/predict.py took 2.893 seconds
[2026-01-30T21:13:52.460+0000] {processor.py:161} INFO - Started process (PID=3542) to work on /opt/airflow/dags/predict.py
[2026-01-30T21:13:52.462+0000] {processor.py:830} INFO - Processing file /opt/airflow/dags/predict.py for tasks to queue
[2026-01-30T21:13:52.463+0000] {logging_mixin.py:188} INFO - [2026-01-30T21:13:52.462+0000] {dagbag.py:545} INFO - Filling up the DagBag from /opt/airflow/dags/predict.py
[2026-01-30T21:13:53.967+0000] {logging_mixin.py:188} WARNING - /opt/airflow/dags/predict.py:34 RemovedInAirflow3Warning: Function `days_ago` is deprecated and will be removed in Airflow 3.0. You can achieve equivalent behavior with `pendulum.today('UTC').add(days=-N, ...)`
[2026-01-30T21:13:53.968+0000] {logging_mixin.py:188} WARNING - /opt/airflow/dags/predict.py:29 RemovedInAirflow3Warning: Param `schedule_interval` is deprecated and will be removed in a future release. Please use `schedule` instead.
[2026-01-30T21:13:53.971+0000] {processor.py:840} INFO - DAG(s) 'ml_prediction_pipeline' retrieved from /opt/airflow/dags/predict.py
[2026-01-30T21:13:53.985+0000] {logging_mixin.py:188} INFO - [2026-01-30T21:13:53.985+0000] {dag.py:3096} INFO - Sync 1 DAGs
[2026-01-30T21:13:53.998+0000] {logging_mixin.py:188} INFO - [2026-01-30T21:13:53.998+0000] {dag.py:3954} INFO - Setting next_dagrun for ml_prediction_pipeline to 2026-01-29 00:00:00+00:00, run_after=2026-01-30 00:00:00+00:00
[2026-01-30T21:13:54.008+0000] {processor.py:183} INFO - Processing /opt/airflow/dags/predict.py took 1.552 seconds
[2026-01-30T21:14:24.898+0000] {processor.py:161} INFO - Started process (PID=3589) to work on /opt/airflow/dags/predict.py
[2026-01-30T21:14:24.898+0000] {processor.py:830} INFO - Processing file /opt/airflow/dags/predict.py for tasks to queue
[2026-01-30T21:14:24.899+0000] {logging_mixin.py:188} INFO - [2026-01-30T21:14:24.899+0000] {dagbag.py:545} INFO - Filling up the DagBag from /opt/airflow/dags/predict.py
[2026-01-30T21:14:26.704+0000] {logging_mixin.py:188} WARNING - /opt/airflow/dags/predict.py:34 RemovedInAirflow3Warning: Function `days_ago` is deprecated and will be removed in Airflow 3.0. You can achieve equivalent behavior with `pendulum.today('UTC').add(days=-N, ...)`
[2026-01-30T21:14:26.706+0000] {logging_mixin.py:188} WARNING - /opt/airflow/dags/predict.py:29 RemovedInAirflow3Warning: Param `schedule_interval` is deprecated and will be removed in a future release. Please use `schedule` instead.
[2026-01-30T21:14:26.709+0000] {processor.py:840} INFO - DAG(s) 'ml_prediction_pipeline' retrieved from /opt/airflow/dags/predict.py
[2026-01-30T21:14:26.726+0000] {logging_mixin.py:188} INFO - [2026-01-30T21:14:26.726+0000] {dag.py:3096} INFO - Sync 1 DAGs
[2026-01-30T21:14:26.738+0000] {logging_mixin.py:188} INFO - [2026-01-30T21:14:26.738+0000] {dag.py:3954} INFO - Setting next_dagrun for ml_prediction_pipeline to 2026-01-29 00:00:00+00:00, run_after=2026-01-30 00:00:00+00:00
[2026-01-30T21:14:26.752+0000] {processor.py:183} INFO - Processing /opt/airflow/dags/predict.py took 1.858 seconds
[2026-01-30T21:14:57.230+0000] {processor.py:161} INFO - Started process (PID=3630) to work on /opt/airflow/dags/predict.py
[2026-01-30T21:14:57.233+0000] {processor.py:830} INFO - Processing file /opt/airflow/dags/predict.py for tasks to queue
[2026-01-30T21:14:57.235+0000] {logging_mixin.py:188} INFO - [2026-01-30T21:14:57.234+0000] {dagbag.py:545} INFO - Filling up the DagBag from /opt/airflow/dags/predict.py
[2026-01-30T21:14:58.847+0000] {logging_mixin.py:188} WARNING - /opt/airflow/dags/predict.py:34 RemovedInAirflow3Warning: Function `days_ago` is deprecated and will be removed in Airflow 3.0. You can achieve equivalent behavior with `pendulum.today('UTC').add(days=-N, ...)`
[2026-01-30T21:14:58.848+0000] {logging_mixin.py:188} WARNING - /opt/airflow/dags/predict.py:29 RemovedInAirflow3Warning: Param `schedule_interval` is deprecated and will be removed in a future release. Please use `schedule` instead.
[2026-01-30T21:14:58.851+0000] {processor.py:840} INFO - DAG(s) 'ml_prediction_pipeline' retrieved from /opt/airflow/dags/predict.py
[2026-01-30T21:14:58.865+0000] {logging_mixin.py:188} INFO - [2026-01-30T21:14:58.865+0000] {dag.py:3096} INFO - Sync 1 DAGs
[2026-01-30T21:14:58.876+0000] {logging_mixin.py:188} INFO - [2026-01-30T21:14:58.875+0000] {dag.py:3954} INFO - Setting next_dagrun for ml_prediction_pipeline to 2026-01-29 00:00:00+00:00, run_after=2026-01-30 00:00:00+00:00
[2026-01-30T21:14:58.888+0000] {processor.py:183} INFO - Processing /opt/airflow/dags/predict.py took 1.662 seconds
[2026-01-30T21:15:29.230+0000] {processor.py:161} INFO - Started process (PID=3677) to work on /opt/airflow/dags/predict.py
[2026-01-30T21:15:29.231+0000] {processor.py:830} INFO - Processing file /opt/airflow/dags/predict.py for tasks to queue
[2026-01-30T21:15:29.232+0000] {logging_mixin.py:188} INFO - [2026-01-30T21:15:29.232+0000] {dagbag.py:545} INFO - Filling up the DagBag from /opt/airflow/dags/predict.py
[2026-01-30T21:15:30.720+0000] {logging_mixin.py:188} WARNING - /opt/airflow/dags/predict.py:34 RemovedInAirflow3Warning: Function `days_ago` is deprecated and will be removed in Airflow 3.0. You can achieve equivalent behavior with `pendulum.today('UTC').add(days=-N, ...)`
[2026-01-30T21:15:30.721+0000] {logging_mixin.py:188} WARNING - /opt/airflow/dags/predict.py:29 RemovedInAirflow3Warning: Param `schedule_interval` is deprecated and will be removed in a future release. Please use `schedule` instead.
[2026-01-30T21:15:30.724+0000] {processor.py:840} INFO - DAG(s) 'ml_prediction_pipeline' retrieved from /opt/airflow/dags/predict.py
[2026-01-30T21:15:30.741+0000] {logging_mixin.py:188} INFO - [2026-01-30T21:15:30.740+0000] {dag.py:3096} INFO - Sync 1 DAGs
[2026-01-30T21:15:30.752+0000] {logging_mixin.py:188} INFO - [2026-01-30T21:15:30.752+0000] {dag.py:3954} INFO - Setting next_dagrun for ml_prediction_pipeline to 2026-01-29 00:00:00+00:00, run_after=2026-01-30 00:00:00+00:00
[2026-01-30T21:15:30.765+0000] {processor.py:183} INFO - Processing /opt/airflow/dags/predict.py took 1.539 seconds
[2026-01-30T21:16:00.833+0000] {processor.py:161} INFO - Started process (PID=3724) to work on /opt/airflow/dags/predict.py
[2026-01-30T21:16:00.835+0000] {processor.py:830} INFO - Processing file /opt/airflow/dags/predict.py for tasks to queue
[2026-01-30T21:16:00.836+0000] {logging_mixin.py:188} INFO - [2026-01-30T21:16:00.836+0000] {dagbag.py:545} INFO - Filling up the DagBag from /opt/airflow/dags/predict.py
[2026-01-30T21:16:02.456+0000] {logging_mixin.py:188} WARNING - /opt/airflow/dags/predict.py:34 RemovedInAirflow3Warning: Function `days_ago` is deprecated and will be removed in Airflow 3.0. You can achieve equivalent behavior with `pendulum.today('UTC').add(days=-N, ...)`
[2026-01-30T21:16:02.456+0000] {logging_mixin.py:188} WARNING - /opt/airflow/dags/predict.py:29 RemovedInAirflow3Warning: Param `schedule_interval` is deprecated and will be removed in a future release. Please use `schedule` instead.
[2026-01-30T21:16:02.459+0000] {processor.py:840} INFO - DAG(s) 'ml_prediction_pipeline' retrieved from /opt/airflow/dags/predict.py
[2026-01-30T21:16:02.474+0000] {logging_mixin.py:188} INFO - [2026-01-30T21:16:02.474+0000] {dag.py:3096} INFO - Sync 1 DAGs
[2026-01-30T21:16:02.485+0000] {logging_mixin.py:188} INFO - [2026-01-30T21:16:02.485+0000] {dag.py:3954} INFO - Setting next_dagrun for ml_prediction_pipeline to 2026-01-29 00:00:00+00:00, run_after=2026-01-30 00:00:00+00:00
[2026-01-30T21:16:02.497+0000] {processor.py:183} INFO - Processing /opt/airflow/dags/predict.py took 1.669 seconds
[2026-01-30T21:16:32.826+0000] {processor.py:161} INFO - Started process (PID=3769) to work on /opt/airflow/dags/predict.py
[2026-01-30T21:16:32.827+0000] {processor.py:830} INFO - Processing file /opt/airflow/dags/predict.py for tasks to queue
[2026-01-30T21:16:32.828+0000] {logging_mixin.py:188} INFO - [2026-01-30T21:16:32.828+0000] {dagbag.py:545} INFO - Filling up the DagBag from /opt/airflow/dags/predict.py
[2026-01-30T21:16:34.716+0000] {logging_mixin.py:188} WARNING - /opt/airflow/dags/predict.py:34 RemovedInAirflow3Warning: Function `days_ago` is deprecated and will be removed in Airflow 3.0. You can achieve equivalent behavior with `pendulum.today('UTC').add(days=-N, ...)`
[2026-01-30T21:16:34.716+0000] {logging_mixin.py:188} WARNING - /opt/airflow/dags/predict.py:29 RemovedInAirflow3Warning: Param `schedule_interval` is deprecated and will be removed in a future release. Please use `schedule` instead.
[2026-01-30T21:16:34.720+0000] {processor.py:840} INFO - DAG(s) 'ml_prediction_pipeline' retrieved from /opt/airflow/dags/predict.py
[2026-01-30T21:16:34.737+0000] {logging_mixin.py:188} INFO - [2026-01-30T21:16:34.736+0000] {dag.py:3096} INFO - Sync 1 DAGs
[2026-01-30T21:16:34.748+0000] {logging_mixin.py:188} INFO - [2026-01-30T21:16:34.748+0000] {dag.py:3954} INFO - Setting next_dagrun for ml_prediction_pipeline to 2026-01-29 00:00:00+00:00, run_after=2026-01-30 00:00:00+00:00
[2026-01-30T21:16:34.763+0000] {processor.py:183} INFO - Processing /opt/airflow/dags/predict.py took 1.941 seconds
[2026-01-30T21:17:05.349+0000] {processor.py:161} INFO - Started process (PID=3812) to work on /opt/airflow/dags/predict.py
[2026-01-30T21:17:05.350+0000] {processor.py:830} INFO - Processing file /opt/airflow/dags/predict.py for tasks to queue
[2026-01-30T21:17:05.352+0000] {logging_mixin.py:188} INFO - [2026-01-30T21:17:05.351+0000] {dagbag.py:545} INFO - Filling up the DagBag from /opt/airflow/dags/predict.py
[2026-01-30T21:17:07.072+0000] {logging_mixin.py:188} WARNING - /opt/airflow/dags/predict.py:34 RemovedInAirflow3Warning: Function `days_ago` is deprecated and will be removed in Airflow 3.0. You can achieve equivalent behavior with `pendulum.today('UTC').add(days=-N, ...)`
[2026-01-30T21:17:07.073+0000] {logging_mixin.py:188} WARNING - /opt/airflow/dags/predict.py:29 RemovedInAirflow3Warning: Param `schedule_interval` is deprecated and will be removed in a future release. Please use `schedule` instead.
[2026-01-30T21:17:07.076+0000] {processor.py:840} INFO - DAG(s) 'ml_prediction_pipeline' retrieved from /opt/airflow/dags/predict.py
[2026-01-30T21:17:07.091+0000] {logging_mixin.py:188} INFO - [2026-01-30T21:17:07.090+0000] {dag.py:3096} INFO - Sync 1 DAGs
[2026-01-30T21:17:07.104+0000] {logging_mixin.py:188} INFO - [2026-01-30T21:17:07.104+0000] {dag.py:3954} INFO - Setting next_dagrun for ml_prediction_pipeline to 2026-01-29 00:00:00+00:00, run_after=2026-01-30 00:00:00+00:00
[2026-01-30T21:17:07.117+0000] {processor.py:183} INFO - Processing /opt/airflow/dags/predict.py took 1.771 seconds
[2026-01-30T21:17:38.250+0000] {processor.py:161} INFO - Started process (PID=3857) to work on /opt/airflow/dags/predict.py
[2026-01-30T21:17:38.251+0000] {processor.py:830} INFO - Processing file /opt/airflow/dags/predict.py for tasks to queue
[2026-01-30T21:17:38.252+0000] {logging_mixin.py:188} INFO - [2026-01-30T21:17:38.252+0000] {dagbag.py:545} INFO - Filling up the DagBag from /opt/airflow/dags/predict.py
[2026-01-30T21:17:40.126+0000] {logging_mixin.py:188} WARNING - /opt/airflow/dags/predict.py:34 RemovedInAirflow3Warning: Function `days_ago` is deprecated and will be removed in Airflow 3.0. You can achieve equivalent behavior with `pendulum.today('UTC').add(days=-N, ...)`
[2026-01-30T21:17:40.126+0000] {logging_mixin.py:188} WARNING - /opt/airflow/dags/predict.py:29 RemovedInAirflow3Warning: Param `schedule_interval` is deprecated and will be removed in a future release. Please use `schedule` instead.
[2026-01-30T21:17:40.130+0000] {processor.py:840} INFO - DAG(s) 'ml_prediction_pipeline' retrieved from /opt/airflow/dags/predict.py
[2026-01-30T21:17:40.150+0000] {logging_mixin.py:188} INFO - [2026-01-30T21:17:40.149+0000] {dag.py:3096} INFO - Sync 1 DAGs
[2026-01-30T21:17:40.162+0000] {logging_mixin.py:188} INFO - [2026-01-30T21:17:40.162+0000] {dag.py:3954} INFO - Setting next_dagrun for ml_prediction_pipeline to 2026-01-29 00:00:00+00:00, run_after=2026-01-30 00:00:00+00:00
[2026-01-30T21:17:40.177+0000] {processor.py:183} INFO - Processing /opt/airflow/dags/predict.py took 1.931 seconds
[2026-01-30T21:18:11.195+0000] {processor.py:161} INFO - Started process (PID=3899) to work on /opt/airflow/dags/predict.py
[2026-01-30T21:18:11.197+0000] {processor.py:830} INFO - Processing file /opt/airflow/dags/predict.py for tasks to queue
[2026-01-30T21:18:11.198+0000] {logging_mixin.py:188} INFO - [2026-01-30T21:18:11.198+0000] {dagbag.py:545} INFO - Filling up the DagBag from /opt/airflow/dags/predict.py
[2026-01-30T21:18:12.970+0000] {logging_mixin.py:188} WARNING - /opt/airflow/dags/predict.py:34 RemovedInAirflow3Warning: Function `days_ago` is deprecated and will be removed in Airflow 3.0. You can achieve equivalent behavior with `pendulum.today('UTC').add(days=-N, ...)`
[2026-01-30T21:18:12.971+0000] {logging_mixin.py:188} WARNING - /opt/airflow/dags/predict.py:29 RemovedInAirflow3Warning: Param `schedule_interval` is deprecated and will be removed in a future release. Please use `schedule` instead.
[2026-01-30T21:18:12.976+0000] {processor.py:840} INFO - DAG(s) 'ml_prediction_pipeline' retrieved from /opt/airflow/dags/predict.py
[2026-01-30T21:18:12.993+0000] {logging_mixin.py:188} INFO - [2026-01-30T21:18:12.993+0000] {dag.py:3096} INFO - Sync 1 DAGs
[2026-01-30T21:18:13.008+0000] {logging_mixin.py:188} INFO - [2026-01-30T21:18:13.007+0000] {dag.py:3954} INFO - Setting next_dagrun for ml_prediction_pipeline to 2026-01-29 00:00:00+00:00, run_after=2026-01-30 00:00:00+00:00
[2026-01-30T21:18:13.026+0000] {processor.py:183} INFO - Processing /opt/airflow/dags/predict.py took 1.835 seconds
[2026-01-30T21:18:44.103+0000] {processor.py:161} INFO - Started process (PID=3946) to work on /opt/airflow/dags/predict.py
[2026-01-30T21:18:44.103+0000] {processor.py:830} INFO - Processing file /opt/airflow/dags/predict.py for tasks to queue
[2026-01-30T21:18:44.104+0000] {logging_mixin.py:188} INFO - [2026-01-30T21:18:44.104+0000] {dagbag.py:545} INFO - Filling up the DagBag from /opt/airflow/dags/predict.py
[2026-01-30T21:18:45.829+0000] {logging_mixin.py:188} WARNING - /opt/airflow/dags/predict.py:34 RemovedInAirflow3Warning: Function `days_ago` is deprecated and will be removed in Airflow 3.0. You can achieve equivalent behavior with `pendulum.today('UTC').add(days=-N, ...)`
[2026-01-30T21:18:45.830+0000] {logging_mixin.py:188} WARNING - /opt/airflow/dags/predict.py:29 RemovedInAirflow3Warning: Param `schedule_interval` is deprecated and will be removed in a future release. Please use `schedule` instead.
[2026-01-30T21:18:45.835+0000] {processor.py:840} INFO - DAG(s) 'ml_prediction_pipeline' retrieved from /opt/airflow/dags/predict.py
[2026-01-30T21:18:45.853+0000] {logging_mixin.py:188} INFO - [2026-01-30T21:18:45.853+0000] {dag.py:3096} INFO - Sync 1 DAGs
[2026-01-30T21:18:45.868+0000] {logging_mixin.py:188} INFO - [2026-01-30T21:18:45.868+0000] {dag.py:3954} INFO - Setting next_dagrun for ml_prediction_pipeline to 2026-01-29 00:00:00+00:00, run_after=2026-01-30 00:00:00+00:00
[2026-01-30T21:18:45.884+0000] {processor.py:183} INFO - Processing /opt/airflow/dags/predict.py took 1.785 seconds
[2026-01-30T21:19:16.903+0000] {processor.py:161} INFO - Started process (PID=3993) to work on /opt/airflow/dags/predict.py
[2026-01-30T21:19:16.905+0000] {processor.py:830} INFO - Processing file /opt/airflow/dags/predict.py for tasks to queue
[2026-01-30T21:19:16.906+0000] {logging_mixin.py:188} INFO - [2026-01-30T21:19:16.906+0000] {dagbag.py:545} INFO - Filling up the DagBag from /opt/airflow/dags/predict.py
[2026-01-30T21:19:18.677+0000] {logging_mixin.py:188} WARNING - /opt/airflow/dags/predict.py:34 RemovedInAirflow3Warning: Function `days_ago` is deprecated and will be removed in Airflow 3.0. You can achieve equivalent behavior with `pendulum.today('UTC').add(days=-N, ...)`
[2026-01-30T21:19:18.678+0000] {logging_mixin.py:188} WARNING - /opt/airflow/dags/predict.py:29 RemovedInAirflow3Warning: Param `schedule_interval` is deprecated and will be removed in a future release. Please use `schedule` instead.
[2026-01-30T21:19:18.681+0000] {processor.py:840} INFO - DAG(s) 'ml_prediction_pipeline' retrieved from /opt/airflow/dags/predict.py
[2026-01-30T21:19:18.696+0000] {logging_mixin.py:188} INFO - [2026-01-30T21:19:18.696+0000] {dag.py:3096} INFO - Sync 1 DAGs
[2026-01-30T21:19:18.708+0000] {logging_mixin.py:188} INFO - [2026-01-30T21:19:18.708+0000] {dag.py:3954} INFO - Setting next_dagrun for ml_prediction_pipeline to 2026-01-29 00:00:00+00:00, run_after=2026-01-30 00:00:00+00:00
[2026-01-30T21:19:18.719+0000] {processor.py:183} INFO - Processing /opt/airflow/dags/predict.py took 1.821 seconds
[2026-01-30T21:19:49.978+0000] {processor.py:161} INFO - Started process (PID=4040) to work on /opt/airflow/dags/predict.py
[2026-01-30T21:19:49.979+0000] {processor.py:830} INFO - Processing file /opt/airflow/dags/predict.py for tasks to queue
[2026-01-30T21:19:49.980+0000] {logging_mixin.py:188} INFO - [2026-01-30T21:19:49.980+0000] {dagbag.py:545} INFO - Filling up the DagBag from /opt/airflow/dags/predict.py
[2026-01-30T21:19:51.659+0000] {logging_mixin.py:188} WARNING - /opt/airflow/dags/predict.py:34 RemovedInAirflow3Warning: Function `days_ago` is deprecated and will be removed in Airflow 3.0. You can achieve equivalent behavior with `pendulum.today('UTC').add(days=-N, ...)`
[2026-01-30T21:19:51.662+0000] {logging_mixin.py:188} WARNING - /opt/airflow/dags/predict.py:29 RemovedInAirflow3Warning: Param `schedule_interval` is deprecated and will be removed in a future release. Please use `schedule` instead.
[2026-01-30T21:19:51.665+0000] {processor.py:840} INFO - DAG(s) 'ml_prediction_pipeline' retrieved from /opt/airflow/dags/predict.py
[2026-01-30T21:19:51.681+0000] {logging_mixin.py:188} INFO - [2026-01-30T21:19:51.680+0000] {dag.py:3096} INFO - Sync 1 DAGs
[2026-01-30T21:19:51.692+0000] {logging_mixin.py:188} INFO - [2026-01-30T21:19:51.692+0000] {dag.py:3954} INFO - Setting next_dagrun for ml_prediction_pipeline to 2026-01-29 00:00:00+00:00, run_after=2026-01-30 00:00:00+00:00
[2026-01-30T21:19:51.704+0000] {processor.py:183} INFO - Processing /opt/airflow/dags/predict.py took 1.730 seconds
[2026-01-30T21:20:22.706+0000] {processor.py:161} INFO - Started process (PID=4087) to work on /opt/airflow/dags/predict.py
[2026-01-30T21:20:22.707+0000] {processor.py:830} INFO - Processing file /opt/airflow/dags/predict.py for tasks to queue
[2026-01-30T21:20:22.708+0000] {logging_mixin.py:188} INFO - [2026-01-30T21:20:22.708+0000] {dagbag.py:545} INFO - Filling up the DagBag from /opt/airflow/dags/predict.py
[2026-01-30T21:20:24.720+0000] {logging_mixin.py:188} WARNING - /opt/airflow/dags/predict.py:34 RemovedInAirflow3Warning: Function `days_ago` is deprecated and will be removed in Airflow 3.0. You can achieve equivalent behavior with `pendulum.today('UTC').add(days=-N, ...)`
[2026-01-30T21:20:24.721+0000] {logging_mixin.py:188} WARNING - /opt/airflow/dags/predict.py:29 RemovedInAirflow3Warning: Param `schedule_interval` is deprecated and will be removed in a future release. Please use `schedule` instead.
[2026-01-30T21:20:24.728+0000] {processor.py:840} INFO - DAG(s) 'ml_prediction_pipeline' retrieved from /opt/airflow/dags/predict.py
[2026-01-30T21:20:24.748+0000] {logging_mixin.py:188} INFO - [2026-01-30T21:20:24.748+0000] {dag.py:3096} INFO - Sync 1 DAGs
[2026-01-30T21:20:24.768+0000] {logging_mixin.py:188} INFO - [2026-01-30T21:20:24.768+0000] {dag.py:3954} INFO - Setting next_dagrun for ml_prediction_pipeline to 2026-01-29 00:00:00+00:00, run_after=2026-01-30 00:00:00+00:00
[2026-01-30T21:20:24.785+0000] {processor.py:183} INFO - Processing /opt/airflow/dags/predict.py took 2.084 seconds
[2026-01-30T21:20:55.827+0000] {processor.py:161} INFO - Started process (PID=4134) to work on /opt/airflow/dags/predict.py
[2026-01-30T21:20:55.829+0000] {processor.py:830} INFO - Processing file /opt/airflow/dags/predict.py for tasks to queue
[2026-01-30T21:20:55.830+0000] {logging_mixin.py:188} INFO - [2026-01-30T21:20:55.830+0000] {dagbag.py:545} INFO - Filling up the DagBag from /opt/airflow/dags/predict.py
[2026-01-30T21:20:57.548+0000] {logging_mixin.py:188} WARNING - /opt/airflow/dags/predict.py:34 RemovedInAirflow3Warning: Function `days_ago` is deprecated and will be removed in Airflow 3.0. You can achieve equivalent behavior with `pendulum.today('UTC').add(days=-N, ...)`
[2026-01-30T21:20:57.549+0000] {logging_mixin.py:188} WARNING - /opt/airflow/dags/predict.py:29 RemovedInAirflow3Warning: Param `schedule_interval` is deprecated and will be removed in a future release. Please use `schedule` instead.
[2026-01-30T21:20:57.552+0000] {processor.py:840} INFO - DAG(s) 'ml_prediction_pipeline' retrieved from /opt/airflow/dags/predict.py
[2026-01-30T21:20:57.569+0000] {logging_mixin.py:188} INFO - [2026-01-30T21:20:57.569+0000] {dag.py:3096} INFO - Sync 1 DAGs
[2026-01-30T21:20:57.585+0000] {logging_mixin.py:188} INFO - [2026-01-30T21:20:57.585+0000] {dag.py:3954} INFO - Setting next_dagrun for ml_prediction_pipeline to 2026-01-29 00:00:00+00:00, run_after=2026-01-30 00:00:00+00:00
[2026-01-30T21:20:57.600+0000] {processor.py:183} INFO - Processing /opt/airflow/dags/predict.py took 1.777 seconds
[2026-01-30T21:21:28.625+0000] {processor.py:161} INFO - Started process (PID=4181) to work on /opt/airflow/dags/predict.py
[2026-01-30T21:21:28.625+0000] {processor.py:830} INFO - Processing file /opt/airflow/dags/predict.py for tasks to queue
[2026-01-30T21:21:28.626+0000] {logging_mixin.py:188} INFO - [2026-01-30T21:21:28.626+0000] {dagbag.py:545} INFO - Filling up the DagBag from /opt/airflow/dags/predict.py
[2026-01-30T21:21:30.427+0000] {logging_mixin.py:188} WARNING - /opt/airflow/dags/predict.py:34 RemovedInAirflow3Warning: Function `days_ago` is deprecated and will be removed in Airflow 3.0. You can achieve equivalent behavior with `pendulum.today('UTC').add(days=-N, ...)`
[2026-01-30T21:21:30.430+0000] {logging_mixin.py:188} WARNING - /opt/airflow/dags/predict.py:29 RemovedInAirflow3Warning: Param `schedule_interval` is deprecated and will be removed in a future release. Please use `schedule` instead.
[2026-01-30T21:21:30.434+0000] {processor.py:840} INFO - DAG(s) 'ml_prediction_pipeline' retrieved from /opt/airflow/dags/predict.py
[2026-01-30T21:21:30.450+0000] {logging_mixin.py:188} INFO - [2026-01-30T21:21:30.449+0000] {dag.py:3096} INFO - Sync 1 DAGs
[2026-01-30T21:21:30.460+0000] {logging_mixin.py:188} INFO - [2026-01-30T21:21:30.460+0000] {dag.py:3954} INFO - Setting next_dagrun for ml_prediction_pipeline to 2026-01-29 00:00:00+00:00, run_after=2026-01-30 00:00:00+00:00
[2026-01-30T21:21:30.474+0000] {processor.py:183} INFO - Processing /opt/airflow/dags/predict.py took 1.853 seconds
[2026-01-30T21:22:01.791+0000] {processor.py:161} INFO - Started process (PID=4228) to work on /opt/airflow/dags/predict.py
[2026-01-30T21:22:01.792+0000] {processor.py:830} INFO - Processing file /opt/airflow/dags/predict.py for tasks to queue
[2026-01-30T21:22:01.793+0000] {logging_mixin.py:188} INFO - [2026-01-30T21:22:01.793+0000] {dagbag.py:545} INFO - Filling up the DagBag from /opt/airflow/dags/predict.py
[2026-01-30T21:22:03.625+0000] {logging_mixin.py:188} WARNING - /opt/airflow/dags/predict.py:34 RemovedInAirflow3Warning: Function `days_ago` is deprecated and will be removed in Airflow 3.0. You can achieve equivalent behavior with `pendulum.today('UTC').add(days=-N, ...)`
[2026-01-30T21:22:03.625+0000] {logging_mixin.py:188} WARNING - /opt/airflow/dags/predict.py:29 RemovedInAirflow3Warning: Param `schedule_interval` is deprecated and will be removed in a future release. Please use `schedule` instead.
[2026-01-30T21:22:03.629+0000] {processor.py:840} INFO - DAG(s) 'ml_prediction_pipeline' retrieved from /opt/airflow/dags/predict.py
[2026-01-30T21:22:03.647+0000] {logging_mixin.py:188} INFO - [2026-01-30T21:22:03.647+0000] {dag.py:3096} INFO - Sync 1 DAGs
[2026-01-30T21:22:03.659+0000] {logging_mixin.py:188} INFO - [2026-01-30T21:22:03.659+0000] {dag.py:3954} INFO - Setting next_dagrun for ml_prediction_pipeline to 2026-01-29 00:00:00+00:00, run_after=2026-01-30 00:00:00+00:00
[2026-01-30T21:22:03.674+0000] {processor.py:183} INFO - Processing /opt/airflow/dags/predict.py took 1.886 seconds
[2026-01-30T21:22:34.258+0000] {processor.py:161} INFO - Started process (PID=4275) to work on /opt/airflow/dags/predict.py
[2026-01-30T21:22:34.261+0000] {processor.py:830} INFO - Processing file /opt/airflow/dags/predict.py for tasks to queue
[2026-01-30T21:22:34.262+0000] {logging_mixin.py:188} INFO - [2026-01-30T21:22:34.262+0000] {dagbag.py:545} INFO - Filling up the DagBag from /opt/airflow/dags/predict.py
[2026-01-30T21:22:37.567+0000] {logging_mixin.py:188} WARNING - /opt/airflow/dags/predict.py:34 RemovedInAirflow3Warning: Function `days_ago` is deprecated and will be removed in Airflow 3.0. You can achieve equivalent behavior with `pendulum.today('UTC').add(days=-N, ...)`
[2026-01-30T21:22:37.568+0000] {logging_mixin.py:188} WARNING - /opt/airflow/dags/predict.py:29 RemovedInAirflow3Warning: Param `schedule_interval` is deprecated and will be removed in a future release. Please use `schedule` instead.
[2026-01-30T21:22:37.574+0000] {processor.py:840} INFO - DAG(s) 'ml_prediction_pipeline' retrieved from /opt/airflow/dags/predict.py
[2026-01-30T21:22:37.604+0000] {logging_mixin.py:188} INFO - [2026-01-30T21:22:37.603+0000] {dag.py:3096} INFO - Sync 1 DAGs
[2026-01-30T21:22:37.625+0000] {logging_mixin.py:188} INFO - [2026-01-30T21:22:37.625+0000] {dag.py:3954} INFO - Setting next_dagrun for ml_prediction_pipeline to 2026-01-29 00:00:00+00:00, run_after=2026-01-30 00:00:00+00:00
[2026-01-30T21:22:37.657+0000] {processor.py:183} INFO - Processing /opt/airflow/dags/predict.py took 3.403 seconds
[2026-01-30T21:23:07.717+0000] {processor.py:161} INFO - Started process (PID=4326) to work on /opt/airflow/dags/predict.py
[2026-01-30T21:23:07.717+0000] {processor.py:830} INFO - Processing file /opt/airflow/dags/predict.py for tasks to queue
[2026-01-30T21:23:07.718+0000] {logging_mixin.py:188} INFO - [2026-01-30T21:23:07.718+0000] {dagbag.py:545} INFO - Filling up the DagBag from /opt/airflow/dags/predict.py
[2026-01-30T21:23:09.427+0000] {logging_mixin.py:188} WARNING - /opt/airflow/dags/predict.py:34 RemovedInAirflow3Warning: Function `days_ago` is deprecated and will be removed in Airflow 3.0. You can achieve equivalent behavior with `pendulum.today('UTC').add(days=-N, ...)`
[2026-01-30T21:23:09.429+0000] {logging_mixin.py:188} WARNING - /opt/airflow/dags/predict.py:29 RemovedInAirflow3Warning: Param `schedule_interval` is deprecated and will be removed in a future release. Please use `schedule` instead.
[2026-01-30T21:23:09.432+0000] {processor.py:840} INFO - DAG(s) 'ml_prediction_pipeline' retrieved from /opt/airflow/dags/predict.py
[2026-01-30T21:23:09.446+0000] {logging_mixin.py:188} INFO - [2026-01-30T21:23:09.445+0000] {dag.py:3096} INFO - Sync 1 DAGs
[2026-01-30T21:23:09.456+0000] {logging_mixin.py:188} INFO - [2026-01-30T21:23:09.456+0000] {dag.py:3954} INFO - Setting next_dagrun for ml_prediction_pipeline to 2026-01-29 00:00:00+00:00, run_after=2026-01-30 00:00:00+00:00
[2026-01-30T21:23:09.468+0000] {processor.py:183} INFO - Processing /opt/airflow/dags/predict.py took 1.756 seconds
[2026-01-30T21:23:39.984+0000] {processor.py:161} INFO - Started process (PID=4370) to work on /opt/airflow/dags/predict.py
[2026-01-30T21:23:39.985+0000] {processor.py:830} INFO - Processing file /opt/airflow/dags/predict.py for tasks to queue
[2026-01-30T21:23:39.986+0000] {logging_mixin.py:188} INFO - [2026-01-30T21:23:39.986+0000] {dagbag.py:545} INFO - Filling up the DagBag from /opt/airflow/dags/predict.py
[2026-01-30T21:23:42.063+0000] {logging_mixin.py:188} WARNING - /opt/airflow/dags/predict.py:34 RemovedInAirflow3Warning: Function `days_ago` is deprecated and will be removed in Airflow 3.0. You can achieve equivalent behavior with `pendulum.today('UTC').add(days=-N, ...)`
[2026-01-30T21:23:42.063+0000] {logging_mixin.py:188} WARNING - /opt/airflow/dags/predict.py:29 RemovedInAirflow3Warning: Param `schedule_interval` is deprecated and will be removed in a future release. Please use `schedule` instead.
[2026-01-30T21:23:42.068+0000] {processor.py:840} INFO - DAG(s) 'ml_prediction_pipeline' retrieved from /opt/airflow/dags/predict.py
[2026-01-30T21:23:42.084+0000] {logging_mixin.py:188} INFO - [2026-01-30T21:23:42.084+0000] {dag.py:3096} INFO - Sync 1 DAGs
[2026-01-30T21:23:42.095+0000] {logging_mixin.py:188} INFO - [2026-01-30T21:23:42.095+0000] {dag.py:3954} INFO - Setting next_dagrun for ml_prediction_pipeline to 2026-01-29 00:00:00+00:00, run_after=2026-01-30 00:00:00+00:00
[2026-01-30T21:23:42.107+0000] {processor.py:183} INFO - Processing /opt/airflow/dags/predict.py took 2.126 seconds
[2026-01-30T21:24:13.035+0000] {processor.py:161} INFO - Started process (PID=4417) to work on /opt/airflow/dags/predict.py
[2026-01-30T21:24:13.036+0000] {processor.py:830} INFO - Processing file /opt/airflow/dags/predict.py for tasks to queue
[2026-01-30T21:24:13.038+0000] {logging_mixin.py:188} INFO - [2026-01-30T21:24:13.037+0000] {dagbag.py:545} INFO - Filling up the DagBag from /opt/airflow/dags/predict.py
[2026-01-30T21:24:14.914+0000] {logging_mixin.py:188} WARNING - /opt/airflow/dags/predict.py:34 RemovedInAirflow3Warning: Function `days_ago` is deprecated and will be removed in Airflow 3.0. You can achieve equivalent behavior with `pendulum.today('UTC').add(days=-N, ...)`
[2026-01-30T21:24:14.915+0000] {logging_mixin.py:188} WARNING - /opt/airflow/dags/predict.py:29 RemovedInAirflow3Warning: Param `schedule_interval` is deprecated and will be removed in a future release. Please use `schedule` instead.
[2026-01-30T21:24:14.919+0000] {processor.py:840} INFO - DAG(s) 'ml_prediction_pipeline' retrieved from /opt/airflow/dags/predict.py
[2026-01-30T21:24:14.943+0000] {logging_mixin.py:188} INFO - [2026-01-30T21:24:14.942+0000] {dag.py:3096} INFO - Sync 1 DAGs
[2026-01-30T21:24:14.961+0000] {logging_mixin.py:188} INFO - [2026-01-30T21:24:14.960+0000] {dag.py:3954} INFO - Setting next_dagrun for ml_prediction_pipeline to 2026-01-29 00:00:00+00:00, run_after=2026-01-30 00:00:00+00:00
[2026-01-30T21:24:14.982+0000] {processor.py:183} INFO - Processing /opt/airflow/dags/predict.py took 1.953 seconds
[2026-01-30T21:24:46.088+0000] {processor.py:161} INFO - Started process (PID=4464) to work on /opt/airflow/dags/predict.py
[2026-01-30T21:24:46.088+0000] {processor.py:830} INFO - Processing file /opt/airflow/dags/predict.py for tasks to queue
[2026-01-30T21:24:46.090+0000] {logging_mixin.py:188} INFO - [2026-01-30T21:24:46.089+0000] {dagbag.py:545} INFO - Filling up the DagBag from /opt/airflow/dags/predict.py
[2026-01-30T21:24:47.915+0000] {logging_mixin.py:188} WARNING - /opt/airflow/dags/predict.py:34 RemovedInAirflow3Warning: Function `days_ago` is deprecated and will be removed in Airflow 3.0. You can achieve equivalent behavior with `pendulum.today('UTC').add(days=-N, ...)`
[2026-01-30T21:24:47.918+0000] {logging_mixin.py:188} WARNING - /opt/airflow/dags/predict.py:29 RemovedInAirflow3Warning: Param `schedule_interval` is deprecated and will be removed in a future release. Please use `schedule` instead.
[2026-01-30T21:24:47.922+0000] {processor.py:840} INFO - DAG(s) 'ml_prediction_pipeline' retrieved from /opt/airflow/dags/predict.py
[2026-01-30T21:24:47.941+0000] {logging_mixin.py:188} INFO - [2026-01-30T21:24:47.941+0000] {dag.py:3096} INFO - Sync 1 DAGs
[2026-01-30T21:24:47.956+0000] {logging_mixin.py:188} INFO - [2026-01-30T21:24:47.956+0000] {dag.py:3954} INFO - Setting next_dagrun for ml_prediction_pipeline to 2026-01-29 00:00:00+00:00, run_after=2026-01-30 00:00:00+00:00
[2026-01-30T21:24:47.975+0000] {processor.py:183} INFO - Processing /opt/airflow/dags/predict.py took 1.891 seconds
[2026-01-30T21:25:19.062+0000] {processor.py:161} INFO - Started process (PID=4511) to work on /opt/airflow/dags/predict.py
[2026-01-30T21:25:19.062+0000] {processor.py:830} INFO - Processing file /opt/airflow/dags/predict.py for tasks to queue
[2026-01-30T21:25:19.063+0000] {logging_mixin.py:188} INFO - [2026-01-30T21:25:19.063+0000] {dagbag.py:545} INFO - Filling up the DagBag from /opt/airflow/dags/predict.py
[2026-01-30T21:25:20.778+0000] {logging_mixin.py:188} WARNING - /opt/airflow/dags/predict.py:34 RemovedInAirflow3Warning: Function `days_ago` is deprecated and will be removed in Airflow 3.0. You can achieve equivalent behavior with `pendulum.today('UTC').add(days=-N, ...)`
[2026-01-30T21:25:20.779+0000] {logging_mixin.py:188} WARNING - /opt/airflow/dags/predict.py:29 RemovedInAirflow3Warning: Param `schedule_interval` is deprecated and will be removed in a future release. Please use `schedule` instead.
[2026-01-30T21:25:20.783+0000] {processor.py:840} INFO - DAG(s) 'ml_prediction_pipeline' retrieved from /opt/airflow/dags/predict.py
[2026-01-30T21:25:20.800+0000] {logging_mixin.py:188} INFO - [2026-01-30T21:25:20.800+0000] {dag.py:3096} INFO - Sync 1 DAGs
[2026-01-30T21:25:20.811+0000] {logging_mixin.py:188} INFO - [2026-01-30T21:25:20.811+0000] {dag.py:3954} INFO - Setting next_dagrun for ml_prediction_pipeline to 2026-01-29 00:00:00+00:00, run_after=2026-01-30 00:00:00+00:00
[2026-01-30T21:25:20.823+0000] {processor.py:183} INFO - Processing /opt/airflow/dags/predict.py took 1.765 seconds
[2026-01-30T21:25:51.460+0000] {processor.py:161} INFO - Started process (PID=4558) to work on /opt/airflow/dags/predict.py
[2026-01-30T21:25:51.462+0000] {processor.py:830} INFO - Processing file /opt/airflow/dags/predict.py for tasks to queue
[2026-01-30T21:25:51.464+0000] {logging_mixin.py:188} INFO - [2026-01-30T21:25:51.464+0000] {dagbag.py:545} INFO - Filling up the DagBag from /opt/airflow/dags/predict.py
[2026-01-30T21:25:53.545+0000] {logging_mixin.py:188} WARNING - /opt/airflow/dags/predict.py:34 RemovedInAirflow3Warning: Function `days_ago` is deprecated and will be removed in Airflow 3.0. You can achieve equivalent behavior with `pendulum.today('UTC').add(days=-N, ...)`
[2026-01-30T21:25:53.546+0000] {logging_mixin.py:188} WARNING - /opt/airflow/dags/predict.py:29 RemovedInAirflow3Warning: Param `schedule_interval` is deprecated and will be removed in a future release. Please use `schedule` instead.
[2026-01-30T21:25:53.550+0000] {processor.py:840} INFO - DAG(s) 'ml_prediction_pipeline' retrieved from /opt/airflow/dags/predict.py
[2026-01-30T21:25:53.568+0000] {logging_mixin.py:188} INFO - [2026-01-30T21:25:53.567+0000] {dag.py:3096} INFO - Sync 1 DAGs
[2026-01-30T21:25:53.581+0000] {logging_mixin.py:188} INFO - [2026-01-30T21:25:53.581+0000] {dag.py:3954} INFO - Setting next_dagrun for ml_prediction_pipeline to 2026-01-29 00:00:00+00:00, run_after=2026-01-30 00:00:00+00:00
[2026-01-30T21:25:53.596+0000] {processor.py:183} INFO - Processing /opt/airflow/dags/predict.py took 2.140 seconds
[2026-01-30T21:26:24.519+0000] {processor.py:161} INFO - Started process (PID=4605) to work on /opt/airflow/dags/predict.py
[2026-01-30T21:26:24.520+0000] {processor.py:830} INFO - Processing file /opt/airflow/dags/predict.py for tasks to queue
[2026-01-30T21:26:24.522+0000] {logging_mixin.py:188} INFO - [2026-01-30T21:26:24.521+0000] {dagbag.py:545} INFO - Filling up the DagBag from /opt/airflow/dags/predict.py
[2026-01-30T21:26:27.200+0000] {logging_mixin.py:188} WARNING - /opt/airflow/dags/predict.py:34 RemovedInAirflow3Warning: Function `days_ago` is deprecated and will be removed in Airflow 3.0. You can achieve equivalent behavior with `pendulum.today('UTC').add(days=-N, ...)`
[2026-01-30T21:26:27.203+0000] {logging_mixin.py:188} WARNING - /opt/airflow/dags/predict.py:29 RemovedInAirflow3Warning: Param `schedule_interval` is deprecated and will be removed in a future release. Please use `schedule` instead.
[2026-01-30T21:26:27.208+0000] {processor.py:840} INFO - DAG(s) 'ml_prediction_pipeline' retrieved from /opt/airflow/dags/predict.py
[2026-01-30T21:26:27.229+0000] {logging_mixin.py:188} INFO - [2026-01-30T21:26:27.228+0000] {dag.py:3096} INFO - Sync 1 DAGs
[2026-01-30T21:26:27.246+0000] {logging_mixin.py:188} INFO - [2026-01-30T21:26:27.246+0000] {dag.py:3954} INFO - Setting next_dagrun for ml_prediction_pipeline to 2026-01-29 00:00:00+00:00, run_after=2026-01-30 00:00:00+00:00
[2026-01-30T21:26:27.263+0000] {processor.py:183} INFO - Processing /opt/airflow/dags/predict.py took 2.749 seconds
[2026-01-30T21:27:00.468+0000] {processor.py:161} INFO - Started process (PID=4662) to work on /opt/airflow/dags/predict.py
[2026-01-30T21:27:00.471+0000] {processor.py:830} INFO - Processing file /opt/airflow/dags/predict.py for tasks to queue
[2026-01-30T21:27:00.474+0000] {logging_mixin.py:188} INFO - [2026-01-30T21:27:00.474+0000] {dagbag.py:545} INFO - Filling up the DagBag from /opt/airflow/dags/predict.py
[2026-01-30T21:27:03.240+0000] {logging_mixin.py:188} WARNING - /opt/airflow/dags/predict.py:34 RemovedInAirflow3Warning: Function `days_ago` is deprecated and will be removed in Airflow 3.0. You can achieve equivalent behavior with `pendulum.today('UTC').add(days=-N, ...)`
[2026-01-30T21:27:03.242+0000] {logging_mixin.py:188} WARNING - /opt/airflow/dags/predict.py:29 RemovedInAirflow3Warning: Param `schedule_interval` is deprecated and will be removed in a future release. Please use `schedule` instead.
[2026-01-30T21:27:03.248+0000] {processor.py:840} INFO - DAG(s) 'ml_prediction_pipeline' retrieved from /opt/airflow/dags/predict.py
[2026-01-30T21:27:03.272+0000] {logging_mixin.py:188} INFO - [2026-01-30T21:27:03.272+0000] {dag.py:3096} INFO - Sync 1 DAGs
[2026-01-30T21:27:03.289+0000] {logging_mixin.py:188} INFO - [2026-01-30T21:27:03.288+0000] {dag.py:3954} INFO - Setting next_dagrun for ml_prediction_pipeline to 2026-01-29 00:00:00+00:00, run_after=2026-01-30 00:00:00+00:00
[2026-01-30T21:27:03.304+0000] {processor.py:183} INFO - Processing /opt/airflow/dags/predict.py took 2.843 seconds
[2026-01-30T21:27:33.598+0000] {processor.py:161} INFO - Started process (PID=4694) to work on /opt/airflow/dags/predict.py
[2026-01-30T21:27:33.599+0000] {processor.py:830} INFO - Processing file /opt/airflow/dags/predict.py for tasks to queue
[2026-01-30T21:27:33.601+0000] {logging_mixin.py:188} INFO - [2026-01-30T21:27:33.600+0000] {dagbag.py:545} INFO - Filling up the DagBag from /opt/airflow/dags/predict.py
[2026-01-30T21:27:36.337+0000] {logging_mixin.py:188} WARNING - /opt/airflow/dags/predict.py:34 RemovedInAirflow3Warning: Function `days_ago` is deprecated and will be removed in Airflow 3.0. You can achieve equivalent behavior with `pendulum.today('UTC').add(days=-N, ...)`
[2026-01-30T21:27:36.338+0000] {logging_mixin.py:188} WARNING - /opt/airflow/dags/predict.py:29 RemovedInAirflow3Warning: Param `schedule_interval` is deprecated and will be removed in a future release. Please use `schedule` instead.
[2026-01-30T21:27:36.343+0000] {processor.py:840} INFO - DAG(s) 'ml_prediction_pipeline' retrieved from /opt/airflow/dags/predict.py
[2026-01-30T21:27:36.363+0000] {logging_mixin.py:188} INFO - [2026-01-30T21:27:36.363+0000] {dag.py:3096} INFO - Sync 1 DAGs
[2026-01-30T21:27:36.380+0000] {logging_mixin.py:188} INFO - [2026-01-30T21:27:36.380+0000] {dag.py:3954} INFO - Setting next_dagrun for ml_prediction_pipeline to 2026-01-29 00:00:00+00:00, run_after=2026-01-30 00:00:00+00:00
[2026-01-30T21:27:36.396+0000] {processor.py:183} INFO - Processing /opt/airflow/dags/predict.py took 2.803 seconds
[2026-01-30T21:28:06.881+0000] {processor.py:161} INFO - Started process (PID=4741) to work on /opt/airflow/dags/predict.py
[2026-01-30T21:28:06.883+0000] {processor.py:830} INFO - Processing file /opt/airflow/dags/predict.py for tasks to queue
[2026-01-30T21:28:06.885+0000] {logging_mixin.py:188} INFO - [2026-01-30T21:28:06.885+0000] {dagbag.py:545} INFO - Filling up the DagBag from /opt/airflow/dags/predict.py
[2026-01-30T21:28:10.000+0000] {logging_mixin.py:188} WARNING - /opt/airflow/dags/predict.py:34 RemovedInAirflow3Warning: Function `days_ago` is deprecated and will be removed in Airflow 3.0. You can achieve equivalent behavior with `pendulum.today('UTC').add(days=-N, ...)`
[2026-01-30T21:28:10.001+0000] {logging_mixin.py:188} WARNING - /opt/airflow/dags/predict.py:29 RemovedInAirflow3Warning: Param `schedule_interval` is deprecated and will be removed in a future release. Please use `schedule` instead.
[2026-01-30T21:28:10.009+0000] {processor.py:840} INFO - DAG(s) 'ml_prediction_pipeline' retrieved from /opt/airflow/dags/predict.py
[2026-01-30T21:28:10.051+0000] {logging_mixin.py:188} INFO - [2026-01-30T21:28:10.050+0000] {dag.py:3096} INFO - Sync 1 DAGs
[2026-01-30T21:28:10.077+0000] {logging_mixin.py:188} INFO - [2026-01-30T21:28:10.076+0000] {dag.py:3954} INFO - Setting next_dagrun for ml_prediction_pipeline to 2026-01-29 00:00:00+00:00, run_after=2026-01-30 00:00:00+00:00
[2026-01-30T21:28:10.102+0000] {processor.py:183} INFO - Processing /opt/airflow/dags/predict.py took 3.229 seconds
[2026-01-30T21:28:40.303+0000] {processor.py:161} INFO - Started process (PID=4784) to work on /opt/airflow/dags/predict.py
[2026-01-30T21:28:40.304+0000] {processor.py:830} INFO - Processing file /opt/airflow/dags/predict.py for tasks to queue
[2026-01-30T21:28:40.305+0000] {logging_mixin.py:188} INFO - [2026-01-30T21:28:40.305+0000] {dagbag.py:545} INFO - Filling up the DagBag from /opt/airflow/dags/predict.py
[2026-01-30T21:28:43.176+0000] {logging_mixin.py:188} WARNING - /opt/airflow/dags/predict.py:34 RemovedInAirflow3Warning: Function `days_ago` is deprecated and will be removed in Airflow 3.0. You can achieve equivalent behavior with `pendulum.today('UTC').add(days=-N, ...)`
[2026-01-30T21:28:43.178+0000] {logging_mixin.py:188} WARNING - /opt/airflow/dags/predict.py:29 RemovedInAirflow3Warning: Param `schedule_interval` is deprecated and will be removed in a future release. Please use `schedule` instead.
[2026-01-30T21:28:43.183+0000] {processor.py:840} INFO - DAG(s) 'ml_prediction_pipeline' retrieved from /opt/airflow/dags/predict.py
[2026-01-30T21:28:43.210+0000] {logging_mixin.py:188} INFO - [2026-01-30T21:28:43.209+0000] {dag.py:3096} INFO - Sync 1 DAGs
[2026-01-30T21:28:43.233+0000] {logging_mixin.py:188} INFO - [2026-01-30T21:28:43.232+0000] {dag.py:3954} INFO - Setting next_dagrun for ml_prediction_pipeline to 2026-01-29 00:00:00+00:00, run_after=2026-01-30 00:00:00+00:00
[2026-01-30T21:28:43.262+0000] {processor.py:183} INFO - Processing /opt/airflow/dags/predict.py took 2.964 seconds
[2026-01-30T21:29:13.679+0000] {processor.py:161} INFO - Started process (PID=4831) to work on /opt/airflow/dags/predict.py
[2026-01-30T21:29:13.681+0000] {processor.py:830} INFO - Processing file /opt/airflow/dags/predict.py for tasks to queue
[2026-01-30T21:29:13.683+0000] {logging_mixin.py:188} INFO - [2026-01-30T21:29:13.683+0000] {dagbag.py:545} INFO - Filling up the DagBag from /opt/airflow/dags/predict.py
[2026-01-30T21:29:16.233+0000] {logging_mixin.py:188} WARNING - /opt/airflow/dags/predict.py:34 RemovedInAirflow3Warning: Function `days_ago` is deprecated and will be removed in Airflow 3.0. You can achieve equivalent behavior with `pendulum.today('UTC').add(days=-N, ...)`
[2026-01-30T21:29:16.234+0000] {logging_mixin.py:188} WARNING - /opt/airflow/dags/predict.py:29 RemovedInAirflow3Warning: Param `schedule_interval` is deprecated and will be removed in a future release. Please use `schedule` instead.
[2026-01-30T21:29:16.239+0000] {processor.py:840} INFO - DAG(s) 'ml_prediction_pipeline' retrieved from /opt/airflow/dags/predict.py
[2026-01-30T21:29:16.268+0000] {logging_mixin.py:188} INFO - [2026-01-30T21:29:16.268+0000] {dag.py:3096} INFO - Sync 1 DAGs
[2026-01-30T21:29:16.290+0000] {logging_mixin.py:188} INFO - [2026-01-30T21:29:16.290+0000] {dag.py:3954} INFO - Setting next_dagrun for ml_prediction_pipeline to 2026-01-29 00:00:00+00:00, run_after=2026-01-30 00:00:00+00:00
[2026-01-30T21:29:16.314+0000] {processor.py:183} INFO - Processing /opt/airflow/dags/predict.py took 2.641 seconds
[2026-01-30T21:29:46.477+0000] {processor.py:161} INFO - Started process (PID=4878) to work on /opt/airflow/dags/predict.py
[2026-01-30T21:29:46.478+0000] {processor.py:830} INFO - Processing file /opt/airflow/dags/predict.py for tasks to queue
[2026-01-30T21:29:46.481+0000] {logging_mixin.py:188} INFO - [2026-01-30T21:29:46.481+0000] {dagbag.py:545} INFO - Filling up the DagBag from /opt/airflow/dags/predict.py
[2026-01-30T21:29:49.234+0000] {logging_mixin.py:188} WARNING - /opt/airflow/dags/predict.py:34 RemovedInAirflow3Warning: Function `days_ago` is deprecated and will be removed in Airflow 3.0. You can achieve equivalent behavior with `pendulum.today('UTC').add(days=-N, ...)`
[2026-01-30T21:29:49.236+0000] {logging_mixin.py:188} WARNING - /opt/airflow/dags/predict.py:29 RemovedInAirflow3Warning: Param `schedule_interval` is deprecated and will be removed in a future release. Please use `schedule` instead.
[2026-01-30T21:29:49.243+0000] {processor.py:840} INFO - DAG(s) 'ml_prediction_pipeline' retrieved from /opt/airflow/dags/predict.py
[2026-01-30T21:29:49.269+0000] {logging_mixin.py:188} INFO - [2026-01-30T21:29:49.268+0000] {dag.py:3096} INFO - Sync 1 DAGs
[2026-01-30T21:29:49.290+0000] {logging_mixin.py:188} INFO - [2026-01-30T21:29:49.290+0000] {dag.py:3954} INFO - Setting next_dagrun for ml_prediction_pipeline to 2026-01-29 00:00:00+00:00, run_after=2026-01-30 00:00:00+00:00
[2026-01-30T21:29:49.313+0000] {processor.py:183} INFO - Processing /opt/airflow/dags/predict.py took 2.843 seconds
[2026-01-30T21:30:20.028+0000] {processor.py:161} INFO - Started process (PID=4931) to work on /opt/airflow/dags/predict.py
[2026-01-30T21:30:20.031+0000] {processor.py:830} INFO - Processing file /opt/airflow/dags/predict.py for tasks to queue
[2026-01-30T21:30:20.033+0000] {logging_mixin.py:188} INFO - [2026-01-30T21:30:20.033+0000] {dagbag.py:545} INFO - Filling up the DagBag from /opt/airflow/dags/predict.py
[2026-01-30T21:30:21.598+0000] {logging_mixin.py:188} WARNING - /opt/airflow/dags/predict.py:34 RemovedInAirflow3Warning: Function `days_ago` is deprecated and will be removed in Airflow 3.0. You can achieve equivalent behavior with `pendulum.today('UTC').add(days=-N, ...)`
[2026-01-30T21:30:21.599+0000] {logging_mixin.py:188} WARNING - /opt/airflow/dags/predict.py:29 RemovedInAirflow3Warning: Param `schedule_interval` is deprecated and will be removed in a future release. Please use `schedule` instead.
[2026-01-30T21:30:21.602+0000] {processor.py:840} INFO - DAG(s) 'ml_prediction_pipeline' retrieved from /opt/airflow/dags/predict.py
[2026-01-30T21:30:21.620+0000] {logging_mixin.py:188} INFO - [2026-01-30T21:30:21.620+0000] {dag.py:3096} INFO - Sync 1 DAGs
[2026-01-30T21:30:21.634+0000] {logging_mixin.py:188} INFO - [2026-01-30T21:30:21.633+0000] {dag.py:3954} INFO - Setting next_dagrun for ml_prediction_pipeline to 2026-01-29 00:00:00+00:00, run_after=2026-01-30 00:00:00+00:00
[2026-01-30T21:30:21.647+0000] {processor.py:183} INFO - Processing /opt/airflow/dags/predict.py took 1.623 seconds
[2026-01-30T21:30:52.043+0000] {processor.py:161} INFO - Started process (PID=4972) to work on /opt/airflow/dags/predict.py
[2026-01-30T21:30:52.044+0000] {processor.py:830} INFO - Processing file /opt/airflow/dags/predict.py for tasks to queue
[2026-01-30T21:30:52.045+0000] {logging_mixin.py:188} INFO - [2026-01-30T21:30:52.045+0000] {dagbag.py:545} INFO - Filling up the DagBag from /opt/airflow/dags/predict.py
[2026-01-30T21:30:53.703+0000] {logging_mixin.py:188} WARNING - /opt/airflow/dags/predict.py:34 RemovedInAirflow3Warning: Function `days_ago` is deprecated and will be removed in Airflow 3.0. You can achieve equivalent behavior with `pendulum.today('UTC').add(days=-N, ...)`
[2026-01-30T21:30:53.704+0000] {logging_mixin.py:188} WARNING - /opt/airflow/dags/predict.py:29 RemovedInAirflow3Warning: Param `schedule_interval` is deprecated and will be removed in a future release. Please use `schedule` instead.
[2026-01-30T21:30:53.708+0000] {processor.py:840} INFO - DAG(s) 'ml_prediction_pipeline' retrieved from /opt/airflow/dags/predict.py
[2026-01-30T21:30:53.725+0000] {logging_mixin.py:188} INFO - [2026-01-30T21:30:53.725+0000] {dag.py:3096} INFO - Sync 1 DAGs
[2026-01-30T21:30:53.739+0000] {logging_mixin.py:188} INFO - [2026-01-30T21:30:53.739+0000] {dag.py:3954} INFO - Setting next_dagrun for ml_prediction_pipeline to 2026-01-29 00:00:00+00:00, run_after=2026-01-30 00:00:00+00:00
[2026-01-30T21:30:53.751+0000] {processor.py:183} INFO - Processing /opt/airflow/dags/predict.py took 1.713 seconds
[2026-01-30T21:31:24.148+0000] {processor.py:161} INFO - Started process (PID=5019) to work on /opt/airflow/dags/predict.py
[2026-01-30T21:31:24.151+0000] {processor.py:830} INFO - Processing file /opt/airflow/dags/predict.py for tasks to queue
[2026-01-30T21:31:24.153+0000] {logging_mixin.py:188} INFO - [2026-01-30T21:31:24.153+0000] {dagbag.py:545} INFO - Filling up the DagBag from /opt/airflow/dags/predict.py
[2026-01-30T21:31:25.784+0000] {logging_mixin.py:188} WARNING - /opt/airflow/dags/predict.py:34 RemovedInAirflow3Warning: Function `days_ago` is deprecated and will be removed in Airflow 3.0. You can achieve equivalent behavior with `pendulum.today('UTC').add(days=-N, ...)`
[2026-01-30T21:31:25.785+0000] {logging_mixin.py:188} WARNING - /opt/airflow/dags/predict.py:29 RemovedInAirflow3Warning: Param `schedule_interval` is deprecated and will be removed in a future release. Please use `schedule` instead.
[2026-01-30T21:31:25.788+0000] {processor.py:840} INFO - DAG(s) 'ml_prediction_pipeline' retrieved from /opt/airflow/dags/predict.py
[2026-01-30T21:31:25.804+0000] {logging_mixin.py:188} INFO - [2026-01-30T21:31:25.803+0000] {dag.py:3096} INFO - Sync 1 DAGs
[2026-01-30T21:31:25.816+0000] {logging_mixin.py:188} INFO - [2026-01-30T21:31:25.816+0000] {dag.py:3954} INFO - Setting next_dagrun for ml_prediction_pipeline to 2026-01-29 00:00:00+00:00, run_after=2026-01-30 00:00:00+00:00
[2026-01-30T21:31:25.829+0000] {processor.py:183} INFO - Processing /opt/airflow/dags/predict.py took 1.685 seconds
[2026-01-30T21:31:56.641+0000] {processor.py:161} INFO - Started process (PID=5066) to work on /opt/airflow/dags/predict.py
[2026-01-30T21:31:56.641+0000] {processor.py:830} INFO - Processing file /opt/airflow/dags/predict.py for tasks to queue
[2026-01-30T21:31:56.642+0000] {logging_mixin.py:188} INFO - [2026-01-30T21:31:56.642+0000] {dagbag.py:545} INFO - Filling up the DagBag from /opt/airflow/dags/predict.py
[2026-01-30T21:31:58.388+0000] {logging_mixin.py:188} WARNING - /opt/airflow/dags/predict.py:34 RemovedInAirflow3Warning: Function `days_ago` is deprecated and will be removed in Airflow 3.0. You can achieve equivalent behavior with `pendulum.today('UTC').add(days=-N, ...)`
[2026-01-30T21:31:58.389+0000] {logging_mixin.py:188} WARNING - /opt/airflow/dags/predict.py:29 RemovedInAirflow3Warning: Param `schedule_interval` is deprecated and will be removed in a future release. Please use `schedule` instead.
[2026-01-30T21:31:58.393+0000] {processor.py:840} INFO - DAG(s) 'ml_prediction_pipeline' retrieved from /opt/airflow/dags/predict.py
[2026-01-30T21:31:58.411+0000] {logging_mixin.py:188} INFO - [2026-01-30T21:31:58.411+0000] {dag.py:3096} INFO - Sync 1 DAGs
[2026-01-30T21:31:58.425+0000] {logging_mixin.py:188} INFO - [2026-01-30T21:31:58.425+0000] {dag.py:3954} INFO - Setting next_dagrun for ml_prediction_pipeline to 2026-01-29 00:00:00+00:00, run_after=2026-01-30 00:00:00+00:00
[2026-01-30T21:31:58.442+0000] {processor.py:183} INFO - Processing /opt/airflow/dags/predict.py took 1.805 seconds
[2026-01-30T21:32:28.589+0000] {processor.py:161} INFO - Started process (PID=5113) to work on /opt/airflow/dags/predict.py
[2026-01-30T21:32:28.591+0000] {processor.py:830} INFO - Processing file /opt/airflow/dags/predict.py for tasks to queue
[2026-01-30T21:32:28.594+0000] {logging_mixin.py:188} INFO - [2026-01-30T21:32:28.593+0000] {dagbag.py:545} INFO - Filling up the DagBag from /opt/airflow/dags/predict.py
[2026-01-30T21:32:30.330+0000] {logging_mixin.py:188} WARNING - /opt/airflow/dags/predict.py:34 RemovedInAirflow3Warning: Function `days_ago` is deprecated and will be removed in Airflow 3.0. You can achieve equivalent behavior with `pendulum.today('UTC').add(days=-N, ...)`
[2026-01-30T21:32:30.331+0000] {logging_mixin.py:188} WARNING - /opt/airflow/dags/predict.py:29 RemovedInAirflow3Warning: Param `schedule_interval` is deprecated and will be removed in a future release. Please use `schedule` instead.
[2026-01-30T21:32:30.334+0000] {processor.py:840} INFO - DAG(s) 'ml_prediction_pipeline' retrieved from /opt/airflow/dags/predict.py
[2026-01-30T21:32:30.348+0000] {logging_mixin.py:188} INFO - [2026-01-30T21:32:30.348+0000] {dag.py:3096} INFO - Sync 1 DAGs
[2026-01-30T21:32:30.360+0000] {logging_mixin.py:188} INFO - [2026-01-30T21:32:30.360+0000] {dag.py:3954} INFO - Setting next_dagrun for ml_prediction_pipeline to 2026-01-29 00:00:00+00:00, run_after=2026-01-30 00:00:00+00:00
[2026-01-30T21:32:30.372+0000] {processor.py:183} INFO - Processing /opt/airflow/dags/predict.py took 1.790 seconds
[2026-01-30T21:33:00.501+0000] {processor.py:161} INFO - Started process (PID=5158) to work on /opt/airflow/dags/predict.py
[2026-01-30T21:33:00.501+0000] {processor.py:830} INFO - Processing file /opt/airflow/dags/predict.py for tasks to queue
[2026-01-30T21:33:00.502+0000] {logging_mixin.py:188} INFO - [2026-01-30T21:33:00.502+0000] {dagbag.py:545} INFO - Filling up the DagBag from /opt/airflow/dags/predict.py
[2026-01-30T21:33:02.046+0000] {logging_mixin.py:188} WARNING - /opt/airflow/dags/predict.py:34 RemovedInAirflow3Warning: Function `days_ago` is deprecated and will be removed in Airflow 3.0. You can achieve equivalent behavior with `pendulum.today('UTC').add(days=-N, ...)`
[2026-01-30T21:33:02.047+0000] {logging_mixin.py:188} WARNING - /opt/airflow/dags/predict.py:29 RemovedInAirflow3Warning: Param `schedule_interval` is deprecated and will be removed in a future release. Please use `schedule` instead.
[2026-01-30T21:33:02.050+0000] {processor.py:840} INFO - DAG(s) 'ml_prediction_pipeline' retrieved from /opt/airflow/dags/predict.py
[2026-01-30T21:33:02.066+0000] {logging_mixin.py:188} INFO - [2026-01-30T21:33:02.065+0000] {dag.py:3096} INFO - Sync 1 DAGs
[2026-01-30T21:33:02.078+0000] {logging_mixin.py:188} INFO - [2026-01-30T21:33:02.078+0000] {dag.py:3954} INFO - Setting next_dagrun for ml_prediction_pipeline to 2026-01-29 00:00:00+00:00, run_after=2026-01-30 00:00:00+00:00
[2026-01-30T21:33:02.090+0000] {processor.py:183} INFO - Processing /opt/airflow/dags/predict.py took 1.593 seconds
[2026-01-30T21:33:32.126+0000] {processor.py:161} INFO - Started process (PID=5195) to work on /opt/airflow/dags/predict.py
[2026-01-30T21:33:32.128+0000] {processor.py:830} INFO - Processing file /opt/airflow/dags/predict.py for tasks to queue
[2026-01-30T21:33:32.129+0000] {logging_mixin.py:188} INFO - [2026-01-30T21:33:32.129+0000] {dagbag.py:545} INFO - Filling up the DagBag from /opt/airflow/dags/predict.py
[2026-01-30T21:33:33.971+0000] {logging_mixin.py:188} WARNING - /opt/airflow/dags/predict.py:34 RemovedInAirflow3Warning: Function `days_ago` is deprecated and will be removed in Airflow 3.0. You can achieve equivalent behavior with `pendulum.today('UTC').add(days=-N, ...)`
[2026-01-30T21:33:33.972+0000] {logging_mixin.py:188} WARNING - /opt/airflow/dags/predict.py:29 RemovedInAirflow3Warning: Param `schedule_interval` is deprecated and will be removed in a future release. Please use `schedule` instead.
[2026-01-30T21:33:33.975+0000] {processor.py:840} INFO - DAG(s) 'ml_prediction_pipeline' retrieved from /opt/airflow/dags/predict.py
[2026-01-30T21:33:33.993+0000] {logging_mixin.py:188} INFO - [2026-01-30T21:33:33.993+0000] {dag.py:3096} INFO - Sync 1 DAGs
[2026-01-30T21:33:34.006+0000] {logging_mixin.py:188} INFO - [2026-01-30T21:33:34.006+0000] {dag.py:3954} INFO - Setting next_dagrun for ml_prediction_pipeline to 2026-01-29 00:00:00+00:00, run_after=2026-01-30 00:00:00+00:00
[2026-01-30T21:33:34.021+0000] {processor.py:183} INFO - Processing /opt/airflow/dags/predict.py took 1.899 seconds
[2026-01-30T21:34:05.115+0000] {processor.py:161} INFO - Started process (PID=5243) to work on /opt/airflow/dags/predict.py
[2026-01-30T21:34:05.115+0000] {processor.py:830} INFO - Processing file /opt/airflow/dags/predict.py for tasks to queue
[2026-01-30T21:34:05.116+0000] {logging_mixin.py:188} INFO - [2026-01-30T21:34:05.116+0000] {dagbag.py:545} INFO - Filling up the DagBag from /opt/airflow/dags/predict.py
[2026-01-30T21:34:06.882+0000] {logging_mixin.py:188} WARNING - /opt/airflow/dags/predict.py:34 RemovedInAirflow3Warning: Function `days_ago` is deprecated and will be removed in Airflow 3.0. You can achieve equivalent behavior with `pendulum.today('UTC').add(days=-N, ...)`
[2026-01-30T21:34:06.883+0000] {logging_mixin.py:188} WARNING - /opt/airflow/dags/predict.py:29 RemovedInAirflow3Warning: Param `schedule_interval` is deprecated and will be removed in a future release. Please use `schedule` instead.
[2026-01-30T21:34:06.886+0000] {processor.py:840} INFO - DAG(s) 'ml_prediction_pipeline' retrieved from /opt/airflow/dags/predict.py
[2026-01-30T21:34:06.903+0000] {logging_mixin.py:188} INFO - [2026-01-30T21:34:06.903+0000] {dag.py:3096} INFO - Sync 1 DAGs
[2026-01-30T21:34:06.916+0000] {logging_mixin.py:188} INFO - [2026-01-30T21:34:06.916+0000] {dag.py:3954} INFO - Setting next_dagrun for ml_prediction_pipeline to 2026-01-29 00:00:00+00:00, run_after=2026-01-30 00:00:00+00:00
[2026-01-30T21:34:06.930+0000] {processor.py:183} INFO - Processing /opt/airflow/dags/predict.py took 1.820 seconds
[2026-01-30T21:34:38.054+0000] {processor.py:161} INFO - Started process (PID=5290) to work on /opt/airflow/dags/predict.py
[2026-01-30T21:34:38.055+0000] {processor.py:830} INFO - Processing file /opt/airflow/dags/predict.py for tasks to queue
[2026-01-30T21:34:38.056+0000] {logging_mixin.py:188} INFO - [2026-01-30T21:34:38.056+0000] {dagbag.py:545} INFO - Filling up the DagBag from /opt/airflow/dags/predict.py
[2026-01-30T21:34:39.886+0000] {logging_mixin.py:188} WARNING - /opt/airflow/dags/predict.py:34 RemovedInAirflow3Warning: Function `days_ago` is deprecated and will be removed in Airflow 3.0. You can achieve equivalent behavior with `pendulum.today('UTC').add(days=-N, ...)`
[2026-01-30T21:34:39.886+0000] {logging_mixin.py:188} WARNING - /opt/airflow/dags/predict.py:29 RemovedInAirflow3Warning: Param `schedule_interval` is deprecated and will be removed in a future release. Please use `schedule` instead.
[2026-01-30T21:34:39.890+0000] {processor.py:840} INFO - DAG(s) 'ml_prediction_pipeline' retrieved from /opt/airflow/dags/predict.py
[2026-01-30T21:34:39.909+0000] {logging_mixin.py:188} INFO - [2026-01-30T21:34:39.909+0000] {dag.py:3096} INFO - Sync 1 DAGs
[2026-01-30T21:34:39.923+0000] {logging_mixin.py:188} INFO - [2026-01-30T21:34:39.923+0000] {dag.py:3954} INFO - Setting next_dagrun for ml_prediction_pipeline to 2026-01-29 00:00:00+00:00, run_after=2026-01-30 00:00:00+00:00
[2026-01-30T21:34:39.939+0000] {processor.py:183} INFO - Processing /opt/airflow/dags/predict.py took 1.889 seconds
[2026-01-30T21:35:10.867+0000] {processor.py:161} INFO - Started process (PID=5337) to work on /opt/airflow/dags/predict.py
[2026-01-30T21:35:10.869+0000] {processor.py:830} INFO - Processing file /opt/airflow/dags/predict.py for tasks to queue
[2026-01-30T21:35:10.871+0000] {logging_mixin.py:188} INFO - [2026-01-30T21:35:10.870+0000] {dagbag.py:545} INFO - Filling up the DagBag from /opt/airflow/dags/predict.py
[2026-01-30T21:35:12.727+0000] {logging_mixin.py:188} WARNING - /opt/airflow/dags/predict.py:34 RemovedInAirflow3Warning: Function `days_ago` is deprecated and will be removed in Airflow 3.0. You can achieve equivalent behavior with `pendulum.today('UTC').add(days=-N, ...)`
[2026-01-30T21:35:12.728+0000] {logging_mixin.py:188} WARNING - /opt/airflow/dags/predict.py:29 RemovedInAirflow3Warning: Param `schedule_interval` is deprecated and will be removed in a future release. Please use `schedule` instead.
[2026-01-30T21:35:12.732+0000] {processor.py:840} INFO - DAG(s) 'ml_prediction_pipeline' retrieved from /opt/airflow/dags/predict.py
[2026-01-30T21:35:12.750+0000] {logging_mixin.py:188} INFO - [2026-01-30T21:35:12.750+0000] {dag.py:3096} INFO - Sync 1 DAGs
[2026-01-30T21:35:12.763+0000] {logging_mixin.py:188} INFO - [2026-01-30T21:35:12.763+0000] {dag.py:3954} INFO - Setting next_dagrun for ml_prediction_pipeline to 2026-01-29 00:00:00+00:00, run_after=2026-01-30 00:00:00+00:00
[2026-01-30T21:35:12.777+0000] {processor.py:183} INFO - Processing /opt/airflow/dags/predict.py took 1.915 seconds
[2026-01-30T21:35:43.509+0000] {processor.py:161} INFO - Started process (PID=5384) to work on /opt/airflow/dags/predict.py
[2026-01-30T21:35:43.509+0000] {processor.py:830} INFO - Processing file /opt/airflow/dags/predict.py for tasks to queue
[2026-01-30T21:35:43.511+0000] {logging_mixin.py:188} INFO - [2026-01-30T21:35:43.510+0000] {dagbag.py:545} INFO - Filling up the DagBag from /opt/airflow/dags/predict.py
[2026-01-30T21:35:45.247+0000] {logging_mixin.py:188} WARNING - /opt/airflow/dags/predict.py:34 RemovedInAirflow3Warning: Function `days_ago` is deprecated and will be removed in Airflow 3.0. You can achieve equivalent behavior with `pendulum.today('UTC').add(days=-N, ...)`
[2026-01-30T21:35:45.250+0000] {logging_mixin.py:188} WARNING - /opt/airflow/dags/predict.py:29 RemovedInAirflow3Warning: Param `schedule_interval` is deprecated and will be removed in a future release. Please use `schedule` instead.
[2026-01-30T21:35:45.254+0000] {processor.py:840} INFO - DAG(s) 'ml_prediction_pipeline' retrieved from /opt/airflow/dags/predict.py
[2026-01-30T21:35:45.271+0000] {logging_mixin.py:188} INFO - [2026-01-30T21:35:45.271+0000] {dag.py:3096} INFO - Sync 1 DAGs
[2026-01-30T21:35:45.284+0000] {logging_mixin.py:188} INFO - [2026-01-30T21:35:45.284+0000] {dag.py:3954} INFO - Setting next_dagrun for ml_prediction_pipeline to 2026-01-29 00:00:00+00:00, run_after=2026-01-30 00:00:00+00:00
[2026-01-30T21:35:45.296+0000] {processor.py:183} INFO - Processing /opt/airflow/dags/predict.py took 1.791 seconds
[2026-01-30T21:36:16.744+0000] {processor.py:161} INFO - Started process (PID=5431) to work on /opt/airflow/dags/predict.py
[2026-01-30T21:36:16.745+0000] {processor.py:830} INFO - Processing file /opt/airflow/dags/predict.py for tasks to queue
[2026-01-30T21:36:16.746+0000] {logging_mixin.py:188} INFO - [2026-01-30T21:36:16.746+0000] {dagbag.py:545} INFO - Filling up the DagBag from /opt/airflow/dags/predict.py
[2026-01-30T21:36:18.585+0000] {logging_mixin.py:188} WARNING - /opt/airflow/dags/predict.py:34 RemovedInAirflow3Warning: Function `days_ago` is deprecated and will be removed in Airflow 3.0. You can achieve equivalent behavior with `pendulum.today('UTC').add(days=-N, ...)`
[2026-01-30T21:36:18.586+0000] {logging_mixin.py:188} WARNING - /opt/airflow/dags/predict.py:29 RemovedInAirflow3Warning: Param `schedule_interval` is deprecated and will be removed in a future release. Please use `schedule` instead.
[2026-01-30T21:36:18.590+0000] {processor.py:840} INFO - DAG(s) 'ml_prediction_pipeline' retrieved from /opt/airflow/dags/predict.py
[2026-01-30T21:36:18.611+0000] {logging_mixin.py:188} INFO - [2026-01-30T21:36:18.611+0000] {dag.py:3096} INFO - Sync 1 DAGs
[2026-01-30T21:36:18.627+0000] {logging_mixin.py:188} INFO - [2026-01-30T21:36:18.627+0000] {dag.py:3954} INFO - Setting next_dagrun for ml_prediction_pipeline to 2026-01-29 00:00:00+00:00, run_after=2026-01-30 00:00:00+00:00
[2026-01-30T21:36:18.644+0000] {processor.py:183} INFO - Processing /opt/airflow/dags/predict.py took 1.904 seconds
[2026-01-30T21:36:49.742+0000] {processor.py:161} INFO - Started process (PID=5478) to work on /opt/airflow/dags/predict.py
[2026-01-30T21:36:49.744+0000] {processor.py:830} INFO - Processing file /opt/airflow/dags/predict.py for tasks to queue
[2026-01-30T21:36:49.745+0000] {logging_mixin.py:188} INFO - [2026-01-30T21:36:49.745+0000] {dagbag.py:545} INFO - Filling up the DagBag from /opt/airflow/dags/predict.py
[2026-01-30T21:36:51.506+0000] {logging_mixin.py:188} WARNING - /opt/airflow/dags/predict.py:34 RemovedInAirflow3Warning: Function `days_ago` is deprecated and will be removed in Airflow 3.0. You can achieve equivalent behavior with `pendulum.today('UTC').add(days=-N, ...)`
[2026-01-30T21:36:51.507+0000] {logging_mixin.py:188} WARNING - /opt/airflow/dags/predict.py:29 RemovedInAirflow3Warning: Param `schedule_interval` is deprecated and will be removed in a future release. Please use `schedule` instead.
[2026-01-30T21:36:51.510+0000] {processor.py:840} INFO - DAG(s) 'ml_prediction_pipeline' retrieved from /opt/airflow/dags/predict.py
[2026-01-30T21:36:51.533+0000] {logging_mixin.py:188} INFO - [2026-01-30T21:36:51.532+0000] {dag.py:3096} INFO - Sync 1 DAGs
[2026-01-30T21:36:51.551+0000] {logging_mixin.py:188} INFO - [2026-01-30T21:36:51.551+0000] {dag.py:3954} INFO - Setting next_dagrun for ml_prediction_pipeline to 2026-01-29 00:00:00+00:00, run_after=2026-01-30 00:00:00+00:00
[2026-01-30T21:36:51.575+0000] {processor.py:183} INFO - Processing /opt/airflow/dags/predict.py took 1.838 seconds
[2026-01-30T21:37:22.497+0000] {processor.py:161} INFO - Started process (PID=5525) to work on /opt/airflow/dags/predict.py
[2026-01-30T21:37:22.498+0000] {processor.py:830} INFO - Processing file /opt/airflow/dags/predict.py for tasks to queue
[2026-01-30T21:37:22.499+0000] {logging_mixin.py:188} INFO - [2026-01-30T21:37:22.499+0000] {dagbag.py:545} INFO - Filling up the DagBag from /opt/airflow/dags/predict.py
[2026-01-30T21:37:24.370+0000] {logging_mixin.py:188} WARNING - /opt/airflow/dags/predict.py:34 RemovedInAirflow3Warning: Function `days_ago` is deprecated and will be removed in Airflow 3.0. You can achieve equivalent behavior with `pendulum.today('UTC').add(days=-N, ...)`
[2026-01-30T21:37:24.372+0000] {logging_mixin.py:188} WARNING - /opt/airflow/dags/predict.py:29 RemovedInAirflow3Warning: Param `schedule_interval` is deprecated and will be removed in a future release. Please use `schedule` instead.
[2026-01-30T21:37:24.375+0000] {processor.py:840} INFO - DAG(s) 'ml_prediction_pipeline' retrieved from /opt/airflow/dags/predict.py
[2026-01-30T21:37:24.393+0000] {logging_mixin.py:188} INFO - [2026-01-30T21:37:24.393+0000] {dag.py:3096} INFO - Sync 1 DAGs
[2026-01-30T21:37:24.408+0000] {logging_mixin.py:188} INFO - [2026-01-30T21:37:24.407+0000] {dag.py:3954} INFO - Setting next_dagrun for ml_prediction_pipeline to 2026-01-29 00:00:00+00:00, run_after=2026-01-30 00:00:00+00:00
[2026-01-30T21:37:24.422+0000] {processor.py:183} INFO - Processing /opt/airflow/dags/predict.py took 1.929 seconds
[2026-01-30T21:37:55.484+0000] {processor.py:161} INFO - Started process (PID=5572) to work on /opt/airflow/dags/predict.py
[2026-01-30T21:37:55.485+0000] {processor.py:830} INFO - Processing file /opt/airflow/dags/predict.py for tasks to queue
[2026-01-30T21:37:55.486+0000] {logging_mixin.py:188} INFO - [2026-01-30T21:37:55.485+0000] {dagbag.py:545} INFO - Filling up the DagBag from /opt/airflow/dags/predict.py
[2026-01-30T21:37:57.198+0000] {logging_mixin.py:188} WARNING - /opt/airflow/dags/predict.py:34 RemovedInAirflow3Warning: Function `days_ago` is deprecated and will be removed in Airflow 3.0. You can achieve equivalent behavior with `pendulum.today('UTC').add(days=-N, ...)`
[2026-01-30T21:37:57.199+0000] {logging_mixin.py:188} WARNING - /opt/airflow/dags/predict.py:29 RemovedInAirflow3Warning: Param `schedule_interval` is deprecated and will be removed in a future release. Please use `schedule` instead.
[2026-01-30T21:37:57.201+0000] {processor.py:840} INFO - DAG(s) 'ml_prediction_pipeline' retrieved from /opt/airflow/dags/predict.py
[2026-01-30T21:37:57.219+0000] {logging_mixin.py:188} INFO - [2026-01-30T21:37:57.219+0000] {dag.py:3096} INFO - Sync 1 DAGs
[2026-01-30T21:37:57.233+0000] {logging_mixin.py:188} INFO - [2026-01-30T21:37:57.233+0000] {dag.py:3954} INFO - Setting next_dagrun for ml_prediction_pipeline to 2026-01-29 00:00:00+00:00, run_after=2026-01-30 00:00:00+00:00
[2026-01-30T21:37:57.248+0000] {processor.py:183} INFO - Processing /opt/airflow/dags/predict.py took 1.768 seconds
[2026-01-30T21:38:28.330+0000] {processor.py:161} INFO - Started process (PID=5619) to work on /opt/airflow/dags/predict.py
[2026-01-30T21:38:28.331+0000] {processor.py:830} INFO - Processing file /opt/airflow/dags/predict.py for tasks to queue
[2026-01-30T21:38:28.332+0000] {logging_mixin.py:188} INFO - [2026-01-30T21:38:28.332+0000] {dagbag.py:545} INFO - Filling up the DagBag from /opt/airflow/dags/predict.py
[2026-01-30T21:38:30.125+0000] {logging_mixin.py:188} WARNING - /opt/airflow/dags/predict.py:34 RemovedInAirflow3Warning: Function `days_ago` is deprecated and will be removed in Airflow 3.0. You can achieve equivalent behavior with `pendulum.today('UTC').add(days=-N, ...)`
[2026-01-30T21:38:30.126+0000] {logging_mixin.py:188} WARNING - /opt/airflow/dags/predict.py:29 RemovedInAirflow3Warning: Param `schedule_interval` is deprecated and will be removed in a future release. Please use `schedule` instead.
[2026-01-30T21:38:30.129+0000] {processor.py:840} INFO - DAG(s) 'ml_prediction_pipeline' retrieved from /opt/airflow/dags/predict.py
[2026-01-30T21:38:30.144+0000] {logging_mixin.py:188} INFO - [2026-01-30T21:38:30.144+0000] {dag.py:3096} INFO - Sync 1 DAGs
[2026-01-30T21:38:30.158+0000] {logging_mixin.py:188} INFO - [2026-01-30T21:38:30.157+0000] {dag.py:3954} INFO - Setting next_dagrun for ml_prediction_pipeline to 2026-01-29 00:00:00+00:00, run_after=2026-01-30 00:00:00+00:00
[2026-01-30T21:38:30.170+0000] {processor.py:183} INFO - Processing /opt/airflow/dags/predict.py took 1.844 seconds
[2026-01-30T21:39:01.218+0000] {processor.py:161} INFO - Started process (PID=5666) to work on /opt/airflow/dags/predict.py
[2026-01-30T21:39:01.219+0000] {processor.py:830} INFO - Processing file /opt/airflow/dags/predict.py for tasks to queue
[2026-01-30T21:39:01.220+0000] {logging_mixin.py:188} INFO - [2026-01-30T21:39:01.220+0000] {dagbag.py:545} INFO - Filling up the DagBag from /opt/airflow/dags/predict.py
[2026-01-30T21:39:02.964+0000] {logging_mixin.py:188} WARNING - /opt/airflow/dags/predict.py:34 RemovedInAirflow3Warning: Function `days_ago` is deprecated and will be removed in Airflow 3.0. You can achieve equivalent behavior with `pendulum.today('UTC').add(days=-N, ...)`
[2026-01-30T21:39:02.965+0000] {logging_mixin.py:188} WARNING - /opt/airflow/dags/predict.py:29 RemovedInAirflow3Warning: Param `schedule_interval` is deprecated and will be removed in a future release. Please use `schedule` instead.
[2026-01-30T21:39:02.969+0000] {processor.py:840} INFO - DAG(s) 'ml_prediction_pipeline' retrieved from /opt/airflow/dags/predict.py
[2026-01-30T21:39:02.984+0000] {logging_mixin.py:188} INFO - [2026-01-30T21:39:02.983+0000] {dag.py:3096} INFO - Sync 1 DAGs
[2026-01-30T21:39:02.997+0000] {logging_mixin.py:188} INFO - [2026-01-30T21:39:02.997+0000] {dag.py:3954} INFO - Setting next_dagrun for ml_prediction_pipeline to 2026-01-29 00:00:00+00:00, run_after=2026-01-30 00:00:00+00:00
[2026-01-30T21:39:03.009+0000] {processor.py:183} INFO - Processing /opt/airflow/dags/predict.py took 1.795 seconds
[2026-01-30T21:39:33.976+0000] {processor.py:161} INFO - Started process (PID=5713) to work on /opt/airflow/dags/predict.py
[2026-01-30T21:39:33.978+0000] {processor.py:830} INFO - Processing file /opt/airflow/dags/predict.py for tasks to queue
[2026-01-30T21:39:33.979+0000] {logging_mixin.py:188} INFO - [2026-01-30T21:39:33.979+0000] {dagbag.py:545} INFO - Filling up the DagBag from /opt/airflow/dags/predict.py
[2026-01-30T21:39:35.752+0000] {logging_mixin.py:188} WARNING - /opt/airflow/dags/predict.py:34 RemovedInAirflow3Warning: Function `days_ago` is deprecated and will be removed in Airflow 3.0. You can achieve equivalent behavior with `pendulum.today('UTC').add(days=-N, ...)`
[2026-01-30T21:39:35.753+0000] {logging_mixin.py:188} WARNING - /opt/airflow/dags/predict.py:29 RemovedInAirflow3Warning: Param `schedule_interval` is deprecated and will be removed in a future release. Please use `schedule` instead.
[2026-01-30T21:39:35.756+0000] {processor.py:840} INFO - DAG(s) 'ml_prediction_pipeline' retrieved from /opt/airflow/dags/predict.py
[2026-01-30T21:39:35.776+0000] {logging_mixin.py:188} INFO - [2026-01-30T21:39:35.776+0000] {dag.py:3096} INFO - Sync 1 DAGs
[2026-01-30T21:39:35.791+0000] {logging_mixin.py:188} INFO - [2026-01-30T21:39:35.791+0000] {dag.py:3954} INFO - Setting next_dagrun for ml_prediction_pipeline to 2026-01-29 00:00:00+00:00, run_after=2026-01-30 00:00:00+00:00
[2026-01-30T21:39:35.811+0000] {processor.py:183} INFO - Processing /opt/airflow/dags/predict.py took 1.840 seconds
[2026-01-30T21:40:06.891+0000] {processor.py:161} INFO - Started process (PID=5760) to work on /opt/airflow/dags/predict.py
[2026-01-30T21:40:06.891+0000] {processor.py:830} INFO - Processing file /opt/airflow/dags/predict.py for tasks to queue
[2026-01-30T21:40:06.893+0000] {logging_mixin.py:188} INFO - [2026-01-30T21:40:06.892+0000] {dagbag.py:545} INFO - Filling up the DagBag from /opt/airflow/dags/predict.py
[2026-01-30T21:40:08.696+0000] {logging_mixin.py:188} WARNING - /opt/airflow/dags/predict.py:34 RemovedInAirflow3Warning: Function `days_ago` is deprecated and will be removed in Airflow 3.0. You can achieve equivalent behavior with `pendulum.today('UTC').add(days=-N, ...)`
[2026-01-30T21:40:08.697+0000] {logging_mixin.py:188} WARNING - /opt/airflow/dags/predict.py:29 RemovedInAirflow3Warning: Param `schedule_interval` is deprecated and will be removed in a future release. Please use `schedule` instead.
[2026-01-30T21:40:08.700+0000] {processor.py:840} INFO - DAG(s) 'ml_prediction_pipeline' retrieved from /opt/airflow/dags/predict.py
[2026-01-30T21:40:08.720+0000] {logging_mixin.py:188} INFO - [2026-01-30T21:40:08.720+0000] {dag.py:3096} INFO - Sync 1 DAGs
[2026-01-30T21:40:08.735+0000] {logging_mixin.py:188} INFO - [2026-01-30T21:40:08.735+0000] {dag.py:3954} INFO - Setting next_dagrun for ml_prediction_pipeline to 2026-01-29 00:00:00+00:00, run_after=2026-01-30 00:00:00+00:00
[2026-01-30T21:40:08.751+0000] {processor.py:183} INFO - Processing /opt/airflow/dags/predict.py took 1.865 seconds
[2026-01-30T21:40:39.768+0000] {processor.py:161} INFO - Started process (PID=5807) to work on /opt/airflow/dags/predict.py
[2026-01-30T21:40:39.770+0000] {processor.py:830} INFO - Processing file /opt/airflow/dags/predict.py for tasks to queue
[2026-01-30T21:40:39.772+0000] {logging_mixin.py:188} INFO - [2026-01-30T21:40:39.772+0000] {dagbag.py:545} INFO - Filling up the DagBag from /opt/airflow/dags/predict.py
[2026-01-30T21:40:41.902+0000] {logging_mixin.py:188} WARNING - /opt/airflow/dags/predict.py:34 RemovedInAirflow3Warning: Function `days_ago` is deprecated and will be removed in Airflow 3.0. You can achieve equivalent behavior with `pendulum.today('UTC').add(days=-N, ...)`
[2026-01-30T21:40:41.903+0000] {logging_mixin.py:188} WARNING - /opt/airflow/dags/predict.py:29 RemovedInAirflow3Warning: Param `schedule_interval` is deprecated and will be removed in a future release. Please use `schedule` instead.
[2026-01-30T21:40:41.907+0000] {processor.py:840} INFO - DAG(s) 'ml_prediction_pipeline' retrieved from /opt/airflow/dags/predict.py
[2026-01-30T21:40:41.928+0000] {logging_mixin.py:188} INFO - [2026-01-30T21:40:41.928+0000] {dag.py:3096} INFO - Sync 1 DAGs
[2026-01-30T21:40:41.946+0000] {logging_mixin.py:188} INFO - [2026-01-30T21:40:41.946+0000] {dag.py:3954} INFO - Setting next_dagrun for ml_prediction_pipeline to 2026-01-29 00:00:00+00:00, run_after=2026-01-30 00:00:00+00:00
[2026-01-30T21:40:41.967+0000] {processor.py:183} INFO - Processing /opt/airflow/dags/predict.py took 2.203 seconds
[2026-01-30T21:41:13.067+0000] {processor.py:161} INFO - Started process (PID=5854) to work on /opt/airflow/dags/predict.py
[2026-01-30T21:41:13.067+0000] {processor.py:830} INFO - Processing file /opt/airflow/dags/predict.py for tasks to queue
[2026-01-30T21:41:13.069+0000] {logging_mixin.py:188} INFO - [2026-01-30T21:41:13.069+0000] {dagbag.py:545} INFO - Filling up the DagBag from /opt/airflow/dags/predict.py
[2026-01-30T21:41:15.157+0000] {logging_mixin.py:188} WARNING - /opt/airflow/dags/predict.py:34 RemovedInAirflow3Warning: Function `days_ago` is deprecated and will be removed in Airflow 3.0. You can achieve equivalent behavior with `pendulum.today('UTC').add(days=-N, ...)`
[2026-01-30T21:41:15.159+0000] {logging_mixin.py:188} WARNING - /opt/airflow/dags/predict.py:29 RemovedInAirflow3Warning: Param `schedule_interval` is deprecated and will be removed in a future release. Please use `schedule` instead.
[2026-01-30T21:41:15.163+0000] {processor.py:840} INFO - DAG(s) 'ml_prediction_pipeline' retrieved from /opt/airflow/dags/predict.py
[2026-01-30T21:41:15.185+0000] {logging_mixin.py:188} INFO - [2026-01-30T21:41:15.185+0000] {dag.py:3096} INFO - Sync 1 DAGs
[2026-01-30T21:41:15.203+0000] {logging_mixin.py:188} INFO - [2026-01-30T21:41:15.202+0000] {dag.py:3954} INFO - Setting next_dagrun for ml_prediction_pipeline to 2026-01-29 00:00:00+00:00, run_after=2026-01-30 00:00:00+00:00
[2026-01-30T21:41:15.222+0000] {processor.py:183} INFO - Processing /opt/airflow/dags/predict.py took 2.159 seconds
[2026-01-30T21:41:45.595+0000] {processor.py:161} INFO - Started process (PID=5901) to work on /opt/airflow/dags/predict.py
[2026-01-30T21:41:45.597+0000] {processor.py:830} INFO - Processing file /opt/airflow/dags/predict.py for tasks to queue
[2026-01-30T21:41:45.599+0000] {logging_mixin.py:188} INFO - [2026-01-30T21:41:45.598+0000] {dagbag.py:545} INFO - Filling up the DagBag from /opt/airflow/dags/predict.py
[2026-01-30T21:41:47.289+0000] {logging_mixin.py:188} WARNING - /opt/airflow/dags/predict.py:34 RemovedInAirflow3Warning: Function `days_ago` is deprecated and will be removed in Airflow 3.0. You can achieve equivalent behavior with `pendulum.today('UTC').add(days=-N, ...)`
[2026-01-30T21:41:47.290+0000] {logging_mixin.py:188} WARNING - /opt/airflow/dags/predict.py:29 RemovedInAirflow3Warning: Param `schedule_interval` is deprecated and will be removed in a future release. Please use `schedule` instead.
[2026-01-30T21:41:47.293+0000] {processor.py:840} INFO - DAG(s) 'ml_prediction_pipeline' retrieved from /opt/airflow/dags/predict.py
[2026-01-30T21:41:47.307+0000] {logging_mixin.py:188} INFO - [2026-01-30T21:41:47.307+0000] {dag.py:3096} INFO - Sync 1 DAGs
[2026-01-30T21:41:47.319+0000] {logging_mixin.py:188} INFO - [2026-01-30T21:41:47.318+0000] {dag.py:3954} INFO - Setting next_dagrun for ml_prediction_pipeline to 2026-01-29 00:00:00+00:00, run_after=2026-01-30 00:00:00+00:00
[2026-01-30T21:41:47.330+0000] {processor.py:183} INFO - Processing /opt/airflow/dags/predict.py took 1.739 seconds
[2026-01-30T21:42:18.366+0000] {processor.py:161} INFO - Started process (PID=5948) to work on /opt/airflow/dags/predict.py
[2026-01-30T21:42:18.367+0000] {processor.py:830} INFO - Processing file /opt/airflow/dags/predict.py for tasks to queue
[2026-01-30T21:42:18.368+0000] {logging_mixin.py:188} INFO - [2026-01-30T21:42:18.368+0000] {dagbag.py:545} INFO - Filling up the DagBag from /opt/airflow/dags/predict.py
[2026-01-30T21:42:21.148+0000] {logging_mixin.py:188} WARNING - /opt/airflow/dags/predict.py:34 RemovedInAirflow3Warning: Function `days_ago` is deprecated and will be removed in Airflow 3.0. You can achieve equivalent behavior with `pendulum.today('UTC').add(days=-N, ...)`
[2026-01-30T21:42:21.150+0000] {logging_mixin.py:188} WARNING - /opt/airflow/dags/predict.py:29 RemovedInAirflow3Warning: Param `schedule_interval` is deprecated and will be removed in a future release. Please use `schedule` instead.
[2026-01-30T21:42:21.158+0000] {processor.py:840} INFO - DAG(s) 'ml_prediction_pipeline' retrieved from /opt/airflow/dags/predict.py
[2026-01-30T21:42:21.182+0000] {logging_mixin.py:188} INFO - [2026-01-30T21:42:21.182+0000] {dag.py:3096} INFO - Sync 1 DAGs
[2026-01-30T21:42:21.202+0000] {logging_mixin.py:188} INFO - [2026-01-30T21:42:21.201+0000] {dag.py:3954} INFO - Setting next_dagrun for ml_prediction_pipeline to 2026-01-29 00:00:00+00:00, run_after=2026-01-30 00:00:00+00:00
[2026-01-30T21:42:21.220+0000] {processor.py:183} INFO - Processing /opt/airflow/dags/predict.py took 2.859 seconds
[2026-01-30T21:42:51.266+0000] {processor.py:161} INFO - Started process (PID=5995) to work on /opt/airflow/dags/predict.py
[2026-01-30T21:42:51.268+0000] {processor.py:830} INFO - Processing file /opt/airflow/dags/predict.py for tasks to queue
[2026-01-30T21:42:51.269+0000] {logging_mixin.py:188} INFO - [2026-01-30T21:42:51.269+0000] {dagbag.py:545} INFO - Filling up the DagBag from /opt/airflow/dags/predict.py
[2026-01-30T21:42:54.514+0000] {logging_mixin.py:188} WARNING - /opt/airflow/dags/predict.py:34 RemovedInAirflow3Warning: Function `days_ago` is deprecated and will be removed in Airflow 3.0. You can achieve equivalent behavior with `pendulum.today('UTC').add(days=-N, ...)`
[2026-01-30T21:42:54.516+0000] {logging_mixin.py:188} WARNING - /opt/airflow/dags/predict.py:29 RemovedInAirflow3Warning: Param `schedule_interval` is deprecated and will be removed in a future release. Please use `schedule` instead.
[2026-01-30T21:42:54.526+0000] {processor.py:840} INFO - DAG(s) 'ml_prediction_pipeline' retrieved from /opt/airflow/dags/predict.py
[2026-01-30T21:42:54.565+0000] {logging_mixin.py:188} INFO - [2026-01-30T21:42:54.564+0000] {dag.py:3096} INFO - Sync 1 DAGs
[2026-01-30T21:42:54.592+0000] {logging_mixin.py:188} INFO - [2026-01-30T21:42:54.592+0000] {dag.py:3954} INFO - Setting next_dagrun for ml_prediction_pipeline to 2026-01-29 00:00:00+00:00, run_after=2026-01-30 00:00:00+00:00
[2026-01-30T21:42:54.620+0000] {processor.py:183} INFO - Processing /opt/airflow/dags/predict.py took 3.359 seconds
[2026-01-30T21:43:24.711+0000] {processor.py:161} INFO - Started process (PID=6042) to work on /opt/airflow/dags/predict.py
[2026-01-30T21:43:24.712+0000] {processor.py:830} INFO - Processing file /opt/airflow/dags/predict.py for tasks to queue
[2026-01-30T21:43:24.714+0000] {logging_mixin.py:188} INFO - [2026-01-30T21:43:24.714+0000] {dagbag.py:545} INFO - Filling up the DagBag from /opt/airflow/dags/predict.py
[2026-01-30T21:43:27.579+0000] {logging_mixin.py:188} WARNING - /opt/airflow/dags/predict.py:34 RemovedInAirflow3Warning: Function `days_ago` is deprecated and will be removed in Airflow 3.0. You can achieve equivalent behavior with `pendulum.today('UTC').add(days=-N, ...)`
[2026-01-30T21:43:27.580+0000] {logging_mixin.py:188} WARNING - /opt/airflow/dags/predict.py:29 RemovedInAirflow3Warning: Param `schedule_interval` is deprecated and will be removed in a future release. Please use `schedule` instead.
[2026-01-30T21:43:27.586+0000] {processor.py:840} INFO - DAG(s) 'ml_prediction_pipeline' retrieved from /opt/airflow/dags/predict.py
[2026-01-30T21:43:27.620+0000] {logging_mixin.py:188} INFO - [2026-01-30T21:43:27.620+0000] {dag.py:3096} INFO - Sync 1 DAGs
[2026-01-30T21:43:27.640+0000] {logging_mixin.py:188} INFO - [2026-01-30T21:43:27.640+0000] {dag.py:3954} INFO - Setting next_dagrun for ml_prediction_pipeline to 2026-01-29 00:00:00+00:00, run_after=2026-01-30 00:00:00+00:00
[2026-01-30T21:43:27.660+0000] {processor.py:183} INFO - Processing /opt/airflow/dags/predict.py took 2.956 seconds
[2026-01-30T21:43:58.152+0000] {processor.py:161} INFO - Started process (PID=6093) to work on /opt/airflow/dags/predict.py
[2026-01-30T21:43:58.154+0000] {processor.py:830} INFO - Processing file /opt/airflow/dags/predict.py for tasks to queue
[2026-01-30T21:43:58.155+0000] {logging_mixin.py:188} INFO - [2026-01-30T21:43:58.155+0000] {dagbag.py:545} INFO - Filling up the DagBag from /opt/airflow/dags/predict.py
[2026-01-30T21:44:00.723+0000] {logging_mixin.py:188} WARNING - /opt/airflow/dags/predict.py:34 RemovedInAirflow3Warning: Function `days_ago` is deprecated and will be removed in Airflow 3.0. You can achieve equivalent behavior with `pendulum.today('UTC').add(days=-N, ...)`
[2026-01-30T21:44:00.724+0000] {logging_mixin.py:188} WARNING - /opt/airflow/dags/predict.py:29 RemovedInAirflow3Warning: Param `schedule_interval` is deprecated and will be removed in a future release. Please use `schedule` instead.
[2026-01-30T21:44:00.730+0000] {processor.py:840} INFO - DAG(s) 'ml_prediction_pipeline' retrieved from /opt/airflow/dags/predict.py
[2026-01-30T21:44:00.749+0000] {logging_mixin.py:188} INFO - [2026-01-30T21:44:00.748+0000] {dag.py:3096} INFO - Sync 1 DAGs
[2026-01-30T21:44:00.764+0000] {logging_mixin.py:188} INFO - [2026-01-30T21:44:00.763+0000] {dag.py:3954} INFO - Setting next_dagrun for ml_prediction_pipeline to 2026-01-29 00:00:00+00:00, run_after=2026-01-30 00:00:00+00:00
[2026-01-30T21:44:00.780+0000] {processor.py:183} INFO - Processing /opt/airflow/dags/predict.py took 2.636 seconds
[2026-01-30T21:44:31.480+0000] {processor.py:161} INFO - Started process (PID=6146) to work on /opt/airflow/dags/predict.py
[2026-01-30T21:44:31.482+0000] {processor.py:830} INFO - Processing file /opt/airflow/dags/predict.py for tasks to queue
[2026-01-30T21:44:31.485+0000] {logging_mixin.py:188} INFO - [2026-01-30T21:44:31.484+0000] {dagbag.py:545} INFO - Filling up the DagBag from /opt/airflow/dags/predict.py
[2026-01-30T21:44:34.656+0000] {logging_mixin.py:188} WARNING - /opt/airflow/dags/predict.py:34 RemovedInAirflow3Warning: Function `days_ago` is deprecated and will be removed in Airflow 3.0. You can achieve equivalent behavior with `pendulum.today('UTC').add(days=-N, ...)`
[2026-01-30T21:44:34.659+0000] {logging_mixin.py:188} WARNING - /opt/airflow/dags/predict.py:29 RemovedInAirflow3Warning: Param `schedule_interval` is deprecated and will be removed in a future release. Please use `schedule` instead.
[2026-01-30T21:44:34.664+0000] {processor.py:840} INFO - DAG(s) 'ml_prediction_pipeline' retrieved from /opt/airflow/dags/predict.py
[2026-01-30T21:44:34.690+0000] {logging_mixin.py:188} INFO - [2026-01-30T21:44:34.689+0000] {dag.py:3096} INFO - Sync 1 DAGs
[2026-01-30T21:44:34.711+0000] {logging_mixin.py:188} INFO - [2026-01-30T21:44:34.711+0000] {dag.py:3954} INFO - Setting next_dagrun for ml_prediction_pipeline to 2026-01-29 00:00:00+00:00, run_after=2026-01-30 00:00:00+00:00
[2026-01-30T21:44:34.740+0000] {processor.py:183} INFO - Processing /opt/airflow/dags/predict.py took 3.271 seconds
[2026-01-30T21:45:04.798+0000] {processor.py:161} INFO - Started process (PID=6193) to work on /opt/airflow/dags/predict.py
[2026-01-30T21:45:04.799+0000] {processor.py:830} INFO - Processing file /opt/airflow/dags/predict.py for tasks to queue
[2026-01-30T21:45:04.801+0000] {logging_mixin.py:188} INFO - [2026-01-30T21:45:04.800+0000] {dagbag.py:545} INFO - Filling up the DagBag from /opt/airflow/dags/predict.py
[2026-01-30T21:45:07.292+0000] {logging_mixin.py:188} WARNING - /opt/airflow/dags/predict.py:34 RemovedInAirflow3Warning: Function `days_ago` is deprecated and will be removed in Airflow 3.0. You can achieve equivalent behavior with `pendulum.today('UTC').add(days=-N, ...)`
[2026-01-30T21:45:07.293+0000] {logging_mixin.py:188} WARNING - /opt/airflow/dags/predict.py:29 RemovedInAirflow3Warning: Param `schedule_interval` is deprecated and will be removed in a future release. Please use `schedule` instead.
[2026-01-30T21:45:07.297+0000] {processor.py:840} INFO - DAG(s) 'ml_prediction_pipeline' retrieved from /opt/airflow/dags/predict.py
[2026-01-30T21:45:07.316+0000] {logging_mixin.py:188} INFO - [2026-01-30T21:45:07.316+0000] {dag.py:3096} INFO - Sync 1 DAGs
[2026-01-30T21:45:07.331+0000] {logging_mixin.py:188} INFO - [2026-01-30T21:45:07.331+0000] {dag.py:3954} INFO - Setting next_dagrun for ml_prediction_pipeline to 2026-01-29 00:00:00+00:00, run_after=2026-01-30 00:00:00+00:00
[2026-01-30T21:45:07.346+0000] {processor.py:183} INFO - Processing /opt/airflow/dags/predict.py took 2.553 seconds
[2026-01-30T21:45:37.533+0000] {processor.py:161} INFO - Started process (PID=6240) to work on /opt/airflow/dags/predict.py
[2026-01-30T21:45:37.535+0000] {processor.py:830} INFO - Processing file /opt/airflow/dags/predict.py for tasks to queue
[2026-01-30T21:45:37.536+0000] {logging_mixin.py:188} INFO - [2026-01-30T21:45:37.536+0000] {dagbag.py:545} INFO - Filling up the DagBag from /opt/airflow/dags/predict.py
[2026-01-30T21:45:40.242+0000] {logging_mixin.py:188} WARNING - /opt/airflow/dags/predict.py:34 RemovedInAirflow3Warning: Function `days_ago` is deprecated and will be removed in Airflow 3.0. You can achieve equivalent behavior with `pendulum.today('UTC').add(days=-N, ...)`
[2026-01-30T21:45:40.243+0000] {logging_mixin.py:188} WARNING - /opt/airflow/dags/predict.py:29 RemovedInAirflow3Warning: Param `schedule_interval` is deprecated and will be removed in a future release. Please use `schedule` instead.
[2026-01-30T21:45:40.248+0000] {processor.py:840} INFO - DAG(s) 'ml_prediction_pipeline' retrieved from /opt/airflow/dags/predict.py
[2026-01-30T21:45:40.267+0000] {logging_mixin.py:188} INFO - [2026-01-30T21:45:40.267+0000] {dag.py:3096} INFO - Sync 1 DAGs
[2026-01-30T21:45:40.283+0000] {logging_mixin.py:188} INFO - [2026-01-30T21:45:40.283+0000] {dag.py:3954} INFO - Setting next_dagrun for ml_prediction_pipeline to 2026-01-29 00:00:00+00:00, run_after=2026-01-30 00:00:00+00:00
[2026-01-30T21:45:40.298+0000] {processor.py:183} INFO - Processing /opt/airflow/dags/predict.py took 2.770 seconds
[2026-01-30T21:46:10.637+0000] {processor.py:161} INFO - Started process (PID=6287) to work on /opt/airflow/dags/predict.py
[2026-01-30T21:46:10.638+0000] {processor.py:830} INFO - Processing file /opt/airflow/dags/predict.py for tasks to queue
[2026-01-30T21:46:10.640+0000] {logging_mixin.py:188} INFO - [2026-01-30T21:46:10.640+0000] {dagbag.py:545} INFO - Filling up the DagBag from /opt/airflow/dags/predict.py
[2026-01-30T21:46:12.981+0000] {logging_mixin.py:188} WARNING - /opt/airflow/dags/predict.py:34 RemovedInAirflow3Warning: Function `days_ago` is deprecated and will be removed in Airflow 3.0. You can achieve equivalent behavior with `pendulum.today('UTC').add(days=-N, ...)`
[2026-01-30T21:46:12.982+0000] {logging_mixin.py:188} WARNING - /opt/airflow/dags/predict.py:29 RemovedInAirflow3Warning: Param `schedule_interval` is deprecated and will be removed in a future release. Please use `schedule` instead.
[2026-01-30T21:46:12.986+0000] {processor.py:840} INFO - DAG(s) 'ml_prediction_pipeline' retrieved from /opt/airflow/dags/predict.py
[2026-01-30T21:46:13.008+0000] {logging_mixin.py:188} INFO - [2026-01-30T21:46:13.008+0000] {dag.py:3096} INFO - Sync 1 DAGs
[2026-01-30T21:46:13.026+0000] {logging_mixin.py:188} INFO - [2026-01-30T21:46:13.026+0000] {dag.py:3954} INFO - Setting next_dagrun for ml_prediction_pipeline to 2026-01-29 00:00:00+00:00, run_after=2026-01-30 00:00:00+00:00
[2026-01-30T21:46:13.044+0000] {processor.py:183} INFO - Processing /opt/airflow/dags/predict.py took 2.414 seconds
[2026-01-30T21:46:43.099+0000] {processor.py:161} INFO - Started process (PID=6336) to work on /opt/airflow/dags/predict.py
[2026-01-30T21:46:43.100+0000] {processor.py:830} INFO - Processing file /opt/airflow/dags/predict.py for tasks to queue
[2026-01-30T21:46:43.102+0000] {logging_mixin.py:188} INFO - [2026-01-30T21:46:43.101+0000] {dagbag.py:545} INFO - Filling up the DagBag from /opt/airflow/dags/predict.py
[2026-01-30T21:46:45.241+0000] {logging_mixin.py:188} WARNING - /opt/airflow/dags/predict.py:34 RemovedInAirflow3Warning: Function `days_ago` is deprecated and will be removed in Airflow 3.0. You can achieve equivalent behavior with `pendulum.today('UTC').add(days=-N, ...)`
[2026-01-30T21:46:45.242+0000] {logging_mixin.py:188} WARNING - /opt/airflow/dags/predict.py:29 RemovedInAirflow3Warning: Param `schedule_interval` is deprecated and will be removed in a future release. Please use `schedule` instead.
[2026-01-30T21:46:45.246+0000] {processor.py:840} INFO - DAG(s) 'ml_prediction_pipeline' retrieved from /opt/airflow/dags/predict.py
[2026-01-30T21:46:45.266+0000] {logging_mixin.py:188} INFO - [2026-01-30T21:46:45.266+0000] {dag.py:3096} INFO - Sync 1 DAGs
[2026-01-30T21:46:45.283+0000] {logging_mixin.py:188} INFO - [2026-01-30T21:46:45.282+0000] {dag.py:3954} INFO - Setting next_dagrun for ml_prediction_pipeline to 2026-01-29 00:00:00+00:00, run_after=2026-01-30 00:00:00+00:00
[2026-01-30T21:46:45.298+0000] {processor.py:183} INFO - Processing /opt/airflow/dags/predict.py took 2.203 seconds
[2026-01-30T21:47:15.532+0000] {processor.py:161} INFO - Started process (PID=6381) to work on /opt/airflow/dags/predict.py
[2026-01-30T21:47:15.533+0000] {processor.py:830} INFO - Processing file /opt/airflow/dags/predict.py for tasks to queue
[2026-01-30T21:47:15.534+0000] {logging_mixin.py:188} INFO - [2026-01-30T21:47:15.534+0000] {dagbag.py:545} INFO - Filling up the DagBag from /opt/airflow/dags/predict.py
[2026-01-30T21:47:17.301+0000] {logging_mixin.py:188} WARNING - /opt/airflow/dags/predict.py:34 RemovedInAirflow3Warning: Function `days_ago` is deprecated and will be removed in Airflow 3.0. You can achieve equivalent behavior with `pendulum.today('UTC').add(days=-N, ...)`
[2026-01-30T21:47:17.302+0000] {logging_mixin.py:188} WARNING - /opt/airflow/dags/predict.py:29 RemovedInAirflow3Warning: Param `schedule_interval` is deprecated and will be removed in a future release. Please use `schedule` instead.
[2026-01-30T21:47:17.306+0000] {processor.py:840} INFO - DAG(s) 'ml_prediction_pipeline' retrieved from /opt/airflow/dags/predict.py
[2026-01-30T21:47:17.324+0000] {logging_mixin.py:188} INFO - [2026-01-30T21:47:17.324+0000] {dag.py:3096} INFO - Sync 1 DAGs
[2026-01-30T21:47:17.337+0000] {logging_mixin.py:188} INFO - [2026-01-30T21:47:17.337+0000] {dag.py:3954} INFO - Setting next_dagrun for ml_prediction_pipeline to 2026-01-29 00:00:00+00:00, run_after=2026-01-30 00:00:00+00:00
[2026-01-30T21:47:17.352+0000] {processor.py:183} INFO - Processing /opt/airflow/dags/predict.py took 1.824 seconds
[2026-01-30T21:47:47.778+0000] {processor.py:161} INFO - Started process (PID=6428) to work on /opt/airflow/dags/predict.py
[2026-01-30T21:47:47.779+0000] {processor.py:830} INFO - Processing file /opt/airflow/dags/predict.py for tasks to queue
[2026-01-30T21:47:47.780+0000] {logging_mixin.py:188} INFO - [2026-01-30T21:47:47.780+0000] {dagbag.py:545} INFO - Filling up the DagBag from /opt/airflow/dags/predict.py
[2026-01-30T21:47:49.711+0000] {logging_mixin.py:188} WARNING - /opt/airflow/dags/predict.py:34 RemovedInAirflow3Warning: Function `days_ago` is deprecated and will be removed in Airflow 3.0. You can achieve equivalent behavior with `pendulum.today('UTC').add(days=-N, ...)`
[2026-01-30T21:47:49.712+0000] {logging_mixin.py:188} WARNING - /opt/airflow/dags/predict.py:29 RemovedInAirflow3Warning: Param `schedule_interval` is deprecated and will be removed in a future release. Please use `schedule` instead.
[2026-01-30T21:47:49.716+0000] {processor.py:840} INFO - DAG(s) 'ml_prediction_pipeline' retrieved from /opt/airflow/dags/predict.py
[2026-01-30T21:47:49.735+0000] {logging_mixin.py:188} INFO - [2026-01-30T21:47:49.734+0000] {dag.py:3096} INFO - Sync 1 DAGs
[2026-01-30T21:47:49.749+0000] {logging_mixin.py:188} INFO - [2026-01-30T21:47:49.749+0000] {dag.py:3954} INFO - Setting next_dagrun for ml_prediction_pipeline to 2026-01-29 00:00:00+00:00, run_after=2026-01-30 00:00:00+00:00
[2026-01-30T21:47:49.764+0000] {processor.py:183} INFO - Processing /opt/airflow/dags/predict.py took 1.991 seconds
[2026-01-30T21:48:20.385+0000] {processor.py:161} INFO - Started process (PID=6465) to work on /opt/airflow/dags/predict.py
[2026-01-30T21:48:20.386+0000] {processor.py:830} INFO - Processing file /opt/airflow/dags/predict.py for tasks to queue
[2026-01-30T21:48:20.387+0000] {logging_mixin.py:188} INFO - [2026-01-30T21:48:20.387+0000] {dagbag.py:545} INFO - Filling up the DagBag from /opt/airflow/dags/predict.py
[2026-01-30T21:48:22.271+0000] {logging_mixin.py:188} WARNING - /opt/airflow/dags/predict.py:34 RemovedInAirflow3Warning: Function `days_ago` is deprecated and will be removed in Airflow 3.0. You can achieve equivalent behavior with `pendulum.today('UTC').add(days=-N, ...)`
[2026-01-30T21:48:22.272+0000] {logging_mixin.py:188} WARNING - /opt/airflow/dags/predict.py:29 RemovedInAirflow3Warning: Param `schedule_interval` is deprecated and will be removed in a future release. Please use `schedule` instead.
[2026-01-30T21:48:22.277+0000] {processor.py:840} INFO - DAG(s) 'ml_prediction_pipeline' retrieved from /opt/airflow/dags/predict.py
[2026-01-30T21:48:22.300+0000] {logging_mixin.py:188} INFO - [2026-01-30T21:48:22.299+0000] {dag.py:3096} INFO - Sync 1 DAGs
[2026-01-30T21:48:22.317+0000] {logging_mixin.py:188} INFO - [2026-01-30T21:48:22.316+0000] {dag.py:3954} INFO - Setting next_dagrun for ml_prediction_pipeline to 2026-01-29 00:00:00+00:00, run_after=2026-01-30 00:00:00+00:00
[2026-01-30T21:48:22.332+0000] {processor.py:183} INFO - Processing /opt/airflow/dags/predict.py took 1.952 seconds
[2026-01-30T21:48:53.367+0000] {processor.py:161} INFO - Started process (PID=6512) to work on /opt/airflow/dags/predict.py
[2026-01-30T21:48:53.369+0000] {processor.py:830} INFO - Processing file /opt/airflow/dags/predict.py for tasks to queue
[2026-01-30T21:48:53.371+0000] {logging_mixin.py:188} INFO - [2026-01-30T21:48:53.370+0000] {dagbag.py:545} INFO - Filling up the DagBag from /opt/airflow/dags/predict.py
[2026-01-30T21:48:56.289+0000] {logging_mixin.py:188} WARNING - /opt/airflow/dags/predict.py:34 RemovedInAirflow3Warning: Function `days_ago` is deprecated and will be removed in Airflow 3.0. You can achieve equivalent behavior with `pendulum.today('UTC').add(days=-N, ...)`
[2026-01-30T21:48:56.290+0000] {logging_mixin.py:188} WARNING - /opt/airflow/dags/predict.py:29 RemovedInAirflow3Warning: Param `schedule_interval` is deprecated and will be removed in a future release. Please use `schedule` instead.
[2026-01-30T21:48:56.295+0000] {processor.py:840} INFO - DAG(s) 'ml_prediction_pipeline' retrieved from /opt/airflow/dags/predict.py
[2026-01-30T21:48:56.318+0000] {logging_mixin.py:188} INFO - [2026-01-30T21:48:56.318+0000] {dag.py:3096} INFO - Sync 1 DAGs
[2026-01-30T21:48:56.336+0000] {logging_mixin.py:188} INFO - [2026-01-30T21:48:56.336+0000] {dag.py:3954} INFO - Setting next_dagrun for ml_prediction_pipeline to 2026-01-29 00:00:00+00:00, run_after=2026-01-30 00:00:00+00:00
[2026-01-30T21:48:56.353+0000] {processor.py:183} INFO - Processing /opt/airflow/dags/predict.py took 2.991 seconds
[2026-01-30T21:49:26.390+0000] {processor.py:161} INFO - Started process (PID=6559) to work on /opt/airflow/dags/predict.py
[2026-01-30T21:49:26.391+0000] {processor.py:830} INFO - Processing file /opt/airflow/dags/predict.py for tasks to queue
[2026-01-30T21:49:26.392+0000] {logging_mixin.py:188} INFO - [2026-01-30T21:49:26.392+0000] {dagbag.py:545} INFO - Filling up the DagBag from /opt/airflow/dags/predict.py
[2026-01-30T21:49:28.340+0000] {logging_mixin.py:188} WARNING - /opt/airflow/dags/predict.py:34 RemovedInAirflow3Warning: Function `days_ago` is deprecated and will be removed in Airflow 3.0. You can achieve equivalent behavior with `pendulum.today('UTC').add(days=-N, ...)`
[2026-01-30T21:49:28.341+0000] {logging_mixin.py:188} WARNING - /opt/airflow/dags/predict.py:29 RemovedInAirflow3Warning: Param `schedule_interval` is deprecated and will be removed in a future release. Please use `schedule` instead.
[2026-01-30T21:49:28.346+0000] {processor.py:840} INFO - DAG(s) 'ml_prediction_pipeline' retrieved from /opt/airflow/dags/predict.py
[2026-01-30T21:49:28.376+0000] {logging_mixin.py:188} INFO - [2026-01-30T21:49:28.375+0000] {dag.py:3096} INFO - Sync 1 DAGs
[2026-01-30T21:49:28.402+0000] {logging_mixin.py:188} INFO - [2026-01-30T21:49:28.402+0000] {dag.py:3954} INFO - Setting next_dagrun for ml_prediction_pipeline to 2026-01-29 00:00:00+00:00, run_after=2026-01-30 00:00:00+00:00
[2026-01-30T21:49:28.432+0000] {processor.py:183} INFO - Processing /opt/airflow/dags/predict.py took 2.046 seconds
[2026-01-30T21:49:59.010+0000] {processor.py:161} INFO - Started process (PID=6606) to work on /opt/airflow/dags/predict.py
[2026-01-30T21:49:59.012+0000] {processor.py:830} INFO - Processing file /opt/airflow/dags/predict.py for tasks to queue
[2026-01-30T21:49:59.013+0000] {logging_mixin.py:188} INFO - [2026-01-30T21:49:59.013+0000] {dagbag.py:545} INFO - Filling up the DagBag from /opt/airflow/dags/predict.py
[2026-01-30T21:50:02.078+0000] {logging_mixin.py:188} WARNING - /opt/airflow/dags/predict.py:34 RemovedInAirflow3Warning: Function `days_ago` is deprecated and will be removed in Airflow 3.0. You can achieve equivalent behavior with `pendulum.today('UTC').add(days=-N, ...)`
[2026-01-30T21:50:02.079+0000] {logging_mixin.py:188} WARNING - /opt/airflow/dags/predict.py:29 RemovedInAirflow3Warning: Param `schedule_interval` is deprecated and will be removed in a future release. Please use `schedule` instead.
[2026-01-30T21:50:02.084+0000] {processor.py:840} INFO - DAG(s) 'ml_prediction_pipeline' retrieved from /opt/airflow/dags/predict.py
[2026-01-30T21:50:02.109+0000] {logging_mixin.py:188} INFO - [2026-01-30T21:50:02.109+0000] {dag.py:3096} INFO - Sync 1 DAGs
[2026-01-30T21:50:02.130+0000] {logging_mixin.py:188} INFO - [2026-01-30T21:50:02.130+0000] {dag.py:3954} INFO - Setting next_dagrun for ml_prediction_pipeline to 2026-01-29 00:00:00+00:00, run_after=2026-01-30 00:00:00+00:00
[2026-01-30T21:50:02.153+0000] {processor.py:183} INFO - Processing /opt/airflow/dags/predict.py took 3.148 seconds
[2026-01-30T21:50:33.032+0000] {processor.py:161} INFO - Started process (PID=6657) to work on /opt/airflow/dags/predict.py
[2026-01-30T21:50:33.033+0000] {processor.py:830} INFO - Processing file /opt/airflow/dags/predict.py for tasks to queue
[2026-01-30T21:50:33.036+0000] {logging_mixin.py:188} INFO - [2026-01-30T21:50:33.036+0000] {dagbag.py:545} INFO - Filling up the DagBag from /opt/airflow/dags/predict.py
[2026-01-30T21:50:36.333+0000] {logging_mixin.py:188} WARNING - /opt/airflow/dags/predict.py:34 RemovedInAirflow3Warning: Function `days_ago` is deprecated and will be removed in Airflow 3.0. You can achieve equivalent behavior with `pendulum.today('UTC').add(days=-N, ...)`
[2026-01-30T21:50:36.334+0000] {logging_mixin.py:188} WARNING - /opt/airflow/dags/predict.py:29 RemovedInAirflow3Warning: Param `schedule_interval` is deprecated and will be removed in a future release. Please use `schedule` instead.
[2026-01-30T21:50:36.339+0000] {processor.py:840} INFO - DAG(s) 'ml_prediction_pipeline' retrieved from /opt/airflow/dags/predict.py
[2026-01-30T21:50:36.360+0000] {logging_mixin.py:188} INFO - [2026-01-30T21:50:36.360+0000] {dag.py:3096} INFO - Sync 1 DAGs
[2026-01-30T21:50:36.380+0000] {logging_mixin.py:188} INFO - [2026-01-30T21:50:36.380+0000] {dag.py:3954} INFO - Setting next_dagrun for ml_prediction_pipeline to 2026-01-29 00:00:00+00:00, run_after=2026-01-30 00:00:00+00:00
[2026-01-30T21:50:36.404+0000] {processor.py:183} INFO - Processing /opt/airflow/dags/predict.py took 3.380 seconds
[2026-01-30T21:51:06.451+0000] {processor.py:161} INFO - Started process (PID=6710) to work on /opt/airflow/dags/predict.py
[2026-01-30T21:51:06.453+0000] {processor.py:830} INFO - Processing file /opt/airflow/dags/predict.py for tasks to queue
[2026-01-30T21:51:06.455+0000] {logging_mixin.py:188} INFO - [2026-01-30T21:51:06.455+0000] {dagbag.py:545} INFO - Filling up the DagBag from /opt/airflow/dags/predict.py
[2026-01-30T21:51:08.936+0000] {logging_mixin.py:188} WARNING - /opt/airflow/dags/predict.py:34 RemovedInAirflow3Warning: Function `days_ago` is deprecated and will be removed in Airflow 3.0. You can achieve equivalent behavior with `pendulum.today('UTC').add(days=-N, ...)`
[2026-01-30T21:51:08.937+0000] {logging_mixin.py:188} WARNING - /opt/airflow/dags/predict.py:29 RemovedInAirflow3Warning: Param `schedule_interval` is deprecated and will be removed in a future release. Please use `schedule` instead.
[2026-01-30T21:51:08.941+0000] {processor.py:840} INFO - DAG(s) 'ml_prediction_pipeline' retrieved from /opt/airflow/dags/predict.py
[2026-01-30T21:51:08.960+0000] {logging_mixin.py:188} INFO - [2026-01-30T21:51:08.960+0000] {dag.py:3096} INFO - Sync 1 DAGs
[2026-01-30T21:51:08.976+0000] {logging_mixin.py:188} INFO - [2026-01-30T21:51:08.976+0000] {dag.py:3954} INFO - Setting next_dagrun for ml_prediction_pipeline to 2026-01-29 00:00:00+00:00, run_after=2026-01-30 00:00:00+00:00
[2026-01-30T21:51:08.995+0000] {processor.py:183} INFO - Processing /opt/airflow/dags/predict.py took 2.551 seconds
[2026-01-30T21:51:39.224+0000] {processor.py:161} INFO - Started process (PID=6757) to work on /opt/airflow/dags/predict.py
[2026-01-30T21:51:39.225+0000] {processor.py:830} INFO - Processing file /opt/airflow/dags/predict.py for tasks to queue
[2026-01-30T21:51:39.227+0000] {logging_mixin.py:188} INFO - [2026-01-30T21:51:39.227+0000] {dagbag.py:545} INFO - Filling up the DagBag from /opt/airflow/dags/predict.py
[2026-01-30T21:51:41.846+0000] {logging_mixin.py:188} WARNING - /opt/airflow/dags/predict.py:34 RemovedInAirflow3Warning: Function `days_ago` is deprecated and will be removed in Airflow 3.0. You can achieve equivalent behavior with `pendulum.today('UTC').add(days=-N, ...)`
[2026-01-30T21:51:41.848+0000] {logging_mixin.py:188} WARNING - /opt/airflow/dags/predict.py:29 RemovedInAirflow3Warning: Param `schedule_interval` is deprecated and will be removed in a future release. Please use `schedule` instead.
[2026-01-30T21:51:41.855+0000] {processor.py:840} INFO - DAG(s) 'ml_prediction_pipeline' retrieved from /opt/airflow/dags/predict.py
[2026-01-30T21:51:41.880+0000] {logging_mixin.py:188} INFO - [2026-01-30T21:51:41.880+0000] {dag.py:3096} INFO - Sync 1 DAGs
[2026-01-30T21:51:41.900+0000] {logging_mixin.py:188} INFO - [2026-01-30T21:51:41.900+0000] {dag.py:3954} INFO - Setting next_dagrun for ml_prediction_pipeline to 2026-01-29 00:00:00+00:00, run_after=2026-01-30 00:00:00+00:00
[2026-01-30T21:51:41.923+0000] {processor.py:183} INFO - Processing /opt/airflow/dags/predict.py took 2.706 seconds
[2026-01-30T21:52:12.262+0000] {processor.py:161} INFO - Started process (PID=6804) to work on /opt/airflow/dags/predict.py
[2026-01-30T21:52:12.265+0000] {processor.py:830} INFO - Processing file /opt/airflow/dags/predict.py for tasks to queue
[2026-01-30T21:52:12.266+0000] {logging_mixin.py:188} INFO - [2026-01-30T21:52:12.266+0000] {dagbag.py:545} INFO - Filling up the DagBag from /opt/airflow/dags/predict.py
[2026-01-30T21:52:15.629+0000] {logging_mixin.py:188} WARNING - /opt/airflow/dags/predict.py:34 RemovedInAirflow3Warning: Function `days_ago` is deprecated and will be removed in Airflow 3.0. You can achieve equivalent behavior with `pendulum.today('UTC').add(days=-N, ...)`
[2026-01-30T21:52:15.631+0000] {logging_mixin.py:188} WARNING - /opt/airflow/dags/predict.py:29 RemovedInAirflow3Warning: Param `schedule_interval` is deprecated and will be removed in a future release. Please use `schedule` instead.
[2026-01-30T21:52:15.646+0000] {processor.py:840} INFO - DAG(s) 'ml_prediction_pipeline' retrieved from /opt/airflow/dags/predict.py
[2026-01-30T21:52:15.706+0000] {logging_mixin.py:188} INFO - [2026-01-30T21:52:15.705+0000] {dag.py:3096} INFO - Sync 1 DAGs
[2026-01-30T21:52:15.734+0000] {logging_mixin.py:188} INFO - [2026-01-30T21:52:15.734+0000] {dag.py:3954} INFO - Setting next_dagrun for ml_prediction_pipeline to 2026-01-29 00:00:00+00:00, run_after=2026-01-30 00:00:00+00:00
[2026-01-30T21:52:15.759+0000] {processor.py:183} INFO - Processing /opt/airflow/dags/predict.py took 3.504 seconds
[2026-01-30T21:52:46.392+0000] {processor.py:161} INFO - Started process (PID=6853) to work on /opt/airflow/dags/predict.py
[2026-01-30T21:52:46.393+0000] {processor.py:830} INFO - Processing file /opt/airflow/dags/predict.py for tasks to queue
[2026-01-30T21:52:46.395+0000] {logging_mixin.py:188} INFO - [2026-01-30T21:52:46.395+0000] {dagbag.py:545} INFO - Filling up the DagBag from /opt/airflow/dags/predict.py
[2026-01-30T21:52:48.798+0000] {logging_mixin.py:188} WARNING - /opt/airflow/dags/predict.py:34 RemovedInAirflow3Warning: Function `days_ago` is deprecated and will be removed in Airflow 3.0. You can achieve equivalent behavior with `pendulum.today('UTC').add(days=-N, ...)`
[2026-01-30T21:52:48.799+0000] {logging_mixin.py:188} WARNING - /opt/airflow/dags/predict.py:29 RemovedInAirflow3Warning: Param `schedule_interval` is deprecated and will be removed in a future release. Please use `schedule` instead.
[2026-01-30T21:52:48.804+0000] {processor.py:840} INFO - DAG(s) 'ml_prediction_pipeline' retrieved from /opt/airflow/dags/predict.py
[2026-01-30T21:52:48.827+0000] {logging_mixin.py:188} INFO - [2026-01-30T21:52:48.826+0000] {dag.py:3096} INFO - Sync 1 DAGs
[2026-01-30T21:52:48.844+0000] {logging_mixin.py:188} INFO - [2026-01-30T21:52:48.844+0000] {dag.py:3954} INFO - Setting next_dagrun for ml_prediction_pipeline to 2026-01-29 00:00:00+00:00, run_after=2026-01-30 00:00:00+00:00
[2026-01-30T21:52:48.866+0000] {processor.py:183} INFO - Processing /opt/airflow/dags/predict.py took 2.479 seconds
[2026-01-30T21:53:20.570+0000] {processor.py:161} INFO - Started process (PID=6898) to work on /opt/airflow/dags/predict.py
[2026-01-30T21:53:20.572+0000] {processor.py:830} INFO - Processing file /opt/airflow/dags/predict.py for tasks to queue
[2026-01-30T21:53:20.574+0000] {logging_mixin.py:188} INFO - [2026-01-30T21:53:20.574+0000] {dagbag.py:545} INFO - Filling up the DagBag from /opt/airflow/dags/predict.py
[2026-01-30T21:53:22.604+0000] {logging_mixin.py:188} WARNING - /opt/airflow/dags/predict.py:34 RemovedInAirflow3Warning: Function `days_ago` is deprecated and will be removed in Airflow 3.0. You can achieve equivalent behavior with `pendulum.today('UTC').add(days=-N, ...)`
[2026-01-30T21:53:22.605+0000] {logging_mixin.py:188} WARNING - /opt/airflow/dags/predict.py:29 RemovedInAirflow3Warning: Param `schedule_interval` is deprecated and will be removed in a future release. Please use `schedule` instead.
[2026-01-30T21:53:22.610+0000] {processor.py:840} INFO - DAG(s) 'ml_prediction_pipeline' retrieved from /opt/airflow/dags/predict.py
[2026-01-30T21:53:22.628+0000] {logging_mixin.py:188} INFO - [2026-01-30T21:53:22.628+0000] {dag.py:3096} INFO - Sync 1 DAGs
[2026-01-30T21:53:22.642+0000] {logging_mixin.py:188} INFO - [2026-01-30T21:53:22.642+0000] {dag.py:3954} INFO - Setting next_dagrun for ml_prediction_pipeline to 2026-01-29 00:00:00+00:00, run_after=2026-01-30 00:00:00+00:00
[2026-01-30T21:53:22.656+0000] {processor.py:183} INFO - Processing /opt/airflow/dags/predict.py took 2.093 seconds
[2026-01-30T21:53:52.986+0000] {processor.py:161} INFO - Started process (PID=6942) to work on /opt/airflow/dags/predict.py
[2026-01-30T21:53:52.987+0000] {processor.py:830} INFO - Processing file /opt/airflow/dags/predict.py for tasks to queue
[2026-01-30T21:53:52.990+0000] {logging_mixin.py:188} INFO - [2026-01-30T21:53:52.989+0000] {dagbag.py:545} INFO - Filling up the DagBag from /opt/airflow/dags/predict.py
[2026-01-30T21:53:55.761+0000] {logging_mixin.py:188} WARNING - /opt/airflow/dags/predict.py:34 RemovedInAirflow3Warning: Function `days_ago` is deprecated and will be removed in Airflow 3.0. You can achieve equivalent behavior with `pendulum.today('UTC').add(days=-N, ...)`
[2026-01-30T21:53:55.763+0000] {logging_mixin.py:188} WARNING - /opt/airflow/dags/predict.py:29 RemovedInAirflow3Warning: Param `schedule_interval` is deprecated and will be removed in a future release. Please use `schedule` instead.
[2026-01-30T21:53:55.768+0000] {processor.py:840} INFO - DAG(s) 'ml_prediction_pipeline' retrieved from /opt/airflow/dags/predict.py
[2026-01-30T21:53:55.788+0000] {logging_mixin.py:188} INFO - [2026-01-30T21:53:55.787+0000] {dag.py:3096} INFO - Sync 1 DAGs
[2026-01-30T21:53:55.810+0000] {logging_mixin.py:188} INFO - [2026-01-30T21:53:55.810+0000] {dag.py:3954} INFO - Setting next_dagrun for ml_prediction_pipeline to 2026-01-29 00:00:00+00:00, run_after=2026-01-30 00:00:00+00:00
[2026-01-30T21:53:55.830+0000] {processor.py:183} INFO - Processing /opt/airflow/dags/predict.py took 2.850 seconds
[2026-01-30T21:54:26.456+0000] {processor.py:161} INFO - Started process (PID=6977) to work on /opt/airflow/dags/predict.py
[2026-01-30T21:54:26.460+0000] {processor.py:830} INFO - Processing file /opt/airflow/dags/predict.py for tasks to queue
[2026-01-30T21:54:26.462+0000] {logging_mixin.py:188} INFO - [2026-01-30T21:54:26.461+0000] {dagbag.py:545} INFO - Filling up the DagBag from /opt/airflow/dags/predict.py
[2026-01-30T21:54:31.324+0000] {logging_mixin.py:188} WARNING - /opt/airflow/dags/predict.py:34 RemovedInAirflow3Warning: Function `days_ago` is deprecated and will be removed in Airflow 3.0. You can achieve equivalent behavior with `pendulum.today('UTC').add(days=-N, ...)`
[2026-01-30T21:54:31.326+0000] {logging_mixin.py:188} WARNING - /opt/airflow/dags/predict.py:29 RemovedInAirflow3Warning: Param `schedule_interval` is deprecated and will be removed in a future release. Please use `schedule` instead.
[2026-01-30T21:54:31.332+0000] {processor.py:840} INFO - DAG(s) 'ml_prediction_pipeline' retrieved from /opt/airflow/dags/predict.py
[2026-01-30T21:54:31.362+0000] {logging_mixin.py:188} INFO - [2026-01-30T21:54:31.361+0000] {dag.py:3096} INFO - Sync 1 DAGs
[2026-01-30T21:54:31.389+0000] {logging_mixin.py:188} INFO - [2026-01-30T21:54:31.388+0000] {dag.py:3954} INFO - Setting next_dagrun for ml_prediction_pipeline to 2026-01-29 00:00:00+00:00, run_after=2026-01-30 00:00:00+00:00
[2026-01-30T21:54:31.415+0000] {processor.py:183} INFO - Processing /opt/airflow/dags/predict.py took 4.965 seconds
[2026-01-30T21:55:01.646+0000] {processor.py:161} INFO - Started process (PID=7023) to work on /opt/airflow/dags/predict.py
[2026-01-30T21:55:01.646+0000] {processor.py:830} INFO - Processing file /opt/airflow/dags/predict.py for tasks to queue
[2026-01-30T21:55:01.648+0000] {logging_mixin.py:188} INFO - [2026-01-30T21:55:01.648+0000] {dagbag.py:545} INFO - Filling up the DagBag from /opt/airflow/dags/predict.py
[2026-01-30T21:55:03.542+0000] {logging_mixin.py:188} WARNING - /opt/airflow/dags/predict.py:34 RemovedInAirflow3Warning: Function `days_ago` is deprecated and will be removed in Airflow 3.0. You can achieve equivalent behavior with `pendulum.today('UTC').add(days=-N, ...)`
[2026-01-30T21:55:03.544+0000] {logging_mixin.py:188} WARNING - /opt/airflow/dags/predict.py:29 RemovedInAirflow3Warning: Param `schedule_interval` is deprecated and will be removed in a future release. Please use `schedule` instead.
[2026-01-30T21:55:03.550+0000] {processor.py:840} INFO - DAG(s) 'ml_prediction_pipeline' retrieved from /opt/airflow/dags/predict.py
[2026-01-30T21:55:03.573+0000] {logging_mixin.py:188} INFO - [2026-01-30T21:55:03.573+0000] {dag.py:3096} INFO - Sync 1 DAGs
[2026-01-30T21:55:03.593+0000] {logging_mixin.py:188} INFO - [2026-01-30T21:55:03.593+0000] {dag.py:3954} INFO - Setting next_dagrun for ml_prediction_pipeline to 2026-01-29 00:00:00+00:00, run_after=2026-01-30 00:00:00+00:00
[2026-01-30T21:55:03.613+0000] {processor.py:183} INFO - Processing /opt/airflow/dags/predict.py took 1.972 seconds
[2026-01-30T21:55:34.329+0000] {processor.py:161} INFO - Started process (PID=7067) to work on /opt/airflow/dags/predict.py
[2026-01-30T21:55:34.330+0000] {processor.py:830} INFO - Processing file /opt/airflow/dags/predict.py for tasks to queue
[2026-01-30T21:55:34.331+0000] {logging_mixin.py:188} INFO - [2026-01-30T21:55:34.331+0000] {dagbag.py:545} INFO - Filling up the DagBag from /opt/airflow/dags/predict.py
[2026-01-30T21:55:36.127+0000] {logging_mixin.py:188} WARNING - /opt/airflow/dags/predict.py:34 RemovedInAirflow3Warning: Function `days_ago` is deprecated and will be removed in Airflow 3.0. You can achieve equivalent behavior with `pendulum.today('UTC').add(days=-N, ...)`
[2026-01-30T21:55:36.127+0000] {logging_mixin.py:188} WARNING - /opt/airflow/dags/predict.py:29 RemovedInAirflow3Warning: Param `schedule_interval` is deprecated and will be removed in a future release. Please use `schedule` instead.
[2026-01-30T21:55:36.130+0000] {processor.py:840} INFO - DAG(s) 'ml_prediction_pipeline' retrieved from /opt/airflow/dags/predict.py
[2026-01-30T21:55:36.150+0000] {logging_mixin.py:188} INFO - [2026-01-30T21:55:36.149+0000] {dag.py:3096} INFO - Sync 1 DAGs
[2026-01-30T21:55:36.164+0000] {logging_mixin.py:188} INFO - [2026-01-30T21:55:36.164+0000] {dag.py:3954} INFO - Setting next_dagrun for ml_prediction_pipeline to 2026-01-29 00:00:00+00:00, run_after=2026-01-30 00:00:00+00:00
[2026-01-30T21:55:36.182+0000] {processor.py:183} INFO - Processing /opt/airflow/dags/predict.py took 1.857 seconds
[2026-01-30T21:56:06.388+0000] {processor.py:161} INFO - Started process (PID=7114) to work on /opt/airflow/dags/predict.py
[2026-01-30T21:56:06.390+0000] {processor.py:830} INFO - Processing file /opt/airflow/dags/predict.py for tasks to queue
[2026-01-30T21:56:06.391+0000] {logging_mixin.py:188} INFO - [2026-01-30T21:56:06.391+0000] {dagbag.py:545} INFO - Filling up the DagBag from /opt/airflow/dags/predict.py
[2026-01-30T21:56:07.967+0000] {logging_mixin.py:188} WARNING - /opt/airflow/dags/predict.py:34 RemovedInAirflow3Warning: Function `days_ago` is deprecated and will be removed in Airflow 3.0. You can achieve equivalent behavior with `pendulum.today('UTC').add(days=-N, ...)`
[2026-01-30T21:56:07.968+0000] {logging_mixin.py:188} WARNING - /opt/airflow/dags/predict.py:29 RemovedInAirflow3Warning: Param `schedule_interval` is deprecated and will be removed in a future release. Please use `schedule` instead.
[2026-01-30T21:56:07.971+0000] {processor.py:840} INFO - DAG(s) 'ml_prediction_pipeline' retrieved from /opt/airflow/dags/predict.py
[2026-01-30T21:56:07.988+0000] {logging_mixin.py:188} INFO - [2026-01-30T21:56:07.988+0000] {dag.py:3096} INFO - Sync 1 DAGs
[2026-01-30T21:56:08.001+0000] {logging_mixin.py:188} INFO - [2026-01-30T21:56:08.000+0000] {dag.py:3954} INFO - Setting next_dagrun for ml_prediction_pipeline to 2026-01-29 00:00:00+00:00, run_after=2026-01-30 00:00:00+00:00
[2026-01-30T21:56:08.017+0000] {processor.py:183} INFO - Processing /opt/airflow/dags/predict.py took 1.633 seconds
[2026-01-30T21:56:38.327+0000] {processor.py:161} INFO - Started process (PID=7161) to work on /opt/airflow/dags/predict.py
[2026-01-30T21:56:38.328+0000] {processor.py:830} INFO - Processing file /opt/airflow/dags/predict.py for tasks to queue
[2026-01-30T21:56:38.329+0000] {logging_mixin.py:188} INFO - [2026-01-30T21:56:38.329+0000] {dagbag.py:545} INFO - Filling up the DagBag from /opt/airflow/dags/predict.py
[2026-01-30T21:56:40.171+0000] {logging_mixin.py:188} WARNING - /opt/airflow/dags/predict.py:34 RemovedInAirflow3Warning: Function `days_ago` is deprecated and will be removed in Airflow 3.0. You can achieve equivalent behavior with `pendulum.today('UTC').add(days=-N, ...)`
[2026-01-30T21:56:40.172+0000] {logging_mixin.py:188} WARNING - /opt/airflow/dags/predict.py:29 RemovedInAirflow3Warning: Param `schedule_interval` is deprecated and will be removed in a future release. Please use `schedule` instead.
[2026-01-30T21:56:40.176+0000] {processor.py:840} INFO - DAG(s) 'ml_prediction_pipeline' retrieved from /opt/airflow/dags/predict.py
[2026-01-30T21:56:40.193+0000] {logging_mixin.py:188} INFO - [2026-01-30T21:56:40.192+0000] {dag.py:3096} INFO - Sync 1 DAGs
[2026-01-30T21:56:40.207+0000] {logging_mixin.py:188} INFO - [2026-01-30T21:56:40.207+0000] {dag.py:3954} INFO - Setting next_dagrun for ml_prediction_pipeline to 2026-01-29 00:00:00+00:00, run_after=2026-01-30 00:00:00+00:00
[2026-01-30T21:56:40.220+0000] {processor.py:183} INFO - Processing /opt/airflow/dags/predict.py took 1.897 seconds
[2026-01-30T21:57:10.353+0000] {processor.py:161} INFO - Started process (PID=7208) to work on /opt/airflow/dags/predict.py
[2026-01-30T21:57:10.355+0000] {processor.py:830} INFO - Processing file /opt/airflow/dags/predict.py for tasks to queue
[2026-01-30T21:57:10.356+0000] {logging_mixin.py:188} INFO - [2026-01-30T21:57:10.356+0000] {dagbag.py:545} INFO - Filling up the DagBag from /opt/airflow/dags/predict.py
[2026-01-30T21:57:11.955+0000] {logging_mixin.py:188} WARNING - /opt/airflow/dags/predict.py:34 RemovedInAirflow3Warning: Function `days_ago` is deprecated and will be removed in Airflow 3.0. You can achieve equivalent behavior with `pendulum.today('UTC').add(days=-N, ...)`
[2026-01-30T21:57:11.956+0000] {logging_mixin.py:188} WARNING - /opt/airflow/dags/predict.py:29 RemovedInAirflow3Warning: Param `schedule_interval` is deprecated and will be removed in a future release. Please use `schedule` instead.
[2026-01-30T21:57:11.959+0000] {processor.py:840} INFO - DAG(s) 'ml_prediction_pipeline' retrieved from /opt/airflow/dags/predict.py
[2026-01-30T21:57:11.973+0000] {logging_mixin.py:188} INFO - [2026-01-30T21:57:11.973+0000] {dag.py:3096} INFO - Sync 1 DAGs
[2026-01-30T21:57:11.985+0000] {logging_mixin.py:188} INFO - [2026-01-30T21:57:11.984+0000] {dag.py:3954} INFO - Setting next_dagrun for ml_prediction_pipeline to 2026-01-29 00:00:00+00:00, run_after=2026-01-30 00:00:00+00:00
[2026-01-30T21:57:11.996+0000] {processor.py:183} INFO - Processing /opt/airflow/dags/predict.py took 1.648 seconds
[2026-01-30T21:57:42.296+0000] {processor.py:161} INFO - Started process (PID=7255) to work on /opt/airflow/dags/predict.py
[2026-01-30T21:57:42.296+0000] {processor.py:830} INFO - Processing file /opt/airflow/dags/predict.py for tasks to queue
[2026-01-30T21:57:42.297+0000] {logging_mixin.py:188} INFO - [2026-01-30T21:57:42.297+0000] {dagbag.py:545} INFO - Filling up the DagBag from /opt/airflow/dags/predict.py
[2026-01-30T21:57:43.837+0000] {logging_mixin.py:188} WARNING - /opt/airflow/dags/predict.py:34 RemovedInAirflow3Warning: Function `days_ago` is deprecated and will be removed in Airflow 3.0. You can achieve equivalent behavior with `pendulum.today('UTC').add(days=-N, ...)`
[2026-01-30T21:57:43.838+0000] {logging_mixin.py:188} WARNING - /opt/airflow/dags/predict.py:29 RemovedInAirflow3Warning: Param `schedule_interval` is deprecated and will be removed in a future release. Please use `schedule` instead.
[2026-01-30T21:57:43.842+0000] {processor.py:840} INFO - DAG(s) 'ml_prediction_pipeline' retrieved from /opt/airflow/dags/predict.py
[2026-01-30T21:57:43.860+0000] {logging_mixin.py:188} INFO - [2026-01-30T21:57:43.860+0000] {dag.py:3096} INFO - Sync 1 DAGs
[2026-01-30T21:57:43.878+0000] {logging_mixin.py:188} INFO - [2026-01-30T21:57:43.878+0000] {dag.py:3954} INFO - Setting next_dagrun for ml_prediction_pipeline to 2026-01-29 00:00:00+00:00, run_after=2026-01-30 00:00:00+00:00
[2026-01-30T21:57:43.898+0000] {processor.py:183} INFO - Processing /opt/airflow/dags/predict.py took 1.607 seconds
[2026-01-30T21:58:14.319+0000] {processor.py:161} INFO - Started process (PID=7300) to work on /opt/airflow/dags/predict.py
[2026-01-30T21:58:14.323+0000] {processor.py:830} INFO - Processing file /opt/airflow/dags/predict.py for tasks to queue
[2026-01-30T21:58:14.324+0000] {logging_mixin.py:188} INFO - [2026-01-30T21:58:14.324+0000] {dagbag.py:545} INFO - Filling up the DagBag from /opt/airflow/dags/predict.py
[2026-01-30T21:58:16.052+0000] {logging_mixin.py:188} WARNING - /opt/airflow/dags/predict.py:34 RemovedInAirflow3Warning: Function `days_ago` is deprecated and will be removed in Airflow 3.0. You can achieve equivalent behavior with `pendulum.today('UTC').add(days=-N, ...)`
[2026-01-30T21:58:16.053+0000] {logging_mixin.py:188} WARNING - /opt/airflow/dags/predict.py:29 RemovedInAirflow3Warning: Param `schedule_interval` is deprecated and will be removed in a future release. Please use `schedule` instead.
[2026-01-30T21:58:16.056+0000] {processor.py:840} INFO - DAG(s) 'ml_prediction_pipeline' retrieved from /opt/airflow/dags/predict.py
[2026-01-30T21:58:16.072+0000] {logging_mixin.py:188} INFO - [2026-01-30T21:58:16.072+0000] {dag.py:3096} INFO - Sync 1 DAGs
[2026-01-30T21:58:16.088+0000] {logging_mixin.py:188} INFO - [2026-01-30T21:58:16.088+0000] {dag.py:3954} INFO - Setting next_dagrun for ml_prediction_pipeline to 2026-01-29 00:00:00+00:00, run_after=2026-01-30 00:00:00+00:00
[2026-01-30T21:58:16.104+0000] {processor.py:183} INFO - Processing /opt/airflow/dags/predict.py took 1.788 seconds
[2026-01-30T21:58:46.351+0000] {processor.py:161} INFO - Started process (PID=7347) to work on /opt/airflow/dags/predict.py
[2026-01-30T21:58:46.351+0000] {processor.py:830} INFO - Processing file /opt/airflow/dags/predict.py for tasks to queue
[2026-01-30T21:58:46.353+0000] {logging_mixin.py:188} INFO - [2026-01-30T21:58:46.352+0000] {dagbag.py:545} INFO - Filling up the DagBag from /opt/airflow/dags/predict.py
[2026-01-30T21:58:48.197+0000] {logging_mixin.py:188} WARNING - /opt/airflow/dags/predict.py:34 RemovedInAirflow3Warning: Function `days_ago` is deprecated and will be removed in Airflow 3.0. You can achieve equivalent behavior with `pendulum.today('UTC').add(days=-N, ...)`
[2026-01-30T21:58:48.198+0000] {logging_mixin.py:188} WARNING - /opt/airflow/dags/predict.py:29 RemovedInAirflow3Warning: Param `schedule_interval` is deprecated and will be removed in a future release. Please use `schedule` instead.
[2026-01-30T21:58:48.202+0000] {processor.py:840} INFO - DAG(s) 'ml_prediction_pipeline' retrieved from /opt/airflow/dags/predict.py
[2026-01-30T21:58:48.223+0000] {logging_mixin.py:188} INFO - [2026-01-30T21:58:48.222+0000] {dag.py:3096} INFO - Sync 1 DAGs
[2026-01-30T21:58:48.242+0000] {logging_mixin.py:188} INFO - [2026-01-30T21:58:48.241+0000] {dag.py:3954} INFO - Setting next_dagrun for ml_prediction_pipeline to 2026-01-29 00:00:00+00:00, run_after=2026-01-30 00:00:00+00:00
[2026-01-30T21:58:48.259+0000] {processor.py:183} INFO - Processing /opt/airflow/dags/predict.py took 1.913 seconds
[2026-01-30T21:59:18.665+0000] {processor.py:161} INFO - Started process (PID=7388) to work on /opt/airflow/dags/predict.py
[2026-01-30T21:59:18.667+0000] {processor.py:830} INFO - Processing file /opt/airflow/dags/predict.py for tasks to queue
[2026-01-30T21:59:18.670+0000] {logging_mixin.py:188} INFO - [2026-01-30T21:59:18.669+0000] {dagbag.py:545} INFO - Filling up the DagBag from /opt/airflow/dags/predict.py
[2026-01-30T21:59:21.823+0000] {logging_mixin.py:188} WARNING - /opt/airflow/dags/predict.py:34 RemovedInAirflow3Warning: Function `days_ago` is deprecated and will be removed in Airflow 3.0. You can achieve equivalent behavior with `pendulum.today('UTC').add(days=-N, ...)`
[2026-01-30T21:59:21.824+0000] {logging_mixin.py:188} WARNING - /opt/airflow/dags/predict.py:29 RemovedInAirflow3Warning: Param `schedule_interval` is deprecated and will be removed in a future release. Please use `schedule` instead.
[2026-01-30T21:59:21.829+0000] {processor.py:840} INFO - DAG(s) 'ml_prediction_pipeline' retrieved from /opt/airflow/dags/predict.py
[2026-01-30T21:59:21.852+0000] {logging_mixin.py:188} INFO - [2026-01-30T21:59:21.851+0000] {dag.py:3096} INFO - Sync 1 DAGs
[2026-01-30T21:59:21.870+0000] {logging_mixin.py:188} INFO - [2026-01-30T21:59:21.870+0000] {dag.py:3954} INFO - Setting next_dagrun for ml_prediction_pipeline to 2026-01-29 00:00:00+00:00, run_after=2026-01-30 00:00:00+00:00
[2026-01-30T21:59:21.891+0000] {processor.py:183} INFO - Processing /opt/airflow/dags/predict.py took 3.233 seconds
[2026-01-30T21:59:52.454+0000] {processor.py:161} INFO - Started process (PID=7441) to work on /opt/airflow/dags/predict.py
[2026-01-30T21:59:52.455+0000] {processor.py:830} INFO - Processing file /opt/airflow/dags/predict.py for tasks to queue
[2026-01-30T21:59:52.457+0000] {logging_mixin.py:188} INFO - [2026-01-30T21:59:52.456+0000] {dagbag.py:545} INFO - Filling up the DagBag from /opt/airflow/dags/predict.py
[2026-01-30T21:59:55.427+0000] {logging_mixin.py:188} WARNING - /opt/airflow/dags/predict.py:34 RemovedInAirflow3Warning: Function `days_ago` is deprecated and will be removed in Airflow 3.0. You can achieve equivalent behavior with `pendulum.today('UTC').add(days=-N, ...)`
[2026-01-30T21:59:55.428+0000] {logging_mixin.py:188} WARNING - /opt/airflow/dags/predict.py:29 RemovedInAirflow3Warning: Param `schedule_interval` is deprecated and will be removed in a future release. Please use `schedule` instead.
[2026-01-30T21:59:55.433+0000] {processor.py:840} INFO - DAG(s) 'ml_prediction_pipeline' retrieved from /opt/airflow/dags/predict.py
[2026-01-30T21:59:55.459+0000] {logging_mixin.py:188} INFO - [2026-01-30T21:59:55.459+0000] {dag.py:3096} INFO - Sync 1 DAGs
[2026-01-30T21:59:55.479+0000] {logging_mixin.py:188} INFO - [2026-01-30T21:59:55.478+0000] {dag.py:3954} INFO - Setting next_dagrun for ml_prediction_pipeline to 2026-01-29 00:00:00+00:00, run_after=2026-01-30 00:00:00+00:00
[2026-01-30T21:59:55.500+0000] {processor.py:183} INFO - Processing /opt/airflow/dags/predict.py took 3.052 seconds
[2026-01-30T22:00:25.670+0000] {processor.py:161} INFO - Started process (PID=7488) to work on /opt/airflow/dags/predict.py
[2026-01-30T22:00:25.673+0000] {processor.py:830} INFO - Processing file /opt/airflow/dags/predict.py for tasks to queue
[2026-01-30T22:00:25.676+0000] {logging_mixin.py:188} INFO - [2026-01-30T22:00:25.676+0000] {dagbag.py:545} INFO - Filling up the DagBag from /opt/airflow/dags/predict.py
[2026-01-30T22:00:28.060+0000] {logging_mixin.py:188} WARNING - /opt/airflow/dags/predict.py:34 RemovedInAirflow3Warning: Function `days_ago` is deprecated and will be removed in Airflow 3.0. You can achieve equivalent behavior with `pendulum.today('UTC').add(days=-N, ...)`
[2026-01-30T22:00:28.062+0000] {logging_mixin.py:188} WARNING - /opt/airflow/dags/predict.py:29 RemovedInAirflow3Warning: Param `schedule_interval` is deprecated and will be removed in a future release. Please use `schedule` instead.
[2026-01-30T22:00:28.069+0000] {processor.py:840} INFO - DAG(s) 'ml_prediction_pipeline' retrieved from /opt/airflow/dags/predict.py
[2026-01-30T22:00:28.093+0000] {logging_mixin.py:188} INFO - [2026-01-30T22:00:28.092+0000] {dag.py:3096} INFO - Sync 1 DAGs
[2026-01-30T22:00:28.112+0000] {logging_mixin.py:188} INFO - [2026-01-30T22:00:28.112+0000] {dag.py:3954} INFO - Setting next_dagrun for ml_prediction_pipeline to 2026-01-29 00:00:00+00:00, run_after=2026-01-30 00:00:00+00:00
[2026-01-30T22:00:28.129+0000] {processor.py:183} INFO - Processing /opt/airflow/dags/predict.py took 2.466 seconds
[2026-01-30T22:00:58.552+0000] {processor.py:161} INFO - Started process (PID=7535) to work on /opt/airflow/dags/predict.py
[2026-01-30T22:00:58.553+0000] {processor.py:830} INFO - Processing file /opt/airflow/dags/predict.py for tasks to queue
[2026-01-30T22:00:58.554+0000] {logging_mixin.py:188} INFO - [2026-01-30T22:00:58.554+0000] {dagbag.py:545} INFO - Filling up the DagBag from /opt/airflow/dags/predict.py
[2026-01-30T22:01:01.007+0000] {logging_mixin.py:188} WARNING - /opt/airflow/dags/predict.py:34 RemovedInAirflow3Warning: Function `days_ago` is deprecated and will be removed in Airflow 3.0. You can achieve equivalent behavior with `pendulum.today('UTC').add(days=-N, ...)`
[2026-01-30T22:01:01.008+0000] {logging_mixin.py:188} WARNING - /opt/airflow/dags/predict.py:29 RemovedInAirflow3Warning: Param `schedule_interval` is deprecated and will be removed in a future release. Please use `schedule` instead.
[2026-01-30T22:01:01.012+0000] {processor.py:840} INFO - DAG(s) 'ml_prediction_pipeline' retrieved from /opt/airflow/dags/predict.py
[2026-01-30T22:01:01.033+0000] {logging_mixin.py:188} INFO - [2026-01-30T22:01:01.032+0000] {dag.py:3096} INFO - Sync 1 DAGs
[2026-01-30T22:01:01.050+0000] {logging_mixin.py:188} INFO - [2026-01-30T22:01:01.050+0000] {dag.py:3954} INFO - Setting next_dagrun for ml_prediction_pipeline to 2026-01-29 00:00:00+00:00, run_after=2026-01-30 00:00:00+00:00
[2026-01-30T22:01:01.065+0000] {processor.py:183} INFO - Processing /opt/airflow/dags/predict.py took 2.518 seconds
[2026-01-30T22:01:32.007+0000] {processor.py:161} INFO - Started process (PID=7582) to work on /opt/airflow/dags/predict.py
[2026-01-30T22:01:32.010+0000] {processor.py:830} INFO - Processing file /opt/airflow/dags/predict.py for tasks to queue
[2026-01-30T22:01:32.012+0000] {logging_mixin.py:188} INFO - [2026-01-30T22:01:32.011+0000] {dagbag.py:545} INFO - Filling up the DagBag from /opt/airflow/dags/predict.py
[2026-01-30T22:01:34.559+0000] {logging_mixin.py:188} WARNING - /opt/airflow/dags/predict.py:34 RemovedInAirflow3Warning: Function `days_ago` is deprecated and will be removed in Airflow 3.0. You can achieve equivalent behavior with `pendulum.today('UTC').add(days=-N, ...)`
[2026-01-30T22:01:34.560+0000] {logging_mixin.py:188} WARNING - /opt/airflow/dags/predict.py:29 RemovedInAirflow3Warning: Param `schedule_interval` is deprecated and will be removed in a future release. Please use `schedule` instead.
[2026-01-30T22:01:34.566+0000] {processor.py:840} INFO - DAG(s) 'ml_prediction_pipeline' retrieved from /opt/airflow/dags/predict.py
[2026-01-30T22:01:34.592+0000] {logging_mixin.py:188} INFO - [2026-01-30T22:01:34.591+0000] {dag.py:3096} INFO - Sync 1 DAGs
[2026-01-30T22:01:34.615+0000] {logging_mixin.py:188} INFO - [2026-01-30T22:01:34.615+0000] {dag.py:3954} INFO - Setting next_dagrun for ml_prediction_pipeline to 2026-01-29 00:00:00+00:00, run_after=2026-01-30 00:00:00+00:00
[2026-01-30T22:01:34.639+0000] {processor.py:183} INFO - Processing /opt/airflow/dags/predict.py took 2.639 seconds
[2026-01-30T22:02:05.031+0000] {processor.py:161} INFO - Started process (PID=7629) to work on /opt/airflow/dags/predict.py
[2026-01-30T22:02:05.032+0000] {processor.py:830} INFO - Processing file /opt/airflow/dags/predict.py for tasks to queue
[2026-01-30T22:02:05.034+0000] {logging_mixin.py:188} INFO - [2026-01-30T22:02:05.034+0000] {dagbag.py:545} INFO - Filling up the DagBag from /opt/airflow/dags/predict.py
[2026-01-30T22:02:07.298+0000] {logging_mixin.py:188} WARNING - /opt/airflow/dags/predict.py:34 RemovedInAirflow3Warning: Function `days_ago` is deprecated and will be removed in Airflow 3.0. You can achieve equivalent behavior with `pendulum.today('UTC').add(days=-N, ...)`
[2026-01-30T22:02:07.299+0000] {logging_mixin.py:188} WARNING - /opt/airflow/dags/predict.py:29 RemovedInAirflow3Warning: Param `schedule_interval` is deprecated and will be removed in a future release. Please use `schedule` instead.
[2026-01-30T22:02:07.303+0000] {processor.py:840} INFO - DAG(s) 'ml_prediction_pipeline' retrieved from /opt/airflow/dags/predict.py
[2026-01-30T22:02:07.322+0000] {logging_mixin.py:188} INFO - [2026-01-30T22:02:07.322+0000] {dag.py:3096} INFO - Sync 1 DAGs
[2026-01-30T22:02:07.337+0000] {logging_mixin.py:188} INFO - [2026-01-30T22:02:07.337+0000] {dag.py:3954} INFO - Setting next_dagrun for ml_prediction_pipeline to 2026-01-29 00:00:00+00:00, run_after=2026-01-30 00:00:00+00:00
[2026-01-30T22:02:07.354+0000] {processor.py:183} INFO - Processing /opt/airflow/dags/predict.py took 2.328 seconds
[2026-01-30T22:02:37.400+0000] {processor.py:161} INFO - Started process (PID=7676) to work on /opt/airflow/dags/predict.py
[2026-01-30T22:02:37.403+0000] {processor.py:830} INFO - Processing file /opt/airflow/dags/predict.py for tasks to queue
[2026-01-30T22:02:37.405+0000] {logging_mixin.py:188} INFO - [2026-01-30T22:02:37.405+0000] {dagbag.py:545} INFO - Filling up the DagBag from /opt/airflow/dags/predict.py
[2026-01-30T22:02:39.974+0000] {logging_mixin.py:188} WARNING - /opt/airflow/dags/predict.py:34 RemovedInAirflow3Warning: Function `days_ago` is deprecated and will be removed in Airflow 3.0. You can achieve equivalent behavior with `pendulum.today('UTC').add(days=-N, ...)`
[2026-01-30T22:02:39.975+0000] {logging_mixin.py:188} WARNING - /opt/airflow/dags/predict.py:29 RemovedInAirflow3Warning: Param `schedule_interval` is deprecated and will be removed in a future release. Please use `schedule` instead.
[2026-01-30T22:02:39.979+0000] {processor.py:840} INFO - DAG(s) 'ml_prediction_pipeline' retrieved from /opt/airflow/dags/predict.py
[2026-01-30T22:02:40.002+0000] {logging_mixin.py:188} INFO - [2026-01-30T22:02:40.001+0000] {dag.py:3096} INFO - Sync 1 DAGs
[2026-01-30T22:02:40.016+0000] {logging_mixin.py:188} INFO - [2026-01-30T22:02:40.016+0000] {dag.py:3954} INFO - Setting next_dagrun for ml_prediction_pipeline to 2026-01-29 00:00:00+00:00, run_after=2026-01-30 00:00:00+00:00
[2026-01-30T22:02:40.031+0000] {processor.py:183} INFO - Processing /opt/airflow/dags/predict.py took 2.637 seconds
[2026-01-30T22:03:10.411+0000] {processor.py:161} INFO - Started process (PID=7724) to work on /opt/airflow/dags/predict.py
[2026-01-30T22:03:10.412+0000] {processor.py:830} INFO - Processing file /opt/airflow/dags/predict.py for tasks to queue
[2026-01-30T22:03:10.413+0000] {logging_mixin.py:188} INFO - [2026-01-30T22:03:10.413+0000] {dagbag.py:545} INFO - Filling up the DagBag from /opt/airflow/dags/predict.py
[2026-01-30T22:03:12.005+0000] {logging_mixin.py:188} WARNING - /opt/airflow/dags/predict.py:34 RemovedInAirflow3Warning: Function `days_ago` is deprecated and will be removed in Airflow 3.0. You can achieve equivalent behavior with `pendulum.today('UTC').add(days=-N, ...)`
[2026-01-30T22:03:12.006+0000] {logging_mixin.py:188} WARNING - /opt/airflow/dags/predict.py:29 RemovedInAirflow3Warning: Param `schedule_interval` is deprecated and will be removed in a future release. Please use `schedule` instead.
[2026-01-30T22:03:12.009+0000] {processor.py:840} INFO - DAG(s) 'ml_prediction_pipeline' retrieved from /opt/airflow/dags/predict.py
[2026-01-30T22:03:12.023+0000] {logging_mixin.py:188} INFO - [2026-01-30T22:03:12.023+0000] {dag.py:3096} INFO - Sync 1 DAGs
[2026-01-30T22:03:12.034+0000] {logging_mixin.py:188} INFO - [2026-01-30T22:03:12.034+0000] {dag.py:3954} INFO - Setting next_dagrun for ml_prediction_pipeline to 2026-01-29 00:00:00+00:00, run_after=2026-01-30 00:00:00+00:00
[2026-01-30T22:03:12.047+0000] {processor.py:183} INFO - Processing /opt/airflow/dags/predict.py took 1.640 seconds
[2026-01-30T22:03:42.330+0000] {processor.py:161} INFO - Started process (PID=7772) to work on /opt/airflow/dags/predict.py
[2026-01-30T22:03:42.332+0000] {processor.py:830} INFO - Processing file /opt/airflow/dags/predict.py for tasks to queue
[2026-01-30T22:03:42.333+0000] {logging_mixin.py:188} INFO - [2026-01-30T22:03:42.333+0000] {dagbag.py:545} INFO - Filling up the DagBag from /opt/airflow/dags/predict.py
[2026-01-30T22:03:43.949+0000] {logging_mixin.py:188} WARNING - /opt/airflow/dags/predict.py:34 RemovedInAirflow3Warning: Function `days_ago` is deprecated and will be removed in Airflow 3.0. You can achieve equivalent behavior with `pendulum.today('UTC').add(days=-N, ...)`
[2026-01-30T22:03:43.950+0000] {logging_mixin.py:188} WARNING - /opt/airflow/dags/predict.py:29 RemovedInAirflow3Warning: Param `schedule_interval` is deprecated and will be removed in a future release. Please use `schedule` instead.
[2026-01-30T22:03:43.953+0000] {processor.py:840} INFO - DAG(s) 'ml_prediction_pipeline' retrieved from /opt/airflow/dags/predict.py
[2026-01-30T22:03:43.968+0000] {logging_mixin.py:188} INFO - [2026-01-30T22:03:43.968+0000] {dag.py:3096} INFO - Sync 1 DAGs
[2026-01-30T22:03:43.980+0000] {logging_mixin.py:188} INFO - [2026-01-30T22:03:43.979+0000] {dag.py:3954} INFO - Setting next_dagrun for ml_prediction_pipeline to 2026-01-29 00:00:00+00:00, run_after=2026-01-30 00:00:00+00:00
[2026-01-30T22:03:43.996+0000] {processor.py:183} INFO - Processing /opt/airflow/dags/predict.py took 1.670 seconds
[2026-01-30T22:04:15.447+0000] {processor.py:161} INFO - Started process (PID=7809) to work on /opt/airflow/dags/predict.py
[2026-01-30T22:04:15.448+0000] {processor.py:830} INFO - Processing file /opt/airflow/dags/predict.py for tasks to queue
[2026-01-30T22:04:15.449+0000] {logging_mixin.py:188} INFO - [2026-01-30T22:04:15.449+0000] {dagbag.py:545} INFO - Filling up the DagBag from /opt/airflow/dags/predict.py
[2026-01-30T22:04:17.278+0000] {logging_mixin.py:188} WARNING - /opt/airflow/dags/predict.py:34 RemovedInAirflow3Warning: Function `days_ago` is deprecated and will be removed in Airflow 3.0. You can achieve equivalent behavior with `pendulum.today('UTC').add(days=-N, ...)`
[2026-01-30T22:04:17.278+0000] {logging_mixin.py:188} WARNING - /opt/airflow/dags/predict.py:29 RemovedInAirflow3Warning: Param `schedule_interval` is deprecated and will be removed in a future release. Please use `schedule` instead.
[2026-01-30T22:04:17.282+0000] {processor.py:840} INFO - DAG(s) 'ml_prediction_pipeline' retrieved from /opt/airflow/dags/predict.py
[2026-01-30T22:04:17.299+0000] {logging_mixin.py:188} INFO - [2026-01-30T22:04:17.299+0000] {dag.py:3096} INFO - Sync 1 DAGs
[2026-01-30T22:04:17.315+0000] {logging_mixin.py:188} INFO - [2026-01-30T22:04:17.315+0000] {dag.py:3954} INFO - Setting next_dagrun for ml_prediction_pipeline to 2026-01-29 00:00:00+00:00, run_after=2026-01-30 00:00:00+00:00
[2026-01-30T22:04:17.330+0000] {processor.py:183} INFO - Processing /opt/airflow/dags/predict.py took 1.887 seconds
[2026-01-30T22:04:47.942+0000] {processor.py:161} INFO - Started process (PID=7856) to work on /opt/airflow/dags/predict.py
[2026-01-30T22:04:47.944+0000] {processor.py:830} INFO - Processing file /opt/airflow/dags/predict.py for tasks to queue
[2026-01-30T22:04:47.945+0000] {logging_mixin.py:188} INFO - [2026-01-30T22:04:47.945+0000] {dagbag.py:545} INFO - Filling up the DagBag from /opt/airflow/dags/predict.py
[2026-01-30T22:04:49.661+0000] {logging_mixin.py:188} WARNING - /opt/airflow/dags/predict.py:34 RemovedInAirflow3Warning: Function `days_ago` is deprecated and will be removed in Airflow 3.0. You can achieve equivalent behavior with `pendulum.today('UTC').add(days=-N, ...)`
[2026-01-30T22:04:49.662+0000] {logging_mixin.py:188} WARNING - /opt/airflow/dags/predict.py:29 RemovedInAirflow3Warning: Param `schedule_interval` is deprecated and will be removed in a future release. Please use `schedule` instead.
[2026-01-30T22:04:49.665+0000] {processor.py:840} INFO - DAG(s) 'ml_prediction_pipeline' retrieved from /opt/airflow/dags/predict.py
[2026-01-30T22:04:49.683+0000] {logging_mixin.py:188} INFO - [2026-01-30T22:04:49.682+0000] {dag.py:3096} INFO - Sync 1 DAGs
[2026-01-30T22:04:49.697+0000] {logging_mixin.py:188} INFO - [2026-01-30T22:04:49.697+0000] {dag.py:3954} INFO - Setting next_dagrun for ml_prediction_pipeline to 2026-01-29 00:00:00+00:00, run_after=2026-01-30 00:00:00+00:00
[2026-01-30T22:04:49.711+0000] {processor.py:183} INFO - Processing /opt/airflow/dags/predict.py took 1.773 seconds
