[2026-01-31T01:01:40.045+0000] {processor.py:161} INFO - Started process (PID=7885) to work on /opt/airflow/dags/predict.py
[2026-01-31T01:01:40.046+0000] {processor.py:830} INFO - Processing file /opt/airflow/dags/predict.py for tasks to queue
[2026-01-31T01:01:40.048+0000] {logging_mixin.py:188} INFO - [2026-01-31T01:01:40.047+0000] {dagbag.py:545} INFO - Filling up the DagBag from /opt/airflow/dags/predict.py
[2026-01-31T01:01:45.570+0000] {logging_mixin.py:188} WARNING - /opt/airflow/dags/predict.py:34 RemovedInAirflow3Warning: Function `days_ago` is deprecated and will be removed in Airflow 3.0. You can achieve equivalent behavior with `pendulum.today('UTC').add(days=-N, ...)`
[2026-01-31T01:01:45.571+0000] {logging_mixin.py:188} WARNING - /opt/airflow/dags/predict.py:29 RemovedInAirflow3Warning: Param `schedule_interval` is deprecated and will be removed in a future release. Please use `schedule` instead.
[2026-01-31T01:01:45.577+0000] {processor.py:840} INFO - DAG(s) 'ml_prediction_pipeline' retrieved from /opt/airflow/dags/predict.py
[2026-01-31T01:01:45.723+0000] {logging_mixin.py:188} INFO - [2026-01-31T01:01:45.722+0000] {dag.py:3096} INFO - Sync 1 DAGs
[2026-01-31T01:01:45.749+0000] {logging_mixin.py:188} INFO - [2026-01-31T01:01:45.748+0000] {dag.py:3954} INFO - Setting next_dagrun for ml_prediction_pipeline to 2026-01-30 00:00:00+00:00, run_after=2026-01-31 00:00:00+00:00
[2026-01-31T01:01:45.774+0000] {processor.py:183} INFO - Processing /opt/airflow/dags/predict.py took 5.968 seconds
[2026-01-31T01:02:16.454+0000] {processor.py:161} INFO - Started process (PID=7929) to work on /opt/airflow/dags/predict.py
[2026-01-31T01:02:16.456+0000] {processor.py:830} INFO - Processing file /opt/airflow/dags/predict.py for tasks to queue
[2026-01-31T01:02:16.459+0000] {logging_mixin.py:188} INFO - [2026-01-31T01:02:16.458+0000] {dagbag.py:545} INFO - Filling up the DagBag from /opt/airflow/dags/predict.py
[2026-01-31T01:02:18.874+0000] {logging_mixin.py:188} WARNING - /opt/airflow/dags/predict.py:34 RemovedInAirflow3Warning: Function `days_ago` is deprecated and will be removed in Airflow 3.0. You can achieve equivalent behavior with `pendulum.today('UTC').add(days=-N, ...)`
[2026-01-31T01:02:18.876+0000] {logging_mixin.py:188} WARNING - /opt/airflow/dags/predict.py:29 RemovedInAirflow3Warning: Param `schedule_interval` is deprecated and will be removed in a future release. Please use `schedule` instead.
[2026-01-31T01:02:18.884+0000] {processor.py:840} INFO - DAG(s) 'ml_prediction_pipeline' retrieved from /opt/airflow/dags/predict.py
[2026-01-31T01:02:18.912+0000] {logging_mixin.py:188} INFO - [2026-01-31T01:02:18.912+0000] {dag.py:3096} INFO - Sync 1 DAGs
[2026-01-31T01:02:18.931+0000] {logging_mixin.py:188} INFO - [2026-01-31T01:02:18.931+0000] {dag.py:3954} INFO - Setting next_dagrun for ml_prediction_pipeline to 2026-01-30 00:00:00+00:00, run_after=2026-01-31 00:00:00+00:00
[2026-01-31T01:02:18.947+0000] {processor.py:183} INFO - Processing /opt/airflow/dags/predict.py took 2.497 seconds
[2026-01-31T01:02:49.108+0000] {processor.py:161} INFO - Started process (PID=7976) to work on /opt/airflow/dags/predict.py
[2026-01-31T01:02:49.108+0000] {processor.py:830} INFO - Processing file /opt/airflow/dags/predict.py for tasks to queue
[2026-01-31T01:02:49.110+0000] {logging_mixin.py:188} INFO - [2026-01-31T01:02:49.109+0000] {dagbag.py:545} INFO - Filling up the DagBag from /opt/airflow/dags/predict.py
[2026-01-31T01:02:50.876+0000] {logging_mixin.py:188} WARNING - /opt/airflow/dags/predict.py:34 RemovedInAirflow3Warning: Function `days_ago` is deprecated and will be removed in Airflow 3.0. You can achieve equivalent behavior with `pendulum.today('UTC').add(days=-N, ...)`
[2026-01-31T01:02:50.877+0000] {logging_mixin.py:188} WARNING - /opt/airflow/dags/predict.py:29 RemovedInAirflow3Warning: Param `schedule_interval` is deprecated and will be removed in a future release. Please use `schedule` instead.
[2026-01-31T01:02:50.881+0000] {processor.py:840} INFO - DAG(s) 'ml_prediction_pipeline' retrieved from /opt/airflow/dags/predict.py
[2026-01-31T01:02:50.898+0000] {logging_mixin.py:188} INFO - [2026-01-31T01:02:50.897+0000] {dag.py:3096} INFO - Sync 1 DAGs
[2026-01-31T01:02:50.911+0000] {logging_mixin.py:188} INFO - [2026-01-31T01:02:50.911+0000] {dag.py:3954} INFO - Setting next_dagrun for ml_prediction_pipeline to 2026-01-30 00:00:00+00:00, run_after=2026-01-31 00:00:00+00:00
[2026-01-31T01:02:50.922+0000] {processor.py:183} INFO - Processing /opt/airflow/dags/predict.py took 1.818 seconds
[2026-01-31T01:03:21.054+0000] {processor.py:161} INFO - Started process (PID=8023) to work on /opt/airflow/dags/predict.py
[2026-01-31T01:03:21.056+0000] {processor.py:830} INFO - Processing file /opt/airflow/dags/predict.py for tasks to queue
[2026-01-31T01:03:21.057+0000] {logging_mixin.py:188} INFO - [2026-01-31T01:03:21.057+0000] {dagbag.py:545} INFO - Filling up the DagBag from /opt/airflow/dags/predict.py
[2026-01-31T01:03:22.668+0000] {logging_mixin.py:188} WARNING - /opt/airflow/dags/predict.py:34 RemovedInAirflow3Warning: Function `days_ago` is deprecated and will be removed in Airflow 3.0. You can achieve equivalent behavior with `pendulum.today('UTC').add(days=-N, ...)`
[2026-01-31T01:03:22.669+0000] {logging_mixin.py:188} WARNING - /opt/airflow/dags/predict.py:29 RemovedInAirflow3Warning: Param `schedule_interval` is deprecated and will be removed in a future release. Please use `schedule` instead.
[2026-01-31T01:03:22.672+0000] {processor.py:840} INFO - DAG(s) 'ml_prediction_pipeline' retrieved from /opt/airflow/dags/predict.py
[2026-01-31T01:03:22.688+0000] {logging_mixin.py:188} INFO - [2026-01-31T01:03:22.687+0000] {dag.py:3096} INFO - Sync 1 DAGs
[2026-01-31T01:03:22.700+0000] {logging_mixin.py:188} INFO - [2026-01-31T01:03:22.699+0000] {dag.py:3954} INFO - Setting next_dagrun for ml_prediction_pipeline to 2026-01-30 00:00:00+00:00, run_after=2026-01-31 00:00:00+00:00
[2026-01-31T01:03:22.714+0000] {processor.py:183} INFO - Processing /opt/airflow/dags/predict.py took 1.665 seconds
[2026-01-31T01:03:53.492+0000] {processor.py:161} INFO - Started process (PID=8070) to work on /opt/airflow/dags/predict.py
[2026-01-31T01:03:53.493+0000] {processor.py:830} INFO - Processing file /opt/airflow/dags/predict.py for tasks to queue
[2026-01-31T01:03:53.494+0000] {logging_mixin.py:188} INFO - [2026-01-31T01:03:53.494+0000] {dagbag.py:545} INFO - Filling up the DagBag from /opt/airflow/dags/predict.py
[2026-01-31T01:03:55.022+0000] {logging_mixin.py:188} WARNING - /opt/airflow/dags/predict.py:34 RemovedInAirflow3Warning: Function `days_ago` is deprecated and will be removed in Airflow 3.0. You can achieve equivalent behavior with `pendulum.today('UTC').add(days=-N, ...)`
[2026-01-31T01:03:55.023+0000] {logging_mixin.py:188} WARNING - /opt/airflow/dags/predict.py:29 RemovedInAirflow3Warning: Param `schedule_interval` is deprecated and will be removed in a future release. Please use `schedule` instead.
[2026-01-31T01:03:55.026+0000] {processor.py:840} INFO - DAG(s) 'ml_prediction_pipeline' retrieved from /opt/airflow/dags/predict.py
[2026-01-31T01:03:55.041+0000] {logging_mixin.py:188} INFO - [2026-01-31T01:03:55.041+0000] {dag.py:3096} INFO - Sync 1 DAGs
[2026-01-31T01:03:55.054+0000] {logging_mixin.py:188} INFO - [2026-01-31T01:03:55.054+0000] {dag.py:3954} INFO - Setting next_dagrun for ml_prediction_pipeline to 2026-01-30 00:00:00+00:00, run_after=2026-01-31 00:00:00+00:00
[2026-01-31T01:03:55.066+0000] {processor.py:183} INFO - Processing /opt/airflow/dags/predict.py took 1.577 seconds
[2026-01-31T01:04:25.543+0000] {processor.py:161} INFO - Started process (PID=8117) to work on /opt/airflow/dags/predict.py
[2026-01-31T01:04:25.545+0000] {processor.py:830} INFO - Processing file /opt/airflow/dags/predict.py for tasks to queue
[2026-01-31T01:04:25.546+0000] {logging_mixin.py:188} INFO - [2026-01-31T01:04:25.545+0000] {dagbag.py:545} INFO - Filling up the DagBag from /opt/airflow/dags/predict.py
[2026-01-31T01:04:27.086+0000] {logging_mixin.py:188} WARNING - /opt/airflow/dags/predict.py:34 RemovedInAirflow3Warning: Function `days_ago` is deprecated and will be removed in Airflow 3.0. You can achieve equivalent behavior with `pendulum.today('UTC').add(days=-N, ...)`
[2026-01-31T01:04:27.086+0000] {logging_mixin.py:188} WARNING - /opt/airflow/dags/predict.py:29 RemovedInAirflow3Warning: Param `schedule_interval` is deprecated and will be removed in a future release. Please use `schedule` instead.
[2026-01-31T01:04:27.090+0000] {processor.py:840} INFO - DAG(s) 'ml_prediction_pipeline' retrieved from /opt/airflow/dags/predict.py
[2026-01-31T01:04:27.106+0000] {logging_mixin.py:188} INFO - [2026-01-31T01:04:27.106+0000] {dag.py:3096} INFO - Sync 1 DAGs
[2026-01-31T01:04:27.118+0000] {logging_mixin.py:188} INFO - [2026-01-31T01:04:27.118+0000] {dag.py:3954} INFO - Setting next_dagrun for ml_prediction_pipeline to 2026-01-30 00:00:00+00:00, run_after=2026-01-31 00:00:00+00:00
[2026-01-31T01:04:27.131+0000] {processor.py:183} INFO - Processing /opt/airflow/dags/predict.py took 1.591 seconds
[2026-01-31T01:04:57.433+0000] {processor.py:161} INFO - Started process (PID=8170) to work on /opt/airflow/dags/predict.py
[2026-01-31T01:04:57.434+0000] {processor.py:830} INFO - Processing file /opt/airflow/dags/predict.py for tasks to queue
[2026-01-31T01:04:57.435+0000] {logging_mixin.py:188} INFO - [2026-01-31T01:04:57.435+0000] {dagbag.py:545} INFO - Filling up the DagBag from /opt/airflow/dags/predict.py
[2026-01-31T01:04:59.263+0000] {logging_mixin.py:188} WARNING - /opt/airflow/dags/predict.py:34 RemovedInAirflow3Warning: Function `days_ago` is deprecated and will be removed in Airflow 3.0. You can achieve equivalent behavior with `pendulum.today('UTC').add(days=-N, ...)`
[2026-01-31T01:04:59.264+0000] {logging_mixin.py:188} WARNING - /opt/airflow/dags/predict.py:29 RemovedInAirflow3Warning: Param `schedule_interval` is deprecated and will be removed in a future release. Please use `schedule` instead.
[2026-01-31T01:04:59.268+0000] {processor.py:840} INFO - DAG(s) 'ml_prediction_pipeline' retrieved from /opt/airflow/dags/predict.py
[2026-01-31T01:04:59.285+0000] {logging_mixin.py:188} INFO - [2026-01-31T01:04:59.284+0000] {dag.py:3096} INFO - Sync 1 DAGs
[2026-01-31T01:04:59.298+0000] {logging_mixin.py:188} INFO - [2026-01-31T01:04:59.298+0000] {dag.py:3954} INFO - Setting next_dagrun for ml_prediction_pipeline to 2026-01-30 00:00:00+00:00, run_after=2026-01-31 00:00:00+00:00
[2026-01-31T01:04:59.311+0000] {processor.py:183} INFO - Processing /opt/airflow/dags/predict.py took 1.884 seconds
[2026-01-31T01:05:29.684+0000] {processor.py:161} INFO - Started process (PID=8217) to work on /opt/airflow/dags/predict.py
[2026-01-31T01:05:29.687+0000] {processor.py:830} INFO - Processing file /opt/airflow/dags/predict.py for tasks to queue
[2026-01-31T01:05:29.688+0000] {logging_mixin.py:188} INFO - [2026-01-31T01:05:29.688+0000] {dagbag.py:545} INFO - Filling up the DagBag from /opt/airflow/dags/predict.py
[2026-01-31T01:05:31.319+0000] {logging_mixin.py:188} WARNING - /opt/airflow/dags/predict.py:34 RemovedInAirflow3Warning: Function `days_ago` is deprecated and will be removed in Airflow 3.0. You can achieve equivalent behavior with `pendulum.today('UTC').add(days=-N, ...)`
[2026-01-31T01:05:31.320+0000] {logging_mixin.py:188} WARNING - /opt/airflow/dags/predict.py:29 RemovedInAirflow3Warning: Param `schedule_interval` is deprecated and will be removed in a future release. Please use `schedule` instead.
[2026-01-31T01:05:31.323+0000] {processor.py:840} INFO - DAG(s) 'ml_prediction_pipeline' retrieved from /opt/airflow/dags/predict.py
[2026-01-31T01:05:31.341+0000] {logging_mixin.py:188} INFO - [2026-01-31T01:05:31.340+0000] {dag.py:3096} INFO - Sync 1 DAGs
[2026-01-31T01:05:31.354+0000] {logging_mixin.py:188} INFO - [2026-01-31T01:05:31.354+0000] {dag.py:3954} INFO - Setting next_dagrun for ml_prediction_pipeline to 2026-01-30 00:00:00+00:00, run_after=2026-01-31 00:00:00+00:00
[2026-01-31T01:05:31.370+0000] {processor.py:183} INFO - Processing /opt/airflow/dags/predict.py took 1.690 seconds
[2026-01-31T01:06:01.644+0000] {processor.py:161} INFO - Started process (PID=8264) to work on /opt/airflow/dags/predict.py
[2026-01-31T01:06:01.644+0000] {processor.py:830} INFO - Processing file /opt/airflow/dags/predict.py for tasks to queue
[2026-01-31T01:06:01.646+0000] {logging_mixin.py:188} INFO - [2026-01-31T01:06:01.646+0000] {dagbag.py:545} INFO - Filling up the DagBag from /opt/airflow/dags/predict.py
[2026-01-31T01:06:03.304+0000] {logging_mixin.py:188} WARNING - /opt/airflow/dags/predict.py:34 RemovedInAirflow3Warning: Function `days_ago` is deprecated and will be removed in Airflow 3.0. You can achieve equivalent behavior with `pendulum.today('UTC').add(days=-N, ...)`
[2026-01-31T01:06:03.305+0000] {logging_mixin.py:188} WARNING - /opt/airflow/dags/predict.py:29 RemovedInAirflow3Warning: Param `schedule_interval` is deprecated and will be removed in a future release. Please use `schedule` instead.
[2026-01-31T01:06:03.308+0000] {processor.py:840} INFO - DAG(s) 'ml_prediction_pipeline' retrieved from /opt/airflow/dags/predict.py
[2026-01-31T01:06:03.325+0000] {logging_mixin.py:188} INFO - [2026-01-31T01:06:03.325+0000] {dag.py:3096} INFO - Sync 1 DAGs
[2026-01-31T01:06:03.340+0000] {logging_mixin.py:188} INFO - [2026-01-31T01:06:03.340+0000] {dag.py:3954} INFO - Setting next_dagrun for ml_prediction_pipeline to 2026-01-30 00:00:00+00:00, run_after=2026-01-31 00:00:00+00:00
[2026-01-31T01:06:03.356+0000] {processor.py:183} INFO - Processing /opt/airflow/dags/predict.py took 1.716 seconds
[2026-01-31T01:06:33.664+0000] {processor.py:161} INFO - Started process (PID=8311) to work on /opt/airflow/dags/predict.py
[2026-01-31T01:06:33.666+0000] {processor.py:830} INFO - Processing file /opt/airflow/dags/predict.py for tasks to queue
[2026-01-31T01:06:33.668+0000] {logging_mixin.py:188} INFO - [2026-01-31T01:06:33.668+0000] {dagbag.py:545} INFO - Filling up the DagBag from /opt/airflow/dags/predict.py
[2026-01-31T01:06:35.461+0000] {logging_mixin.py:188} WARNING - /opt/airflow/dags/predict.py:34 RemovedInAirflow3Warning: Function `days_ago` is deprecated and will be removed in Airflow 3.0. You can achieve equivalent behavior with `pendulum.today('UTC').add(days=-N, ...)`
[2026-01-31T01:06:35.462+0000] {logging_mixin.py:188} WARNING - /opt/airflow/dags/predict.py:29 RemovedInAirflow3Warning: Param `schedule_interval` is deprecated and will be removed in a future release. Please use `schedule` instead.
[2026-01-31T01:06:35.467+0000] {processor.py:840} INFO - DAG(s) 'ml_prediction_pipeline' retrieved from /opt/airflow/dags/predict.py
[2026-01-31T01:06:35.490+0000] {logging_mixin.py:188} INFO - [2026-01-31T01:06:35.489+0000] {dag.py:3096} INFO - Sync 1 DAGs
[2026-01-31T01:06:35.509+0000] {logging_mixin.py:188} INFO - [2026-01-31T01:06:35.509+0000] {dag.py:3954} INFO - Setting next_dagrun for ml_prediction_pipeline to 2026-01-30 00:00:00+00:00, run_after=2026-01-31 00:00:00+00:00
[2026-01-31T01:06:35.528+0000] {processor.py:183} INFO - Processing /opt/airflow/dags/predict.py took 1.869 seconds
[2026-01-31T01:07:06.080+0000] {processor.py:161} INFO - Started process (PID=8358) to work on /opt/airflow/dags/predict.py
[2026-01-31T01:07:06.080+0000] {processor.py:830} INFO - Processing file /opt/airflow/dags/predict.py for tasks to queue
[2026-01-31T01:07:06.082+0000] {logging_mixin.py:188} INFO - [2026-01-31T01:07:06.082+0000] {dagbag.py:545} INFO - Filling up the DagBag from /opt/airflow/dags/predict.py
[2026-01-31T01:07:07.897+0000] {logging_mixin.py:188} WARNING - /opt/airflow/dags/predict.py:34 RemovedInAirflow3Warning: Function `days_ago` is deprecated and will be removed in Airflow 3.0. You can achieve equivalent behavior with `pendulum.today('UTC').add(days=-N, ...)`
[2026-01-31T01:07:07.898+0000] {logging_mixin.py:188} WARNING - /opt/airflow/dags/predict.py:29 RemovedInAirflow3Warning: Param `schedule_interval` is deprecated and will be removed in a future release. Please use `schedule` instead.
[2026-01-31T01:07:07.902+0000] {processor.py:840} INFO - DAG(s) 'ml_prediction_pipeline' retrieved from /opt/airflow/dags/predict.py
[2026-01-31T01:07:07.927+0000] {logging_mixin.py:188} INFO - [2026-01-31T01:07:07.927+0000] {dag.py:3096} INFO - Sync 1 DAGs
[2026-01-31T01:07:07.950+0000] {logging_mixin.py:188} INFO - [2026-01-31T01:07:07.950+0000] {dag.py:3954} INFO - Setting next_dagrun for ml_prediction_pipeline to 2026-01-30 00:00:00+00:00, run_after=2026-01-31 00:00:00+00:00
[2026-01-31T01:07:07.971+0000] {processor.py:183} INFO - Processing /opt/airflow/dags/predict.py took 1.895 seconds
[2026-01-31T01:07:38.127+0000] {processor.py:161} INFO - Started process (PID=8405) to work on /opt/airflow/dags/predict.py
[2026-01-31T01:07:38.130+0000] {processor.py:830} INFO - Processing file /opt/airflow/dags/predict.py for tasks to queue
[2026-01-31T01:07:38.132+0000] {logging_mixin.py:188} INFO - [2026-01-31T01:07:38.132+0000] {dagbag.py:545} INFO - Filling up the DagBag from /opt/airflow/dags/predict.py
[2026-01-31T01:07:39.946+0000] {logging_mixin.py:188} WARNING - /opt/airflow/dags/predict.py:34 RemovedInAirflow3Warning: Function `days_ago` is deprecated and will be removed in Airflow 3.0. You can achieve equivalent behavior with `pendulum.today('UTC').add(days=-N, ...)`
[2026-01-31T01:07:39.947+0000] {logging_mixin.py:188} WARNING - /opt/airflow/dags/predict.py:29 RemovedInAirflow3Warning: Param `schedule_interval` is deprecated and will be removed in a future release. Please use `schedule` instead.
[2026-01-31T01:07:39.951+0000] {processor.py:840} INFO - DAG(s) 'ml_prediction_pipeline' retrieved from /opt/airflow/dags/predict.py
[2026-01-31T01:07:39.970+0000] {logging_mixin.py:188} INFO - [2026-01-31T01:07:39.970+0000] {dag.py:3096} INFO - Sync 1 DAGs
[2026-01-31T01:07:39.984+0000] {logging_mixin.py:188} INFO - [2026-01-31T01:07:39.984+0000] {dag.py:3954} INFO - Setting next_dagrun for ml_prediction_pipeline to 2026-01-30 00:00:00+00:00, run_after=2026-01-31 00:00:00+00:00
[2026-01-31T01:07:40.004+0000] {processor.py:183} INFO - Processing /opt/airflow/dags/predict.py took 1.881 seconds
[2026-01-31T01:08:10.181+0000] {processor.py:161} INFO - Started process (PID=8453) to work on /opt/airflow/dags/predict.py
[2026-01-31T01:08:10.182+0000] {processor.py:830} INFO - Processing file /opt/airflow/dags/predict.py for tasks to queue
[2026-01-31T01:08:10.183+0000] {logging_mixin.py:188} INFO - [2026-01-31T01:08:10.183+0000] {dagbag.py:545} INFO - Filling up the DagBag from /opt/airflow/dags/predict.py
[2026-01-31T01:08:11.838+0000] {logging_mixin.py:188} WARNING - /opt/airflow/dags/predict.py:34 RemovedInAirflow3Warning: Function `days_ago` is deprecated and will be removed in Airflow 3.0. You can achieve equivalent behavior with `pendulum.today('UTC').add(days=-N, ...)`
[2026-01-31T01:08:11.839+0000] {logging_mixin.py:188} WARNING - /opt/airflow/dags/predict.py:29 RemovedInAirflow3Warning: Param `schedule_interval` is deprecated and will be removed in a future release. Please use `schedule` instead.
[2026-01-31T01:08:11.843+0000] {processor.py:840} INFO - DAG(s) 'ml_prediction_pipeline' retrieved from /opt/airflow/dags/predict.py
[2026-01-31T01:08:11.862+0000] {logging_mixin.py:188} INFO - [2026-01-31T01:08:11.862+0000] {dag.py:3096} INFO - Sync 1 DAGs
[2026-01-31T01:08:11.877+0000] {logging_mixin.py:188} INFO - [2026-01-31T01:08:11.877+0000] {dag.py:3954} INFO - Setting next_dagrun for ml_prediction_pipeline to 2026-01-30 00:00:00+00:00, run_after=2026-01-31 00:00:00+00:00
[2026-01-31T01:08:11.894+0000] {processor.py:183} INFO - Processing /opt/airflow/dags/predict.py took 1.716 seconds
[2026-01-31T01:08:42.179+0000] {processor.py:161} INFO - Started process (PID=8500) to work on /opt/airflow/dags/predict.py
[2026-01-31T01:08:42.180+0000] {processor.py:830} INFO - Processing file /opt/airflow/dags/predict.py for tasks to queue
[2026-01-31T01:08:42.182+0000] {logging_mixin.py:188} INFO - [2026-01-31T01:08:42.181+0000] {dagbag.py:545} INFO - Filling up the DagBag from /opt/airflow/dags/predict.py
[2026-01-31T01:08:43.823+0000] {logging_mixin.py:188} WARNING - /opt/airflow/dags/predict.py:34 RemovedInAirflow3Warning: Function `days_ago` is deprecated and will be removed in Airflow 3.0. You can achieve equivalent behavior with `pendulum.today('UTC').add(days=-N, ...)`
[2026-01-31T01:08:43.823+0000] {logging_mixin.py:188} WARNING - /opt/airflow/dags/predict.py:29 RemovedInAirflow3Warning: Param `schedule_interval` is deprecated and will be removed in a future release. Please use `schedule` instead.
[2026-01-31T01:08:43.827+0000] {processor.py:840} INFO - DAG(s) 'ml_prediction_pipeline' retrieved from /opt/airflow/dags/predict.py
[2026-01-31T01:08:43.842+0000] {logging_mixin.py:188} INFO - [2026-01-31T01:08:43.842+0000] {dag.py:3096} INFO - Sync 1 DAGs
[2026-01-31T01:08:43.854+0000] {logging_mixin.py:188} INFO - [2026-01-31T01:08:43.854+0000] {dag.py:3954} INFO - Setting next_dagrun for ml_prediction_pipeline to 2026-01-30 00:00:00+00:00, run_after=2026-01-31 00:00:00+00:00
[2026-01-31T01:08:43.868+0000] {processor.py:183} INFO - Processing /opt/airflow/dags/predict.py took 1.692 seconds
[2026-01-31T01:09:14.257+0000] {processor.py:161} INFO - Started process (PID=8547) to work on /opt/airflow/dags/predict.py
[2026-01-31T01:09:14.257+0000] {processor.py:830} INFO - Processing file /opt/airflow/dags/predict.py for tasks to queue
[2026-01-31T01:09:14.258+0000] {logging_mixin.py:188} INFO - [2026-01-31T01:09:14.258+0000] {dagbag.py:545} INFO - Filling up the DagBag from /opt/airflow/dags/predict.py
[2026-01-31T01:09:16.082+0000] {logging_mixin.py:188} WARNING - /opt/airflow/dags/predict.py:34 RemovedInAirflow3Warning: Function `days_ago` is deprecated and will be removed in Airflow 3.0. You can achieve equivalent behavior with `pendulum.today('UTC').add(days=-N, ...)`
[2026-01-31T01:09:16.082+0000] {logging_mixin.py:188} WARNING - /opt/airflow/dags/predict.py:29 RemovedInAirflow3Warning: Param `schedule_interval` is deprecated and will be removed in a future release. Please use `schedule` instead.
[2026-01-31T01:09:16.085+0000] {processor.py:840} INFO - DAG(s) 'ml_prediction_pipeline' retrieved from /opt/airflow/dags/predict.py
[2026-01-31T01:09:16.100+0000] {logging_mixin.py:188} INFO - [2026-01-31T01:09:16.099+0000] {dag.py:3096} INFO - Sync 1 DAGs
[2026-01-31T01:09:16.111+0000] {logging_mixin.py:188} INFO - [2026-01-31T01:09:16.111+0000] {dag.py:3954} INFO - Setting next_dagrun for ml_prediction_pipeline to 2026-01-30 00:00:00+00:00, run_after=2026-01-31 00:00:00+00:00
[2026-01-31T01:09:16.123+0000] {processor.py:183} INFO - Processing /opt/airflow/dags/predict.py took 1.870 seconds
[2026-01-31T01:09:46.368+0000] {processor.py:161} INFO - Started process (PID=8594) to work on /opt/airflow/dags/predict.py
[2026-01-31T01:09:46.369+0000] {processor.py:830} INFO - Processing file /opt/airflow/dags/predict.py for tasks to queue
[2026-01-31T01:09:46.370+0000] {logging_mixin.py:188} INFO - [2026-01-31T01:09:46.370+0000] {dagbag.py:545} INFO - Filling up the DagBag from /opt/airflow/dags/predict.py
[2026-01-31T01:09:48.060+0000] {logging_mixin.py:188} WARNING - /opt/airflow/dags/predict.py:34 RemovedInAirflow3Warning: Function `days_ago` is deprecated and will be removed in Airflow 3.0. You can achieve equivalent behavior with `pendulum.today('UTC').add(days=-N, ...)`
[2026-01-31T01:09:48.061+0000] {logging_mixin.py:188} WARNING - /opt/airflow/dags/predict.py:29 RemovedInAirflow3Warning: Param `schedule_interval` is deprecated and will be removed in a future release. Please use `schedule` instead.
[2026-01-31T01:09:48.064+0000] {processor.py:840} INFO - DAG(s) 'ml_prediction_pipeline' retrieved from /opt/airflow/dags/predict.py
[2026-01-31T01:09:48.082+0000] {logging_mixin.py:188} INFO - [2026-01-31T01:09:48.082+0000] {dag.py:3096} INFO - Sync 1 DAGs
[2026-01-31T01:09:48.096+0000] {logging_mixin.py:188} INFO - [2026-01-31T01:09:48.096+0000] {dag.py:3954} INFO - Setting next_dagrun for ml_prediction_pipeline to 2026-01-30 00:00:00+00:00, run_after=2026-01-31 00:00:00+00:00
[2026-01-31T01:09:48.116+0000] {processor.py:183} INFO - Processing /opt/airflow/dags/predict.py took 1.753 seconds
[2026-01-31T01:10:18.373+0000] {processor.py:161} INFO - Started process (PID=8645) to work on /opt/airflow/dags/predict.py
[2026-01-31T01:10:18.374+0000] {processor.py:830} INFO - Processing file /opt/airflow/dags/predict.py for tasks to queue
[2026-01-31T01:10:18.376+0000] {logging_mixin.py:188} INFO - [2026-01-31T01:10:18.375+0000] {dagbag.py:545} INFO - Filling up the DagBag from /opt/airflow/dags/predict.py
[2026-01-31T01:10:20.423+0000] {logging_mixin.py:188} WARNING - /opt/airflow/dags/predict.py:34 RemovedInAirflow3Warning: Function `days_ago` is deprecated and will be removed in Airflow 3.0. You can achieve equivalent behavior with `pendulum.today('UTC').add(days=-N, ...)`
[2026-01-31T01:10:20.424+0000] {logging_mixin.py:188} WARNING - /opt/airflow/dags/predict.py:29 RemovedInAirflow3Warning: Param `schedule_interval` is deprecated and will be removed in a future release. Please use `schedule` instead.
[2026-01-31T01:10:20.428+0000] {processor.py:840} INFO - DAG(s) 'ml_prediction_pipeline' retrieved from /opt/airflow/dags/predict.py
[2026-01-31T01:10:20.444+0000] {logging_mixin.py:188} INFO - [2026-01-31T01:10:20.443+0000] {dag.py:3096} INFO - Sync 1 DAGs
[2026-01-31T01:10:20.458+0000] {logging_mixin.py:188} INFO - [2026-01-31T01:10:20.458+0000] {dag.py:3954} INFO - Setting next_dagrun for ml_prediction_pipeline to 2026-01-30 00:00:00+00:00, run_after=2026-01-31 00:00:00+00:00
[2026-01-31T01:10:20.472+0000] {processor.py:183} INFO - Processing /opt/airflow/dags/predict.py took 2.104 seconds
[2026-01-31T01:10:50.846+0000] {processor.py:161} INFO - Started process (PID=8692) to work on /opt/airflow/dags/predict.py
[2026-01-31T01:10:50.848+0000] {processor.py:830} INFO - Processing file /opt/airflow/dags/predict.py for tasks to queue
[2026-01-31T01:10:50.849+0000] {logging_mixin.py:188} INFO - [2026-01-31T01:10:50.849+0000] {dagbag.py:545} INFO - Filling up the DagBag from /opt/airflow/dags/predict.py
[2026-01-31T01:10:52.411+0000] {logging_mixin.py:188} WARNING - /opt/airflow/dags/predict.py:34 RemovedInAirflow3Warning: Function `days_ago` is deprecated and will be removed in Airflow 3.0. You can achieve equivalent behavior with `pendulum.today('UTC').add(days=-N, ...)`
[2026-01-31T01:10:52.412+0000] {logging_mixin.py:188} WARNING - /opt/airflow/dags/predict.py:29 RemovedInAirflow3Warning: Param `schedule_interval` is deprecated and will be removed in a future release. Please use `schedule` instead.
[2026-01-31T01:10:52.415+0000] {processor.py:840} INFO - DAG(s) 'ml_prediction_pipeline' retrieved from /opt/airflow/dags/predict.py
[2026-01-31T01:10:52.429+0000] {logging_mixin.py:188} INFO - [2026-01-31T01:10:52.429+0000] {dag.py:3096} INFO - Sync 1 DAGs
[2026-01-31T01:10:52.440+0000] {logging_mixin.py:188} INFO - [2026-01-31T01:10:52.440+0000] {dag.py:3954} INFO - Setting next_dagrun for ml_prediction_pipeline to 2026-01-30 00:00:00+00:00, run_after=2026-01-31 00:00:00+00:00
[2026-01-31T01:10:52.450+0000] {processor.py:183} INFO - Processing /opt/airflow/dags/predict.py took 1.609 seconds
[2026-01-31T01:11:22.701+0000] {processor.py:161} INFO - Started process (PID=8739) to work on /opt/airflow/dags/predict.py
[2026-01-31T01:11:22.702+0000] {processor.py:830} INFO - Processing file /opt/airflow/dags/predict.py for tasks to queue
[2026-01-31T01:11:22.704+0000] {logging_mixin.py:188} INFO - [2026-01-31T01:11:22.703+0000] {dagbag.py:545} INFO - Filling up the DagBag from /opt/airflow/dags/predict.py
[2026-01-31T01:11:24.242+0000] {logging_mixin.py:188} WARNING - /opt/airflow/dags/predict.py:34 RemovedInAirflow3Warning: Function `days_ago` is deprecated and will be removed in Airflow 3.0. You can achieve equivalent behavior with `pendulum.today('UTC').add(days=-N, ...)`
[2026-01-31T01:11:24.243+0000] {logging_mixin.py:188} WARNING - /opt/airflow/dags/predict.py:29 RemovedInAirflow3Warning: Param `schedule_interval` is deprecated and will be removed in a future release. Please use `schedule` instead.
[2026-01-31T01:11:24.246+0000] {processor.py:840} INFO - DAG(s) 'ml_prediction_pipeline' retrieved from /opt/airflow/dags/predict.py
[2026-01-31T01:11:24.261+0000] {logging_mixin.py:188} INFO - [2026-01-31T01:11:24.261+0000] {dag.py:3096} INFO - Sync 1 DAGs
[2026-01-31T01:11:24.272+0000] {logging_mixin.py:188} INFO - [2026-01-31T01:11:24.272+0000] {dag.py:3954} INFO - Setting next_dagrun for ml_prediction_pipeline to 2026-01-30 00:00:00+00:00, run_after=2026-01-31 00:00:00+00:00
[2026-01-31T01:11:24.284+0000] {processor.py:183} INFO - Processing /opt/airflow/dags/predict.py took 1.589 seconds
[2026-01-31T01:11:54.601+0000] {processor.py:161} INFO - Started process (PID=8786) to work on /opt/airflow/dags/predict.py
[2026-01-31T01:11:54.602+0000] {processor.py:830} INFO - Processing file /opt/airflow/dags/predict.py for tasks to queue
[2026-01-31T01:11:54.603+0000] {logging_mixin.py:188} INFO - [2026-01-31T01:11:54.603+0000] {dagbag.py:545} INFO - Filling up the DagBag from /opt/airflow/dags/predict.py
[2026-01-31T01:11:56.270+0000] {logging_mixin.py:188} WARNING - /opt/airflow/dags/predict.py:34 RemovedInAirflow3Warning: Function `days_ago` is deprecated and will be removed in Airflow 3.0. You can achieve equivalent behavior with `pendulum.today('UTC').add(days=-N, ...)`
[2026-01-31T01:11:56.271+0000] {logging_mixin.py:188} WARNING - /opt/airflow/dags/predict.py:29 RemovedInAirflow3Warning: Param `schedule_interval` is deprecated and will be removed in a future release. Please use `schedule` instead.
[2026-01-31T01:11:56.275+0000] {processor.py:840} INFO - DAG(s) 'ml_prediction_pipeline' retrieved from /opt/airflow/dags/predict.py
[2026-01-31T01:11:56.291+0000] {logging_mixin.py:188} INFO - [2026-01-31T01:11:56.291+0000] {dag.py:3096} INFO - Sync 1 DAGs
[2026-01-31T01:11:56.304+0000] {logging_mixin.py:188} INFO - [2026-01-31T01:11:56.304+0000] {dag.py:3954} INFO - Setting next_dagrun for ml_prediction_pipeline to 2026-01-30 00:00:00+00:00, run_after=2026-01-31 00:00:00+00:00
[2026-01-31T01:11:56.317+0000] {processor.py:183} INFO - Processing /opt/airflow/dags/predict.py took 1.722 seconds
[2026-01-31T01:12:26.889+0000] {processor.py:161} INFO - Started process (PID=8835) to work on /opt/airflow/dags/predict.py
[2026-01-31T01:12:26.891+0000] {processor.py:830} INFO - Processing file /opt/airflow/dags/predict.py for tasks to queue
[2026-01-31T01:12:26.892+0000] {logging_mixin.py:188} INFO - [2026-01-31T01:12:26.892+0000] {dagbag.py:545} INFO - Filling up the DagBag from /opt/airflow/dags/predict.py
[2026-01-31T01:12:28.579+0000] {logging_mixin.py:188} WARNING - /opt/airflow/dags/predict.py:34 RemovedInAirflow3Warning: Function `days_ago` is deprecated and will be removed in Airflow 3.0. You can achieve equivalent behavior with `pendulum.today('UTC').add(days=-N, ...)`
[2026-01-31T01:12:28.580+0000] {logging_mixin.py:188} WARNING - /opt/airflow/dags/predict.py:29 RemovedInAirflow3Warning: Param `schedule_interval` is deprecated and will be removed in a future release. Please use `schedule` instead.
[2026-01-31T01:12:28.584+0000] {processor.py:840} INFO - DAG(s) 'ml_prediction_pipeline' retrieved from /opt/airflow/dags/predict.py
[2026-01-31T01:12:28.603+0000] {logging_mixin.py:188} INFO - [2026-01-31T01:12:28.603+0000] {dag.py:3096} INFO - Sync 1 DAGs
[2026-01-31T01:12:28.617+0000] {logging_mixin.py:188} INFO - [2026-01-31T01:12:28.617+0000] {dag.py:3954} INFO - Setting next_dagrun for ml_prediction_pipeline to 2026-01-30 00:00:00+00:00, run_after=2026-01-31 00:00:00+00:00
[2026-01-31T01:12:28.632+0000] {processor.py:183} INFO - Processing /opt/airflow/dags/predict.py took 1.748 seconds
[2026-01-31T01:12:59.182+0000] {processor.py:161} INFO - Started process (PID=8882) to work on /opt/airflow/dags/predict.py
[2026-01-31T01:12:59.183+0000] {processor.py:830} INFO - Processing file /opt/airflow/dags/predict.py for tasks to queue
[2026-01-31T01:12:59.184+0000] {logging_mixin.py:188} INFO - [2026-01-31T01:12:59.184+0000] {dagbag.py:545} INFO - Filling up the DagBag from /opt/airflow/dags/predict.py
[2026-01-31T01:13:00.922+0000] {logging_mixin.py:188} WARNING - /opt/airflow/dags/predict.py:34 RemovedInAirflow3Warning: Function `days_ago` is deprecated and will be removed in Airflow 3.0. You can achieve equivalent behavior with `pendulum.today('UTC').add(days=-N, ...)`
[2026-01-31T01:13:00.925+0000] {logging_mixin.py:188} WARNING - /opt/airflow/dags/predict.py:29 RemovedInAirflow3Warning: Param `schedule_interval` is deprecated and will be removed in a future release. Please use `schedule` instead.
[2026-01-31T01:13:00.929+0000] {processor.py:840} INFO - DAG(s) 'ml_prediction_pipeline' retrieved from /opt/airflow/dags/predict.py
[2026-01-31T01:13:00.945+0000] {logging_mixin.py:188} INFO - [2026-01-31T01:13:00.945+0000] {dag.py:3096} INFO - Sync 1 DAGs
[2026-01-31T01:13:00.961+0000] {logging_mixin.py:188} INFO - [2026-01-31T01:13:00.961+0000] {dag.py:3954} INFO - Setting next_dagrun for ml_prediction_pipeline to 2026-01-30 00:00:00+00:00, run_after=2026-01-31 00:00:00+00:00
[2026-01-31T01:13:00.978+0000] {processor.py:183} INFO - Processing /opt/airflow/dags/predict.py took 1.801 seconds
[2026-01-31T01:13:31.788+0000] {processor.py:161} INFO - Started process (PID=8929) to work on /opt/airflow/dags/predict.py
[2026-01-31T01:13:31.789+0000] {processor.py:830} INFO - Processing file /opt/airflow/dags/predict.py for tasks to queue
[2026-01-31T01:13:31.791+0000] {logging_mixin.py:188} INFO - [2026-01-31T01:13:31.791+0000] {dagbag.py:545} INFO - Filling up the DagBag from /opt/airflow/dags/predict.py
[2026-01-31T01:13:33.546+0000] {logging_mixin.py:188} WARNING - /opt/airflow/dags/predict.py:34 RemovedInAirflow3Warning: Function `days_ago` is deprecated and will be removed in Airflow 3.0. You can achieve equivalent behavior with `pendulum.today('UTC').add(days=-N, ...)`
[2026-01-31T01:13:33.547+0000] {logging_mixin.py:188} WARNING - /opt/airflow/dags/predict.py:29 RemovedInAirflow3Warning: Param `schedule_interval` is deprecated and will be removed in a future release. Please use `schedule` instead.
[2026-01-31T01:13:33.552+0000] {processor.py:840} INFO - DAG(s) 'ml_prediction_pipeline' retrieved from /opt/airflow/dags/predict.py
[2026-01-31T01:13:33.570+0000] {logging_mixin.py:188} INFO - [2026-01-31T01:13:33.569+0000] {dag.py:3096} INFO - Sync 1 DAGs
[2026-01-31T01:13:33.585+0000] {logging_mixin.py:188} INFO - [2026-01-31T01:13:33.585+0000] {dag.py:3954} INFO - Setting next_dagrun for ml_prediction_pipeline to 2026-01-30 00:00:00+00:00, run_after=2026-01-31 00:00:00+00:00
[2026-01-31T01:13:33.598+0000] {processor.py:183} INFO - Processing /opt/airflow/dags/predict.py took 1.814 seconds
[2026-01-31T01:14:03.783+0000] {processor.py:161} INFO - Started process (PID=8976) to work on /opt/airflow/dags/predict.py
[2026-01-31T01:14:03.785+0000] {processor.py:830} INFO - Processing file /opt/airflow/dags/predict.py for tasks to queue
[2026-01-31T01:14:03.786+0000] {logging_mixin.py:188} INFO - [2026-01-31T01:14:03.786+0000] {dagbag.py:545} INFO - Filling up the DagBag from /opt/airflow/dags/predict.py
[2026-01-31T01:14:05.575+0000] {logging_mixin.py:188} WARNING - /opt/airflow/dags/predict.py:34 RemovedInAirflow3Warning: Function `days_ago` is deprecated and will be removed in Airflow 3.0. You can achieve equivalent behavior with `pendulum.today('UTC').add(days=-N, ...)`
[2026-01-31T01:14:05.576+0000] {logging_mixin.py:188} WARNING - /opt/airflow/dags/predict.py:29 RemovedInAirflow3Warning: Param `schedule_interval` is deprecated and will be removed in a future release. Please use `schedule` instead.
[2026-01-31T01:14:05.579+0000] {processor.py:840} INFO - DAG(s) 'ml_prediction_pipeline' retrieved from /opt/airflow/dags/predict.py
[2026-01-31T01:14:05.595+0000] {logging_mixin.py:188} INFO - [2026-01-31T01:14:05.595+0000] {dag.py:3096} INFO - Sync 1 DAGs
[2026-01-31T01:14:05.609+0000] {logging_mixin.py:188} INFO - [2026-01-31T01:14:05.609+0000] {dag.py:3954} INFO - Setting next_dagrun for ml_prediction_pipeline to 2026-01-30 00:00:00+00:00, run_after=2026-01-31 00:00:00+00:00
[2026-01-31T01:14:05.621+0000] {processor.py:183} INFO - Processing /opt/airflow/dags/predict.py took 1.843 seconds
[2026-01-31T01:14:36.226+0000] {processor.py:161} INFO - Started process (PID=9023) to work on /opt/airflow/dags/predict.py
[2026-01-31T01:14:36.227+0000] {processor.py:830} INFO - Processing file /opt/airflow/dags/predict.py for tasks to queue
[2026-01-31T01:14:36.228+0000] {logging_mixin.py:188} INFO - [2026-01-31T01:14:36.228+0000] {dagbag.py:545} INFO - Filling up the DagBag from /opt/airflow/dags/predict.py
[2026-01-31T01:14:38.079+0000] {logging_mixin.py:188} WARNING - /opt/airflow/dags/predict.py:34 RemovedInAirflow3Warning: Function `days_ago` is deprecated and will be removed in Airflow 3.0. You can achieve equivalent behavior with `pendulum.today('UTC').add(days=-N, ...)`
[2026-01-31T01:14:38.081+0000] {logging_mixin.py:188} WARNING - /opt/airflow/dags/predict.py:29 RemovedInAirflow3Warning: Param `schedule_interval` is deprecated and will be removed in a future release. Please use `schedule` instead.
[2026-01-31T01:14:38.085+0000] {processor.py:840} INFO - DAG(s) 'ml_prediction_pipeline' retrieved from /opt/airflow/dags/predict.py
[2026-01-31T01:14:38.102+0000] {logging_mixin.py:188} INFO - [2026-01-31T01:14:38.102+0000] {dag.py:3096} INFO - Sync 1 DAGs
[2026-01-31T01:14:38.117+0000] {logging_mixin.py:188} INFO - [2026-01-31T01:14:38.116+0000] {dag.py:3954} INFO - Setting next_dagrun for ml_prediction_pipeline to 2026-01-30 00:00:00+00:00, run_after=2026-01-31 00:00:00+00:00
[2026-01-31T01:14:38.130+0000] {processor.py:183} INFO - Processing /opt/airflow/dags/predict.py took 1.908 seconds
[2026-01-31T01:15:08.527+0000] {processor.py:161} INFO - Started process (PID=9071) to work on /opt/airflow/dags/predict.py
[2026-01-31T01:15:08.528+0000] {processor.py:830} INFO - Processing file /opt/airflow/dags/predict.py for tasks to queue
[2026-01-31T01:15:08.530+0000] {logging_mixin.py:188} INFO - [2026-01-31T01:15:08.529+0000] {dagbag.py:545} INFO - Filling up the DagBag from /opt/airflow/dags/predict.py
[2026-01-31T01:15:10.513+0000] {logging_mixin.py:188} WARNING - /opt/airflow/dags/predict.py:34 RemovedInAirflow3Warning: Function `days_ago` is deprecated and will be removed in Airflow 3.0. You can achieve equivalent behavior with `pendulum.today('UTC').add(days=-N, ...)`
[2026-01-31T01:15:10.514+0000] {logging_mixin.py:188} WARNING - /opt/airflow/dags/predict.py:29 RemovedInAirflow3Warning: Param `schedule_interval` is deprecated and will be removed in a future release. Please use `schedule` instead.
[2026-01-31T01:15:10.518+0000] {processor.py:840} INFO - DAG(s) 'ml_prediction_pipeline' retrieved from /opt/airflow/dags/predict.py
[2026-01-31T01:15:10.537+0000] {logging_mixin.py:188} INFO - [2026-01-31T01:15:10.537+0000] {dag.py:3096} INFO - Sync 1 DAGs
[2026-01-31T01:15:10.549+0000] {logging_mixin.py:188} INFO - [2026-01-31T01:15:10.549+0000] {dag.py:3954} INFO - Setting next_dagrun for ml_prediction_pipeline to 2026-01-30 00:00:00+00:00, run_after=2026-01-31 00:00:00+00:00
[2026-01-31T01:15:10.563+0000] {processor.py:183} INFO - Processing /opt/airflow/dags/predict.py took 2.041 seconds
[2026-01-31T01:15:41.110+0000] {processor.py:161} INFO - Started process (PID=9113) to work on /opt/airflow/dags/predict.py
[2026-01-31T01:15:41.112+0000] {processor.py:830} INFO - Processing file /opt/airflow/dags/predict.py for tasks to queue
[2026-01-31T01:15:41.114+0000] {logging_mixin.py:188} INFO - [2026-01-31T01:15:41.113+0000] {dagbag.py:545} INFO - Filling up the DagBag from /opt/airflow/dags/predict.py
[2026-01-31T01:15:42.905+0000] {logging_mixin.py:188} WARNING - /opt/airflow/dags/predict.py:34 RemovedInAirflow3Warning: Function `days_ago` is deprecated and will be removed in Airflow 3.0. You can achieve equivalent behavior with `pendulum.today('UTC').add(days=-N, ...)`
[2026-01-31T01:15:42.906+0000] {logging_mixin.py:188} WARNING - /opt/airflow/dags/predict.py:29 RemovedInAirflow3Warning: Param `schedule_interval` is deprecated and will be removed in a future release. Please use `schedule` instead.
[2026-01-31T01:15:42.909+0000] {processor.py:840} INFO - DAG(s) 'ml_prediction_pipeline' retrieved from /opt/airflow/dags/predict.py
[2026-01-31T01:15:42.925+0000] {logging_mixin.py:188} INFO - [2026-01-31T01:15:42.924+0000] {dag.py:3096} INFO - Sync 1 DAGs
[2026-01-31T01:15:42.937+0000] {logging_mixin.py:188} INFO - [2026-01-31T01:15:42.936+0000] {dag.py:3954} INFO - Setting next_dagrun for ml_prediction_pipeline to 2026-01-30 00:00:00+00:00, run_after=2026-01-31 00:00:00+00:00
[2026-01-31T01:15:42.950+0000] {processor.py:183} INFO - Processing /opt/airflow/dags/predict.py took 1.844 seconds
[2026-01-31T01:16:13.530+0000] {processor.py:161} INFO - Started process (PID=9149) to work on /opt/airflow/dags/predict.py
[2026-01-31T01:16:13.531+0000] {processor.py:830} INFO - Processing file /opt/airflow/dags/predict.py for tasks to queue
[2026-01-31T01:16:13.533+0000] {logging_mixin.py:188} INFO - [2026-01-31T01:16:13.533+0000] {dagbag.py:545} INFO - Filling up the DagBag from /opt/airflow/dags/predict.py
[2026-01-31T01:16:15.323+0000] {logging_mixin.py:188} WARNING - /opt/airflow/dags/predict.py:34 RemovedInAirflow3Warning: Function `days_ago` is deprecated and will be removed in Airflow 3.0. You can achieve equivalent behavior with `pendulum.today('UTC').add(days=-N, ...)`
[2026-01-31T01:16:15.325+0000] {logging_mixin.py:188} WARNING - /opt/airflow/dags/predict.py:29 RemovedInAirflow3Warning: Param `schedule_interval` is deprecated and will be removed in a future release. Please use `schedule` instead.
[2026-01-31T01:16:15.329+0000] {processor.py:840} INFO - DAG(s) 'ml_prediction_pipeline' retrieved from /opt/airflow/dags/predict.py
[2026-01-31T01:16:15.342+0000] {logging_mixin.py:188} INFO - [2026-01-31T01:16:15.342+0000] {dag.py:3096} INFO - Sync 1 DAGs
[2026-01-31T01:16:15.356+0000] {logging_mixin.py:188} INFO - [2026-01-31T01:16:15.355+0000] {dag.py:3954} INFO - Setting next_dagrun for ml_prediction_pipeline to 2026-01-30 00:00:00+00:00, run_after=2026-01-31 00:00:00+00:00
[2026-01-31T01:16:15.368+0000] {processor.py:183} INFO - Processing /opt/airflow/dags/predict.py took 1.843 seconds
[2026-01-31T01:16:45.808+0000] {processor.py:161} INFO - Started process (PID=9194) to work on /opt/airflow/dags/predict.py
[2026-01-31T01:16:45.810+0000] {processor.py:830} INFO - Processing file /opt/airflow/dags/predict.py for tasks to queue
[2026-01-31T01:16:45.812+0000] {logging_mixin.py:188} INFO - [2026-01-31T01:16:45.811+0000] {dagbag.py:545} INFO - Filling up the DagBag from /opt/airflow/dags/predict.py
[2026-01-31T01:16:47.807+0000] {logging_mixin.py:188} WARNING - /opt/airflow/dags/predict.py:34 RemovedInAirflow3Warning: Function `days_ago` is deprecated and will be removed in Airflow 3.0. You can achieve equivalent behavior with `pendulum.today('UTC').add(days=-N, ...)`
[2026-01-31T01:16:47.808+0000] {logging_mixin.py:188} WARNING - /opt/airflow/dags/predict.py:29 RemovedInAirflow3Warning: Param `schedule_interval` is deprecated and will be removed in a future release. Please use `schedule` instead.
[2026-01-31T01:16:47.814+0000] {processor.py:840} INFO - DAG(s) 'ml_prediction_pipeline' retrieved from /opt/airflow/dags/predict.py
[2026-01-31T01:16:47.843+0000] {logging_mixin.py:188} INFO - [2026-01-31T01:16:47.843+0000] {dag.py:3096} INFO - Sync 1 DAGs
[2026-01-31T01:16:47.863+0000] {logging_mixin.py:188} INFO - [2026-01-31T01:16:47.863+0000] {dag.py:3954} INFO - Setting next_dagrun for ml_prediction_pipeline to 2026-01-30 00:00:00+00:00, run_after=2026-01-31 00:00:00+00:00
[2026-01-31T01:16:47.883+0000] {processor.py:183} INFO - Processing /opt/airflow/dags/predict.py took 2.081 seconds
[2026-01-31T01:17:18.088+0000] {processor.py:161} INFO - Started process (PID=9239) to work on /opt/airflow/dags/predict.py
[2026-01-31T01:17:18.089+0000] {processor.py:830} INFO - Processing file /opt/airflow/dags/predict.py for tasks to queue
[2026-01-31T01:17:18.091+0000] {logging_mixin.py:188} INFO - [2026-01-31T01:17:18.091+0000] {dagbag.py:545} INFO - Filling up the DagBag from /opt/airflow/dags/predict.py
[2026-01-31T01:17:19.865+0000] {logging_mixin.py:188} WARNING - /opt/airflow/dags/predict.py:34 RemovedInAirflow3Warning: Function `days_ago` is deprecated and will be removed in Airflow 3.0. You can achieve equivalent behavior with `pendulum.today('UTC').add(days=-N, ...)`
[2026-01-31T01:17:19.866+0000] {logging_mixin.py:188} WARNING - /opt/airflow/dags/predict.py:29 RemovedInAirflow3Warning: Param `schedule_interval` is deprecated and will be removed in a future release. Please use `schedule` instead.
[2026-01-31T01:17:19.869+0000] {processor.py:840} INFO - DAG(s) 'ml_prediction_pipeline' retrieved from /opt/airflow/dags/predict.py
[2026-01-31T01:17:19.888+0000] {logging_mixin.py:188} INFO - [2026-01-31T01:17:19.888+0000] {dag.py:3096} INFO - Sync 1 DAGs
[2026-01-31T01:17:19.905+0000] {logging_mixin.py:188} INFO - [2026-01-31T01:17:19.904+0000] {dag.py:3954} INFO - Setting next_dagrun for ml_prediction_pipeline to 2026-01-30 00:00:00+00:00, run_after=2026-01-31 00:00:00+00:00
[2026-01-31T01:17:19.920+0000] {processor.py:183} INFO - Processing /opt/airflow/dags/predict.py took 1.836 seconds
[2026-01-31T01:17:50.002+0000] {processor.py:161} INFO - Started process (PID=9286) to work on /opt/airflow/dags/predict.py
[2026-01-31T01:17:50.003+0000] {processor.py:830} INFO - Processing file /opt/airflow/dags/predict.py for tasks to queue
[2026-01-31T01:17:50.004+0000] {logging_mixin.py:188} INFO - [2026-01-31T01:17:50.003+0000] {dagbag.py:545} INFO - Filling up the DagBag from /opt/airflow/dags/predict.py
[2026-01-31T01:17:51.585+0000] {logging_mixin.py:188} WARNING - /opt/airflow/dags/predict.py:34 RemovedInAirflow3Warning: Function `days_ago` is deprecated and will be removed in Airflow 3.0. You can achieve equivalent behavior with `pendulum.today('UTC').add(days=-N, ...)`
[2026-01-31T01:17:51.586+0000] {logging_mixin.py:188} WARNING - /opt/airflow/dags/predict.py:29 RemovedInAirflow3Warning: Param `schedule_interval` is deprecated and will be removed in a future release. Please use `schedule` instead.
[2026-01-31T01:17:51.589+0000] {processor.py:840} INFO - DAG(s) 'ml_prediction_pipeline' retrieved from /opt/airflow/dags/predict.py
[2026-01-31T01:17:51.604+0000] {logging_mixin.py:188} INFO - [2026-01-31T01:17:51.604+0000] {dag.py:3096} INFO - Sync 1 DAGs
[2026-01-31T01:17:51.615+0000] {logging_mixin.py:188} INFO - [2026-01-31T01:17:51.615+0000] {dag.py:3954} INFO - Setting next_dagrun for ml_prediction_pipeline to 2026-01-30 00:00:00+00:00, run_after=2026-01-31 00:00:00+00:00
[2026-01-31T01:17:51.628+0000] {processor.py:183} INFO - Processing /opt/airflow/dags/predict.py took 1.630 seconds
[2026-01-31T01:18:21.699+0000] {processor.py:161} INFO - Started process (PID=9333) to work on /opt/airflow/dags/predict.py
[2026-01-31T01:18:21.702+0000] {processor.py:830} INFO - Processing file /opt/airflow/dags/predict.py for tasks to queue
[2026-01-31T01:18:21.704+0000] {logging_mixin.py:188} INFO - [2026-01-31T01:18:21.703+0000] {dagbag.py:545} INFO - Filling up the DagBag from /opt/airflow/dags/predict.py
[2026-01-31T01:18:23.272+0000] {logging_mixin.py:188} WARNING - /opt/airflow/dags/predict.py:34 RemovedInAirflow3Warning: Function `days_ago` is deprecated and will be removed in Airflow 3.0. You can achieve equivalent behavior with `pendulum.today('UTC').add(days=-N, ...)`
[2026-01-31T01:18:23.272+0000] {logging_mixin.py:188} WARNING - /opt/airflow/dags/predict.py:29 RemovedInAirflow3Warning: Param `schedule_interval` is deprecated and will be removed in a future release. Please use `schedule` instead.
[2026-01-31T01:18:23.276+0000] {processor.py:840} INFO - DAG(s) 'ml_prediction_pipeline' retrieved from /opt/airflow/dags/predict.py
[2026-01-31T01:18:23.291+0000] {logging_mixin.py:188} INFO - [2026-01-31T01:18:23.291+0000] {dag.py:3096} INFO - Sync 1 DAGs
[2026-01-31T01:18:23.302+0000] {logging_mixin.py:188} INFO - [2026-01-31T01:18:23.302+0000] {dag.py:3954} INFO - Setting next_dagrun for ml_prediction_pipeline to 2026-01-30 00:00:00+00:00, run_after=2026-01-31 00:00:00+00:00
[2026-01-31T01:18:23.313+0000] {processor.py:183} INFO - Processing /opt/airflow/dags/predict.py took 1.618 seconds
[2026-01-31T01:18:53.347+0000] {processor.py:161} INFO - Started process (PID=9380) to work on /opt/airflow/dags/predict.py
[2026-01-31T01:18:53.347+0000] {processor.py:830} INFO - Processing file /opt/airflow/dags/predict.py for tasks to queue
[2026-01-31T01:18:53.350+0000] {logging_mixin.py:188} INFO - [2026-01-31T01:18:53.349+0000] {dagbag.py:545} INFO - Filling up the DagBag from /opt/airflow/dags/predict.py
[2026-01-31T01:18:55.347+0000] {logging_mixin.py:188} WARNING - /opt/airflow/dags/predict.py:34 RemovedInAirflow3Warning: Function `days_ago` is deprecated and will be removed in Airflow 3.0. You can achieve equivalent behavior with `pendulum.today('UTC').add(days=-N, ...)`
[2026-01-31T01:18:55.348+0000] {logging_mixin.py:188} WARNING - /opt/airflow/dags/predict.py:29 RemovedInAirflow3Warning: Param `schedule_interval` is deprecated and will be removed in a future release. Please use `schedule` instead.
[2026-01-31T01:18:55.351+0000] {processor.py:840} INFO - DAG(s) 'ml_prediction_pipeline' retrieved from /opt/airflow/dags/predict.py
[2026-01-31T01:18:55.365+0000] {logging_mixin.py:188} INFO - [2026-01-31T01:18:55.364+0000] {dag.py:3096} INFO - Sync 1 DAGs
[2026-01-31T01:18:55.375+0000] {logging_mixin.py:188} INFO - [2026-01-31T01:18:55.375+0000] {dag.py:3954} INFO - Setting next_dagrun for ml_prediction_pipeline to 2026-01-30 00:00:00+00:00, run_after=2026-01-31 00:00:00+00:00
[2026-01-31T01:18:55.387+0000] {processor.py:183} INFO - Processing /opt/airflow/dags/predict.py took 2.044 seconds
[2026-01-31T01:19:25.731+0000] {processor.py:161} INFO - Started process (PID=9427) to work on /opt/airflow/dags/predict.py
[2026-01-31T01:19:25.732+0000] {processor.py:830} INFO - Processing file /opt/airflow/dags/predict.py for tasks to queue
[2026-01-31T01:19:25.734+0000] {logging_mixin.py:188} INFO - [2026-01-31T01:19:25.733+0000] {dagbag.py:545} INFO - Filling up the DagBag from /opt/airflow/dags/predict.py
[2026-01-31T01:19:27.380+0000] {logging_mixin.py:188} WARNING - /opt/airflow/dags/predict.py:34 RemovedInAirflow3Warning: Function `days_ago` is deprecated and will be removed in Airflow 3.0. You can achieve equivalent behavior with `pendulum.today('UTC').add(days=-N, ...)`
[2026-01-31T01:19:27.381+0000] {logging_mixin.py:188} WARNING - /opt/airflow/dags/predict.py:29 RemovedInAirflow3Warning: Param `schedule_interval` is deprecated and will be removed in a future release. Please use `schedule` instead.
[2026-01-31T01:19:27.385+0000] {processor.py:840} INFO - DAG(s) 'ml_prediction_pipeline' retrieved from /opt/airflow/dags/predict.py
[2026-01-31T01:19:27.403+0000] {logging_mixin.py:188} INFO - [2026-01-31T01:19:27.403+0000] {dag.py:3096} INFO - Sync 1 DAGs
[2026-01-31T01:19:27.418+0000] {logging_mixin.py:188} INFO - [2026-01-31T01:19:27.418+0000] {dag.py:3954} INFO - Setting next_dagrun for ml_prediction_pipeline to 2026-01-30 00:00:00+00:00, run_after=2026-01-31 00:00:00+00:00
[2026-01-31T01:19:27.434+0000] {processor.py:183} INFO - Processing /opt/airflow/dags/predict.py took 1.707 seconds
[2026-01-31T01:19:57.523+0000] {processor.py:161} INFO - Started process (PID=9474) to work on /opt/airflow/dags/predict.py
[2026-01-31T01:19:57.524+0000] {processor.py:830} INFO - Processing file /opt/airflow/dags/predict.py for tasks to queue
[2026-01-31T01:19:57.525+0000] {logging_mixin.py:188} INFO - [2026-01-31T01:19:57.525+0000] {dagbag.py:545} INFO - Filling up the DagBag from /opt/airflow/dags/predict.py
[2026-01-31T01:19:59.065+0000] {logging_mixin.py:188} WARNING - /opt/airflow/dags/predict.py:34 RemovedInAirflow3Warning: Function `days_ago` is deprecated and will be removed in Airflow 3.0. You can achieve equivalent behavior with `pendulum.today('UTC').add(days=-N, ...)`
[2026-01-31T01:19:59.067+0000] {logging_mixin.py:188} WARNING - /opt/airflow/dags/predict.py:29 RemovedInAirflow3Warning: Param `schedule_interval` is deprecated and will be removed in a future release. Please use `schedule` instead.
[2026-01-31T01:19:59.070+0000] {processor.py:840} INFO - DAG(s) 'ml_prediction_pipeline' retrieved from /opt/airflow/dags/predict.py
[2026-01-31T01:19:59.086+0000] {logging_mixin.py:188} INFO - [2026-01-31T01:19:59.085+0000] {dag.py:3096} INFO - Sync 1 DAGs
[2026-01-31T01:19:59.100+0000] {logging_mixin.py:188} INFO - [2026-01-31T01:19:59.100+0000] {dag.py:3954} INFO - Setting next_dagrun for ml_prediction_pipeline to 2026-01-30 00:00:00+00:00, run_after=2026-01-31 00:00:00+00:00
[2026-01-31T01:19:59.119+0000] {processor.py:183} INFO - Processing /opt/airflow/dags/predict.py took 1.600 seconds
[2026-01-31T01:20:29.261+0000] {processor.py:161} INFO - Started process (PID=9521) to work on /opt/airflow/dags/predict.py
[2026-01-31T01:20:29.262+0000] {processor.py:830} INFO - Processing file /opt/airflow/dags/predict.py for tasks to queue
[2026-01-31T01:20:29.263+0000] {logging_mixin.py:188} INFO - [2026-01-31T01:20:29.263+0000] {dagbag.py:545} INFO - Filling up the DagBag from /opt/airflow/dags/predict.py
[2026-01-31T01:20:30.786+0000] {logging_mixin.py:188} WARNING - /opt/airflow/dags/predict.py:34 RemovedInAirflow3Warning: Function `days_ago` is deprecated and will be removed in Airflow 3.0. You can achieve equivalent behavior with `pendulum.today('UTC').add(days=-N, ...)`
[2026-01-31T01:20:30.786+0000] {logging_mixin.py:188} WARNING - /opt/airflow/dags/predict.py:29 RemovedInAirflow3Warning: Param `schedule_interval` is deprecated and will be removed in a future release. Please use `schedule` instead.
[2026-01-31T01:20:30.790+0000] {processor.py:840} INFO - DAG(s) 'ml_prediction_pipeline' retrieved from /opt/airflow/dags/predict.py
[2026-01-31T01:20:30.806+0000] {logging_mixin.py:188} INFO - [2026-01-31T01:20:30.805+0000] {dag.py:3096} INFO - Sync 1 DAGs
[2026-01-31T01:20:30.818+0000] {logging_mixin.py:188} INFO - [2026-01-31T01:20:30.818+0000] {dag.py:3954} INFO - Setting next_dagrun for ml_prediction_pipeline to 2026-01-30 00:00:00+00:00, run_after=2026-01-31 00:00:00+00:00
[2026-01-31T01:20:30.831+0000] {processor.py:183} INFO - Processing /opt/airflow/dags/predict.py took 1.574 seconds
[2026-01-31T01:21:01.019+0000] {processor.py:161} INFO - Started process (PID=9568) to work on /opt/airflow/dags/predict.py
[2026-01-31T01:21:01.021+0000] {processor.py:830} INFO - Processing file /opt/airflow/dags/predict.py for tasks to queue
[2026-01-31T01:21:01.022+0000] {logging_mixin.py:188} INFO - [2026-01-31T01:21:01.022+0000] {dagbag.py:545} INFO - Filling up the DagBag from /opt/airflow/dags/predict.py
[2026-01-31T01:21:02.589+0000] {logging_mixin.py:188} WARNING - /opt/airflow/dags/predict.py:34 RemovedInAirflow3Warning: Function `days_ago` is deprecated and will be removed in Airflow 3.0. You can achieve equivalent behavior with `pendulum.today('UTC').add(days=-N, ...)`
[2026-01-31T01:21:02.589+0000] {logging_mixin.py:188} WARNING - /opt/airflow/dags/predict.py:29 RemovedInAirflow3Warning: Param `schedule_interval` is deprecated and will be removed in a future release. Please use `schedule` instead.
[2026-01-31T01:21:02.593+0000] {processor.py:840} INFO - DAG(s) 'ml_prediction_pipeline' retrieved from /opt/airflow/dags/predict.py
[2026-01-31T01:21:02.609+0000] {logging_mixin.py:188} INFO - [2026-01-31T01:21:02.609+0000] {dag.py:3096} INFO - Sync 1 DAGs
[2026-01-31T01:21:02.619+0000] {logging_mixin.py:188} INFO - [2026-01-31T01:21:02.619+0000] {dag.py:3954} INFO - Setting next_dagrun for ml_prediction_pipeline to 2026-01-30 00:00:00+00:00, run_after=2026-01-31 00:00:00+00:00
[2026-01-31T01:21:02.630+0000] {processor.py:183} INFO - Processing /opt/airflow/dags/predict.py took 1.615 seconds
[2026-01-31T01:21:32.698+0000] {processor.py:161} INFO - Started process (PID=9616) to work on /opt/airflow/dags/predict.py
[2026-01-31T01:21:32.699+0000] {processor.py:830} INFO - Processing file /opt/airflow/dags/predict.py for tasks to queue
[2026-01-31T01:21:32.700+0000] {logging_mixin.py:188} INFO - [2026-01-31T01:21:32.700+0000] {dagbag.py:545} INFO - Filling up the DagBag from /opt/airflow/dags/predict.py
[2026-01-31T01:21:34.255+0000] {logging_mixin.py:188} WARNING - /opt/airflow/dags/predict.py:34 RemovedInAirflow3Warning: Function `days_ago` is deprecated and will be removed in Airflow 3.0. You can achieve equivalent behavior with `pendulum.today('UTC').add(days=-N, ...)`
[2026-01-31T01:21:34.256+0000] {logging_mixin.py:188} WARNING - /opt/airflow/dags/predict.py:29 RemovedInAirflow3Warning: Param `schedule_interval` is deprecated and will be removed in a future release. Please use `schedule` instead.
[2026-01-31T01:21:34.259+0000] {processor.py:840} INFO - DAG(s) 'ml_prediction_pipeline' retrieved from /opt/airflow/dags/predict.py
[2026-01-31T01:21:34.277+0000] {logging_mixin.py:188} INFO - [2026-01-31T01:21:34.276+0000] {dag.py:3096} INFO - Sync 1 DAGs
[2026-01-31T01:21:34.288+0000] {logging_mixin.py:188} INFO - [2026-01-31T01:21:34.288+0000] {dag.py:3954} INFO - Setting next_dagrun for ml_prediction_pipeline to 2026-01-30 00:00:00+00:00, run_after=2026-01-31 00:00:00+00:00
[2026-01-31T01:21:34.299+0000] {processor.py:183} INFO - Processing /opt/airflow/dags/predict.py took 1.605 seconds
[2026-01-31T01:22:04.407+0000] {processor.py:161} INFO - Started process (PID=9663) to work on /opt/airflow/dags/predict.py
[2026-01-31T01:22:04.409+0000] {processor.py:830} INFO - Processing file /opt/airflow/dags/predict.py for tasks to queue
[2026-01-31T01:22:04.411+0000] {logging_mixin.py:188} INFO - [2026-01-31T01:22:04.410+0000] {dagbag.py:545} INFO - Filling up the DagBag from /opt/airflow/dags/predict.py
[2026-01-31T01:22:05.899+0000] {logging_mixin.py:188} WARNING - /opt/airflow/dags/predict.py:34 RemovedInAirflow3Warning: Function `days_ago` is deprecated and will be removed in Airflow 3.0. You can achieve equivalent behavior with `pendulum.today('UTC').add(days=-N, ...)`
[2026-01-31T01:22:05.900+0000] {logging_mixin.py:188} WARNING - /opt/airflow/dags/predict.py:29 RemovedInAirflow3Warning: Param `schedule_interval` is deprecated and will be removed in a future release. Please use `schedule` instead.
[2026-01-31T01:22:05.903+0000] {processor.py:840} INFO - DAG(s) 'ml_prediction_pipeline' retrieved from /opt/airflow/dags/predict.py
[2026-01-31T01:22:05.919+0000] {logging_mixin.py:188} INFO - [2026-01-31T01:22:05.919+0000] {dag.py:3096} INFO - Sync 1 DAGs
[2026-01-31T01:22:05.930+0000] {logging_mixin.py:188} INFO - [2026-01-31T01:22:05.930+0000] {dag.py:3954} INFO - Setting next_dagrun for ml_prediction_pipeline to 2026-01-30 00:00:00+00:00, run_after=2026-01-31 00:00:00+00:00
[2026-01-31T01:22:05.943+0000] {processor.py:183} INFO - Processing /opt/airflow/dags/predict.py took 1.540 seconds
[2026-01-31T01:22:36.265+0000] {processor.py:161} INFO - Started process (PID=9711) to work on /opt/airflow/dags/predict.py
[2026-01-31T01:22:36.265+0000] {processor.py:830} INFO - Processing file /opt/airflow/dags/predict.py for tasks to queue
[2026-01-31T01:22:36.267+0000] {logging_mixin.py:188} INFO - [2026-01-31T01:22:36.266+0000] {dagbag.py:545} INFO - Filling up the DagBag from /opt/airflow/dags/predict.py
[2026-01-31T01:22:38.030+0000] {logging_mixin.py:188} WARNING - /opt/airflow/dags/predict.py:34 RemovedInAirflow3Warning: Function `days_ago` is deprecated and will be removed in Airflow 3.0. You can achieve equivalent behavior with `pendulum.today('UTC').add(days=-N, ...)`
[2026-01-31T01:22:38.031+0000] {logging_mixin.py:188} WARNING - /opt/airflow/dags/predict.py:29 RemovedInAirflow3Warning: Param `schedule_interval` is deprecated and will be removed in a future release. Please use `schedule` instead.
[2026-01-31T01:22:38.034+0000] {processor.py:840} INFO - DAG(s) 'ml_prediction_pipeline' retrieved from /opt/airflow/dags/predict.py
[2026-01-31T01:22:38.051+0000] {logging_mixin.py:188} INFO - [2026-01-31T01:22:38.050+0000] {dag.py:3096} INFO - Sync 1 DAGs
[2026-01-31T01:22:38.063+0000] {logging_mixin.py:188} INFO - [2026-01-31T01:22:38.063+0000] {dag.py:3954} INFO - Setting next_dagrun for ml_prediction_pipeline to 2026-01-30 00:00:00+00:00, run_after=2026-01-31 00:00:00+00:00
[2026-01-31T01:22:38.076+0000] {processor.py:183} INFO - Processing /opt/airflow/dags/predict.py took 1.815 seconds
[2026-01-31T01:23:08.662+0000] {processor.py:161} INFO - Started process (PID=9758) to work on /opt/airflow/dags/predict.py
[2026-01-31T01:23:08.663+0000] {processor.py:830} INFO - Processing file /opt/airflow/dags/predict.py for tasks to queue
[2026-01-31T01:23:08.665+0000] {logging_mixin.py:188} INFO - [2026-01-31T01:23:08.665+0000] {dagbag.py:545} INFO - Filling up the DagBag from /opt/airflow/dags/predict.py
[2026-01-31T01:23:10.337+0000] {logging_mixin.py:188} WARNING - /opt/airflow/dags/predict.py:34 RemovedInAirflow3Warning: Function `days_ago` is deprecated and will be removed in Airflow 3.0. You can achieve equivalent behavior with `pendulum.today('UTC').add(days=-N, ...)`
[2026-01-31T01:23:10.338+0000] {logging_mixin.py:188} WARNING - /opt/airflow/dags/predict.py:29 RemovedInAirflow3Warning: Param `schedule_interval` is deprecated and will be removed in a future release. Please use `schedule` instead.
[2026-01-31T01:23:10.341+0000] {processor.py:840} INFO - DAG(s) 'ml_prediction_pipeline' retrieved from /opt/airflow/dags/predict.py
[2026-01-31T01:23:10.357+0000] {logging_mixin.py:188} INFO - [2026-01-31T01:23:10.356+0000] {dag.py:3096} INFO - Sync 1 DAGs
[2026-01-31T01:23:10.368+0000] {logging_mixin.py:188} INFO - [2026-01-31T01:23:10.368+0000] {dag.py:3954} INFO - Setting next_dagrun for ml_prediction_pipeline to 2026-01-30 00:00:00+00:00, run_after=2026-01-31 00:00:00+00:00
[2026-01-31T01:23:10.379+0000] {processor.py:183} INFO - Processing /opt/airflow/dags/predict.py took 1.720 seconds
[2026-01-31T01:23:41.199+0000] {processor.py:161} INFO - Started process (PID=9805) to work on /opt/airflow/dags/predict.py
[2026-01-31T01:23:41.200+0000] {processor.py:830} INFO - Processing file /opt/airflow/dags/predict.py for tasks to queue
[2026-01-31T01:23:41.201+0000] {logging_mixin.py:188} INFO - [2026-01-31T01:23:41.201+0000] {dagbag.py:545} INFO - Filling up the DagBag from /opt/airflow/dags/predict.py
[2026-01-31T01:23:42.820+0000] {logging_mixin.py:188} WARNING - /opt/airflow/dags/predict.py:34 RemovedInAirflow3Warning: Function `days_ago` is deprecated and will be removed in Airflow 3.0. You can achieve equivalent behavior with `pendulum.today('UTC').add(days=-N, ...)`
[2026-01-31T01:23:42.820+0000] {logging_mixin.py:188} WARNING - /opt/airflow/dags/predict.py:29 RemovedInAirflow3Warning: Param `schedule_interval` is deprecated and will be removed in a future release. Please use `schedule` instead.
[2026-01-31T01:23:42.823+0000] {processor.py:840} INFO - DAG(s) 'ml_prediction_pipeline' retrieved from /opt/airflow/dags/predict.py
[2026-01-31T01:23:42.839+0000] {logging_mixin.py:188} INFO - [2026-01-31T01:23:42.839+0000] {dag.py:3096} INFO - Sync 1 DAGs
[2026-01-31T01:23:42.852+0000] {logging_mixin.py:188} INFO - [2026-01-31T01:23:42.852+0000] {dag.py:3954} INFO - Setting next_dagrun for ml_prediction_pipeline to 2026-01-30 00:00:00+00:00, run_after=2026-01-31 00:00:00+00:00
[2026-01-31T01:23:42.865+0000] {processor.py:183} INFO - Processing /opt/airflow/dags/predict.py took 1.670 seconds
[2026-01-31T01:24:13.551+0000] {processor.py:161} INFO - Started process (PID=9846) to work on /opt/airflow/dags/predict.py
[2026-01-31T01:24:13.554+0000] {processor.py:830} INFO - Processing file /opt/airflow/dags/predict.py for tasks to queue
[2026-01-31T01:24:13.556+0000] {logging_mixin.py:188} INFO - [2026-01-31T01:24:13.556+0000] {dagbag.py:545} INFO - Filling up the DagBag from /opt/airflow/dags/predict.py
[2026-01-31T01:24:15.296+0000] {logging_mixin.py:188} WARNING - /opt/airflow/dags/predict.py:34 RemovedInAirflow3Warning: Function `days_ago` is deprecated and will be removed in Airflow 3.0. You can achieve equivalent behavior with `pendulum.today('UTC').add(days=-N, ...)`
[2026-01-31T01:24:15.297+0000] {logging_mixin.py:188} WARNING - /opt/airflow/dags/predict.py:29 RemovedInAirflow3Warning: Param `schedule_interval` is deprecated and will be removed in a future release. Please use `schedule` instead.
[2026-01-31T01:24:15.303+0000] {processor.py:840} INFO - DAG(s) 'ml_prediction_pipeline' retrieved from /opt/airflow/dags/predict.py
[2026-01-31T01:24:15.324+0000] {logging_mixin.py:188} INFO - [2026-01-31T01:24:15.323+0000] {dag.py:3096} INFO - Sync 1 DAGs
[2026-01-31T01:24:15.341+0000] {logging_mixin.py:188} INFO - [2026-01-31T01:24:15.340+0000] {dag.py:3954} INFO - Setting next_dagrun for ml_prediction_pipeline to 2026-01-30 00:00:00+00:00, run_after=2026-01-31 00:00:00+00:00
[2026-01-31T01:24:15.360+0000] {processor.py:183} INFO - Processing /opt/airflow/dags/predict.py took 1.812 seconds
[2026-01-31T01:24:45.593+0000] {processor.py:161} INFO - Started process (PID=9893) to work on /opt/airflow/dags/predict.py
[2026-01-31T01:24:45.593+0000] {processor.py:830} INFO - Processing file /opt/airflow/dags/predict.py for tasks to queue
[2026-01-31T01:24:45.595+0000] {logging_mixin.py:188} INFO - [2026-01-31T01:24:45.594+0000] {dagbag.py:545} INFO - Filling up the DagBag from /opt/airflow/dags/predict.py
[2026-01-31T01:24:47.120+0000] {logging_mixin.py:188} WARNING - /opt/airflow/dags/predict.py:34 RemovedInAirflow3Warning: Function `days_ago` is deprecated and will be removed in Airflow 3.0. You can achieve equivalent behavior with `pendulum.today('UTC').add(days=-N, ...)`
[2026-01-31T01:24:47.121+0000] {logging_mixin.py:188} WARNING - /opt/airflow/dags/predict.py:29 RemovedInAirflow3Warning: Param `schedule_interval` is deprecated and will be removed in a future release. Please use `schedule` instead.
[2026-01-31T01:24:47.124+0000] {processor.py:840} INFO - DAG(s) 'ml_prediction_pipeline' retrieved from /opt/airflow/dags/predict.py
[2026-01-31T01:24:47.140+0000] {logging_mixin.py:188} INFO - [2026-01-31T01:24:47.139+0000] {dag.py:3096} INFO - Sync 1 DAGs
[2026-01-31T01:24:47.152+0000] {logging_mixin.py:188} INFO - [2026-01-31T01:24:47.152+0000] {dag.py:3954} INFO - Setting next_dagrun for ml_prediction_pipeline to 2026-01-30 00:00:00+00:00, run_after=2026-01-31 00:00:00+00:00
[2026-01-31T01:24:47.163+0000] {processor.py:183} INFO - Processing /opt/airflow/dags/predict.py took 1.574 seconds
[2026-01-31T01:25:17.531+0000] {processor.py:161} INFO - Started process (PID=9940) to work on /opt/airflow/dags/predict.py
[2026-01-31T01:25:17.533+0000] {processor.py:830} INFO - Processing file /opt/airflow/dags/predict.py for tasks to queue
[2026-01-31T01:25:17.534+0000] {logging_mixin.py:188} INFO - [2026-01-31T01:25:17.534+0000] {dagbag.py:545} INFO - Filling up the DagBag from /opt/airflow/dags/predict.py
[2026-01-31T01:25:19.071+0000] {logging_mixin.py:188} WARNING - /opt/airflow/dags/predict.py:34 RemovedInAirflow3Warning: Function `days_ago` is deprecated and will be removed in Airflow 3.0. You can achieve equivalent behavior with `pendulum.today('UTC').add(days=-N, ...)`
[2026-01-31T01:25:19.071+0000] {logging_mixin.py:188} WARNING - /opt/airflow/dags/predict.py:29 RemovedInAirflow3Warning: Param `schedule_interval` is deprecated and will be removed in a future release. Please use `schedule` instead.
[2026-01-31T01:25:19.074+0000] {processor.py:840} INFO - DAG(s) 'ml_prediction_pipeline' retrieved from /opt/airflow/dags/predict.py
[2026-01-31T01:25:19.089+0000] {logging_mixin.py:188} INFO - [2026-01-31T01:25:19.089+0000] {dag.py:3096} INFO - Sync 1 DAGs
[2026-01-31T01:25:19.100+0000] {logging_mixin.py:188} INFO - [2026-01-31T01:25:19.100+0000] {dag.py:3954} INFO - Setting next_dagrun for ml_prediction_pipeline to 2026-01-30 00:00:00+00:00, run_after=2026-01-31 00:00:00+00:00
[2026-01-31T01:25:19.111+0000] {processor.py:183} INFO - Processing /opt/airflow/dags/predict.py took 1.585 seconds
[2026-01-31T01:25:49.339+0000] {processor.py:161} INFO - Started process (PID=9987) to work on /opt/airflow/dags/predict.py
[2026-01-31T01:25:49.339+0000] {processor.py:830} INFO - Processing file /opt/airflow/dags/predict.py for tasks to queue
[2026-01-31T01:25:49.340+0000] {logging_mixin.py:188} INFO - [2026-01-31T01:25:49.340+0000] {dagbag.py:545} INFO - Filling up the DagBag from /opt/airflow/dags/predict.py
[2026-01-31T01:25:50.928+0000] {logging_mixin.py:188} WARNING - /opt/airflow/dags/predict.py:34 RemovedInAirflow3Warning: Function `days_ago` is deprecated and will be removed in Airflow 3.0. You can achieve equivalent behavior with `pendulum.today('UTC').add(days=-N, ...)`
[2026-01-31T01:25:50.929+0000] {logging_mixin.py:188} WARNING - /opt/airflow/dags/predict.py:29 RemovedInAirflow3Warning: Param `schedule_interval` is deprecated and will be removed in a future release. Please use `schedule` instead.
[2026-01-31T01:25:50.932+0000] {processor.py:840} INFO - DAG(s) 'ml_prediction_pipeline' retrieved from /opt/airflow/dags/predict.py
[2026-01-31T01:25:50.947+0000] {logging_mixin.py:188} INFO - [2026-01-31T01:25:50.947+0000] {dag.py:3096} INFO - Sync 1 DAGs
[2026-01-31T01:25:50.959+0000] {logging_mixin.py:188} INFO - [2026-01-31T01:25:50.959+0000] {dag.py:3954} INFO - Setting next_dagrun for ml_prediction_pipeline to 2026-01-30 00:00:00+00:00, run_after=2026-01-31 00:00:00+00:00
[2026-01-31T01:25:50.970+0000] {processor.py:183} INFO - Processing /opt/airflow/dags/predict.py took 1.635 seconds
[2026-01-31T01:26:21.048+0000] {processor.py:161} INFO - Started process (PID=10034) to work on /opt/airflow/dags/predict.py
[2026-01-31T01:26:21.051+0000] {processor.py:830} INFO - Processing file /opt/airflow/dags/predict.py for tasks to queue
[2026-01-31T01:26:21.053+0000] {logging_mixin.py:188} INFO - [2026-01-31T01:26:21.052+0000] {dagbag.py:545} INFO - Filling up the DagBag from /opt/airflow/dags/predict.py
[2026-01-31T01:26:22.772+0000] {logging_mixin.py:188} WARNING - /opt/airflow/dags/predict.py:34 RemovedInAirflow3Warning: Function `days_ago` is deprecated and will be removed in Airflow 3.0. You can achieve equivalent behavior with `pendulum.today('UTC').add(days=-N, ...)`
[2026-01-31T01:26:22.772+0000] {logging_mixin.py:188} WARNING - /opt/airflow/dags/predict.py:29 RemovedInAirflow3Warning: Param `schedule_interval` is deprecated and will be removed in a future release. Please use `schedule` instead.
[2026-01-31T01:26:22.776+0000] {processor.py:840} INFO - DAG(s) 'ml_prediction_pipeline' retrieved from /opt/airflow/dags/predict.py
[2026-01-31T01:26:22.790+0000] {logging_mixin.py:188} INFO - [2026-01-31T01:26:22.789+0000] {dag.py:3096} INFO - Sync 1 DAGs
[2026-01-31T01:26:22.802+0000] {logging_mixin.py:188} INFO - [2026-01-31T01:26:22.801+0000] {dag.py:3954} INFO - Setting next_dagrun for ml_prediction_pipeline to 2026-01-30 00:00:00+00:00, run_after=2026-01-31 00:00:00+00:00
[2026-01-31T01:26:22.812+0000] {processor.py:183} INFO - Processing /opt/airflow/dags/predict.py took 1.769 seconds
[2026-01-31T01:26:53.493+0000] {processor.py:161} INFO - Started process (PID=10081) to work on /opt/airflow/dags/predict.py
[2026-01-31T01:26:53.493+0000] {processor.py:830} INFO - Processing file /opt/airflow/dags/predict.py for tasks to queue
[2026-01-31T01:26:53.495+0000] {logging_mixin.py:188} INFO - [2026-01-31T01:26:53.494+0000] {dagbag.py:545} INFO - Filling up the DagBag from /opt/airflow/dags/predict.py
[2026-01-31T01:26:55.062+0000] {logging_mixin.py:188} WARNING - /opt/airflow/dags/predict.py:34 RemovedInAirflow3Warning: Function `days_ago` is deprecated and will be removed in Airflow 3.0. You can achieve equivalent behavior with `pendulum.today('UTC').add(days=-N, ...)`
[2026-01-31T01:26:55.063+0000] {logging_mixin.py:188} WARNING - /opt/airflow/dags/predict.py:29 RemovedInAirflow3Warning: Param `schedule_interval` is deprecated and will be removed in a future release. Please use `schedule` instead.
[2026-01-31T01:26:55.068+0000] {processor.py:840} INFO - DAG(s) 'ml_prediction_pipeline' retrieved from /opt/airflow/dags/predict.py
[2026-01-31T01:26:55.086+0000] {logging_mixin.py:188} INFO - [2026-01-31T01:26:55.086+0000] {dag.py:3096} INFO - Sync 1 DAGs
[2026-01-31T01:26:55.102+0000] {logging_mixin.py:188} INFO - [2026-01-31T01:26:55.102+0000] {dag.py:3954} INFO - Setting next_dagrun for ml_prediction_pipeline to 2026-01-30 00:00:00+00:00, run_after=2026-01-31 00:00:00+00:00
[2026-01-31T01:26:55.117+0000] {processor.py:183} INFO - Processing /opt/airflow/dags/predict.py took 1.629 seconds
[2026-01-31T01:27:25.180+0000] {processor.py:161} INFO - Started process (PID=10128) to work on /opt/airflow/dags/predict.py
[2026-01-31T01:27:25.182+0000] {processor.py:830} INFO - Processing file /opt/airflow/dags/predict.py for tasks to queue
[2026-01-31T01:27:25.183+0000] {logging_mixin.py:188} INFO - [2026-01-31T01:27:25.183+0000] {dagbag.py:545} INFO - Filling up the DagBag from /opt/airflow/dags/predict.py
[2026-01-31T01:27:26.690+0000] {logging_mixin.py:188} WARNING - /opt/airflow/dags/predict.py:34 RemovedInAirflow3Warning: Function `days_ago` is deprecated and will be removed in Airflow 3.0. You can achieve equivalent behavior with `pendulum.today('UTC').add(days=-N, ...)`
[2026-01-31T01:27:26.690+0000] {logging_mixin.py:188} WARNING - /opt/airflow/dags/predict.py:29 RemovedInAirflow3Warning: Param `schedule_interval` is deprecated and will be removed in a future release. Please use `schedule` instead.
[2026-01-31T01:27:26.693+0000] {processor.py:840} INFO - DAG(s) 'ml_prediction_pipeline' retrieved from /opt/airflow/dags/predict.py
[2026-01-31T01:27:26.710+0000] {logging_mixin.py:188} INFO - [2026-01-31T01:27:26.709+0000] {dag.py:3096} INFO - Sync 1 DAGs
[2026-01-31T01:27:26.721+0000] {logging_mixin.py:188} INFO - [2026-01-31T01:27:26.721+0000] {dag.py:3954} INFO - Setting next_dagrun for ml_prediction_pipeline to 2026-01-30 00:00:00+00:00, run_after=2026-01-31 00:00:00+00:00
[2026-01-31T01:27:26.732+0000] {processor.py:183} INFO - Processing /opt/airflow/dags/predict.py took 1.556 seconds
[2026-01-31T01:27:57.148+0000] {processor.py:161} INFO - Started process (PID=10175) to work on /opt/airflow/dags/predict.py
[2026-01-31T01:27:57.148+0000] {processor.py:830} INFO - Processing file /opt/airflow/dags/predict.py for tasks to queue
[2026-01-31T01:27:57.150+0000] {logging_mixin.py:188} INFO - [2026-01-31T01:27:57.149+0000] {dagbag.py:545} INFO - Filling up the DagBag from /opt/airflow/dags/predict.py
[2026-01-31T01:27:58.851+0000] {logging_mixin.py:188} WARNING - /opt/airflow/dags/predict.py:34 RemovedInAirflow3Warning: Function `days_ago` is deprecated and will be removed in Airflow 3.0. You can achieve equivalent behavior with `pendulum.today('UTC').add(days=-N, ...)`
[2026-01-31T01:27:58.854+0000] {logging_mixin.py:188} WARNING - /opt/airflow/dags/predict.py:29 RemovedInAirflow3Warning: Param `schedule_interval` is deprecated and will be removed in a future release. Please use `schedule` instead.
[2026-01-31T01:27:58.858+0000] {processor.py:840} INFO - DAG(s) 'ml_prediction_pipeline' retrieved from /opt/airflow/dags/predict.py
[2026-01-31T01:27:58.873+0000] {logging_mixin.py:188} INFO - [2026-01-31T01:27:58.873+0000] {dag.py:3096} INFO - Sync 1 DAGs
[2026-01-31T01:27:58.884+0000] {logging_mixin.py:188} INFO - [2026-01-31T01:27:58.884+0000] {dag.py:3954} INFO - Setting next_dagrun for ml_prediction_pipeline to 2026-01-30 00:00:00+00:00, run_after=2026-01-31 00:00:00+00:00
[2026-01-31T01:27:58.898+0000] {processor.py:183} INFO - Processing /opt/airflow/dags/predict.py took 1.754 seconds
[2026-01-31T01:28:29.782+0000] {processor.py:161} INFO - Started process (PID=10222) to work on /opt/airflow/dags/predict.py
[2026-01-31T01:28:29.782+0000] {processor.py:830} INFO - Processing file /opt/airflow/dags/predict.py for tasks to queue
[2026-01-31T01:28:29.784+0000] {logging_mixin.py:188} INFO - [2026-01-31T01:28:29.784+0000] {dagbag.py:545} INFO - Filling up the DagBag from /opt/airflow/dags/predict.py
[2026-01-31T01:28:31.741+0000] {logging_mixin.py:188} WARNING - /opt/airflow/dags/predict.py:34 RemovedInAirflow3Warning: Function `days_ago` is deprecated and will be removed in Airflow 3.0. You can achieve equivalent behavior with `pendulum.today('UTC').add(days=-N, ...)`
[2026-01-31T01:28:31.742+0000] {logging_mixin.py:188} WARNING - /opt/airflow/dags/predict.py:29 RemovedInAirflow3Warning: Param `schedule_interval` is deprecated and will be removed in a future release. Please use `schedule` instead.
[2026-01-31T01:28:31.745+0000] {processor.py:840} INFO - DAG(s) 'ml_prediction_pipeline' retrieved from /opt/airflow/dags/predict.py
[2026-01-31T01:28:31.762+0000] {logging_mixin.py:188} INFO - [2026-01-31T01:28:31.762+0000] {dag.py:3096} INFO - Sync 1 DAGs
[2026-01-31T01:28:31.775+0000] {logging_mixin.py:188} INFO - [2026-01-31T01:28:31.775+0000] {dag.py:3954} INFO - Setting next_dagrun for ml_prediction_pipeline to 2026-01-30 00:00:00+00:00, run_after=2026-01-31 00:00:00+00:00
[2026-01-31T01:28:31.789+0000] {processor.py:183} INFO - Processing /opt/airflow/dags/predict.py took 2.012 seconds
[2026-01-31T01:29:02.101+0000] {processor.py:161} INFO - Started process (PID=10269) to work on /opt/airflow/dags/predict.py
[2026-01-31T01:29:02.104+0000] {processor.py:830} INFO - Processing file /opt/airflow/dags/predict.py for tasks to queue
[2026-01-31T01:29:02.105+0000] {logging_mixin.py:188} INFO - [2026-01-31T01:29:02.105+0000] {dagbag.py:545} INFO - Filling up the DagBag from /opt/airflow/dags/predict.py
[2026-01-31T01:29:03.858+0000] {logging_mixin.py:188} WARNING - /opt/airflow/dags/predict.py:34 RemovedInAirflow3Warning: Function `days_ago` is deprecated and will be removed in Airflow 3.0. You can achieve equivalent behavior with `pendulum.today('UTC').add(days=-N, ...)`
[2026-01-31T01:29:03.859+0000] {logging_mixin.py:188} WARNING - /opt/airflow/dags/predict.py:29 RemovedInAirflow3Warning: Param `schedule_interval` is deprecated and will be removed in a future release. Please use `schedule` instead.
[2026-01-31T01:29:03.862+0000] {processor.py:840} INFO - DAG(s) 'ml_prediction_pipeline' retrieved from /opt/airflow/dags/predict.py
[2026-01-31T01:29:03.878+0000] {logging_mixin.py:188} INFO - [2026-01-31T01:29:03.878+0000] {dag.py:3096} INFO - Sync 1 DAGs
[2026-01-31T01:29:03.891+0000] {logging_mixin.py:188} INFO - [2026-01-31T01:29:03.891+0000] {dag.py:3954} INFO - Setting next_dagrun for ml_prediction_pipeline to 2026-01-30 00:00:00+00:00, run_after=2026-01-31 00:00:00+00:00
[2026-01-31T01:29:03.903+0000] {processor.py:183} INFO - Processing /opt/airflow/dags/predict.py took 1.807 seconds
[2026-01-31T01:29:34.122+0000] {processor.py:161} INFO - Started process (PID=10316) to work on /opt/airflow/dags/predict.py
[2026-01-31T01:29:34.122+0000] {processor.py:830} INFO - Processing file /opt/airflow/dags/predict.py for tasks to queue
[2026-01-31T01:29:34.124+0000] {logging_mixin.py:188} INFO - [2026-01-31T01:29:34.123+0000] {dagbag.py:545} INFO - Filling up the DagBag from /opt/airflow/dags/predict.py
[2026-01-31T01:29:36.090+0000] {logging_mixin.py:188} WARNING - /opt/airflow/dags/predict.py:34 RemovedInAirflow3Warning: Function `days_ago` is deprecated and will be removed in Airflow 3.0. You can achieve equivalent behavior with `pendulum.today('UTC').add(days=-N, ...)`
[2026-01-31T01:29:36.091+0000] {logging_mixin.py:188} WARNING - /opt/airflow/dags/predict.py:29 RemovedInAirflow3Warning: Param `schedule_interval` is deprecated and will be removed in a future release. Please use `schedule` instead.
[2026-01-31T01:29:36.095+0000] {processor.py:840} INFO - DAG(s) 'ml_prediction_pipeline' retrieved from /opt/airflow/dags/predict.py
[2026-01-31T01:29:36.114+0000] {logging_mixin.py:188} INFO - [2026-01-31T01:29:36.114+0000] {dag.py:3096} INFO - Sync 1 DAGs
[2026-01-31T01:29:36.130+0000] {logging_mixin.py:188} INFO - [2026-01-31T01:29:36.130+0000] {dag.py:3954} INFO - Setting next_dagrun for ml_prediction_pipeline to 2026-01-30 00:00:00+00:00, run_after=2026-01-31 00:00:00+00:00
[2026-01-31T01:29:36.146+0000] {processor.py:183} INFO - Processing /opt/airflow/dags/predict.py took 2.029 seconds
[2026-01-31T01:30:06.184+0000] {processor.py:161} INFO - Started process (PID=10363) to work on /opt/airflow/dags/predict.py
[2026-01-31T01:30:06.186+0000] {processor.py:830} INFO - Processing file /opt/airflow/dags/predict.py for tasks to queue
[2026-01-31T01:30:06.188+0000] {logging_mixin.py:188} INFO - [2026-01-31T01:30:06.188+0000] {dagbag.py:545} INFO - Filling up the DagBag from /opt/airflow/dags/predict.py
[2026-01-31T01:30:07.909+0000] {logging_mixin.py:188} WARNING - /opt/airflow/dags/predict.py:34 RemovedInAirflow3Warning: Function `days_ago` is deprecated and will be removed in Airflow 3.0. You can achieve equivalent behavior with `pendulum.today('UTC').add(days=-N, ...)`
[2026-01-31T01:30:07.910+0000] {logging_mixin.py:188} WARNING - /opt/airflow/dags/predict.py:29 RemovedInAirflow3Warning: Param `schedule_interval` is deprecated and will be removed in a future release. Please use `schedule` instead.
[2026-01-31T01:30:07.914+0000] {processor.py:840} INFO - DAG(s) 'ml_prediction_pipeline' retrieved from /opt/airflow/dags/predict.py
[2026-01-31T01:30:07.933+0000] {logging_mixin.py:188} INFO - [2026-01-31T01:30:07.933+0000] {dag.py:3096} INFO - Sync 1 DAGs
[2026-01-31T01:30:07.948+0000] {logging_mixin.py:188} INFO - [2026-01-31T01:30:07.948+0000] {dag.py:3954} INFO - Setting next_dagrun for ml_prediction_pipeline to 2026-01-30 00:00:00+00:00, run_after=2026-01-31 00:00:00+00:00
[2026-01-31T01:30:07.964+0000] {processor.py:183} INFO - Processing /opt/airflow/dags/predict.py took 1.785 seconds
[2026-01-31T01:30:38.556+0000] {processor.py:161} INFO - Started process (PID=10410) to work on /opt/airflow/dags/predict.py
[2026-01-31T01:30:38.557+0000] {processor.py:830} INFO - Processing file /opt/airflow/dags/predict.py for tasks to queue
[2026-01-31T01:30:38.559+0000] {logging_mixin.py:188} INFO - [2026-01-31T01:30:38.559+0000] {dagbag.py:545} INFO - Filling up the DagBag from /opt/airflow/dags/predict.py
[2026-01-31T01:30:40.840+0000] {logging_mixin.py:188} WARNING - /opt/airflow/dags/predict.py:34 RemovedInAirflow3Warning: Function `days_ago` is deprecated and will be removed in Airflow 3.0. You can achieve equivalent behavior with `pendulum.today('UTC').add(days=-N, ...)`
[2026-01-31T01:30:40.841+0000] {logging_mixin.py:188} WARNING - /opt/airflow/dags/predict.py:29 RemovedInAirflow3Warning: Param `schedule_interval` is deprecated and will be removed in a future release. Please use `schedule` instead.
[2026-01-31T01:30:40.849+0000] {processor.py:840} INFO - DAG(s) 'ml_prediction_pipeline' retrieved from /opt/airflow/dags/predict.py
[2026-01-31T01:30:40.879+0000] {logging_mixin.py:188} INFO - [2026-01-31T01:30:40.878+0000] {dag.py:3096} INFO - Sync 1 DAGs
[2026-01-31T01:30:40.899+0000] {logging_mixin.py:188} INFO - [2026-01-31T01:30:40.899+0000] {dag.py:3954} INFO - Setting next_dagrun for ml_prediction_pipeline to 2026-01-30 00:00:00+00:00, run_after=2026-01-31 00:00:00+00:00
[2026-01-31T01:30:40.920+0000] {processor.py:183} INFO - Processing /opt/airflow/dags/predict.py took 2.376 seconds
[2026-01-31T01:31:11.911+0000] {processor.py:161} INFO - Started process (PID=10457) to work on /opt/airflow/dags/predict.py
[2026-01-31T01:31:11.912+0000] {processor.py:830} INFO - Processing file /opt/airflow/dags/predict.py for tasks to queue
[2026-01-31T01:31:11.914+0000] {logging_mixin.py:188} INFO - [2026-01-31T01:31:11.913+0000] {dagbag.py:545} INFO - Filling up the DagBag from /opt/airflow/dags/predict.py
[2026-01-31T01:31:14.065+0000] {logging_mixin.py:188} WARNING - /opt/airflow/dags/predict.py:34 RemovedInAirflow3Warning: Function `days_ago` is deprecated and will be removed in Airflow 3.0. You can achieve equivalent behavior with `pendulum.today('UTC').add(days=-N, ...)`
[2026-01-31T01:31:14.066+0000] {logging_mixin.py:188} WARNING - /opt/airflow/dags/predict.py:29 RemovedInAirflow3Warning: Param `schedule_interval` is deprecated and will be removed in a future release. Please use `schedule` instead.
[2026-01-31T01:31:14.070+0000] {processor.py:840} INFO - DAG(s) 'ml_prediction_pipeline' retrieved from /opt/airflow/dags/predict.py
[2026-01-31T01:31:14.090+0000] {logging_mixin.py:188} INFO - [2026-01-31T01:31:14.090+0000] {dag.py:3096} INFO - Sync 1 DAGs
[2026-01-31T01:31:14.106+0000] {logging_mixin.py:188} INFO - [2026-01-31T01:31:14.106+0000] {dag.py:3954} INFO - Setting next_dagrun for ml_prediction_pipeline to 2026-01-30 00:00:00+00:00, run_after=2026-01-31 00:00:00+00:00
[2026-01-31T01:31:14.123+0000] {processor.py:183} INFO - Processing /opt/airflow/dags/predict.py took 2.217 seconds
[2026-01-31T01:31:44.258+0000] {processor.py:161} INFO - Started process (PID=10504) to work on /opt/airflow/dags/predict.py
[2026-01-31T01:31:44.258+0000] {processor.py:830} INFO - Processing file /opt/airflow/dags/predict.py for tasks to queue
[2026-01-31T01:31:44.260+0000] {logging_mixin.py:188} INFO - [2026-01-31T01:31:44.260+0000] {dagbag.py:545} INFO - Filling up the DagBag from /opt/airflow/dags/predict.py
[2026-01-31T01:31:46.041+0000] {logging_mixin.py:188} WARNING - /opt/airflow/dags/predict.py:34 RemovedInAirflow3Warning: Function `days_ago` is deprecated and will be removed in Airflow 3.0. You can achieve equivalent behavior with `pendulum.today('UTC').add(days=-N, ...)`
[2026-01-31T01:31:46.042+0000] {logging_mixin.py:188} WARNING - /opt/airflow/dags/predict.py:29 RemovedInAirflow3Warning: Param `schedule_interval` is deprecated and will be removed in a future release. Please use `schedule` instead.
[2026-01-31T01:31:46.045+0000] {processor.py:840} INFO - DAG(s) 'ml_prediction_pipeline' retrieved from /opt/airflow/dags/predict.py
[2026-01-31T01:31:46.060+0000] {logging_mixin.py:188} INFO - [2026-01-31T01:31:46.059+0000] {dag.py:3096} INFO - Sync 1 DAGs
[2026-01-31T01:31:46.071+0000] {logging_mixin.py:188} INFO - [2026-01-31T01:31:46.070+0000] {dag.py:3954} INFO - Setting next_dagrun for ml_prediction_pipeline to 2026-01-30 00:00:00+00:00, run_after=2026-01-31 00:00:00+00:00
[2026-01-31T01:31:46.082+0000] {processor.py:183} INFO - Processing /opt/airflow/dags/predict.py took 1.829 seconds
[2026-01-31T01:32:16.355+0000] {processor.py:161} INFO - Started process (PID=10551) to work on /opt/airflow/dags/predict.py
[2026-01-31T01:32:16.357+0000] {processor.py:830} INFO - Processing file /opt/airflow/dags/predict.py for tasks to queue
[2026-01-31T01:32:16.358+0000] {logging_mixin.py:188} INFO - [2026-01-31T01:32:16.358+0000] {dagbag.py:545} INFO - Filling up the DagBag from /opt/airflow/dags/predict.py
[2026-01-31T01:32:17.889+0000] {logging_mixin.py:188} WARNING - /opt/airflow/dags/predict.py:34 RemovedInAirflow3Warning: Function `days_ago` is deprecated and will be removed in Airflow 3.0. You can achieve equivalent behavior with `pendulum.today('UTC').add(days=-N, ...)`
[2026-01-31T01:32:17.890+0000] {logging_mixin.py:188} WARNING - /opt/airflow/dags/predict.py:29 RemovedInAirflow3Warning: Param `schedule_interval` is deprecated and will be removed in a future release. Please use `schedule` instead.
[2026-01-31T01:32:17.893+0000] {processor.py:840} INFO - DAG(s) 'ml_prediction_pipeline' retrieved from /opt/airflow/dags/predict.py
[2026-01-31T01:32:17.908+0000] {logging_mixin.py:188} INFO - [2026-01-31T01:32:17.908+0000] {dag.py:3096} INFO - Sync 1 DAGs
[2026-01-31T01:32:17.921+0000] {logging_mixin.py:188} INFO - [2026-01-31T01:32:17.921+0000] {dag.py:3954} INFO - Setting next_dagrun for ml_prediction_pipeline to 2026-01-30 00:00:00+00:00, run_after=2026-01-31 00:00:00+00:00
[2026-01-31T01:32:17.933+0000] {processor.py:183} INFO - Processing /opt/airflow/dags/predict.py took 1.582 seconds
[2026-01-31T01:32:48.202+0000] {processor.py:161} INFO - Started process (PID=10596) to work on /opt/airflow/dags/predict.py
[2026-01-31T01:32:48.203+0000] {processor.py:830} INFO - Processing file /opt/airflow/dags/predict.py for tasks to queue
[2026-01-31T01:32:48.204+0000] {logging_mixin.py:188} INFO - [2026-01-31T01:32:48.204+0000] {dagbag.py:545} INFO - Filling up the DagBag from /opt/airflow/dags/predict.py
[2026-01-31T01:32:49.718+0000] {logging_mixin.py:188} WARNING - /opt/airflow/dags/predict.py:34 RemovedInAirflow3Warning: Function `days_ago` is deprecated and will be removed in Airflow 3.0. You can achieve equivalent behavior with `pendulum.today('UTC').add(days=-N, ...)`
[2026-01-31T01:32:49.719+0000] {logging_mixin.py:188} WARNING - /opt/airflow/dags/predict.py:29 RemovedInAirflow3Warning: Param `schedule_interval` is deprecated and will be removed in a future release. Please use `schedule` instead.
[2026-01-31T01:32:49.722+0000] {processor.py:840} INFO - DAG(s) 'ml_prediction_pipeline' retrieved from /opt/airflow/dags/predict.py
[2026-01-31T01:32:49.738+0000] {logging_mixin.py:188} INFO - [2026-01-31T01:32:49.738+0000] {dag.py:3096} INFO - Sync 1 DAGs
[2026-01-31T01:32:49.751+0000] {logging_mixin.py:188} INFO - [2026-01-31T01:32:49.750+0000] {dag.py:3954} INFO - Setting next_dagrun for ml_prediction_pipeline to 2026-01-30 00:00:00+00:00, run_after=2026-01-31 00:00:00+00:00
[2026-01-31T01:32:49.762+0000] {processor.py:183} INFO - Processing /opt/airflow/dags/predict.py took 1.563 seconds
[2026-01-31T01:33:19.970+0000] {processor.py:161} INFO - Started process (PID=10640) to work on /opt/airflow/dags/predict.py
[2026-01-31T01:33:19.973+0000] {processor.py:830} INFO - Processing file /opt/airflow/dags/predict.py for tasks to queue
[2026-01-31T01:33:19.975+0000] {logging_mixin.py:188} INFO - [2026-01-31T01:33:19.975+0000] {dagbag.py:545} INFO - Filling up the DagBag from /opt/airflow/dags/predict.py
[2026-01-31T01:33:21.784+0000] {logging_mixin.py:188} WARNING - /opt/airflow/dags/predict.py:34 RemovedInAirflow3Warning: Function `days_ago` is deprecated and will be removed in Airflow 3.0. You can achieve equivalent behavior with `pendulum.today('UTC').add(days=-N, ...)`
[2026-01-31T01:33:21.785+0000] {logging_mixin.py:188} WARNING - /opt/airflow/dags/predict.py:29 RemovedInAirflow3Warning: Param `schedule_interval` is deprecated and will be removed in a future release. Please use `schedule` instead.
[2026-01-31T01:33:21.789+0000] {processor.py:840} INFO - DAG(s) 'ml_prediction_pipeline' retrieved from /opt/airflow/dags/predict.py
[2026-01-31T01:33:21.808+0000] {logging_mixin.py:188} INFO - [2026-01-31T01:33:21.807+0000] {dag.py:3096} INFO - Sync 1 DAGs
[2026-01-31T01:33:21.818+0000] {logging_mixin.py:188} INFO - [2026-01-31T01:33:21.818+0000] {dag.py:3954} INFO - Setting next_dagrun for ml_prediction_pipeline to 2026-01-30 00:00:00+00:00, run_after=2026-01-31 00:00:00+00:00
[2026-01-31T01:33:21.829+0000] {processor.py:183} INFO - Processing /opt/airflow/dags/predict.py took 1.874 seconds
[2026-01-31T01:33:52.417+0000] {processor.py:161} INFO - Started process (PID=10675) to work on /opt/airflow/dags/predict.py
[2026-01-31T01:33:52.419+0000] {processor.py:830} INFO - Processing file /opt/airflow/dags/predict.py for tasks to queue
[2026-01-31T01:33:52.420+0000] {logging_mixin.py:188} INFO - [2026-01-31T01:33:52.420+0000] {dagbag.py:545} INFO - Filling up the DagBag from /opt/airflow/dags/predict.py
[2026-01-31T01:33:54.180+0000] {logging_mixin.py:188} WARNING - /opt/airflow/dags/predict.py:34 RemovedInAirflow3Warning: Function `days_ago` is deprecated and will be removed in Airflow 3.0. You can achieve equivalent behavior with `pendulum.today('UTC').add(days=-N, ...)`
[2026-01-31T01:33:54.181+0000] {logging_mixin.py:188} WARNING - /opt/airflow/dags/predict.py:29 RemovedInAirflow3Warning: Param `schedule_interval` is deprecated and will be removed in a future release. Please use `schedule` instead.
[2026-01-31T01:33:54.184+0000] {processor.py:840} INFO - DAG(s) 'ml_prediction_pipeline' retrieved from /opt/airflow/dags/predict.py
[2026-01-31T01:33:54.202+0000] {logging_mixin.py:188} INFO - [2026-01-31T01:33:54.201+0000] {dag.py:3096} INFO - Sync 1 DAGs
[2026-01-31T01:33:54.214+0000] {logging_mixin.py:188} INFO - [2026-01-31T01:33:54.214+0000] {dag.py:3954} INFO - Setting next_dagrun for ml_prediction_pipeline to 2026-01-30 00:00:00+00:00, run_after=2026-01-31 00:00:00+00:00
[2026-01-31T01:33:54.227+0000] {processor.py:183} INFO - Processing /opt/airflow/dags/predict.py took 1.817 seconds
[2026-01-31T01:34:24.528+0000] {processor.py:161} INFO - Started process (PID=10717) to work on /opt/airflow/dags/predict.py
[2026-01-31T01:34:24.530+0000] {processor.py:830} INFO - Processing file /opt/airflow/dags/predict.py for tasks to queue
[2026-01-31T01:34:24.531+0000] {logging_mixin.py:188} INFO - [2026-01-31T01:34:24.531+0000] {dagbag.py:545} INFO - Filling up the DagBag from /opt/airflow/dags/predict.py
[2026-01-31T01:34:26.347+0000] {logging_mixin.py:188} WARNING - /opt/airflow/dags/predict.py:34 RemovedInAirflow3Warning: Function `days_ago` is deprecated and will be removed in Airflow 3.0. You can achieve equivalent behavior with `pendulum.today('UTC').add(days=-N, ...)`
[2026-01-31T01:34:26.348+0000] {logging_mixin.py:188} WARNING - /opt/airflow/dags/predict.py:29 RemovedInAirflow3Warning: Param `schedule_interval` is deprecated and will be removed in a future release. Please use `schedule` instead.
[2026-01-31T01:34:26.351+0000] {processor.py:840} INFO - DAG(s) 'ml_prediction_pipeline' retrieved from /opt/airflow/dags/predict.py
[2026-01-31T01:34:26.378+0000] {logging_mixin.py:188} INFO - [2026-01-31T01:34:26.377+0000] {dag.py:3096} INFO - Sync 1 DAGs
[2026-01-31T01:34:26.397+0000] {logging_mixin.py:188} INFO - [2026-01-31T01:34:26.397+0000] {dag.py:3954} INFO - Setting next_dagrun for ml_prediction_pipeline to 2026-01-30 00:00:00+00:00, run_after=2026-01-31 00:00:00+00:00
[2026-01-31T01:34:26.416+0000] {processor.py:183} INFO - Processing /opt/airflow/dags/predict.py took 1.891 seconds
[2026-01-31T01:34:56.765+0000] {processor.py:161} INFO - Started process (PID=10764) to work on /opt/airflow/dags/predict.py
[2026-01-31T01:34:56.765+0000] {processor.py:830} INFO - Processing file /opt/airflow/dags/predict.py for tasks to queue
[2026-01-31T01:34:56.767+0000] {logging_mixin.py:188} INFO - [2026-01-31T01:34:56.767+0000] {dagbag.py:545} INFO - Filling up the DagBag from /opt/airflow/dags/predict.py
[2026-01-31T01:34:58.445+0000] {logging_mixin.py:188} WARNING - /opt/airflow/dags/predict.py:34 RemovedInAirflow3Warning: Function `days_ago` is deprecated and will be removed in Airflow 3.0. You can achieve equivalent behavior with `pendulum.today('UTC').add(days=-N, ...)`
[2026-01-31T01:34:58.446+0000] {logging_mixin.py:188} WARNING - /opt/airflow/dags/predict.py:29 RemovedInAirflow3Warning: Param `schedule_interval` is deprecated and will be removed in a future release. Please use `schedule` instead.
[2026-01-31T01:34:58.449+0000] {processor.py:840} INFO - DAG(s) 'ml_prediction_pipeline' retrieved from /opt/airflow/dags/predict.py
[2026-01-31T01:34:58.466+0000] {logging_mixin.py:188} INFO - [2026-01-31T01:34:58.466+0000] {dag.py:3096} INFO - Sync 1 DAGs
[2026-01-31T01:34:58.481+0000] {logging_mixin.py:188} INFO - [2026-01-31T01:34:58.481+0000] {dag.py:3954} INFO - Setting next_dagrun for ml_prediction_pipeline to 2026-01-30 00:00:00+00:00, run_after=2026-01-31 00:00:00+00:00
[2026-01-31T01:34:58.505+0000] {processor.py:183} INFO - Processing /opt/airflow/dags/predict.py took 1.745 seconds
[2026-01-31T01:35:29.016+0000] {processor.py:161} INFO - Started process (PID=10807) to work on /opt/airflow/dags/predict.py
[2026-01-31T01:35:29.018+0000] {processor.py:830} INFO - Processing file /opt/airflow/dags/predict.py for tasks to queue
[2026-01-31T01:35:29.019+0000] {logging_mixin.py:188} INFO - [2026-01-31T01:35:29.019+0000] {dagbag.py:545} INFO - Filling up the DagBag from /opt/airflow/dags/predict.py
[2026-01-31T01:35:30.817+0000] {logging_mixin.py:188} WARNING - /opt/airflow/dags/predict.py:34 RemovedInAirflow3Warning: Function `days_ago` is deprecated and will be removed in Airflow 3.0. You can achieve equivalent behavior with `pendulum.today('UTC').add(days=-N, ...)`
[2026-01-31T01:35:30.819+0000] {logging_mixin.py:188} WARNING - /opt/airflow/dags/predict.py:29 RemovedInAirflow3Warning: Param `schedule_interval` is deprecated and will be removed in a future release. Please use `schedule` instead.
[2026-01-31T01:35:30.825+0000] {processor.py:840} INFO - DAG(s) 'ml_prediction_pipeline' retrieved from /opt/airflow/dags/predict.py
[2026-01-31T01:35:30.849+0000] {logging_mixin.py:188} INFO - [2026-01-31T01:35:30.848+0000] {dag.py:3096} INFO - Sync 1 DAGs
[2026-01-31T01:35:30.870+0000] {logging_mixin.py:188} INFO - [2026-01-31T01:35:30.869+0000] {dag.py:3954} INFO - Setting next_dagrun for ml_prediction_pipeline to 2026-01-30 00:00:00+00:00, run_after=2026-01-31 00:00:00+00:00
[2026-01-31T01:35:30.889+0000] {processor.py:183} INFO - Processing /opt/airflow/dags/predict.py took 1.877 seconds
[2026-01-31T01:36:01.732+0000] {processor.py:161} INFO - Started process (PID=10848) to work on /opt/airflow/dags/predict.py
[2026-01-31T01:36:01.732+0000] {processor.py:830} INFO - Processing file /opt/airflow/dags/predict.py for tasks to queue
[2026-01-31T01:36:01.734+0000] {logging_mixin.py:188} INFO - [2026-01-31T01:36:01.734+0000] {dagbag.py:545} INFO - Filling up the DagBag from /opt/airflow/dags/predict.py
[2026-01-31T01:36:03.470+0000] {logging_mixin.py:188} WARNING - /opt/airflow/dags/predict.py:34 RemovedInAirflow3Warning: Function `days_ago` is deprecated and will be removed in Airflow 3.0. You can achieve equivalent behavior with `pendulum.today('UTC').add(days=-N, ...)`
[2026-01-31T01:36:03.471+0000] {logging_mixin.py:188} WARNING - /opt/airflow/dags/predict.py:29 RemovedInAirflow3Warning: Param `schedule_interval` is deprecated and will be removed in a future release. Please use `schedule` instead.
[2026-01-31T01:36:03.474+0000] {processor.py:840} INFO - DAG(s) 'ml_prediction_pipeline' retrieved from /opt/airflow/dags/predict.py
[2026-01-31T01:36:03.494+0000] {logging_mixin.py:188} INFO - [2026-01-31T01:36:03.494+0000] {dag.py:3096} INFO - Sync 1 DAGs
[2026-01-31T01:36:03.508+0000] {logging_mixin.py:188} INFO - [2026-01-31T01:36:03.508+0000] {dag.py:3954} INFO - Setting next_dagrun for ml_prediction_pipeline to 2026-01-30 00:00:00+00:00, run_after=2026-01-31 00:00:00+00:00
[2026-01-31T01:36:03.522+0000] {processor.py:183} INFO - Processing /opt/airflow/dags/predict.py took 1.796 seconds
[2026-01-31T01:36:34.507+0000] {processor.py:161} INFO - Started process (PID=10895) to work on /opt/airflow/dags/predict.py
[2026-01-31T01:36:34.509+0000] {processor.py:830} INFO - Processing file /opt/airflow/dags/predict.py for tasks to queue
[2026-01-31T01:36:34.511+0000] {logging_mixin.py:188} INFO - [2026-01-31T01:36:34.511+0000] {dagbag.py:545} INFO - Filling up the DagBag from /opt/airflow/dags/predict.py
[2026-01-31T01:36:36.308+0000] {logging_mixin.py:188} WARNING - /opt/airflow/dags/predict.py:34 RemovedInAirflow3Warning: Function `days_ago` is deprecated and will be removed in Airflow 3.0. You can achieve equivalent behavior with `pendulum.today('UTC').add(days=-N, ...)`
[2026-01-31T01:36:36.309+0000] {logging_mixin.py:188} WARNING - /opt/airflow/dags/predict.py:29 RemovedInAirflow3Warning: Param `schedule_interval` is deprecated and will be removed in a future release. Please use `schedule` instead.
[2026-01-31T01:36:36.312+0000] {processor.py:840} INFO - DAG(s) 'ml_prediction_pipeline' retrieved from /opt/airflow/dags/predict.py
[2026-01-31T01:36:36.332+0000] {logging_mixin.py:188} INFO - [2026-01-31T01:36:36.331+0000] {dag.py:3096} INFO - Sync 1 DAGs
[2026-01-31T01:36:36.348+0000] {logging_mixin.py:188} INFO - [2026-01-31T01:36:36.348+0000] {dag.py:3954} INFO - Setting next_dagrun for ml_prediction_pipeline to 2026-01-30 00:00:00+00:00, run_after=2026-01-31 00:00:00+00:00
[2026-01-31T01:36:36.364+0000] {processor.py:183} INFO - Processing /opt/airflow/dags/predict.py took 1.864 seconds
[2026-01-31T01:37:07.411+0000] {processor.py:161} INFO - Started process (PID=10942) to work on /opt/airflow/dags/predict.py
[2026-01-31T01:37:07.412+0000] {processor.py:830} INFO - Processing file /opt/airflow/dags/predict.py for tasks to queue
[2026-01-31T01:37:07.413+0000] {logging_mixin.py:188} INFO - [2026-01-31T01:37:07.413+0000] {dagbag.py:545} INFO - Filling up the DagBag from /opt/airflow/dags/predict.py
[2026-01-31T01:37:09.128+0000] {logging_mixin.py:188} WARNING - /opt/airflow/dags/predict.py:34 RemovedInAirflow3Warning: Function `days_ago` is deprecated and will be removed in Airflow 3.0. You can achieve equivalent behavior with `pendulum.today('UTC').add(days=-N, ...)`
[2026-01-31T01:37:09.129+0000] {logging_mixin.py:188} WARNING - /opt/airflow/dags/predict.py:29 RemovedInAirflow3Warning: Param `schedule_interval` is deprecated and will be removed in a future release. Please use `schedule` instead.
[2026-01-31T01:37:09.132+0000] {processor.py:840} INFO - DAG(s) 'ml_prediction_pipeline' retrieved from /opt/airflow/dags/predict.py
[2026-01-31T01:37:09.149+0000] {logging_mixin.py:188} INFO - [2026-01-31T01:37:09.149+0000] {dag.py:3096} INFO - Sync 1 DAGs
[2026-01-31T01:37:09.164+0000] {logging_mixin.py:188} INFO - [2026-01-31T01:37:09.164+0000] {dag.py:3954} INFO - Setting next_dagrun for ml_prediction_pipeline to 2026-01-30 00:00:00+00:00, run_after=2026-01-31 00:00:00+00:00
[2026-01-31T01:37:09.179+0000] {processor.py:183} INFO - Processing /opt/airflow/dags/predict.py took 1.771 seconds
[2026-01-31T01:37:40.096+0000] {processor.py:161} INFO - Started process (PID=10989) to work on /opt/airflow/dags/predict.py
[2026-01-31T01:37:40.097+0000] {processor.py:830} INFO - Processing file /opt/airflow/dags/predict.py for tasks to queue
[2026-01-31T01:37:40.098+0000] {logging_mixin.py:188} INFO - [2026-01-31T01:37:40.098+0000] {dagbag.py:545} INFO - Filling up the DagBag from /opt/airflow/dags/predict.py
[2026-01-31T01:37:42.027+0000] {logging_mixin.py:188} WARNING - /opt/airflow/dags/predict.py:34 RemovedInAirflow3Warning: Function `days_ago` is deprecated and will be removed in Airflow 3.0. You can achieve equivalent behavior with `pendulum.today('UTC').add(days=-N, ...)`
[2026-01-31T01:37:42.028+0000] {logging_mixin.py:188} WARNING - /opt/airflow/dags/predict.py:29 RemovedInAirflow3Warning: Param `schedule_interval` is deprecated and will be removed in a future release. Please use `schedule` instead.
[2026-01-31T01:37:42.031+0000] {processor.py:840} INFO - DAG(s) 'ml_prediction_pipeline' retrieved from /opt/airflow/dags/predict.py
[2026-01-31T01:37:42.054+0000] {logging_mixin.py:188} INFO - [2026-01-31T01:37:42.053+0000] {dag.py:3096} INFO - Sync 1 DAGs
[2026-01-31T01:37:42.067+0000] {logging_mixin.py:188} INFO - [2026-01-31T01:37:42.067+0000] {dag.py:3954} INFO - Setting next_dagrun for ml_prediction_pipeline to 2026-01-30 00:00:00+00:00, run_after=2026-01-31 00:00:00+00:00
[2026-01-31T01:37:42.082+0000] {processor.py:183} INFO - Processing /opt/airflow/dags/predict.py took 1.992 seconds
[2026-01-31T01:38:12.996+0000] {processor.py:161} INFO - Started process (PID=11036) to work on /opt/airflow/dags/predict.py
[2026-01-31T01:38:12.997+0000] {processor.py:830} INFO - Processing file /opt/airflow/dags/predict.py for tasks to queue
[2026-01-31T01:38:12.998+0000] {logging_mixin.py:188} INFO - [2026-01-31T01:38:12.998+0000] {dagbag.py:545} INFO - Filling up the DagBag from /opt/airflow/dags/predict.py
[2026-01-31T01:38:14.755+0000] {logging_mixin.py:188} WARNING - /opt/airflow/dags/predict.py:34 RemovedInAirflow3Warning: Function `days_ago` is deprecated and will be removed in Airflow 3.0. You can achieve equivalent behavior with `pendulum.today('UTC').add(days=-N, ...)`
[2026-01-31T01:38:14.756+0000] {logging_mixin.py:188} WARNING - /opt/airflow/dags/predict.py:29 RemovedInAirflow3Warning: Param `schedule_interval` is deprecated and will be removed in a future release. Please use `schedule` instead.
[2026-01-31T01:38:14.759+0000] {processor.py:840} INFO - DAG(s) 'ml_prediction_pipeline' retrieved from /opt/airflow/dags/predict.py
[2026-01-31T01:38:14.776+0000] {logging_mixin.py:188} INFO - [2026-01-31T01:38:14.776+0000] {dag.py:3096} INFO - Sync 1 DAGs
[2026-01-31T01:38:14.790+0000] {logging_mixin.py:188} INFO - [2026-01-31T01:38:14.790+0000] {dag.py:3954} INFO - Setting next_dagrun for ml_prediction_pipeline to 2026-01-30 00:00:00+00:00, run_after=2026-01-31 00:00:00+00:00
[2026-01-31T01:38:14.808+0000] {processor.py:183} INFO - Processing /opt/airflow/dags/predict.py took 1.817 seconds
[2026-01-31T01:38:45.834+0000] {processor.py:161} INFO - Started process (PID=11083) to work on /opt/airflow/dags/predict.py
[2026-01-31T01:38:45.835+0000] {processor.py:830} INFO - Processing file /opt/airflow/dags/predict.py for tasks to queue
[2026-01-31T01:38:45.838+0000] {logging_mixin.py:188} INFO - [2026-01-31T01:38:45.837+0000] {dagbag.py:545} INFO - Filling up the DagBag from /opt/airflow/dags/predict.py
[2026-01-31T01:38:47.583+0000] {logging_mixin.py:188} WARNING - /opt/airflow/dags/predict.py:34 RemovedInAirflow3Warning: Function `days_ago` is deprecated and will be removed in Airflow 3.0. You can achieve equivalent behavior with `pendulum.today('UTC').add(days=-N, ...)`
[2026-01-31T01:38:47.584+0000] {logging_mixin.py:188} WARNING - /opt/airflow/dags/predict.py:29 RemovedInAirflow3Warning: Param `schedule_interval` is deprecated and will be removed in a future release. Please use `schedule` instead.
[2026-01-31T01:38:47.588+0000] {processor.py:840} INFO - DAG(s) 'ml_prediction_pipeline' retrieved from /opt/airflow/dags/predict.py
[2026-01-31T01:38:47.606+0000] {logging_mixin.py:188} INFO - [2026-01-31T01:38:47.605+0000] {dag.py:3096} INFO - Sync 1 DAGs
[2026-01-31T01:38:47.620+0000] {logging_mixin.py:188} INFO - [2026-01-31T01:38:47.619+0000] {dag.py:3954} INFO - Setting next_dagrun for ml_prediction_pipeline to 2026-01-30 00:00:00+00:00, run_after=2026-01-31 00:00:00+00:00
[2026-01-31T01:38:47.634+0000] {processor.py:183} INFO - Processing /opt/airflow/dags/predict.py took 1.804 seconds
[2026-01-31T01:39:18.661+0000] {processor.py:161} INFO - Started process (PID=11130) to work on /opt/airflow/dags/predict.py
[2026-01-31T01:39:18.662+0000] {processor.py:830} INFO - Processing file /opt/airflow/dags/predict.py for tasks to queue
[2026-01-31T01:39:18.663+0000] {logging_mixin.py:188} INFO - [2026-01-31T01:39:18.663+0000] {dagbag.py:545} INFO - Filling up the DagBag from /opt/airflow/dags/predict.py
[2026-01-31T01:39:20.429+0000] {logging_mixin.py:188} WARNING - /opt/airflow/dags/predict.py:34 RemovedInAirflow3Warning: Function `days_ago` is deprecated and will be removed in Airflow 3.0. You can achieve equivalent behavior with `pendulum.today('UTC').add(days=-N, ...)`
[2026-01-31T01:39:20.430+0000] {logging_mixin.py:188} WARNING - /opt/airflow/dags/predict.py:29 RemovedInAirflow3Warning: Param `schedule_interval` is deprecated and will be removed in a future release. Please use `schedule` instead.
[2026-01-31T01:39:20.434+0000] {processor.py:840} INFO - DAG(s) 'ml_prediction_pipeline' retrieved from /opt/airflow/dags/predict.py
[2026-01-31T01:39:20.451+0000] {logging_mixin.py:188} INFO - [2026-01-31T01:39:20.451+0000] {dag.py:3096} INFO - Sync 1 DAGs
[2026-01-31T01:39:20.466+0000] {logging_mixin.py:188} INFO - [2026-01-31T01:39:20.465+0000] {dag.py:3954} INFO - Setting next_dagrun for ml_prediction_pipeline to 2026-01-30 00:00:00+00:00, run_after=2026-01-31 00:00:00+00:00
[2026-01-31T01:39:20.480+0000] {processor.py:183} INFO - Processing /opt/airflow/dags/predict.py took 1.823 seconds
[2026-01-31T01:39:51.397+0000] {processor.py:161} INFO - Started process (PID=11177) to work on /opt/airflow/dags/predict.py
[2026-01-31T01:39:51.399+0000] {processor.py:830} INFO - Processing file /opt/airflow/dags/predict.py for tasks to queue
[2026-01-31T01:39:51.401+0000] {logging_mixin.py:188} INFO - [2026-01-31T01:39:51.401+0000] {dagbag.py:545} INFO - Filling up the DagBag from /opt/airflow/dags/predict.py
[2026-01-31T01:39:53.198+0000] {logging_mixin.py:188} WARNING - /opt/airflow/dags/predict.py:34 RemovedInAirflow3Warning: Function `days_ago` is deprecated and will be removed in Airflow 3.0. You can achieve equivalent behavior with `pendulum.today('UTC').add(days=-N, ...)`
[2026-01-31T01:39:53.199+0000] {logging_mixin.py:188} WARNING - /opt/airflow/dags/predict.py:29 RemovedInAirflow3Warning: Param `schedule_interval` is deprecated and will be removed in a future release. Please use `schedule` instead.
[2026-01-31T01:39:53.203+0000] {processor.py:840} INFO - DAG(s) 'ml_prediction_pipeline' retrieved from /opt/airflow/dags/predict.py
[2026-01-31T01:39:53.223+0000] {logging_mixin.py:188} INFO - [2026-01-31T01:39:53.223+0000] {dag.py:3096} INFO - Sync 1 DAGs
[2026-01-31T01:39:53.239+0000] {logging_mixin.py:188} INFO - [2026-01-31T01:39:53.239+0000] {dag.py:3954} INFO - Setting next_dagrun for ml_prediction_pipeline to 2026-01-30 00:00:00+00:00, run_after=2026-01-31 00:00:00+00:00
[2026-01-31T01:39:53.255+0000] {processor.py:183} INFO - Processing /opt/airflow/dags/predict.py took 1.864 seconds
[2026-01-31T01:40:24.175+0000] {processor.py:161} INFO - Started process (PID=11224) to work on /opt/airflow/dags/predict.py
[2026-01-31T01:40:24.176+0000] {processor.py:830} INFO - Processing file /opt/airflow/dags/predict.py for tasks to queue
[2026-01-31T01:40:24.178+0000] {logging_mixin.py:188} INFO - [2026-01-31T01:40:24.177+0000] {dagbag.py:545} INFO - Filling up the DagBag from /opt/airflow/dags/predict.py
[2026-01-31T01:40:26.021+0000] {logging_mixin.py:188} WARNING - /opt/airflow/dags/predict.py:34 RemovedInAirflow3Warning: Function `days_ago` is deprecated and will be removed in Airflow 3.0. You can achieve equivalent behavior with `pendulum.today('UTC').add(days=-N, ...)`
[2026-01-31T01:40:26.022+0000] {logging_mixin.py:188} WARNING - /opt/airflow/dags/predict.py:29 RemovedInAirflow3Warning: Param `schedule_interval` is deprecated and will be removed in a future release. Please use `schedule` instead.
[2026-01-31T01:40:26.025+0000] {processor.py:840} INFO - DAG(s) 'ml_prediction_pipeline' retrieved from /opt/airflow/dags/predict.py
[2026-01-31T01:40:26.043+0000] {logging_mixin.py:188} INFO - [2026-01-31T01:40:26.042+0000] {dag.py:3096} INFO - Sync 1 DAGs
[2026-01-31T01:40:26.055+0000] {logging_mixin.py:188} INFO - [2026-01-31T01:40:26.054+0000] {dag.py:3954} INFO - Setting next_dagrun for ml_prediction_pipeline to 2026-01-30 00:00:00+00:00, run_after=2026-01-31 00:00:00+00:00
[2026-01-31T01:40:26.067+0000] {processor.py:183} INFO - Processing /opt/airflow/dags/predict.py took 1.895 seconds
[2026-01-31T01:40:57.007+0000] {processor.py:161} INFO - Started process (PID=11271) to work on /opt/airflow/dags/predict.py
[2026-01-31T01:40:57.010+0000] {processor.py:830} INFO - Processing file /opt/airflow/dags/predict.py for tasks to queue
[2026-01-31T01:40:57.011+0000] {logging_mixin.py:188} INFO - [2026-01-31T01:40:57.011+0000] {dagbag.py:545} INFO - Filling up the DagBag from /opt/airflow/dags/predict.py
[2026-01-31T01:40:58.867+0000] {logging_mixin.py:188} WARNING - /opt/airflow/dags/predict.py:34 RemovedInAirflow3Warning: Function `days_ago` is deprecated and will be removed in Airflow 3.0. You can achieve equivalent behavior with `pendulum.today('UTC').add(days=-N, ...)`
[2026-01-31T01:40:58.868+0000] {logging_mixin.py:188} WARNING - /opt/airflow/dags/predict.py:29 RemovedInAirflow3Warning: Param `schedule_interval` is deprecated and will be removed in a future release. Please use `schedule` instead.
[2026-01-31T01:40:58.874+0000] {processor.py:840} INFO - DAG(s) 'ml_prediction_pipeline' retrieved from /opt/airflow/dags/predict.py
[2026-01-31T01:40:58.894+0000] {logging_mixin.py:188} INFO - [2026-01-31T01:40:58.894+0000] {dag.py:3096} INFO - Sync 1 DAGs
[2026-01-31T01:40:58.915+0000] {logging_mixin.py:188} INFO - [2026-01-31T01:40:58.914+0000] {dag.py:3954} INFO - Setting next_dagrun for ml_prediction_pipeline to 2026-01-30 00:00:00+00:00, run_after=2026-01-31 00:00:00+00:00
[2026-01-31T01:40:58.932+0000] {processor.py:183} INFO - Processing /opt/airflow/dags/predict.py took 1.930 seconds
[2026-01-31T01:41:29.529+0000] {processor.py:161} INFO - Started process (PID=11318) to work on /opt/airflow/dags/predict.py
[2026-01-31T01:41:29.530+0000] {processor.py:830} INFO - Processing file /opt/airflow/dags/predict.py for tasks to queue
[2026-01-31T01:41:29.531+0000] {logging_mixin.py:188} INFO - [2026-01-31T01:41:29.531+0000] {dagbag.py:545} INFO - Filling up the DagBag from /opt/airflow/dags/predict.py
[2026-01-31T01:41:31.300+0000] {logging_mixin.py:188} WARNING - /opt/airflow/dags/predict.py:34 RemovedInAirflow3Warning: Function `days_ago` is deprecated and will be removed in Airflow 3.0. You can achieve equivalent behavior with `pendulum.today('UTC').add(days=-N, ...)`
[2026-01-31T01:41:31.301+0000] {logging_mixin.py:188} WARNING - /opt/airflow/dags/predict.py:29 RemovedInAirflow3Warning: Param `schedule_interval` is deprecated and will be removed in a future release. Please use `schedule` instead.
[2026-01-31T01:41:31.307+0000] {processor.py:840} INFO - DAG(s) 'ml_prediction_pipeline' retrieved from /opt/airflow/dags/predict.py
[2026-01-31T01:41:31.327+0000] {logging_mixin.py:188} INFO - [2026-01-31T01:41:31.327+0000] {dag.py:3096} INFO - Sync 1 DAGs
[2026-01-31T01:41:31.345+0000] {logging_mixin.py:188} INFO - [2026-01-31T01:41:31.345+0000] {dag.py:3954} INFO - Setting next_dagrun for ml_prediction_pipeline to 2026-01-30 00:00:00+00:00, run_after=2026-01-31 00:00:00+00:00
[2026-01-31T01:41:31.363+0000] {processor.py:183} INFO - Processing /opt/airflow/dags/predict.py took 1.838 seconds
[2026-01-31T01:42:02.334+0000] {processor.py:161} INFO - Started process (PID=11365) to work on /opt/airflow/dags/predict.py
[2026-01-31T01:42:02.335+0000] {processor.py:830} INFO - Processing file /opt/airflow/dags/predict.py for tasks to queue
[2026-01-31T01:42:02.336+0000] {logging_mixin.py:188} INFO - [2026-01-31T01:42:02.336+0000] {dagbag.py:545} INFO - Filling up the DagBag from /opt/airflow/dags/predict.py
[2026-01-31T01:42:04.062+0000] {logging_mixin.py:188} WARNING - /opt/airflow/dags/predict.py:34 RemovedInAirflow3Warning: Function `days_ago` is deprecated and will be removed in Airflow 3.0. You can achieve equivalent behavior with `pendulum.today('UTC').add(days=-N, ...)`
[2026-01-31T01:42:04.064+0000] {logging_mixin.py:188} WARNING - /opt/airflow/dags/predict.py:29 RemovedInAirflow3Warning: Param `schedule_interval` is deprecated and will be removed in a future release. Please use `schedule` instead.
[2026-01-31T01:42:04.068+0000] {processor.py:840} INFO - DAG(s) 'ml_prediction_pipeline' retrieved from /opt/airflow/dags/predict.py
[2026-01-31T01:42:04.087+0000] {logging_mixin.py:188} INFO - [2026-01-31T01:42:04.087+0000] {dag.py:3096} INFO - Sync 1 DAGs
[2026-01-31T01:42:04.102+0000] {logging_mixin.py:188} INFO - [2026-01-31T01:42:04.102+0000] {dag.py:3954} INFO - Setting next_dagrun for ml_prediction_pipeline to 2026-01-30 00:00:00+00:00, run_after=2026-01-31 00:00:00+00:00
[2026-01-31T01:42:04.118+0000] {processor.py:183} INFO - Processing /opt/airflow/dags/predict.py took 1.790 seconds
[2026-01-31T01:42:35.370+0000] {processor.py:161} INFO - Started process (PID=11413) to work on /opt/airflow/dags/predict.py
[2026-01-31T01:42:35.371+0000] {processor.py:830} INFO - Processing file /opt/airflow/dags/predict.py for tasks to queue
[2026-01-31T01:42:35.372+0000] {logging_mixin.py:188} INFO - [2026-01-31T01:42:35.372+0000] {dagbag.py:545} INFO - Filling up the DagBag from /opt/airflow/dags/predict.py
[2026-01-31T01:42:37.125+0000] {logging_mixin.py:188} WARNING - /opt/airflow/dags/predict.py:34 RemovedInAirflow3Warning: Function `days_ago` is deprecated and will be removed in Airflow 3.0. You can achieve equivalent behavior with `pendulum.today('UTC').add(days=-N, ...)`
[2026-01-31T01:42:37.126+0000] {logging_mixin.py:188} WARNING - /opt/airflow/dags/predict.py:29 RemovedInAirflow3Warning: Param `schedule_interval` is deprecated and will be removed in a future release. Please use `schedule` instead.
[2026-01-31T01:42:37.130+0000] {processor.py:840} INFO - DAG(s) 'ml_prediction_pipeline' retrieved from /opt/airflow/dags/predict.py
[2026-01-31T01:42:37.148+0000] {logging_mixin.py:188} INFO - [2026-01-31T01:42:37.148+0000] {dag.py:3096} INFO - Sync 1 DAGs
[2026-01-31T01:42:37.163+0000] {logging_mixin.py:188} INFO - [2026-01-31T01:42:37.162+0000] {dag.py:3954} INFO - Setting next_dagrun for ml_prediction_pipeline to 2026-01-30 00:00:00+00:00, run_after=2026-01-31 00:00:00+00:00
[2026-01-31T01:42:37.176+0000] {processor.py:183} INFO - Processing /opt/airflow/dags/predict.py took 1.811 seconds
[2026-01-31T01:43:08.162+0000] {processor.py:161} INFO - Started process (PID=11459) to work on /opt/airflow/dags/predict.py
[2026-01-31T01:43:08.165+0000] {processor.py:830} INFO - Processing file /opt/airflow/dags/predict.py for tasks to queue
[2026-01-31T01:43:08.166+0000] {logging_mixin.py:188} INFO - [2026-01-31T01:43:08.166+0000] {dagbag.py:545} INFO - Filling up the DagBag from /opt/airflow/dags/predict.py
[2026-01-31T01:43:09.828+0000] {logging_mixin.py:188} WARNING - /opt/airflow/dags/predict.py:34 RemovedInAirflow3Warning: Function `days_ago` is deprecated and will be removed in Airflow 3.0. You can achieve equivalent behavior with `pendulum.today('UTC').add(days=-N, ...)`
[2026-01-31T01:43:09.829+0000] {logging_mixin.py:188} WARNING - /opt/airflow/dags/predict.py:29 RemovedInAirflow3Warning: Param `schedule_interval` is deprecated and will be removed in a future release. Please use `schedule` instead.
[2026-01-31T01:43:09.834+0000] {processor.py:840} INFO - DAG(s) 'ml_prediction_pipeline' retrieved from /opt/airflow/dags/predict.py
[2026-01-31T01:43:09.853+0000] {logging_mixin.py:188} INFO - [2026-01-31T01:43:09.853+0000] {dag.py:3096} INFO - Sync 1 DAGs
[2026-01-31T01:43:09.869+0000] {logging_mixin.py:188} INFO - [2026-01-31T01:43:09.869+0000] {dag.py:3954} INFO - Setting next_dagrun for ml_prediction_pipeline to 2026-01-30 00:00:00+00:00, run_after=2026-01-31 00:00:00+00:00
[2026-01-31T01:43:09.884+0000] {processor.py:183} INFO - Processing /opt/airflow/dags/predict.py took 1.725 seconds
[2026-01-31T01:43:40.929+0000] {processor.py:161} INFO - Started process (PID=11506) to work on /opt/airflow/dags/predict.py
[2026-01-31T01:43:40.929+0000] {processor.py:830} INFO - Processing file /opt/airflow/dags/predict.py for tasks to queue
[2026-01-31T01:43:40.931+0000] {logging_mixin.py:188} INFO - [2026-01-31T01:43:40.930+0000] {dagbag.py:545} INFO - Filling up the DagBag from /opt/airflow/dags/predict.py
[2026-01-31T01:43:42.816+0000] {logging_mixin.py:188} WARNING - /opt/airflow/dags/predict.py:34 RemovedInAirflow3Warning: Function `days_ago` is deprecated and will be removed in Airflow 3.0. You can achieve equivalent behavior with `pendulum.today('UTC').add(days=-N, ...)`
[2026-01-31T01:43:42.817+0000] {logging_mixin.py:188} WARNING - /opt/airflow/dags/predict.py:29 RemovedInAirflow3Warning: Param `schedule_interval` is deprecated and will be removed in a future release. Please use `schedule` instead.
[2026-01-31T01:43:42.820+0000] {processor.py:840} INFO - DAG(s) 'ml_prediction_pipeline' retrieved from /opt/airflow/dags/predict.py
[2026-01-31T01:43:42.837+0000] {logging_mixin.py:188} INFO - [2026-01-31T01:43:42.837+0000] {dag.py:3096} INFO - Sync 1 DAGs
[2026-01-31T01:43:42.850+0000] {logging_mixin.py:188} INFO - [2026-01-31T01:43:42.850+0000] {dag.py:3954} INFO - Setting next_dagrun for ml_prediction_pipeline to 2026-01-30 00:00:00+00:00, run_after=2026-01-31 00:00:00+00:00
[2026-01-31T01:43:42.865+0000] {processor.py:183} INFO - Processing /opt/airflow/dags/predict.py took 1.940 seconds
[2026-01-31T01:44:13.802+0000] {processor.py:161} INFO - Started process (PID=11554) to work on /opt/airflow/dags/predict.py
[2026-01-31T01:44:13.804+0000] {processor.py:830} INFO - Processing file /opt/airflow/dags/predict.py for tasks to queue
[2026-01-31T01:44:13.806+0000] {logging_mixin.py:188} INFO - [2026-01-31T01:44:13.805+0000] {dagbag.py:545} INFO - Filling up the DagBag from /opt/airflow/dags/predict.py
[2026-01-31T01:44:15.889+0000] {logging_mixin.py:188} WARNING - /opt/airflow/dags/predict.py:34 RemovedInAirflow3Warning: Function `days_ago` is deprecated and will be removed in Airflow 3.0. You can achieve equivalent behavior with `pendulum.today('UTC').add(days=-N, ...)`
[2026-01-31T01:44:15.890+0000] {logging_mixin.py:188} WARNING - /opt/airflow/dags/predict.py:29 RemovedInAirflow3Warning: Param `schedule_interval` is deprecated and will be removed in a future release. Please use `schedule` instead.
[2026-01-31T01:44:15.894+0000] {processor.py:840} INFO - DAG(s) 'ml_prediction_pipeline' retrieved from /opt/airflow/dags/predict.py
[2026-01-31T01:44:15.911+0000] {logging_mixin.py:188} INFO - [2026-01-31T01:44:15.911+0000] {dag.py:3096} INFO - Sync 1 DAGs
[2026-01-31T01:44:15.925+0000] {logging_mixin.py:188} INFO - [2026-01-31T01:44:15.925+0000] {dag.py:3954} INFO - Setting next_dagrun for ml_prediction_pipeline to 2026-01-30 00:00:00+00:00, run_after=2026-01-31 00:00:00+00:00
[2026-01-31T01:44:15.941+0000] {processor.py:183} INFO - Processing /opt/airflow/dags/predict.py took 2.143 seconds
[2026-01-31T01:44:46.416+0000] {processor.py:161} INFO - Started process (PID=11601) to work on /opt/airflow/dags/predict.py
[2026-01-31T01:44:46.416+0000] {processor.py:830} INFO - Processing file /opt/airflow/dags/predict.py for tasks to queue
[2026-01-31T01:44:46.418+0000] {logging_mixin.py:188} INFO - [2026-01-31T01:44:46.418+0000] {dagbag.py:545} INFO - Filling up the DagBag from /opt/airflow/dags/predict.py
[2026-01-31T01:44:48.473+0000] {logging_mixin.py:188} WARNING - /opt/airflow/dags/predict.py:34 RemovedInAirflow3Warning: Function `days_ago` is deprecated and will be removed in Airflow 3.0. You can achieve equivalent behavior with `pendulum.today('UTC').add(days=-N, ...)`
[2026-01-31T01:44:48.474+0000] {logging_mixin.py:188} WARNING - /opt/airflow/dags/predict.py:29 RemovedInAirflow3Warning: Param `schedule_interval` is deprecated and will be removed in a future release. Please use `schedule` instead.
[2026-01-31T01:44:48.481+0000] {processor.py:840} INFO - DAG(s) 'ml_prediction_pipeline' retrieved from /opt/airflow/dags/predict.py
[2026-01-31T01:44:48.501+0000] {logging_mixin.py:188} INFO - [2026-01-31T01:44:48.501+0000] {dag.py:3096} INFO - Sync 1 DAGs
[2026-01-31T01:44:48.519+0000] {logging_mixin.py:188} INFO - [2026-01-31T01:44:48.519+0000] {dag.py:3954} INFO - Setting next_dagrun for ml_prediction_pipeline to 2026-01-30 00:00:00+00:00, run_after=2026-01-31 00:00:00+00:00
[2026-01-31T01:44:48.546+0000] {processor.py:183} INFO - Processing /opt/airflow/dags/predict.py took 2.135 seconds
[2026-01-31T01:45:19.473+0000] {processor.py:161} INFO - Started process (PID=11648) to work on /opt/airflow/dags/predict.py
[2026-01-31T01:45:19.474+0000] {processor.py:830} INFO - Processing file /opt/airflow/dags/predict.py for tasks to queue
[2026-01-31T01:45:19.476+0000] {logging_mixin.py:188} INFO - [2026-01-31T01:45:19.475+0000] {dagbag.py:545} INFO - Filling up the DagBag from /opt/airflow/dags/predict.py
[2026-01-31T01:45:21.458+0000] {logging_mixin.py:188} WARNING - /opt/airflow/dags/predict.py:34 RemovedInAirflow3Warning: Function `days_ago` is deprecated and will be removed in Airflow 3.0. You can achieve equivalent behavior with `pendulum.today('UTC').add(days=-N, ...)`
[2026-01-31T01:45:21.459+0000] {logging_mixin.py:188} WARNING - /opt/airflow/dags/predict.py:29 RemovedInAirflow3Warning: Param `schedule_interval` is deprecated and will be removed in a future release. Please use `schedule` instead.
[2026-01-31T01:45:21.464+0000] {processor.py:840} INFO - DAG(s) 'ml_prediction_pipeline' retrieved from /opt/airflow/dags/predict.py
[2026-01-31T01:45:21.483+0000] {logging_mixin.py:188} INFO - [2026-01-31T01:45:21.483+0000] {dag.py:3096} INFO - Sync 1 DAGs
[2026-01-31T01:45:21.500+0000] {logging_mixin.py:188} INFO - [2026-01-31T01:45:21.499+0000] {dag.py:3954} INFO - Setting next_dagrun for ml_prediction_pipeline to 2026-01-30 00:00:00+00:00, run_after=2026-01-31 00:00:00+00:00
[2026-01-31T01:45:21.517+0000] {processor.py:183} INFO - Processing /opt/airflow/dags/predict.py took 2.049 seconds
[2026-01-31T01:45:52.536+0000] {processor.py:161} INFO - Started process (PID=11695) to work on /opt/airflow/dags/predict.py
[2026-01-31T01:45:52.537+0000] {processor.py:830} INFO - Processing file /opt/airflow/dags/predict.py for tasks to queue
[2026-01-31T01:45:52.538+0000] {logging_mixin.py:188} INFO - [2026-01-31T01:45:52.538+0000] {dagbag.py:545} INFO - Filling up the DagBag from /opt/airflow/dags/predict.py
[2026-01-31T01:45:54.647+0000] {logging_mixin.py:188} WARNING - /opt/airflow/dags/predict.py:34 RemovedInAirflow3Warning: Function `days_ago` is deprecated and will be removed in Airflow 3.0. You can achieve equivalent behavior with `pendulum.today('UTC').add(days=-N, ...)`
[2026-01-31T01:45:54.648+0000] {logging_mixin.py:188} WARNING - /opt/airflow/dags/predict.py:29 RemovedInAirflow3Warning: Param `schedule_interval` is deprecated and will be removed in a future release. Please use `schedule` instead.
[2026-01-31T01:45:54.652+0000] {processor.py:840} INFO - DAG(s) 'ml_prediction_pipeline' retrieved from /opt/airflow/dags/predict.py
[2026-01-31T01:45:54.672+0000] {logging_mixin.py:188} INFO - [2026-01-31T01:45:54.672+0000] {dag.py:3096} INFO - Sync 1 DAGs
[2026-01-31T01:45:54.689+0000] {logging_mixin.py:188} INFO - [2026-01-31T01:45:54.689+0000] {dag.py:3954} INFO - Setting next_dagrun for ml_prediction_pipeline to 2026-01-30 00:00:00+00:00, run_after=2026-01-31 00:00:00+00:00
[2026-01-31T01:45:54.706+0000] {processor.py:183} INFO - Processing /opt/airflow/dags/predict.py took 2.175 seconds
[2026-01-31T01:46:25.543+0000] {processor.py:161} INFO - Started process (PID=11742) to work on /opt/airflow/dags/predict.py
[2026-01-31T01:46:25.544+0000] {processor.py:830} INFO - Processing file /opt/airflow/dags/predict.py for tasks to queue
[2026-01-31T01:46:25.545+0000] {logging_mixin.py:188} INFO - [2026-01-31T01:46:25.545+0000] {dagbag.py:545} INFO - Filling up the DagBag from /opt/airflow/dags/predict.py
[2026-01-31T01:46:27.585+0000] {logging_mixin.py:188} WARNING - /opt/airflow/dags/predict.py:34 RemovedInAirflow3Warning: Function `days_ago` is deprecated and will be removed in Airflow 3.0. You can achieve equivalent behavior with `pendulum.today('UTC').add(days=-N, ...)`
[2026-01-31T01:46:27.586+0000] {logging_mixin.py:188} WARNING - /opt/airflow/dags/predict.py:29 RemovedInAirflow3Warning: Param `schedule_interval` is deprecated and will be removed in a future release. Please use `schedule` instead.
[2026-01-31T01:46:27.591+0000] {processor.py:840} INFO - DAG(s) 'ml_prediction_pipeline' retrieved from /opt/airflow/dags/predict.py
[2026-01-31T01:46:27.613+0000] {logging_mixin.py:188} INFO - [2026-01-31T01:46:27.612+0000] {dag.py:3096} INFO - Sync 1 DAGs
[2026-01-31T01:46:27.630+0000] {logging_mixin.py:188} INFO - [2026-01-31T01:46:27.630+0000] {dag.py:3954} INFO - Setting next_dagrun for ml_prediction_pipeline to 2026-01-30 00:00:00+00:00, run_after=2026-01-31 00:00:00+00:00
[2026-01-31T01:46:27.646+0000] {processor.py:183} INFO - Processing /opt/airflow/dags/predict.py took 2.107 seconds
[2026-01-31T01:46:58.474+0000] {processor.py:161} INFO - Started process (PID=11789) to work on /opt/airflow/dags/predict.py
[2026-01-31T01:46:58.474+0000] {processor.py:830} INFO - Processing file /opt/airflow/dags/predict.py for tasks to queue
[2026-01-31T01:46:58.476+0000] {logging_mixin.py:188} INFO - [2026-01-31T01:46:58.476+0000] {dagbag.py:545} INFO - Filling up the DagBag from /opt/airflow/dags/predict.py
[2026-01-31T01:47:00.616+0000] {logging_mixin.py:188} WARNING - /opt/airflow/dags/predict.py:34 RemovedInAirflow3Warning: Function `days_ago` is deprecated and will be removed in Airflow 3.0. You can achieve equivalent behavior with `pendulum.today('UTC').add(days=-N, ...)`
[2026-01-31T01:47:00.617+0000] {logging_mixin.py:188} WARNING - /opt/airflow/dags/predict.py:29 RemovedInAirflow3Warning: Param `schedule_interval` is deprecated and will be removed in a future release. Please use `schedule` instead.
[2026-01-31T01:47:00.622+0000] {processor.py:840} INFO - DAG(s) 'ml_prediction_pipeline' retrieved from /opt/airflow/dags/predict.py
[2026-01-31T01:47:00.644+0000] {logging_mixin.py:188} INFO - [2026-01-31T01:47:00.644+0000] {dag.py:3096} INFO - Sync 1 DAGs
[2026-01-31T01:47:00.662+0000] {logging_mixin.py:188} INFO - [2026-01-31T01:47:00.662+0000] {dag.py:3954} INFO - Setting next_dagrun for ml_prediction_pipeline to 2026-01-30 00:00:00+00:00, run_after=2026-01-31 00:00:00+00:00
[2026-01-31T01:47:00.681+0000] {processor.py:183} INFO - Processing /opt/airflow/dags/predict.py took 2.212 seconds
[2026-01-31T01:47:30.726+0000] {processor.py:161} INFO - Started process (PID=11836) to work on /opt/airflow/dags/predict.py
[2026-01-31T01:47:30.727+0000] {processor.py:830} INFO - Processing file /opt/airflow/dags/predict.py for tasks to queue
[2026-01-31T01:47:30.729+0000] {logging_mixin.py:188} INFO - [2026-01-31T01:47:30.728+0000] {dagbag.py:545} INFO - Filling up the DagBag from /opt/airflow/dags/predict.py
[2026-01-31T01:47:33.279+0000] {logging_mixin.py:188} WARNING - /opt/airflow/dags/predict.py:34 RemovedInAirflow3Warning: Function `days_ago` is deprecated and will be removed in Airflow 3.0. You can achieve equivalent behavior with `pendulum.today('UTC').add(days=-N, ...)`
[2026-01-31T01:47:33.281+0000] {logging_mixin.py:188} WARNING - /opt/airflow/dags/predict.py:29 RemovedInAirflow3Warning: Param `schedule_interval` is deprecated and will be removed in a future release. Please use `schedule` instead.
[2026-01-31T01:47:33.287+0000] {processor.py:840} INFO - DAG(s) 'ml_prediction_pipeline' retrieved from /opt/airflow/dags/predict.py
[2026-01-31T01:47:33.310+0000] {logging_mixin.py:188} INFO - [2026-01-31T01:47:33.310+0000] {dag.py:3096} INFO - Sync 1 DAGs
[2026-01-31T01:47:33.329+0000] {logging_mixin.py:188} INFO - [2026-01-31T01:47:33.329+0000] {dag.py:3954} INFO - Setting next_dagrun for ml_prediction_pipeline to 2026-01-30 00:00:00+00:00, run_after=2026-01-31 00:00:00+00:00
[2026-01-31T01:47:33.348+0000] {processor.py:183} INFO - Processing /opt/airflow/dags/predict.py took 2.628 seconds
[2026-01-31T01:48:04.364+0000] {processor.py:161} INFO - Started process (PID=11883) to work on /opt/airflow/dags/predict.py
[2026-01-31T01:48:04.365+0000] {processor.py:830} INFO - Processing file /opt/airflow/dags/predict.py for tasks to queue
[2026-01-31T01:48:04.366+0000] {logging_mixin.py:188} INFO - [2026-01-31T01:48:04.366+0000] {dagbag.py:545} INFO - Filling up the DagBag from /opt/airflow/dags/predict.py
[2026-01-31T01:48:06.218+0000] {logging_mixin.py:188} WARNING - /opt/airflow/dags/predict.py:34 RemovedInAirflow3Warning: Function `days_ago` is deprecated and will be removed in Airflow 3.0. You can achieve equivalent behavior with `pendulum.today('UTC').add(days=-N, ...)`
[2026-01-31T01:48:06.219+0000] {logging_mixin.py:188} WARNING - /opt/airflow/dags/predict.py:29 RemovedInAirflow3Warning: Param `schedule_interval` is deprecated and will be removed in a future release. Please use `schedule` instead.
[2026-01-31T01:48:06.223+0000] {processor.py:840} INFO - DAG(s) 'ml_prediction_pipeline' retrieved from /opt/airflow/dags/predict.py
[2026-01-31T01:48:06.241+0000] {logging_mixin.py:188} INFO - [2026-01-31T01:48:06.240+0000] {dag.py:3096} INFO - Sync 1 DAGs
[2026-01-31T01:48:06.255+0000] {logging_mixin.py:188} INFO - [2026-01-31T01:48:06.255+0000] {dag.py:3954} INFO - Setting next_dagrun for ml_prediction_pipeline to 2026-01-30 00:00:00+00:00, run_after=2026-01-31 00:00:00+00:00
[2026-01-31T01:48:06.271+0000] {processor.py:183} INFO - Processing /opt/airflow/dags/predict.py took 1.911 seconds
[2026-01-31T01:48:36.703+0000] {processor.py:161} INFO - Started process (PID=11930) to work on /opt/airflow/dags/predict.py
[2026-01-31T01:48:36.704+0000] {processor.py:830} INFO - Processing file /opt/airflow/dags/predict.py for tasks to queue
[2026-01-31T01:48:36.705+0000] {logging_mixin.py:188} INFO - [2026-01-31T01:48:36.705+0000] {dagbag.py:545} INFO - Filling up the DagBag from /opt/airflow/dags/predict.py
[2026-01-31T01:48:38.628+0000] {logging_mixin.py:188} WARNING - /opt/airflow/dags/predict.py:34 RemovedInAirflow3Warning: Function `days_ago` is deprecated and will be removed in Airflow 3.0. You can achieve equivalent behavior with `pendulum.today('UTC').add(days=-N, ...)`
[2026-01-31T01:48:38.629+0000] {logging_mixin.py:188} WARNING - /opt/airflow/dags/predict.py:29 RemovedInAirflow3Warning: Param `schedule_interval` is deprecated and will be removed in a future release. Please use `schedule` instead.
[2026-01-31T01:48:38.633+0000] {processor.py:840} INFO - DAG(s) 'ml_prediction_pipeline' retrieved from /opt/airflow/dags/predict.py
[2026-01-31T01:48:38.651+0000] {logging_mixin.py:188} INFO - [2026-01-31T01:48:38.651+0000] {dag.py:3096} INFO - Sync 1 DAGs
[2026-01-31T01:48:38.668+0000] {logging_mixin.py:188} INFO - [2026-01-31T01:48:38.668+0000] {dag.py:3954} INFO - Setting next_dagrun for ml_prediction_pipeline to 2026-01-30 00:00:00+00:00, run_after=2026-01-31 00:00:00+00:00
[2026-01-31T01:48:38.683+0000] {processor.py:183} INFO - Processing /opt/airflow/dags/predict.py took 1.985 seconds
[2026-01-31T01:49:09.644+0000] {processor.py:161} INFO - Started process (PID=11977) to work on /opt/airflow/dags/predict.py
[2026-01-31T01:49:09.644+0000] {processor.py:830} INFO - Processing file /opt/airflow/dags/predict.py for tasks to queue
[2026-01-31T01:49:09.645+0000] {logging_mixin.py:188} INFO - [2026-01-31T01:49:09.645+0000] {dagbag.py:545} INFO - Filling up the DagBag from /opt/airflow/dags/predict.py
[2026-01-31T01:49:11.365+0000] {logging_mixin.py:188} WARNING - /opt/airflow/dags/predict.py:34 RemovedInAirflow3Warning: Function `days_ago` is deprecated and will be removed in Airflow 3.0. You can achieve equivalent behavior with `pendulum.today('UTC').add(days=-N, ...)`
[2026-01-31T01:49:11.366+0000] {logging_mixin.py:188} WARNING - /opt/airflow/dags/predict.py:29 RemovedInAirflow3Warning: Param `schedule_interval` is deprecated and will be removed in a future release. Please use `schedule` instead.
[2026-01-31T01:49:11.371+0000] {processor.py:840} INFO - DAG(s) 'ml_prediction_pipeline' retrieved from /opt/airflow/dags/predict.py
[2026-01-31T01:49:11.392+0000] {logging_mixin.py:188} INFO - [2026-01-31T01:49:11.391+0000] {dag.py:3096} INFO - Sync 1 DAGs
[2026-01-31T01:49:11.407+0000] {logging_mixin.py:188} INFO - [2026-01-31T01:49:11.407+0000] {dag.py:3954} INFO - Setting next_dagrun for ml_prediction_pipeline to 2026-01-30 00:00:00+00:00, run_after=2026-01-31 00:00:00+00:00
[2026-01-31T01:49:11.425+0000] {processor.py:183} INFO - Processing /opt/airflow/dags/predict.py took 1.786 seconds
[2026-01-31T01:49:42.411+0000] {processor.py:161} INFO - Started process (PID=12024) to work on /opt/airflow/dags/predict.py
[2026-01-31T01:49:42.413+0000] {processor.py:830} INFO - Processing file /opt/airflow/dags/predict.py for tasks to queue
[2026-01-31T01:49:42.414+0000] {logging_mixin.py:188} INFO - [2026-01-31T01:49:42.414+0000] {dagbag.py:545} INFO - Filling up the DagBag from /opt/airflow/dags/predict.py
[2026-01-31T01:49:44.165+0000] {logging_mixin.py:188} WARNING - /opt/airflow/dags/predict.py:34 RemovedInAirflow3Warning: Function `days_ago` is deprecated and will be removed in Airflow 3.0. You can achieve equivalent behavior with `pendulum.today('UTC').add(days=-N, ...)`
[2026-01-31T01:49:44.166+0000] {logging_mixin.py:188} WARNING - /opt/airflow/dags/predict.py:29 RemovedInAirflow3Warning: Param `schedule_interval` is deprecated and will be removed in a future release. Please use `schedule` instead.
[2026-01-31T01:49:44.170+0000] {processor.py:840} INFO - DAG(s) 'ml_prediction_pipeline' retrieved from /opt/airflow/dags/predict.py
[2026-01-31T01:49:44.194+0000] {logging_mixin.py:188} INFO - [2026-01-31T01:49:44.193+0000] {dag.py:3096} INFO - Sync 1 DAGs
[2026-01-31T01:49:44.207+0000] {logging_mixin.py:188} INFO - [2026-01-31T01:49:44.207+0000] {dag.py:3954} INFO - Setting next_dagrun for ml_prediction_pipeline to 2026-01-30 00:00:00+00:00, run_after=2026-01-31 00:00:00+00:00
[2026-01-31T01:49:44.223+0000] {processor.py:183} INFO - Processing /opt/airflow/dags/predict.py took 1.817 seconds
[2026-01-31T01:50:15.220+0000] {processor.py:161} INFO - Started process (PID=12071) to work on /opt/airflow/dags/predict.py
[2026-01-31T01:50:15.221+0000] {processor.py:830} INFO - Processing file /opt/airflow/dags/predict.py for tasks to queue
[2026-01-31T01:50:15.222+0000] {logging_mixin.py:188} INFO - [2026-01-31T01:50:15.222+0000] {dagbag.py:545} INFO - Filling up the DagBag from /opt/airflow/dags/predict.py
[2026-01-31T01:50:16.945+0000] {logging_mixin.py:188} WARNING - /opt/airflow/dags/predict.py:34 RemovedInAirflow3Warning: Function `days_ago` is deprecated and will be removed in Airflow 3.0. You can achieve equivalent behavior with `pendulum.today('UTC').add(days=-N, ...)`
[2026-01-31T01:50:16.947+0000] {logging_mixin.py:188} WARNING - /opt/airflow/dags/predict.py:29 RemovedInAirflow3Warning: Param `schedule_interval` is deprecated and will be removed in a future release. Please use `schedule` instead.
[2026-01-31T01:50:16.950+0000] {processor.py:840} INFO - DAG(s) 'ml_prediction_pipeline' retrieved from /opt/airflow/dags/predict.py
[2026-01-31T01:50:16.970+0000] {logging_mixin.py:188} INFO - [2026-01-31T01:50:16.969+0000] {dag.py:3096} INFO - Sync 1 DAGs
[2026-01-31T01:50:16.984+0000] {logging_mixin.py:188} INFO - [2026-01-31T01:50:16.984+0000] {dag.py:3954} INFO - Setting next_dagrun for ml_prediction_pipeline to 2026-01-30 00:00:00+00:00, run_after=2026-01-31 00:00:00+00:00
[2026-01-31T01:50:16.998+0000] {processor.py:183} INFO - Processing /opt/airflow/dags/predict.py took 1.782 seconds
[2026-01-31T01:50:47.969+0000] {processor.py:161} INFO - Started process (PID=12118) to work on /opt/airflow/dags/predict.py
[2026-01-31T01:50:47.969+0000] {processor.py:830} INFO - Processing file /opt/airflow/dags/predict.py for tasks to queue
[2026-01-31T01:50:47.970+0000] {logging_mixin.py:188} INFO - [2026-01-31T01:50:47.970+0000] {dagbag.py:545} INFO - Filling up the DagBag from /opt/airflow/dags/predict.py
[2026-01-31T01:50:49.936+0000] {logging_mixin.py:188} WARNING - /opt/airflow/dags/predict.py:34 RemovedInAirflow3Warning: Function `days_ago` is deprecated and will be removed in Airflow 3.0. You can achieve equivalent behavior with `pendulum.today('UTC').add(days=-N, ...)`
[2026-01-31T01:50:49.937+0000] {logging_mixin.py:188} WARNING - /opt/airflow/dags/predict.py:29 RemovedInAirflow3Warning: Param `schedule_interval` is deprecated and will be removed in a future release. Please use `schedule` instead.
[2026-01-31T01:50:49.942+0000] {processor.py:840} INFO - DAG(s) 'ml_prediction_pipeline' retrieved from /opt/airflow/dags/predict.py
[2026-01-31T01:50:49.962+0000] {logging_mixin.py:188} INFO - [2026-01-31T01:50:49.961+0000] {dag.py:3096} INFO - Sync 1 DAGs
[2026-01-31T01:50:49.980+0000] {logging_mixin.py:188} INFO - [2026-01-31T01:50:49.980+0000] {dag.py:3954} INFO - Setting next_dagrun for ml_prediction_pipeline to 2026-01-30 00:00:00+00:00, run_after=2026-01-31 00:00:00+00:00
[2026-01-31T01:50:49.998+0000] {processor.py:183} INFO - Processing /opt/airflow/dags/predict.py took 2.033 seconds
[2026-01-31T01:51:20.965+0000] {processor.py:161} INFO - Started process (PID=12165) to work on /opt/airflow/dags/predict.py
[2026-01-31T01:51:20.967+0000] {processor.py:830} INFO - Processing file /opt/airflow/dags/predict.py for tasks to queue
[2026-01-31T01:51:20.970+0000] {logging_mixin.py:188} INFO - [2026-01-31T01:51:20.969+0000] {dagbag.py:545} INFO - Filling up the DagBag from /opt/airflow/dags/predict.py
[2026-01-31T01:51:22.956+0000] {logging_mixin.py:188} WARNING - /opt/airflow/dags/predict.py:34 RemovedInAirflow3Warning: Function `days_ago` is deprecated and will be removed in Airflow 3.0. You can achieve equivalent behavior with `pendulum.today('UTC').add(days=-N, ...)`
[2026-01-31T01:51:22.957+0000] {logging_mixin.py:188} WARNING - /opt/airflow/dags/predict.py:29 RemovedInAirflow3Warning: Param `schedule_interval` is deprecated and will be removed in a future release. Please use `schedule` instead.
[2026-01-31T01:51:22.962+0000] {processor.py:840} INFO - DAG(s) 'ml_prediction_pipeline' retrieved from /opt/airflow/dags/predict.py
[2026-01-31T01:51:22.980+0000] {logging_mixin.py:188} INFO - [2026-01-31T01:51:22.980+0000] {dag.py:3096} INFO - Sync 1 DAGs
[2026-01-31T01:51:22.994+0000] {logging_mixin.py:188} INFO - [2026-01-31T01:51:22.994+0000] {dag.py:3954} INFO - Setting next_dagrun for ml_prediction_pipeline to 2026-01-30 00:00:00+00:00, run_after=2026-01-31 00:00:00+00:00
[2026-01-31T01:51:23.011+0000] {processor.py:183} INFO - Processing /opt/airflow/dags/predict.py took 2.050 seconds
[2026-01-31T01:51:53.359+0000] {processor.py:161} INFO - Started process (PID=12212) to work on /opt/airflow/dags/predict.py
[2026-01-31T01:51:53.361+0000] {processor.py:830} INFO - Processing file /opt/airflow/dags/predict.py for tasks to queue
[2026-01-31T01:51:53.363+0000] {logging_mixin.py:188} INFO - [2026-01-31T01:51:53.362+0000] {dagbag.py:545} INFO - Filling up the DagBag from /opt/airflow/dags/predict.py
[2026-01-31T01:51:55.084+0000] {logging_mixin.py:188} WARNING - /opt/airflow/dags/predict.py:34 RemovedInAirflow3Warning: Function `days_ago` is deprecated and will be removed in Airflow 3.0. You can achieve equivalent behavior with `pendulum.today('UTC').add(days=-N, ...)`
[2026-01-31T01:51:55.087+0000] {logging_mixin.py:188} WARNING - /opt/airflow/dags/predict.py:29 RemovedInAirflow3Warning: Param `schedule_interval` is deprecated and will be removed in a future release. Please use `schedule` instead.
[2026-01-31T01:51:55.090+0000] {processor.py:840} INFO - DAG(s) 'ml_prediction_pipeline' retrieved from /opt/airflow/dags/predict.py
[2026-01-31T01:51:55.107+0000] {logging_mixin.py:188} INFO - [2026-01-31T01:51:55.107+0000] {dag.py:3096} INFO - Sync 1 DAGs
[2026-01-31T01:51:55.121+0000] {logging_mixin.py:188} INFO - [2026-01-31T01:51:55.121+0000] {dag.py:3954} INFO - Setting next_dagrun for ml_prediction_pipeline to 2026-01-30 00:00:00+00:00, run_after=2026-01-31 00:00:00+00:00
[2026-01-31T01:51:55.135+0000] {processor.py:183} INFO - Processing /opt/airflow/dags/predict.py took 1.780 seconds
[2026-01-31T01:52:26.715+0000] {processor.py:161} INFO - Started process (PID=12259) to work on /opt/airflow/dags/predict.py
[2026-01-31T01:52:26.716+0000] {processor.py:830} INFO - Processing file /opt/airflow/dags/predict.py for tasks to queue
[2026-01-31T01:52:26.717+0000] {logging_mixin.py:188} INFO - [2026-01-31T01:52:26.717+0000] {dagbag.py:545} INFO - Filling up the DagBag from /opt/airflow/dags/predict.py
[2026-01-31T01:52:28.426+0000] {logging_mixin.py:188} WARNING - /opt/airflow/dags/predict.py:34 RemovedInAirflow3Warning: Function `days_ago` is deprecated and will be removed in Airflow 3.0. You can achieve equivalent behavior with `pendulum.today('UTC').add(days=-N, ...)`
[2026-01-31T01:52:28.426+0000] {logging_mixin.py:188} WARNING - /opt/airflow/dags/predict.py:29 RemovedInAirflow3Warning: Param `schedule_interval` is deprecated and will be removed in a future release. Please use `schedule` instead.
[2026-01-31T01:52:28.430+0000] {processor.py:840} INFO - DAG(s) 'ml_prediction_pipeline' retrieved from /opt/airflow/dags/predict.py
[2026-01-31T01:52:28.448+0000] {logging_mixin.py:188} INFO - [2026-01-31T01:52:28.447+0000] {dag.py:3096} INFO - Sync 1 DAGs
[2026-01-31T01:52:28.462+0000] {logging_mixin.py:188} INFO - [2026-01-31T01:52:28.462+0000] {dag.py:3954} INFO - Setting next_dagrun for ml_prediction_pipeline to 2026-01-30 00:00:00+00:00, run_after=2026-01-31 00:00:00+00:00
[2026-01-31T01:52:28.475+0000] {processor.py:183} INFO - Processing /opt/airflow/dags/predict.py took 1.764 seconds
[2026-01-31T01:52:59.159+0000] {processor.py:161} INFO - Started process (PID=12306) to work on /opt/airflow/dags/predict.py
[2026-01-31T01:52:59.160+0000] {processor.py:830} INFO - Processing file /opt/airflow/dags/predict.py for tasks to queue
[2026-01-31T01:52:59.161+0000] {logging_mixin.py:188} INFO - [2026-01-31T01:52:59.161+0000] {dagbag.py:545} INFO - Filling up the DagBag from /opt/airflow/dags/predict.py
[2026-01-31T01:53:00.874+0000] {logging_mixin.py:188} WARNING - /opt/airflow/dags/predict.py:34 RemovedInAirflow3Warning: Function `days_ago` is deprecated and will be removed in Airflow 3.0. You can achieve equivalent behavior with `pendulum.today('UTC').add(days=-N, ...)`
[2026-01-31T01:53:00.874+0000] {logging_mixin.py:188} WARNING - /opt/airflow/dags/predict.py:29 RemovedInAirflow3Warning: Param `schedule_interval` is deprecated and will be removed in a future release. Please use `schedule` instead.
[2026-01-31T01:53:00.878+0000] {processor.py:840} INFO - DAG(s) 'ml_prediction_pipeline' retrieved from /opt/airflow/dags/predict.py
[2026-01-31T01:53:00.895+0000] {logging_mixin.py:188} INFO - [2026-01-31T01:53:00.895+0000] {dag.py:3096} INFO - Sync 1 DAGs
[2026-01-31T01:53:00.907+0000] {logging_mixin.py:188} INFO - [2026-01-31T01:53:00.907+0000] {dag.py:3954} INFO - Setting next_dagrun for ml_prediction_pipeline to 2026-01-30 00:00:00+00:00, run_after=2026-01-31 00:00:00+00:00
[2026-01-31T01:53:00.921+0000] {processor.py:183} INFO - Processing /opt/airflow/dags/predict.py took 1.767 seconds
[2026-01-31T01:53:32.348+0000] {processor.py:161} INFO - Started process (PID=12353) to work on /opt/airflow/dags/predict.py
[2026-01-31T01:53:32.349+0000] {processor.py:830} INFO - Processing file /opt/airflow/dags/predict.py for tasks to queue
[2026-01-31T01:53:32.351+0000] {logging_mixin.py:188} INFO - [2026-01-31T01:53:32.350+0000] {dagbag.py:545} INFO - Filling up the DagBag from /opt/airflow/dags/predict.py
[2026-01-31T01:53:34.120+0000] {logging_mixin.py:188} WARNING - /opt/airflow/dags/predict.py:34 RemovedInAirflow3Warning: Function `days_ago` is deprecated and will be removed in Airflow 3.0. You can achieve equivalent behavior with `pendulum.today('UTC').add(days=-N, ...)`
[2026-01-31T01:53:34.122+0000] {logging_mixin.py:188} WARNING - /opt/airflow/dags/predict.py:29 RemovedInAirflow3Warning: Param `schedule_interval` is deprecated and will be removed in a future release. Please use `schedule` instead.
[2026-01-31T01:53:34.126+0000] {processor.py:840} INFO - DAG(s) 'ml_prediction_pipeline' retrieved from /opt/airflow/dags/predict.py
[2026-01-31T01:53:34.142+0000] {logging_mixin.py:188} INFO - [2026-01-31T01:53:34.141+0000] {dag.py:3096} INFO - Sync 1 DAGs
[2026-01-31T01:53:34.155+0000] {logging_mixin.py:188} INFO - [2026-01-31T01:53:34.155+0000] {dag.py:3954} INFO - Setting next_dagrun for ml_prediction_pipeline to 2026-01-30 00:00:00+00:00, run_after=2026-01-31 00:00:00+00:00
[2026-01-31T01:53:34.168+0000] {processor.py:183} INFO - Processing /opt/airflow/dags/predict.py took 1.826 seconds
[2026-01-31T01:54:04.748+0000] {processor.py:161} INFO - Started process (PID=12400) to work on /opt/airflow/dags/predict.py
[2026-01-31T01:54:04.750+0000] {processor.py:830} INFO - Processing file /opt/airflow/dags/predict.py for tasks to queue
[2026-01-31T01:54:04.753+0000] {logging_mixin.py:188} INFO - [2026-01-31T01:54:04.752+0000] {dagbag.py:545} INFO - Filling up the DagBag from /opt/airflow/dags/predict.py
[2026-01-31T01:54:06.731+0000] {logging_mixin.py:188} WARNING - /opt/airflow/dags/predict.py:34 RemovedInAirflow3Warning: Function `days_ago` is deprecated and will be removed in Airflow 3.0. You can achieve equivalent behavior with `pendulum.today('UTC').add(days=-N, ...)`
[2026-01-31T01:54:06.732+0000] {logging_mixin.py:188} WARNING - /opt/airflow/dags/predict.py:29 RemovedInAirflow3Warning: Param `schedule_interval` is deprecated and will be removed in a future release. Please use `schedule` instead.
[2026-01-31T01:54:06.735+0000] {processor.py:840} INFO - DAG(s) 'ml_prediction_pipeline' retrieved from /opt/airflow/dags/predict.py
[2026-01-31T01:54:06.751+0000] {logging_mixin.py:188} INFO - [2026-01-31T01:54:06.751+0000] {dag.py:3096} INFO - Sync 1 DAGs
[2026-01-31T01:54:06.764+0000] {logging_mixin.py:188} INFO - [2026-01-31T01:54:06.764+0000] {dag.py:3954} INFO - Setting next_dagrun for ml_prediction_pipeline to 2026-01-30 00:00:00+00:00, run_after=2026-01-31 00:00:00+00:00
[2026-01-31T01:54:06.778+0000] {processor.py:183} INFO - Processing /opt/airflow/dags/predict.py took 2.035 seconds
[2026-01-31T01:54:37.788+0000] {processor.py:161} INFO - Started process (PID=12447) to work on /opt/airflow/dags/predict.py
[2026-01-31T01:54:37.791+0000] {processor.py:830} INFO - Processing file /opt/airflow/dags/predict.py for tasks to queue
[2026-01-31T01:54:37.793+0000] {logging_mixin.py:188} INFO - [2026-01-31T01:54:37.792+0000] {dagbag.py:545} INFO - Filling up the DagBag from /opt/airflow/dags/predict.py
[2026-01-31T01:54:39.756+0000] {logging_mixin.py:188} WARNING - /opt/airflow/dags/predict.py:34 RemovedInAirflow3Warning: Function `days_ago` is deprecated and will be removed in Airflow 3.0. You can achieve equivalent behavior with `pendulum.today('UTC').add(days=-N, ...)`
[2026-01-31T01:54:39.758+0000] {logging_mixin.py:188} WARNING - /opt/airflow/dags/predict.py:29 RemovedInAirflow3Warning: Param `schedule_interval` is deprecated and will be removed in a future release. Please use `schedule` instead.
[2026-01-31T01:54:39.761+0000] {processor.py:840} INFO - DAG(s) 'ml_prediction_pipeline' retrieved from /opt/airflow/dags/predict.py
[2026-01-31T01:54:39.784+0000] {logging_mixin.py:188} INFO - [2026-01-31T01:54:39.783+0000] {dag.py:3096} INFO - Sync 1 DAGs
[2026-01-31T01:54:39.808+0000] {logging_mixin.py:188} INFO - [2026-01-31T01:54:39.808+0000] {dag.py:3954} INFO - Setting next_dagrun for ml_prediction_pipeline to 2026-01-30 00:00:00+00:00, run_after=2026-01-31 00:00:00+00:00
[2026-01-31T01:54:39.827+0000] {processor.py:183} INFO - Processing /opt/airflow/dags/predict.py took 2.045 seconds
[2026-01-31T01:55:10.843+0000] {processor.py:161} INFO - Started process (PID=12494) to work on /opt/airflow/dags/predict.py
[2026-01-31T01:55:10.844+0000] {processor.py:830} INFO - Processing file /opt/airflow/dags/predict.py for tasks to queue
[2026-01-31T01:55:10.845+0000] {logging_mixin.py:188} INFO - [2026-01-31T01:55:10.845+0000] {dagbag.py:545} INFO - Filling up the DagBag from /opt/airflow/dags/predict.py
[2026-01-31T01:55:12.752+0000] {logging_mixin.py:188} WARNING - /opt/airflow/dags/predict.py:34 RemovedInAirflow3Warning: Function `days_ago` is deprecated and will be removed in Airflow 3.0. You can achieve equivalent behavior with `pendulum.today('UTC').add(days=-N, ...)`
[2026-01-31T01:55:12.753+0000] {logging_mixin.py:188} WARNING - /opt/airflow/dags/predict.py:29 RemovedInAirflow3Warning: Param `schedule_interval` is deprecated and will be removed in a future release. Please use `schedule` instead.
[2026-01-31T01:55:12.757+0000] {processor.py:840} INFO - DAG(s) 'ml_prediction_pipeline' retrieved from /opt/airflow/dags/predict.py
[2026-01-31T01:55:12.773+0000] {logging_mixin.py:188} INFO - [2026-01-31T01:55:12.773+0000] {dag.py:3096} INFO - Sync 1 DAGs
[2026-01-31T01:55:12.787+0000] {logging_mixin.py:188} INFO - [2026-01-31T01:55:12.787+0000] {dag.py:3954} INFO - Setting next_dagrun for ml_prediction_pipeline to 2026-01-30 00:00:00+00:00, run_after=2026-01-31 00:00:00+00:00
[2026-01-31T01:55:12.801+0000] {processor.py:183} INFO - Processing /opt/airflow/dags/predict.py took 1.962 seconds
[2026-01-31T01:55:43.720+0000] {processor.py:161} INFO - Started process (PID=12541) to work on /opt/airflow/dags/predict.py
[2026-01-31T01:55:43.723+0000] {processor.py:830} INFO - Processing file /opt/airflow/dags/predict.py for tasks to queue
[2026-01-31T01:55:43.724+0000] {logging_mixin.py:188} INFO - [2026-01-31T01:55:43.724+0000] {dagbag.py:545} INFO - Filling up the DagBag from /opt/airflow/dags/predict.py
[2026-01-31T01:55:45.418+0000] {logging_mixin.py:188} WARNING - /opt/airflow/dags/predict.py:34 RemovedInAirflow3Warning: Function `days_ago` is deprecated and will be removed in Airflow 3.0. You can achieve equivalent behavior with `pendulum.today('UTC').add(days=-N, ...)`
[2026-01-31T01:55:45.419+0000] {logging_mixin.py:188} WARNING - /opt/airflow/dags/predict.py:29 RemovedInAirflow3Warning: Param `schedule_interval` is deprecated and will be removed in a future release. Please use `schedule` instead.
[2026-01-31T01:55:45.422+0000] {processor.py:840} INFO - DAG(s) 'ml_prediction_pipeline' retrieved from /opt/airflow/dags/predict.py
[2026-01-31T01:55:45.439+0000] {logging_mixin.py:188} INFO - [2026-01-31T01:55:45.438+0000] {dag.py:3096} INFO - Sync 1 DAGs
[2026-01-31T01:55:45.453+0000] {logging_mixin.py:188} INFO - [2026-01-31T01:55:45.453+0000] {dag.py:3954} INFO - Setting next_dagrun for ml_prediction_pipeline to 2026-01-30 00:00:00+00:00, run_after=2026-01-31 00:00:00+00:00
[2026-01-31T01:55:45.476+0000] {processor.py:183} INFO - Processing /opt/airflow/dags/predict.py took 1.760 seconds
[2026-01-31T01:56:16.517+0000] {processor.py:161} INFO - Started process (PID=12588) to work on /opt/airflow/dags/predict.py
[2026-01-31T01:56:16.517+0000] {processor.py:830} INFO - Processing file /opt/airflow/dags/predict.py for tasks to queue
[2026-01-31T01:56:16.519+0000] {logging_mixin.py:188} INFO - [2026-01-31T01:56:16.518+0000] {dagbag.py:545} INFO - Filling up the DagBag from /opt/airflow/dags/predict.py
[2026-01-31T01:56:18.243+0000] {logging_mixin.py:188} WARNING - /opt/airflow/dags/predict.py:34 RemovedInAirflow3Warning: Function `days_ago` is deprecated and will be removed in Airflow 3.0. You can achieve equivalent behavior with `pendulum.today('UTC').add(days=-N, ...)`
[2026-01-31T01:56:18.244+0000] {logging_mixin.py:188} WARNING - /opt/airflow/dags/predict.py:29 RemovedInAirflow3Warning: Param `schedule_interval` is deprecated and will be removed in a future release. Please use `schedule` instead.
[2026-01-31T01:56:18.247+0000] {processor.py:840} INFO - DAG(s) 'ml_prediction_pipeline' retrieved from /opt/airflow/dags/predict.py
[2026-01-31T01:56:18.266+0000] {logging_mixin.py:188} INFO - [2026-01-31T01:56:18.266+0000] {dag.py:3096} INFO - Sync 1 DAGs
[2026-01-31T01:56:18.280+0000] {logging_mixin.py:188} INFO - [2026-01-31T01:56:18.279+0000] {dag.py:3954} INFO - Setting next_dagrun for ml_prediction_pipeline to 2026-01-30 00:00:00+00:00, run_after=2026-01-31 00:00:00+00:00
[2026-01-31T01:56:18.296+0000] {processor.py:183} INFO - Processing /opt/airflow/dags/predict.py took 1.783 seconds
[2026-01-31T01:56:49.391+0000] {processor.py:161} INFO - Started process (PID=12635) to work on /opt/airflow/dags/predict.py
[2026-01-31T01:56:49.393+0000] {processor.py:830} INFO - Processing file /opt/airflow/dags/predict.py for tasks to queue
[2026-01-31T01:56:49.394+0000] {logging_mixin.py:188} INFO - [2026-01-31T01:56:49.394+0000] {dagbag.py:545} INFO - Filling up the DagBag from /opt/airflow/dags/predict.py
[2026-01-31T01:56:51.112+0000] {logging_mixin.py:188} WARNING - /opt/airflow/dags/predict.py:34 RemovedInAirflow3Warning: Function `days_ago` is deprecated and will be removed in Airflow 3.0. You can achieve equivalent behavior with `pendulum.today('UTC').add(days=-N, ...)`
[2026-01-31T01:56:51.113+0000] {logging_mixin.py:188} WARNING - /opt/airflow/dags/predict.py:29 RemovedInAirflow3Warning: Param `schedule_interval` is deprecated and will be removed in a future release. Please use `schedule` instead.
[2026-01-31T01:56:51.116+0000] {processor.py:840} INFO - DAG(s) 'ml_prediction_pipeline' retrieved from /opt/airflow/dags/predict.py
[2026-01-31T01:56:51.132+0000] {logging_mixin.py:188} INFO - [2026-01-31T01:56:51.132+0000] {dag.py:3096} INFO - Sync 1 DAGs
[2026-01-31T01:56:51.147+0000] {logging_mixin.py:188} INFO - [2026-01-31T01:56:51.147+0000] {dag.py:3954} INFO - Setting next_dagrun for ml_prediction_pipeline to 2026-01-30 00:00:00+00:00, run_after=2026-01-31 00:00:00+00:00
[2026-01-31T01:56:51.161+0000] {processor.py:183} INFO - Processing /opt/airflow/dags/predict.py took 1.774 seconds
[2026-01-31T01:57:22.226+0000] {processor.py:161} INFO - Started process (PID=12682) to work on /opt/airflow/dags/predict.py
[2026-01-31T01:57:22.227+0000] {processor.py:830} INFO - Processing file /opt/airflow/dags/predict.py for tasks to queue
[2026-01-31T01:57:22.228+0000] {logging_mixin.py:188} INFO - [2026-01-31T01:57:22.228+0000] {dagbag.py:545} INFO - Filling up the DagBag from /opt/airflow/dags/predict.py
[2026-01-31T01:57:24.063+0000] {logging_mixin.py:188} WARNING - /opt/airflow/dags/predict.py:34 RemovedInAirflow3Warning: Function `days_ago` is deprecated and will be removed in Airflow 3.0. You can achieve equivalent behavior with `pendulum.today('UTC').add(days=-N, ...)`
[2026-01-31T01:57:24.064+0000] {logging_mixin.py:188} WARNING - /opt/airflow/dags/predict.py:29 RemovedInAirflow3Warning: Param `schedule_interval` is deprecated and will be removed in a future release. Please use `schedule` instead.
[2026-01-31T01:57:24.069+0000] {processor.py:840} INFO - DAG(s) 'ml_prediction_pipeline' retrieved from /opt/airflow/dags/predict.py
[2026-01-31T01:57:24.089+0000] {logging_mixin.py:188} INFO - [2026-01-31T01:57:24.089+0000] {dag.py:3096} INFO - Sync 1 DAGs
[2026-01-31T01:57:24.103+0000] {logging_mixin.py:188} INFO - [2026-01-31T01:57:24.103+0000] {dag.py:3954} INFO - Setting next_dagrun for ml_prediction_pipeline to 2026-01-30 00:00:00+00:00, run_after=2026-01-31 00:00:00+00:00
[2026-01-31T01:57:24.120+0000] {processor.py:183} INFO - Processing /opt/airflow/dags/predict.py took 1.899 seconds
[2026-01-31T01:57:55.118+0000] {processor.py:161} INFO - Started process (PID=12729) to work on /opt/airflow/dags/predict.py
[2026-01-31T01:57:55.120+0000] {processor.py:830} INFO - Processing file /opt/airflow/dags/predict.py for tasks to queue
[2026-01-31T01:57:55.121+0000] {logging_mixin.py:188} INFO - [2026-01-31T01:57:55.121+0000] {dagbag.py:545} INFO - Filling up the DagBag from /opt/airflow/dags/predict.py
[2026-01-31T01:57:56.821+0000] {logging_mixin.py:188} WARNING - /opt/airflow/dags/predict.py:34 RemovedInAirflow3Warning: Function `days_ago` is deprecated and will be removed in Airflow 3.0. You can achieve equivalent behavior with `pendulum.today('UTC').add(days=-N, ...)`
[2026-01-31T01:57:56.822+0000] {logging_mixin.py:188} WARNING - /opt/airflow/dags/predict.py:29 RemovedInAirflow3Warning: Param `schedule_interval` is deprecated and will be removed in a future release. Please use `schedule` instead.
[2026-01-31T01:57:56.825+0000] {processor.py:840} INFO - DAG(s) 'ml_prediction_pipeline' retrieved from /opt/airflow/dags/predict.py
[2026-01-31T01:57:56.842+0000] {logging_mixin.py:188} INFO - [2026-01-31T01:57:56.841+0000] {dag.py:3096} INFO - Sync 1 DAGs
[2026-01-31T01:57:56.854+0000] {logging_mixin.py:188} INFO - [2026-01-31T01:57:56.854+0000] {dag.py:3954} INFO - Setting next_dagrun for ml_prediction_pipeline to 2026-01-30 00:00:00+00:00, run_after=2026-01-31 00:00:00+00:00
[2026-01-31T01:57:56.867+0000] {processor.py:183} INFO - Processing /opt/airflow/dags/predict.py took 1.754 seconds
[2026-01-31T01:58:27.907+0000] {processor.py:161} INFO - Started process (PID=12776) to work on /opt/airflow/dags/predict.py
[2026-01-31T01:58:27.907+0000] {processor.py:830} INFO - Processing file /opt/airflow/dags/predict.py for tasks to queue
[2026-01-31T01:58:27.908+0000] {logging_mixin.py:188} INFO - [2026-01-31T01:58:27.908+0000] {dagbag.py:545} INFO - Filling up the DagBag from /opt/airflow/dags/predict.py
[2026-01-31T01:58:29.570+0000] {logging_mixin.py:188} WARNING - /opt/airflow/dags/predict.py:34 RemovedInAirflow3Warning: Function `days_ago` is deprecated and will be removed in Airflow 3.0. You can achieve equivalent behavior with `pendulum.today('UTC').add(days=-N, ...)`
[2026-01-31T01:58:29.571+0000] {logging_mixin.py:188} WARNING - /opt/airflow/dags/predict.py:29 RemovedInAirflow3Warning: Param `schedule_interval` is deprecated and will be removed in a future release. Please use `schedule` instead.
[2026-01-31T01:58:29.574+0000] {processor.py:840} INFO - DAG(s) 'ml_prediction_pipeline' retrieved from /opt/airflow/dags/predict.py
[2026-01-31T01:58:29.594+0000] {logging_mixin.py:188} INFO - [2026-01-31T01:58:29.593+0000] {dag.py:3096} INFO - Sync 1 DAGs
[2026-01-31T01:58:29.610+0000] {logging_mixin.py:188} INFO - [2026-01-31T01:58:29.609+0000] {dag.py:3954} INFO - Setting next_dagrun for ml_prediction_pipeline to 2026-01-30 00:00:00+00:00, run_after=2026-01-31 00:00:00+00:00
[2026-01-31T01:58:29.624+0000] {processor.py:183} INFO - Processing /opt/airflow/dags/predict.py took 1.721 seconds
[2026-01-31T01:59:00.687+0000] {processor.py:161} INFO - Started process (PID=12823) to work on /opt/airflow/dags/predict.py
[2026-01-31T01:59:00.689+0000] {processor.py:830} INFO - Processing file /opt/airflow/dags/predict.py for tasks to queue
[2026-01-31T01:59:00.690+0000] {logging_mixin.py:188} INFO - [2026-01-31T01:59:00.690+0000] {dagbag.py:545} INFO - Filling up the DagBag from /opt/airflow/dags/predict.py
[2026-01-31T01:59:02.496+0000] {logging_mixin.py:188} WARNING - /opt/airflow/dags/predict.py:34 RemovedInAirflow3Warning: Function `days_ago` is deprecated and will be removed in Airflow 3.0. You can achieve equivalent behavior with `pendulum.today('UTC').add(days=-N, ...)`
[2026-01-31T01:59:02.497+0000] {logging_mixin.py:188} WARNING - /opt/airflow/dags/predict.py:29 RemovedInAirflow3Warning: Param `schedule_interval` is deprecated and will be removed in a future release. Please use `schedule` instead.
[2026-01-31T01:59:02.501+0000] {processor.py:840} INFO - DAG(s) 'ml_prediction_pipeline' retrieved from /opt/airflow/dags/predict.py
[2026-01-31T01:59:02.519+0000] {logging_mixin.py:188} INFO - [2026-01-31T01:59:02.519+0000] {dag.py:3096} INFO - Sync 1 DAGs
[2026-01-31T01:59:02.534+0000] {logging_mixin.py:188} INFO - [2026-01-31T01:59:02.534+0000] {dag.py:3954} INFO - Setting next_dagrun for ml_prediction_pipeline to 2026-01-30 00:00:00+00:00, run_after=2026-01-31 00:00:00+00:00
[2026-01-31T01:59:02.549+0000] {processor.py:183} INFO - Processing /opt/airflow/dags/predict.py took 1.866 seconds
[2026-01-31T01:59:33.651+0000] {processor.py:161} INFO - Started process (PID=12870) to work on /opt/airflow/dags/predict.py
[2026-01-31T01:59:33.652+0000] {processor.py:830} INFO - Processing file /opt/airflow/dags/predict.py for tasks to queue
[2026-01-31T01:59:33.653+0000] {logging_mixin.py:188} INFO - [2026-01-31T01:59:33.652+0000] {dagbag.py:545} INFO - Filling up the DagBag from /opt/airflow/dags/predict.py
[2026-01-31T01:59:35.443+0000] {logging_mixin.py:188} WARNING - /opt/airflow/dags/predict.py:34 RemovedInAirflow3Warning: Function `days_ago` is deprecated and will be removed in Airflow 3.0. You can achieve equivalent behavior with `pendulum.today('UTC').add(days=-N, ...)`
[2026-01-31T01:59:35.444+0000] {logging_mixin.py:188} WARNING - /opt/airflow/dags/predict.py:29 RemovedInAirflow3Warning: Param `schedule_interval` is deprecated and will be removed in a future release. Please use `schedule` instead.
[2026-01-31T01:59:35.447+0000] {processor.py:840} INFO - DAG(s) 'ml_prediction_pipeline' retrieved from /opt/airflow/dags/predict.py
[2026-01-31T01:59:35.465+0000] {logging_mixin.py:188} INFO - [2026-01-31T01:59:35.465+0000] {dag.py:3096} INFO - Sync 1 DAGs
[2026-01-31T01:59:35.478+0000] {logging_mixin.py:188} INFO - [2026-01-31T01:59:35.478+0000] {dag.py:3954} INFO - Setting next_dagrun for ml_prediction_pipeline to 2026-01-30 00:00:00+00:00, run_after=2026-01-31 00:00:00+00:00
[2026-01-31T01:59:35.492+0000] {processor.py:183} INFO - Processing /opt/airflow/dags/predict.py took 1.845 seconds
[2026-01-31T02:00:06.447+0000] {processor.py:161} INFO - Started process (PID=12917) to work on /opt/airflow/dags/predict.py
[2026-01-31T02:00:06.450+0000] {processor.py:830} INFO - Processing file /opt/airflow/dags/predict.py for tasks to queue
[2026-01-31T02:00:06.452+0000] {logging_mixin.py:188} INFO - [2026-01-31T02:00:06.451+0000] {dagbag.py:545} INFO - Filling up the DagBag from /opt/airflow/dags/predict.py
[2026-01-31T02:00:08.101+0000] {logging_mixin.py:188} WARNING - /opt/airflow/dags/predict.py:34 RemovedInAirflow3Warning: Function `days_ago` is deprecated and will be removed in Airflow 3.0. You can achieve equivalent behavior with `pendulum.today('UTC').add(days=-N, ...)`
[2026-01-31T02:00:08.102+0000] {logging_mixin.py:188} WARNING - /opt/airflow/dags/predict.py:29 RemovedInAirflow3Warning: Param `schedule_interval` is deprecated and will be removed in a future release. Please use `schedule` instead.
[2026-01-31T02:00:08.105+0000] {processor.py:840} INFO - DAG(s) 'ml_prediction_pipeline' retrieved from /opt/airflow/dags/predict.py
[2026-01-31T02:00:08.122+0000] {logging_mixin.py:188} INFO - [2026-01-31T02:00:08.122+0000] {dag.py:3096} INFO - Sync 1 DAGs
[2026-01-31T02:00:08.136+0000] {logging_mixin.py:188} INFO - [2026-01-31T02:00:08.136+0000] {dag.py:3954} INFO - Setting next_dagrun for ml_prediction_pipeline to 2026-01-30 00:00:00+00:00, run_after=2026-01-31 00:00:00+00:00
[2026-01-31T02:00:08.151+0000] {processor.py:183} INFO - Processing /opt/airflow/dags/predict.py took 1.708 seconds
[2026-01-31T02:00:39.533+0000] {processor.py:161} INFO - Started process (PID=12964) to work on /opt/airflow/dags/predict.py
[2026-01-31T02:00:39.534+0000] {processor.py:830} INFO - Processing file /opt/airflow/dags/predict.py for tasks to queue
[2026-01-31T02:00:39.537+0000] {logging_mixin.py:188} INFO - [2026-01-31T02:00:39.536+0000] {dagbag.py:545} INFO - Filling up the DagBag from /opt/airflow/dags/predict.py
[2026-01-31T02:00:41.387+0000] {logging_mixin.py:188} WARNING - /opt/airflow/dags/predict.py:34 RemovedInAirflow3Warning: Function `days_ago` is deprecated and will be removed in Airflow 3.0. You can achieve equivalent behavior with `pendulum.today('UTC').add(days=-N, ...)`
[2026-01-31T02:00:41.388+0000] {logging_mixin.py:188} WARNING - /opt/airflow/dags/predict.py:29 RemovedInAirflow3Warning: Param `schedule_interval` is deprecated and will be removed in a future release. Please use `schedule` instead.
[2026-01-31T02:00:41.392+0000] {processor.py:840} INFO - DAG(s) 'ml_prediction_pipeline' retrieved from /opt/airflow/dags/predict.py
[2026-01-31T02:00:41.408+0000] {logging_mixin.py:188} INFO - [2026-01-31T02:00:41.408+0000] {dag.py:3096} INFO - Sync 1 DAGs
[2026-01-31T02:00:41.421+0000] {logging_mixin.py:188} INFO - [2026-01-31T02:00:41.421+0000] {dag.py:3954} INFO - Setting next_dagrun for ml_prediction_pipeline to 2026-01-30 00:00:00+00:00, run_after=2026-01-31 00:00:00+00:00
[2026-01-31T02:00:41.436+0000] {processor.py:183} INFO - Processing /opt/airflow/dags/predict.py took 1.908 seconds
[2026-01-31T02:01:12.476+0000] {processor.py:161} INFO - Started process (PID=13011) to work on /opt/airflow/dags/predict.py
[2026-01-31T02:01:12.478+0000] {processor.py:830} INFO - Processing file /opt/airflow/dags/predict.py for tasks to queue
[2026-01-31T02:01:12.480+0000] {logging_mixin.py:188} INFO - [2026-01-31T02:01:12.479+0000] {dagbag.py:545} INFO - Filling up the DagBag from /opt/airflow/dags/predict.py
[2026-01-31T02:01:14.915+0000] {logging_mixin.py:188} WARNING - /opt/airflow/dags/predict.py:34 RemovedInAirflow3Warning: Function `days_ago` is deprecated and will be removed in Airflow 3.0. You can achieve equivalent behavior with `pendulum.today('UTC').add(days=-N, ...)`
[2026-01-31T02:01:14.916+0000] {logging_mixin.py:188} WARNING - /opt/airflow/dags/predict.py:29 RemovedInAirflow3Warning: Param `schedule_interval` is deprecated and will be removed in a future release. Please use `schedule` instead.
[2026-01-31T02:01:14.920+0000] {processor.py:840} INFO - DAG(s) 'ml_prediction_pipeline' retrieved from /opt/airflow/dags/predict.py
[2026-01-31T02:01:14.937+0000] {logging_mixin.py:188} INFO - [2026-01-31T02:01:14.936+0000] {dag.py:3096} INFO - Sync 1 DAGs
[2026-01-31T02:01:14.951+0000] {logging_mixin.py:188} INFO - [2026-01-31T02:01:14.951+0000] {dag.py:3954} INFO - Setting next_dagrun for ml_prediction_pipeline to 2026-01-30 00:00:00+00:00, run_after=2026-01-31 00:00:00+00:00
[2026-01-31T02:01:14.965+0000] {processor.py:183} INFO - Processing /opt/airflow/dags/predict.py took 2.494 seconds
[2026-01-31T02:01:45.838+0000] {processor.py:161} INFO - Started process (PID=13058) to work on /opt/airflow/dags/predict.py
[2026-01-31T02:01:45.839+0000] {processor.py:830} INFO - Processing file /opt/airflow/dags/predict.py for tasks to queue
[2026-01-31T02:01:45.841+0000] {logging_mixin.py:188} INFO - [2026-01-31T02:01:45.841+0000] {dagbag.py:545} INFO - Filling up the DagBag from /opt/airflow/dags/predict.py
[2026-01-31T02:01:48.163+0000] {logging_mixin.py:188} WARNING - /opt/airflow/dags/predict.py:34 RemovedInAirflow3Warning: Function `days_ago` is deprecated and will be removed in Airflow 3.0. You can achieve equivalent behavior with `pendulum.today('UTC').add(days=-N, ...)`
[2026-01-31T02:01:48.164+0000] {logging_mixin.py:188} WARNING - /opt/airflow/dags/predict.py:29 RemovedInAirflow3Warning: Param `schedule_interval` is deprecated and will be removed in a future release. Please use `schedule` instead.
[2026-01-31T02:01:48.172+0000] {processor.py:840} INFO - DAG(s) 'ml_prediction_pipeline' retrieved from /opt/airflow/dags/predict.py
[2026-01-31T02:01:48.204+0000] {logging_mixin.py:188} INFO - [2026-01-31T02:01:48.203+0000] {dag.py:3096} INFO - Sync 1 DAGs
[2026-01-31T02:01:48.232+0000] {logging_mixin.py:188} INFO - [2026-01-31T02:01:48.232+0000] {dag.py:3954} INFO - Setting next_dagrun for ml_prediction_pipeline to 2026-01-30 00:00:00+00:00, run_after=2026-01-31 00:00:00+00:00
[2026-01-31T02:01:48.257+0000] {processor.py:183} INFO - Processing /opt/airflow/dags/predict.py took 2.423 seconds
[2026-01-31T02:02:19.137+0000] {processor.py:161} INFO - Started process (PID=13109) to work on /opt/airflow/dags/predict.py
[2026-01-31T02:02:19.144+0000] {processor.py:830} INFO - Processing file /opt/airflow/dags/predict.py for tasks to queue
[2026-01-31T02:02:19.155+0000] {logging_mixin.py:188} INFO - [2026-01-31T02:02:19.154+0000] {dagbag.py:545} INFO - Filling up the DagBag from /opt/airflow/dags/predict.py
[2026-01-31T02:02:21.062+0000] {logging_mixin.py:188} WARNING - /opt/airflow/dags/predict.py:34 RemovedInAirflow3Warning: Function `days_ago` is deprecated and will be removed in Airflow 3.0. You can achieve equivalent behavior with `pendulum.today('UTC').add(days=-N, ...)`
[2026-01-31T02:02:21.062+0000] {logging_mixin.py:188} WARNING - /opt/airflow/dags/predict.py:29 RemovedInAirflow3Warning: Param `schedule_interval` is deprecated and will be removed in a future release. Please use `schedule` instead.
[2026-01-31T02:02:21.067+0000] {processor.py:840} INFO - DAG(s) 'ml_prediction_pipeline' retrieved from /opt/airflow/dags/predict.py
[2026-01-31T02:02:21.089+0000] {logging_mixin.py:188} INFO - [2026-01-31T02:02:21.089+0000] {dag.py:3096} INFO - Sync 1 DAGs
[2026-01-31T02:02:21.106+0000] {logging_mixin.py:188} INFO - [2026-01-31T02:02:21.105+0000] {dag.py:3954} INFO - Setting next_dagrun for ml_prediction_pipeline to 2026-01-30 00:00:00+00:00, run_after=2026-01-31 00:00:00+00:00
[2026-01-31T02:02:21.123+0000] {processor.py:183} INFO - Processing /opt/airflow/dags/predict.py took 1.991 seconds
[2026-01-31T02:02:51.260+0000] {processor.py:161} INFO - Started process (PID=13162) to work on /opt/airflow/dags/predict.py
[2026-01-31T02:02:51.260+0000] {processor.py:830} INFO - Processing file /opt/airflow/dags/predict.py for tasks to queue
[2026-01-31T02:02:51.262+0000] {logging_mixin.py:188} INFO - [2026-01-31T02:02:51.262+0000] {dagbag.py:545} INFO - Filling up the DagBag from /opt/airflow/dags/predict.py
[2026-01-31T02:02:53.628+0000] {logging_mixin.py:188} WARNING - /opt/airflow/dags/predict.py:34 RemovedInAirflow3Warning: Function `days_ago` is deprecated and will be removed in Airflow 3.0. You can achieve equivalent behavior with `pendulum.today('UTC').add(days=-N, ...)`
[2026-01-31T02:02:53.628+0000] {logging_mixin.py:188} WARNING - /opt/airflow/dags/predict.py:29 RemovedInAirflow3Warning: Param `schedule_interval` is deprecated and will be removed in a future release. Please use `schedule` instead.
[2026-01-31T02:02:53.633+0000] {processor.py:840} INFO - DAG(s) 'ml_prediction_pipeline' retrieved from /opt/airflow/dags/predict.py
[2026-01-31T02:02:53.649+0000] {logging_mixin.py:188} INFO - [2026-01-31T02:02:53.649+0000] {dag.py:3096} INFO - Sync 1 DAGs
[2026-01-31T02:02:53.663+0000] {logging_mixin.py:188} INFO - [2026-01-31T02:02:53.663+0000] {dag.py:3954} INFO - Setting next_dagrun for ml_prediction_pipeline to 2026-01-30 00:00:00+00:00, run_after=2026-01-31 00:00:00+00:00
[2026-01-31T02:02:53.677+0000] {processor.py:183} INFO - Processing /opt/airflow/dags/predict.py took 2.422 seconds
[2026-01-31T02:03:24.292+0000] {processor.py:161} INFO - Started process (PID=13199) to work on /opt/airflow/dags/predict.py
[2026-01-31T02:03:24.295+0000] {processor.py:830} INFO - Processing file /opt/airflow/dags/predict.py for tasks to queue
[2026-01-31T02:03:24.297+0000] {logging_mixin.py:188} INFO - [2026-01-31T02:03:24.296+0000] {dagbag.py:545} INFO - Filling up the DagBag from /opt/airflow/dags/predict.py
[2026-01-31T02:03:26.730+0000] {logging_mixin.py:188} WARNING - /opt/airflow/dags/predict.py:34 RemovedInAirflow3Warning: Function `days_ago` is deprecated and will be removed in Airflow 3.0. You can achieve equivalent behavior with `pendulum.today('UTC').add(days=-N, ...)`
[2026-01-31T02:03:26.732+0000] {logging_mixin.py:188} WARNING - /opt/airflow/dags/predict.py:29 RemovedInAirflow3Warning: Param `schedule_interval` is deprecated and will be removed in a future release. Please use `schedule` instead.
[2026-01-31T02:03:26.737+0000] {processor.py:840} INFO - DAG(s) 'ml_prediction_pipeline' retrieved from /opt/airflow/dags/predict.py
[2026-01-31T02:03:26.759+0000] {logging_mixin.py:188} INFO - [2026-01-31T02:03:26.759+0000] {dag.py:3096} INFO - Sync 1 DAGs
[2026-01-31T02:03:26.776+0000] {logging_mixin.py:188} INFO - [2026-01-31T02:03:26.776+0000] {dag.py:3954} INFO - Setting next_dagrun for ml_prediction_pipeline to 2026-01-30 00:00:00+00:00, run_after=2026-01-31 00:00:00+00:00
[2026-01-31T02:03:26.794+0000] {processor.py:183} INFO - Processing /opt/airflow/dags/predict.py took 2.508 seconds
[2026-01-31T02:03:56.877+0000] {processor.py:161} INFO - Started process (PID=13246) to work on /opt/airflow/dags/predict.py
[2026-01-31T02:03:56.878+0000] {processor.py:830} INFO - Processing file /opt/airflow/dags/predict.py for tasks to queue
[2026-01-31T02:03:56.882+0000] {logging_mixin.py:188} INFO - [2026-01-31T02:03:56.881+0000] {dagbag.py:545} INFO - Filling up the DagBag from /opt/airflow/dags/predict.py
[2026-01-31T02:03:59.398+0000] {logging_mixin.py:188} WARNING - /opt/airflow/dags/predict.py:34 RemovedInAirflow3Warning: Function `days_ago` is deprecated and will be removed in Airflow 3.0. You can achieve equivalent behavior with `pendulum.today('UTC').add(days=-N, ...)`
[2026-01-31T02:03:59.399+0000] {logging_mixin.py:188} WARNING - /opt/airflow/dags/predict.py:29 RemovedInAirflow3Warning: Param `schedule_interval` is deprecated and will be removed in a future release. Please use `schedule` instead.
[2026-01-31T02:03:59.404+0000] {processor.py:840} INFO - DAG(s) 'ml_prediction_pipeline' retrieved from /opt/airflow/dags/predict.py
[2026-01-31T02:03:59.427+0000] {logging_mixin.py:188} INFO - [2026-01-31T02:03:59.427+0000] {dag.py:3096} INFO - Sync 1 DAGs
[2026-01-31T02:03:59.447+0000] {logging_mixin.py:188} INFO - [2026-01-31T02:03:59.447+0000] {dag.py:3954} INFO - Setting next_dagrun for ml_prediction_pipeline to 2026-01-30 00:00:00+00:00, run_after=2026-01-31 00:00:00+00:00
[2026-01-31T02:03:59.466+0000] {processor.py:183} INFO - Processing /opt/airflow/dags/predict.py took 2.599 seconds
[2026-01-31T02:04:29.748+0000] {processor.py:161} INFO - Started process (PID=13293) to work on /opt/airflow/dags/predict.py
[2026-01-31T02:04:29.751+0000] {processor.py:830} INFO - Processing file /opt/airflow/dags/predict.py for tasks to queue
[2026-01-31T02:04:29.753+0000] {logging_mixin.py:188} INFO - [2026-01-31T02:04:29.753+0000] {dagbag.py:545} INFO - Filling up the DagBag from /opt/airflow/dags/predict.py
[2026-01-31T02:04:31.758+0000] {logging_mixin.py:188} WARNING - /opt/airflow/dags/predict.py:34 RemovedInAirflow3Warning: Function `days_ago` is deprecated and will be removed in Airflow 3.0. You can achieve equivalent behavior with `pendulum.today('UTC').add(days=-N, ...)`
[2026-01-31T02:04:31.759+0000] {logging_mixin.py:188} WARNING - /opt/airflow/dags/predict.py:29 RemovedInAirflow3Warning: Param `schedule_interval` is deprecated and will be removed in a future release. Please use `schedule` instead.
[2026-01-31T02:04:31.762+0000] {processor.py:840} INFO - DAG(s) 'ml_prediction_pipeline' retrieved from /opt/airflow/dags/predict.py
[2026-01-31T02:04:31.794+0000] {logging_mixin.py:188} INFO - [2026-01-31T02:04:31.794+0000] {dag.py:3096} INFO - Sync 1 DAGs
[2026-01-31T02:04:31.819+0000] {logging_mixin.py:188} INFO - [2026-01-31T02:04:31.819+0000] {dag.py:3954} INFO - Setting next_dagrun for ml_prediction_pipeline to 2026-01-30 00:00:00+00:00, run_after=2026-01-31 00:00:00+00:00
[2026-01-31T02:04:31.839+0000] {processor.py:183} INFO - Processing /opt/airflow/dags/predict.py took 2.096 seconds
[2026-01-31T02:05:02.572+0000] {processor.py:161} INFO - Started process (PID=13340) to work on /opt/airflow/dags/predict.py
[2026-01-31T02:05:02.573+0000] {processor.py:830} INFO - Processing file /opt/airflow/dags/predict.py for tasks to queue
[2026-01-31T02:05:02.574+0000] {logging_mixin.py:188} INFO - [2026-01-31T02:05:02.574+0000] {dagbag.py:545} INFO - Filling up the DagBag from /opt/airflow/dags/predict.py
[2026-01-31T02:05:04.346+0000] {logging_mixin.py:188} WARNING - /opt/airflow/dags/predict.py:34 RemovedInAirflow3Warning: Function `days_ago` is deprecated and will be removed in Airflow 3.0. You can achieve equivalent behavior with `pendulum.today('UTC').add(days=-N, ...)`
[2026-01-31T02:05:04.347+0000] {logging_mixin.py:188} WARNING - /opt/airflow/dags/predict.py:29 RemovedInAirflow3Warning: Param `schedule_interval` is deprecated and will be removed in a future release. Please use `schedule` instead.
[2026-01-31T02:05:04.351+0000] {processor.py:840} INFO - DAG(s) 'ml_prediction_pipeline' retrieved from /opt/airflow/dags/predict.py
[2026-01-31T02:05:04.376+0000] {logging_mixin.py:188} INFO - [2026-01-31T02:05:04.376+0000] {dag.py:3096} INFO - Sync 1 DAGs
[2026-01-31T02:05:04.392+0000] {logging_mixin.py:188} INFO - [2026-01-31T02:05:04.392+0000] {dag.py:3954} INFO - Setting next_dagrun for ml_prediction_pipeline to 2026-01-30 00:00:00+00:00, run_after=2026-01-31 00:00:00+00:00
[2026-01-31T02:05:04.406+0000] {processor.py:183} INFO - Processing /opt/airflow/dags/predict.py took 1.839 seconds
[2026-01-31T02:05:35.482+0000] {processor.py:161} INFO - Started process (PID=13387) to work on /opt/airflow/dags/predict.py
[2026-01-31T02:05:35.484+0000] {processor.py:830} INFO - Processing file /opt/airflow/dags/predict.py for tasks to queue
[2026-01-31T02:05:35.485+0000] {logging_mixin.py:188} INFO - [2026-01-31T02:05:35.485+0000] {dagbag.py:545} INFO - Filling up the DagBag from /opt/airflow/dags/predict.py
[2026-01-31T02:05:37.246+0000] {logging_mixin.py:188} WARNING - /opt/airflow/dags/predict.py:34 RemovedInAirflow3Warning: Function `days_ago` is deprecated and will be removed in Airflow 3.0. You can achieve equivalent behavior with `pendulum.today('UTC').add(days=-N, ...)`
[2026-01-31T02:05:37.247+0000] {logging_mixin.py:188} WARNING - /opt/airflow/dags/predict.py:29 RemovedInAirflow3Warning: Param `schedule_interval` is deprecated and will be removed in a future release. Please use `schedule` instead.
[2026-01-31T02:05:37.250+0000] {processor.py:840} INFO - DAG(s) 'ml_prediction_pipeline' retrieved from /opt/airflow/dags/predict.py
[2026-01-31T02:05:37.266+0000] {logging_mixin.py:188} INFO - [2026-01-31T02:05:37.266+0000] {dag.py:3096} INFO - Sync 1 DAGs
[2026-01-31T02:05:37.279+0000] {logging_mixin.py:188} INFO - [2026-01-31T02:05:37.279+0000] {dag.py:3954} INFO - Setting next_dagrun for ml_prediction_pipeline to 2026-01-30 00:00:00+00:00, run_after=2026-01-31 00:00:00+00:00
[2026-01-31T02:05:37.294+0000] {processor.py:183} INFO - Processing /opt/airflow/dags/predict.py took 1.816 seconds
[2026-01-31T02:06:08.387+0000] {processor.py:161} INFO - Started process (PID=13434) to work on /opt/airflow/dags/predict.py
[2026-01-31T02:06:08.388+0000] {processor.py:830} INFO - Processing file /opt/airflow/dags/predict.py for tasks to queue
[2026-01-31T02:06:08.389+0000] {logging_mixin.py:188} INFO - [2026-01-31T02:06:08.389+0000] {dagbag.py:545} INFO - Filling up the DagBag from /opt/airflow/dags/predict.py
[2026-01-31T02:06:10.057+0000] {logging_mixin.py:188} WARNING - /opt/airflow/dags/predict.py:34 RemovedInAirflow3Warning: Function `days_ago` is deprecated and will be removed in Airflow 3.0. You can achieve equivalent behavior with `pendulum.today('UTC').add(days=-N, ...)`
[2026-01-31T02:06:10.057+0000] {logging_mixin.py:188} WARNING - /opt/airflow/dags/predict.py:29 RemovedInAirflow3Warning: Param `schedule_interval` is deprecated and will be removed in a future release. Please use `schedule` instead.
[2026-01-31T02:06:10.062+0000] {processor.py:840} INFO - DAG(s) 'ml_prediction_pipeline' retrieved from /opt/airflow/dags/predict.py
[2026-01-31T02:06:10.081+0000] {logging_mixin.py:188} INFO - [2026-01-31T02:06:10.080+0000] {dag.py:3096} INFO - Sync 1 DAGs
[2026-01-31T02:06:10.095+0000] {logging_mixin.py:188} INFO - [2026-01-31T02:06:10.094+0000] {dag.py:3954} INFO - Setting next_dagrun for ml_prediction_pipeline to 2026-01-30 00:00:00+00:00, run_after=2026-01-31 00:00:00+00:00
[2026-01-31T02:06:10.111+0000] {processor.py:183} INFO - Processing /opt/airflow/dags/predict.py took 1.728 seconds
[2026-01-31T02:06:41.604+0000] {processor.py:161} INFO - Started process (PID=13481) to work on /opt/airflow/dags/predict.py
[2026-01-31T02:06:41.609+0000] {processor.py:830} INFO - Processing file /opt/airflow/dags/predict.py for tasks to queue
[2026-01-31T02:06:41.610+0000] {logging_mixin.py:188} INFO - [2026-01-31T02:06:41.610+0000] {dagbag.py:545} INFO - Filling up the DagBag from /opt/airflow/dags/predict.py
[2026-01-31T02:06:43.585+0000] {logging_mixin.py:188} WARNING - /opt/airflow/dags/predict.py:34 RemovedInAirflow3Warning: Function `days_ago` is deprecated and will be removed in Airflow 3.0. You can achieve equivalent behavior with `pendulum.today('UTC').add(days=-N, ...)`
[2026-01-31T02:06:43.586+0000] {logging_mixin.py:188} WARNING - /opt/airflow/dags/predict.py:29 RemovedInAirflow3Warning: Param `schedule_interval` is deprecated and will be removed in a future release. Please use `schedule` instead.
[2026-01-31T02:06:43.591+0000] {processor.py:840} INFO - DAG(s) 'ml_prediction_pipeline' retrieved from /opt/airflow/dags/predict.py
[2026-01-31T02:06:43.608+0000] {logging_mixin.py:188} INFO - [2026-01-31T02:06:43.608+0000] {dag.py:3096} INFO - Sync 1 DAGs
[2026-01-31T02:06:43.622+0000] {logging_mixin.py:188} INFO - [2026-01-31T02:06:43.622+0000] {dag.py:3954} INFO - Setting next_dagrun for ml_prediction_pipeline to 2026-01-30 00:00:00+00:00, run_after=2026-01-31 00:00:00+00:00
[2026-01-31T02:06:43.642+0000] {processor.py:183} INFO - Processing /opt/airflow/dags/predict.py took 2.042 seconds
[2026-01-31T02:07:14.709+0000] {processor.py:161} INFO - Started process (PID=13527) to work on /opt/airflow/dags/predict.py
[2026-01-31T02:07:14.711+0000] {processor.py:830} INFO - Processing file /opt/airflow/dags/predict.py for tasks to queue
[2026-01-31T02:07:14.713+0000] {logging_mixin.py:188} INFO - [2026-01-31T02:07:14.712+0000] {dagbag.py:545} INFO - Filling up the DagBag from /opt/airflow/dags/predict.py
[2026-01-31T02:07:16.385+0000] {logging_mixin.py:188} WARNING - /opt/airflow/dags/predict.py:34 RemovedInAirflow3Warning: Function `days_ago` is deprecated and will be removed in Airflow 3.0. You can achieve equivalent behavior with `pendulum.today('UTC').add(days=-N, ...)`
[2026-01-31T02:07:16.386+0000] {logging_mixin.py:188} WARNING - /opt/airflow/dags/predict.py:29 RemovedInAirflow3Warning: Param `schedule_interval` is deprecated and will be removed in a future release. Please use `schedule` instead.
[2026-01-31T02:07:16.389+0000] {processor.py:840} INFO - DAG(s) 'ml_prediction_pipeline' retrieved from /opt/airflow/dags/predict.py
[2026-01-31T02:07:16.404+0000] {logging_mixin.py:188} INFO - [2026-01-31T02:07:16.404+0000] {dag.py:3096} INFO - Sync 1 DAGs
[2026-01-31T02:07:16.417+0000] {logging_mixin.py:188} INFO - [2026-01-31T02:07:16.417+0000] {dag.py:3954} INFO - Setting next_dagrun for ml_prediction_pipeline to 2026-01-30 00:00:00+00:00, run_after=2026-01-31 00:00:00+00:00
[2026-01-31T02:07:16.432+0000] {processor.py:183} INFO - Processing /opt/airflow/dags/predict.py took 1.727 seconds
[2026-01-31T02:07:47.540+0000] {processor.py:161} INFO - Started process (PID=13574) to work on /opt/airflow/dags/predict.py
[2026-01-31T02:07:47.541+0000] {processor.py:830} INFO - Processing file /opt/airflow/dags/predict.py for tasks to queue
[2026-01-31T02:07:47.542+0000] {logging_mixin.py:188} INFO - [2026-01-31T02:07:47.542+0000] {dagbag.py:545} INFO - Filling up the DagBag from /opt/airflow/dags/predict.py
[2026-01-31T02:07:49.285+0000] {logging_mixin.py:188} WARNING - /opt/airflow/dags/predict.py:34 RemovedInAirflow3Warning: Function `days_ago` is deprecated and will be removed in Airflow 3.0. You can achieve equivalent behavior with `pendulum.today('UTC').add(days=-N, ...)`
[2026-01-31T02:07:49.287+0000] {logging_mixin.py:188} WARNING - /opt/airflow/dags/predict.py:29 RemovedInAirflow3Warning: Param `schedule_interval` is deprecated and will be removed in a future release. Please use `schedule` instead.
[2026-01-31T02:07:49.292+0000] {processor.py:840} INFO - DAG(s) 'ml_prediction_pipeline' retrieved from /opt/airflow/dags/predict.py
[2026-01-31T02:07:49.311+0000] {logging_mixin.py:188} INFO - [2026-01-31T02:07:49.311+0000] {dag.py:3096} INFO - Sync 1 DAGs
[2026-01-31T02:07:49.328+0000] {logging_mixin.py:188} INFO - [2026-01-31T02:07:49.327+0000] {dag.py:3954} INFO - Setting next_dagrun for ml_prediction_pipeline to 2026-01-30 00:00:00+00:00, run_after=2026-01-31 00:00:00+00:00
[2026-01-31T02:07:49.343+0000] {processor.py:183} INFO - Processing /opt/airflow/dags/predict.py took 1.807 seconds
[2026-01-31T02:08:20.484+0000] {processor.py:161} INFO - Started process (PID=13621) to work on /opt/airflow/dags/predict.py
[2026-01-31T02:08:20.484+0000] {processor.py:830} INFO - Processing file /opt/airflow/dags/predict.py for tasks to queue
[2026-01-31T02:08:20.485+0000] {logging_mixin.py:188} INFO - [2026-01-31T02:08:20.485+0000] {dagbag.py:545} INFO - Filling up the DagBag from /opt/airflow/dags/predict.py
[2026-01-31T02:08:22.191+0000] {logging_mixin.py:188} WARNING - /opt/airflow/dags/predict.py:34 RemovedInAirflow3Warning: Function `days_ago` is deprecated and will be removed in Airflow 3.0. You can achieve equivalent behavior with `pendulum.today('UTC').add(days=-N, ...)`
[2026-01-31T02:08:22.192+0000] {logging_mixin.py:188} WARNING - /opt/airflow/dags/predict.py:29 RemovedInAirflow3Warning: Param `schedule_interval` is deprecated and will be removed in a future release. Please use `schedule` instead.
[2026-01-31T02:08:22.197+0000] {processor.py:840} INFO - DAG(s) 'ml_prediction_pipeline' retrieved from /opt/airflow/dags/predict.py
[2026-01-31T02:08:22.215+0000] {logging_mixin.py:188} INFO - [2026-01-31T02:08:22.215+0000] {dag.py:3096} INFO - Sync 1 DAGs
[2026-01-31T02:08:22.229+0000] {logging_mixin.py:188} INFO - [2026-01-31T02:08:22.229+0000] {dag.py:3954} INFO - Setting next_dagrun for ml_prediction_pipeline to 2026-01-30 00:00:00+00:00, run_after=2026-01-31 00:00:00+00:00
[2026-01-31T02:08:22.243+0000] {processor.py:183} INFO - Processing /opt/airflow/dags/predict.py took 1.763 seconds
[2026-01-31T02:08:52.997+0000] {processor.py:161} INFO - Started process (PID=13668) to work on /opt/airflow/dags/predict.py
[2026-01-31T02:08:52.999+0000] {processor.py:830} INFO - Processing file /opt/airflow/dags/predict.py for tasks to queue
[2026-01-31T02:08:53.001+0000] {logging_mixin.py:188} INFO - [2026-01-31T02:08:53.001+0000] {dagbag.py:545} INFO - Filling up the DagBag from /opt/airflow/dags/predict.py
[2026-01-31T02:08:55.190+0000] {logging_mixin.py:188} WARNING - /opt/airflow/dags/predict.py:34 RemovedInAirflow3Warning: Function `days_ago` is deprecated and will be removed in Airflow 3.0. You can achieve equivalent behavior with `pendulum.today('UTC').add(days=-N, ...)`
[2026-01-31T02:08:55.191+0000] {logging_mixin.py:188} WARNING - /opt/airflow/dags/predict.py:29 RemovedInAirflow3Warning: Param `schedule_interval` is deprecated and will be removed in a future release. Please use `schedule` instead.
[2026-01-31T02:08:55.197+0000] {processor.py:840} INFO - DAG(s) 'ml_prediction_pipeline' retrieved from /opt/airflow/dags/predict.py
[2026-01-31T02:08:55.223+0000] {logging_mixin.py:188} INFO - [2026-01-31T02:08:55.222+0000] {dag.py:3096} INFO - Sync 1 DAGs
[2026-01-31T02:08:55.247+0000] {logging_mixin.py:188} INFO - [2026-01-31T02:08:55.246+0000] {dag.py:3954} INFO - Setting next_dagrun for ml_prediction_pipeline to 2026-01-30 00:00:00+00:00, run_after=2026-01-31 00:00:00+00:00
[2026-01-31T02:08:55.272+0000] {processor.py:183} INFO - Processing /opt/airflow/dags/predict.py took 2.280 seconds
[2026-01-31T02:09:26.386+0000] {processor.py:161} INFO - Started process (PID=13715) to work on /opt/airflow/dags/predict.py
[2026-01-31T02:09:26.386+0000] {processor.py:830} INFO - Processing file /opt/airflow/dags/predict.py for tasks to queue
[2026-01-31T02:09:26.388+0000] {logging_mixin.py:188} INFO - [2026-01-31T02:09:26.388+0000] {dagbag.py:545} INFO - Filling up the DagBag from /opt/airflow/dags/predict.py
[2026-01-31T02:09:28.065+0000] {logging_mixin.py:188} WARNING - /opt/airflow/dags/predict.py:34 RemovedInAirflow3Warning: Function `days_ago` is deprecated and will be removed in Airflow 3.0. You can achieve equivalent behavior with `pendulum.today('UTC').add(days=-N, ...)`
[2026-01-31T02:09:28.066+0000] {logging_mixin.py:188} WARNING - /opt/airflow/dags/predict.py:29 RemovedInAirflow3Warning: Param `schedule_interval` is deprecated and will be removed in a future release. Please use `schedule` instead.
[2026-01-31T02:09:28.071+0000] {processor.py:840} INFO - DAG(s) 'ml_prediction_pipeline' retrieved from /opt/airflow/dags/predict.py
[2026-01-31T02:09:28.092+0000] {logging_mixin.py:188} INFO - [2026-01-31T02:09:28.091+0000] {dag.py:3096} INFO - Sync 1 DAGs
[2026-01-31T02:09:28.104+0000] {logging_mixin.py:188} INFO - [2026-01-31T02:09:28.104+0000] {dag.py:3954} INFO - Setting next_dagrun for ml_prediction_pipeline to 2026-01-30 00:00:00+00:00, run_after=2026-01-31 00:00:00+00:00
[2026-01-31T02:09:28.120+0000] {processor.py:183} INFO - Processing /opt/airflow/dags/predict.py took 1.739 seconds
[2026-01-31T02:09:59.233+0000] {processor.py:161} INFO - Started process (PID=13762) to work on /opt/airflow/dags/predict.py
[2026-01-31T02:09:59.236+0000] {processor.py:830} INFO - Processing file /opt/airflow/dags/predict.py for tasks to queue
[2026-01-31T02:09:59.238+0000] {logging_mixin.py:188} INFO - [2026-01-31T02:09:59.238+0000] {dagbag.py:545} INFO - Filling up the DagBag from /opt/airflow/dags/predict.py
[2026-01-31T02:10:00.841+0000] {logging_mixin.py:188} WARNING - /opt/airflow/dags/predict.py:34 RemovedInAirflow3Warning: Function `days_ago` is deprecated and will be removed in Airflow 3.0. You can achieve equivalent behavior with `pendulum.today('UTC').add(days=-N, ...)`
[2026-01-31T02:10:00.842+0000] {logging_mixin.py:188} WARNING - /opt/airflow/dags/predict.py:29 RemovedInAirflow3Warning: Param `schedule_interval` is deprecated and will be removed in a future release. Please use `schedule` instead.
[2026-01-31T02:10:00.846+0000] {processor.py:840} INFO - DAG(s) 'ml_prediction_pipeline' retrieved from /opt/airflow/dags/predict.py
[2026-01-31T02:10:00.863+0000] {logging_mixin.py:188} INFO - [2026-01-31T02:10:00.862+0000] {dag.py:3096} INFO - Sync 1 DAGs
[2026-01-31T02:10:00.876+0000] {logging_mixin.py:188} INFO - [2026-01-31T02:10:00.876+0000] {dag.py:3954} INFO - Setting next_dagrun for ml_prediction_pipeline to 2026-01-30 00:00:00+00:00, run_after=2026-01-31 00:00:00+00:00
[2026-01-31T02:10:00.891+0000] {processor.py:183} INFO - Processing /opt/airflow/dags/predict.py took 1.662 seconds
[2026-01-31T02:10:31.985+0000] {processor.py:161} INFO - Started process (PID=13809) to work on /opt/airflow/dags/predict.py
[2026-01-31T02:10:31.986+0000] {processor.py:830} INFO - Processing file /opt/airflow/dags/predict.py for tasks to queue
[2026-01-31T02:10:31.988+0000] {logging_mixin.py:188} INFO - [2026-01-31T02:10:31.987+0000] {dagbag.py:545} INFO - Filling up the DagBag from /opt/airflow/dags/predict.py
[2026-01-31T02:10:33.780+0000] {logging_mixin.py:188} WARNING - /opt/airflow/dags/predict.py:34 RemovedInAirflow3Warning: Function `days_ago` is deprecated and will be removed in Airflow 3.0. You can achieve equivalent behavior with `pendulum.today('UTC').add(days=-N, ...)`
[2026-01-31T02:10:33.780+0000] {logging_mixin.py:188} WARNING - /opt/airflow/dags/predict.py:29 RemovedInAirflow3Warning: Param `schedule_interval` is deprecated and will be removed in a future release. Please use `schedule` instead.
[2026-01-31T02:10:33.784+0000] {processor.py:840} INFO - DAG(s) 'ml_prediction_pipeline' retrieved from /opt/airflow/dags/predict.py
[2026-01-31T02:10:33.801+0000] {logging_mixin.py:188} INFO - [2026-01-31T02:10:33.801+0000] {dag.py:3096} INFO - Sync 1 DAGs
[2026-01-31T02:10:33.815+0000] {logging_mixin.py:188} INFO - [2026-01-31T02:10:33.815+0000] {dag.py:3954} INFO - Setting next_dagrun for ml_prediction_pipeline to 2026-01-30 00:00:00+00:00, run_after=2026-01-31 00:00:00+00:00
[2026-01-31T02:10:33.830+0000] {processor.py:183} INFO - Processing /opt/airflow/dags/predict.py took 1.850 seconds
[2026-01-31T02:11:04.892+0000] {processor.py:161} INFO - Started process (PID=13856) to work on /opt/airflow/dags/predict.py
[2026-01-31T02:11:04.895+0000] {processor.py:830} INFO - Processing file /opt/airflow/dags/predict.py for tasks to queue
[2026-01-31T02:11:04.896+0000] {logging_mixin.py:188} INFO - [2026-01-31T02:11:04.896+0000] {dagbag.py:545} INFO - Filling up the DagBag from /opt/airflow/dags/predict.py
[2026-01-31T02:11:06.949+0000] {logging_mixin.py:188} WARNING - /opt/airflow/dags/predict.py:34 RemovedInAirflow3Warning: Function `days_ago` is deprecated and will be removed in Airflow 3.0. You can achieve equivalent behavior with `pendulum.today('UTC').add(days=-N, ...)`
[2026-01-31T02:11:06.950+0000] {logging_mixin.py:188} WARNING - /opt/airflow/dags/predict.py:29 RemovedInAirflow3Warning: Param `schedule_interval` is deprecated and will be removed in a future release. Please use `schedule` instead.
[2026-01-31T02:11:06.956+0000] {processor.py:840} INFO - DAG(s) 'ml_prediction_pipeline' retrieved from /opt/airflow/dags/predict.py
[2026-01-31T02:11:06.978+0000] {logging_mixin.py:188} INFO - [2026-01-31T02:11:06.978+0000] {dag.py:3096} INFO - Sync 1 DAGs
[2026-01-31T02:11:06.996+0000] {logging_mixin.py:188} INFO - [2026-01-31T02:11:06.996+0000] {dag.py:3954} INFO - Setting next_dagrun for ml_prediction_pipeline to 2026-01-30 00:00:00+00:00, run_after=2026-01-31 00:00:00+00:00
[2026-01-31T02:11:07.020+0000] {processor.py:183} INFO - Processing /opt/airflow/dags/predict.py took 2.134 seconds
[2026-01-31T02:11:38.081+0000] {processor.py:161} INFO - Started process (PID=13903) to work on /opt/airflow/dags/predict.py
[2026-01-31T02:11:38.082+0000] {processor.py:830} INFO - Processing file /opt/airflow/dags/predict.py for tasks to queue
[2026-01-31T02:11:38.083+0000] {logging_mixin.py:188} INFO - [2026-01-31T02:11:38.083+0000] {dagbag.py:545} INFO - Filling up the DagBag from /opt/airflow/dags/predict.py
[2026-01-31T02:11:39.730+0000] {logging_mixin.py:188} WARNING - /opt/airflow/dags/predict.py:34 RemovedInAirflow3Warning: Function `days_ago` is deprecated and will be removed in Airflow 3.0. You can achieve equivalent behavior with `pendulum.today('UTC').add(days=-N, ...)`
[2026-01-31T02:11:39.731+0000] {logging_mixin.py:188} WARNING - /opt/airflow/dags/predict.py:29 RemovedInAirflow3Warning: Param `schedule_interval` is deprecated and will be removed in a future release. Please use `schedule` instead.
[2026-01-31T02:11:39.735+0000] {processor.py:840} INFO - DAG(s) 'ml_prediction_pipeline' retrieved from /opt/airflow/dags/predict.py
[2026-01-31T02:11:39.752+0000] {logging_mixin.py:188} INFO - [2026-01-31T02:11:39.751+0000] {dag.py:3096} INFO - Sync 1 DAGs
[2026-01-31T02:11:39.767+0000] {logging_mixin.py:188} INFO - [2026-01-31T02:11:39.766+0000] {dag.py:3954} INFO - Setting next_dagrun for ml_prediction_pipeline to 2026-01-30 00:00:00+00:00, run_after=2026-01-31 00:00:00+00:00
[2026-01-31T02:11:39.780+0000] {processor.py:183} INFO - Processing /opt/airflow/dags/predict.py took 1.702 seconds
[2026-01-31T02:12:10.912+0000] {processor.py:161} INFO - Started process (PID=13949) to work on /opt/airflow/dags/predict.py
[2026-01-31T02:12:10.914+0000] {processor.py:830} INFO - Processing file /opt/airflow/dags/predict.py for tasks to queue
[2026-01-31T02:12:10.916+0000] {logging_mixin.py:188} INFO - [2026-01-31T02:12:10.915+0000] {dagbag.py:545} INFO - Filling up the DagBag from /opt/airflow/dags/predict.py
[2026-01-31T02:12:12.618+0000] {logging_mixin.py:188} WARNING - /opt/airflow/dags/predict.py:34 RemovedInAirflow3Warning: Function `days_ago` is deprecated and will be removed in Airflow 3.0. You can achieve equivalent behavior with `pendulum.today('UTC').add(days=-N, ...)`
[2026-01-31T02:12:12.619+0000] {logging_mixin.py:188} WARNING - /opt/airflow/dags/predict.py:29 RemovedInAirflow3Warning: Param `schedule_interval` is deprecated and will be removed in a future release. Please use `schedule` instead.
[2026-01-31T02:12:12.624+0000] {processor.py:840} INFO - DAG(s) 'ml_prediction_pipeline' retrieved from /opt/airflow/dags/predict.py
[2026-01-31T02:12:12.649+0000] {logging_mixin.py:188} INFO - [2026-01-31T02:12:12.649+0000] {dag.py:3096} INFO - Sync 1 DAGs
[2026-01-31T02:12:12.667+0000] {logging_mixin.py:188} INFO - [2026-01-31T02:12:12.667+0000] {dag.py:3954} INFO - Setting next_dagrun for ml_prediction_pipeline to 2026-01-30 00:00:00+00:00, run_after=2026-01-31 00:00:00+00:00
[2026-01-31T02:12:12.685+0000] {processor.py:183} INFO - Processing /opt/airflow/dags/predict.py took 1.776 seconds
[2026-01-31T02:12:43.772+0000] {processor.py:161} INFO - Started process (PID=13996) to work on /opt/airflow/dags/predict.py
[2026-01-31T02:12:43.772+0000] {processor.py:830} INFO - Processing file /opt/airflow/dags/predict.py for tasks to queue
[2026-01-31T02:12:43.773+0000] {logging_mixin.py:188} INFO - [2026-01-31T02:12:43.773+0000] {dagbag.py:545} INFO - Filling up the DagBag from /opt/airflow/dags/predict.py
[2026-01-31T02:12:45.486+0000] {logging_mixin.py:188} WARNING - /opt/airflow/dags/predict.py:34 RemovedInAirflow3Warning: Function `days_ago` is deprecated and will be removed in Airflow 3.0. You can achieve equivalent behavior with `pendulum.today('UTC').add(days=-N, ...)`
[2026-01-31T02:12:45.487+0000] {logging_mixin.py:188} WARNING - /opt/airflow/dags/predict.py:29 RemovedInAirflow3Warning: Param `schedule_interval` is deprecated and will be removed in a future release. Please use `schedule` instead.
[2026-01-31T02:12:45.490+0000] {processor.py:840} INFO - DAG(s) 'ml_prediction_pipeline' retrieved from /opt/airflow/dags/predict.py
[2026-01-31T02:12:45.506+0000] {logging_mixin.py:188} INFO - [2026-01-31T02:12:45.505+0000] {dag.py:3096} INFO - Sync 1 DAGs
[2026-01-31T02:12:45.519+0000] {logging_mixin.py:188} INFO - [2026-01-31T02:12:45.519+0000] {dag.py:3954} INFO - Setting next_dagrun for ml_prediction_pipeline to 2026-01-30 00:00:00+00:00, run_after=2026-01-31 00:00:00+00:00
[2026-01-31T02:12:45.533+0000] {processor.py:183} INFO - Processing /opt/airflow/dags/predict.py took 1.766 seconds
[2026-01-31T02:13:16.576+0000] {processor.py:161} INFO - Started process (PID=14043) to work on /opt/airflow/dags/predict.py
[2026-01-31T02:13:16.578+0000] {processor.py:830} INFO - Processing file /opt/airflow/dags/predict.py for tasks to queue
[2026-01-31T02:13:16.579+0000] {logging_mixin.py:188} INFO - [2026-01-31T02:13:16.579+0000] {dagbag.py:545} INFO - Filling up the DagBag from /opt/airflow/dags/predict.py
[2026-01-31T02:13:18.242+0000] {logging_mixin.py:188} WARNING - /opt/airflow/dags/predict.py:34 RemovedInAirflow3Warning: Function `days_ago` is deprecated and will be removed in Airflow 3.0. You can achieve equivalent behavior with `pendulum.today('UTC').add(days=-N, ...)`
[2026-01-31T02:13:18.243+0000] {logging_mixin.py:188} WARNING - /opt/airflow/dags/predict.py:29 RemovedInAirflow3Warning: Param `schedule_interval` is deprecated and will be removed in a future release. Please use `schedule` instead.
[2026-01-31T02:13:18.246+0000] {processor.py:840} INFO - DAG(s) 'ml_prediction_pipeline' retrieved from /opt/airflow/dags/predict.py
[2026-01-31T02:13:18.263+0000] {logging_mixin.py:188} INFO - [2026-01-31T02:13:18.263+0000] {dag.py:3096} INFO - Sync 1 DAGs
[2026-01-31T02:13:18.276+0000] {logging_mixin.py:188} INFO - [2026-01-31T02:13:18.276+0000] {dag.py:3954} INFO - Setting next_dagrun for ml_prediction_pipeline to 2026-01-30 00:00:00+00:00, run_after=2026-01-31 00:00:00+00:00
[2026-01-31T02:13:18.290+0000] {processor.py:183} INFO - Processing /opt/airflow/dags/predict.py took 1.718 seconds
[2026-01-31T02:13:49.352+0000] {processor.py:161} INFO - Started process (PID=14090) to work on /opt/airflow/dags/predict.py
[2026-01-31T02:13:49.352+0000] {processor.py:830} INFO - Processing file /opt/airflow/dags/predict.py for tasks to queue
[2026-01-31T02:13:49.353+0000] {logging_mixin.py:188} INFO - [2026-01-31T02:13:49.353+0000] {dagbag.py:545} INFO - Filling up the DagBag from /opt/airflow/dags/predict.py
[2026-01-31T02:13:50.994+0000] {logging_mixin.py:188} WARNING - /opt/airflow/dags/predict.py:34 RemovedInAirflow3Warning: Function `days_ago` is deprecated and will be removed in Airflow 3.0. You can achieve equivalent behavior with `pendulum.today('UTC').add(days=-N, ...)`
[2026-01-31T02:13:50.995+0000] {logging_mixin.py:188} WARNING - /opt/airflow/dags/predict.py:29 RemovedInAirflow3Warning: Param `schedule_interval` is deprecated and will be removed in a future release. Please use `schedule` instead.
[2026-01-31T02:13:50.998+0000] {processor.py:840} INFO - DAG(s) 'ml_prediction_pipeline' retrieved from /opt/airflow/dags/predict.py
[2026-01-31T02:13:51.014+0000] {logging_mixin.py:188} INFO - [2026-01-31T02:13:51.014+0000] {dag.py:3096} INFO - Sync 1 DAGs
[2026-01-31T02:13:51.027+0000] {logging_mixin.py:188} INFO - [2026-01-31T02:13:51.027+0000] {dag.py:3954} INFO - Setting next_dagrun for ml_prediction_pipeline to 2026-01-30 00:00:00+00:00, run_after=2026-01-31 00:00:00+00:00
[2026-01-31T02:13:51.040+0000] {processor.py:183} INFO - Processing /opt/airflow/dags/predict.py took 1.692 seconds
[2026-01-31T02:14:22.660+0000] {processor.py:161} INFO - Started process (PID=14137) to work on /opt/airflow/dags/predict.py
[2026-01-31T02:14:22.662+0000] {processor.py:830} INFO - Processing file /opt/airflow/dags/predict.py for tasks to queue
[2026-01-31T02:14:22.663+0000] {logging_mixin.py:188} INFO - [2026-01-31T02:14:22.663+0000] {dagbag.py:545} INFO - Filling up the DagBag from /opt/airflow/dags/predict.py
[2026-01-31T02:14:24.510+0000] {logging_mixin.py:188} WARNING - /opt/airflow/dags/predict.py:34 RemovedInAirflow3Warning: Function `days_ago` is deprecated and will be removed in Airflow 3.0. You can achieve equivalent behavior with `pendulum.today('UTC').add(days=-N, ...)`
[2026-01-31T02:14:24.511+0000] {logging_mixin.py:188} WARNING - /opt/airflow/dags/predict.py:29 RemovedInAirflow3Warning: Param `schedule_interval` is deprecated and will be removed in a future release. Please use `schedule` instead.
[2026-01-31T02:14:24.516+0000] {processor.py:840} INFO - DAG(s) 'ml_prediction_pipeline' retrieved from /opt/airflow/dags/predict.py
[2026-01-31T02:14:24.533+0000] {logging_mixin.py:188} INFO - [2026-01-31T02:14:24.533+0000] {dag.py:3096} INFO - Sync 1 DAGs
[2026-01-31T02:14:24.546+0000] {logging_mixin.py:188} INFO - [2026-01-31T02:14:24.546+0000] {dag.py:3954} INFO - Setting next_dagrun for ml_prediction_pipeline to 2026-01-30 00:00:00+00:00, run_after=2026-01-31 00:00:00+00:00
[2026-01-31T02:14:24.560+0000] {processor.py:183} INFO - Processing /opt/airflow/dags/predict.py took 1.905 seconds
[2026-01-31T02:14:55.215+0000] {processor.py:161} INFO - Started process (PID=14184) to work on /opt/airflow/dags/predict.py
[2026-01-31T02:14:55.216+0000] {processor.py:830} INFO - Processing file /opt/airflow/dags/predict.py for tasks to queue
[2026-01-31T02:14:55.218+0000] {logging_mixin.py:188} INFO - [2026-01-31T02:14:55.218+0000] {dagbag.py:545} INFO - Filling up the DagBag from /opt/airflow/dags/predict.py
[2026-01-31T02:14:57.317+0000] {logging_mixin.py:188} WARNING - /opt/airflow/dags/predict.py:34 RemovedInAirflow3Warning: Function `days_ago` is deprecated and will be removed in Airflow 3.0. You can achieve equivalent behavior with `pendulum.today('UTC').add(days=-N, ...)`
[2026-01-31T02:14:57.319+0000] {logging_mixin.py:188} WARNING - /opt/airflow/dags/predict.py:29 RemovedInAirflow3Warning: Param `schedule_interval` is deprecated and will be removed in a future release. Please use `schedule` instead.
[2026-01-31T02:14:57.323+0000] {processor.py:840} INFO - DAG(s) 'ml_prediction_pipeline' retrieved from /opt/airflow/dags/predict.py
[2026-01-31T02:14:57.340+0000] {logging_mixin.py:188} INFO - [2026-01-31T02:14:57.340+0000] {dag.py:3096} INFO - Sync 1 DAGs
[2026-01-31T02:14:57.356+0000] {logging_mixin.py:188} INFO - [2026-01-31T02:14:57.355+0000] {dag.py:3954} INFO - Setting next_dagrun for ml_prediction_pipeline to 2026-01-30 00:00:00+00:00, run_after=2026-01-31 00:00:00+00:00
[2026-01-31T02:14:57.371+0000] {processor.py:183} INFO - Processing /opt/airflow/dags/predict.py took 2.161 seconds
[2026-01-31T02:15:28.448+0000] {processor.py:161} INFO - Started process (PID=14231) to work on /opt/airflow/dags/predict.py
[2026-01-31T02:15:28.449+0000] {processor.py:830} INFO - Processing file /opt/airflow/dags/predict.py for tasks to queue
[2026-01-31T02:15:28.450+0000] {logging_mixin.py:188} INFO - [2026-01-31T02:15:28.450+0000] {dagbag.py:545} INFO - Filling up the DagBag from /opt/airflow/dags/predict.py
[2026-01-31T02:15:30.203+0000] {logging_mixin.py:188} WARNING - /opt/airflow/dags/predict.py:34 RemovedInAirflow3Warning: Function `days_ago` is deprecated and will be removed in Airflow 3.0. You can achieve equivalent behavior with `pendulum.today('UTC').add(days=-N, ...)`
[2026-01-31T02:15:30.204+0000] {logging_mixin.py:188} WARNING - /opt/airflow/dags/predict.py:29 RemovedInAirflow3Warning: Param `schedule_interval` is deprecated and will be removed in a future release. Please use `schedule` instead.
[2026-01-31T02:15:30.207+0000] {processor.py:840} INFO - DAG(s) 'ml_prediction_pipeline' retrieved from /opt/airflow/dags/predict.py
[2026-01-31T02:15:30.226+0000] {logging_mixin.py:188} INFO - [2026-01-31T02:15:30.226+0000] {dag.py:3096} INFO - Sync 1 DAGs
[2026-01-31T02:15:30.244+0000] {logging_mixin.py:188} INFO - [2026-01-31T02:15:30.244+0000] {dag.py:3954} INFO - Setting next_dagrun for ml_prediction_pipeline to 2026-01-30 00:00:00+00:00, run_after=2026-01-31 00:00:00+00:00
[2026-01-31T02:15:30.260+0000] {processor.py:183} INFO - Processing /opt/airflow/dags/predict.py took 1.815 seconds
[2026-01-31T02:16:01.333+0000] {processor.py:161} INFO - Started process (PID=14278) to work on /opt/airflow/dags/predict.py
[2026-01-31T02:16:01.334+0000] {processor.py:830} INFO - Processing file /opt/airflow/dags/predict.py for tasks to queue
[2026-01-31T02:16:01.336+0000] {logging_mixin.py:188} INFO - [2026-01-31T02:16:01.335+0000] {dagbag.py:545} INFO - Filling up the DagBag from /opt/airflow/dags/predict.py
[2026-01-31T02:16:03.183+0000] {logging_mixin.py:188} WARNING - /opt/airflow/dags/predict.py:34 RemovedInAirflow3Warning: Function `days_ago` is deprecated and will be removed in Airflow 3.0. You can achieve equivalent behavior with `pendulum.today('UTC').add(days=-N, ...)`
[2026-01-31T02:16:03.184+0000] {logging_mixin.py:188} WARNING - /opt/airflow/dags/predict.py:29 RemovedInAirflow3Warning: Param `schedule_interval` is deprecated and will be removed in a future release. Please use `schedule` instead.
[2026-01-31T02:16:03.192+0000] {processor.py:840} INFO - DAG(s) 'ml_prediction_pipeline' retrieved from /opt/airflow/dags/predict.py
[2026-01-31T02:16:03.216+0000] {logging_mixin.py:188} INFO - [2026-01-31T02:16:03.215+0000] {dag.py:3096} INFO - Sync 1 DAGs
[2026-01-31T02:16:03.233+0000] {logging_mixin.py:188} INFO - [2026-01-31T02:16:03.233+0000] {dag.py:3954} INFO - Setting next_dagrun for ml_prediction_pipeline to 2026-01-30 00:00:00+00:00, run_after=2026-01-31 00:00:00+00:00
[2026-01-31T02:16:03.251+0000] {processor.py:183} INFO - Processing /opt/airflow/dags/predict.py took 1.922 seconds
[2026-01-31T02:16:34.418+0000] {processor.py:161} INFO - Started process (PID=14325) to work on /opt/airflow/dags/predict.py
[2026-01-31T02:16:34.418+0000] {processor.py:830} INFO - Processing file /opt/airflow/dags/predict.py for tasks to queue
[2026-01-31T02:16:34.419+0000] {logging_mixin.py:188} INFO - [2026-01-31T02:16:34.419+0000] {dagbag.py:545} INFO - Filling up the DagBag from /opt/airflow/dags/predict.py
[2026-01-31T02:16:36.211+0000] {logging_mixin.py:188} WARNING - /opt/airflow/dags/predict.py:34 RemovedInAirflow3Warning: Function `days_ago` is deprecated and will be removed in Airflow 3.0. You can achieve equivalent behavior with `pendulum.today('UTC').add(days=-N, ...)`
[2026-01-31T02:16:36.214+0000] {logging_mixin.py:188} WARNING - /opt/airflow/dags/predict.py:29 RemovedInAirflow3Warning: Param `schedule_interval` is deprecated and will be removed in a future release. Please use `schedule` instead.
[2026-01-31T02:16:36.219+0000] {processor.py:840} INFO - DAG(s) 'ml_prediction_pipeline' retrieved from /opt/airflow/dags/predict.py
[2026-01-31T02:16:36.237+0000] {logging_mixin.py:188} INFO - [2026-01-31T02:16:36.236+0000] {dag.py:3096} INFO - Sync 1 DAGs
[2026-01-31T02:16:36.252+0000] {logging_mixin.py:188} INFO - [2026-01-31T02:16:36.251+0000] {dag.py:3954} INFO - Setting next_dagrun for ml_prediction_pipeline to 2026-01-30 00:00:00+00:00, run_after=2026-01-31 00:00:00+00:00
[2026-01-31T02:16:36.267+0000] {processor.py:183} INFO - Processing /opt/airflow/dags/predict.py took 1.854 seconds
[2026-01-31T02:17:07.367+0000] {processor.py:161} INFO - Started process (PID=14372) to work on /opt/airflow/dags/predict.py
[2026-01-31T02:17:07.369+0000] {processor.py:830} INFO - Processing file /opt/airflow/dags/predict.py for tasks to queue
[2026-01-31T02:17:07.370+0000] {logging_mixin.py:188} INFO - [2026-01-31T02:17:07.370+0000] {dagbag.py:545} INFO - Filling up the DagBag from /opt/airflow/dags/predict.py
[2026-01-31T02:17:09.296+0000] {logging_mixin.py:188} WARNING - /opt/airflow/dags/predict.py:34 RemovedInAirflow3Warning: Function `days_ago` is deprecated and will be removed in Airflow 3.0. You can achieve equivalent behavior with `pendulum.today('UTC').add(days=-N, ...)`
[2026-01-31T02:17:09.297+0000] {logging_mixin.py:188} WARNING - /opt/airflow/dags/predict.py:29 RemovedInAirflow3Warning: Param `schedule_interval` is deprecated and will be removed in a future release. Please use `schedule` instead.
[2026-01-31T02:17:09.301+0000] {processor.py:840} INFO - DAG(s) 'ml_prediction_pipeline' retrieved from /opt/airflow/dags/predict.py
[2026-01-31T02:17:09.321+0000] {logging_mixin.py:188} INFO - [2026-01-31T02:17:09.320+0000] {dag.py:3096} INFO - Sync 1 DAGs
[2026-01-31T02:17:09.338+0000] {logging_mixin.py:188} INFO - [2026-01-31T02:17:09.338+0000] {dag.py:3954} INFO - Setting next_dagrun for ml_prediction_pipeline to 2026-01-30 00:00:00+00:00, run_after=2026-01-31 00:00:00+00:00
[2026-01-31T02:17:09.357+0000] {processor.py:183} INFO - Processing /opt/airflow/dags/predict.py took 1.995 seconds
[2026-01-31T02:17:39.991+0000] {processor.py:161} INFO - Started process (PID=14419) to work on /opt/airflow/dags/predict.py
[2026-01-31T02:17:39.993+0000] {processor.py:830} INFO - Processing file /opt/airflow/dags/predict.py for tasks to queue
[2026-01-31T02:17:39.994+0000] {logging_mixin.py:188} INFO - [2026-01-31T02:17:39.994+0000] {dagbag.py:545} INFO - Filling up the DagBag from /opt/airflow/dags/predict.py
[2026-01-31T02:17:41.892+0000] {logging_mixin.py:188} WARNING - /opt/airflow/dags/predict.py:34 RemovedInAirflow3Warning: Function `days_ago` is deprecated and will be removed in Airflow 3.0. You can achieve equivalent behavior with `pendulum.today('UTC').add(days=-N, ...)`
[2026-01-31T02:17:41.893+0000] {logging_mixin.py:188} WARNING - /opt/airflow/dags/predict.py:29 RemovedInAirflow3Warning: Param `schedule_interval` is deprecated and will be removed in a future release. Please use `schedule` instead.
[2026-01-31T02:17:41.896+0000] {processor.py:840} INFO - DAG(s) 'ml_prediction_pipeline' retrieved from /opt/airflow/dags/predict.py
[2026-01-31T02:17:41.914+0000] {logging_mixin.py:188} INFO - [2026-01-31T02:17:41.913+0000] {dag.py:3096} INFO - Sync 1 DAGs
[2026-01-31T02:17:41.928+0000] {logging_mixin.py:188} INFO - [2026-01-31T02:17:41.927+0000] {dag.py:3954} INFO - Setting next_dagrun for ml_prediction_pipeline to 2026-01-30 00:00:00+00:00, run_after=2026-01-31 00:00:00+00:00
[2026-01-31T02:17:41.942+0000] {processor.py:183} INFO - Processing /opt/airflow/dags/predict.py took 1.956 seconds
[2026-01-31T02:18:12.884+0000] {processor.py:161} INFO - Started process (PID=14466) to work on /opt/airflow/dags/predict.py
[2026-01-31T02:18:12.885+0000] {processor.py:830} INFO - Processing file /opt/airflow/dags/predict.py for tasks to queue
[2026-01-31T02:18:12.887+0000] {logging_mixin.py:188} INFO - [2026-01-31T02:18:12.886+0000] {dagbag.py:545} INFO - Filling up the DagBag from /opt/airflow/dags/predict.py
[2026-01-31T02:18:14.983+0000] {logging_mixin.py:188} WARNING - /opt/airflow/dags/predict.py:34 RemovedInAirflow3Warning: Function `days_ago` is deprecated and will be removed in Airflow 3.0. You can achieve equivalent behavior with `pendulum.today('UTC').add(days=-N, ...)`
[2026-01-31T02:18:14.984+0000] {logging_mixin.py:188} WARNING - /opt/airflow/dags/predict.py:29 RemovedInAirflow3Warning: Param `schedule_interval` is deprecated and will be removed in a future release. Please use `schedule` instead.
[2026-01-31T02:18:14.988+0000] {processor.py:840} INFO - DAG(s) 'ml_prediction_pipeline' retrieved from /opt/airflow/dags/predict.py
[2026-01-31T02:18:15.006+0000] {logging_mixin.py:188} INFO - [2026-01-31T02:18:15.006+0000] {dag.py:3096} INFO - Sync 1 DAGs
[2026-01-31T02:18:15.020+0000] {logging_mixin.py:188} INFO - [2026-01-31T02:18:15.020+0000] {dag.py:3954} INFO - Setting next_dagrun for ml_prediction_pipeline to 2026-01-30 00:00:00+00:00, run_after=2026-01-31 00:00:00+00:00
[2026-01-31T02:18:15.042+0000] {processor.py:183} INFO - Processing /opt/airflow/dags/predict.py took 2.162 seconds
[2026-01-31T02:18:46.061+0000] {processor.py:161} INFO - Started process (PID=14513) to work on /opt/airflow/dags/predict.py
[2026-01-31T02:18:46.063+0000] {processor.py:830} INFO - Processing file /opt/airflow/dags/predict.py for tasks to queue
[2026-01-31T02:18:46.064+0000] {logging_mixin.py:188} INFO - [2026-01-31T02:18:46.064+0000] {dagbag.py:545} INFO - Filling up the DagBag from /opt/airflow/dags/predict.py
[2026-01-31T02:18:48.073+0000] {logging_mixin.py:188} WARNING - /opt/airflow/dags/predict.py:34 RemovedInAirflow3Warning: Function `days_ago` is deprecated and will be removed in Airflow 3.0. You can achieve equivalent behavior with `pendulum.today('UTC').add(days=-N, ...)`
[2026-01-31T02:18:48.074+0000] {logging_mixin.py:188} WARNING - /opt/airflow/dags/predict.py:29 RemovedInAirflow3Warning: Param `schedule_interval` is deprecated and will be removed in a future release. Please use `schedule` instead.
[2026-01-31T02:18:48.079+0000] {processor.py:840} INFO - DAG(s) 'ml_prediction_pipeline' retrieved from /opt/airflow/dags/predict.py
[2026-01-31T02:18:48.101+0000] {logging_mixin.py:188} INFO - [2026-01-31T02:18:48.101+0000] {dag.py:3096} INFO - Sync 1 DAGs
[2026-01-31T02:18:48.119+0000] {logging_mixin.py:188} INFO - [2026-01-31T02:18:48.119+0000] {dag.py:3954} INFO - Setting next_dagrun for ml_prediction_pipeline to 2026-01-30 00:00:00+00:00, run_after=2026-01-31 00:00:00+00:00
[2026-01-31T02:18:48.140+0000] {processor.py:183} INFO - Processing /opt/airflow/dags/predict.py took 2.084 seconds
[2026-01-31T02:19:19.248+0000] {processor.py:161} INFO - Started process (PID=14560) to work on /opt/airflow/dags/predict.py
[2026-01-31T02:19:19.249+0000] {processor.py:830} INFO - Processing file /opt/airflow/dags/predict.py for tasks to queue
[2026-01-31T02:19:19.250+0000] {logging_mixin.py:188} INFO - [2026-01-31T02:19:19.250+0000] {dagbag.py:545} INFO - Filling up the DagBag from /opt/airflow/dags/predict.py
[2026-01-31T02:19:21.173+0000] {logging_mixin.py:188} WARNING - /opt/airflow/dags/predict.py:34 RemovedInAirflow3Warning: Function `days_ago` is deprecated and will be removed in Airflow 3.0. You can achieve equivalent behavior with `pendulum.today('UTC').add(days=-N, ...)`
[2026-01-31T02:19:21.174+0000] {logging_mixin.py:188} WARNING - /opt/airflow/dags/predict.py:29 RemovedInAirflow3Warning: Param `schedule_interval` is deprecated and will be removed in a future release. Please use `schedule` instead.
[2026-01-31T02:19:21.180+0000] {processor.py:840} INFO - DAG(s) 'ml_prediction_pipeline' retrieved from /opt/airflow/dags/predict.py
[2026-01-31T02:19:21.205+0000] {logging_mixin.py:188} INFO - [2026-01-31T02:19:21.205+0000] {dag.py:3096} INFO - Sync 1 DAGs
[2026-01-31T02:19:21.222+0000] {logging_mixin.py:188} INFO - [2026-01-31T02:19:21.221+0000] {dag.py:3954} INFO - Setting next_dagrun for ml_prediction_pipeline to 2026-01-30 00:00:00+00:00, run_after=2026-01-31 00:00:00+00:00
[2026-01-31T02:19:21.243+0000] {processor.py:183} INFO - Processing /opt/airflow/dags/predict.py took 1.999 seconds
[2026-01-31T02:19:52.336+0000] {processor.py:161} INFO - Started process (PID=14607) to work on /opt/airflow/dags/predict.py
[2026-01-31T02:19:52.337+0000] {processor.py:830} INFO - Processing file /opt/airflow/dags/predict.py for tasks to queue
[2026-01-31T02:19:52.339+0000] {logging_mixin.py:188} INFO - [2026-01-31T02:19:52.338+0000] {dagbag.py:545} INFO - Filling up the DagBag from /opt/airflow/dags/predict.py
[2026-01-31T02:19:54.616+0000] {logging_mixin.py:188} WARNING - /opt/airflow/dags/predict.py:34 RemovedInAirflow3Warning: Function `days_ago` is deprecated and will be removed in Airflow 3.0. You can achieve equivalent behavior with `pendulum.today('UTC').add(days=-N, ...)`
[2026-01-31T02:19:54.617+0000] {logging_mixin.py:188} WARNING - /opt/airflow/dags/predict.py:29 RemovedInAirflow3Warning: Param `schedule_interval` is deprecated and will be removed in a future release. Please use `schedule` instead.
[2026-01-31T02:19:54.623+0000] {processor.py:840} INFO - DAG(s) 'ml_prediction_pipeline' retrieved from /opt/airflow/dags/predict.py
[2026-01-31T02:19:54.645+0000] {logging_mixin.py:188} INFO - [2026-01-31T02:19:54.645+0000] {dag.py:3096} INFO - Sync 1 DAGs
[2026-01-31T02:19:54.664+0000] {logging_mixin.py:188} INFO - [2026-01-31T02:19:54.663+0000] {dag.py:3954} INFO - Setting next_dagrun for ml_prediction_pipeline to 2026-01-30 00:00:00+00:00, run_after=2026-01-31 00:00:00+00:00
[2026-01-31T02:19:54.682+0000] {processor.py:183} INFO - Processing /opt/airflow/dags/predict.py took 2.350 seconds
[2026-01-31T02:20:24.715+0000] {processor.py:161} INFO - Started process (PID=14654) to work on /opt/airflow/dags/predict.py
[2026-01-31T02:20:24.716+0000] {processor.py:830} INFO - Processing file /opt/airflow/dags/predict.py for tasks to queue
[2026-01-31T02:20:24.717+0000] {logging_mixin.py:188} INFO - [2026-01-31T02:20:24.717+0000] {dagbag.py:545} INFO - Filling up the DagBag from /opt/airflow/dags/predict.py
[2026-01-31T02:20:27.068+0000] {logging_mixin.py:188} WARNING - /opt/airflow/dags/predict.py:34 RemovedInAirflow3Warning: Function `days_ago` is deprecated and will be removed in Airflow 3.0. You can achieve equivalent behavior with `pendulum.today('UTC').add(days=-N, ...)`
[2026-01-31T02:20:27.069+0000] {logging_mixin.py:188} WARNING - /opt/airflow/dags/predict.py:29 RemovedInAirflow3Warning: Param `schedule_interval` is deprecated and will be removed in a future release. Please use `schedule` instead.
[2026-01-31T02:20:27.074+0000] {processor.py:840} INFO - DAG(s) 'ml_prediction_pipeline' retrieved from /opt/airflow/dags/predict.py
[2026-01-31T02:20:27.095+0000] {logging_mixin.py:188} INFO - [2026-01-31T02:20:27.095+0000] {dag.py:3096} INFO - Sync 1 DAGs
[2026-01-31T02:20:27.115+0000] {logging_mixin.py:188} INFO - [2026-01-31T02:20:27.115+0000] {dag.py:3954} INFO - Setting next_dagrun for ml_prediction_pipeline to 2026-01-30 00:00:00+00:00, run_after=2026-01-31 00:00:00+00:00
[2026-01-31T02:20:27.137+0000] {processor.py:183} INFO - Processing /opt/airflow/dags/predict.py took 2.426 seconds
[2026-01-31T02:20:58.252+0000] {processor.py:161} INFO - Started process (PID=14701) to work on /opt/airflow/dags/predict.py
[2026-01-31T02:20:58.254+0000] {processor.py:830} INFO - Processing file /opt/airflow/dags/predict.py for tasks to queue
[2026-01-31T02:20:58.257+0000] {logging_mixin.py:188} INFO - [2026-01-31T02:20:58.257+0000] {dagbag.py:545} INFO - Filling up the DagBag from /opt/airflow/dags/predict.py
[2026-01-31T02:21:00.205+0000] {logging_mixin.py:188} WARNING - /opt/airflow/dags/predict.py:34 RemovedInAirflow3Warning: Function `days_ago` is deprecated and will be removed in Airflow 3.0. You can achieve equivalent behavior with `pendulum.today('UTC').add(days=-N, ...)`
[2026-01-31T02:21:00.206+0000] {logging_mixin.py:188} WARNING - /opt/airflow/dags/predict.py:29 RemovedInAirflow3Warning: Param `schedule_interval` is deprecated and will be removed in a future release. Please use `schedule` instead.
[2026-01-31T02:21:00.210+0000] {processor.py:840} INFO - DAG(s) 'ml_prediction_pipeline' retrieved from /opt/airflow/dags/predict.py
[2026-01-31T02:21:00.230+0000] {logging_mixin.py:188} INFO - [2026-01-31T02:21:00.229+0000] {dag.py:3096} INFO - Sync 1 DAGs
[2026-01-31T02:21:00.244+0000] {logging_mixin.py:188} INFO - [2026-01-31T02:21:00.244+0000] {dag.py:3954} INFO - Setting next_dagrun for ml_prediction_pipeline to 2026-01-30 00:00:00+00:00, run_after=2026-01-31 00:00:00+00:00
[2026-01-31T02:21:00.261+0000] {processor.py:183} INFO - Processing /opt/airflow/dags/predict.py took 2.016 seconds
[2026-01-31T02:21:30.709+0000] {processor.py:161} INFO - Started process (PID=14748) to work on /opt/airflow/dags/predict.py
[2026-01-31T02:21:30.709+0000] {processor.py:830} INFO - Processing file /opt/airflow/dags/predict.py for tasks to queue
[2026-01-31T02:21:30.711+0000] {logging_mixin.py:188} INFO - [2026-01-31T02:21:30.710+0000] {dagbag.py:545} INFO - Filling up the DagBag from /opt/airflow/dags/predict.py
[2026-01-31T02:21:32.445+0000] {logging_mixin.py:188} WARNING - /opt/airflow/dags/predict.py:34 RemovedInAirflow3Warning: Function `days_ago` is deprecated and will be removed in Airflow 3.0. You can achieve equivalent behavior with `pendulum.today('UTC').add(days=-N, ...)`
[2026-01-31T02:21:32.446+0000] {logging_mixin.py:188} WARNING - /opt/airflow/dags/predict.py:29 RemovedInAirflow3Warning: Param `schedule_interval` is deprecated and will be removed in a future release. Please use `schedule` instead.
[2026-01-31T02:21:32.450+0000] {processor.py:840} INFO - DAG(s) 'ml_prediction_pipeline' retrieved from /opt/airflow/dags/predict.py
[2026-01-31T02:21:32.467+0000] {logging_mixin.py:188} INFO - [2026-01-31T02:21:32.467+0000] {dag.py:3096} INFO - Sync 1 DAGs
[2026-01-31T02:21:32.479+0000] {logging_mixin.py:188} INFO - [2026-01-31T02:21:32.479+0000] {dag.py:3954} INFO - Setting next_dagrun for ml_prediction_pipeline to 2026-01-30 00:00:00+00:00, run_after=2026-01-31 00:00:00+00:00
[2026-01-31T02:21:32.493+0000] {processor.py:183} INFO - Processing /opt/airflow/dags/predict.py took 1.789 seconds
[2026-01-31T02:22:03.742+0000] {processor.py:161} INFO - Started process (PID=14795) to work on /opt/airflow/dags/predict.py
[2026-01-31T02:22:03.743+0000] {processor.py:830} INFO - Processing file /opt/airflow/dags/predict.py for tasks to queue
[2026-01-31T02:22:03.744+0000] {logging_mixin.py:188} INFO - [2026-01-31T02:22:03.744+0000] {dagbag.py:545} INFO - Filling up the DagBag from /opt/airflow/dags/predict.py
[2026-01-31T02:22:05.554+0000] {logging_mixin.py:188} WARNING - /opt/airflow/dags/predict.py:34 RemovedInAirflow3Warning: Function `days_ago` is deprecated and will be removed in Airflow 3.0. You can achieve equivalent behavior with `pendulum.today('UTC').add(days=-N, ...)`
[2026-01-31T02:22:05.555+0000] {logging_mixin.py:188} WARNING - /opt/airflow/dags/predict.py:29 RemovedInAirflow3Warning: Param `schedule_interval` is deprecated and will be removed in a future release. Please use `schedule` instead.
[2026-01-31T02:22:05.559+0000] {processor.py:840} INFO - DAG(s) 'ml_prediction_pipeline' retrieved from /opt/airflow/dags/predict.py
[2026-01-31T02:22:05.577+0000] {logging_mixin.py:188} INFO - [2026-01-31T02:22:05.577+0000] {dag.py:3096} INFO - Sync 1 DAGs
[2026-01-31T02:22:05.592+0000] {logging_mixin.py:188} INFO - [2026-01-31T02:22:05.592+0000] {dag.py:3954} INFO - Setting next_dagrun for ml_prediction_pipeline to 2026-01-30 00:00:00+00:00, run_after=2026-01-31 00:00:00+00:00
[2026-01-31T02:22:05.609+0000] {processor.py:183} INFO - Processing /opt/airflow/dags/predict.py took 1.871 seconds
[2026-01-31T02:22:36.714+0000] {processor.py:161} INFO - Started process (PID=14842) to work on /opt/airflow/dags/predict.py
[2026-01-31T02:22:36.715+0000] {processor.py:830} INFO - Processing file /opt/airflow/dags/predict.py for tasks to queue
[2026-01-31T02:22:36.716+0000] {logging_mixin.py:188} INFO - [2026-01-31T02:22:36.716+0000] {dagbag.py:545} INFO - Filling up the DagBag from /opt/airflow/dags/predict.py
[2026-01-31T02:22:38.701+0000] {logging_mixin.py:188} WARNING - /opt/airflow/dags/predict.py:34 RemovedInAirflow3Warning: Function `days_ago` is deprecated and will be removed in Airflow 3.0. You can achieve equivalent behavior with `pendulum.today('UTC').add(days=-N, ...)`
[2026-01-31T02:22:38.702+0000] {logging_mixin.py:188} WARNING - /opt/airflow/dags/predict.py:29 RemovedInAirflow3Warning: Param `schedule_interval` is deprecated and will be removed in a future release. Please use `schedule` instead.
[2026-01-31T02:22:38.707+0000] {processor.py:840} INFO - DAG(s) 'ml_prediction_pipeline' retrieved from /opt/airflow/dags/predict.py
[2026-01-31T02:22:38.729+0000] {logging_mixin.py:188} INFO - [2026-01-31T02:22:38.728+0000] {dag.py:3096} INFO - Sync 1 DAGs
[2026-01-31T02:22:38.743+0000] {logging_mixin.py:188} INFO - [2026-01-31T02:22:38.743+0000] {dag.py:3954} INFO - Setting next_dagrun for ml_prediction_pipeline to 2026-01-30 00:00:00+00:00, run_after=2026-01-31 00:00:00+00:00
[2026-01-31T02:22:38.757+0000] {processor.py:183} INFO - Processing /opt/airflow/dags/predict.py took 2.047 seconds
[2026-01-31T02:23:10.001+0000] {processor.py:161} INFO - Started process (PID=14889) to work on /opt/airflow/dags/predict.py
[2026-01-31T02:23:10.004+0000] {processor.py:830} INFO - Processing file /opt/airflow/dags/predict.py for tasks to queue
[2026-01-31T02:23:10.006+0000] {logging_mixin.py:188} INFO - [2026-01-31T02:23:10.005+0000] {dagbag.py:545} INFO - Filling up the DagBag from /opt/airflow/dags/predict.py
[2026-01-31T02:23:11.721+0000] {logging_mixin.py:188} WARNING - /opt/airflow/dags/predict.py:34 RemovedInAirflow3Warning: Function `days_ago` is deprecated and will be removed in Airflow 3.0. You can achieve equivalent behavior with `pendulum.today('UTC').add(days=-N, ...)`
[2026-01-31T02:23:11.722+0000] {logging_mixin.py:188} WARNING - /opt/airflow/dags/predict.py:29 RemovedInAirflow3Warning: Param `schedule_interval` is deprecated and will be removed in a future release. Please use `schedule` instead.
[2026-01-31T02:23:11.726+0000] {processor.py:840} INFO - DAG(s) 'ml_prediction_pipeline' retrieved from /opt/airflow/dags/predict.py
[2026-01-31T02:23:11.744+0000] {logging_mixin.py:188} INFO - [2026-01-31T02:23:11.744+0000] {dag.py:3096} INFO - Sync 1 DAGs
[2026-01-31T02:23:11.760+0000] {logging_mixin.py:188} INFO - [2026-01-31T02:23:11.760+0000] {dag.py:3954} INFO - Setting next_dagrun for ml_prediction_pipeline to 2026-01-30 00:00:00+00:00, run_after=2026-01-31 00:00:00+00:00
[2026-01-31T02:23:11.777+0000] {processor.py:183} INFO - Processing /opt/airflow/dags/predict.py took 1.780 seconds
[2026-01-31T02:23:42.821+0000] {processor.py:161} INFO - Started process (PID=14936) to work on /opt/airflow/dags/predict.py
[2026-01-31T02:23:42.822+0000] {processor.py:830} INFO - Processing file /opt/airflow/dags/predict.py for tasks to queue
[2026-01-31T02:23:42.823+0000] {logging_mixin.py:188} INFO - [2026-01-31T02:23:42.823+0000] {dagbag.py:545} INFO - Filling up the DagBag from /opt/airflow/dags/predict.py
[2026-01-31T02:23:44.659+0000] {logging_mixin.py:188} WARNING - /opt/airflow/dags/predict.py:34 RemovedInAirflow3Warning: Function `days_ago` is deprecated and will be removed in Airflow 3.0. You can achieve equivalent behavior with `pendulum.today('UTC').add(days=-N, ...)`
[2026-01-31T02:23:44.660+0000] {logging_mixin.py:188} WARNING - /opt/airflow/dags/predict.py:29 RemovedInAirflow3Warning: Param `schedule_interval` is deprecated and will be removed in a future release. Please use `schedule` instead.
[2026-01-31T02:23:44.663+0000] {processor.py:840} INFO - DAG(s) 'ml_prediction_pipeline' retrieved from /opt/airflow/dags/predict.py
[2026-01-31T02:23:44.680+0000] {logging_mixin.py:188} INFO - [2026-01-31T02:23:44.679+0000] {dag.py:3096} INFO - Sync 1 DAGs
[2026-01-31T02:23:44.694+0000] {logging_mixin.py:188} INFO - [2026-01-31T02:23:44.694+0000] {dag.py:3954} INFO - Setting next_dagrun for ml_prediction_pipeline to 2026-01-30 00:00:00+00:00, run_after=2026-01-31 00:00:00+00:00
[2026-01-31T02:23:44.709+0000] {processor.py:183} INFO - Processing /opt/airflow/dags/predict.py took 1.892 seconds
[2026-01-31T02:24:15.818+0000] {processor.py:161} INFO - Started process (PID=14983) to work on /opt/airflow/dags/predict.py
[2026-01-31T02:24:15.820+0000] {processor.py:830} INFO - Processing file /opt/airflow/dags/predict.py for tasks to queue
[2026-01-31T02:24:15.822+0000] {logging_mixin.py:188} INFO - [2026-01-31T02:24:15.822+0000] {dagbag.py:545} INFO - Filling up the DagBag from /opt/airflow/dags/predict.py
[2026-01-31T02:24:17.600+0000] {logging_mixin.py:188} WARNING - /opt/airflow/dags/predict.py:34 RemovedInAirflow3Warning: Function `days_ago` is deprecated and will be removed in Airflow 3.0. You can achieve equivalent behavior with `pendulum.today('UTC').add(days=-N, ...)`
[2026-01-31T02:24:17.601+0000] {logging_mixin.py:188} WARNING - /opt/airflow/dags/predict.py:29 RemovedInAirflow3Warning: Param `schedule_interval` is deprecated and will be removed in a future release. Please use `schedule` instead.
[2026-01-31T02:24:17.604+0000] {processor.py:840} INFO - DAG(s) 'ml_prediction_pipeline' retrieved from /opt/airflow/dags/predict.py
[2026-01-31T02:24:17.620+0000] {logging_mixin.py:188} INFO - [2026-01-31T02:24:17.620+0000] {dag.py:3096} INFO - Sync 1 DAGs
[2026-01-31T02:24:17.634+0000] {logging_mixin.py:188} INFO - [2026-01-31T02:24:17.633+0000] {dag.py:3954} INFO - Setting next_dagrun for ml_prediction_pipeline to 2026-01-30 00:00:00+00:00, run_after=2026-01-31 00:00:00+00:00
[2026-01-31T02:24:17.647+0000] {processor.py:183} INFO - Processing /opt/airflow/dags/predict.py took 1.836 seconds
[2026-01-31T02:24:48.846+0000] {processor.py:161} INFO - Started process (PID=15030) to work on /opt/airflow/dags/predict.py
[2026-01-31T02:24:48.846+0000] {processor.py:830} INFO - Processing file /opt/airflow/dags/predict.py for tasks to queue
[2026-01-31T02:24:48.847+0000] {logging_mixin.py:188} INFO - [2026-01-31T02:24:48.847+0000] {dagbag.py:545} INFO - Filling up the DagBag from /opt/airflow/dags/predict.py
[2026-01-31T02:24:50.823+0000] {logging_mixin.py:188} WARNING - /opt/airflow/dags/predict.py:34 RemovedInAirflow3Warning: Function `days_ago` is deprecated and will be removed in Airflow 3.0. You can achieve equivalent behavior with `pendulum.today('UTC').add(days=-N, ...)`
[2026-01-31T02:24:50.824+0000] {logging_mixin.py:188} WARNING - /opt/airflow/dags/predict.py:29 RemovedInAirflow3Warning: Param `schedule_interval` is deprecated and will be removed in a future release. Please use `schedule` instead.
[2026-01-31T02:24:50.829+0000] {processor.py:840} INFO - DAG(s) 'ml_prediction_pipeline' retrieved from /opt/airflow/dags/predict.py
[2026-01-31T02:24:50.850+0000] {logging_mixin.py:188} INFO - [2026-01-31T02:24:50.849+0000] {dag.py:3096} INFO - Sync 1 DAGs
[2026-01-31T02:24:50.867+0000] {logging_mixin.py:188} INFO - [2026-01-31T02:24:50.867+0000] {dag.py:3954} INFO - Setting next_dagrun for ml_prediction_pipeline to 2026-01-30 00:00:00+00:00, run_after=2026-01-31 00:00:00+00:00
[2026-01-31T02:24:50.887+0000] {processor.py:183} INFO - Processing /opt/airflow/dags/predict.py took 2.045 seconds
[2026-01-31T02:25:22.022+0000] {processor.py:161} INFO - Started process (PID=15077) to work on /opt/airflow/dags/predict.py
[2026-01-31T02:25:22.023+0000] {processor.py:830} INFO - Processing file /opt/airflow/dags/predict.py for tasks to queue
[2026-01-31T02:25:22.025+0000] {logging_mixin.py:188} INFO - [2026-01-31T02:25:22.024+0000] {dagbag.py:545} INFO - Filling up the DagBag from /opt/airflow/dags/predict.py
[2026-01-31T02:25:24.000+0000] {logging_mixin.py:188} WARNING - /opt/airflow/dags/predict.py:34 RemovedInAirflow3Warning: Function `days_ago` is deprecated and will be removed in Airflow 3.0. You can achieve equivalent behavior with `pendulum.today('UTC').add(days=-N, ...)`
[2026-01-31T02:25:24.001+0000] {logging_mixin.py:188} WARNING - /opt/airflow/dags/predict.py:29 RemovedInAirflow3Warning: Param `schedule_interval` is deprecated and will be removed in a future release. Please use `schedule` instead.
[2026-01-31T02:25:24.006+0000] {processor.py:840} INFO - DAG(s) 'ml_prediction_pipeline' retrieved from /opt/airflow/dags/predict.py
[2026-01-31T02:25:24.024+0000] {logging_mixin.py:188} INFO - [2026-01-31T02:25:24.024+0000] {dag.py:3096} INFO - Sync 1 DAGs
[2026-01-31T02:25:24.038+0000] {logging_mixin.py:188} INFO - [2026-01-31T02:25:24.038+0000] {dag.py:3954} INFO - Setting next_dagrun for ml_prediction_pipeline to 2026-01-30 00:00:00+00:00, run_after=2026-01-31 00:00:00+00:00
[2026-01-31T02:25:24.055+0000] {processor.py:183} INFO - Processing /opt/airflow/dags/predict.py took 2.038 seconds
[2026-01-31T02:25:55.056+0000] {processor.py:161} INFO - Started process (PID=15124) to work on /opt/airflow/dags/predict.py
[2026-01-31T02:25:55.056+0000] {processor.py:830} INFO - Processing file /opt/airflow/dags/predict.py for tasks to queue
[2026-01-31T02:25:55.057+0000] {logging_mixin.py:188} INFO - [2026-01-31T02:25:55.057+0000] {dagbag.py:545} INFO - Filling up the DagBag from /opt/airflow/dags/predict.py
[2026-01-31T02:25:56.756+0000] {logging_mixin.py:188} WARNING - /opt/airflow/dags/predict.py:34 RemovedInAirflow3Warning: Function `days_ago` is deprecated and will be removed in Airflow 3.0. You can achieve equivalent behavior with `pendulum.today('UTC').add(days=-N, ...)`
[2026-01-31T02:25:56.757+0000] {logging_mixin.py:188} WARNING - /opt/airflow/dags/predict.py:29 RemovedInAirflow3Warning: Param `schedule_interval` is deprecated and will be removed in a future release. Please use `schedule` instead.
[2026-01-31T02:25:56.760+0000] {processor.py:840} INFO - DAG(s) 'ml_prediction_pipeline' retrieved from /opt/airflow/dags/predict.py
[2026-01-31T02:25:56.776+0000] {logging_mixin.py:188} INFO - [2026-01-31T02:25:56.775+0000] {dag.py:3096} INFO - Sync 1 DAGs
[2026-01-31T02:25:56.790+0000] {logging_mixin.py:188} INFO - [2026-01-31T02:25:56.790+0000] {dag.py:3954} INFO - Setting next_dagrun for ml_prediction_pipeline to 2026-01-30 00:00:00+00:00, run_after=2026-01-31 00:00:00+00:00
[2026-01-31T02:25:56.807+0000] {processor.py:183} INFO - Processing /opt/airflow/dags/predict.py took 1.755 seconds
[2026-01-31T02:26:27.968+0000] {processor.py:161} INFO - Started process (PID=15172) to work on /opt/airflow/dags/predict.py
[2026-01-31T02:26:27.969+0000] {processor.py:830} INFO - Processing file /opt/airflow/dags/predict.py for tasks to queue
[2026-01-31T02:26:27.970+0000] {logging_mixin.py:188} INFO - [2026-01-31T02:26:27.970+0000] {dagbag.py:545} INFO - Filling up the DagBag from /opt/airflow/dags/predict.py
[2026-01-31T02:26:29.661+0000] {logging_mixin.py:188} WARNING - /opt/airflow/dags/predict.py:34 RemovedInAirflow3Warning: Function `days_ago` is deprecated and will be removed in Airflow 3.0. You can achieve equivalent behavior with `pendulum.today('UTC').add(days=-N, ...)`
[2026-01-31T02:26:29.662+0000] {logging_mixin.py:188} WARNING - /opt/airflow/dags/predict.py:29 RemovedInAirflow3Warning: Param `schedule_interval` is deprecated and will be removed in a future release. Please use `schedule` instead.
[2026-01-31T02:26:29.665+0000] {processor.py:840} INFO - DAG(s) 'ml_prediction_pipeline' retrieved from /opt/airflow/dags/predict.py
[2026-01-31T02:26:29.681+0000] {logging_mixin.py:188} INFO - [2026-01-31T02:26:29.680+0000] {dag.py:3096} INFO - Sync 1 DAGs
[2026-01-31T02:26:29.694+0000] {logging_mixin.py:188} INFO - [2026-01-31T02:26:29.694+0000] {dag.py:3954} INFO - Setting next_dagrun for ml_prediction_pipeline to 2026-01-30 00:00:00+00:00, run_after=2026-01-31 00:00:00+00:00
[2026-01-31T02:26:29.709+0000] {processor.py:183} INFO - Processing /opt/airflow/dags/predict.py took 1.745 seconds
[2026-01-31T02:27:00.851+0000] {processor.py:161} INFO - Started process (PID=15219) to work on /opt/airflow/dags/predict.py
[2026-01-31T02:27:00.852+0000] {processor.py:830} INFO - Processing file /opt/airflow/dags/predict.py for tasks to queue
[2026-01-31T02:27:00.853+0000] {logging_mixin.py:188} INFO - [2026-01-31T02:27:00.853+0000] {dagbag.py:545} INFO - Filling up the DagBag from /opt/airflow/dags/predict.py
[2026-01-31T02:27:02.533+0000] {logging_mixin.py:188} WARNING - /opt/airflow/dags/predict.py:34 RemovedInAirflow3Warning: Function `days_ago` is deprecated and will be removed in Airflow 3.0. You can achieve equivalent behavior with `pendulum.today('UTC').add(days=-N, ...)`
[2026-01-31T02:27:02.534+0000] {logging_mixin.py:188} WARNING - /opt/airflow/dags/predict.py:29 RemovedInAirflow3Warning: Param `schedule_interval` is deprecated and will be removed in a future release. Please use `schedule` instead.
[2026-01-31T02:27:02.537+0000] {processor.py:840} INFO - DAG(s) 'ml_prediction_pipeline' retrieved from /opt/airflow/dags/predict.py
[2026-01-31T02:27:02.554+0000] {logging_mixin.py:188} INFO - [2026-01-31T02:27:02.553+0000] {dag.py:3096} INFO - Sync 1 DAGs
[2026-01-31T02:27:02.568+0000] {logging_mixin.py:188} INFO - [2026-01-31T02:27:02.568+0000] {dag.py:3954} INFO - Setting next_dagrun for ml_prediction_pipeline to 2026-01-30 00:00:00+00:00, run_after=2026-01-31 00:00:00+00:00
[2026-01-31T02:27:02.582+0000] {processor.py:183} INFO - Processing /opt/airflow/dags/predict.py took 1.734 seconds
[2026-01-31T02:27:33.772+0000] {processor.py:161} INFO - Started process (PID=15266) to work on /opt/airflow/dags/predict.py
[2026-01-31T02:27:33.774+0000] {processor.py:830} INFO - Processing file /opt/airflow/dags/predict.py for tasks to queue
[2026-01-31T02:27:33.775+0000] {logging_mixin.py:188} INFO - [2026-01-31T02:27:33.775+0000] {dagbag.py:545} INFO - Filling up the DagBag from /opt/airflow/dags/predict.py
[2026-01-31T02:27:35.783+0000] {logging_mixin.py:188} WARNING - /opt/airflow/dags/predict.py:34 RemovedInAirflow3Warning: Function `days_ago` is deprecated and will be removed in Airflow 3.0. You can achieve equivalent behavior with `pendulum.today('UTC').add(days=-N, ...)`
[2026-01-31T02:27:35.784+0000] {logging_mixin.py:188} WARNING - /opt/airflow/dags/predict.py:29 RemovedInAirflow3Warning: Param `schedule_interval` is deprecated and will be removed in a future release. Please use `schedule` instead.
[2026-01-31T02:27:35.788+0000] {processor.py:840} INFO - DAG(s) 'ml_prediction_pipeline' retrieved from /opt/airflow/dags/predict.py
[2026-01-31T02:27:35.808+0000] {logging_mixin.py:188} INFO - [2026-01-31T02:27:35.808+0000] {dag.py:3096} INFO - Sync 1 DAGs
[2026-01-31T02:27:35.823+0000] {logging_mixin.py:188} INFO - [2026-01-31T02:27:35.822+0000] {dag.py:3954} INFO - Setting next_dagrun for ml_prediction_pipeline to 2026-01-30 00:00:00+00:00, run_after=2026-01-31 00:00:00+00:00
[2026-01-31T02:27:35.839+0000] {processor.py:183} INFO - Processing /opt/airflow/dags/predict.py took 2.072 seconds
[2026-01-31T02:28:06.912+0000] {processor.py:161} INFO - Started process (PID=15313) to work on /opt/airflow/dags/predict.py
[2026-01-31T02:28:06.913+0000] {processor.py:830} INFO - Processing file /opt/airflow/dags/predict.py for tasks to queue
[2026-01-31T02:28:06.914+0000] {logging_mixin.py:188} INFO - [2026-01-31T02:28:06.914+0000] {dagbag.py:545} INFO - Filling up the DagBag from /opt/airflow/dags/predict.py
[2026-01-31T02:28:08.532+0000] {logging_mixin.py:188} WARNING - /opt/airflow/dags/predict.py:34 RemovedInAirflow3Warning: Function `days_ago` is deprecated and will be removed in Airflow 3.0. You can achieve equivalent behavior with `pendulum.today('UTC').add(days=-N, ...)`
[2026-01-31T02:28:08.533+0000] {logging_mixin.py:188} WARNING - /opt/airflow/dags/predict.py:29 RemovedInAirflow3Warning: Param `schedule_interval` is deprecated and will be removed in a future release. Please use `schedule` instead.
[2026-01-31T02:28:08.536+0000] {processor.py:840} INFO - DAG(s) 'ml_prediction_pipeline' retrieved from /opt/airflow/dags/predict.py
[2026-01-31T02:28:08.553+0000] {logging_mixin.py:188} INFO - [2026-01-31T02:28:08.553+0000] {dag.py:3096} INFO - Sync 1 DAGs
[2026-01-31T02:28:08.568+0000] {logging_mixin.py:188} INFO - [2026-01-31T02:28:08.567+0000] {dag.py:3954} INFO - Setting next_dagrun for ml_prediction_pipeline to 2026-01-30 00:00:00+00:00, run_after=2026-01-31 00:00:00+00:00
[2026-01-31T02:28:08.582+0000] {processor.py:183} INFO - Processing /opt/airflow/dags/predict.py took 1.673 seconds
[2026-01-31T02:28:39.662+0000] {processor.py:161} INFO - Started process (PID=15360) to work on /opt/airflow/dags/predict.py
[2026-01-31T02:28:39.664+0000] {processor.py:830} INFO - Processing file /opt/airflow/dags/predict.py for tasks to queue
[2026-01-31T02:28:39.665+0000] {logging_mixin.py:188} INFO - [2026-01-31T02:28:39.665+0000] {dagbag.py:545} INFO - Filling up the DagBag from /opt/airflow/dags/predict.py
[2026-01-31T02:28:41.421+0000] {logging_mixin.py:188} WARNING - /opt/airflow/dags/predict.py:34 RemovedInAirflow3Warning: Function `days_ago` is deprecated and will be removed in Airflow 3.0. You can achieve equivalent behavior with `pendulum.today('UTC').add(days=-N, ...)`
[2026-01-31T02:28:41.423+0000] {logging_mixin.py:188} WARNING - /opt/airflow/dags/predict.py:29 RemovedInAirflow3Warning: Param `schedule_interval` is deprecated and will be removed in a future release. Please use `schedule` instead.
[2026-01-31T02:28:41.427+0000] {processor.py:840} INFO - DAG(s) 'ml_prediction_pipeline' retrieved from /opt/airflow/dags/predict.py
[2026-01-31T02:28:41.446+0000] {logging_mixin.py:188} INFO - [2026-01-31T02:28:41.446+0000] {dag.py:3096} INFO - Sync 1 DAGs
[2026-01-31T02:28:41.460+0000] {logging_mixin.py:188} INFO - [2026-01-31T02:28:41.460+0000] {dag.py:3954} INFO - Setting next_dagrun for ml_prediction_pipeline to 2026-01-30 00:00:00+00:00, run_after=2026-01-31 00:00:00+00:00
[2026-01-31T02:28:41.475+0000] {processor.py:183} INFO - Processing /opt/airflow/dags/predict.py took 1.817 seconds
[2026-01-31T02:29:12.627+0000] {processor.py:161} INFO - Started process (PID=15407) to work on /opt/airflow/dags/predict.py
[2026-01-31T02:29:12.627+0000] {processor.py:830} INFO - Processing file /opt/airflow/dags/predict.py for tasks to queue
[2026-01-31T02:29:12.628+0000] {logging_mixin.py:188} INFO - [2026-01-31T02:29:12.628+0000] {dagbag.py:545} INFO - Filling up the DagBag from /opt/airflow/dags/predict.py
[2026-01-31T02:29:14.523+0000] {logging_mixin.py:188} WARNING - /opt/airflow/dags/predict.py:34 RemovedInAirflow3Warning: Function `days_ago` is deprecated and will be removed in Airflow 3.0. You can achieve equivalent behavior with `pendulum.today('UTC').add(days=-N, ...)`
[2026-01-31T02:29:14.524+0000] {logging_mixin.py:188} WARNING - /opt/airflow/dags/predict.py:29 RemovedInAirflow3Warning: Param `schedule_interval` is deprecated and will be removed in a future release. Please use `schedule` instead.
[2026-01-31T02:29:14.527+0000] {processor.py:840} INFO - DAG(s) 'ml_prediction_pipeline' retrieved from /opt/airflow/dags/predict.py
[2026-01-31T02:29:14.544+0000] {logging_mixin.py:188} INFO - [2026-01-31T02:29:14.544+0000] {dag.py:3096} INFO - Sync 1 DAGs
[2026-01-31T02:29:14.556+0000] {logging_mixin.py:188} INFO - [2026-01-31T02:29:14.556+0000] {dag.py:3954} INFO - Setting next_dagrun for ml_prediction_pipeline to 2026-01-30 00:00:00+00:00, run_after=2026-01-31 00:00:00+00:00
[2026-01-31T02:29:14.570+0000] {processor.py:183} INFO - Processing /opt/airflow/dags/predict.py took 1.948 seconds
[2026-01-31T02:29:45.706+0000] {processor.py:161} INFO - Started process (PID=15454) to work on /opt/airflow/dags/predict.py
[2026-01-31T02:29:45.708+0000] {processor.py:830} INFO - Processing file /opt/airflow/dags/predict.py for tasks to queue
[2026-01-31T02:29:45.709+0000] {logging_mixin.py:188} INFO - [2026-01-31T02:29:45.709+0000] {dagbag.py:545} INFO - Filling up the DagBag from /opt/airflow/dags/predict.py
[2026-01-31T02:29:47.418+0000] {logging_mixin.py:188} WARNING - /opt/airflow/dags/predict.py:34 RemovedInAirflow3Warning: Function `days_ago` is deprecated and will be removed in Airflow 3.0. You can achieve equivalent behavior with `pendulum.today('UTC').add(days=-N, ...)`
[2026-01-31T02:29:47.419+0000] {logging_mixin.py:188} WARNING - /opt/airflow/dags/predict.py:29 RemovedInAirflow3Warning: Param `schedule_interval` is deprecated and will be removed in a future release. Please use `schedule` instead.
[2026-01-31T02:29:47.422+0000] {processor.py:840} INFO - DAG(s) 'ml_prediction_pipeline' retrieved from /opt/airflow/dags/predict.py
[2026-01-31T02:29:47.439+0000] {logging_mixin.py:188} INFO - [2026-01-31T02:29:47.439+0000] {dag.py:3096} INFO - Sync 1 DAGs
[2026-01-31T02:29:47.455+0000] {logging_mixin.py:188} INFO - [2026-01-31T02:29:47.455+0000] {dag.py:3954} INFO - Setting next_dagrun for ml_prediction_pipeline to 2026-01-30 00:00:00+00:00, run_after=2026-01-31 00:00:00+00:00
[2026-01-31T02:29:47.469+0000] {processor.py:183} INFO - Processing /opt/airflow/dags/predict.py took 1.766 seconds
[2026-01-31T02:30:18.577+0000] {processor.py:161} INFO - Started process (PID=15501) to work on /opt/airflow/dags/predict.py
[2026-01-31T02:30:18.578+0000] {processor.py:830} INFO - Processing file /opt/airflow/dags/predict.py for tasks to queue
[2026-01-31T02:30:18.579+0000] {logging_mixin.py:188} INFO - [2026-01-31T02:30:18.579+0000] {dagbag.py:545} INFO - Filling up the DagBag from /opt/airflow/dags/predict.py
[2026-01-31T02:30:20.310+0000] {logging_mixin.py:188} WARNING - /opt/airflow/dags/predict.py:34 RemovedInAirflow3Warning: Function `days_ago` is deprecated and will be removed in Airflow 3.0. You can achieve equivalent behavior with `pendulum.today('UTC').add(days=-N, ...)`
[2026-01-31T02:30:20.311+0000] {logging_mixin.py:188} WARNING - /opt/airflow/dags/predict.py:29 RemovedInAirflow3Warning: Param `schedule_interval` is deprecated and will be removed in a future release. Please use `schedule` instead.
[2026-01-31T02:30:20.314+0000] {processor.py:840} INFO - DAG(s) 'ml_prediction_pipeline' retrieved from /opt/airflow/dags/predict.py
[2026-01-31T02:30:20.332+0000] {logging_mixin.py:188} INFO - [2026-01-31T02:30:20.331+0000] {dag.py:3096} INFO - Sync 1 DAGs
[2026-01-31T02:30:20.345+0000] {logging_mixin.py:188} INFO - [2026-01-31T02:30:20.345+0000] {dag.py:3954} INFO - Setting next_dagrun for ml_prediction_pipeline to 2026-01-30 00:00:00+00:00, run_after=2026-01-31 00:00:00+00:00
[2026-01-31T02:30:20.359+0000] {processor.py:183} INFO - Processing /opt/airflow/dags/predict.py took 1.786 seconds
[2026-01-31T02:30:51.479+0000] {processor.py:161} INFO - Started process (PID=15548) to work on /opt/airflow/dags/predict.py
[2026-01-31T02:30:51.480+0000] {processor.py:830} INFO - Processing file /opt/airflow/dags/predict.py for tasks to queue
[2026-01-31T02:30:51.481+0000] {logging_mixin.py:188} INFO - [2026-01-31T02:30:51.481+0000] {dagbag.py:545} INFO - Filling up the DagBag from /opt/airflow/dags/predict.py
[2026-01-31T02:30:53.228+0000] {logging_mixin.py:188} WARNING - /opt/airflow/dags/predict.py:34 RemovedInAirflow3Warning: Function `days_ago` is deprecated and will be removed in Airflow 3.0. You can achieve equivalent behavior with `pendulum.today('UTC').add(days=-N, ...)`
[2026-01-31T02:30:53.228+0000] {logging_mixin.py:188} WARNING - /opt/airflow/dags/predict.py:29 RemovedInAirflow3Warning: Param `schedule_interval` is deprecated and will be removed in a future release. Please use `schedule` instead.
[2026-01-31T02:30:53.233+0000] {processor.py:840} INFO - DAG(s) 'ml_prediction_pipeline' retrieved from /opt/airflow/dags/predict.py
[2026-01-31T02:30:53.254+0000] {logging_mixin.py:188} INFO - [2026-01-31T02:30:53.253+0000] {dag.py:3096} INFO - Sync 1 DAGs
[2026-01-31T02:30:53.272+0000] {logging_mixin.py:188} INFO - [2026-01-31T02:30:53.272+0000] {dag.py:3954} INFO - Setting next_dagrun for ml_prediction_pipeline to 2026-01-30 00:00:00+00:00, run_after=2026-01-31 00:00:00+00:00
[2026-01-31T02:30:53.291+0000] {processor.py:183} INFO - Processing /opt/airflow/dags/predict.py took 1.816 seconds
[2026-01-31T02:31:24.480+0000] {processor.py:161} INFO - Started process (PID=15595) to work on /opt/airflow/dags/predict.py
[2026-01-31T02:31:24.482+0000] {processor.py:830} INFO - Processing file /opt/airflow/dags/predict.py for tasks to queue
[2026-01-31T02:31:24.485+0000] {logging_mixin.py:188} INFO - [2026-01-31T02:31:24.484+0000] {dagbag.py:545} INFO - Filling up the DagBag from /opt/airflow/dags/predict.py
[2026-01-31T02:31:26.302+0000] {logging_mixin.py:188} WARNING - /opt/airflow/dags/predict.py:34 RemovedInAirflow3Warning: Function `days_ago` is deprecated and will be removed in Airflow 3.0. You can achieve equivalent behavior with `pendulum.today('UTC').add(days=-N, ...)`
[2026-01-31T02:31:26.304+0000] {logging_mixin.py:188} WARNING - /opt/airflow/dags/predict.py:29 RemovedInAirflow3Warning: Param `schedule_interval` is deprecated and will be removed in a future release. Please use `schedule` instead.
[2026-01-31T02:31:26.308+0000] {processor.py:840} INFO - DAG(s) 'ml_prediction_pipeline' retrieved from /opt/airflow/dags/predict.py
[2026-01-31T02:31:26.326+0000] {logging_mixin.py:188} INFO - [2026-01-31T02:31:26.326+0000] {dag.py:3096} INFO - Sync 1 DAGs
[2026-01-31T02:31:26.339+0000] {logging_mixin.py:188} INFO - [2026-01-31T02:31:26.339+0000] {dag.py:3954} INFO - Setting next_dagrun for ml_prediction_pipeline to 2026-01-30 00:00:00+00:00, run_after=2026-01-31 00:00:00+00:00
[2026-01-31T02:31:26.355+0000] {processor.py:183} INFO - Processing /opt/airflow/dags/predict.py took 1.880 seconds
[2026-01-31T02:31:57.437+0000] {processor.py:161} INFO - Started process (PID=15642) to work on /opt/airflow/dags/predict.py
[2026-01-31T02:31:57.439+0000] {processor.py:830} INFO - Processing file /opt/airflow/dags/predict.py for tasks to queue
[2026-01-31T02:31:57.442+0000] {logging_mixin.py:188} INFO - [2026-01-31T02:31:57.442+0000] {dagbag.py:545} INFO - Filling up the DagBag from /opt/airflow/dags/predict.py
[2026-01-31T02:31:59.354+0000] {logging_mixin.py:188} WARNING - /opt/airflow/dags/predict.py:34 RemovedInAirflow3Warning: Function `days_ago` is deprecated and will be removed in Airflow 3.0. You can achieve equivalent behavior with `pendulum.today('UTC').add(days=-N, ...)`
[2026-01-31T02:31:59.355+0000] {logging_mixin.py:188} WARNING - /opt/airflow/dags/predict.py:29 RemovedInAirflow3Warning: Param `schedule_interval` is deprecated and will be removed in a future release. Please use `schedule` instead.
[2026-01-31T02:31:59.358+0000] {processor.py:840} INFO - DAG(s) 'ml_prediction_pipeline' retrieved from /opt/airflow/dags/predict.py
[2026-01-31T02:31:59.380+0000] {logging_mixin.py:188} INFO - [2026-01-31T02:31:59.379+0000] {dag.py:3096} INFO - Sync 1 DAGs
[2026-01-31T02:31:59.396+0000] {logging_mixin.py:188} INFO - [2026-01-31T02:31:59.395+0000] {dag.py:3954} INFO - Setting next_dagrun for ml_prediction_pipeline to 2026-01-30 00:00:00+00:00, run_after=2026-01-31 00:00:00+00:00
[2026-01-31T02:31:59.414+0000] {processor.py:183} INFO - Processing /opt/airflow/dags/predict.py took 1.981 seconds
[2026-01-31T02:32:30.637+0000] {processor.py:161} INFO - Started process (PID=15689) to work on /opt/airflow/dags/predict.py
[2026-01-31T02:32:30.638+0000] {processor.py:830} INFO - Processing file /opt/airflow/dags/predict.py for tasks to queue
[2026-01-31T02:32:30.639+0000] {logging_mixin.py:188} INFO - [2026-01-31T02:32:30.639+0000] {dagbag.py:545} INFO - Filling up the DagBag from /opt/airflow/dags/predict.py
[2026-01-31T02:32:32.301+0000] {logging_mixin.py:188} WARNING - /opt/airflow/dags/predict.py:34 RemovedInAirflow3Warning: Function `days_ago` is deprecated and will be removed in Airflow 3.0. You can achieve equivalent behavior with `pendulum.today('UTC').add(days=-N, ...)`
[2026-01-31T02:32:32.302+0000] {logging_mixin.py:188} WARNING - /opt/airflow/dags/predict.py:29 RemovedInAirflow3Warning: Param `schedule_interval` is deprecated and will be removed in a future release. Please use `schedule` instead.
[2026-01-31T02:32:32.306+0000] {processor.py:840} INFO - DAG(s) 'ml_prediction_pipeline' retrieved from /opt/airflow/dags/predict.py
[2026-01-31T02:32:32.323+0000] {logging_mixin.py:188} INFO - [2026-01-31T02:32:32.322+0000] {dag.py:3096} INFO - Sync 1 DAGs
[2026-01-31T02:32:32.335+0000] {logging_mixin.py:188} INFO - [2026-01-31T02:32:32.335+0000] {dag.py:3954} INFO - Setting next_dagrun for ml_prediction_pipeline to 2026-01-30 00:00:00+00:00, run_after=2026-01-31 00:00:00+00:00
[2026-01-31T02:32:32.349+0000] {processor.py:183} INFO - Processing /opt/airflow/dags/predict.py took 1.716 seconds
[2026-01-31T02:33:03.352+0000] {processor.py:161} INFO - Started process (PID=15736) to work on /opt/airflow/dags/predict.py
[2026-01-31T02:33:03.354+0000] {processor.py:830} INFO - Processing file /opt/airflow/dags/predict.py for tasks to queue
[2026-01-31T02:33:03.355+0000] {logging_mixin.py:188} INFO - [2026-01-31T02:33:03.355+0000] {dagbag.py:545} INFO - Filling up the DagBag from /opt/airflow/dags/predict.py
[2026-01-31T02:33:05.171+0000] {logging_mixin.py:188} WARNING - /opt/airflow/dags/predict.py:34 RemovedInAirflow3Warning: Function `days_ago` is deprecated and will be removed in Airflow 3.0. You can achieve equivalent behavior with `pendulum.today('UTC').add(days=-N, ...)`
[2026-01-31T02:33:05.172+0000] {logging_mixin.py:188} WARNING - /opt/airflow/dags/predict.py:29 RemovedInAirflow3Warning: Param `schedule_interval` is deprecated and will be removed in a future release. Please use `schedule` instead.
[2026-01-31T02:33:05.175+0000] {processor.py:840} INFO - DAG(s) 'ml_prediction_pipeline' retrieved from /opt/airflow/dags/predict.py
[2026-01-31T02:33:05.193+0000] {logging_mixin.py:188} INFO - [2026-01-31T02:33:05.193+0000] {dag.py:3096} INFO - Sync 1 DAGs
[2026-01-31T02:33:05.207+0000] {logging_mixin.py:188} INFO - [2026-01-31T02:33:05.206+0000] {dag.py:3954} INFO - Setting next_dagrun for ml_prediction_pipeline to 2026-01-30 00:00:00+00:00, run_after=2026-01-31 00:00:00+00:00
[2026-01-31T02:33:05.220+0000] {processor.py:183} INFO - Processing /opt/airflow/dags/predict.py took 1.873 seconds
[2026-01-31T02:33:36.345+0000] {processor.py:161} INFO - Started process (PID=15783) to work on /opt/airflow/dags/predict.py
[2026-01-31T02:33:36.346+0000] {processor.py:830} INFO - Processing file /opt/airflow/dags/predict.py for tasks to queue
[2026-01-31T02:33:36.348+0000] {logging_mixin.py:188} INFO - [2026-01-31T02:33:36.347+0000] {dagbag.py:545} INFO - Filling up the DagBag from /opt/airflow/dags/predict.py
[2026-01-31T02:33:38.203+0000] {logging_mixin.py:188} WARNING - /opt/airflow/dags/predict.py:34 RemovedInAirflow3Warning: Function `days_ago` is deprecated and will be removed in Airflow 3.0. You can achieve equivalent behavior with `pendulum.today('UTC').add(days=-N, ...)`
[2026-01-31T02:33:38.204+0000] {logging_mixin.py:188} WARNING - /opt/airflow/dags/predict.py:29 RemovedInAirflow3Warning: Param `schedule_interval` is deprecated and will be removed in a future release. Please use `schedule` instead.
[2026-01-31T02:33:38.207+0000] {processor.py:840} INFO - DAG(s) 'ml_prediction_pipeline' retrieved from /opt/airflow/dags/predict.py
[2026-01-31T02:33:38.224+0000] {logging_mixin.py:188} INFO - [2026-01-31T02:33:38.223+0000] {dag.py:3096} INFO - Sync 1 DAGs
[2026-01-31T02:33:38.238+0000] {logging_mixin.py:188} INFO - [2026-01-31T02:33:38.238+0000] {dag.py:3954} INFO - Setting next_dagrun for ml_prediction_pipeline to 2026-01-30 00:00:00+00:00, run_after=2026-01-31 00:00:00+00:00
[2026-01-31T02:33:38.252+0000] {processor.py:183} INFO - Processing /opt/airflow/dags/predict.py took 1.912 seconds
[2026-01-31T02:34:09.319+0000] {processor.py:161} INFO - Started process (PID=15830) to work on /opt/airflow/dags/predict.py
[2026-01-31T02:34:09.320+0000] {processor.py:830} INFO - Processing file /opt/airflow/dags/predict.py for tasks to queue
[2026-01-31T02:34:09.322+0000] {logging_mixin.py:188} INFO - [2026-01-31T02:34:09.322+0000] {dagbag.py:545} INFO - Filling up the DagBag from /opt/airflow/dags/predict.py
[2026-01-31T02:34:11.232+0000] {logging_mixin.py:188} WARNING - /opt/airflow/dags/predict.py:34 RemovedInAirflow3Warning: Function `days_ago` is deprecated and will be removed in Airflow 3.0. You can achieve equivalent behavior with `pendulum.today('UTC').add(days=-N, ...)`
[2026-01-31T02:34:11.233+0000] {logging_mixin.py:188} WARNING - /opt/airflow/dags/predict.py:29 RemovedInAirflow3Warning: Param `schedule_interval` is deprecated and will be removed in a future release. Please use `schedule` instead.
[2026-01-31T02:34:11.236+0000] {processor.py:840} INFO - DAG(s) 'ml_prediction_pipeline' retrieved from /opt/airflow/dags/predict.py
[2026-01-31T02:34:11.254+0000] {logging_mixin.py:188} INFO - [2026-01-31T02:34:11.254+0000] {dag.py:3096} INFO - Sync 1 DAGs
[2026-01-31T02:34:11.268+0000] {logging_mixin.py:188} INFO - [2026-01-31T02:34:11.268+0000] {dag.py:3954} INFO - Setting next_dagrun for ml_prediction_pipeline to 2026-01-30 00:00:00+00:00, run_after=2026-01-31 00:00:00+00:00
[2026-01-31T02:34:11.283+0000] {processor.py:183} INFO - Processing /opt/airflow/dags/predict.py took 1.968 seconds
[2026-01-31T02:34:42.475+0000] {processor.py:161} INFO - Started process (PID=15877) to work on /opt/airflow/dags/predict.py
[2026-01-31T02:34:42.476+0000] {processor.py:830} INFO - Processing file /opt/airflow/dags/predict.py for tasks to queue
[2026-01-31T02:34:42.477+0000] {logging_mixin.py:188} INFO - [2026-01-31T02:34:42.477+0000] {dagbag.py:545} INFO - Filling up the DagBag from /opt/airflow/dags/predict.py
[2026-01-31T02:34:44.695+0000] {logging_mixin.py:188} WARNING - /opt/airflow/dags/predict.py:34 RemovedInAirflow3Warning: Function `days_ago` is deprecated and will be removed in Airflow 3.0. You can achieve equivalent behavior with `pendulum.today('UTC').add(days=-N, ...)`
[2026-01-31T02:34:44.697+0000] {logging_mixin.py:188} WARNING - /opt/airflow/dags/predict.py:29 RemovedInAirflow3Warning: Param `schedule_interval` is deprecated and will be removed in a future release. Please use `schedule` instead.
[2026-01-31T02:34:44.702+0000] {processor.py:840} INFO - DAG(s) 'ml_prediction_pipeline' retrieved from /opt/airflow/dags/predict.py
[2026-01-31T02:34:44.725+0000] {logging_mixin.py:188} INFO - [2026-01-31T02:34:44.725+0000] {dag.py:3096} INFO - Sync 1 DAGs
[2026-01-31T02:34:44.743+0000] {logging_mixin.py:188} INFO - [2026-01-31T02:34:44.743+0000] {dag.py:3954} INFO - Setting next_dagrun for ml_prediction_pipeline to 2026-01-30 00:00:00+00:00, run_after=2026-01-31 00:00:00+00:00
[2026-01-31T02:34:44.765+0000] {processor.py:183} INFO - Processing /opt/airflow/dags/predict.py took 2.300 seconds
[2026-01-31T02:35:15.523+0000] {processor.py:161} INFO - Started process (PID=15924) to work on /opt/airflow/dags/predict.py
[2026-01-31T02:35:15.524+0000] {processor.py:830} INFO - Processing file /opt/airflow/dags/predict.py for tasks to queue
[2026-01-31T02:35:15.525+0000] {logging_mixin.py:188} INFO - [2026-01-31T02:35:15.525+0000] {dagbag.py:545} INFO - Filling up the DagBag from /opt/airflow/dags/predict.py
[2026-01-31T02:35:17.809+0000] {logging_mixin.py:188} WARNING - /opt/airflow/dags/predict.py:34 RemovedInAirflow3Warning: Function `days_ago` is deprecated and will be removed in Airflow 3.0. You can achieve equivalent behavior with `pendulum.today('UTC').add(days=-N, ...)`
[2026-01-31T02:35:17.811+0000] {logging_mixin.py:188} WARNING - /opt/airflow/dags/predict.py:29 RemovedInAirflow3Warning: Param `schedule_interval` is deprecated and will be removed in a future release. Please use `schedule` instead.
[2026-01-31T02:35:17.815+0000] {processor.py:840} INFO - DAG(s) 'ml_prediction_pipeline' retrieved from /opt/airflow/dags/predict.py
[2026-01-31T02:35:17.840+0000] {logging_mixin.py:188} INFO - [2026-01-31T02:35:17.840+0000] {dag.py:3096} INFO - Sync 1 DAGs
[2026-01-31T02:35:17.861+0000] {logging_mixin.py:188} INFO - [2026-01-31T02:35:17.861+0000] {dag.py:3954} INFO - Setting next_dagrun for ml_prediction_pipeline to 2026-01-30 00:00:00+00:00, run_after=2026-01-31 00:00:00+00:00
[2026-01-31T02:35:17.882+0000] {processor.py:183} INFO - Processing /opt/airflow/dags/predict.py took 2.363 seconds
[2026-01-31T02:35:49.005+0000] {processor.py:161} INFO - Started process (PID=15971) to work on /opt/airflow/dags/predict.py
[2026-01-31T02:35:49.006+0000] {processor.py:830} INFO - Processing file /opt/airflow/dags/predict.py for tasks to queue
[2026-01-31T02:35:49.008+0000] {logging_mixin.py:188} INFO - [2026-01-31T02:35:49.007+0000] {dagbag.py:545} INFO - Filling up the DagBag from /opt/airflow/dags/predict.py
[2026-01-31T02:35:50.948+0000] {logging_mixin.py:188} WARNING - /opt/airflow/dags/predict.py:34 RemovedInAirflow3Warning: Function `days_ago` is deprecated and will be removed in Airflow 3.0. You can achieve equivalent behavior with `pendulum.today('UTC').add(days=-N, ...)`
[2026-01-31T02:35:50.949+0000] {logging_mixin.py:188} WARNING - /opt/airflow/dags/predict.py:29 RemovedInAirflow3Warning: Param `schedule_interval` is deprecated and will be removed in a future release. Please use `schedule` instead.
[2026-01-31T02:35:50.953+0000] {processor.py:840} INFO - DAG(s) 'ml_prediction_pipeline' retrieved from /opt/airflow/dags/predict.py
[2026-01-31T02:35:50.977+0000] {logging_mixin.py:188} INFO - [2026-01-31T02:35:50.976+0000] {dag.py:3096} INFO - Sync 1 DAGs
[2026-01-31T02:35:50.993+0000] {logging_mixin.py:188} INFO - [2026-01-31T02:35:50.993+0000] {dag.py:3954} INFO - Setting next_dagrun for ml_prediction_pipeline to 2026-01-30 00:00:00+00:00, run_after=2026-01-31 00:00:00+00:00
[2026-01-31T02:35:51.010+0000] {processor.py:183} INFO - Processing /opt/airflow/dags/predict.py took 2.011 seconds
[2026-01-31T02:36:22.033+0000] {processor.py:161} INFO - Started process (PID=16018) to work on /opt/airflow/dags/predict.py
[2026-01-31T02:36:22.033+0000] {processor.py:830} INFO - Processing file /opt/airflow/dags/predict.py for tasks to queue
[2026-01-31T02:36:22.035+0000] {logging_mixin.py:188} INFO - [2026-01-31T02:36:22.035+0000] {dagbag.py:545} INFO - Filling up the DagBag from /opt/airflow/dags/predict.py
[2026-01-31T02:36:24.151+0000] {logging_mixin.py:188} WARNING - /opt/airflow/dags/predict.py:34 RemovedInAirflow3Warning: Function `days_ago` is deprecated and will be removed in Airflow 3.0. You can achieve equivalent behavior with `pendulum.today('UTC').add(days=-N, ...)`
[2026-01-31T02:36:24.152+0000] {logging_mixin.py:188} WARNING - /opt/airflow/dags/predict.py:29 RemovedInAirflow3Warning: Param `schedule_interval` is deprecated and will be removed in a future release. Please use `schedule` instead.
[2026-01-31T02:36:24.159+0000] {processor.py:840} INFO - DAG(s) 'ml_prediction_pipeline' retrieved from /opt/airflow/dags/predict.py
[2026-01-31T02:36:24.200+0000] {logging_mixin.py:188} INFO - [2026-01-31T02:36:24.199+0000] {dag.py:3096} INFO - Sync 1 DAGs
[2026-01-31T02:36:24.230+0000] {logging_mixin.py:188} INFO - [2026-01-31T02:36:24.229+0000] {dag.py:3954} INFO - Setting next_dagrun for ml_prediction_pipeline to 2026-01-30 00:00:00+00:00, run_after=2026-01-31 00:00:00+00:00
[2026-01-31T02:36:24.261+0000] {processor.py:183} INFO - Processing /opt/airflow/dags/predict.py took 2.233 seconds
[2026-01-31T02:36:54.364+0000] {processor.py:161} INFO - Started process (PID=16066) to work on /opt/airflow/dags/predict.py
[2026-01-31T02:36:54.365+0000] {processor.py:830} INFO - Processing file /opt/airflow/dags/predict.py for tasks to queue
[2026-01-31T02:36:54.367+0000] {logging_mixin.py:188} INFO - [2026-01-31T02:36:54.367+0000] {dagbag.py:545} INFO - Filling up the DagBag from /opt/airflow/dags/predict.py
[2026-01-31T02:36:56.864+0000] {logging_mixin.py:188} WARNING - /opt/airflow/dags/predict.py:34 RemovedInAirflow3Warning: Function `days_ago` is deprecated and will be removed in Airflow 3.0. You can achieve equivalent behavior with `pendulum.today('UTC').add(days=-N, ...)`
[2026-01-31T02:36:56.865+0000] {logging_mixin.py:188} WARNING - /opt/airflow/dags/predict.py:29 RemovedInAirflow3Warning: Param `schedule_interval` is deprecated and will be removed in a future release. Please use `schedule` instead.
[2026-01-31T02:36:56.871+0000] {processor.py:840} INFO - DAG(s) 'ml_prediction_pipeline' retrieved from /opt/airflow/dags/predict.py
[2026-01-31T02:36:56.893+0000] {logging_mixin.py:188} INFO - [2026-01-31T02:36:56.892+0000] {dag.py:3096} INFO - Sync 1 DAGs
[2026-01-31T02:36:56.910+0000] {logging_mixin.py:188} INFO - [2026-01-31T02:36:56.910+0000] {dag.py:3954} INFO - Setting next_dagrun for ml_prediction_pipeline to 2026-01-30 00:00:00+00:00, run_after=2026-01-31 00:00:00+00:00
[2026-01-31T02:36:56.928+0000] {processor.py:183} INFO - Processing /opt/airflow/dags/predict.py took 2.574 seconds
[2026-01-31T02:37:27.677+0000] {processor.py:161} INFO - Started process (PID=16113) to work on /opt/airflow/dags/predict.py
[2026-01-31T02:37:27.678+0000] {processor.py:830} INFO - Processing file /opt/airflow/dags/predict.py for tasks to queue
[2026-01-31T02:37:27.679+0000] {logging_mixin.py:188} INFO - [2026-01-31T02:37:27.679+0000] {dagbag.py:545} INFO - Filling up the DagBag from /opt/airflow/dags/predict.py
[2026-01-31T02:37:29.303+0000] {logging_mixin.py:188} WARNING - /opt/airflow/dags/predict.py:34 RemovedInAirflow3Warning: Function `days_ago` is deprecated and will be removed in Airflow 3.0. You can achieve equivalent behavior with `pendulum.today('UTC').add(days=-N, ...)`
[2026-01-31T02:37:29.304+0000] {logging_mixin.py:188} WARNING - /opt/airflow/dags/predict.py:29 RemovedInAirflow3Warning: Param `schedule_interval` is deprecated and will be removed in a future release. Please use `schedule` instead.
[2026-01-31T02:37:29.307+0000] {processor.py:840} INFO - DAG(s) 'ml_prediction_pipeline' retrieved from /opt/airflow/dags/predict.py
[2026-01-31T02:37:29.323+0000] {logging_mixin.py:188} INFO - [2026-01-31T02:37:29.323+0000] {dag.py:3096} INFO - Sync 1 DAGs
[2026-01-31T02:37:29.336+0000] {logging_mixin.py:188} INFO - [2026-01-31T02:37:29.336+0000] {dag.py:3954} INFO - Setting next_dagrun for ml_prediction_pipeline to 2026-01-30 00:00:00+00:00, run_after=2026-01-31 00:00:00+00:00
[2026-01-31T02:37:29.349+0000] {processor.py:183} INFO - Processing /opt/airflow/dags/predict.py took 1.676 seconds
[2026-01-31T02:38:00.486+0000] {processor.py:161} INFO - Started process (PID=16161) to work on /opt/airflow/dags/predict.py
[2026-01-31T02:38:00.486+0000] {processor.py:830} INFO - Processing file /opt/airflow/dags/predict.py for tasks to queue
[2026-01-31T02:38:00.488+0000] {logging_mixin.py:188} INFO - [2026-01-31T02:38:00.487+0000] {dagbag.py:545} INFO - Filling up the DagBag from /opt/airflow/dags/predict.py
[2026-01-31T02:38:02.222+0000] {logging_mixin.py:188} WARNING - /opt/airflow/dags/predict.py:34 RemovedInAirflow3Warning: Function `days_ago` is deprecated and will be removed in Airflow 3.0. You can achieve equivalent behavior with `pendulum.today('UTC').add(days=-N, ...)`
[2026-01-31T02:38:02.224+0000] {logging_mixin.py:188} WARNING - /opt/airflow/dags/predict.py:29 RemovedInAirflow3Warning: Param `schedule_interval` is deprecated and will be removed in a future release. Please use `schedule` instead.
[2026-01-31T02:38:02.228+0000] {processor.py:840} INFO - DAG(s) 'ml_prediction_pipeline' retrieved from /opt/airflow/dags/predict.py
[2026-01-31T02:38:02.245+0000] {logging_mixin.py:188} INFO - [2026-01-31T02:38:02.245+0000] {dag.py:3096} INFO - Sync 1 DAGs
[2026-01-31T02:38:02.259+0000] {logging_mixin.py:188} INFO - [2026-01-31T02:38:02.259+0000] {dag.py:3954} INFO - Setting next_dagrun for ml_prediction_pipeline to 2026-01-30 00:00:00+00:00, run_after=2026-01-31 00:00:00+00:00
[2026-01-31T02:38:02.275+0000] {processor.py:183} INFO - Processing /opt/airflow/dags/predict.py took 1.793 seconds
[2026-01-31T02:38:33.479+0000] {processor.py:161} INFO - Started process (PID=16208) to work on /opt/airflow/dags/predict.py
[2026-01-31T02:38:33.480+0000] {processor.py:830} INFO - Processing file /opt/airflow/dags/predict.py for tasks to queue
[2026-01-31T02:38:33.482+0000] {logging_mixin.py:188} INFO - [2026-01-31T02:38:33.482+0000] {dagbag.py:545} INFO - Filling up the DagBag from /opt/airflow/dags/predict.py
[2026-01-31T02:38:35.357+0000] {logging_mixin.py:188} WARNING - /opt/airflow/dags/predict.py:34 RemovedInAirflow3Warning: Function `days_ago` is deprecated and will be removed in Airflow 3.0. You can achieve equivalent behavior with `pendulum.today('UTC').add(days=-N, ...)`
[2026-01-31T02:38:35.357+0000] {logging_mixin.py:188} WARNING - /opt/airflow/dags/predict.py:29 RemovedInAirflow3Warning: Param `schedule_interval` is deprecated and will be removed in a future release. Please use `schedule` instead.
[2026-01-31T02:38:35.361+0000] {processor.py:840} INFO - DAG(s) 'ml_prediction_pipeline' retrieved from /opt/airflow/dags/predict.py
[2026-01-31T02:38:35.379+0000] {logging_mixin.py:188} INFO - [2026-01-31T02:38:35.378+0000] {dag.py:3096} INFO - Sync 1 DAGs
[2026-01-31T02:38:35.394+0000] {logging_mixin.py:188} INFO - [2026-01-31T02:38:35.394+0000] {dag.py:3954} INFO - Setting next_dagrun for ml_prediction_pipeline to 2026-01-30 00:00:00+00:00, run_after=2026-01-31 00:00:00+00:00
[2026-01-31T02:38:35.411+0000] {processor.py:183} INFO - Processing /opt/airflow/dags/predict.py took 1.936 seconds
[2026-01-31T02:39:06.363+0000] {processor.py:161} INFO - Started process (PID=16255) to work on /opt/airflow/dags/predict.py
[2026-01-31T02:39:06.364+0000] {processor.py:830} INFO - Processing file /opt/airflow/dags/predict.py for tasks to queue
[2026-01-31T02:39:06.365+0000] {logging_mixin.py:188} INFO - [2026-01-31T02:39:06.365+0000] {dagbag.py:545} INFO - Filling up the DagBag from /opt/airflow/dags/predict.py
[2026-01-31T02:39:08.298+0000] {logging_mixin.py:188} WARNING - /opt/airflow/dags/predict.py:34 RemovedInAirflow3Warning: Function `days_ago` is deprecated and will be removed in Airflow 3.0. You can achieve equivalent behavior with `pendulum.today('UTC').add(days=-N, ...)`
[2026-01-31T02:39:08.299+0000] {logging_mixin.py:188} WARNING - /opt/airflow/dags/predict.py:29 RemovedInAirflow3Warning: Param `schedule_interval` is deprecated and will be removed in a future release. Please use `schedule` instead.
[2026-01-31T02:39:08.304+0000] {processor.py:840} INFO - DAG(s) 'ml_prediction_pipeline' retrieved from /opt/airflow/dags/predict.py
[2026-01-31T02:39:08.322+0000] {logging_mixin.py:188} INFO - [2026-01-31T02:39:08.322+0000] {dag.py:3096} INFO - Sync 1 DAGs
[2026-01-31T02:39:08.336+0000] {logging_mixin.py:188} INFO - [2026-01-31T02:39:08.335+0000] {dag.py:3954} INFO - Setting next_dagrun for ml_prediction_pipeline to 2026-01-30 00:00:00+00:00, run_after=2026-01-31 00:00:00+00:00
[2026-01-31T02:39:08.351+0000] {processor.py:183} INFO - Processing /opt/airflow/dags/predict.py took 1.994 seconds
[2026-01-31T02:39:39.439+0000] {processor.py:161} INFO - Started process (PID=16302) to work on /opt/airflow/dags/predict.py
[2026-01-31T02:39:39.441+0000] {processor.py:830} INFO - Processing file /opt/airflow/dags/predict.py for tasks to queue
[2026-01-31T02:39:39.442+0000] {logging_mixin.py:188} INFO - [2026-01-31T02:39:39.442+0000] {dagbag.py:545} INFO - Filling up the DagBag from /opt/airflow/dags/predict.py
[2026-01-31T02:39:41.049+0000] {logging_mixin.py:188} WARNING - /opt/airflow/dags/predict.py:34 RemovedInAirflow3Warning: Function `days_ago` is deprecated and will be removed in Airflow 3.0. You can achieve equivalent behavior with `pendulum.today('UTC').add(days=-N, ...)`
[2026-01-31T02:39:41.050+0000] {logging_mixin.py:188} WARNING - /opt/airflow/dags/predict.py:29 RemovedInAirflow3Warning: Param `schedule_interval` is deprecated and will be removed in a future release. Please use `schedule` instead.
[2026-01-31T02:39:41.054+0000] {processor.py:840} INFO - DAG(s) 'ml_prediction_pipeline' retrieved from /opt/airflow/dags/predict.py
[2026-01-31T02:39:41.070+0000] {logging_mixin.py:188} INFO - [2026-01-31T02:39:41.070+0000] {dag.py:3096} INFO - Sync 1 DAGs
[2026-01-31T02:39:41.083+0000] {logging_mixin.py:188} INFO - [2026-01-31T02:39:41.083+0000] {dag.py:3954} INFO - Setting next_dagrun for ml_prediction_pipeline to 2026-01-30 00:00:00+00:00, run_after=2026-01-31 00:00:00+00:00
[2026-01-31T02:39:41.097+0000] {processor.py:183} INFO - Processing /opt/airflow/dags/predict.py took 1.662 seconds
[2026-01-31T02:40:12.230+0000] {processor.py:161} INFO - Started process (PID=16349) to work on /opt/airflow/dags/predict.py
[2026-01-31T02:40:12.231+0000] {processor.py:830} INFO - Processing file /opt/airflow/dags/predict.py for tasks to queue
[2026-01-31T02:40:12.232+0000] {logging_mixin.py:188} INFO - [2026-01-31T02:40:12.232+0000] {dagbag.py:545} INFO - Filling up the DagBag from /opt/airflow/dags/predict.py
[2026-01-31T02:40:13.898+0000] {logging_mixin.py:188} WARNING - /opt/airflow/dags/predict.py:34 RemovedInAirflow3Warning: Function `days_ago` is deprecated and will be removed in Airflow 3.0. You can achieve equivalent behavior with `pendulum.today('UTC').add(days=-N, ...)`
[2026-01-31T02:40:13.899+0000] {logging_mixin.py:188} WARNING - /opt/airflow/dags/predict.py:29 RemovedInAirflow3Warning: Param `schedule_interval` is deprecated and will be removed in a future release. Please use `schedule` instead.
[2026-01-31T02:40:13.902+0000] {processor.py:840} INFO - DAG(s) 'ml_prediction_pipeline' retrieved from /opt/airflow/dags/predict.py
[2026-01-31T02:40:13.921+0000] {logging_mixin.py:188} INFO - [2026-01-31T02:40:13.920+0000] {dag.py:3096} INFO - Sync 1 DAGs
[2026-01-31T02:40:13.936+0000] {logging_mixin.py:188} INFO - [2026-01-31T02:40:13.935+0000] {dag.py:3954} INFO - Setting next_dagrun for ml_prediction_pipeline to 2026-01-30 00:00:00+00:00, run_after=2026-01-31 00:00:00+00:00
[2026-01-31T02:40:13.951+0000] {processor.py:183} INFO - Processing /opt/airflow/dags/predict.py took 1.725 seconds
[2026-01-31T02:40:45.449+0000] {processor.py:161} INFO - Started process (PID=16396) to work on /opt/airflow/dags/predict.py
[2026-01-31T02:40:45.450+0000] {processor.py:830} INFO - Processing file /opt/airflow/dags/predict.py for tasks to queue
[2026-01-31T02:40:45.451+0000] {logging_mixin.py:188} INFO - [2026-01-31T02:40:45.451+0000] {dagbag.py:545} INFO - Filling up the DagBag from /opt/airflow/dags/predict.py
[2026-01-31T02:40:47.137+0000] {logging_mixin.py:188} WARNING - /opt/airflow/dags/predict.py:34 RemovedInAirflow3Warning: Function `days_ago` is deprecated and will be removed in Airflow 3.0. You can achieve equivalent behavior with `pendulum.today('UTC').add(days=-N, ...)`
[2026-01-31T02:40:47.138+0000] {logging_mixin.py:188} WARNING - /opt/airflow/dags/predict.py:29 RemovedInAirflow3Warning: Param `schedule_interval` is deprecated and will be removed in a future release. Please use `schedule` instead.
[2026-01-31T02:40:47.141+0000] {processor.py:840} INFO - DAG(s) 'ml_prediction_pipeline' retrieved from /opt/airflow/dags/predict.py
[2026-01-31T02:40:47.160+0000] {logging_mixin.py:188} INFO - [2026-01-31T02:40:47.159+0000] {dag.py:3096} INFO - Sync 1 DAGs
[2026-01-31T02:40:47.172+0000] {logging_mixin.py:188} INFO - [2026-01-31T02:40:47.172+0000] {dag.py:3954} INFO - Setting next_dagrun for ml_prediction_pipeline to 2026-01-30 00:00:00+00:00, run_after=2026-01-31 00:00:00+00:00
[2026-01-31T02:40:47.186+0000] {processor.py:183} INFO - Processing /opt/airflow/dags/predict.py took 1.741 seconds
[2026-01-31T02:41:18.259+0000] {processor.py:161} INFO - Started process (PID=16443) to work on /opt/airflow/dags/predict.py
[2026-01-31T02:41:18.260+0000] {processor.py:830} INFO - Processing file /opt/airflow/dags/predict.py for tasks to queue
[2026-01-31T02:41:18.261+0000] {logging_mixin.py:188} INFO - [2026-01-31T02:41:18.260+0000] {dagbag.py:545} INFO - Filling up the DagBag from /opt/airflow/dags/predict.py
[2026-01-31T02:41:19.903+0000] {logging_mixin.py:188} WARNING - /opt/airflow/dags/predict.py:34 RemovedInAirflow3Warning: Function `days_ago` is deprecated and will be removed in Airflow 3.0. You can achieve equivalent behavior with `pendulum.today('UTC').add(days=-N, ...)`
[2026-01-31T02:41:19.904+0000] {logging_mixin.py:188} WARNING - /opt/airflow/dags/predict.py:29 RemovedInAirflow3Warning: Param `schedule_interval` is deprecated and will be removed in a future release. Please use `schedule` instead.
[2026-01-31T02:41:19.907+0000] {processor.py:840} INFO - DAG(s) 'ml_prediction_pipeline' retrieved from /opt/airflow/dags/predict.py
[2026-01-31T02:41:19.927+0000] {logging_mixin.py:188} INFO - [2026-01-31T02:41:19.927+0000] {dag.py:3096} INFO - Sync 1 DAGs
[2026-01-31T02:41:19.939+0000] {logging_mixin.py:188} INFO - [2026-01-31T02:41:19.939+0000] {dag.py:3954} INFO - Setting next_dagrun for ml_prediction_pipeline to 2026-01-30 00:00:00+00:00, run_after=2026-01-31 00:00:00+00:00
[2026-01-31T02:41:19.953+0000] {processor.py:183} INFO - Processing /opt/airflow/dags/predict.py took 1.698 seconds
[2026-01-31T02:41:51.493+0000] {processor.py:161} INFO - Started process (PID=16490) to work on /opt/airflow/dags/predict.py
[2026-01-31T02:41:51.494+0000] {processor.py:830} INFO - Processing file /opt/airflow/dags/predict.py for tasks to queue
[2026-01-31T02:41:51.496+0000] {logging_mixin.py:188} INFO - [2026-01-31T02:41:51.496+0000] {dagbag.py:545} INFO - Filling up the DagBag from /opt/airflow/dags/predict.py
[2026-01-31T02:41:53.499+0000] {logging_mixin.py:188} WARNING - /opt/airflow/dags/predict.py:34 RemovedInAirflow3Warning: Function `days_ago` is deprecated and will be removed in Airflow 3.0. You can achieve equivalent behavior with `pendulum.today('UTC').add(days=-N, ...)`
[2026-01-31T02:41:53.500+0000] {logging_mixin.py:188} WARNING - /opt/airflow/dags/predict.py:29 RemovedInAirflow3Warning: Param `schedule_interval` is deprecated and will be removed in a future release. Please use `schedule` instead.
[2026-01-31T02:41:53.504+0000] {processor.py:840} INFO - DAG(s) 'ml_prediction_pipeline' retrieved from /opt/airflow/dags/predict.py
[2026-01-31T02:41:53.521+0000] {logging_mixin.py:188} INFO - [2026-01-31T02:41:53.520+0000] {dag.py:3096} INFO - Sync 1 DAGs
[2026-01-31T02:41:53.534+0000] {logging_mixin.py:188} INFO - [2026-01-31T02:41:53.534+0000] {dag.py:3954} INFO - Setting next_dagrun for ml_prediction_pipeline to 2026-01-30 00:00:00+00:00, run_after=2026-01-31 00:00:00+00:00
[2026-01-31T02:41:53.548+0000] {processor.py:183} INFO - Processing /opt/airflow/dags/predict.py took 2.059 seconds
[2026-01-31T02:42:24.653+0000] {processor.py:161} INFO - Started process (PID=16537) to work on /opt/airflow/dags/predict.py
[2026-01-31T02:42:24.654+0000] {processor.py:830} INFO - Processing file /opt/airflow/dags/predict.py for tasks to queue
[2026-01-31T02:42:24.656+0000] {logging_mixin.py:188} INFO - [2026-01-31T02:42:24.656+0000] {dagbag.py:545} INFO - Filling up the DagBag from /opt/airflow/dags/predict.py
[2026-01-31T02:42:26.423+0000] {logging_mixin.py:188} WARNING - /opt/airflow/dags/predict.py:34 RemovedInAirflow3Warning: Function `days_ago` is deprecated and will be removed in Airflow 3.0. You can achieve equivalent behavior with `pendulum.today('UTC').add(days=-N, ...)`
[2026-01-31T02:42:26.425+0000] {logging_mixin.py:188} WARNING - /opt/airflow/dags/predict.py:29 RemovedInAirflow3Warning: Param `schedule_interval` is deprecated and will be removed in a future release. Please use `schedule` instead.
[2026-01-31T02:42:26.431+0000] {processor.py:840} INFO - DAG(s) 'ml_prediction_pipeline' retrieved from /opt/airflow/dags/predict.py
[2026-01-31T02:42:26.458+0000] {logging_mixin.py:188} INFO - [2026-01-31T02:42:26.457+0000] {dag.py:3096} INFO - Sync 1 DAGs
[2026-01-31T02:42:26.475+0000] {logging_mixin.py:188} INFO - [2026-01-31T02:42:26.475+0000] {dag.py:3954} INFO - Setting next_dagrun for ml_prediction_pipeline to 2026-01-30 00:00:00+00:00, run_after=2026-01-31 00:00:00+00:00
[2026-01-31T02:42:26.498+0000] {processor.py:183} INFO - Processing /opt/airflow/dags/predict.py took 1.851 seconds
[2026-01-31T02:42:57.052+0000] {processor.py:161} INFO - Started process (PID=16585) to work on /opt/airflow/dags/predict.py
[2026-01-31T02:42:57.053+0000] {processor.py:830} INFO - Processing file /opt/airflow/dags/predict.py for tasks to queue
[2026-01-31T02:42:57.054+0000] {logging_mixin.py:188} INFO - [2026-01-31T02:42:57.054+0000] {dagbag.py:545} INFO - Filling up the DagBag from /opt/airflow/dags/predict.py
[2026-01-31T02:42:58.756+0000] {logging_mixin.py:188} WARNING - /opt/airflow/dags/predict.py:34 RemovedInAirflow3Warning: Function `days_ago` is deprecated and will be removed in Airflow 3.0. You can achieve equivalent behavior with `pendulum.today('UTC').add(days=-N, ...)`
[2026-01-31T02:42:58.757+0000] {logging_mixin.py:188} WARNING - /opt/airflow/dags/predict.py:29 RemovedInAirflow3Warning: Param `schedule_interval` is deprecated and will be removed in a future release. Please use `schedule` instead.
[2026-01-31T02:42:58.760+0000] {processor.py:840} INFO - DAG(s) 'ml_prediction_pipeline' retrieved from /opt/airflow/dags/predict.py
[2026-01-31T02:42:58.777+0000] {logging_mixin.py:188} INFO - [2026-01-31T02:42:58.777+0000] {dag.py:3096} INFO - Sync 1 DAGs
[2026-01-31T02:42:58.791+0000] {logging_mixin.py:188} INFO - [2026-01-31T02:42:58.790+0000] {dag.py:3954} INFO - Setting next_dagrun for ml_prediction_pipeline to 2026-01-30 00:00:00+00:00, run_after=2026-01-31 00:00:00+00:00
[2026-01-31T02:42:58.804+0000] {processor.py:183} INFO - Processing /opt/airflow/dags/predict.py took 1.756 seconds
[2026-01-31T02:43:30.177+0000] {processor.py:161} INFO - Started process (PID=16632) to work on /opt/airflow/dags/predict.py
[2026-01-31T02:43:30.178+0000] {processor.py:830} INFO - Processing file /opt/airflow/dags/predict.py for tasks to queue
[2026-01-31T02:43:30.179+0000] {logging_mixin.py:188} INFO - [2026-01-31T02:43:30.179+0000] {dagbag.py:545} INFO - Filling up the DagBag from /opt/airflow/dags/predict.py
[2026-01-31T02:43:31.846+0000] {logging_mixin.py:188} WARNING - /opt/airflow/dags/predict.py:34 RemovedInAirflow3Warning: Function `days_ago` is deprecated and will be removed in Airflow 3.0. You can achieve equivalent behavior with `pendulum.today('UTC').add(days=-N, ...)`
[2026-01-31T02:43:31.847+0000] {logging_mixin.py:188} WARNING - /opt/airflow/dags/predict.py:29 RemovedInAirflow3Warning: Param `schedule_interval` is deprecated and will be removed in a future release. Please use `schedule` instead.
[2026-01-31T02:43:31.850+0000] {processor.py:840} INFO - DAG(s) 'ml_prediction_pipeline' retrieved from /opt/airflow/dags/predict.py
[2026-01-31T02:43:31.868+0000] {logging_mixin.py:188} INFO - [2026-01-31T02:43:31.868+0000] {dag.py:3096} INFO - Sync 1 DAGs
[2026-01-31T02:43:31.882+0000] {logging_mixin.py:188} INFO - [2026-01-31T02:43:31.882+0000] {dag.py:3954} INFO - Setting next_dagrun for ml_prediction_pipeline to 2026-01-30 00:00:00+00:00, run_after=2026-01-31 00:00:00+00:00
[2026-01-31T02:43:31.897+0000] {processor.py:183} INFO - Processing /opt/airflow/dags/predict.py took 1.724 seconds
[2026-01-31T02:44:02.999+0000] {processor.py:161} INFO - Started process (PID=16679) to work on /opt/airflow/dags/predict.py
[2026-01-31T02:44:03.000+0000] {processor.py:830} INFO - Processing file /opt/airflow/dags/predict.py for tasks to queue
[2026-01-31T02:44:03.001+0000] {logging_mixin.py:188} INFO - [2026-01-31T02:44:03.001+0000] {dagbag.py:545} INFO - Filling up the DagBag from /opt/airflow/dags/predict.py
[2026-01-31T02:44:04.811+0000] {logging_mixin.py:188} WARNING - /opt/airflow/dags/predict.py:34 RemovedInAirflow3Warning: Function `days_ago` is deprecated and will be removed in Airflow 3.0. You can achieve equivalent behavior with `pendulum.today('UTC').add(days=-N, ...)`
[2026-01-31T02:44:04.812+0000] {logging_mixin.py:188} WARNING - /opt/airflow/dags/predict.py:29 RemovedInAirflow3Warning: Param `schedule_interval` is deprecated and will be removed in a future release. Please use `schedule` instead.
[2026-01-31T02:44:04.818+0000] {processor.py:840} INFO - DAG(s) 'ml_prediction_pipeline' retrieved from /opt/airflow/dags/predict.py
[2026-01-31T02:44:04.839+0000] {logging_mixin.py:188} INFO - [2026-01-31T02:44:04.839+0000] {dag.py:3096} INFO - Sync 1 DAGs
[2026-01-31T02:44:04.852+0000] {logging_mixin.py:188} INFO - [2026-01-31T02:44:04.852+0000] {dag.py:3954} INFO - Setting next_dagrun for ml_prediction_pipeline to 2026-01-30 00:00:00+00:00, run_after=2026-01-31 00:00:00+00:00
[2026-01-31T02:44:04.868+0000] {processor.py:183} INFO - Processing /opt/airflow/dags/predict.py took 1.873 seconds
[2026-01-31T02:44:35.965+0000] {processor.py:161} INFO - Started process (PID=16726) to work on /opt/airflow/dags/predict.py
[2026-01-31T02:44:35.966+0000] {processor.py:830} INFO - Processing file /opt/airflow/dags/predict.py for tasks to queue
[2026-01-31T02:44:35.967+0000] {logging_mixin.py:188} INFO - [2026-01-31T02:44:35.967+0000] {dagbag.py:545} INFO - Filling up the DagBag from /opt/airflow/dags/predict.py
[2026-01-31T02:44:37.694+0000] {logging_mixin.py:188} WARNING - /opt/airflow/dags/predict.py:34 RemovedInAirflow3Warning: Function `days_ago` is deprecated and will be removed in Airflow 3.0. You can achieve equivalent behavior with `pendulum.today('UTC').add(days=-N, ...)`
[2026-01-31T02:44:37.695+0000] {logging_mixin.py:188} WARNING - /opt/airflow/dags/predict.py:29 RemovedInAirflow3Warning: Param `schedule_interval` is deprecated and will be removed in a future release. Please use `schedule` instead.
[2026-01-31T02:44:37.698+0000] {processor.py:840} INFO - DAG(s) 'ml_prediction_pipeline' retrieved from /opt/airflow/dags/predict.py
[2026-01-31T02:44:37.715+0000] {logging_mixin.py:188} INFO - [2026-01-31T02:44:37.715+0000] {dag.py:3096} INFO - Sync 1 DAGs
[2026-01-31T02:44:37.729+0000] {logging_mixin.py:188} INFO - [2026-01-31T02:44:37.728+0000] {dag.py:3954} INFO - Setting next_dagrun for ml_prediction_pipeline to 2026-01-30 00:00:00+00:00, run_after=2026-01-31 00:00:00+00:00
[2026-01-31T02:44:37.743+0000] {processor.py:183} INFO - Processing /opt/airflow/dags/predict.py took 1.782 seconds
[2026-01-31T02:45:08.862+0000] {processor.py:161} INFO - Started process (PID=16774) to work on /opt/airflow/dags/predict.py
[2026-01-31T02:45:08.863+0000] {processor.py:830} INFO - Processing file /opt/airflow/dags/predict.py for tasks to queue
[2026-01-31T02:45:08.864+0000] {logging_mixin.py:188} INFO - [2026-01-31T02:45:08.864+0000] {dagbag.py:545} INFO - Filling up the DagBag from /opt/airflow/dags/predict.py
[2026-01-31T02:45:10.670+0000] {logging_mixin.py:188} WARNING - /opt/airflow/dags/predict.py:34 RemovedInAirflow3Warning: Function `days_ago` is deprecated and will be removed in Airflow 3.0. You can achieve equivalent behavior with `pendulum.today('UTC').add(days=-N, ...)`
[2026-01-31T02:45:10.671+0000] {logging_mixin.py:188} WARNING - /opt/airflow/dags/predict.py:29 RemovedInAirflow3Warning: Param `schedule_interval` is deprecated and will be removed in a future release. Please use `schedule` instead.
[2026-01-31T02:45:10.675+0000] {processor.py:840} INFO - DAG(s) 'ml_prediction_pipeline' retrieved from /opt/airflow/dags/predict.py
[2026-01-31T02:45:10.692+0000] {logging_mixin.py:188} INFO - [2026-01-31T02:45:10.692+0000] {dag.py:3096} INFO - Sync 1 DAGs
[2026-01-31T02:45:10.705+0000] {logging_mixin.py:188} INFO - [2026-01-31T02:45:10.705+0000] {dag.py:3954} INFO - Setting next_dagrun for ml_prediction_pipeline to 2026-01-30 00:00:00+00:00, run_after=2026-01-31 00:00:00+00:00
[2026-01-31T02:45:10.719+0000] {processor.py:183} INFO - Processing /opt/airflow/dags/predict.py took 1.863 seconds
[2026-01-31T02:45:41.751+0000] {processor.py:161} INFO - Started process (PID=16821) to work on /opt/airflow/dags/predict.py
[2026-01-31T02:45:41.752+0000] {processor.py:830} INFO - Processing file /opt/airflow/dags/predict.py for tasks to queue
[2026-01-31T02:45:41.753+0000] {logging_mixin.py:188} INFO - [2026-01-31T02:45:41.753+0000] {dagbag.py:545} INFO - Filling up the DagBag from /opt/airflow/dags/predict.py
[2026-01-31T02:45:43.647+0000] {logging_mixin.py:188} WARNING - /opt/airflow/dags/predict.py:34 RemovedInAirflow3Warning: Function `days_ago` is deprecated and will be removed in Airflow 3.0. You can achieve equivalent behavior with `pendulum.today('UTC').add(days=-N, ...)`
[2026-01-31T02:45:43.648+0000] {logging_mixin.py:188} WARNING - /opt/airflow/dags/predict.py:29 RemovedInAirflow3Warning: Param `schedule_interval` is deprecated and will be removed in a future release. Please use `schedule` instead.
[2026-01-31T02:45:43.652+0000] {processor.py:840} INFO - DAG(s) 'ml_prediction_pipeline' retrieved from /opt/airflow/dags/predict.py
[2026-01-31T02:45:43.681+0000] {logging_mixin.py:188} INFO - [2026-01-31T02:45:43.681+0000] {dag.py:3096} INFO - Sync 1 DAGs
[2026-01-31T02:45:43.698+0000] {logging_mixin.py:188} INFO - [2026-01-31T02:45:43.698+0000] {dag.py:3954} INFO - Setting next_dagrun for ml_prediction_pipeline to 2026-01-30 00:00:00+00:00, run_after=2026-01-31 00:00:00+00:00
[2026-01-31T02:45:43.718+0000] {processor.py:183} INFO - Processing /opt/airflow/dags/predict.py took 1.971 seconds
[2026-01-31T02:46:14.767+0000] {processor.py:161} INFO - Started process (PID=16868) to work on /opt/airflow/dags/predict.py
[2026-01-31T02:46:14.769+0000] {processor.py:830} INFO - Processing file /opt/airflow/dags/predict.py for tasks to queue
[2026-01-31T02:46:14.772+0000] {logging_mixin.py:188} INFO - [2026-01-31T02:46:14.771+0000] {dagbag.py:545} INFO - Filling up the DagBag from /opt/airflow/dags/predict.py
[2026-01-31T02:46:16.533+0000] {logging_mixin.py:188} WARNING - /opt/airflow/dags/predict.py:34 RemovedInAirflow3Warning: Function `days_ago` is deprecated and will be removed in Airflow 3.0. You can achieve equivalent behavior with `pendulum.today('UTC').add(days=-N, ...)`
[2026-01-31T02:46:16.534+0000] {logging_mixin.py:188} WARNING - /opt/airflow/dags/predict.py:29 RemovedInAirflow3Warning: Param `schedule_interval` is deprecated and will be removed in a future release. Please use `schedule` instead.
[2026-01-31T02:46:16.537+0000] {processor.py:840} INFO - DAG(s) 'ml_prediction_pipeline' retrieved from /opt/airflow/dags/predict.py
[2026-01-31T02:46:16.564+0000] {logging_mixin.py:188} INFO - [2026-01-31T02:46:16.564+0000] {dag.py:3096} INFO - Sync 1 DAGs
[2026-01-31T02:46:16.591+0000] {logging_mixin.py:188} INFO - [2026-01-31T02:46:16.591+0000] {dag.py:3954} INFO - Setting next_dagrun for ml_prediction_pipeline to 2026-01-30 00:00:00+00:00, run_after=2026-01-31 00:00:00+00:00
[2026-01-31T02:46:16.610+0000] {processor.py:183} INFO - Processing /opt/airflow/dags/predict.py took 1.851 seconds
[2026-01-31T02:46:47.759+0000] {processor.py:161} INFO - Started process (PID=16915) to work on /opt/airflow/dags/predict.py
[2026-01-31T02:46:47.759+0000] {processor.py:830} INFO - Processing file /opt/airflow/dags/predict.py for tasks to queue
[2026-01-31T02:46:47.761+0000] {logging_mixin.py:188} INFO - [2026-01-31T02:46:47.760+0000] {dagbag.py:545} INFO - Filling up the DagBag from /opt/airflow/dags/predict.py
[2026-01-31T02:46:49.503+0000] {logging_mixin.py:188} WARNING - /opt/airflow/dags/predict.py:34 RemovedInAirflow3Warning: Function `days_ago` is deprecated and will be removed in Airflow 3.0. You can achieve equivalent behavior with `pendulum.today('UTC').add(days=-N, ...)`
[2026-01-31T02:46:49.504+0000] {logging_mixin.py:188} WARNING - /opt/airflow/dags/predict.py:29 RemovedInAirflow3Warning: Param `schedule_interval` is deprecated and will be removed in a future release. Please use `schedule` instead.
[2026-01-31T02:46:49.508+0000] {processor.py:840} INFO - DAG(s) 'ml_prediction_pipeline' retrieved from /opt/airflow/dags/predict.py
[2026-01-31T02:46:49.525+0000] {logging_mixin.py:188} INFO - [2026-01-31T02:46:49.525+0000] {dag.py:3096} INFO - Sync 1 DAGs
[2026-01-31T02:46:49.539+0000] {logging_mixin.py:188} INFO - [2026-01-31T02:46:49.538+0000] {dag.py:3954} INFO - Setting next_dagrun for ml_prediction_pipeline to 2026-01-30 00:00:00+00:00, run_after=2026-01-31 00:00:00+00:00
[2026-01-31T02:46:49.552+0000] {processor.py:183} INFO - Processing /opt/airflow/dags/predict.py took 1.798 seconds
[2026-01-31T02:47:20.651+0000] {processor.py:161} INFO - Started process (PID=16963) to work on /opt/airflow/dags/predict.py
[2026-01-31T02:47:20.652+0000] {processor.py:830} INFO - Processing file /opt/airflow/dags/predict.py for tasks to queue
[2026-01-31T02:47:20.654+0000] {logging_mixin.py:188} INFO - [2026-01-31T02:47:20.653+0000] {dagbag.py:545} INFO - Filling up the DagBag from /opt/airflow/dags/predict.py
[2026-01-31T02:47:22.365+0000] {logging_mixin.py:188} WARNING - /opt/airflow/dags/predict.py:34 RemovedInAirflow3Warning: Function `days_ago` is deprecated and will be removed in Airflow 3.0. You can achieve equivalent behavior with `pendulum.today('UTC').add(days=-N, ...)`
[2026-01-31T02:47:22.366+0000] {logging_mixin.py:188} WARNING - /opt/airflow/dags/predict.py:29 RemovedInAirflow3Warning: Param `schedule_interval` is deprecated and will be removed in a future release. Please use `schedule` instead.
[2026-01-31T02:47:22.369+0000] {processor.py:840} INFO - DAG(s) 'ml_prediction_pipeline' retrieved from /opt/airflow/dags/predict.py
[2026-01-31T02:47:22.388+0000] {logging_mixin.py:188} INFO - [2026-01-31T02:47:22.388+0000] {dag.py:3096} INFO - Sync 1 DAGs
[2026-01-31T02:47:22.403+0000] {logging_mixin.py:188} INFO - [2026-01-31T02:47:22.403+0000] {dag.py:3954} INFO - Setting next_dagrun for ml_prediction_pipeline to 2026-01-30 00:00:00+00:00, run_after=2026-01-31 00:00:00+00:00
[2026-01-31T02:47:22.419+0000] {processor.py:183} INFO - Processing /opt/airflow/dags/predict.py took 1.772 seconds
[2026-01-31T02:47:53.954+0000] {processor.py:161} INFO - Started process (PID=17010) to work on /opt/airflow/dags/predict.py
[2026-01-31T02:47:53.954+0000] {processor.py:830} INFO - Processing file /opt/airflow/dags/predict.py for tasks to queue
[2026-01-31T02:47:53.955+0000] {logging_mixin.py:188} INFO - [2026-01-31T02:47:53.955+0000] {dagbag.py:545} INFO - Filling up the DagBag from /opt/airflow/dags/predict.py
[2026-01-31T02:47:55.758+0000] {logging_mixin.py:188} WARNING - /opt/airflow/dags/predict.py:34 RemovedInAirflow3Warning: Function `days_ago` is deprecated and will be removed in Airflow 3.0. You can achieve equivalent behavior with `pendulum.today('UTC').add(days=-N, ...)`
[2026-01-31T02:47:55.759+0000] {logging_mixin.py:188} WARNING - /opt/airflow/dags/predict.py:29 RemovedInAirflow3Warning: Param `schedule_interval` is deprecated and will be removed in a future release. Please use `schedule` instead.
[2026-01-31T02:47:55.764+0000] {processor.py:840} INFO - DAG(s) 'ml_prediction_pipeline' retrieved from /opt/airflow/dags/predict.py
[2026-01-31T02:47:55.781+0000] {logging_mixin.py:188} INFO - [2026-01-31T02:47:55.781+0000] {dag.py:3096} INFO - Sync 1 DAGs
[2026-01-31T02:47:55.795+0000] {logging_mixin.py:188} INFO - [2026-01-31T02:47:55.794+0000] {dag.py:3954} INFO - Setting next_dagrun for ml_prediction_pipeline to 2026-01-30 00:00:00+00:00, run_after=2026-01-31 00:00:00+00:00
[2026-01-31T02:47:55.818+0000] {processor.py:183} INFO - Processing /opt/airflow/dags/predict.py took 1.868 seconds
[2026-01-31T02:48:26.873+0000] {processor.py:161} INFO - Started process (PID=17057) to work on /opt/airflow/dags/predict.py
[2026-01-31T02:48:26.874+0000] {processor.py:830} INFO - Processing file /opt/airflow/dags/predict.py for tasks to queue
[2026-01-31T02:48:26.876+0000] {logging_mixin.py:188} INFO - [2026-01-31T02:48:26.875+0000] {dagbag.py:545} INFO - Filling up the DagBag from /opt/airflow/dags/predict.py
[2026-01-31T02:48:28.645+0000] {logging_mixin.py:188} WARNING - /opt/airflow/dags/predict.py:34 RemovedInAirflow3Warning: Function `days_ago` is deprecated and will be removed in Airflow 3.0. You can achieve equivalent behavior with `pendulum.today('UTC').add(days=-N, ...)`
[2026-01-31T02:48:28.646+0000] {logging_mixin.py:188} WARNING - /opt/airflow/dags/predict.py:29 RemovedInAirflow3Warning: Param `schedule_interval` is deprecated and will be removed in a future release. Please use `schedule` instead.
[2026-01-31T02:48:28.650+0000] {processor.py:840} INFO - DAG(s) 'ml_prediction_pipeline' retrieved from /opt/airflow/dags/predict.py
[2026-01-31T02:48:28.668+0000] {logging_mixin.py:188} INFO - [2026-01-31T02:48:28.668+0000] {dag.py:3096} INFO - Sync 1 DAGs
[2026-01-31T02:48:28.681+0000] {logging_mixin.py:188} INFO - [2026-01-31T02:48:28.681+0000] {dag.py:3954} INFO - Setting next_dagrun for ml_prediction_pipeline to 2026-01-30 00:00:00+00:00, run_after=2026-01-31 00:00:00+00:00
[2026-01-31T02:48:28.703+0000] {processor.py:183} INFO - Processing /opt/airflow/dags/predict.py took 1.836 seconds
[2026-01-31T02:48:59.818+0000] {processor.py:161} INFO - Started process (PID=17104) to work on /opt/airflow/dags/predict.py
[2026-01-31T02:48:59.819+0000] {processor.py:830} INFO - Processing file /opt/airflow/dags/predict.py for tasks to queue
[2026-01-31T02:48:59.820+0000] {logging_mixin.py:188} INFO - [2026-01-31T02:48:59.820+0000] {dagbag.py:545} INFO - Filling up the DagBag from /opt/airflow/dags/predict.py
[2026-01-31T02:49:01.508+0000] {logging_mixin.py:188} WARNING - /opt/airflow/dags/predict.py:34 RemovedInAirflow3Warning: Function `days_ago` is deprecated and will be removed in Airflow 3.0. You can achieve equivalent behavior with `pendulum.today('UTC').add(days=-N, ...)`
[2026-01-31T02:49:01.510+0000] {logging_mixin.py:188} WARNING - /opt/airflow/dags/predict.py:29 RemovedInAirflow3Warning: Param `schedule_interval` is deprecated and will be removed in a future release. Please use `schedule` instead.
[2026-01-31T02:49:01.513+0000] {processor.py:840} INFO - DAG(s) 'ml_prediction_pipeline' retrieved from /opt/airflow/dags/predict.py
[2026-01-31T02:49:01.530+0000] {logging_mixin.py:188} INFO - [2026-01-31T02:49:01.530+0000] {dag.py:3096} INFO - Sync 1 DAGs
[2026-01-31T02:49:01.544+0000] {logging_mixin.py:188} INFO - [2026-01-31T02:49:01.544+0000] {dag.py:3954} INFO - Setting next_dagrun for ml_prediction_pipeline to 2026-01-30 00:00:00+00:00, run_after=2026-01-31 00:00:00+00:00
[2026-01-31T02:49:01.560+0000] {processor.py:183} INFO - Processing /opt/airflow/dags/predict.py took 1.746 seconds
[2026-01-31T02:49:32.731+0000] {processor.py:161} INFO - Started process (PID=17151) to work on /opt/airflow/dags/predict.py
[2026-01-31T02:49:32.732+0000] {processor.py:830} INFO - Processing file /opt/airflow/dags/predict.py for tasks to queue
[2026-01-31T02:49:32.733+0000] {logging_mixin.py:188} INFO - [2026-01-31T02:49:32.733+0000] {dagbag.py:545} INFO - Filling up the DagBag from /opt/airflow/dags/predict.py
[2026-01-31T02:49:34.500+0000] {logging_mixin.py:188} WARNING - /opt/airflow/dags/predict.py:34 RemovedInAirflow3Warning: Function `days_ago` is deprecated and will be removed in Airflow 3.0. You can achieve equivalent behavior with `pendulum.today('UTC').add(days=-N, ...)`
[2026-01-31T02:49:34.501+0000] {logging_mixin.py:188} WARNING - /opt/airflow/dags/predict.py:29 RemovedInAirflow3Warning: Param `schedule_interval` is deprecated and will be removed in a future release. Please use `schedule` instead.
[2026-01-31T02:49:34.509+0000] {processor.py:840} INFO - DAG(s) 'ml_prediction_pipeline' retrieved from /opt/airflow/dags/predict.py
[2026-01-31T02:49:34.530+0000] {logging_mixin.py:188} INFO - [2026-01-31T02:49:34.530+0000] {dag.py:3096} INFO - Sync 1 DAGs
[2026-01-31T02:49:34.546+0000] {logging_mixin.py:188} INFO - [2026-01-31T02:49:34.546+0000] {dag.py:3954} INFO - Setting next_dagrun for ml_prediction_pipeline to 2026-01-30 00:00:00+00:00, run_after=2026-01-31 00:00:00+00:00
[2026-01-31T02:49:34.559+0000] {processor.py:183} INFO - Processing /opt/airflow/dags/predict.py took 1.832 seconds
[2026-01-31T02:50:05.595+0000] {processor.py:161} INFO - Started process (PID=17198) to work on /opt/airflow/dags/predict.py
[2026-01-31T02:50:05.596+0000] {processor.py:830} INFO - Processing file /opt/airflow/dags/predict.py for tasks to queue
[2026-01-31T02:50:05.597+0000] {logging_mixin.py:188} INFO - [2026-01-31T02:50:05.597+0000] {dagbag.py:545} INFO - Filling up the DagBag from /opt/airflow/dags/predict.py
[2026-01-31T02:50:07.492+0000] {logging_mixin.py:188} WARNING - /opt/airflow/dags/predict.py:34 RemovedInAirflow3Warning: Function `days_ago` is deprecated and will be removed in Airflow 3.0. You can achieve equivalent behavior with `pendulum.today('UTC').add(days=-N, ...)`
[2026-01-31T02:50:07.493+0000] {logging_mixin.py:188} WARNING - /opt/airflow/dags/predict.py:29 RemovedInAirflow3Warning: Param `schedule_interval` is deprecated and will be removed in a future release. Please use `schedule` instead.
[2026-01-31T02:50:07.497+0000] {processor.py:840} INFO - DAG(s) 'ml_prediction_pipeline' retrieved from /opt/airflow/dags/predict.py
[2026-01-31T02:50:07.514+0000] {logging_mixin.py:188} INFO - [2026-01-31T02:50:07.514+0000] {dag.py:3096} INFO - Sync 1 DAGs
[2026-01-31T02:50:07.528+0000] {logging_mixin.py:188} INFO - [2026-01-31T02:50:07.528+0000] {dag.py:3954} INFO - Setting next_dagrun for ml_prediction_pipeline to 2026-01-30 00:00:00+00:00, run_after=2026-01-31 00:00:00+00:00
[2026-01-31T02:50:07.543+0000] {processor.py:183} INFO - Processing /opt/airflow/dags/predict.py took 1.952 seconds
[2026-01-31T02:50:38.364+0000] {processor.py:161} INFO - Started process (PID=17245) to work on /opt/airflow/dags/predict.py
[2026-01-31T02:50:38.365+0000] {processor.py:830} INFO - Processing file /opt/airflow/dags/predict.py for tasks to queue
[2026-01-31T02:50:38.366+0000] {logging_mixin.py:188} INFO - [2026-01-31T02:50:38.366+0000] {dagbag.py:545} INFO - Filling up the DagBag from /opt/airflow/dags/predict.py
[2026-01-31T02:50:40.497+0000] {logging_mixin.py:188} WARNING - /opt/airflow/dags/predict.py:34 RemovedInAirflow3Warning: Function `days_ago` is deprecated and will be removed in Airflow 3.0. You can achieve equivalent behavior with `pendulum.today('UTC').add(days=-N, ...)`
[2026-01-31T02:50:40.498+0000] {logging_mixin.py:188} WARNING - /opt/airflow/dags/predict.py:29 RemovedInAirflow3Warning: Param `schedule_interval` is deprecated and will be removed in a future release. Please use `schedule` instead.
[2026-01-31T02:50:40.502+0000] {processor.py:840} INFO - DAG(s) 'ml_prediction_pipeline' retrieved from /opt/airflow/dags/predict.py
[2026-01-31T02:50:40.522+0000] {logging_mixin.py:188} INFO - [2026-01-31T02:50:40.521+0000] {dag.py:3096} INFO - Sync 1 DAGs
[2026-01-31T02:50:40.538+0000] {logging_mixin.py:188} INFO - [2026-01-31T02:50:40.538+0000] {dag.py:3954} INFO - Setting next_dagrun for ml_prediction_pipeline to 2026-01-30 00:00:00+00:00, run_after=2026-01-31 00:00:00+00:00
[2026-01-31T02:50:40.558+0000] {processor.py:183} INFO - Processing /opt/airflow/dags/predict.py took 2.200 seconds
[2026-01-31T02:51:11.662+0000] {processor.py:161} INFO - Started process (PID=17292) to work on /opt/airflow/dags/predict.py
[2026-01-31T02:51:11.662+0000] {processor.py:830} INFO - Processing file /opt/airflow/dags/predict.py for tasks to queue
[2026-01-31T02:51:11.664+0000] {logging_mixin.py:188} INFO - [2026-01-31T02:51:11.663+0000] {dagbag.py:545} INFO - Filling up the DagBag from /opt/airflow/dags/predict.py
[2026-01-31T02:51:13.582+0000] {logging_mixin.py:188} WARNING - /opt/airflow/dags/predict.py:34 RemovedInAirflow3Warning: Function `days_ago` is deprecated and will be removed in Airflow 3.0. You can achieve equivalent behavior with `pendulum.today('UTC').add(days=-N, ...)`
[2026-01-31T02:51:13.583+0000] {logging_mixin.py:188} WARNING - /opt/airflow/dags/predict.py:29 RemovedInAirflow3Warning: Param `schedule_interval` is deprecated and will be removed in a future release. Please use `schedule` instead.
[2026-01-31T02:51:13.586+0000] {processor.py:840} INFO - DAG(s) 'ml_prediction_pipeline' retrieved from /opt/airflow/dags/predict.py
[2026-01-31T02:51:13.606+0000] {logging_mixin.py:188} INFO - [2026-01-31T02:51:13.606+0000] {dag.py:3096} INFO - Sync 1 DAGs
[2026-01-31T02:51:13.626+0000] {logging_mixin.py:188} INFO - [2026-01-31T02:51:13.625+0000] {dag.py:3954} INFO - Setting next_dagrun for ml_prediction_pipeline to 2026-01-30 00:00:00+00:00, run_after=2026-01-31 00:00:00+00:00
[2026-01-31T02:51:13.642+0000] {processor.py:183} INFO - Processing /opt/airflow/dags/predict.py took 1.985 seconds
[2026-01-31T02:51:44.553+0000] {processor.py:161} INFO - Started process (PID=17339) to work on /opt/airflow/dags/predict.py
[2026-01-31T02:51:44.554+0000] {processor.py:830} INFO - Processing file /opt/airflow/dags/predict.py for tasks to queue
[2026-01-31T02:51:44.556+0000] {logging_mixin.py:188} INFO - [2026-01-31T02:51:44.556+0000] {dagbag.py:545} INFO - Filling up the DagBag from /opt/airflow/dags/predict.py
[2026-01-31T02:51:47.071+0000] {logging_mixin.py:188} WARNING - /opt/airflow/dags/predict.py:34 RemovedInAirflow3Warning: Function `days_ago` is deprecated and will be removed in Airflow 3.0. You can achieve equivalent behavior with `pendulum.today('UTC').add(days=-N, ...)`
[2026-01-31T02:51:47.072+0000] {logging_mixin.py:188} WARNING - /opt/airflow/dags/predict.py:29 RemovedInAirflow3Warning: Param `schedule_interval` is deprecated and will be removed in a future release. Please use `schedule` instead.
[2026-01-31T02:51:47.077+0000] {processor.py:840} INFO - DAG(s) 'ml_prediction_pipeline' retrieved from /opt/airflow/dags/predict.py
[2026-01-31T02:51:47.098+0000] {logging_mixin.py:188} INFO - [2026-01-31T02:51:47.097+0000] {dag.py:3096} INFO - Sync 1 DAGs
[2026-01-31T02:51:47.116+0000] {logging_mixin.py:188} INFO - [2026-01-31T02:51:47.116+0000] {dag.py:3954} INFO - Setting next_dagrun for ml_prediction_pipeline to 2026-01-30 00:00:00+00:00, run_after=2026-01-31 00:00:00+00:00
[2026-01-31T02:51:47.135+0000] {processor.py:183} INFO - Processing /opt/airflow/dags/predict.py took 2.587 seconds
[2026-01-31T02:52:17.578+0000] {processor.py:161} INFO - Started process (PID=17386) to work on /opt/airflow/dags/predict.py
[2026-01-31T02:52:17.579+0000] {processor.py:830} INFO - Processing file /opt/airflow/dags/predict.py for tasks to queue
[2026-01-31T02:52:17.581+0000] {logging_mixin.py:188} INFO - [2026-01-31T02:52:17.581+0000] {dagbag.py:545} INFO - Filling up the DagBag from /opt/airflow/dags/predict.py
[2026-01-31T02:52:19.987+0000] {logging_mixin.py:188} WARNING - /opt/airflow/dags/predict.py:34 RemovedInAirflow3Warning: Function `days_ago` is deprecated and will be removed in Airflow 3.0. You can achieve equivalent behavior with `pendulum.today('UTC').add(days=-N, ...)`
[2026-01-31T02:52:19.987+0000] {logging_mixin.py:188} WARNING - /opt/airflow/dags/predict.py:29 RemovedInAirflow3Warning: Param `schedule_interval` is deprecated and will be removed in a future release. Please use `schedule` instead.
[2026-01-31T02:52:19.992+0000] {processor.py:840} INFO - DAG(s) 'ml_prediction_pipeline' retrieved from /opt/airflow/dags/predict.py
[2026-01-31T02:52:20.014+0000] {logging_mixin.py:188} INFO - [2026-01-31T02:52:20.014+0000] {dag.py:3096} INFO - Sync 1 DAGs
[2026-01-31T02:52:20.032+0000] {logging_mixin.py:188} INFO - [2026-01-31T02:52:20.031+0000] {dag.py:3954} INFO - Setting next_dagrun for ml_prediction_pipeline to 2026-01-30 00:00:00+00:00, run_after=2026-01-31 00:00:00+00:00
[2026-01-31T02:52:20.047+0000] {processor.py:183} INFO - Processing /opt/airflow/dags/predict.py took 2.475 seconds
[2026-01-31T02:52:51.095+0000] {processor.py:161} INFO - Started process (PID=17433) to work on /opt/airflow/dags/predict.py
[2026-01-31T02:52:51.097+0000] {processor.py:830} INFO - Processing file /opt/airflow/dags/predict.py for tasks to queue
[2026-01-31T02:52:51.098+0000] {logging_mixin.py:188} INFO - [2026-01-31T02:52:51.098+0000] {dagbag.py:545} INFO - Filling up the DagBag from /opt/airflow/dags/predict.py
[2026-01-31T02:52:53.137+0000] {logging_mixin.py:188} WARNING - /opt/airflow/dags/predict.py:34 RemovedInAirflow3Warning: Function `days_ago` is deprecated and will be removed in Airflow 3.0. You can achieve equivalent behavior with `pendulum.today('UTC').add(days=-N, ...)`
[2026-01-31T02:52:53.139+0000] {logging_mixin.py:188} WARNING - /opt/airflow/dags/predict.py:29 RemovedInAirflow3Warning: Param `schedule_interval` is deprecated and will be removed in a future release. Please use `schedule` instead.
[2026-01-31T02:52:53.144+0000] {processor.py:840} INFO - DAG(s) 'ml_prediction_pipeline' retrieved from /opt/airflow/dags/predict.py
[2026-01-31T02:52:53.170+0000] {logging_mixin.py:188} INFO - [2026-01-31T02:52:53.169+0000] {dag.py:3096} INFO - Sync 1 DAGs
[2026-01-31T02:52:53.192+0000] {logging_mixin.py:188} INFO - [2026-01-31T02:52:53.192+0000] {dag.py:3954} INFO - Setting next_dagrun for ml_prediction_pipeline to 2026-01-30 00:00:00+00:00, run_after=2026-01-31 00:00:00+00:00
[2026-01-31T02:52:53.214+0000] {processor.py:183} INFO - Processing /opt/airflow/dags/predict.py took 2.124 seconds
[2026-01-31T02:53:23.320+0000] {processor.py:161} INFO - Started process (PID=17480) to work on /opt/airflow/dags/predict.py
[2026-01-31T02:53:23.321+0000] {processor.py:830} INFO - Processing file /opt/airflow/dags/predict.py for tasks to queue
[2026-01-31T02:53:23.324+0000] {logging_mixin.py:188} INFO - [2026-01-31T02:53:23.323+0000] {dagbag.py:545} INFO - Filling up the DagBag from /opt/airflow/dags/predict.py
[2026-01-31T02:53:25.756+0000] {logging_mixin.py:188} WARNING - /opt/airflow/dags/predict.py:34 RemovedInAirflow3Warning: Function `days_ago` is deprecated and will be removed in Airflow 3.0. You can achieve equivalent behavior with `pendulum.today('UTC').add(days=-N, ...)`
[2026-01-31T02:53:25.757+0000] {logging_mixin.py:188} WARNING - /opt/airflow/dags/predict.py:29 RemovedInAirflow3Warning: Param `schedule_interval` is deprecated and will be removed in a future release. Please use `schedule` instead.
[2026-01-31T02:53:25.761+0000] {processor.py:840} INFO - DAG(s) 'ml_prediction_pipeline' retrieved from /opt/airflow/dags/predict.py
[2026-01-31T02:53:25.786+0000] {logging_mixin.py:188} INFO - [2026-01-31T02:53:25.786+0000] {dag.py:3096} INFO - Sync 1 DAGs
[2026-01-31T02:53:25.805+0000] {logging_mixin.py:188} INFO - [2026-01-31T02:53:25.805+0000] {dag.py:3954} INFO - Setting next_dagrun for ml_prediction_pipeline to 2026-01-30 00:00:00+00:00, run_after=2026-01-31 00:00:00+00:00
[2026-01-31T02:53:25.823+0000] {processor.py:183} INFO - Processing /opt/airflow/dags/predict.py took 2.508 seconds
[2026-01-31T02:53:56.095+0000] {processor.py:161} INFO - Started process (PID=17531) to work on /opt/airflow/dags/predict.py
[2026-01-31T02:53:56.099+0000] {processor.py:830} INFO - Processing file /opt/airflow/dags/predict.py for tasks to queue
[2026-01-31T02:53:56.100+0000] {logging_mixin.py:188} INFO - [2026-01-31T02:53:56.100+0000] {dagbag.py:545} INFO - Filling up the DagBag from /opt/airflow/dags/predict.py
[2026-01-31T02:53:57.698+0000] {logging_mixin.py:188} WARNING - /opt/airflow/dags/predict.py:34 RemovedInAirflow3Warning: Function `days_ago` is deprecated and will be removed in Airflow 3.0. You can achieve equivalent behavior with `pendulum.today('UTC').add(days=-N, ...)`
[2026-01-31T02:53:57.699+0000] {logging_mixin.py:188} WARNING - /opt/airflow/dags/predict.py:29 RemovedInAirflow3Warning: Param `schedule_interval` is deprecated and will be removed in a future release. Please use `schedule` instead.
[2026-01-31T02:53:57.702+0000] {processor.py:840} INFO - DAG(s) 'ml_prediction_pipeline' retrieved from /opt/airflow/dags/predict.py
[2026-01-31T02:53:57.716+0000] {logging_mixin.py:188} INFO - [2026-01-31T02:53:57.715+0000] {dag.py:3096} INFO - Sync 1 DAGs
[2026-01-31T02:53:57.726+0000] {logging_mixin.py:188} INFO - [2026-01-31T02:53:57.726+0000] {dag.py:3954} INFO - Setting next_dagrun for ml_prediction_pipeline to 2026-01-30 00:00:00+00:00, run_after=2026-01-31 00:00:00+00:00
[2026-01-31T02:53:57.739+0000] {processor.py:183} INFO - Processing /opt/airflow/dags/predict.py took 1.648 seconds
[2026-01-31T02:54:29.146+0000] {processor.py:161} INFO - Started process (PID=17578) to work on /opt/airflow/dags/predict.py
[2026-01-31T02:54:29.147+0000] {processor.py:830} INFO - Processing file /opt/airflow/dags/predict.py for tasks to queue
[2026-01-31T02:54:29.148+0000] {logging_mixin.py:188} INFO - [2026-01-31T02:54:29.148+0000] {dagbag.py:545} INFO - Filling up the DagBag from /opt/airflow/dags/predict.py
[2026-01-31T02:54:30.781+0000] {logging_mixin.py:188} WARNING - /opt/airflow/dags/predict.py:34 RemovedInAirflow3Warning: Function `days_ago` is deprecated and will be removed in Airflow 3.0. You can achieve equivalent behavior with `pendulum.today('UTC').add(days=-N, ...)`
[2026-01-31T02:54:30.781+0000] {logging_mixin.py:188} WARNING - /opt/airflow/dags/predict.py:29 RemovedInAirflow3Warning: Param `schedule_interval` is deprecated and will be removed in a future release. Please use `schedule` instead.
[2026-01-31T02:54:30.784+0000] {processor.py:840} INFO - DAG(s) 'ml_prediction_pipeline' retrieved from /opt/airflow/dags/predict.py
[2026-01-31T02:54:30.798+0000] {logging_mixin.py:188} INFO - [2026-01-31T02:54:30.798+0000] {dag.py:3096} INFO - Sync 1 DAGs
[2026-01-31T02:54:30.808+0000] {logging_mixin.py:188} INFO - [2026-01-31T02:54:30.808+0000] {dag.py:3954} INFO - Setting next_dagrun for ml_prediction_pipeline to 2026-01-30 00:00:00+00:00, run_after=2026-01-31 00:00:00+00:00
[2026-01-31T02:54:30.821+0000] {processor.py:183} INFO - Processing /opt/airflow/dags/predict.py took 1.680 seconds
[2026-01-31T02:55:02.406+0000] {processor.py:161} INFO - Started process (PID=17621) to work on /opt/airflow/dags/predict.py
[2026-01-31T02:55:02.408+0000] {processor.py:830} INFO - Processing file /opt/airflow/dags/predict.py for tasks to queue
[2026-01-31T02:55:02.409+0000] {logging_mixin.py:188} INFO - [2026-01-31T02:55:02.409+0000] {dagbag.py:545} INFO - Filling up the DagBag from /opt/airflow/dags/predict.py
[2026-01-31T02:55:04.100+0000] {logging_mixin.py:188} WARNING - /opt/airflow/dags/predict.py:34 RemovedInAirflow3Warning: Function `days_ago` is deprecated and will be removed in Airflow 3.0. You can achieve equivalent behavior with `pendulum.today('UTC').add(days=-N, ...)`
[2026-01-31T02:55:04.101+0000] {logging_mixin.py:188} WARNING - /opt/airflow/dags/predict.py:29 RemovedInAirflow3Warning: Param `schedule_interval` is deprecated and will be removed in a future release. Please use `schedule` instead.
[2026-01-31T02:55:04.104+0000] {processor.py:840} INFO - DAG(s) 'ml_prediction_pipeline' retrieved from /opt/airflow/dags/predict.py
[2026-01-31T02:55:04.121+0000] {logging_mixin.py:188} INFO - [2026-01-31T02:55:04.120+0000] {dag.py:3096} INFO - Sync 1 DAGs
[2026-01-31T02:55:04.135+0000] {logging_mixin.py:188} INFO - [2026-01-31T02:55:04.135+0000] {dag.py:3954} INFO - Setting next_dagrun for ml_prediction_pipeline to 2026-01-30 00:00:00+00:00, run_after=2026-01-31 00:00:00+00:00
[2026-01-31T02:55:04.151+0000] {processor.py:183} INFO - Processing /opt/airflow/dags/predict.py took 1.750 seconds
[2026-01-31T02:55:35.292+0000] {processor.py:161} INFO - Started process (PID=17668) to work on /opt/airflow/dags/predict.py
[2026-01-31T02:55:35.293+0000] {processor.py:830} INFO - Processing file /opt/airflow/dags/predict.py for tasks to queue
[2026-01-31T02:55:35.296+0000] {logging_mixin.py:188} INFO - [2026-01-31T02:55:35.295+0000] {dagbag.py:545} INFO - Filling up the DagBag from /opt/airflow/dags/predict.py
[2026-01-31T02:55:37.403+0000] {logging_mixin.py:188} WARNING - /opt/airflow/dags/predict.py:34 RemovedInAirflow3Warning: Function `days_ago` is deprecated and will be removed in Airflow 3.0. You can achieve equivalent behavior with `pendulum.today('UTC').add(days=-N, ...)`
[2026-01-31T02:55:37.405+0000] {logging_mixin.py:188} WARNING - /opt/airflow/dags/predict.py:29 RemovedInAirflow3Warning: Param `schedule_interval` is deprecated and will be removed in a future release. Please use `schedule` instead.
[2026-01-31T02:55:37.409+0000] {processor.py:840} INFO - DAG(s) 'ml_prediction_pipeline' retrieved from /opt/airflow/dags/predict.py
[2026-01-31T02:55:37.427+0000] {logging_mixin.py:188} INFO - [2026-01-31T02:55:37.427+0000] {dag.py:3096} INFO - Sync 1 DAGs
[2026-01-31T02:55:37.441+0000] {logging_mixin.py:188} INFO - [2026-01-31T02:55:37.441+0000] {dag.py:3954} INFO - Setting next_dagrun for ml_prediction_pipeline to 2026-01-30 00:00:00+00:00, run_after=2026-01-31 00:00:00+00:00
[2026-01-31T02:55:37.455+0000] {processor.py:183} INFO - Processing /opt/airflow/dags/predict.py took 2.168 seconds
[2026-01-31T02:56:08.593+0000] {processor.py:161} INFO - Started process (PID=17715) to work on /opt/airflow/dags/predict.py
[2026-01-31T02:56:08.594+0000] {processor.py:830} INFO - Processing file /opt/airflow/dags/predict.py for tasks to queue
[2026-01-31T02:56:08.595+0000] {logging_mixin.py:188} INFO - [2026-01-31T02:56:08.595+0000] {dagbag.py:545} INFO - Filling up the DagBag from /opt/airflow/dags/predict.py
[2026-01-31T02:56:10.326+0000] {logging_mixin.py:188} WARNING - /opt/airflow/dags/predict.py:34 RemovedInAirflow3Warning: Function `days_ago` is deprecated and will be removed in Airflow 3.0. You can achieve equivalent behavior with `pendulum.today('UTC').add(days=-N, ...)`
[2026-01-31T02:56:10.327+0000] {logging_mixin.py:188} WARNING - /opt/airflow/dags/predict.py:29 RemovedInAirflow3Warning: Param `schedule_interval` is deprecated and will be removed in a future release. Please use `schedule` instead.
[2026-01-31T02:56:10.333+0000] {processor.py:840} INFO - DAG(s) 'ml_prediction_pipeline' retrieved from /opt/airflow/dags/predict.py
[2026-01-31T02:56:10.357+0000] {logging_mixin.py:188} INFO - [2026-01-31T02:56:10.356+0000] {dag.py:3096} INFO - Sync 1 DAGs
[2026-01-31T02:56:10.377+0000] {logging_mixin.py:188} INFO - [2026-01-31T02:56:10.376+0000] {dag.py:3954} INFO - Setting next_dagrun for ml_prediction_pipeline to 2026-01-30 00:00:00+00:00, run_after=2026-01-31 00:00:00+00:00
[2026-01-31T02:56:10.397+0000] {processor.py:183} INFO - Processing /opt/airflow/dags/predict.py took 1.808 seconds
[2026-01-31T02:56:41.445+0000] {processor.py:161} INFO - Started process (PID=17762) to work on /opt/airflow/dags/predict.py
[2026-01-31T02:56:41.447+0000] {processor.py:830} INFO - Processing file /opt/airflow/dags/predict.py for tasks to queue
[2026-01-31T02:56:41.448+0000] {logging_mixin.py:188} INFO - [2026-01-31T02:56:41.448+0000] {dagbag.py:545} INFO - Filling up the DagBag from /opt/airflow/dags/predict.py
[2026-01-31T02:56:43.119+0000] {logging_mixin.py:188} WARNING - /opt/airflow/dags/predict.py:34 RemovedInAirflow3Warning: Function `days_ago` is deprecated and will be removed in Airflow 3.0. You can achieve equivalent behavior with `pendulum.today('UTC').add(days=-N, ...)`
[2026-01-31T02:56:43.120+0000] {logging_mixin.py:188} WARNING - /opt/airflow/dags/predict.py:29 RemovedInAirflow3Warning: Param `schedule_interval` is deprecated and will be removed in a future release. Please use `schedule` instead.
[2026-01-31T02:56:43.125+0000] {processor.py:840} INFO - DAG(s) 'ml_prediction_pipeline' retrieved from /opt/airflow/dags/predict.py
[2026-01-31T02:56:43.150+0000] {logging_mixin.py:188} INFO - [2026-01-31T02:56:43.149+0000] {dag.py:3096} INFO - Sync 1 DAGs
[2026-01-31T02:56:43.167+0000] {logging_mixin.py:188} INFO - [2026-01-31T02:56:43.167+0000] {dag.py:3954} INFO - Setting next_dagrun for ml_prediction_pipeline to 2026-01-30 00:00:00+00:00, run_after=2026-01-31 00:00:00+00:00
[2026-01-31T02:56:43.186+0000] {processor.py:183} INFO - Processing /opt/airflow/dags/predict.py took 1.745 seconds
[2026-01-31T02:57:14.321+0000] {processor.py:161} INFO - Started process (PID=17809) to work on /opt/airflow/dags/predict.py
[2026-01-31T02:57:14.322+0000] {processor.py:830} INFO - Processing file /opt/airflow/dags/predict.py for tasks to queue
[2026-01-31T02:57:14.323+0000] {logging_mixin.py:188} INFO - [2026-01-31T02:57:14.323+0000] {dagbag.py:545} INFO - Filling up the DagBag from /opt/airflow/dags/predict.py
[2026-01-31T02:57:16.159+0000] {logging_mixin.py:188} WARNING - /opt/airflow/dags/predict.py:34 RemovedInAirflow3Warning: Function `days_ago` is deprecated and will be removed in Airflow 3.0. You can achieve equivalent behavior with `pendulum.today('UTC').add(days=-N, ...)`
[2026-01-31T02:57:16.162+0000] {logging_mixin.py:188} WARNING - /opt/airflow/dags/predict.py:29 RemovedInAirflow3Warning: Param `schedule_interval` is deprecated and will be removed in a future release. Please use `schedule` instead.
[2026-01-31T02:57:16.166+0000] {processor.py:840} INFO - DAG(s) 'ml_prediction_pipeline' retrieved from /opt/airflow/dags/predict.py
[2026-01-31T02:57:16.183+0000] {logging_mixin.py:188} INFO - [2026-01-31T02:57:16.183+0000] {dag.py:3096} INFO - Sync 1 DAGs
[2026-01-31T02:57:16.196+0000] {logging_mixin.py:188} INFO - [2026-01-31T02:57:16.196+0000] {dag.py:3954} INFO - Setting next_dagrun for ml_prediction_pipeline to 2026-01-30 00:00:00+00:00, run_after=2026-01-31 00:00:00+00:00
[2026-01-31T02:57:16.211+0000] {processor.py:183} INFO - Processing /opt/airflow/dags/predict.py took 1.894 seconds
[2026-01-31T02:57:47.377+0000] {processor.py:161} INFO - Started process (PID=17856) to work on /opt/airflow/dags/predict.py
[2026-01-31T02:57:47.377+0000] {processor.py:830} INFO - Processing file /opt/airflow/dags/predict.py for tasks to queue
[2026-01-31T02:57:47.378+0000] {logging_mixin.py:188} INFO - [2026-01-31T02:57:47.378+0000] {dagbag.py:545} INFO - Filling up the DagBag from /opt/airflow/dags/predict.py
[2026-01-31T02:57:49.107+0000] {logging_mixin.py:188} WARNING - /opt/airflow/dags/predict.py:34 RemovedInAirflow3Warning: Function `days_ago` is deprecated and will be removed in Airflow 3.0. You can achieve equivalent behavior with `pendulum.today('UTC').add(days=-N, ...)`
[2026-01-31T02:57:49.108+0000] {logging_mixin.py:188} WARNING - /opt/airflow/dags/predict.py:29 RemovedInAirflow3Warning: Param `schedule_interval` is deprecated and will be removed in a future release. Please use `schedule` instead.
[2026-01-31T02:57:49.113+0000] {processor.py:840} INFO - DAG(s) 'ml_prediction_pipeline' retrieved from /opt/airflow/dags/predict.py
[2026-01-31T02:57:49.133+0000] {logging_mixin.py:188} INFO - [2026-01-31T02:57:49.132+0000] {dag.py:3096} INFO - Sync 1 DAGs
[2026-01-31T02:57:49.144+0000] {logging_mixin.py:188} INFO - [2026-01-31T02:57:49.144+0000] {dag.py:3954} INFO - Setting next_dagrun for ml_prediction_pipeline to 2026-01-30 00:00:00+00:00, run_after=2026-01-31 00:00:00+00:00
[2026-01-31T02:57:49.159+0000] {processor.py:183} INFO - Processing /opt/airflow/dags/predict.py took 1.788 seconds
[2026-01-31T02:58:20.322+0000] {processor.py:161} INFO - Started process (PID=17903) to work on /opt/airflow/dags/predict.py
[2026-01-31T02:58:20.324+0000] {processor.py:830} INFO - Processing file /opt/airflow/dags/predict.py for tasks to queue
[2026-01-31T02:58:20.325+0000] {logging_mixin.py:188} INFO - [2026-01-31T02:58:20.325+0000] {dagbag.py:545} INFO - Filling up the DagBag from /opt/airflow/dags/predict.py
[2026-01-31T02:58:21.984+0000] {logging_mixin.py:188} WARNING - /opt/airflow/dags/predict.py:34 RemovedInAirflow3Warning: Function `days_ago` is deprecated and will be removed in Airflow 3.0. You can achieve equivalent behavior with `pendulum.today('UTC').add(days=-N, ...)`
[2026-01-31T02:58:21.985+0000] {logging_mixin.py:188} WARNING - /opt/airflow/dags/predict.py:29 RemovedInAirflow3Warning: Param `schedule_interval` is deprecated and will be removed in a future release. Please use `schedule` instead.
[2026-01-31T02:58:21.989+0000] {processor.py:840} INFO - DAG(s) 'ml_prediction_pipeline' retrieved from /opt/airflow/dags/predict.py
[2026-01-31T02:58:22.008+0000] {logging_mixin.py:188} INFO - [2026-01-31T02:58:22.008+0000] {dag.py:3096} INFO - Sync 1 DAGs
[2026-01-31T02:58:22.023+0000] {logging_mixin.py:188} INFO - [2026-01-31T02:58:22.023+0000] {dag.py:3954} INFO - Setting next_dagrun for ml_prediction_pipeline to 2026-01-30 00:00:00+00:00, run_after=2026-01-31 00:00:00+00:00
[2026-01-31T02:58:22.038+0000] {processor.py:183} INFO - Processing /opt/airflow/dags/predict.py took 1.720 seconds
[2026-01-31T02:58:53.138+0000] {processor.py:161} INFO - Started process (PID=17950) to work on /opt/airflow/dags/predict.py
[2026-01-31T02:58:53.139+0000] {processor.py:830} INFO - Processing file /opt/airflow/dags/predict.py for tasks to queue
[2026-01-31T02:58:53.140+0000] {logging_mixin.py:188} INFO - [2026-01-31T02:58:53.140+0000] {dagbag.py:545} INFO - Filling up the DagBag from /opt/airflow/dags/predict.py
[2026-01-31T02:58:55.695+0000] {logging_mixin.py:188} WARNING - /opt/airflow/dags/predict.py:34 RemovedInAirflow3Warning: Function `days_ago` is deprecated and will be removed in Airflow 3.0. You can achieve equivalent behavior with `pendulum.today('UTC').add(days=-N, ...)`
[2026-01-31T02:58:55.698+0000] {logging_mixin.py:188} WARNING - /opt/airflow/dags/predict.py:29 RemovedInAirflow3Warning: Param `schedule_interval` is deprecated and will be removed in a future release. Please use `schedule` instead.
[2026-01-31T02:58:55.707+0000] {processor.py:840} INFO - DAG(s) 'ml_prediction_pipeline' retrieved from /opt/airflow/dags/predict.py
[2026-01-31T02:58:55.726+0000] {logging_mixin.py:188} INFO - [2026-01-31T02:58:55.726+0000] {dag.py:3096} INFO - Sync 1 DAGs
[2026-01-31T02:58:55.741+0000] {logging_mixin.py:188} INFO - [2026-01-31T02:58:55.741+0000] {dag.py:3954} INFO - Setting next_dagrun for ml_prediction_pipeline to 2026-01-30 00:00:00+00:00, run_after=2026-01-31 00:00:00+00:00
[2026-01-31T02:58:55.759+0000] {processor.py:183} INFO - Processing /opt/airflow/dags/predict.py took 2.625 seconds
[2026-01-31T02:59:26.383+0000] {processor.py:161} INFO - Started process (PID=17998) to work on /opt/airflow/dags/predict.py
[2026-01-31T02:59:26.384+0000] {processor.py:830} INFO - Processing file /opt/airflow/dags/predict.py for tasks to queue
[2026-01-31T02:59:26.386+0000] {logging_mixin.py:188} INFO - [2026-01-31T02:59:26.385+0000] {dagbag.py:545} INFO - Filling up the DagBag from /opt/airflow/dags/predict.py
[2026-01-31T02:59:28.080+0000] {logging_mixin.py:188} WARNING - /opt/airflow/dags/predict.py:34 RemovedInAirflow3Warning: Function `days_ago` is deprecated and will be removed in Airflow 3.0. You can achieve equivalent behavior with `pendulum.today('UTC').add(days=-N, ...)`
[2026-01-31T02:59:28.081+0000] {logging_mixin.py:188} WARNING - /opt/airflow/dags/predict.py:29 RemovedInAirflow3Warning: Param `schedule_interval` is deprecated and will be removed in a future release. Please use `schedule` instead.
[2026-01-31T02:59:28.084+0000] {processor.py:840} INFO - DAG(s) 'ml_prediction_pipeline' retrieved from /opt/airflow/dags/predict.py
[2026-01-31T02:59:28.098+0000] {logging_mixin.py:188} INFO - [2026-01-31T02:59:28.098+0000] {dag.py:3096} INFO - Sync 1 DAGs
[2026-01-31T02:59:28.110+0000] {logging_mixin.py:188} INFO - [2026-01-31T02:59:28.110+0000] {dag.py:3954} INFO - Setting next_dagrun for ml_prediction_pipeline to 2026-01-30 00:00:00+00:00, run_after=2026-01-31 00:00:00+00:00
[2026-01-31T02:59:28.123+0000] {processor.py:183} INFO - Processing /opt/airflow/dags/predict.py took 1.745 seconds
[2026-01-31T02:59:59.593+0000] {processor.py:161} INFO - Started process (PID=18045) to work on /opt/airflow/dags/predict.py
[2026-01-31T02:59:59.595+0000] {processor.py:830} INFO - Processing file /opt/airflow/dags/predict.py for tasks to queue
[2026-01-31T02:59:59.596+0000] {logging_mixin.py:188} INFO - [2026-01-31T02:59:59.596+0000] {dagbag.py:545} INFO - Filling up the DagBag from /opt/airflow/dags/predict.py
[2026-01-31T03:00:01.259+0000] {logging_mixin.py:188} WARNING - /opt/airflow/dags/predict.py:34 RemovedInAirflow3Warning: Function `days_ago` is deprecated and will be removed in Airflow 3.0. You can achieve equivalent behavior with `pendulum.today('UTC').add(days=-N, ...)`
[2026-01-31T03:00:01.260+0000] {logging_mixin.py:188} WARNING - /opt/airflow/dags/predict.py:29 RemovedInAirflow3Warning: Param `schedule_interval` is deprecated and will be removed in a future release. Please use `schedule` instead.
[2026-01-31T03:00:01.265+0000] {processor.py:840} INFO - DAG(s) 'ml_prediction_pipeline' retrieved from /opt/airflow/dags/predict.py
[2026-01-31T03:00:01.287+0000] {logging_mixin.py:188} INFO - [2026-01-31T03:00:01.287+0000] {dag.py:3096} INFO - Sync 1 DAGs
[2026-01-31T03:00:01.303+0000] {logging_mixin.py:188} INFO - [2026-01-31T03:00:01.302+0000] {dag.py:3954} INFO - Setting next_dagrun for ml_prediction_pipeline to 2026-01-30 00:00:00+00:00, run_after=2026-01-31 00:00:00+00:00
[2026-01-31T03:00:01.316+0000] {processor.py:183} INFO - Processing /opt/airflow/dags/predict.py took 1.726 seconds
[2026-01-31T03:00:32.475+0000] {processor.py:161} INFO - Started process (PID=18092) to work on /opt/airflow/dags/predict.py
[2026-01-31T03:00:32.476+0000] {processor.py:830} INFO - Processing file /opt/airflow/dags/predict.py for tasks to queue
[2026-01-31T03:00:32.477+0000] {logging_mixin.py:188} INFO - [2026-01-31T03:00:32.477+0000] {dagbag.py:545} INFO - Filling up the DagBag from /opt/airflow/dags/predict.py
[2026-01-31T03:00:34.176+0000] {logging_mixin.py:188} WARNING - /opt/airflow/dags/predict.py:34 RemovedInAirflow3Warning: Function `days_ago` is deprecated and will be removed in Airflow 3.0. You can achieve equivalent behavior with `pendulum.today('UTC').add(days=-N, ...)`
[2026-01-31T03:00:34.177+0000] {logging_mixin.py:188} WARNING - /opt/airflow/dags/predict.py:29 RemovedInAirflow3Warning: Param `schedule_interval` is deprecated and will be removed in a future release. Please use `schedule` instead.
[2026-01-31T03:00:34.180+0000] {processor.py:840} INFO - DAG(s) 'ml_prediction_pipeline' retrieved from /opt/airflow/dags/predict.py
[2026-01-31T03:00:34.197+0000] {logging_mixin.py:188} INFO - [2026-01-31T03:00:34.197+0000] {dag.py:3096} INFO - Sync 1 DAGs
[2026-01-31T03:00:34.211+0000] {logging_mixin.py:188} INFO - [2026-01-31T03:00:34.210+0000] {dag.py:3954} INFO - Setting next_dagrun for ml_prediction_pipeline to 2026-01-30 00:00:00+00:00, run_after=2026-01-31 00:00:00+00:00
[2026-01-31T03:00:34.225+0000] {processor.py:183} INFO - Processing /opt/airflow/dags/predict.py took 1.754 seconds
[2026-01-31T03:01:05.266+0000] {processor.py:161} INFO - Started process (PID=18138) to work on /opt/airflow/dags/predict.py
[2026-01-31T03:01:05.269+0000] {processor.py:830} INFO - Processing file /opt/airflow/dags/predict.py for tasks to queue
[2026-01-31T03:01:05.270+0000] {logging_mixin.py:188} INFO - [2026-01-31T03:01:05.270+0000] {dagbag.py:545} INFO - Filling up the DagBag from /opt/airflow/dags/predict.py
[2026-01-31T03:01:07.038+0000] {logging_mixin.py:188} WARNING - /opt/airflow/dags/predict.py:34 RemovedInAirflow3Warning: Function `days_ago` is deprecated and will be removed in Airflow 3.0. You can achieve equivalent behavior with `pendulum.today('UTC').add(days=-N, ...)`
[2026-01-31T03:01:07.038+0000] {logging_mixin.py:188} WARNING - /opt/airflow/dags/predict.py:29 RemovedInAirflow3Warning: Param `schedule_interval` is deprecated and will be removed in a future release. Please use `schedule` instead.
[2026-01-31T03:01:07.042+0000] {processor.py:840} INFO - DAG(s) 'ml_prediction_pipeline' retrieved from /opt/airflow/dags/predict.py
[2026-01-31T03:01:07.058+0000] {logging_mixin.py:188} INFO - [2026-01-31T03:01:07.058+0000] {dag.py:3096} INFO - Sync 1 DAGs
[2026-01-31T03:01:07.071+0000] {logging_mixin.py:188} INFO - [2026-01-31T03:01:07.071+0000] {dag.py:3954} INFO - Setting next_dagrun for ml_prediction_pipeline to 2026-01-30 00:00:00+00:00, run_after=2026-01-31 00:00:00+00:00
[2026-01-31T03:01:07.085+0000] {processor.py:183} INFO - Processing /opt/airflow/dags/predict.py took 1.824 seconds
[2026-01-31T03:01:38.228+0000] {processor.py:161} INFO - Started process (PID=18185) to work on /opt/airflow/dags/predict.py
[2026-01-31T03:01:38.228+0000] {processor.py:830} INFO - Processing file /opt/airflow/dags/predict.py for tasks to queue
[2026-01-31T03:01:38.229+0000] {logging_mixin.py:188} INFO - [2026-01-31T03:01:38.229+0000] {dagbag.py:545} INFO - Filling up the DagBag from /opt/airflow/dags/predict.py
[2026-01-31T03:01:39.943+0000] {logging_mixin.py:188} WARNING - /opt/airflow/dags/predict.py:34 RemovedInAirflow3Warning: Function `days_ago` is deprecated and will be removed in Airflow 3.0. You can achieve equivalent behavior with `pendulum.today('UTC').add(days=-N, ...)`
[2026-01-31T03:01:39.944+0000] {logging_mixin.py:188} WARNING - /opt/airflow/dags/predict.py:29 RemovedInAirflow3Warning: Param `schedule_interval` is deprecated and will be removed in a future release. Please use `schedule` instead.
[2026-01-31T03:01:39.947+0000] {processor.py:840} INFO - DAG(s) 'ml_prediction_pipeline' retrieved from /opt/airflow/dags/predict.py
[2026-01-31T03:01:39.963+0000] {logging_mixin.py:188} INFO - [2026-01-31T03:01:39.963+0000] {dag.py:3096} INFO - Sync 1 DAGs
[2026-01-31T03:01:39.977+0000] {logging_mixin.py:188} INFO - [2026-01-31T03:01:39.976+0000] {dag.py:3954} INFO - Setting next_dagrun for ml_prediction_pipeline to 2026-01-30 00:00:00+00:00, run_after=2026-01-31 00:00:00+00:00
[2026-01-31T03:01:39.993+0000] {processor.py:183} INFO - Processing /opt/airflow/dags/predict.py took 1.769 seconds
[2026-01-31T03:02:11.151+0000] {processor.py:161} INFO - Started process (PID=18232) to work on /opt/airflow/dags/predict.py
[2026-01-31T03:02:11.152+0000] {processor.py:830} INFO - Processing file /opt/airflow/dags/predict.py for tasks to queue
[2026-01-31T03:02:11.154+0000] {logging_mixin.py:188} INFO - [2026-01-31T03:02:11.154+0000] {dagbag.py:545} INFO - Filling up the DagBag from /opt/airflow/dags/predict.py
[2026-01-31T03:02:12.877+0000] {logging_mixin.py:188} WARNING - /opt/airflow/dags/predict.py:34 RemovedInAirflow3Warning: Function `days_ago` is deprecated and will be removed in Airflow 3.0. You can achieve equivalent behavior with `pendulum.today('UTC').add(days=-N, ...)`
[2026-01-31T03:02:12.878+0000] {logging_mixin.py:188} WARNING - /opt/airflow/dags/predict.py:29 RemovedInAirflow3Warning: Param `schedule_interval` is deprecated and will be removed in a future release. Please use `schedule` instead.
[2026-01-31T03:02:12.881+0000] {processor.py:840} INFO - DAG(s) 'ml_prediction_pipeline' retrieved from /opt/airflow/dags/predict.py
[2026-01-31T03:02:12.897+0000] {logging_mixin.py:188} INFO - [2026-01-31T03:02:12.897+0000] {dag.py:3096} INFO - Sync 1 DAGs
[2026-01-31T03:02:12.915+0000] {logging_mixin.py:188} INFO - [2026-01-31T03:02:12.915+0000] {dag.py:3954} INFO - Setting next_dagrun for ml_prediction_pipeline to 2026-01-30 00:00:00+00:00, run_after=2026-01-31 00:00:00+00:00
[2026-01-31T03:02:12.929+0000] {processor.py:183} INFO - Processing /opt/airflow/dags/predict.py took 1.783 seconds
[2026-01-31T03:02:44.095+0000] {processor.py:161} INFO - Started process (PID=18279) to work on /opt/airflow/dags/predict.py
[2026-01-31T03:02:44.096+0000] {processor.py:830} INFO - Processing file /opt/airflow/dags/predict.py for tasks to queue
[2026-01-31T03:02:44.098+0000] {logging_mixin.py:188} INFO - [2026-01-31T03:02:44.097+0000] {dagbag.py:545} INFO - Filling up the DagBag from /opt/airflow/dags/predict.py
[2026-01-31T03:02:46.259+0000] {logging_mixin.py:188} WARNING - /opt/airflow/dags/predict.py:34 RemovedInAirflow3Warning: Function `days_ago` is deprecated and will be removed in Airflow 3.0. You can achieve equivalent behavior with `pendulum.today('UTC').add(days=-N, ...)`
[2026-01-31T03:02:46.260+0000] {logging_mixin.py:188} WARNING - /opt/airflow/dags/predict.py:29 RemovedInAirflow3Warning: Param `schedule_interval` is deprecated and will be removed in a future release. Please use `schedule` instead.
[2026-01-31T03:02:46.264+0000] {processor.py:840} INFO - DAG(s) 'ml_prediction_pipeline' retrieved from /opt/airflow/dags/predict.py
[2026-01-31T03:02:46.288+0000] {logging_mixin.py:188} INFO - [2026-01-31T03:02:46.287+0000] {dag.py:3096} INFO - Sync 1 DAGs
[2026-01-31T03:02:46.309+0000] {logging_mixin.py:188} INFO - [2026-01-31T03:02:46.309+0000] {dag.py:3954} INFO - Setting next_dagrun for ml_prediction_pipeline to 2026-01-30 00:00:00+00:00, run_after=2026-01-31 00:00:00+00:00
[2026-01-31T03:02:46.326+0000] {processor.py:183} INFO - Processing /opt/airflow/dags/predict.py took 2.234 seconds
[2026-01-31T03:03:17.395+0000] {processor.py:161} INFO - Started process (PID=18325) to work on /opt/airflow/dags/predict.py
[2026-01-31T03:03:17.396+0000] {processor.py:830} INFO - Processing file /opt/airflow/dags/predict.py for tasks to queue
[2026-01-31T03:03:17.397+0000] {logging_mixin.py:188} INFO - [2026-01-31T03:03:17.397+0000] {dagbag.py:545} INFO - Filling up the DagBag from /opt/airflow/dags/predict.py
[2026-01-31T03:03:19.091+0000] {logging_mixin.py:188} WARNING - /opt/airflow/dags/predict.py:34 RemovedInAirflow3Warning: Function `days_ago` is deprecated and will be removed in Airflow 3.0. You can achieve equivalent behavior with `pendulum.today('UTC').add(days=-N, ...)`
[2026-01-31T03:03:19.092+0000] {logging_mixin.py:188} WARNING - /opt/airflow/dags/predict.py:29 RemovedInAirflow3Warning: Param `schedule_interval` is deprecated and will be removed in a future release. Please use `schedule` instead.
[2026-01-31T03:03:19.095+0000] {processor.py:840} INFO - DAG(s) 'ml_prediction_pipeline' retrieved from /opt/airflow/dags/predict.py
[2026-01-31T03:03:19.112+0000] {logging_mixin.py:188} INFO - [2026-01-31T03:03:19.112+0000] {dag.py:3096} INFO - Sync 1 DAGs
[2026-01-31T03:03:19.129+0000] {logging_mixin.py:188} INFO - [2026-01-31T03:03:19.129+0000] {dag.py:3954} INFO - Setting next_dagrun for ml_prediction_pipeline to 2026-01-30 00:00:00+00:00, run_after=2026-01-31 00:00:00+00:00
[2026-01-31T03:03:19.148+0000] {processor.py:183} INFO - Processing /opt/airflow/dags/predict.py took 1.757 seconds
[2026-01-31T06:59:45.415+0000] {processor.py:161} INFO - Started process (PID=18348) to work on /opt/airflow/dags/predict.py
[2026-01-31T06:59:45.416+0000] {processor.py:830} INFO - Processing file /opt/airflow/dags/predict.py for tasks to queue
[2026-01-31T06:59:45.428+0000] {logging_mixin.py:188} INFO - [2026-01-31T06:59:45.427+0000] {dagbag.py:545} INFO - Filling up the DagBag from /opt/airflow/dags/predict.py
[2026-01-31T06:59:51.299+0000] {logging_mixin.py:188} WARNING - /opt/airflow/dags/predict.py:34 RemovedInAirflow3Warning: Function `days_ago` is deprecated and will be removed in Airflow 3.0. You can achieve equivalent behavior with `pendulum.today('UTC').add(days=-N, ...)`
[2026-01-31T06:59:51.301+0000] {logging_mixin.py:188} WARNING - /opt/airflow/dags/predict.py:29 RemovedInAirflow3Warning: Param `schedule_interval` is deprecated and will be removed in a future release. Please use `schedule` instead.
[2026-01-31T06:59:51.310+0000] {processor.py:840} INFO - DAG(s) 'ml_prediction_pipeline' retrieved from /opt/airflow/dags/predict.py
[2026-01-31T06:59:51.342+0000] {logging_mixin.py:188} INFO - [2026-01-31T06:59:51.341+0000] {dag.py:3096} INFO - Sync 1 DAGs
[2026-01-31T06:59:51.368+0000] {logging_mixin.py:188} INFO - [2026-01-31T06:59:51.368+0000] {dag.py:3954} INFO - Setting next_dagrun for ml_prediction_pipeline to 2026-01-30 00:00:00+00:00, run_after=2026-01-31 00:00:00+00:00
[2026-01-31T06:59:51.394+0000] {processor.py:183} INFO - Processing /opt/airflow/dags/predict.py took 6.006 seconds
