[2026-01-31T01:01:40.065+0000] {processor.py:161} INFO - Started process (PID=7882) to work on /opt/airflow/dags/train.py
[2026-01-31T01:01:40.076+0000] {processor.py:830} INFO - Processing file /opt/airflow/dags/train.py for tasks to queue
[2026-01-31T01:01:40.079+0000] {logging_mixin.py:188} INFO - [2026-01-31T01:01:40.078+0000] {dagbag.py:545} INFO - Filling up the DagBag from /opt/airflow/dags/train.py
[2026-01-31T01:01:48.837+0000] {logging_mixin.py:188} INFO - [2026-01-31T01:01:48.837+0000] {__init__.py:537} WARNING - mkdir -p failed for path /home/airflow/.cache/matplotlib: [Errno 13] Permission denied: '/home/airflow/.cache/matplotlib'
[2026-01-31T01:01:48.839+0000] {logging_mixin.py:188} INFO - [2026-01-31T01:01:48.838+0000] {__init__.py:554} WARNING - Matplotlib created a temporary cache directory at /tmp/matplotlib-ild75r11 because there was an issue with the default path (/home/airflow/.cache/matplotlib); it is highly recommended to set the MPLCONFIGDIR environment variable to a writable directory, in particular to speed up the import of Matplotlib and to better support multiprocessing.
[2026-01-31T01:01:49.081+0000] {logging_mixin.py:188} INFO - [2026-01-31T01:01:49.080+0000] {font_manager.py:1639} INFO - generated new fontManager
[2026-01-31T01:01:49.364+0000] {logging_mixin.py:188} INFO - IP resolvido para MLflow: http://192.168.65.254:5000/
[2026-01-31T01:01:49.368+0000] {logging_mixin.py:188} WARNING - /opt/airflow/dags/train.py:37 RemovedInAirflow3Warning: Function `days_ago` is deprecated and will be removed in Airflow 3.0. You can achieve equivalent behavior with `pendulum.today('UTC').add(days=-N, ...)`
[2026-01-31T01:01:49.369+0000] {logging_mixin.py:188} WARNING - /opt/airflow/dags/train.py:32 RemovedInAirflow3Warning: Param `schedule_interval` is deprecated and will be removed in a future release. Please use `schedule` instead.
[2026-01-31T01:01:49.379+0000] {processor.py:840} INFO - DAG(s) 'ml_training_pipeline' retrieved from /opt/airflow/dags/train.py
[2026-01-31T01:01:49.559+0000] {logging_mixin.py:188} INFO - [2026-01-31T01:01:49.558+0000] {dag.py:3096} INFO - Sync 1 DAGs
[2026-01-31T01:01:49.586+0000] {logging_mixin.py:188} INFO - [2026-01-31T01:01:49.585+0000] {dag.py:3954} INFO - Setting next_dagrun for ml_training_pipeline to 2026-02-01 00:00:00+00:00, run_after=2026-02-08 00:00:00+00:00
[2026-01-31T01:01:49.631+0000] {processor.py:183} INFO - Processing /opt/airflow/dags/train.py took 9.930 seconds
[2026-01-31T01:02:19.994+0000] {processor.py:161} INFO - Started process (PID=7941) to work on /opt/airflow/dags/train.py
[2026-01-31T01:02:19.996+0000] {processor.py:830} INFO - Processing file /opt/airflow/dags/train.py for tasks to queue
[2026-01-31T01:02:19.998+0000] {logging_mixin.py:188} INFO - [2026-01-31T01:02:19.998+0000] {dagbag.py:545} INFO - Filling up the DagBag from /opt/airflow/dags/train.py
[2026-01-31T01:02:24.173+0000] {logging_mixin.py:188} INFO - [2026-01-31T01:02:24.172+0000] {__init__.py:537} WARNING - mkdir -p failed for path /home/airflow/.cache/matplotlib: [Errno 13] Permission denied: '/home/airflow/.cache/matplotlib'
[2026-01-31T01:02:24.174+0000] {logging_mixin.py:188} INFO - [2026-01-31T01:02:24.174+0000] {__init__.py:554} WARNING - Matplotlib created a temporary cache directory at /tmp/matplotlib-5u9j9erw because there was an issue with the default path (/home/airflow/.cache/matplotlib); it is highly recommended to set the MPLCONFIGDIR environment variable to a writable directory, in particular to speed up the import of Matplotlib and to better support multiprocessing.
[2026-01-31T01:02:24.311+0000] {logging_mixin.py:188} INFO - [2026-01-31T01:02:24.311+0000] {font_manager.py:1639} INFO - generated new fontManager
[2026-01-31T01:02:24.538+0000] {logging_mixin.py:188} INFO - IP resolvido para MLflow: http://192.168.65.254:5000/
[2026-01-31T01:02:24.541+0000] {logging_mixin.py:188} WARNING - /opt/airflow/dags/train.py:37 RemovedInAirflow3Warning: Function `days_ago` is deprecated and will be removed in Airflow 3.0. You can achieve equivalent behavior with `pendulum.today('UTC').add(days=-N, ...)`
[2026-01-31T01:02:24.542+0000] {logging_mixin.py:188} WARNING - /opt/airflow/dags/train.py:32 RemovedInAirflow3Warning: Param `schedule_interval` is deprecated and will be removed in a future release. Please use `schedule` instead.
[2026-01-31T01:02:24.547+0000] {processor.py:840} INFO - DAG(s) 'ml_training_pipeline' retrieved from /opt/airflow/dags/train.py
[2026-01-31T01:02:24.568+0000] {logging_mixin.py:188} INFO - [2026-01-31T01:02:24.568+0000] {dag.py:3096} INFO - Sync 1 DAGs
[2026-01-31T01:02:24.585+0000] {logging_mixin.py:188} INFO - [2026-01-31T01:02:24.585+0000] {dag.py:3954} INFO - Setting next_dagrun for ml_training_pipeline to 2026-02-01 00:00:00+00:00, run_after=2026-02-08 00:00:00+00:00
[2026-01-31T01:02:24.603+0000] {processor.py:183} INFO - Processing /opt/airflow/dags/train.py took 4.615 seconds
[2026-01-31T01:02:54.968+0000] {processor.py:161} INFO - Started process (PID=7996) to work on /opt/airflow/dags/train.py
[2026-01-31T01:02:54.969+0000] {processor.py:830} INFO - Processing file /opt/airflow/dags/train.py for tasks to queue
[2026-01-31T01:02:54.970+0000] {logging_mixin.py:188} INFO - [2026-01-31T01:02:54.970+0000] {dagbag.py:545} INFO - Filling up the DagBag from /opt/airflow/dags/train.py
[2026-01-31T01:02:57.407+0000] {logging_mixin.py:188} INFO - [2026-01-31T01:02:57.407+0000] {__init__.py:537} WARNING - mkdir -p failed for path /home/airflow/.cache/matplotlib: [Errno 13] Permission denied: '/home/airflow/.cache/matplotlib'
[2026-01-31T01:02:57.408+0000] {logging_mixin.py:188} INFO - [2026-01-31T01:02:57.407+0000] {__init__.py:554} WARNING - Matplotlib created a temporary cache directory at /tmp/matplotlib-r__c0cl6 because there was an issue with the default path (/home/airflow/.cache/matplotlib); it is highly recommended to set the MPLCONFIGDIR environment variable to a writable directory, in particular to speed up the import of Matplotlib and to better support multiprocessing.
[2026-01-31T01:02:57.517+0000] {logging_mixin.py:188} INFO - [2026-01-31T01:02:57.516+0000] {font_manager.py:1639} INFO - generated new fontManager
[2026-01-31T01:02:57.697+0000] {logging_mixin.py:188} INFO - IP resolvido para MLflow: http://192.168.65.254:5000/
[2026-01-31T01:02:57.700+0000] {logging_mixin.py:188} WARNING - /opt/airflow/dags/train.py:37 RemovedInAirflow3Warning: Function `days_ago` is deprecated and will be removed in Airflow 3.0. You can achieve equivalent behavior with `pendulum.today('UTC').add(days=-N, ...)`
[2026-01-31T01:02:57.701+0000] {logging_mixin.py:188} WARNING - /opt/airflow/dags/train.py:32 RemovedInAirflow3Warning: Param `schedule_interval` is deprecated and will be removed in a future release. Please use `schedule` instead.
[2026-01-31T01:02:57.706+0000] {processor.py:840} INFO - DAG(s) 'ml_training_pipeline' retrieved from /opt/airflow/dags/train.py
[2026-01-31T01:02:57.724+0000] {logging_mixin.py:188} INFO - [2026-01-31T01:02:57.724+0000] {dag.py:3096} INFO - Sync 1 DAGs
[2026-01-31T01:02:57.740+0000] {logging_mixin.py:188} INFO - [2026-01-31T01:02:57.740+0000] {dag.py:3954} INFO - Setting next_dagrun for ml_training_pipeline to 2026-02-01 00:00:00+00:00, run_after=2026-02-08 00:00:00+00:00
[2026-01-31T01:02:57.755+0000] {processor.py:183} INFO - Processing /opt/airflow/dags/train.py took 2.790 seconds
[2026-01-31T01:03:27.896+0000] {processor.py:161} INFO - Started process (PID=8043) to work on /opt/airflow/dags/train.py
[2026-01-31T01:03:27.898+0000] {processor.py:830} INFO - Processing file /opt/airflow/dags/train.py for tasks to queue
[2026-01-31T01:03:27.900+0000] {logging_mixin.py:188} INFO - [2026-01-31T01:03:27.900+0000] {dagbag.py:545} INFO - Filling up the DagBag from /opt/airflow/dags/train.py
[2026-01-31T01:03:30.402+0000] {logging_mixin.py:188} INFO - [2026-01-31T01:03:30.402+0000] {__init__.py:537} WARNING - mkdir -p failed for path /home/airflow/.cache/matplotlib: [Errno 13] Permission denied: '/home/airflow/.cache/matplotlib'
[2026-01-31T01:03:30.403+0000] {logging_mixin.py:188} INFO - [2026-01-31T01:03:30.403+0000] {__init__.py:554} WARNING - Matplotlib created a temporary cache directory at /tmp/matplotlib-gp21mme5 because there was an issue with the default path (/home/airflow/.cache/matplotlib); it is highly recommended to set the MPLCONFIGDIR environment variable to a writable directory, in particular to speed up the import of Matplotlib and to better support multiprocessing.
[2026-01-31T01:03:30.511+0000] {logging_mixin.py:188} INFO - [2026-01-31T01:03:30.511+0000] {font_manager.py:1639} INFO - generated new fontManager
[2026-01-31T01:03:30.673+0000] {logging_mixin.py:188} INFO - IP resolvido para MLflow: http://192.168.65.254:5000/
[2026-01-31T01:03:30.675+0000] {logging_mixin.py:188} WARNING - /opt/airflow/dags/train.py:37 RemovedInAirflow3Warning: Function `days_ago` is deprecated and will be removed in Airflow 3.0. You can achieve equivalent behavior with `pendulum.today('UTC').add(days=-N, ...)`
[2026-01-31T01:03:30.676+0000] {logging_mixin.py:188} WARNING - /opt/airflow/dags/train.py:32 RemovedInAirflow3Warning: Param `schedule_interval` is deprecated and will be removed in a future release. Please use `schedule` instead.
[2026-01-31T01:03:30.680+0000] {processor.py:840} INFO - DAG(s) 'ml_training_pipeline' retrieved from /opt/airflow/dags/train.py
[2026-01-31T01:03:30.696+0000] {logging_mixin.py:188} INFO - [2026-01-31T01:03:30.696+0000] {dag.py:3096} INFO - Sync 1 DAGs
[2026-01-31T01:03:30.708+0000] {logging_mixin.py:188} INFO - [2026-01-31T01:03:30.708+0000] {dag.py:3954} INFO - Setting next_dagrun for ml_training_pipeline to 2026-02-01 00:00:00+00:00, run_after=2026-02-08 00:00:00+00:00
[2026-01-31T01:03:30.720+0000] {processor.py:183} INFO - Processing /opt/airflow/dags/train.py took 2.828 seconds
[2026-01-31T01:04:01.118+0000] {processor.py:161} INFO - Started process (PID=8090) to work on /opt/airflow/dags/train.py
[2026-01-31T01:04:01.118+0000] {processor.py:830} INFO - Processing file /opt/airflow/dags/train.py for tasks to queue
[2026-01-31T01:04:01.120+0000] {logging_mixin.py:188} INFO - [2026-01-31T01:04:01.120+0000] {dagbag.py:545} INFO - Filling up the DagBag from /opt/airflow/dags/train.py
[2026-01-31T01:04:03.269+0000] {logging_mixin.py:188} INFO - [2026-01-31T01:04:03.269+0000] {__init__.py:537} WARNING - mkdir -p failed for path /home/airflow/.cache/matplotlib: [Errno 13] Permission denied: '/home/airflow/.cache/matplotlib'
[2026-01-31T01:04:03.270+0000] {logging_mixin.py:188} INFO - [2026-01-31T01:04:03.270+0000] {__init__.py:554} WARNING - Matplotlib created a temporary cache directory at /tmp/matplotlib-klp7obsp because there was an issue with the default path (/home/airflow/.cache/matplotlib); it is highly recommended to set the MPLCONFIGDIR environment variable to a writable directory, in particular to speed up the import of Matplotlib and to better support multiprocessing.
[2026-01-31T01:04:03.358+0000] {logging_mixin.py:188} INFO - [2026-01-31T01:04:03.357+0000] {font_manager.py:1639} INFO - generated new fontManager
[2026-01-31T01:04:03.501+0000] {logging_mixin.py:188} INFO - IP resolvido para MLflow: http://192.168.65.254:5000/
[2026-01-31T01:04:03.503+0000] {logging_mixin.py:188} WARNING - /opt/airflow/dags/train.py:37 RemovedInAirflow3Warning: Function `days_ago` is deprecated and will be removed in Airflow 3.0. You can achieve equivalent behavior with `pendulum.today('UTC').add(days=-N, ...)`
[2026-01-31T01:04:03.504+0000] {logging_mixin.py:188} WARNING - /opt/airflow/dags/train.py:32 RemovedInAirflow3Warning: Param `schedule_interval` is deprecated and will be removed in a future release. Please use `schedule` instead.
[2026-01-31T01:04:03.507+0000] {processor.py:840} INFO - DAG(s) 'ml_training_pipeline' retrieved from /opt/airflow/dags/train.py
[2026-01-31T01:04:03.524+0000] {logging_mixin.py:188} INFO - [2026-01-31T01:04:03.523+0000] {dag.py:3096} INFO - Sync 1 DAGs
[2026-01-31T01:04:03.538+0000] {logging_mixin.py:188} INFO - [2026-01-31T01:04:03.538+0000] {dag.py:3954} INFO - Setting next_dagrun for ml_training_pipeline to 2026-02-01 00:00:00+00:00, run_after=2026-02-08 00:00:00+00:00
[2026-01-31T01:04:03.551+0000] {processor.py:183} INFO - Processing /opt/airflow/dags/train.py took 2.438 seconds
[2026-01-31T01:04:34.184+0000] {processor.py:161} INFO - Started process (PID=8137) to work on /opt/airflow/dags/train.py
[2026-01-31T01:04:34.186+0000] {processor.py:830} INFO - Processing file /opt/airflow/dags/train.py for tasks to queue
[2026-01-31T01:04:34.187+0000] {logging_mixin.py:188} INFO - [2026-01-31T01:04:34.187+0000] {dagbag.py:545} INFO - Filling up the DagBag from /opt/airflow/dags/train.py
[2026-01-31T01:04:36.473+0000] {logging_mixin.py:188} INFO - [2026-01-31T01:04:36.473+0000] {__init__.py:537} WARNING - mkdir -p failed for path /home/airflow/.cache/matplotlib: [Errno 13] Permission denied: '/home/airflow/.cache/matplotlib'
[2026-01-31T01:04:36.474+0000] {logging_mixin.py:188} INFO - [2026-01-31T01:04:36.474+0000] {__init__.py:554} WARNING - Matplotlib created a temporary cache directory at /tmp/matplotlib-ax_icpki because there was an issue with the default path (/home/airflow/.cache/matplotlib); it is highly recommended to set the MPLCONFIGDIR environment variable to a writable directory, in particular to speed up the import of Matplotlib and to better support multiprocessing.
[2026-01-31T01:04:36.569+0000] {logging_mixin.py:188} INFO - [2026-01-31T01:04:36.568+0000] {font_manager.py:1639} INFO - generated new fontManager
[2026-01-31T01:04:36.717+0000] {logging_mixin.py:188} INFO - IP resolvido para MLflow: http://192.168.65.254:5000/
[2026-01-31T01:04:36.719+0000] {logging_mixin.py:188} WARNING - /opt/airflow/dags/train.py:37 RemovedInAirflow3Warning: Function `days_ago` is deprecated and will be removed in Airflow 3.0. You can achieve equivalent behavior with `pendulum.today('UTC').add(days=-N, ...)`
[2026-01-31T01:04:36.720+0000] {logging_mixin.py:188} WARNING - /opt/airflow/dags/train.py:32 RemovedInAirflow3Warning: Param `schedule_interval` is deprecated and will be removed in a future release. Please use `schedule` instead.
[2026-01-31T01:04:36.724+0000] {processor.py:840} INFO - DAG(s) 'ml_training_pipeline' retrieved from /opt/airflow/dags/train.py
[2026-01-31T01:04:36.745+0000] {logging_mixin.py:188} INFO - [2026-01-31T01:04:36.744+0000] {dag.py:3096} INFO - Sync 1 DAGs
[2026-01-31T01:04:36.760+0000] {logging_mixin.py:188} INFO - [2026-01-31T01:04:36.760+0000] {dag.py:3954} INFO - Setting next_dagrun for ml_training_pipeline to 2026-02-01 00:00:00+00:00, run_after=2026-02-08 00:00:00+00:00
[2026-01-31T01:04:36.774+0000] {processor.py:183} INFO - Processing /opt/airflow/dags/train.py took 2.594 seconds
[2026-01-31T01:05:06.826+0000] {processor.py:161} INFO - Started process (PID=8184) to work on /opt/airflow/dags/train.py
[2026-01-31T01:05:06.827+0000] {processor.py:830} INFO - Processing file /opt/airflow/dags/train.py for tasks to queue
[2026-01-31T01:05:06.829+0000] {logging_mixin.py:188} INFO - [2026-01-31T01:05:06.829+0000] {dagbag.py:545} INFO - Filling up the DagBag from /opt/airflow/dags/train.py
[2026-01-31T01:05:09.268+0000] {logging_mixin.py:188} INFO - [2026-01-31T01:05:09.267+0000] {__init__.py:537} WARNING - mkdir -p failed for path /home/airflow/.cache/matplotlib: [Errno 13] Permission denied: '/home/airflow/.cache/matplotlib'
[2026-01-31T01:05:09.271+0000] {logging_mixin.py:188} INFO - [2026-01-31T01:05:09.271+0000] {__init__.py:554} WARNING - Matplotlib created a temporary cache directory at /tmp/matplotlib-xyfy8y5m because there was an issue with the default path (/home/airflow/.cache/matplotlib); it is highly recommended to set the MPLCONFIGDIR environment variable to a writable directory, in particular to speed up the import of Matplotlib and to better support multiprocessing.
[2026-01-31T01:05:09.362+0000] {logging_mixin.py:188} INFO - [2026-01-31T01:05:09.362+0000] {font_manager.py:1639} INFO - generated new fontManager
[2026-01-31T01:05:09.497+0000] {logging_mixin.py:188} INFO - IP resolvido para MLflow: http://192.168.65.254:5000/
[2026-01-31T01:05:09.499+0000] {logging_mixin.py:188} WARNING - /opt/airflow/dags/train.py:37 RemovedInAirflow3Warning: Function `days_ago` is deprecated and will be removed in Airflow 3.0. You can achieve equivalent behavior with `pendulum.today('UTC').add(days=-N, ...)`
[2026-01-31T01:05:09.500+0000] {logging_mixin.py:188} WARNING - /opt/airflow/dags/train.py:32 RemovedInAirflow3Warning: Param `schedule_interval` is deprecated and will be removed in a future release. Please use `schedule` instead.
[2026-01-31T01:05:09.503+0000] {processor.py:840} INFO - DAG(s) 'ml_training_pipeline' retrieved from /opt/airflow/dags/train.py
[2026-01-31T01:05:09.517+0000] {logging_mixin.py:188} INFO - [2026-01-31T01:05:09.517+0000] {dag.py:3096} INFO - Sync 1 DAGs
[2026-01-31T01:05:09.528+0000] {logging_mixin.py:188} INFO - [2026-01-31T01:05:09.528+0000] {dag.py:3954} INFO - Setting next_dagrun for ml_training_pipeline to 2026-02-01 00:00:00+00:00, run_after=2026-02-08 00:00:00+00:00
[2026-01-31T01:05:09.539+0000] {processor.py:183} INFO - Processing /opt/airflow/dags/train.py took 2.717 seconds
[2026-01-31T01:05:39.872+0000] {processor.py:161} INFO - Started process (PID=8231) to work on /opt/airflow/dags/train.py
[2026-01-31T01:05:39.873+0000] {processor.py:830} INFO - Processing file /opt/airflow/dags/train.py for tasks to queue
[2026-01-31T01:05:39.874+0000] {logging_mixin.py:188} INFO - [2026-01-31T01:05:39.874+0000] {dagbag.py:545} INFO - Filling up the DagBag from /opt/airflow/dags/train.py
[2026-01-31T01:05:42.047+0000] {logging_mixin.py:188} INFO - [2026-01-31T01:05:42.047+0000] {__init__.py:537} WARNING - mkdir -p failed for path /home/airflow/.cache/matplotlib: [Errno 13] Permission denied: '/home/airflow/.cache/matplotlib'
[2026-01-31T01:05:42.048+0000] {logging_mixin.py:188} INFO - [2026-01-31T01:05:42.048+0000] {__init__.py:554} WARNING - Matplotlib created a temporary cache directory at /tmp/matplotlib-ngz3sfua because there was an issue with the default path (/home/airflow/.cache/matplotlib); it is highly recommended to set the MPLCONFIGDIR environment variable to a writable directory, in particular to speed up the import of Matplotlib and to better support multiprocessing.
[2026-01-31T01:05:42.133+0000] {logging_mixin.py:188} INFO - [2026-01-31T01:05:42.133+0000] {font_manager.py:1639} INFO - generated new fontManager
[2026-01-31T01:05:42.735+0000] {logging_mixin.py:188} INFO - IP resolvido para MLflow: http://192.168.65.254:5000/
[2026-01-31T01:05:42.738+0000] {logging_mixin.py:188} WARNING - /opt/airflow/dags/train.py:37 RemovedInAirflow3Warning: Function `days_ago` is deprecated and will be removed in Airflow 3.0. You can achieve equivalent behavior with `pendulum.today('UTC').add(days=-N, ...)`
[2026-01-31T01:05:42.738+0000] {logging_mixin.py:188} WARNING - /opt/airflow/dags/train.py:32 RemovedInAirflow3Warning: Param `schedule_interval` is deprecated and will be removed in a future release. Please use `schedule` instead.
[2026-01-31T01:05:42.742+0000] {processor.py:840} INFO - DAG(s) 'ml_training_pipeline' retrieved from /opt/airflow/dags/train.py
[2026-01-31T01:05:42.757+0000] {logging_mixin.py:188} INFO - [2026-01-31T01:05:42.757+0000] {dag.py:3096} INFO - Sync 1 DAGs
[2026-01-31T01:05:42.769+0000] {logging_mixin.py:188} INFO - [2026-01-31T01:05:42.768+0000] {dag.py:3954} INFO - Setting next_dagrun for ml_training_pipeline to 2026-02-01 00:00:00+00:00, run_after=2026-02-08 00:00:00+00:00
[2026-01-31T01:05:42.782+0000] {processor.py:183} INFO - Processing /opt/airflow/dags/train.py took 2.458 seconds
[2026-01-31T01:06:12.951+0000] {processor.py:161} INFO - Started process (PID=8278) to work on /opt/airflow/dags/train.py
[2026-01-31T01:06:12.953+0000] {processor.py:830} INFO - Processing file /opt/airflow/dags/train.py for tasks to queue
[2026-01-31T01:06:12.954+0000] {logging_mixin.py:188} INFO - [2026-01-31T01:06:12.954+0000] {dagbag.py:545} INFO - Filling up the DagBag from /opt/airflow/dags/train.py
[2026-01-31T01:06:17.321+0000] {logging_mixin.py:188} INFO - [2026-01-31T01:06:17.321+0000] {__init__.py:537} WARNING - mkdir -p failed for path /home/airflow/.cache/matplotlib: [Errno 13] Permission denied: '/home/airflow/.cache/matplotlib'
[2026-01-31T01:06:17.321+0000] {logging_mixin.py:188} INFO - [2026-01-31T01:06:17.321+0000] {__init__.py:554} WARNING - Matplotlib created a temporary cache directory at /tmp/matplotlib-rqu1hxih because there was an issue with the default path (/home/airflow/.cache/matplotlib); it is highly recommended to set the MPLCONFIGDIR environment variable to a writable directory, in particular to speed up the import of Matplotlib and to better support multiprocessing.
[2026-01-31T01:06:17.403+0000] {logging_mixin.py:188} INFO - [2026-01-31T01:06:17.403+0000] {font_manager.py:1639} INFO - generated new fontManager
[2026-01-31T01:06:17.533+0000] {logging_mixin.py:188} INFO - IP resolvido para MLflow: http://192.168.65.254:5000/
[2026-01-31T01:06:17.536+0000] {logging_mixin.py:188} WARNING - /opt/airflow/dags/train.py:37 RemovedInAirflow3Warning: Function `days_ago` is deprecated and will be removed in Airflow 3.0. You can achieve equivalent behavior with `pendulum.today('UTC').add(days=-N, ...)`
[2026-01-31T01:06:17.536+0000] {logging_mixin.py:188} WARNING - /opt/airflow/dags/train.py:32 RemovedInAirflow3Warning: Param `schedule_interval` is deprecated and will be removed in a future release. Please use `schedule` instead.
[2026-01-31T01:06:17.540+0000] {processor.py:840} INFO - DAG(s) 'ml_training_pipeline' retrieved from /opt/airflow/dags/train.py
[2026-01-31T01:06:17.556+0000] {logging_mixin.py:188} INFO - [2026-01-31T01:06:17.556+0000] {dag.py:3096} INFO - Sync 1 DAGs
[2026-01-31T01:06:17.568+0000] {logging_mixin.py:188} INFO - [2026-01-31T01:06:17.568+0000] {dag.py:3954} INFO - Setting next_dagrun for ml_training_pipeline to 2026-02-01 00:00:00+00:00, run_after=2026-02-08 00:00:00+00:00
[2026-01-31T01:06:17.579+0000] {processor.py:183} INFO - Processing /opt/airflow/dags/train.py took 2.410 seconds
[2026-01-31T01:06:49.442+0000] {processor.py:161} INFO - Started process (PID=8325) to work on /opt/airflow/dags/train.py
[2026-01-31T01:06:49.444+0000] {processor.py:830} INFO - Processing file /opt/airflow/dags/train.py for tasks to queue
[2026-01-31T01:06:49.445+0000] {logging_mixin.py:188} INFO - [2026-01-31T01:06:49.445+0000] {dagbag.py:545} INFO - Filling up the DagBag from /opt/airflow/dags/train.py
[2026-01-31T01:06:51.731+0000] {logging_mixin.py:188} INFO - [2026-01-31T01:06:51.731+0000] {__init__.py:537} WARNING - mkdir -p failed for path /home/airflow/.cache/matplotlib: [Errno 13] Permission denied: '/home/airflow/.cache/matplotlib'
[2026-01-31T01:06:51.732+0000] {logging_mixin.py:188} INFO - [2026-01-31T01:06:51.732+0000] {__init__.py:554} WARNING - Matplotlib created a temporary cache directory at /tmp/matplotlib-h4wew1jz because there was an issue with the default path (/home/airflow/.cache/matplotlib); it is highly recommended to set the MPLCONFIGDIR environment variable to a writable directory, in particular to speed up the import of Matplotlib and to better support multiprocessing.
[2026-01-31T01:06:51.820+0000] {logging_mixin.py:188} INFO - [2026-01-31T01:06:51.820+0000] {font_manager.py:1639} INFO - generated new fontManager
[2026-01-31T01:06:51.953+0000] {logging_mixin.py:188} INFO - IP resolvido para MLflow: http://192.168.65.254:5000/
[2026-01-31T01:06:51.955+0000] {logging_mixin.py:188} WARNING - /opt/airflow/dags/train.py:37 RemovedInAirflow3Warning: Function `days_ago` is deprecated and will be removed in Airflow 3.0. You can achieve equivalent behavior with `pendulum.today('UTC').add(days=-N, ...)`
[2026-01-31T01:06:51.956+0000] {logging_mixin.py:188} WARNING - /opt/airflow/dags/train.py:32 RemovedInAirflow3Warning: Param `schedule_interval` is deprecated and will be removed in a future release. Please use `schedule` instead.
[2026-01-31T01:06:51.959+0000] {processor.py:840} INFO - DAG(s) 'ml_training_pipeline' retrieved from /opt/airflow/dags/train.py
[2026-01-31T01:06:51.974+0000] {logging_mixin.py:188} INFO - [2026-01-31T01:06:51.974+0000] {dag.py:3096} INFO - Sync 1 DAGs
[2026-01-31T01:06:51.985+0000] {logging_mixin.py:188} INFO - [2026-01-31T01:06:51.985+0000] {dag.py:3954} INFO - Setting next_dagrun for ml_training_pipeline to 2026-02-01 00:00:00+00:00, run_after=2026-02-08 00:00:00+00:00
[2026-01-31T01:06:51.998+0000] {processor.py:183} INFO - Processing /opt/airflow/dags/train.py took 2.560 seconds
[2026-01-31T01:07:22.508+0000] {processor.py:161} INFO - Started process (PID=8372) to work on /opt/airflow/dags/train.py
[2026-01-31T01:07:22.509+0000] {processor.py:830} INFO - Processing file /opt/airflow/dags/train.py for tasks to queue
[2026-01-31T01:07:22.510+0000] {logging_mixin.py:188} INFO - [2026-01-31T01:07:22.510+0000] {dagbag.py:545} INFO - Filling up the DagBag from /opt/airflow/dags/train.py
[2026-01-31T01:07:24.802+0000] {logging_mixin.py:188} INFO - [2026-01-31T01:07:24.802+0000] {__init__.py:537} WARNING - mkdir -p failed for path /home/airflow/.cache/matplotlib: [Errno 13] Permission denied: '/home/airflow/.cache/matplotlib'
[2026-01-31T01:07:24.803+0000] {logging_mixin.py:188} INFO - [2026-01-31T01:07:24.803+0000] {__init__.py:554} WARNING - Matplotlib created a temporary cache directory at /tmp/matplotlib-hmedniue because there was an issue with the default path (/home/airflow/.cache/matplotlib); it is highly recommended to set the MPLCONFIGDIR environment variable to a writable directory, in particular to speed up the import of Matplotlib and to better support multiprocessing.
[2026-01-31T01:07:24.886+0000] {logging_mixin.py:188} INFO - [2026-01-31T01:07:24.886+0000] {font_manager.py:1639} INFO - generated new fontManager
[2026-01-31T01:07:25.022+0000] {logging_mixin.py:188} INFO - IP resolvido para MLflow: http://192.168.65.254:5000/
[2026-01-31T01:07:25.024+0000] {logging_mixin.py:188} WARNING - /opt/airflow/dags/train.py:37 RemovedInAirflow3Warning: Function `days_ago` is deprecated and will be removed in Airflow 3.0. You can achieve equivalent behavior with `pendulum.today('UTC').add(days=-N, ...)`
[2026-01-31T01:07:25.025+0000] {logging_mixin.py:188} WARNING - /opt/airflow/dags/train.py:32 RemovedInAirflow3Warning: Param `schedule_interval` is deprecated and will be removed in a future release. Please use `schedule` instead.
[2026-01-31T01:07:25.029+0000] {processor.py:840} INFO - DAG(s) 'ml_training_pipeline' retrieved from /opt/airflow/dags/train.py
[2026-01-31T01:07:25.044+0000] {logging_mixin.py:188} INFO - [2026-01-31T01:07:25.043+0000] {dag.py:3096} INFO - Sync 1 DAGs
[2026-01-31T01:07:25.057+0000] {logging_mixin.py:188} INFO - [2026-01-31T01:07:25.057+0000] {dag.py:3954} INFO - Setting next_dagrun for ml_training_pipeline to 2026-02-01 00:00:00+00:00, run_after=2026-02-08 00:00:00+00:00
[2026-01-31T01:07:25.073+0000] {processor.py:183} INFO - Processing /opt/airflow/dags/train.py took 2.569 seconds
[2026-01-31T01:07:55.493+0000] {processor.py:161} INFO - Started process (PID=8419) to work on /opt/airflow/dags/train.py
[2026-01-31T01:07:55.496+0000] {processor.py:830} INFO - Processing file /opt/airflow/dags/train.py for tasks to queue
[2026-01-31T01:07:55.497+0000] {logging_mixin.py:188} INFO - [2026-01-31T01:07:55.497+0000] {dagbag.py:545} INFO - Filling up the DagBag from /opt/airflow/dags/train.py
[2026-01-31T01:07:57.829+0000] {logging_mixin.py:188} INFO - [2026-01-31T01:07:57.829+0000] {__init__.py:537} WARNING - mkdir -p failed for path /home/airflow/.cache/matplotlib: [Errno 13] Permission denied: '/home/airflow/.cache/matplotlib'
[2026-01-31T01:07:57.830+0000] {logging_mixin.py:188} INFO - [2026-01-31T01:07:57.830+0000] {__init__.py:554} WARNING - Matplotlib created a temporary cache directory at /tmp/matplotlib-ikzvr186 because there was an issue with the default path (/home/airflow/.cache/matplotlib); it is highly recommended to set the MPLCONFIGDIR environment variable to a writable directory, in particular to speed up the import of Matplotlib and to better support multiprocessing.
[2026-01-31T01:07:57.920+0000] {logging_mixin.py:188} INFO - [2026-01-31T01:07:57.920+0000] {font_manager.py:1639} INFO - generated new fontManager
[2026-01-31T01:07:58.059+0000] {logging_mixin.py:188} INFO - IP resolvido para MLflow: http://192.168.65.254:5000/
[2026-01-31T01:07:58.062+0000] {logging_mixin.py:188} WARNING - /opt/airflow/dags/train.py:37 RemovedInAirflow3Warning: Function `days_ago` is deprecated and will be removed in Airflow 3.0. You can achieve equivalent behavior with `pendulum.today('UTC').add(days=-N, ...)`
[2026-01-31T01:07:58.062+0000] {logging_mixin.py:188} WARNING - /opt/airflow/dags/train.py:32 RemovedInAirflow3Warning: Param `schedule_interval` is deprecated and will be removed in a future release. Please use `schedule` instead.
[2026-01-31T01:07:58.066+0000] {processor.py:840} INFO - DAG(s) 'ml_training_pipeline' retrieved from /opt/airflow/dags/train.py
[2026-01-31T01:07:58.084+0000] {logging_mixin.py:188} INFO - [2026-01-31T01:07:58.084+0000] {dag.py:3096} INFO - Sync 1 DAGs
[2026-01-31T01:07:58.097+0000] {logging_mixin.py:188} INFO - [2026-01-31T01:07:58.097+0000] {dag.py:3954} INFO - Setting next_dagrun for ml_training_pipeline to 2026-02-01 00:00:00+00:00, run_after=2026-02-08 00:00:00+00:00
[2026-01-31T01:07:58.109+0000] {processor.py:183} INFO - Processing /opt/airflow/dags/train.py took 2.620 seconds
[2026-01-31T01:08:28.149+0000] {processor.py:161} INFO - Started process (PID=8467) to work on /opt/airflow/dags/train.py
[2026-01-31T01:08:28.150+0000] {processor.py:830} INFO - Processing file /opt/airflow/dags/train.py for tasks to queue
[2026-01-31T01:08:28.152+0000] {logging_mixin.py:188} INFO - [2026-01-31T01:08:28.152+0000] {dagbag.py:545} INFO - Filling up the DagBag from /opt/airflow/dags/train.py
[2026-01-31T01:08:30.483+0000] {logging_mixin.py:188} INFO - [2026-01-31T01:08:30.483+0000] {__init__.py:537} WARNING - mkdir -p failed for path /home/airflow/.cache/matplotlib: [Errno 13] Permission denied: '/home/airflow/.cache/matplotlib'
[2026-01-31T01:08:30.484+0000] {logging_mixin.py:188} INFO - [2026-01-31T01:08:30.484+0000] {__init__.py:554} WARNING - Matplotlib created a temporary cache directory at /tmp/matplotlib-z096aoc8 because there was an issue with the default path (/home/airflow/.cache/matplotlib); it is highly recommended to set the MPLCONFIGDIR environment variable to a writable directory, in particular to speed up the import of Matplotlib and to better support multiprocessing.
[2026-01-31T01:08:30.571+0000] {logging_mixin.py:188} INFO - [2026-01-31T01:08:30.571+0000] {font_manager.py:1639} INFO - generated new fontManager
[2026-01-31T01:08:30.711+0000] {logging_mixin.py:188} INFO - IP resolvido para MLflow: http://192.168.65.254:5000/
[2026-01-31T01:08:30.713+0000] {logging_mixin.py:188} WARNING - /opt/airflow/dags/train.py:37 RemovedInAirflow3Warning: Function `days_ago` is deprecated and will be removed in Airflow 3.0. You can achieve equivalent behavior with `pendulum.today('UTC').add(days=-N, ...)`
[2026-01-31T01:08:30.714+0000] {logging_mixin.py:188} WARNING - /opt/airflow/dags/train.py:32 RemovedInAirflow3Warning: Param `schedule_interval` is deprecated and will be removed in a future release. Please use `schedule` instead.
[2026-01-31T01:08:30.717+0000] {processor.py:840} INFO - DAG(s) 'ml_training_pipeline' retrieved from /opt/airflow/dags/train.py
[2026-01-31T01:08:30.734+0000] {logging_mixin.py:188} INFO - [2026-01-31T01:08:30.733+0000] {dag.py:3096} INFO - Sync 1 DAGs
[2026-01-31T01:08:30.745+0000] {logging_mixin.py:188} INFO - [2026-01-31T01:08:30.745+0000] {dag.py:3954} INFO - Setting next_dagrun for ml_training_pipeline to 2026-02-01 00:00:00+00:00, run_after=2026-02-08 00:00:00+00:00
[2026-01-31T01:08:30.758+0000] {processor.py:183} INFO - Processing /opt/airflow/dags/train.py took 2.615 seconds
[2026-01-31T01:09:00.894+0000] {processor.py:161} INFO - Started process (PID=8514) to work on /opt/airflow/dags/train.py
[2026-01-31T01:09:00.897+0000] {processor.py:830} INFO - Processing file /opt/airflow/dags/train.py for tasks to queue
[2026-01-31T01:09:00.898+0000] {logging_mixin.py:188} INFO - [2026-01-31T01:09:00.898+0000] {dagbag.py:545} INFO - Filling up the DagBag from /opt/airflow/dags/train.py
[2026-01-31T01:09:03.029+0000] {logging_mixin.py:188} INFO - [2026-01-31T01:09:03.029+0000] {__init__.py:537} WARNING - mkdir -p failed for path /home/airflow/.cache/matplotlib: [Errno 13] Permission denied: '/home/airflow/.cache/matplotlib'
[2026-01-31T01:09:03.030+0000] {logging_mixin.py:188} INFO - [2026-01-31T01:09:03.029+0000] {__init__.py:554} WARNING - Matplotlib created a temporary cache directory at /tmp/matplotlib-s1jc6do_ because there was an issue with the default path (/home/airflow/.cache/matplotlib); it is highly recommended to set the MPLCONFIGDIR environment variable to a writable directory, in particular to speed up the import of Matplotlib and to better support multiprocessing.
[2026-01-31T01:09:03.110+0000] {logging_mixin.py:188} INFO - [2026-01-31T01:09:03.110+0000] {font_manager.py:1639} INFO - generated new fontManager
[2026-01-31T01:09:03.246+0000] {logging_mixin.py:188} INFO - IP resolvido para MLflow: http://192.168.65.254:5000/
[2026-01-31T01:09:03.248+0000] {logging_mixin.py:188} WARNING - /opt/airflow/dags/train.py:37 RemovedInAirflow3Warning: Function `days_ago` is deprecated and will be removed in Airflow 3.0. You can achieve equivalent behavior with `pendulum.today('UTC').add(days=-N, ...)`
[2026-01-31T01:09:03.249+0000] {logging_mixin.py:188} WARNING - /opt/airflow/dags/train.py:32 RemovedInAirflow3Warning: Param `schedule_interval` is deprecated and will be removed in a future release. Please use `schedule` instead.
[2026-01-31T01:09:03.255+0000] {processor.py:840} INFO - DAG(s) 'ml_training_pipeline' retrieved from /opt/airflow/dags/train.py
[2026-01-31T01:09:03.279+0000] {logging_mixin.py:188} INFO - [2026-01-31T01:09:03.278+0000] {dag.py:3096} INFO - Sync 1 DAGs
[2026-01-31T01:09:03.296+0000] {logging_mixin.py:188} INFO - [2026-01-31T01:09:03.296+0000] {dag.py:3954} INFO - Setting next_dagrun for ml_training_pipeline to 2026-02-01 00:00:00+00:00, run_after=2026-02-08 00:00:00+00:00
[2026-01-31T01:09:03.311+0000] {processor.py:183} INFO - Processing /opt/airflow/dags/train.py took 2.421 seconds
[2026-01-31T01:09:33.496+0000] {processor.py:161} INFO - Started process (PID=8567) to work on /opt/airflow/dags/train.py
[2026-01-31T01:09:33.497+0000] {processor.py:830} INFO - Processing file /opt/airflow/dags/train.py for tasks to queue
[2026-01-31T01:09:33.498+0000] {logging_mixin.py:188} INFO - [2026-01-31T01:09:33.498+0000] {dagbag.py:545} INFO - Filling up the DagBag from /opt/airflow/dags/train.py
[2026-01-31T01:09:36.017+0000] {logging_mixin.py:188} INFO - [2026-01-31T01:09:36.017+0000] {__init__.py:537} WARNING - mkdir -p failed for path /home/airflow/.cache/matplotlib: [Errno 13] Permission denied: '/home/airflow/.cache/matplotlib'
[2026-01-31T01:09:36.018+0000] {logging_mixin.py:188} INFO - [2026-01-31T01:09:36.018+0000] {__init__.py:554} WARNING - Matplotlib created a temporary cache directory at /tmp/matplotlib-1y2re5pr because there was an issue with the default path (/home/airflow/.cache/matplotlib); it is highly recommended to set the MPLCONFIGDIR environment variable to a writable directory, in particular to speed up the import of Matplotlib and to better support multiprocessing.
[2026-01-31T01:09:36.106+0000] {logging_mixin.py:188} INFO - [2026-01-31T01:09:36.106+0000] {font_manager.py:1639} INFO - generated new fontManager
[2026-01-31T01:09:36.249+0000] {logging_mixin.py:188} INFO - IP resolvido para MLflow: http://192.168.65.254:5000/
[2026-01-31T01:09:36.252+0000] {logging_mixin.py:188} WARNING - /opt/airflow/dags/train.py:37 RemovedInAirflow3Warning: Function `days_ago` is deprecated and will be removed in Airflow 3.0. You can achieve equivalent behavior with `pendulum.today('UTC').add(days=-N, ...)`
[2026-01-31T01:09:36.252+0000] {logging_mixin.py:188} WARNING - /opt/airflow/dags/train.py:32 RemovedInAirflow3Warning: Param `schedule_interval` is deprecated and will be removed in a future release. Please use `schedule` instead.
[2026-01-31T01:09:36.256+0000] {processor.py:840} INFO - DAG(s) 'ml_training_pipeline' retrieved from /opt/airflow/dags/train.py
[2026-01-31T01:09:36.270+0000] {logging_mixin.py:188} INFO - [2026-01-31T01:09:36.269+0000] {dag.py:3096} INFO - Sync 1 DAGs
[2026-01-31T01:09:36.281+0000] {logging_mixin.py:188} INFO - [2026-01-31T01:09:36.281+0000] {dag.py:3954} INFO - Setting next_dagrun for ml_training_pipeline to 2026-02-01 00:00:00+00:00, run_after=2026-02-08 00:00:00+00:00
[2026-01-31T01:09:36.294+0000] {processor.py:183} INFO - Processing /opt/airflow/dags/train.py took 2.803 seconds
[2026-01-31T01:10:06.327+0000] {processor.py:161} INFO - Started process (PID=8614) to work on /opt/airflow/dags/train.py
[2026-01-31T01:10:06.330+0000] {processor.py:830} INFO - Processing file /opt/airflow/dags/train.py for tasks to queue
[2026-01-31T01:10:06.332+0000] {logging_mixin.py:188} INFO - [2026-01-31T01:10:06.331+0000] {dagbag.py:545} INFO - Filling up the DagBag from /opt/airflow/dags/train.py
[2026-01-31T01:10:08.582+0000] {logging_mixin.py:188} INFO - [2026-01-31T01:10:08.582+0000] {__init__.py:537} WARNING - mkdir -p failed for path /home/airflow/.cache/matplotlib: [Errno 13] Permission denied: '/home/airflow/.cache/matplotlib'
[2026-01-31T01:10:08.582+0000] {logging_mixin.py:188} INFO - [2026-01-31T01:10:08.582+0000] {__init__.py:554} WARNING - Matplotlib created a temporary cache directory at /tmp/matplotlib-fettc86u because there was an issue with the default path (/home/airflow/.cache/matplotlib); it is highly recommended to set the MPLCONFIGDIR environment variable to a writable directory, in particular to speed up the import of Matplotlib and to better support multiprocessing.
[2026-01-31T01:10:08.658+0000] {logging_mixin.py:188} INFO - [2026-01-31T01:10:08.658+0000] {font_manager.py:1639} INFO - generated new fontManager
[2026-01-31T01:10:08.783+0000] {logging_mixin.py:188} INFO - IP resolvido para MLflow: http://192.168.65.254:5000/
[2026-01-31T01:10:08.786+0000] {logging_mixin.py:188} WARNING - /opt/airflow/dags/train.py:37 RemovedInAirflow3Warning: Function `days_ago` is deprecated and will be removed in Airflow 3.0. You can achieve equivalent behavior with `pendulum.today('UTC').add(days=-N, ...)`
[2026-01-31T01:10:08.786+0000] {logging_mixin.py:188} WARNING - /opt/airflow/dags/train.py:32 RemovedInAirflow3Warning: Param `schedule_interval` is deprecated and will be removed in a future release. Please use `schedule` instead.
[2026-01-31T01:10:08.791+0000] {processor.py:840} INFO - DAG(s) 'ml_training_pipeline' retrieved from /opt/airflow/dags/train.py
[2026-01-31T01:10:08.805+0000] {logging_mixin.py:188} INFO - [2026-01-31T01:10:08.804+0000] {dag.py:3096} INFO - Sync 1 DAGs
[2026-01-31T01:10:08.816+0000] {logging_mixin.py:188} INFO - [2026-01-31T01:10:08.815+0000] {dag.py:3954} INFO - Setting next_dagrun for ml_training_pipeline to 2026-02-01 00:00:00+00:00, run_after=2026-02-08 00:00:00+00:00
[2026-01-31T01:10:08.826+0000] {processor.py:183} INFO - Processing /opt/airflow/dags/train.py took 2.504 seconds
[2026-01-31T01:10:39.560+0000] {processor.py:161} INFO - Started process (PID=8661) to work on /opt/airflow/dags/train.py
[2026-01-31T01:10:39.561+0000] {processor.py:830} INFO - Processing file /opt/airflow/dags/train.py for tasks to queue
[2026-01-31T01:10:39.562+0000] {logging_mixin.py:188} INFO - [2026-01-31T01:10:39.562+0000] {dagbag.py:545} INFO - Filling up the DagBag from /opt/airflow/dags/train.py
[2026-01-31T01:10:41.862+0000] {logging_mixin.py:188} INFO - [2026-01-31T01:10:41.862+0000] {__init__.py:537} WARNING - mkdir -p failed for path /home/airflow/.cache/matplotlib: [Errno 13] Permission denied: '/home/airflow/.cache/matplotlib'
[2026-01-31T01:10:41.863+0000] {logging_mixin.py:188} INFO - [2026-01-31T01:10:41.863+0000] {__init__.py:554} WARNING - Matplotlib created a temporary cache directory at /tmp/matplotlib-jsf_orbq because there was an issue with the default path (/home/airflow/.cache/matplotlib); it is highly recommended to set the MPLCONFIGDIR environment variable to a writable directory, in particular to speed up the import of Matplotlib and to better support multiprocessing.
[2026-01-31T01:10:41.952+0000] {logging_mixin.py:188} INFO - [2026-01-31T01:10:41.951+0000] {font_manager.py:1639} INFO - generated new fontManager
[2026-01-31T01:10:42.097+0000] {logging_mixin.py:188} INFO - IP resolvido para MLflow: http://192.168.65.254:5000/
[2026-01-31T01:10:42.099+0000] {logging_mixin.py:188} WARNING - /opt/airflow/dags/train.py:37 RemovedInAirflow3Warning: Function `days_ago` is deprecated and will be removed in Airflow 3.0. You can achieve equivalent behavior with `pendulum.today('UTC').add(days=-N, ...)`
[2026-01-31T01:10:42.100+0000] {logging_mixin.py:188} WARNING - /opt/airflow/dags/train.py:32 RemovedInAirflow3Warning: Param `schedule_interval` is deprecated and will be removed in a future release. Please use `schedule` instead.
[2026-01-31T01:10:42.104+0000] {processor.py:840} INFO - DAG(s) 'ml_training_pipeline' retrieved from /opt/airflow/dags/train.py
[2026-01-31T01:10:42.119+0000] {logging_mixin.py:188} INFO - [2026-01-31T01:10:42.119+0000] {dag.py:3096} INFO - Sync 1 DAGs
[2026-01-31T01:10:42.131+0000] {logging_mixin.py:188} INFO - [2026-01-31T01:10:42.131+0000] {dag.py:3954} INFO - Setting next_dagrun for ml_training_pipeline to 2026-02-01 00:00:00+00:00, run_after=2026-02-08 00:00:00+00:00
[2026-01-31T01:10:42.143+0000] {processor.py:183} INFO - Processing /opt/airflow/dags/train.py took 2.587 seconds
[2026-01-31T01:11:12.577+0000] {processor.py:161} INFO - Started process (PID=8708) to work on /opt/airflow/dags/train.py
[2026-01-31T01:11:12.579+0000] {processor.py:830} INFO - Processing file /opt/airflow/dags/train.py for tasks to queue
[2026-01-31T01:11:12.580+0000] {logging_mixin.py:188} INFO - [2026-01-31T01:11:12.580+0000] {dagbag.py:545} INFO - Filling up the DagBag from /opt/airflow/dags/train.py
[2026-01-31T01:11:14.765+0000] {logging_mixin.py:188} INFO - [2026-01-31T01:11:14.765+0000] {__init__.py:537} WARNING - mkdir -p failed for path /home/airflow/.cache/matplotlib: [Errno 13] Permission denied: '/home/airflow/.cache/matplotlib'
[2026-01-31T01:11:14.766+0000] {logging_mixin.py:188} INFO - [2026-01-31T01:11:14.766+0000] {__init__.py:554} WARNING - Matplotlib created a temporary cache directory at /tmp/matplotlib-slfk_25c because there was an issue with the default path (/home/airflow/.cache/matplotlib); it is highly recommended to set the MPLCONFIGDIR environment variable to a writable directory, in particular to speed up the import of Matplotlib and to better support multiprocessing.
[2026-01-31T01:11:14.849+0000] {logging_mixin.py:188} INFO - [2026-01-31T01:11:14.849+0000] {font_manager.py:1639} INFO - generated new fontManager
[2026-01-31T01:11:14.974+0000] {logging_mixin.py:188} INFO - IP resolvido para MLflow: http://192.168.65.254:5000/
[2026-01-31T01:11:14.976+0000] {logging_mixin.py:188} WARNING - /opt/airflow/dags/train.py:37 RemovedInAirflow3Warning: Function `days_ago` is deprecated and will be removed in Airflow 3.0. You can achieve equivalent behavior with `pendulum.today('UTC').add(days=-N, ...)`
[2026-01-31T01:11:14.977+0000] {logging_mixin.py:188} WARNING - /opt/airflow/dags/train.py:32 RemovedInAirflow3Warning: Param `schedule_interval` is deprecated and will be removed in a future release. Please use `schedule` instead.
[2026-01-31T01:11:14.981+0000] {processor.py:840} INFO - DAG(s) 'ml_training_pipeline' retrieved from /opt/airflow/dags/train.py
[2026-01-31T01:11:14.996+0000] {logging_mixin.py:188} INFO - [2026-01-31T01:11:14.996+0000] {dag.py:3096} INFO - Sync 1 DAGs
[2026-01-31T01:11:15.008+0000] {logging_mixin.py:188} INFO - [2026-01-31T01:11:15.008+0000] {dag.py:3954} INFO - Setting next_dagrun for ml_training_pipeline to 2026-02-01 00:00:00+00:00, run_after=2026-02-08 00:00:00+00:00
[2026-01-31T01:11:15.019+0000] {processor.py:183} INFO - Processing /opt/airflow/dags/train.py took 2.446 seconds
[2026-01-31T01:11:45.478+0000] {processor.py:161} INFO - Started process (PID=8755) to work on /opt/airflow/dags/train.py
[2026-01-31T01:11:45.479+0000] {processor.py:830} INFO - Processing file /opt/airflow/dags/train.py for tasks to queue
[2026-01-31T01:11:45.480+0000] {logging_mixin.py:188} INFO - [2026-01-31T01:11:45.480+0000] {dagbag.py:545} INFO - Filling up the DagBag from /opt/airflow/dags/train.py
[2026-01-31T01:11:47.871+0000] {logging_mixin.py:188} INFO - [2026-01-31T01:11:47.871+0000] {__init__.py:537} WARNING - mkdir -p failed for path /home/airflow/.cache/matplotlib: [Errno 13] Permission denied: '/home/airflow/.cache/matplotlib'
[2026-01-31T01:11:47.872+0000] {logging_mixin.py:188} INFO - [2026-01-31T01:11:47.872+0000] {__init__.py:554} WARNING - Matplotlib created a temporary cache directory at /tmp/matplotlib-5vunnc6k because there was an issue with the default path (/home/airflow/.cache/matplotlib); it is highly recommended to set the MPLCONFIGDIR environment variable to a writable directory, in particular to speed up the import of Matplotlib and to better support multiprocessing.
[2026-01-31T01:11:47.965+0000] {logging_mixin.py:188} INFO - [2026-01-31T01:11:47.965+0000] {font_manager.py:1639} INFO - generated new fontManager
[2026-01-31T01:11:48.108+0000] {logging_mixin.py:188} INFO - IP resolvido para MLflow: http://192.168.65.254:5000/
[2026-01-31T01:11:48.111+0000] {logging_mixin.py:188} WARNING - /opt/airflow/dags/train.py:37 RemovedInAirflow3Warning: Function `days_ago` is deprecated and will be removed in Airflow 3.0. You can achieve equivalent behavior with `pendulum.today('UTC').add(days=-N, ...)`
[2026-01-31T01:11:48.111+0000] {logging_mixin.py:188} WARNING - /opt/airflow/dags/train.py:32 RemovedInAirflow3Warning: Param `schedule_interval` is deprecated and will be removed in a future release. Please use `schedule` instead.
[2026-01-31T01:11:48.115+0000] {processor.py:840} INFO - DAG(s) 'ml_training_pipeline' retrieved from /opt/airflow/dags/train.py
[2026-01-31T01:11:48.134+0000] {logging_mixin.py:188} INFO - [2026-01-31T01:11:48.133+0000] {dag.py:3096} INFO - Sync 1 DAGs
[2026-01-31T01:11:48.146+0000] {logging_mixin.py:188} INFO - [2026-01-31T01:11:48.146+0000] {dag.py:3954} INFO - Setting next_dagrun for ml_training_pipeline to 2026-02-01 00:00:00+00:00, run_after=2026-02-08 00:00:00+00:00
[2026-01-31T01:11:48.159+0000] {processor.py:183} INFO - Processing /opt/airflow/dags/train.py took 2.685 seconds
[2026-01-31T01:12:18.729+0000] {processor.py:161} INFO - Started process (PID=8802) to work on /opt/airflow/dags/train.py
[2026-01-31T01:12:18.731+0000] {processor.py:830} INFO - Processing file /opt/airflow/dags/train.py for tasks to queue
[2026-01-31T01:12:18.732+0000] {logging_mixin.py:188} INFO - [2026-01-31T01:12:18.732+0000] {dagbag.py:545} INFO - Filling up the DagBag from /opt/airflow/dags/train.py
[2026-01-31T01:12:21.534+0000] {logging_mixin.py:188} INFO - [2026-01-31T01:12:21.534+0000] {__init__.py:537} WARNING - mkdir -p failed for path /home/airflow/.cache/matplotlib: [Errno 13] Permission denied: '/home/airflow/.cache/matplotlib'
[2026-01-31T01:12:21.534+0000] {logging_mixin.py:188} INFO - [2026-01-31T01:12:21.534+0000] {__init__.py:554} WARNING - Matplotlib created a temporary cache directory at /tmp/matplotlib-mukzc5ll because there was an issue with the default path (/home/airflow/.cache/matplotlib); it is highly recommended to set the MPLCONFIGDIR environment variable to a writable directory, in particular to speed up the import of Matplotlib and to better support multiprocessing.
[2026-01-31T01:12:21.630+0000] {logging_mixin.py:188} INFO - [2026-01-31T01:12:21.630+0000] {font_manager.py:1639} INFO - generated new fontManager
[2026-01-31T01:12:21.786+0000] {logging_mixin.py:188} INFO - IP resolvido para MLflow: http://192.168.65.254:5000/
[2026-01-31T01:12:21.789+0000] {logging_mixin.py:188} WARNING - /opt/airflow/dags/train.py:37 RemovedInAirflow3Warning: Function `days_ago` is deprecated and will be removed in Airflow 3.0. You can achieve equivalent behavior with `pendulum.today('UTC').add(days=-N, ...)`
[2026-01-31T01:12:21.789+0000] {logging_mixin.py:188} WARNING - /opt/airflow/dags/train.py:32 RemovedInAirflow3Warning: Param `schedule_interval` is deprecated and will be removed in a future release. Please use `schedule` instead.
[2026-01-31T01:12:21.793+0000] {processor.py:840} INFO - DAG(s) 'ml_training_pipeline' retrieved from /opt/airflow/dags/train.py
[2026-01-31T01:12:21.810+0000] {logging_mixin.py:188} INFO - [2026-01-31T01:12:21.809+0000] {dag.py:3096} INFO - Sync 1 DAGs
[2026-01-31T01:12:21.823+0000] {logging_mixin.py:188} INFO - [2026-01-31T01:12:21.823+0000] {dag.py:3954} INFO - Setting next_dagrun for ml_training_pipeline to 2026-02-01 00:00:00+00:00, run_after=2026-02-08 00:00:00+00:00
[2026-01-31T01:12:21.841+0000] {processor.py:183} INFO - Processing /opt/airflow/dags/train.py took 3.117 seconds
[2026-01-31T01:12:52.396+0000] {processor.py:161} INFO - Started process (PID=8849) to work on /opt/airflow/dags/train.py
[2026-01-31T01:12:52.397+0000] {processor.py:830} INFO - Processing file /opt/airflow/dags/train.py for tasks to queue
[2026-01-31T01:12:52.398+0000] {logging_mixin.py:188} INFO - [2026-01-31T01:12:52.398+0000] {dagbag.py:545} INFO - Filling up the DagBag from /opt/airflow/dags/train.py
[2026-01-31T01:12:54.845+0000] {logging_mixin.py:188} INFO - [2026-01-31T01:12:54.845+0000] {__init__.py:537} WARNING - mkdir -p failed for path /home/airflow/.cache/matplotlib: [Errno 13] Permission denied: '/home/airflow/.cache/matplotlib'
[2026-01-31T01:12:54.847+0000] {logging_mixin.py:188} INFO - [2026-01-31T01:12:54.847+0000] {__init__.py:554} WARNING - Matplotlib created a temporary cache directory at /tmp/matplotlib-3fjy6t_r because there was an issue with the default path (/home/airflow/.cache/matplotlib); it is highly recommended to set the MPLCONFIGDIR environment variable to a writable directory, in particular to speed up the import of Matplotlib and to better support multiprocessing.
[2026-01-31T01:12:54.942+0000] {logging_mixin.py:188} INFO - [2026-01-31T01:12:54.942+0000] {font_manager.py:1639} INFO - generated new fontManager
[2026-01-31T01:12:55.091+0000] {logging_mixin.py:188} INFO - IP resolvido para MLflow: http://192.168.65.254:5000/
[2026-01-31T01:12:55.093+0000] {logging_mixin.py:188} WARNING - /opt/airflow/dags/train.py:37 RemovedInAirflow3Warning: Function `days_ago` is deprecated and will be removed in Airflow 3.0. You can achieve equivalent behavior with `pendulum.today('UTC').add(days=-N, ...)`
[2026-01-31T01:12:55.094+0000] {logging_mixin.py:188} WARNING - /opt/airflow/dags/train.py:32 RemovedInAirflow3Warning: Param `schedule_interval` is deprecated and will be removed in a future release. Please use `schedule` instead.
[2026-01-31T01:12:55.099+0000] {processor.py:840} INFO - DAG(s) 'ml_training_pipeline' retrieved from /opt/airflow/dags/train.py
[2026-01-31T01:12:55.115+0000] {logging_mixin.py:188} INFO - [2026-01-31T01:12:55.114+0000] {dag.py:3096} INFO - Sync 1 DAGs
[2026-01-31T01:12:55.127+0000] {logging_mixin.py:188} INFO - [2026-01-31T01:12:55.127+0000] {dag.py:3954} INFO - Setting next_dagrun for ml_training_pipeline to 2026-02-01 00:00:00+00:00, run_after=2026-02-08 00:00:00+00:00
[2026-01-31T01:12:55.139+0000] {processor.py:183} INFO - Processing /opt/airflow/dags/train.py took 2.748 seconds
[2026-01-31T01:13:25.413+0000] {processor.py:161} INFO - Started process (PID=8896) to work on /opt/airflow/dags/train.py
[2026-01-31T01:13:25.414+0000] {processor.py:830} INFO - Processing file /opt/airflow/dags/train.py for tasks to queue
[2026-01-31T01:13:25.416+0000] {logging_mixin.py:188} INFO - [2026-01-31T01:13:25.416+0000] {dagbag.py:545} INFO - Filling up the DagBag from /opt/airflow/dags/train.py
[2026-01-31T01:13:27.907+0000] {logging_mixin.py:188} INFO - [2026-01-31T01:13:27.907+0000] {__init__.py:537} WARNING - mkdir -p failed for path /home/airflow/.cache/matplotlib: [Errno 13] Permission denied: '/home/airflow/.cache/matplotlib'
[2026-01-31T01:13:27.908+0000] {logging_mixin.py:188} INFO - [2026-01-31T01:13:27.908+0000] {__init__.py:554} WARNING - Matplotlib created a temporary cache directory at /tmp/matplotlib-f6li2t1d because there was an issue with the default path (/home/airflow/.cache/matplotlib); it is highly recommended to set the MPLCONFIGDIR environment variable to a writable directory, in particular to speed up the import of Matplotlib and to better support multiprocessing.
[2026-01-31T01:13:28.011+0000] {logging_mixin.py:188} INFO - [2026-01-31T01:13:28.011+0000] {font_manager.py:1639} INFO - generated new fontManager
[2026-01-31T01:13:28.168+0000] {logging_mixin.py:188} INFO - IP resolvido para MLflow: http://192.168.65.254:5000/
[2026-01-31T01:13:28.171+0000] {logging_mixin.py:188} WARNING - /opt/airflow/dags/train.py:37 RemovedInAirflow3Warning: Function `days_ago` is deprecated and will be removed in Airflow 3.0. You can achieve equivalent behavior with `pendulum.today('UTC').add(days=-N, ...)`
[2026-01-31T01:13:28.172+0000] {logging_mixin.py:188} WARNING - /opt/airflow/dags/train.py:32 RemovedInAirflow3Warning: Param `schedule_interval` is deprecated and will be removed in a future release. Please use `schedule` instead.
[2026-01-31T01:13:28.176+0000] {processor.py:840} INFO - DAG(s) 'ml_training_pipeline' retrieved from /opt/airflow/dags/train.py
[2026-01-31T01:13:28.191+0000] {logging_mixin.py:188} INFO - [2026-01-31T01:13:28.191+0000] {dag.py:3096} INFO - Sync 1 DAGs
[2026-01-31T01:13:28.205+0000] {logging_mixin.py:188} INFO - [2026-01-31T01:13:28.204+0000] {dag.py:3954} INFO - Setting next_dagrun for ml_training_pipeline to 2026-02-01 00:00:00+00:00, run_after=2026-02-08 00:00:00+00:00
[2026-01-31T01:13:28.219+0000] {processor.py:183} INFO - Processing /opt/airflow/dags/train.py took 2.810 seconds
[2026-01-31T01:13:59.009+0000] {processor.py:161} INFO - Started process (PID=8949) to work on /opt/airflow/dags/train.py
[2026-01-31T01:13:59.010+0000] {processor.py:830} INFO - Processing file /opt/airflow/dags/train.py for tasks to queue
[2026-01-31T01:13:59.011+0000] {logging_mixin.py:188} INFO - [2026-01-31T01:13:59.011+0000] {dagbag.py:545} INFO - Filling up the DagBag from /opt/airflow/dags/train.py
[2026-01-31T01:14:01.794+0000] {logging_mixin.py:188} INFO - [2026-01-31T01:14:01.793+0000] {__init__.py:537} WARNING - mkdir -p failed for path /home/airflow/.cache/matplotlib: [Errno 13] Permission denied: '/home/airflow/.cache/matplotlib'
[2026-01-31T01:14:01.794+0000] {logging_mixin.py:188} INFO - [2026-01-31T01:14:01.794+0000] {__init__.py:554} WARNING - Matplotlib created a temporary cache directory at /tmp/matplotlib-eqj2pkpw because there was an issue with the default path (/home/airflow/.cache/matplotlib); it is highly recommended to set the MPLCONFIGDIR environment variable to a writable directory, in particular to speed up the import of Matplotlib and to better support multiprocessing.
[2026-01-31T01:14:01.893+0000] {logging_mixin.py:188} INFO - [2026-01-31T01:14:01.893+0000] {font_manager.py:1639} INFO - generated new fontManager
[2026-01-31T01:14:02.040+0000] {logging_mixin.py:188} INFO - IP resolvido para MLflow: http://192.168.65.254:5000/
[2026-01-31T01:14:02.042+0000] {logging_mixin.py:188} WARNING - /opt/airflow/dags/train.py:37 RemovedInAirflow3Warning: Function `days_ago` is deprecated and will be removed in Airflow 3.0. You can achieve equivalent behavior with `pendulum.today('UTC').add(days=-N, ...)`
[2026-01-31T01:14:02.043+0000] {logging_mixin.py:188} WARNING - /opt/airflow/dags/train.py:32 RemovedInAirflow3Warning: Param `schedule_interval` is deprecated and will be removed in a future release. Please use `schedule` instead.
[2026-01-31T01:14:02.047+0000] {processor.py:840} INFO - DAG(s) 'ml_training_pipeline' retrieved from /opt/airflow/dags/train.py
[2026-01-31T01:14:02.062+0000] {logging_mixin.py:188} INFO - [2026-01-31T01:14:02.062+0000] {dag.py:3096} INFO - Sync 1 DAGs
[2026-01-31T01:14:02.075+0000] {logging_mixin.py:188} INFO - [2026-01-31T01:14:02.075+0000] {dag.py:3954} INFO - Setting next_dagrun for ml_training_pipeline to 2026-02-01 00:00:00+00:00, run_after=2026-02-08 00:00:00+00:00
[2026-01-31T01:14:02.089+0000] {processor.py:183} INFO - Processing /opt/airflow/dags/train.py took 3.084 seconds
[2026-01-31T01:14:32.209+0000] {processor.py:161} INFO - Started process (PID=9000) to work on /opt/airflow/dags/train.py
[2026-01-31T01:14:32.211+0000] {processor.py:830} INFO - Processing file /opt/airflow/dags/train.py for tasks to queue
[2026-01-31T01:14:32.212+0000] {logging_mixin.py:188} INFO - [2026-01-31T01:14:32.212+0000] {dagbag.py:545} INFO - Filling up the DagBag from /opt/airflow/dags/train.py
[2026-01-31T01:14:35.134+0000] {logging_mixin.py:188} INFO - [2026-01-31T01:14:35.134+0000] {__init__.py:537} WARNING - mkdir -p failed for path /home/airflow/.cache/matplotlib: [Errno 13] Permission denied: '/home/airflow/.cache/matplotlib'
[2026-01-31T01:14:35.135+0000] {logging_mixin.py:188} INFO - [2026-01-31T01:14:35.135+0000] {__init__.py:554} WARNING - Matplotlib created a temporary cache directory at /tmp/matplotlib-ymaya9xe because there was an issue with the default path (/home/airflow/.cache/matplotlib); it is highly recommended to set the MPLCONFIGDIR environment variable to a writable directory, in particular to speed up the import of Matplotlib and to better support multiprocessing.
[2026-01-31T01:14:35.241+0000] {logging_mixin.py:188} INFO - [2026-01-31T01:14:35.241+0000] {font_manager.py:1639} INFO - generated new fontManager
[2026-01-31T01:14:35.428+0000] {logging_mixin.py:188} INFO - IP resolvido para MLflow: http://192.168.65.254:5000/
[2026-01-31T01:14:35.431+0000] {logging_mixin.py:188} WARNING - /opt/airflow/dags/train.py:37 RemovedInAirflow3Warning: Function `days_ago` is deprecated and will be removed in Airflow 3.0. You can achieve equivalent behavior with `pendulum.today('UTC').add(days=-N, ...)`
[2026-01-31T01:14:35.432+0000] {logging_mixin.py:188} WARNING - /opt/airflow/dags/train.py:32 RemovedInAirflow3Warning: Param `schedule_interval` is deprecated and will be removed in a future release. Please use `schedule` instead.
[2026-01-31T01:14:35.436+0000] {processor.py:840} INFO - DAG(s) 'ml_training_pipeline' retrieved from /opt/airflow/dags/train.py
[2026-01-31T01:14:35.455+0000] {logging_mixin.py:188} INFO - [2026-01-31T01:14:35.455+0000] {dag.py:3096} INFO - Sync 1 DAGs
[2026-01-31T01:14:35.470+0000] {logging_mixin.py:188} INFO - [2026-01-31T01:14:35.470+0000] {dag.py:3954} INFO - Setting next_dagrun for ml_training_pipeline to 2026-02-01 00:00:00+00:00, run_after=2026-02-08 00:00:00+00:00
[2026-01-31T01:14:35.486+0000] {processor.py:183} INFO - Processing /opt/airflow/dags/train.py took 3.282 seconds
[2026-01-31T01:15:05.692+0000] {processor.py:161} INFO - Started process (PID=9048) to work on /opt/airflow/dags/train.py
[2026-01-31T01:15:05.693+0000] {processor.py:830} INFO - Processing file /opt/airflow/dags/train.py for tasks to queue
[2026-01-31T01:15:05.695+0000] {logging_mixin.py:188} INFO - [2026-01-31T01:15:05.694+0000] {dagbag.py:545} INFO - Filling up the DagBag from /opt/airflow/dags/train.py
[2026-01-31T01:15:08.206+0000] {logging_mixin.py:188} INFO - [2026-01-31T01:15:08.206+0000] {__init__.py:537} WARNING - mkdir -p failed for path /home/airflow/.cache/matplotlib: [Errno 13] Permission denied: '/home/airflow/.cache/matplotlib'
[2026-01-31T01:15:08.207+0000] {logging_mixin.py:188} INFO - [2026-01-31T01:15:08.207+0000] {__init__.py:554} WARNING - Matplotlib created a temporary cache directory at /tmp/matplotlib-ae4qojew because there was an issue with the default path (/home/airflow/.cache/matplotlib); it is highly recommended to set the MPLCONFIGDIR environment variable to a writable directory, in particular to speed up the import of Matplotlib and to better support multiprocessing.
[2026-01-31T01:15:08.296+0000] {logging_mixin.py:188} INFO - [2026-01-31T01:15:08.296+0000] {font_manager.py:1639} INFO - generated new fontManager
[2026-01-31T01:15:08.448+0000] {logging_mixin.py:188} INFO - IP resolvido para MLflow: http://192.168.65.254:5000/
[2026-01-31T01:15:08.450+0000] {logging_mixin.py:188} WARNING - /opt/airflow/dags/train.py:37 RemovedInAirflow3Warning: Function `days_ago` is deprecated and will be removed in Airflow 3.0. You can achieve equivalent behavior with `pendulum.today('UTC').add(days=-N, ...)`
[2026-01-31T01:15:08.451+0000] {logging_mixin.py:188} WARNING - /opt/airflow/dags/train.py:32 RemovedInAirflow3Warning: Param `schedule_interval` is deprecated and will be removed in a future release. Please use `schedule` instead.
[2026-01-31T01:15:08.454+0000] {processor.py:840} INFO - DAG(s) 'ml_training_pipeline' retrieved from /opt/airflow/dags/train.py
[2026-01-31T01:15:08.470+0000] {logging_mixin.py:188} INFO - [2026-01-31T01:15:08.470+0000] {dag.py:3096} INFO - Sync 1 DAGs
[2026-01-31T01:15:08.482+0000] {logging_mixin.py:188} INFO - [2026-01-31T01:15:08.481+0000] {dag.py:3954} INFO - Setting next_dagrun for ml_training_pipeline to 2026-02-01 00:00:00+00:00, run_after=2026-02-08 00:00:00+00:00
[2026-01-31T01:15:08.495+0000] {processor.py:183} INFO - Processing /opt/airflow/dags/train.py took 2.807 seconds
[2026-01-31T01:15:39.103+0000] {processor.py:161} INFO - Started process (PID=9097) to work on /opt/airflow/dags/train.py
[2026-01-31T01:15:39.105+0000] {processor.py:830} INFO - Processing file /opt/airflow/dags/train.py for tasks to queue
[2026-01-31T01:15:39.107+0000] {logging_mixin.py:188} INFO - [2026-01-31T01:15:39.107+0000] {dagbag.py:545} INFO - Filling up the DagBag from /opt/airflow/dags/train.py
[2026-01-31T01:15:41.628+0000] {logging_mixin.py:188} INFO - [2026-01-31T01:15:41.628+0000] {__init__.py:537} WARNING - mkdir -p failed for path /home/airflow/.cache/matplotlib: [Errno 13] Permission denied: '/home/airflow/.cache/matplotlib'
[2026-01-31T01:15:41.629+0000] {logging_mixin.py:188} INFO - [2026-01-31T01:15:41.628+0000] {__init__.py:554} WARNING - Matplotlib created a temporary cache directory at /tmp/matplotlib-vv1sveb8 because there was an issue with the default path (/home/airflow/.cache/matplotlib); it is highly recommended to set the MPLCONFIGDIR environment variable to a writable directory, in particular to speed up the import of Matplotlib and to better support multiprocessing.
[2026-01-31T01:15:41.740+0000] {logging_mixin.py:188} INFO - [2026-01-31T01:15:41.740+0000] {font_manager.py:1639} INFO - generated new fontManager
[2026-01-31T01:15:41.889+0000] {logging_mixin.py:188} INFO - IP resolvido para MLflow: http://192.168.65.254:5000/
[2026-01-31T01:15:41.892+0000] {logging_mixin.py:188} WARNING - /opt/airflow/dags/train.py:37 RemovedInAirflow3Warning: Function `days_ago` is deprecated and will be removed in Airflow 3.0. You can achieve equivalent behavior with `pendulum.today('UTC').add(days=-N, ...)`
[2026-01-31T01:15:41.892+0000] {logging_mixin.py:188} WARNING - /opt/airflow/dags/train.py:32 RemovedInAirflow3Warning: Param `schedule_interval` is deprecated and will be removed in a future release. Please use `schedule` instead.
[2026-01-31T01:15:41.897+0000] {processor.py:840} INFO - DAG(s) 'ml_training_pipeline' retrieved from /opt/airflow/dags/train.py
[2026-01-31T01:15:41.915+0000] {logging_mixin.py:188} INFO - [2026-01-31T01:15:41.915+0000] {dag.py:3096} INFO - Sync 1 DAGs
[2026-01-31T01:15:41.930+0000] {logging_mixin.py:188} INFO - [2026-01-31T01:15:41.930+0000] {dag.py:3954} INFO - Setting next_dagrun for ml_training_pipeline to 2026-02-01 00:00:00+00:00, run_after=2026-02-08 00:00:00+00:00
[2026-01-31T01:15:41.950+0000] {processor.py:183} INFO - Processing /opt/airflow/dags/train.py took 2.853 seconds
[2026-01-31T01:16:12.523+0000] {processor.py:161} INFO - Started process (PID=9145) to work on /opt/airflow/dags/train.py
[2026-01-31T01:16:12.523+0000] {processor.py:830} INFO - Processing file /opt/airflow/dags/train.py for tasks to queue
[2026-01-31T01:16:12.525+0000] {logging_mixin.py:188} INFO - [2026-01-31T01:16:12.524+0000] {dagbag.py:545} INFO - Filling up the DagBag from /opt/airflow/dags/train.py
[2026-01-31T01:16:14.941+0000] {logging_mixin.py:188} INFO - [2026-01-31T01:16:14.941+0000] {__init__.py:537} WARNING - mkdir -p failed for path /home/airflow/.cache/matplotlib: [Errno 13] Permission denied: '/home/airflow/.cache/matplotlib'
[2026-01-31T01:16:14.943+0000] {logging_mixin.py:188} INFO - [2026-01-31T01:16:14.943+0000] {__init__.py:554} WARNING - Matplotlib created a temporary cache directory at /tmp/matplotlib-e4a46yyu because there was an issue with the default path (/home/airflow/.cache/matplotlib); it is highly recommended to set the MPLCONFIGDIR environment variable to a writable directory, in particular to speed up the import of Matplotlib and to better support multiprocessing.
[2026-01-31T01:16:15.029+0000] {logging_mixin.py:188} INFO - [2026-01-31T01:16:15.029+0000] {font_manager.py:1639} INFO - generated new fontManager
[2026-01-31T01:16:15.163+0000] {logging_mixin.py:188} INFO - IP resolvido para MLflow: http://192.168.65.254:5000/
[2026-01-31T01:16:15.166+0000] {logging_mixin.py:188} WARNING - /opt/airflow/dags/train.py:37 RemovedInAirflow3Warning: Function `days_ago` is deprecated and will be removed in Airflow 3.0. You can achieve equivalent behavior with `pendulum.today('UTC').add(days=-N, ...)`
[2026-01-31T01:16:15.166+0000] {logging_mixin.py:188} WARNING - /opt/airflow/dags/train.py:32 RemovedInAirflow3Warning: Param `schedule_interval` is deprecated and will be removed in a future release. Please use `schedule` instead.
[2026-01-31T01:16:15.170+0000] {processor.py:840} INFO - DAG(s) 'ml_training_pipeline' retrieved from /opt/airflow/dags/train.py
[2026-01-31T01:16:15.188+0000] {logging_mixin.py:188} INFO - [2026-01-31T01:16:15.188+0000] {dag.py:3096} INFO - Sync 1 DAGs
[2026-01-31T01:16:15.201+0000] {logging_mixin.py:188} INFO - [2026-01-31T01:16:15.201+0000] {dag.py:3954} INFO - Setting next_dagrun for ml_training_pipeline to 2026-02-01 00:00:00+00:00, run_after=2026-02-08 00:00:00+00:00
[2026-01-31T01:16:15.216+0000] {processor.py:183} INFO - Processing /opt/airflow/dags/train.py took 2.698 seconds
[2026-01-31T01:16:45.802+0000] {processor.py:161} INFO - Started process (PID=9192) to work on /opt/airflow/dags/train.py
[2026-01-31T01:16:45.803+0000] {processor.py:830} INFO - Processing file /opt/airflow/dags/train.py for tasks to queue
[2026-01-31T01:16:45.804+0000] {logging_mixin.py:188} INFO - [2026-01-31T01:16:45.804+0000] {dagbag.py:545} INFO - Filling up the DagBag from /opt/airflow/dags/train.py
[2026-01-31T01:16:48.461+0000] {logging_mixin.py:188} INFO - [2026-01-31T01:16:48.460+0000] {__init__.py:537} WARNING - mkdir -p failed for path /home/airflow/.cache/matplotlib: [Errno 13] Permission denied: '/home/airflow/.cache/matplotlib'
[2026-01-31T01:16:48.461+0000] {logging_mixin.py:188} INFO - [2026-01-31T01:16:48.461+0000] {__init__.py:554} WARNING - Matplotlib created a temporary cache directory at /tmp/matplotlib-ywdywyx5 because there was an issue with the default path (/home/airflow/.cache/matplotlib); it is highly recommended to set the MPLCONFIGDIR environment variable to a writable directory, in particular to speed up the import of Matplotlib and to better support multiprocessing.
[2026-01-31T01:16:48.541+0000] {logging_mixin.py:188} INFO - [2026-01-31T01:16:48.541+0000] {font_manager.py:1639} INFO - generated new fontManager
[2026-01-31T01:16:48.690+0000] {logging_mixin.py:188} INFO - IP resolvido para MLflow: http://192.168.65.254:5000/
[2026-01-31T01:16:48.692+0000] {logging_mixin.py:188} WARNING - /opt/airflow/dags/train.py:37 RemovedInAirflow3Warning: Function `days_ago` is deprecated and will be removed in Airflow 3.0. You can achieve equivalent behavior with `pendulum.today('UTC').add(days=-N, ...)`
[2026-01-31T01:16:48.693+0000] {logging_mixin.py:188} WARNING - /opt/airflow/dags/train.py:32 RemovedInAirflow3Warning: Param `schedule_interval` is deprecated and will be removed in a future release. Please use `schedule` instead.
[2026-01-31T01:16:48.699+0000] {processor.py:840} INFO - DAG(s) 'ml_training_pipeline' retrieved from /opt/airflow/dags/train.py
[2026-01-31T01:16:48.721+0000] {logging_mixin.py:188} INFO - [2026-01-31T01:16:48.721+0000] {dag.py:3096} INFO - Sync 1 DAGs
[2026-01-31T01:16:48.744+0000] {logging_mixin.py:188} INFO - [2026-01-31T01:16:48.744+0000] {dag.py:3954} INFO - Setting next_dagrun for ml_training_pipeline to 2026-02-01 00:00:00+00:00, run_after=2026-02-08 00:00:00+00:00
[2026-01-31T01:16:48.762+0000] {processor.py:183} INFO - Processing /opt/airflow/dags/train.py took 2.964 seconds
[2026-01-31T01:17:19.099+0000] {processor.py:161} INFO - Started process (PID=9243) to work on /opt/airflow/dags/train.py
[2026-01-31T01:17:19.100+0000] {processor.py:830} INFO - Processing file /opt/airflow/dags/train.py for tasks to queue
[2026-01-31T01:17:19.102+0000] {logging_mixin.py:188} INFO - [2026-01-31T01:17:19.101+0000] {dagbag.py:545} INFO - Filling up the DagBag from /opt/airflow/dags/train.py
[2026-01-31T01:17:21.569+0000] {logging_mixin.py:188} INFO - [2026-01-31T01:17:21.569+0000] {__init__.py:537} WARNING - mkdir -p failed for path /home/airflow/.cache/matplotlib: [Errno 13] Permission denied: '/home/airflow/.cache/matplotlib'
[2026-01-31T01:17:21.569+0000] {logging_mixin.py:188} INFO - [2026-01-31T01:17:21.569+0000] {__init__.py:554} WARNING - Matplotlib created a temporary cache directory at /tmp/matplotlib-b8ocye5x because there was an issue with the default path (/home/airflow/.cache/matplotlib); it is highly recommended to set the MPLCONFIGDIR environment variable to a writable directory, in particular to speed up the import of Matplotlib and to better support multiprocessing.
[2026-01-31T01:17:21.659+0000] {logging_mixin.py:188} INFO - [2026-01-31T01:17:21.659+0000] {font_manager.py:1639} INFO - generated new fontManager
[2026-01-31T01:17:21.802+0000] {logging_mixin.py:188} INFO - IP resolvido para MLflow: http://192.168.65.254:5000/
[2026-01-31T01:17:21.805+0000] {logging_mixin.py:188} WARNING - /opt/airflow/dags/train.py:37 RemovedInAirflow3Warning: Function `days_ago` is deprecated and will be removed in Airflow 3.0. You can achieve equivalent behavior with `pendulum.today('UTC').add(days=-N, ...)`
[2026-01-31T01:17:21.805+0000] {logging_mixin.py:188} WARNING - /opt/airflow/dags/train.py:32 RemovedInAirflow3Warning: Param `schedule_interval` is deprecated and will be removed in a future release. Please use `schedule` instead.
[2026-01-31T01:17:21.809+0000] {processor.py:840} INFO - DAG(s) 'ml_training_pipeline' retrieved from /opt/airflow/dags/train.py
[2026-01-31T01:17:21.828+0000] {logging_mixin.py:188} INFO - [2026-01-31T01:17:21.827+0000] {dag.py:3096} INFO - Sync 1 DAGs
[2026-01-31T01:17:21.842+0000] {logging_mixin.py:188} INFO - [2026-01-31T01:17:21.842+0000] {dag.py:3954} INFO - Setting next_dagrun for ml_training_pipeline to 2026-02-01 00:00:00+00:00, run_after=2026-02-08 00:00:00+00:00
[2026-01-31T01:17:21.857+0000] {processor.py:183} INFO - Processing /opt/airflow/dags/train.py took 2.763 seconds
[2026-01-31T01:17:52.011+0000] {processor.py:161} INFO - Started process (PID=9294) to work on /opt/airflow/dags/train.py
[2026-01-31T01:17:52.012+0000] {processor.py:830} INFO - Processing file /opt/airflow/dags/train.py for tasks to queue
[2026-01-31T01:17:52.013+0000] {logging_mixin.py:188} INFO - [2026-01-31T01:17:52.013+0000] {dagbag.py:545} INFO - Filling up the DagBag from /opt/airflow/dags/train.py
[2026-01-31T01:17:54.226+0000] {logging_mixin.py:188} INFO - [2026-01-31T01:17:54.226+0000] {__init__.py:537} WARNING - mkdir -p failed for path /home/airflow/.cache/matplotlib: [Errno 13] Permission denied: '/home/airflow/.cache/matplotlib'
[2026-01-31T01:17:54.226+0000] {logging_mixin.py:188} INFO - [2026-01-31T01:17:54.226+0000] {__init__.py:554} WARNING - Matplotlib created a temporary cache directory at /tmp/matplotlib-k_la3dj4 because there was an issue with the default path (/home/airflow/.cache/matplotlib); it is highly recommended to set the MPLCONFIGDIR environment variable to a writable directory, in particular to speed up the import of Matplotlib and to better support multiprocessing.
[2026-01-31T01:17:54.312+0000] {logging_mixin.py:188} INFO - [2026-01-31T01:17:54.312+0000] {font_manager.py:1639} INFO - generated new fontManager
[2026-01-31T01:17:54.455+0000] {logging_mixin.py:188} INFO - IP resolvido para MLflow: http://192.168.65.254:5000/
[2026-01-31T01:17:54.457+0000] {logging_mixin.py:188} WARNING - /opt/airflow/dags/train.py:37 RemovedInAirflow3Warning: Function `days_ago` is deprecated and will be removed in Airflow 3.0. You can achieve equivalent behavior with `pendulum.today('UTC').add(days=-N, ...)`
[2026-01-31T01:17:54.458+0000] {logging_mixin.py:188} WARNING - /opt/airflow/dags/train.py:32 RemovedInAirflow3Warning: Param `schedule_interval` is deprecated and will be removed in a future release. Please use `schedule` instead.
[2026-01-31T01:17:54.461+0000] {processor.py:840} INFO - DAG(s) 'ml_training_pipeline' retrieved from /opt/airflow/dags/train.py
[2026-01-31T01:17:54.479+0000] {logging_mixin.py:188} INFO - [2026-01-31T01:17:54.478+0000] {dag.py:3096} INFO - Sync 1 DAGs
[2026-01-31T01:17:54.492+0000] {logging_mixin.py:188} INFO - [2026-01-31T01:17:54.492+0000] {dag.py:3954} INFO - Setting next_dagrun for ml_training_pipeline to 2026-02-01 00:00:00+00:00, run_after=2026-02-08 00:00:00+00:00
[2026-01-31T01:17:54.504+0000] {processor.py:183} INFO - Processing /opt/airflow/dags/train.py took 2.498 seconds
[2026-01-31T01:18:24.714+0000] {processor.py:161} INFO - Started process (PID=9341) to work on /opt/airflow/dags/train.py
[2026-01-31T01:18:24.715+0000] {processor.py:830} INFO - Processing file /opt/airflow/dags/train.py for tasks to queue
[2026-01-31T01:18:24.717+0000] {logging_mixin.py:188} INFO - [2026-01-31T01:18:24.717+0000] {dagbag.py:545} INFO - Filling up the DagBag from /opt/airflow/dags/train.py
[2026-01-31T01:18:26.832+0000] {logging_mixin.py:188} INFO - [2026-01-31T01:18:26.832+0000] {__init__.py:537} WARNING - mkdir -p failed for path /home/airflow/.cache/matplotlib: [Errno 13] Permission denied: '/home/airflow/.cache/matplotlib'
[2026-01-31T01:18:26.833+0000] {logging_mixin.py:188} INFO - [2026-01-31T01:18:26.833+0000] {__init__.py:554} WARNING - Matplotlib created a temporary cache directory at /tmp/matplotlib-bbilwy1j because there was an issue with the default path (/home/airflow/.cache/matplotlib); it is highly recommended to set the MPLCONFIGDIR environment variable to a writable directory, in particular to speed up the import of Matplotlib and to better support multiprocessing.
[2026-01-31T01:18:26.922+0000] {logging_mixin.py:188} INFO - [2026-01-31T01:18:26.922+0000] {font_manager.py:1639} INFO - generated new fontManager
[2026-01-31T01:18:27.059+0000] {logging_mixin.py:188} INFO - IP resolvido para MLflow: http://192.168.65.254:5000/
[2026-01-31T01:18:27.062+0000] {logging_mixin.py:188} WARNING - /opt/airflow/dags/train.py:37 RemovedInAirflow3Warning: Function `days_ago` is deprecated and will be removed in Airflow 3.0. You can achieve equivalent behavior with `pendulum.today('UTC').add(days=-N, ...)`
[2026-01-31T01:18:27.062+0000] {logging_mixin.py:188} WARNING - /opt/airflow/dags/train.py:32 RemovedInAirflow3Warning: Param `schedule_interval` is deprecated and will be removed in a future release. Please use `schedule` instead.
[2026-01-31T01:18:27.066+0000] {processor.py:840} INFO - DAG(s) 'ml_training_pipeline' retrieved from /opt/airflow/dags/train.py
[2026-01-31T01:18:27.082+0000] {logging_mixin.py:188} INFO - [2026-01-31T01:18:27.081+0000] {dag.py:3096} INFO - Sync 1 DAGs
[2026-01-31T01:18:27.094+0000] {logging_mixin.py:188} INFO - [2026-01-31T01:18:27.094+0000] {dag.py:3954} INFO - Setting next_dagrun for ml_training_pipeline to 2026-02-01 00:00:00+00:00, run_after=2026-02-08 00:00:00+00:00
[2026-01-31T01:18:27.109+0000] {processor.py:183} INFO - Processing /opt/airflow/dags/train.py took 2.399 seconds
[2026-01-31T01:18:57.360+0000] {processor.py:161} INFO - Started process (PID=9388) to work on /opt/airflow/dags/train.py
[2026-01-31T01:18:57.361+0000] {processor.py:830} INFO - Processing file /opt/airflow/dags/train.py for tasks to queue
[2026-01-31T01:18:57.362+0000] {logging_mixin.py:188} INFO - [2026-01-31T01:18:57.362+0000] {dagbag.py:545} INFO - Filling up the DagBag from /opt/airflow/dags/train.py
[2026-01-31T01:18:59.588+0000] {logging_mixin.py:188} INFO - [2026-01-31T01:18:59.588+0000] {__init__.py:537} WARNING - mkdir -p failed for path /home/airflow/.cache/matplotlib: [Errno 13] Permission denied: '/home/airflow/.cache/matplotlib'
[2026-01-31T01:18:59.588+0000] {logging_mixin.py:188} INFO - [2026-01-31T01:18:59.588+0000] {__init__.py:554} WARNING - Matplotlib created a temporary cache directory at /tmp/matplotlib-iaxtss97 because there was an issue with the default path (/home/airflow/.cache/matplotlib); it is highly recommended to set the MPLCONFIGDIR environment variable to a writable directory, in particular to speed up the import of Matplotlib and to better support multiprocessing.
[2026-01-31T01:18:59.669+0000] {logging_mixin.py:188} INFO - [2026-01-31T01:18:59.669+0000] {font_manager.py:1639} INFO - generated new fontManager
[2026-01-31T01:18:59.793+0000] {logging_mixin.py:188} INFO - IP resolvido para MLflow: http://192.168.65.254:5000/
[2026-01-31T01:18:59.795+0000] {logging_mixin.py:188} WARNING - /opt/airflow/dags/train.py:37 RemovedInAirflow3Warning: Function `days_ago` is deprecated and will be removed in Airflow 3.0. You can achieve equivalent behavior with `pendulum.today('UTC').add(days=-N, ...)`
[2026-01-31T01:18:59.796+0000] {logging_mixin.py:188} WARNING - /opt/airflow/dags/train.py:32 RemovedInAirflow3Warning: Param `schedule_interval` is deprecated and will be removed in a future release. Please use `schedule` instead.
[2026-01-31T01:18:59.801+0000] {processor.py:840} INFO - DAG(s) 'ml_training_pipeline' retrieved from /opt/airflow/dags/train.py
[2026-01-31T01:18:59.817+0000] {logging_mixin.py:188} INFO - [2026-01-31T01:18:59.817+0000] {dag.py:3096} INFO - Sync 1 DAGs
[2026-01-31T01:18:59.830+0000] {logging_mixin.py:188} INFO - [2026-01-31T01:18:59.829+0000] {dag.py:3954} INFO - Setting next_dagrun for ml_training_pipeline to 2026-02-01 00:00:00+00:00, run_after=2026-02-08 00:00:00+00:00
[2026-01-31T01:18:59.840+0000] {processor.py:183} INFO - Processing /opt/airflow/dags/train.py took 2.484 seconds
[2026-01-31T01:19:30.000+0000] {processor.py:161} INFO - Started process (PID=9435) to work on /opt/airflow/dags/train.py
[2026-01-31T01:19:30.002+0000] {processor.py:830} INFO - Processing file /opt/airflow/dags/train.py for tasks to queue
[2026-01-31T01:19:30.004+0000] {logging_mixin.py:188} INFO - [2026-01-31T01:19:30.003+0000] {dagbag.py:545} INFO - Filling up the DagBag from /opt/airflow/dags/train.py
[2026-01-31T01:19:32.171+0000] {logging_mixin.py:188} INFO - [2026-01-31T01:19:32.170+0000] {__init__.py:537} WARNING - mkdir -p failed for path /home/airflow/.cache/matplotlib: [Errno 13] Permission denied: '/home/airflow/.cache/matplotlib'
[2026-01-31T01:19:32.171+0000] {logging_mixin.py:188} INFO - [2026-01-31T01:19:32.171+0000] {__init__.py:554} WARNING - Matplotlib created a temporary cache directory at /tmp/matplotlib-jmumz5kj because there was an issue with the default path (/home/airflow/.cache/matplotlib); it is highly recommended to set the MPLCONFIGDIR environment variable to a writable directory, in particular to speed up the import of Matplotlib and to better support multiprocessing.
[2026-01-31T01:19:32.246+0000] {logging_mixin.py:188} INFO - [2026-01-31T01:19:32.246+0000] {font_manager.py:1639} INFO - generated new fontManager
[2026-01-31T01:19:32.436+0000] {logging_mixin.py:188} INFO - IP resolvido para MLflow: http://192.168.65.254:5000/
[2026-01-31T01:19:32.439+0000] {logging_mixin.py:188} WARNING - /opt/airflow/dags/train.py:37 RemovedInAirflow3Warning: Function `days_ago` is deprecated and will be removed in Airflow 3.0. You can achieve equivalent behavior with `pendulum.today('UTC').add(days=-N, ...)`
[2026-01-31T01:19:32.440+0000] {logging_mixin.py:188} WARNING - /opt/airflow/dags/train.py:32 RemovedInAirflow3Warning: Param `schedule_interval` is deprecated and will be removed in a future release. Please use `schedule` instead.
[2026-01-31T01:19:32.443+0000] {processor.py:840} INFO - DAG(s) 'ml_training_pipeline' retrieved from /opt/airflow/dags/train.py
[2026-01-31T01:19:32.460+0000] {logging_mixin.py:188} INFO - [2026-01-31T01:19:32.459+0000] {dag.py:3096} INFO - Sync 1 DAGs
[2026-01-31T01:19:32.473+0000] {logging_mixin.py:188} INFO - [2026-01-31T01:19:32.473+0000] {dag.py:3954} INFO - Setting next_dagrun for ml_training_pipeline to 2026-02-01 00:00:00+00:00, run_after=2026-02-08 00:00:00+00:00
[2026-01-31T01:19:32.488+0000] {processor.py:183} INFO - Processing /opt/airflow/dags/train.py took 2.492 seconds
[2026-01-31T01:20:02.584+0000] {processor.py:161} INFO - Started process (PID=9482) to work on /opt/airflow/dags/train.py
[2026-01-31T01:20:02.584+0000] {processor.py:830} INFO - Processing file /opt/airflow/dags/train.py for tasks to queue
[2026-01-31T01:20:02.586+0000] {logging_mixin.py:188} INFO - [2026-01-31T01:20:02.585+0000] {dagbag.py:545} INFO - Filling up the DagBag from /opt/airflow/dags/train.py
[2026-01-31T01:20:04.701+0000] {logging_mixin.py:188} INFO - [2026-01-31T01:20:04.701+0000] {__init__.py:537} WARNING - mkdir -p failed for path /home/airflow/.cache/matplotlib: [Errno 13] Permission denied: '/home/airflow/.cache/matplotlib'
[2026-01-31T01:20:04.702+0000] {logging_mixin.py:188} INFO - [2026-01-31T01:20:04.702+0000] {__init__.py:554} WARNING - Matplotlib created a temporary cache directory at /tmp/matplotlib-sliedhfj because there was an issue with the default path (/home/airflow/.cache/matplotlib); it is highly recommended to set the MPLCONFIGDIR environment variable to a writable directory, in particular to speed up the import of Matplotlib and to better support multiprocessing.
[2026-01-31T01:20:04.784+0000] {logging_mixin.py:188} INFO - [2026-01-31T01:20:04.784+0000] {font_manager.py:1639} INFO - generated new fontManager
[2026-01-31T01:20:04.913+0000] {logging_mixin.py:188} INFO - IP resolvido para MLflow: http://192.168.65.254:5000/
[2026-01-31T01:20:04.915+0000] {logging_mixin.py:188} WARNING - /opt/airflow/dags/train.py:37 RemovedInAirflow3Warning: Function `days_ago` is deprecated and will be removed in Airflow 3.0. You can achieve equivalent behavior with `pendulum.today('UTC').add(days=-N, ...)`
[2026-01-31T01:20:04.916+0000] {logging_mixin.py:188} WARNING - /opt/airflow/dags/train.py:32 RemovedInAirflow3Warning: Param `schedule_interval` is deprecated and will be removed in a future release. Please use `schedule` instead.
[2026-01-31T01:20:04.920+0000] {processor.py:840} INFO - DAG(s) 'ml_training_pipeline' retrieved from /opt/airflow/dags/train.py
[2026-01-31T01:20:04.934+0000] {logging_mixin.py:188} INFO - [2026-01-31T01:20:04.934+0000] {dag.py:3096} INFO - Sync 1 DAGs
[2026-01-31T01:20:04.946+0000] {logging_mixin.py:188} INFO - [2026-01-31T01:20:04.946+0000] {dag.py:3954} INFO - Setting next_dagrun for ml_training_pipeline to 2026-02-01 00:00:00+00:00, run_after=2026-02-08 00:00:00+00:00
[2026-01-31T01:20:04.958+0000] {processor.py:183} INFO - Processing /opt/airflow/dags/train.py took 2.378 seconds
[2026-01-31T01:20:35.318+0000] {processor.py:161} INFO - Started process (PID=9529) to work on /opt/airflow/dags/train.py
[2026-01-31T01:20:35.322+0000] {processor.py:830} INFO - Processing file /opt/airflow/dags/train.py for tasks to queue
[2026-01-31T01:20:35.323+0000] {logging_mixin.py:188} INFO - [2026-01-31T01:20:35.323+0000] {dagbag.py:545} INFO - Filling up the DagBag from /opt/airflow/dags/train.py
[2026-01-31T01:20:37.723+0000] {logging_mixin.py:188} INFO - [2026-01-31T01:20:37.722+0000] {__init__.py:537} WARNING - mkdir -p failed for path /home/airflow/.cache/matplotlib: [Errno 13] Permission denied: '/home/airflow/.cache/matplotlib'
[2026-01-31T01:20:37.723+0000] {logging_mixin.py:188} INFO - [2026-01-31T01:20:37.723+0000] {__init__.py:554} WARNING - Matplotlib created a temporary cache directory at /tmp/matplotlib-6yh44_7a because there was an issue with the default path (/home/airflow/.cache/matplotlib); it is highly recommended to set the MPLCONFIGDIR environment variable to a writable directory, in particular to speed up the import of Matplotlib and to better support multiprocessing.
[2026-01-31T01:20:37.801+0000] {logging_mixin.py:188} INFO - [2026-01-31T01:20:37.800+0000] {font_manager.py:1639} INFO - generated new fontManager
[2026-01-31T01:20:37.927+0000] {logging_mixin.py:188} INFO - IP resolvido para MLflow: http://192.168.65.254:5000/
[2026-01-31T01:20:37.929+0000] {logging_mixin.py:188} WARNING - /opt/airflow/dags/train.py:37 RemovedInAirflow3Warning: Function `days_ago` is deprecated and will be removed in Airflow 3.0. You can achieve equivalent behavior with `pendulum.today('UTC').add(days=-N, ...)`
[2026-01-31T01:20:37.930+0000] {logging_mixin.py:188} WARNING - /opt/airflow/dags/train.py:32 RemovedInAirflow3Warning: Param `schedule_interval` is deprecated and will be removed in a future release. Please use `schedule` instead.
[2026-01-31T01:20:37.933+0000] {processor.py:840} INFO - DAG(s) 'ml_training_pipeline' retrieved from /opt/airflow/dags/train.py
[2026-01-31T01:20:37.947+0000] {logging_mixin.py:188} INFO - [2026-01-31T01:20:37.947+0000] {dag.py:3096} INFO - Sync 1 DAGs
[2026-01-31T01:20:37.958+0000] {logging_mixin.py:188} INFO - [2026-01-31T01:20:37.958+0000] {dag.py:3954} INFO - Setting next_dagrun for ml_training_pipeline to 2026-02-01 00:00:00+00:00, run_after=2026-02-08 00:00:00+00:00
[2026-01-31T01:20:37.972+0000] {processor.py:183} INFO - Processing /opt/airflow/dags/train.py took 2.661 seconds
[2026-01-31T01:21:08.140+0000] {processor.py:161} INFO - Started process (PID=9576) to work on /opt/airflow/dags/train.py
[2026-01-31T01:21:08.140+0000] {processor.py:830} INFO - Processing file /opt/airflow/dags/train.py for tasks to queue
[2026-01-31T01:21:08.141+0000] {logging_mixin.py:188} INFO - [2026-01-31T01:21:08.141+0000] {dagbag.py:545} INFO - Filling up the DagBag from /opt/airflow/dags/train.py
[2026-01-31T01:21:10.586+0000] {logging_mixin.py:188} INFO - [2026-01-31T01:21:10.585+0000] {__init__.py:537} WARNING - mkdir -p failed for path /home/airflow/.cache/matplotlib: [Errno 13] Permission denied: '/home/airflow/.cache/matplotlib'
[2026-01-31T01:21:10.586+0000] {logging_mixin.py:188} INFO - [2026-01-31T01:21:10.586+0000] {__init__.py:554} WARNING - Matplotlib created a temporary cache directory at /tmp/matplotlib-j56i3v0z because there was an issue with the default path (/home/airflow/.cache/matplotlib); it is highly recommended to set the MPLCONFIGDIR environment variable to a writable directory, in particular to speed up the import of Matplotlib and to better support multiprocessing.
[2026-01-31T01:21:10.676+0000] {logging_mixin.py:188} INFO - [2026-01-31T01:21:10.675+0000] {font_manager.py:1639} INFO - generated new fontManager
[2026-01-31T01:21:10.816+0000] {logging_mixin.py:188} INFO - IP resolvido para MLflow: http://192.168.65.254:5000/
[2026-01-31T01:21:10.821+0000] {logging_mixin.py:188} WARNING - /opt/airflow/dags/train.py:37 RemovedInAirflow3Warning: Function `days_ago` is deprecated and will be removed in Airflow 3.0. You can achieve equivalent behavior with `pendulum.today('UTC').add(days=-N, ...)`
[2026-01-31T01:21:10.822+0000] {logging_mixin.py:188} WARNING - /opt/airflow/dags/train.py:32 RemovedInAirflow3Warning: Param `schedule_interval` is deprecated and will be removed in a future release. Please use `schedule` instead.
[2026-01-31T01:21:10.827+0000] {processor.py:840} INFO - DAG(s) 'ml_training_pipeline' retrieved from /opt/airflow/dags/train.py
[2026-01-31T01:21:10.847+0000] {logging_mixin.py:188} INFO - [2026-01-31T01:21:10.846+0000] {dag.py:3096} INFO - Sync 1 DAGs
[2026-01-31T01:21:10.862+0000] {logging_mixin.py:188} INFO - [2026-01-31T01:21:10.862+0000] {dag.py:3954} INFO - Setting next_dagrun for ml_training_pipeline to 2026-02-01 00:00:00+00:00, run_after=2026-02-08 00:00:00+00:00
[2026-01-31T01:21:10.878+0000] {processor.py:183} INFO - Processing /opt/airflow/dags/train.py took 2.742 seconds
[2026-01-31T01:21:41.352+0000] {processor.py:161} INFO - Started process (PID=9624) to work on /opt/airflow/dags/train.py
[2026-01-31T01:21:41.354+0000] {processor.py:830} INFO - Processing file /opt/airflow/dags/train.py for tasks to queue
[2026-01-31T01:21:41.355+0000] {logging_mixin.py:188} INFO - [2026-01-31T01:21:41.355+0000] {dagbag.py:545} INFO - Filling up the DagBag from /opt/airflow/dags/train.py
[2026-01-31T01:21:43.432+0000] {logging_mixin.py:188} INFO - [2026-01-31T01:21:43.432+0000] {__init__.py:537} WARNING - mkdir -p failed for path /home/airflow/.cache/matplotlib: [Errno 13] Permission denied: '/home/airflow/.cache/matplotlib'
[2026-01-31T01:21:43.433+0000] {logging_mixin.py:188} INFO - [2026-01-31T01:21:43.433+0000] {__init__.py:554} WARNING - Matplotlib created a temporary cache directory at /tmp/matplotlib-k4d9qa1f because there was an issue with the default path (/home/airflow/.cache/matplotlib); it is highly recommended to set the MPLCONFIGDIR environment variable to a writable directory, in particular to speed up the import of Matplotlib and to better support multiprocessing.
[2026-01-31T01:21:43.518+0000] {logging_mixin.py:188} INFO - [2026-01-31T01:21:43.518+0000] {font_manager.py:1639} INFO - generated new fontManager
[2026-01-31T01:21:43.670+0000] {logging_mixin.py:188} INFO - IP resolvido para MLflow: http://192.168.65.254:5000/
[2026-01-31T01:21:43.673+0000] {logging_mixin.py:188} WARNING - /opt/airflow/dags/train.py:37 RemovedInAirflow3Warning: Function `days_ago` is deprecated and will be removed in Airflow 3.0. You can achieve equivalent behavior with `pendulum.today('UTC').add(days=-N, ...)`
[2026-01-31T01:21:43.674+0000] {logging_mixin.py:188} WARNING - /opt/airflow/dags/train.py:32 RemovedInAirflow3Warning: Param `schedule_interval` is deprecated and will be removed in a future release. Please use `schedule` instead.
[2026-01-31T01:21:43.678+0000] {processor.py:840} INFO - DAG(s) 'ml_training_pipeline' retrieved from /opt/airflow/dags/train.py
[2026-01-31T01:21:43.698+0000] {logging_mixin.py:188} INFO - [2026-01-31T01:21:43.697+0000] {dag.py:3096} INFO - Sync 1 DAGs
[2026-01-31T01:21:43.711+0000] {logging_mixin.py:188} INFO - [2026-01-31T01:21:43.711+0000] {dag.py:3954} INFO - Setting next_dagrun for ml_training_pipeline to 2026-02-01 00:00:00+00:00, run_after=2026-02-08 00:00:00+00:00
[2026-01-31T01:21:43.727+0000] {processor.py:183} INFO - Processing /opt/airflow/dags/train.py took 2.379 seconds
[2026-01-31T01:22:13.997+0000] {processor.py:161} INFO - Started process (PID=9671) to work on /opt/airflow/dags/train.py
[2026-01-31T01:22:13.998+0000] {processor.py:830} INFO - Processing file /opt/airflow/dags/train.py for tasks to queue
[2026-01-31T01:22:14.000+0000] {logging_mixin.py:188} INFO - [2026-01-31T01:22:13.999+0000] {dagbag.py:545} INFO - Filling up the DagBag from /opt/airflow/dags/train.py
[2026-01-31T01:22:16.217+0000] {logging_mixin.py:188} INFO - [2026-01-31T01:22:16.216+0000] {__init__.py:537} WARNING - mkdir -p failed for path /home/airflow/.cache/matplotlib: [Errno 13] Permission denied: '/home/airflow/.cache/matplotlib'
[2026-01-31T01:22:16.217+0000] {logging_mixin.py:188} INFO - [2026-01-31T01:22:16.217+0000] {__init__.py:554} WARNING - Matplotlib created a temporary cache directory at /tmp/matplotlib-u3zjh5tj because there was an issue with the default path (/home/airflow/.cache/matplotlib); it is highly recommended to set the MPLCONFIGDIR environment variable to a writable directory, in particular to speed up the import of Matplotlib and to better support multiprocessing.
[2026-01-31T01:22:16.301+0000] {logging_mixin.py:188} INFO - [2026-01-31T01:22:16.301+0000] {font_manager.py:1639} INFO - generated new fontManager
[2026-01-31T01:22:16.429+0000] {logging_mixin.py:188} INFO - IP resolvido para MLflow: http://192.168.65.254:5000/
[2026-01-31T01:22:16.432+0000] {logging_mixin.py:188} WARNING - /opt/airflow/dags/train.py:37 RemovedInAirflow3Warning: Function `days_ago` is deprecated and will be removed in Airflow 3.0. You can achieve equivalent behavior with `pendulum.today('UTC').add(days=-N, ...)`
[2026-01-31T01:22:16.432+0000] {logging_mixin.py:188} WARNING - /opt/airflow/dags/train.py:32 RemovedInAirflow3Warning: Param `schedule_interval` is deprecated and will be removed in a future release. Please use `schedule` instead.
[2026-01-31T01:22:16.436+0000] {processor.py:840} INFO - DAG(s) 'ml_training_pipeline' retrieved from /opt/airflow/dags/train.py
[2026-01-31T01:22:16.453+0000] {logging_mixin.py:188} INFO - [2026-01-31T01:22:16.453+0000] {dag.py:3096} INFO - Sync 1 DAGs
[2026-01-31T01:22:16.464+0000] {logging_mixin.py:188} INFO - [2026-01-31T01:22:16.464+0000] {dag.py:3954} INFO - Setting next_dagrun for ml_training_pipeline to 2026-02-01 00:00:00+00:00, run_after=2026-02-08 00:00:00+00:00
[2026-01-31T01:22:16.477+0000] {processor.py:183} INFO - Processing /opt/airflow/dags/train.py took 2.484 seconds
[2026-01-31T01:22:47.140+0000] {processor.py:161} INFO - Started process (PID=9719) to work on /opt/airflow/dags/train.py
[2026-01-31T01:22:47.142+0000] {processor.py:830} INFO - Processing file /opt/airflow/dags/train.py for tasks to queue
[2026-01-31T01:22:47.143+0000] {logging_mixin.py:188} INFO - [2026-01-31T01:22:47.143+0000] {dagbag.py:545} INFO - Filling up the DagBag from /opt/airflow/dags/train.py
[2026-01-31T01:22:49.410+0000] {logging_mixin.py:188} INFO - [2026-01-31T01:22:49.410+0000] {__init__.py:537} WARNING - mkdir -p failed for path /home/airflow/.cache/matplotlib: [Errno 13] Permission denied: '/home/airflow/.cache/matplotlib'
[2026-01-31T01:22:49.411+0000] {logging_mixin.py:188} INFO - [2026-01-31T01:22:49.411+0000] {__init__.py:554} WARNING - Matplotlib created a temporary cache directory at /tmp/matplotlib-jy5wscmz because there was an issue with the default path (/home/airflow/.cache/matplotlib); it is highly recommended to set the MPLCONFIGDIR environment variable to a writable directory, in particular to speed up the import of Matplotlib and to better support multiprocessing.
[2026-01-31T01:22:49.487+0000] {logging_mixin.py:188} INFO - [2026-01-31T01:22:49.487+0000] {font_manager.py:1639} INFO - generated new fontManager
[2026-01-31T01:22:49.624+0000] {logging_mixin.py:188} INFO - IP resolvido para MLflow: http://192.168.65.254:5000/
[2026-01-31T01:22:49.626+0000] {logging_mixin.py:188} WARNING - /opt/airflow/dags/train.py:37 RemovedInAirflow3Warning: Function `days_ago` is deprecated and will be removed in Airflow 3.0. You can achieve equivalent behavior with `pendulum.today('UTC').add(days=-N, ...)`
[2026-01-31T01:22:49.627+0000] {logging_mixin.py:188} WARNING - /opt/airflow/dags/train.py:32 RemovedInAirflow3Warning: Param `schedule_interval` is deprecated and will be removed in a future release. Please use `schedule` instead.
[2026-01-31T01:22:49.630+0000] {processor.py:840} INFO - DAG(s) 'ml_training_pipeline' retrieved from /opt/airflow/dags/train.py
[2026-01-31T01:22:49.645+0000] {logging_mixin.py:188} INFO - [2026-01-31T01:22:49.645+0000] {dag.py:3096} INFO - Sync 1 DAGs
[2026-01-31T01:22:49.657+0000] {logging_mixin.py:188} INFO - [2026-01-31T01:22:49.657+0000] {dag.py:3954} INFO - Setting next_dagrun for ml_training_pipeline to 2026-02-01 00:00:00+00:00, run_after=2026-02-08 00:00:00+00:00
[2026-01-31T01:22:49.670+0000] {processor.py:183} INFO - Processing /opt/airflow/dags/train.py took 2.533 seconds
[2026-01-31T01:23:19.758+0000] {processor.py:161} INFO - Started process (PID=9766) to work on /opt/airflow/dags/train.py
[2026-01-31T01:23:19.759+0000] {processor.py:830} INFO - Processing file /opt/airflow/dags/train.py for tasks to queue
[2026-01-31T01:23:19.760+0000] {logging_mixin.py:188} INFO - [2026-01-31T01:23:19.760+0000] {dagbag.py:545} INFO - Filling up the DagBag from /opt/airflow/dags/train.py
[2026-01-31T01:23:21.985+0000] {logging_mixin.py:188} INFO - [2026-01-31T01:23:21.985+0000] {__init__.py:537} WARNING - mkdir -p failed for path /home/airflow/.cache/matplotlib: [Errno 13] Permission denied: '/home/airflow/.cache/matplotlib'
[2026-01-31T01:23:21.986+0000] {logging_mixin.py:188} INFO - [2026-01-31T01:23:21.986+0000] {__init__.py:554} WARNING - Matplotlib created a temporary cache directory at /tmp/matplotlib-2knqre7j because there was an issue with the default path (/home/airflow/.cache/matplotlib); it is highly recommended to set the MPLCONFIGDIR environment variable to a writable directory, in particular to speed up the import of Matplotlib and to better support multiprocessing.
[2026-01-31T01:23:22.063+0000] {logging_mixin.py:188} INFO - [2026-01-31T01:23:22.063+0000] {font_manager.py:1639} INFO - generated new fontManager
[2026-01-31T01:23:22.209+0000] {logging_mixin.py:188} INFO - IP resolvido para MLflow: http://192.168.65.254:5000/
[2026-01-31T01:23:22.211+0000] {logging_mixin.py:188} WARNING - /opt/airflow/dags/train.py:37 RemovedInAirflow3Warning: Function `days_ago` is deprecated and will be removed in Airflow 3.0. You can achieve equivalent behavior with `pendulum.today('UTC').add(days=-N, ...)`
[2026-01-31T01:23:22.212+0000] {logging_mixin.py:188} WARNING - /opt/airflow/dags/train.py:32 RemovedInAirflow3Warning: Param `schedule_interval` is deprecated and will be removed in a future release. Please use `schedule` instead.
[2026-01-31T01:23:22.217+0000] {processor.py:840} INFO - DAG(s) 'ml_training_pipeline' retrieved from /opt/airflow/dags/train.py
[2026-01-31T01:23:22.236+0000] {logging_mixin.py:188} INFO - [2026-01-31T01:23:22.236+0000] {dag.py:3096} INFO - Sync 1 DAGs
[2026-01-31T01:23:22.252+0000] {logging_mixin.py:188} INFO - [2026-01-31T01:23:22.252+0000] {dag.py:3954} INFO - Setting next_dagrun for ml_training_pipeline to 2026-02-01 00:00:00+00:00, run_after=2026-02-08 00:00:00+00:00
[2026-01-31T01:23:22.268+0000] {processor.py:183} INFO - Processing /opt/airflow/dags/train.py took 2.514 seconds
[2026-01-31T01:23:52.928+0000] {processor.py:161} INFO - Started process (PID=9813) to work on /opt/airflow/dags/train.py
[2026-01-31T01:23:52.930+0000] {processor.py:830} INFO - Processing file /opt/airflow/dags/train.py for tasks to queue
[2026-01-31T01:23:52.932+0000] {logging_mixin.py:188} INFO - [2026-01-31T01:23:52.931+0000] {dagbag.py:545} INFO - Filling up the DagBag from /opt/airflow/dags/train.py
[2026-01-31T01:23:55.132+0000] {logging_mixin.py:188} INFO - [2026-01-31T01:23:55.132+0000] {__init__.py:537} WARNING - mkdir -p failed for path /home/airflow/.cache/matplotlib: [Errno 13] Permission denied: '/home/airflow/.cache/matplotlib'
[2026-01-31T01:23:55.133+0000] {logging_mixin.py:188} INFO - [2026-01-31T01:23:55.133+0000] {__init__.py:554} WARNING - Matplotlib created a temporary cache directory at /tmp/matplotlib-igxtrdbg because there was an issue with the default path (/home/airflow/.cache/matplotlib); it is highly recommended to set the MPLCONFIGDIR environment variable to a writable directory, in particular to speed up the import of Matplotlib and to better support multiprocessing.
[2026-01-31T01:23:55.213+0000] {logging_mixin.py:188} INFO - [2026-01-31T01:23:55.213+0000] {font_manager.py:1639} INFO - generated new fontManager
[2026-01-31T01:23:55.348+0000] {logging_mixin.py:188} INFO - IP resolvido para MLflow: http://192.168.65.254:5000/
[2026-01-31T01:23:55.350+0000] {logging_mixin.py:188} WARNING - /opt/airflow/dags/train.py:37 RemovedInAirflow3Warning: Function `days_ago` is deprecated and will be removed in Airflow 3.0. You can achieve equivalent behavior with `pendulum.today('UTC').add(days=-N, ...)`
[2026-01-31T01:23:55.351+0000] {logging_mixin.py:188} WARNING - /opt/airflow/dags/train.py:32 RemovedInAirflow3Warning: Param `schedule_interval` is deprecated and will be removed in a future release. Please use `schedule` instead.
[2026-01-31T01:23:55.354+0000] {processor.py:840} INFO - DAG(s) 'ml_training_pipeline' retrieved from /opt/airflow/dags/train.py
[2026-01-31T01:23:55.370+0000] {logging_mixin.py:188} INFO - [2026-01-31T01:23:55.370+0000] {dag.py:3096} INFO - Sync 1 DAGs
[2026-01-31T01:23:55.385+0000] {logging_mixin.py:188} INFO - [2026-01-31T01:23:55.385+0000] {dag.py:3954} INFO - Setting next_dagrun for ml_training_pipeline to 2026-02-01 00:00:00+00:00, run_after=2026-02-08 00:00:00+00:00
[2026-01-31T01:23:55.398+0000] {processor.py:183} INFO - Processing /opt/airflow/dags/train.py took 2.474 seconds
[2026-01-31T01:24:25.689+0000] {processor.py:161} INFO - Started process (PID=9860) to work on /opt/airflow/dags/train.py
[2026-01-31T01:24:25.690+0000] {processor.py:830} INFO - Processing file /opt/airflow/dags/train.py for tasks to queue
[2026-01-31T01:24:25.691+0000] {logging_mixin.py:188} INFO - [2026-01-31T01:24:25.691+0000] {dagbag.py:545} INFO - Filling up the DagBag from /opt/airflow/dags/train.py
[2026-01-31T01:24:27.810+0000] {logging_mixin.py:188} INFO - [2026-01-31T01:24:27.810+0000] {__init__.py:537} WARNING - mkdir -p failed for path /home/airflow/.cache/matplotlib: [Errno 13] Permission denied: '/home/airflow/.cache/matplotlib'
[2026-01-31T01:24:27.811+0000] {logging_mixin.py:188} INFO - [2026-01-31T01:24:27.811+0000] {__init__.py:554} WARNING - Matplotlib created a temporary cache directory at /tmp/matplotlib-gumujgv2 because there was an issue with the default path (/home/airflow/.cache/matplotlib); it is highly recommended to set the MPLCONFIGDIR environment variable to a writable directory, in particular to speed up the import of Matplotlib and to better support multiprocessing.
[2026-01-31T01:24:27.890+0000] {logging_mixin.py:188} INFO - [2026-01-31T01:24:27.890+0000] {font_manager.py:1639} INFO - generated new fontManager
[2026-01-31T01:24:28.021+0000] {logging_mixin.py:188} INFO - IP resolvido para MLflow: http://192.168.65.254:5000/
[2026-01-31T01:24:28.023+0000] {logging_mixin.py:188} WARNING - /opt/airflow/dags/train.py:37 RemovedInAirflow3Warning: Function `days_ago` is deprecated and will be removed in Airflow 3.0. You can achieve equivalent behavior with `pendulum.today('UTC').add(days=-N, ...)`
[2026-01-31T01:24:28.024+0000] {logging_mixin.py:188} WARNING - /opt/airflow/dags/train.py:32 RemovedInAirflow3Warning: Param `schedule_interval` is deprecated and will be removed in a future release. Please use `schedule` instead.
[2026-01-31T01:24:28.028+0000] {processor.py:840} INFO - DAG(s) 'ml_training_pipeline' retrieved from /opt/airflow/dags/train.py
[2026-01-31T01:24:28.044+0000] {logging_mixin.py:188} INFO - [2026-01-31T01:24:28.044+0000] {dag.py:3096} INFO - Sync 1 DAGs
[2026-01-31T01:24:28.055+0000] {logging_mixin.py:188} INFO - [2026-01-31T01:24:28.055+0000] {dag.py:3954} INFO - Setting next_dagrun for ml_training_pipeline to 2026-02-01 00:00:00+00:00, run_after=2026-02-08 00:00:00+00:00
[2026-01-31T01:24:28.072+0000] {processor.py:183} INFO - Processing /opt/airflow/dags/train.py took 2.387 seconds
[2026-01-31T01:24:58.227+0000] {processor.py:161} INFO - Started process (PID=9907) to work on /opt/airflow/dags/train.py
[2026-01-31T01:24:58.230+0000] {processor.py:830} INFO - Processing file /opt/airflow/dags/train.py for tasks to queue
[2026-01-31T01:24:58.231+0000] {logging_mixin.py:188} INFO - [2026-01-31T01:24:58.231+0000] {dagbag.py:545} INFO - Filling up the DagBag from /opt/airflow/dags/train.py
[2026-01-31T01:25:00.589+0000] {logging_mixin.py:188} INFO - [2026-01-31T01:25:00.589+0000] {__init__.py:537} WARNING - mkdir -p failed for path /home/airflow/.cache/matplotlib: [Errno 13] Permission denied: '/home/airflow/.cache/matplotlib'
[2026-01-31T01:25:00.591+0000] {logging_mixin.py:188} INFO - [2026-01-31T01:25:00.591+0000] {__init__.py:554} WARNING - Matplotlib created a temporary cache directory at /tmp/matplotlib-aq9fgm45 because there was an issue with the default path (/home/airflow/.cache/matplotlib); it is highly recommended to set the MPLCONFIGDIR environment variable to a writable directory, in particular to speed up the import of Matplotlib and to better support multiprocessing.
[2026-01-31T01:25:00.698+0000] {logging_mixin.py:188} INFO - [2026-01-31T01:25:00.698+0000] {font_manager.py:1639} INFO - generated new fontManager
[2026-01-31T01:25:00.834+0000] {logging_mixin.py:188} INFO - IP resolvido para MLflow: http://192.168.65.254:5000/
[2026-01-31T01:25:00.836+0000] {logging_mixin.py:188} WARNING - /opt/airflow/dags/train.py:37 RemovedInAirflow3Warning: Function `days_ago` is deprecated and will be removed in Airflow 3.0. You can achieve equivalent behavior with `pendulum.today('UTC').add(days=-N, ...)`
[2026-01-31T01:25:00.837+0000] {logging_mixin.py:188} WARNING - /opt/airflow/dags/train.py:32 RemovedInAirflow3Warning: Param `schedule_interval` is deprecated and will be removed in a future release. Please use `schedule` instead.
[2026-01-31T01:25:00.840+0000] {processor.py:840} INFO - DAG(s) 'ml_training_pipeline' retrieved from /opt/airflow/dags/train.py
[2026-01-31T01:25:00.858+0000] {logging_mixin.py:188} INFO - [2026-01-31T01:25:00.857+0000] {dag.py:3096} INFO - Sync 1 DAGs
[2026-01-31T01:25:00.871+0000] {logging_mixin.py:188} INFO - [2026-01-31T01:25:00.870+0000] {dag.py:3954} INFO - Setting next_dagrun for ml_training_pipeline to 2026-02-01 00:00:00+00:00, run_after=2026-02-08 00:00:00+00:00
[2026-01-31T01:25:00.888+0000] {processor.py:183} INFO - Processing /opt/airflow/dags/train.py took 2.666 seconds
[2026-01-31T01:25:30.947+0000] {processor.py:161} INFO - Started process (PID=9954) to work on /opt/airflow/dags/train.py
[2026-01-31T01:25:30.948+0000] {processor.py:830} INFO - Processing file /opt/airflow/dags/train.py for tasks to queue
[2026-01-31T01:25:30.949+0000] {logging_mixin.py:188} INFO - [2026-01-31T01:25:30.949+0000] {dagbag.py:545} INFO - Filling up the DagBag from /opt/airflow/dags/train.py
[2026-01-31T01:25:33.112+0000] {logging_mixin.py:188} INFO - [2026-01-31T01:25:33.111+0000] {__init__.py:537} WARNING - mkdir -p failed for path /home/airflow/.cache/matplotlib: [Errno 13] Permission denied: '/home/airflow/.cache/matplotlib'
[2026-01-31T01:25:33.112+0000] {logging_mixin.py:188} INFO - [2026-01-31T01:25:33.112+0000] {__init__.py:554} WARNING - Matplotlib created a temporary cache directory at /tmp/matplotlib-d_b07jbm because there was an issue with the default path (/home/airflow/.cache/matplotlib); it is highly recommended to set the MPLCONFIGDIR environment variable to a writable directory, in particular to speed up the import of Matplotlib and to better support multiprocessing.
[2026-01-31T01:25:33.197+0000] {logging_mixin.py:188} INFO - [2026-01-31T01:25:33.197+0000] {font_manager.py:1639} INFO - generated new fontManager
[2026-01-31T01:25:33.329+0000] {logging_mixin.py:188} INFO - IP resolvido para MLflow: http://192.168.65.254:5000/
[2026-01-31T01:25:33.331+0000] {logging_mixin.py:188} WARNING - /opt/airflow/dags/train.py:37 RemovedInAirflow3Warning: Function `days_ago` is deprecated and will be removed in Airflow 3.0. You can achieve equivalent behavior with `pendulum.today('UTC').add(days=-N, ...)`
[2026-01-31T01:25:33.332+0000] {logging_mixin.py:188} WARNING - /opt/airflow/dags/train.py:32 RemovedInAirflow3Warning: Param `schedule_interval` is deprecated and will be removed in a future release. Please use `schedule` instead.
[2026-01-31T01:25:33.335+0000] {processor.py:840} INFO - DAG(s) 'ml_training_pipeline' retrieved from /opt/airflow/dags/train.py
[2026-01-31T01:25:33.351+0000] {logging_mixin.py:188} INFO - [2026-01-31T01:25:33.351+0000] {dag.py:3096} INFO - Sync 1 DAGs
[2026-01-31T01:25:33.362+0000] {logging_mixin.py:188} INFO - [2026-01-31T01:25:33.362+0000] {dag.py:3954} INFO - Setting next_dagrun for ml_training_pipeline to 2026-02-01 00:00:00+00:00, run_after=2026-02-08 00:00:00+00:00
[2026-01-31T01:25:33.374+0000] {processor.py:183} INFO - Processing /opt/airflow/dags/train.py took 2.433 seconds
[2026-01-31T01:26:03.458+0000] {processor.py:161} INFO - Started process (PID=10001) to work on /opt/airflow/dags/train.py
[2026-01-31T01:26:03.460+0000] {processor.py:830} INFO - Processing file /opt/airflow/dags/train.py for tasks to queue
[2026-01-31T01:26:03.461+0000] {logging_mixin.py:188} INFO - [2026-01-31T01:26:03.461+0000] {dagbag.py:545} INFO - Filling up the DagBag from /opt/airflow/dags/train.py
[2026-01-31T01:26:05.643+0000] {logging_mixin.py:188} INFO - [2026-01-31T01:26:05.643+0000] {__init__.py:537} WARNING - mkdir -p failed for path /home/airflow/.cache/matplotlib: [Errno 13] Permission denied: '/home/airflow/.cache/matplotlib'
[2026-01-31T01:26:05.644+0000] {logging_mixin.py:188} INFO - [2026-01-31T01:26:05.643+0000] {__init__.py:554} WARNING - Matplotlib created a temporary cache directory at /tmp/matplotlib-11f2_xfr because there was an issue with the default path (/home/airflow/.cache/matplotlib); it is highly recommended to set the MPLCONFIGDIR environment variable to a writable directory, in particular to speed up the import of Matplotlib and to better support multiprocessing.
[2026-01-31T01:26:05.725+0000] {logging_mixin.py:188} INFO - [2026-01-31T01:26:05.725+0000] {font_manager.py:1639} INFO - generated new fontManager
[2026-01-31T01:26:05.868+0000] {logging_mixin.py:188} INFO - IP resolvido para MLflow: http://192.168.65.254:5000/
[2026-01-31T01:26:05.870+0000] {logging_mixin.py:188} WARNING - /opt/airflow/dags/train.py:37 RemovedInAirflow3Warning: Function `days_ago` is deprecated and will be removed in Airflow 3.0. You can achieve equivalent behavior with `pendulum.today('UTC').add(days=-N, ...)`
[2026-01-31T01:26:05.871+0000] {logging_mixin.py:188} WARNING - /opt/airflow/dags/train.py:32 RemovedInAirflow3Warning: Param `schedule_interval` is deprecated and will be removed in a future release. Please use `schedule` instead.
[2026-01-31T01:26:05.874+0000] {processor.py:840} INFO - DAG(s) 'ml_training_pipeline' retrieved from /opt/airflow/dags/train.py
[2026-01-31T01:26:05.890+0000] {logging_mixin.py:188} INFO - [2026-01-31T01:26:05.889+0000] {dag.py:3096} INFO - Sync 1 DAGs
[2026-01-31T01:26:05.902+0000] {logging_mixin.py:188} INFO - [2026-01-31T01:26:05.902+0000] {dag.py:3954} INFO - Setting next_dagrun for ml_training_pipeline to 2026-02-01 00:00:00+00:00, run_after=2026-02-08 00:00:00+00:00
[2026-01-31T01:26:05.918+0000] {processor.py:183} INFO - Processing /opt/airflow/dags/train.py took 2.464 seconds
[2026-01-31T01:26:36.707+0000] {processor.py:161} INFO - Started process (PID=10048) to work on /opt/airflow/dags/train.py
[2026-01-31T01:26:36.707+0000] {processor.py:830} INFO - Processing file /opt/airflow/dags/train.py for tasks to queue
[2026-01-31T01:26:36.708+0000] {logging_mixin.py:188} INFO - [2026-01-31T01:26:36.708+0000] {dagbag.py:545} INFO - Filling up the DagBag from /opt/airflow/dags/train.py
[2026-01-31T01:26:38.978+0000] {logging_mixin.py:188} INFO - [2026-01-31T01:26:38.978+0000] {__init__.py:537} WARNING - mkdir -p failed for path /home/airflow/.cache/matplotlib: [Errno 13] Permission denied: '/home/airflow/.cache/matplotlib'
[2026-01-31T01:26:38.979+0000] {logging_mixin.py:188} INFO - [2026-01-31T01:26:38.978+0000] {__init__.py:554} WARNING - Matplotlib created a temporary cache directory at /tmp/matplotlib-7_ou_fmx because there was an issue with the default path (/home/airflow/.cache/matplotlib); it is highly recommended to set the MPLCONFIGDIR environment variable to a writable directory, in particular to speed up the import of Matplotlib and to better support multiprocessing.
[2026-01-31T01:26:39.065+0000] {logging_mixin.py:188} INFO - [2026-01-31T01:26:39.064+0000] {font_manager.py:1639} INFO - generated new fontManager
[2026-01-31T01:26:39.198+0000] {logging_mixin.py:188} INFO - IP resolvido para MLflow: http://192.168.65.254:5000/
[2026-01-31T01:26:39.201+0000] {logging_mixin.py:188} WARNING - /opt/airflow/dags/train.py:37 RemovedInAirflow3Warning: Function `days_ago` is deprecated and will be removed in Airflow 3.0. You can achieve equivalent behavior with `pendulum.today('UTC').add(days=-N, ...)`
[2026-01-31T01:26:39.201+0000] {logging_mixin.py:188} WARNING - /opt/airflow/dags/train.py:32 RemovedInAirflow3Warning: Param `schedule_interval` is deprecated and will be removed in a future release. Please use `schedule` instead.
[2026-01-31T01:26:39.205+0000] {processor.py:840} INFO - DAG(s) 'ml_training_pipeline' retrieved from /opt/airflow/dags/train.py
[2026-01-31T01:26:39.222+0000] {logging_mixin.py:188} INFO - [2026-01-31T01:26:39.222+0000] {dag.py:3096} INFO - Sync 1 DAGs
[2026-01-31T01:26:39.235+0000] {logging_mixin.py:188} INFO - [2026-01-31T01:26:39.235+0000] {dag.py:3954} INFO - Setting next_dagrun for ml_training_pipeline to 2026-02-01 00:00:00+00:00, run_after=2026-02-08 00:00:00+00:00
[2026-01-31T01:26:39.246+0000] {processor.py:183} INFO - Processing /opt/airflow/dags/train.py took 2.544 seconds
[2026-01-31T01:27:09.861+0000] {processor.py:161} INFO - Started process (PID=10095) to work on /opt/airflow/dags/train.py
[2026-01-31T01:27:09.863+0000] {processor.py:830} INFO - Processing file /opt/airflow/dags/train.py for tasks to queue
[2026-01-31T01:27:09.864+0000] {logging_mixin.py:188} INFO - [2026-01-31T01:27:09.864+0000] {dagbag.py:545} INFO - Filling up the DagBag from /opt/airflow/dags/train.py
[2026-01-31T01:27:11.978+0000] {logging_mixin.py:188} INFO - [2026-01-31T01:27:11.978+0000] {__init__.py:537} WARNING - mkdir -p failed for path /home/airflow/.cache/matplotlib: [Errno 13] Permission denied: '/home/airflow/.cache/matplotlib'
[2026-01-31T01:27:11.978+0000] {logging_mixin.py:188} INFO - [2026-01-31T01:27:11.978+0000] {__init__.py:554} WARNING - Matplotlib created a temporary cache directory at /tmp/matplotlib-t6cemata because there was an issue with the default path (/home/airflow/.cache/matplotlib); it is highly recommended to set the MPLCONFIGDIR environment variable to a writable directory, in particular to speed up the import of Matplotlib and to better support multiprocessing.
[2026-01-31T01:27:12.059+0000] {logging_mixin.py:188} INFO - [2026-01-31T01:27:12.059+0000] {font_manager.py:1639} INFO - generated new fontManager
[2026-01-31T01:27:12.192+0000] {logging_mixin.py:188} INFO - IP resolvido para MLflow: http://192.168.65.254:5000/
[2026-01-31T01:27:12.194+0000] {logging_mixin.py:188} WARNING - /opt/airflow/dags/train.py:37 RemovedInAirflow3Warning: Function `days_ago` is deprecated and will be removed in Airflow 3.0. You can achieve equivalent behavior with `pendulum.today('UTC').add(days=-N, ...)`
[2026-01-31T01:27:12.195+0000] {logging_mixin.py:188} WARNING - /opt/airflow/dags/train.py:32 RemovedInAirflow3Warning: Param `schedule_interval` is deprecated and will be removed in a future release. Please use `schedule` instead.
[2026-01-31T01:27:12.199+0000] {processor.py:840} INFO - DAG(s) 'ml_training_pipeline' retrieved from /opt/airflow/dags/train.py
[2026-01-31T01:27:12.216+0000] {logging_mixin.py:188} INFO - [2026-01-31T01:27:12.216+0000] {dag.py:3096} INFO - Sync 1 DAGs
[2026-01-31T01:27:12.228+0000] {logging_mixin.py:188} INFO - [2026-01-31T01:27:12.228+0000] {dag.py:3954} INFO - Setting next_dagrun for ml_training_pipeline to 2026-02-01 00:00:00+00:00, run_after=2026-02-08 00:00:00+00:00
[2026-01-31T01:27:12.239+0000] {processor.py:183} INFO - Processing /opt/airflow/dags/train.py took 2.382 seconds
[2026-01-31T01:27:42.823+0000] {processor.py:161} INFO - Started process (PID=10142) to work on /opt/airflow/dags/train.py
[2026-01-31T01:27:42.824+0000] {processor.py:830} INFO - Processing file /opt/airflow/dags/train.py for tasks to queue
[2026-01-31T01:27:42.825+0000] {logging_mixin.py:188} INFO - [2026-01-31T01:27:42.825+0000] {dagbag.py:545} INFO - Filling up the DagBag from /opt/airflow/dags/train.py
[2026-01-31T01:27:45.168+0000] {logging_mixin.py:188} INFO - [2026-01-31T01:27:45.168+0000] {__init__.py:537} WARNING - mkdir -p failed for path /home/airflow/.cache/matplotlib: [Errno 13] Permission denied: '/home/airflow/.cache/matplotlib'
[2026-01-31T01:27:45.169+0000] {logging_mixin.py:188} INFO - [2026-01-31T01:27:45.169+0000] {__init__.py:554} WARNING - Matplotlib created a temporary cache directory at /tmp/matplotlib-akjza9yt because there was an issue with the default path (/home/airflow/.cache/matplotlib); it is highly recommended to set the MPLCONFIGDIR environment variable to a writable directory, in particular to speed up the import of Matplotlib and to better support multiprocessing.
[2026-01-31T01:27:45.257+0000] {logging_mixin.py:188} INFO - [2026-01-31T01:27:45.257+0000] {font_manager.py:1639} INFO - generated new fontManager
[2026-01-31T01:27:45.398+0000] {logging_mixin.py:188} INFO - IP resolvido para MLflow: http://192.168.65.254:5000/
[2026-01-31T01:27:45.401+0000] {logging_mixin.py:188} WARNING - /opt/airflow/dags/train.py:37 RemovedInAirflow3Warning: Function `days_ago` is deprecated and will be removed in Airflow 3.0. You can achieve equivalent behavior with `pendulum.today('UTC').add(days=-N, ...)`
[2026-01-31T01:27:45.401+0000] {logging_mixin.py:188} WARNING - /opt/airflow/dags/train.py:32 RemovedInAirflow3Warning: Param `schedule_interval` is deprecated and will be removed in a future release. Please use `schedule` instead.
[2026-01-31T01:27:45.405+0000] {processor.py:840} INFO - DAG(s) 'ml_training_pipeline' retrieved from /opt/airflow/dags/train.py
[2026-01-31T01:27:45.421+0000] {logging_mixin.py:188} INFO - [2026-01-31T01:27:45.421+0000] {dag.py:3096} INFO - Sync 1 DAGs
[2026-01-31T01:27:45.433+0000] {logging_mixin.py:188} INFO - [2026-01-31T01:27:45.432+0000] {dag.py:3954} INFO - Setting next_dagrun for ml_training_pipeline to 2026-02-01 00:00:00+00:00, run_after=2026-02-08 00:00:00+00:00
[2026-01-31T01:27:45.447+0000] {processor.py:183} INFO - Processing /opt/airflow/dags/train.py took 2.628 seconds
[2026-01-31T01:28:15.654+0000] {processor.py:161} INFO - Started process (PID=10189) to work on /opt/airflow/dags/train.py
[2026-01-31T01:28:15.656+0000] {processor.py:830} INFO - Processing file /opt/airflow/dags/train.py for tasks to queue
[2026-01-31T01:28:15.658+0000] {logging_mixin.py:188} INFO - [2026-01-31T01:28:15.658+0000] {dagbag.py:545} INFO - Filling up the DagBag from /opt/airflow/dags/train.py
[2026-01-31T01:28:18.130+0000] {logging_mixin.py:188} INFO - [2026-01-31T01:28:18.130+0000] {__init__.py:537} WARNING - mkdir -p failed for path /home/airflow/.cache/matplotlib: [Errno 13] Permission denied: '/home/airflow/.cache/matplotlib'
[2026-01-31T01:28:18.132+0000] {logging_mixin.py:188} INFO - [2026-01-31T01:28:18.131+0000] {__init__.py:554} WARNING - Matplotlib created a temporary cache directory at /tmp/matplotlib-qnhxutxx because there was an issue with the default path (/home/airflow/.cache/matplotlib); it is highly recommended to set the MPLCONFIGDIR environment variable to a writable directory, in particular to speed up the import of Matplotlib and to better support multiprocessing.
[2026-01-31T01:28:18.231+0000] {logging_mixin.py:188} INFO - [2026-01-31T01:28:18.231+0000] {font_manager.py:1639} INFO - generated new fontManager
[2026-01-31T01:28:18.418+0000] {logging_mixin.py:188} INFO - IP resolvido para MLflow: http://192.168.65.254:5000/
[2026-01-31T01:28:18.421+0000] {logging_mixin.py:188} WARNING - /opt/airflow/dags/train.py:37 RemovedInAirflow3Warning: Function `days_ago` is deprecated and will be removed in Airflow 3.0. You can achieve equivalent behavior with `pendulum.today('UTC').add(days=-N, ...)`
[2026-01-31T01:28:18.422+0000] {logging_mixin.py:188} WARNING - /opt/airflow/dags/train.py:32 RemovedInAirflow3Warning: Param `schedule_interval` is deprecated and will be removed in a future release. Please use `schedule` instead.
[2026-01-31T01:28:18.428+0000] {processor.py:840} INFO - DAG(s) 'ml_training_pipeline' retrieved from /opt/airflow/dags/train.py
[2026-01-31T01:28:18.452+0000] {logging_mixin.py:188} INFO - [2026-01-31T01:28:18.451+0000] {dag.py:3096} INFO - Sync 1 DAGs
[2026-01-31T01:28:18.468+0000] {logging_mixin.py:188} INFO - [2026-01-31T01:28:18.468+0000] {dag.py:3954} INFO - Setting next_dagrun for ml_training_pipeline to 2026-02-01 00:00:00+00:00, run_after=2026-02-08 00:00:00+00:00
[2026-01-31T01:28:18.486+0000] {processor.py:183} INFO - Processing /opt/airflow/dags/train.py took 2.836 seconds
[2026-01-31T01:28:48.856+0000] {processor.py:161} INFO - Started process (PID=10236) to work on /opt/airflow/dags/train.py
[2026-01-31T01:28:48.857+0000] {processor.py:830} INFO - Processing file /opt/airflow/dags/train.py for tasks to queue
[2026-01-31T01:28:48.859+0000] {logging_mixin.py:188} INFO - [2026-01-31T01:28:48.858+0000] {dagbag.py:545} INFO - Filling up the DagBag from /opt/airflow/dags/train.py
[2026-01-31T01:28:51.343+0000] {logging_mixin.py:188} INFO - [2026-01-31T01:28:51.342+0000] {__init__.py:537} WARNING - mkdir -p failed for path /home/airflow/.cache/matplotlib: [Errno 13] Permission denied: '/home/airflow/.cache/matplotlib'
[2026-01-31T01:28:51.343+0000] {logging_mixin.py:188} INFO - [2026-01-31T01:28:51.343+0000] {__init__.py:554} WARNING - Matplotlib created a temporary cache directory at /tmp/matplotlib-yhd3fw6_ because there was an issue with the default path (/home/airflow/.cache/matplotlib); it is highly recommended to set the MPLCONFIGDIR environment variable to a writable directory, in particular to speed up the import of Matplotlib and to better support multiprocessing.
[2026-01-31T01:28:51.436+0000] {logging_mixin.py:188} INFO - [2026-01-31T01:28:51.436+0000] {font_manager.py:1639} INFO - generated new fontManager
[2026-01-31T01:28:51.593+0000] {logging_mixin.py:188} INFO - IP resolvido para MLflow: http://192.168.65.254:5000/
[2026-01-31T01:28:51.596+0000] {logging_mixin.py:188} WARNING - /opt/airflow/dags/train.py:37 RemovedInAirflow3Warning: Function `days_ago` is deprecated and will be removed in Airflow 3.0. You can achieve equivalent behavior with `pendulum.today('UTC').add(days=-N, ...)`
[2026-01-31T01:28:51.597+0000] {logging_mixin.py:188} WARNING - /opt/airflow/dags/train.py:32 RemovedInAirflow3Warning: Param `schedule_interval` is deprecated and will be removed in a future release. Please use `schedule` instead.
[2026-01-31T01:28:51.601+0000] {processor.py:840} INFO - DAG(s) 'ml_training_pipeline' retrieved from /opt/airflow/dags/train.py
[2026-01-31T01:28:51.621+0000] {logging_mixin.py:188} INFO - [2026-01-31T01:28:51.621+0000] {dag.py:3096} INFO - Sync 1 DAGs
[2026-01-31T01:28:51.639+0000] {logging_mixin.py:188} INFO - [2026-01-31T01:28:51.639+0000] {dag.py:3954} INFO - Setting next_dagrun for ml_training_pipeline to 2026-02-01 00:00:00+00:00, run_after=2026-02-08 00:00:00+00:00
[2026-01-31T01:28:51.656+0000] {processor.py:183} INFO - Processing /opt/airflow/dags/train.py took 2.808 seconds
[2026-01-31T01:29:21.845+0000] {processor.py:161} INFO - Started process (PID=10283) to work on /opt/airflow/dags/train.py
[2026-01-31T01:29:21.848+0000] {processor.py:830} INFO - Processing file /opt/airflow/dags/train.py for tasks to queue
[2026-01-31T01:29:21.849+0000] {logging_mixin.py:188} INFO - [2026-01-31T01:29:21.849+0000] {dagbag.py:545} INFO - Filling up the DagBag from /opt/airflow/dags/train.py
[2026-01-31T01:29:24.548+0000] {logging_mixin.py:188} INFO - [2026-01-31T01:29:24.548+0000] {__init__.py:537} WARNING - mkdir -p failed for path /home/airflow/.cache/matplotlib: [Errno 13] Permission denied: '/home/airflow/.cache/matplotlib'
[2026-01-31T01:29:24.549+0000] {logging_mixin.py:188} INFO - [2026-01-31T01:29:24.549+0000] {__init__.py:554} WARNING - Matplotlib created a temporary cache directory at /tmp/matplotlib-vqbgu1de because there was an issue with the default path (/home/airflow/.cache/matplotlib); it is highly recommended to set the MPLCONFIGDIR environment variable to a writable directory, in particular to speed up the import of Matplotlib and to better support multiprocessing.
[2026-01-31T01:29:24.638+0000] {logging_mixin.py:188} INFO - [2026-01-31T01:29:24.637+0000] {font_manager.py:1639} INFO - generated new fontManager
[2026-01-31T01:29:24.787+0000] {logging_mixin.py:188} INFO - IP resolvido para MLflow: http://192.168.65.254:5000/
[2026-01-31T01:29:24.790+0000] {logging_mixin.py:188} WARNING - /opt/airflow/dags/train.py:37 RemovedInAirflow3Warning: Function `days_ago` is deprecated and will be removed in Airflow 3.0. You can achieve equivalent behavior with `pendulum.today('UTC').add(days=-N, ...)`
[2026-01-31T01:29:24.791+0000] {logging_mixin.py:188} WARNING - /opt/airflow/dags/train.py:32 RemovedInAirflow3Warning: Param `schedule_interval` is deprecated and will be removed in a future release. Please use `schedule` instead.
[2026-01-31T01:29:24.795+0000] {processor.py:840} INFO - DAG(s) 'ml_training_pipeline' retrieved from /opt/airflow/dags/train.py
[2026-01-31T01:29:24.810+0000] {logging_mixin.py:188} INFO - [2026-01-31T01:29:24.810+0000] {dag.py:3096} INFO - Sync 1 DAGs
[2026-01-31T01:29:24.825+0000] {logging_mixin.py:188} INFO - [2026-01-31T01:29:24.824+0000] {dag.py:3954} INFO - Setting next_dagrun for ml_training_pipeline to 2026-02-01 00:00:00+00:00, run_after=2026-02-08 00:00:00+00:00
[2026-01-31T01:29:24.840+0000] {processor.py:183} INFO - Processing /opt/airflow/dags/train.py took 2.999 seconds
[2026-01-31T01:29:55.192+0000] {processor.py:161} INFO - Started process (PID=10330) to work on /opt/airflow/dags/train.py
[2026-01-31T01:29:55.193+0000] {processor.py:830} INFO - Processing file /opt/airflow/dags/train.py for tasks to queue
[2026-01-31T01:29:55.194+0000] {logging_mixin.py:188} INFO - [2026-01-31T01:29:55.194+0000] {dagbag.py:545} INFO - Filling up the DagBag from /opt/airflow/dags/train.py
[2026-01-31T01:29:57.859+0000] {logging_mixin.py:188} INFO - [2026-01-31T01:29:57.859+0000] {__init__.py:537} WARNING - mkdir -p failed for path /home/airflow/.cache/matplotlib: [Errno 13] Permission denied: '/home/airflow/.cache/matplotlib'
[2026-01-31T01:29:57.860+0000] {logging_mixin.py:188} INFO - [2026-01-31T01:29:57.860+0000] {__init__.py:554} WARNING - Matplotlib created a temporary cache directory at /tmp/matplotlib-zbbnbyfl because there was an issue with the default path (/home/airflow/.cache/matplotlib); it is highly recommended to set the MPLCONFIGDIR environment variable to a writable directory, in particular to speed up the import of Matplotlib and to better support multiprocessing.
[2026-01-31T01:29:57.970+0000] {logging_mixin.py:188} INFO - [2026-01-31T01:29:57.970+0000] {font_manager.py:1639} INFO - generated new fontManager
[2026-01-31T01:29:58.174+0000] {logging_mixin.py:188} INFO - IP resolvido para MLflow: http://192.168.65.254:5000/
[2026-01-31T01:29:58.177+0000] {logging_mixin.py:188} WARNING - /opt/airflow/dags/train.py:37 RemovedInAirflow3Warning: Function `days_ago` is deprecated and will be removed in Airflow 3.0. You can achieve equivalent behavior with `pendulum.today('UTC').add(days=-N, ...)`
[2026-01-31T01:29:58.178+0000] {logging_mixin.py:188} WARNING - /opt/airflow/dags/train.py:32 RemovedInAirflow3Warning: Param `schedule_interval` is deprecated and will be removed in a future release. Please use `schedule` instead.
[2026-01-31T01:29:58.183+0000] {processor.py:840} INFO - DAG(s) 'ml_training_pipeline' retrieved from /opt/airflow/dags/train.py
[2026-01-31T01:29:58.204+0000] {logging_mixin.py:188} INFO - [2026-01-31T01:29:58.203+0000] {dag.py:3096} INFO - Sync 1 DAGs
[2026-01-31T01:29:59.151+0000] {logging_mixin.py:188} INFO - [2026-01-31T01:29:59.150+0000] {dag.py:3954} INFO - Setting next_dagrun for ml_training_pipeline to 2026-02-01 00:00:00+00:00, run_after=2026-02-08 00:00:00+00:00
[2026-01-31T01:29:59.172+0000] {processor.py:183} INFO - Processing /opt/airflow/dags/train.py took 3.059 seconds
[2026-01-31T01:30:29.242+0000] {processor.py:161} INFO - Started process (PID=10377) to work on /opt/airflow/dags/train.py
[2026-01-31T01:30:29.245+0000] {processor.py:830} INFO - Processing file /opt/airflow/dags/train.py for tasks to queue
[2026-01-31T01:30:29.246+0000] {logging_mixin.py:188} INFO - [2026-01-31T01:30:29.246+0000] {dagbag.py:545} INFO - Filling up the DagBag from /opt/airflow/dags/train.py
[2026-01-31T01:30:34.947+0000] {logging_mixin.py:188} INFO - [2026-01-31T01:30:34.946+0000] {__init__.py:537} WARNING - mkdir -p failed for path /home/airflow/.cache/matplotlib: [Errno 13] Permission denied: '/home/airflow/.cache/matplotlib'
[2026-01-31T01:30:34.948+0000] {logging_mixin.py:188} INFO - [2026-01-31T01:30:34.947+0000] {__init__.py:554} WARNING - Matplotlib created a temporary cache directory at /tmp/matplotlib-ovgk3bc5 because there was an issue with the default path (/home/airflow/.cache/matplotlib); it is highly recommended to set the MPLCONFIGDIR environment variable to a writable directory, in particular to speed up the import of Matplotlib and to better support multiprocessing.
[2026-01-31T01:30:35.107+0000] {logging_mixin.py:188} INFO - [2026-01-31T01:30:35.106+0000] {font_manager.py:1639} INFO - generated new fontManager
[2026-01-31T01:30:35.380+0000] {logging_mixin.py:188} INFO - IP resolvido para MLflow: http://192.168.65.254:5000/
[2026-01-31T01:30:35.384+0000] {logging_mixin.py:188} WARNING - /opt/airflow/dags/train.py:37 RemovedInAirflow3Warning: Function `days_ago` is deprecated and will be removed in Airflow 3.0. You can achieve equivalent behavior with `pendulum.today('UTC').add(days=-N, ...)`
[2026-01-31T01:30:35.385+0000] {logging_mixin.py:188} WARNING - /opt/airflow/dags/train.py:32 RemovedInAirflow3Warning: Param `schedule_interval` is deprecated and will be removed in a future release. Please use `schedule` instead.
[2026-01-31T01:30:35.393+0000] {processor.py:840} INFO - DAG(s) 'ml_training_pipeline' retrieved from /opt/airflow/dags/train.py
[2026-01-31T01:30:35.424+0000] {logging_mixin.py:188} INFO - [2026-01-31T01:30:35.424+0000] {dag.py:3096} INFO - Sync 1 DAGs
[2026-01-31T01:30:35.456+0000] {logging_mixin.py:188} INFO - [2026-01-31T01:30:35.455+0000] {dag.py:3954} INFO - Setting next_dagrun for ml_training_pipeline to 2026-02-01 00:00:00+00:00, run_after=2026-02-08 00:00:00+00:00
[2026-01-31T01:30:35.486+0000] {processor.py:183} INFO - Processing /opt/airflow/dags/train.py took 3.404 seconds
[2026-01-31T01:31:06.681+0000] {processor.py:161} INFO - Started process (PID=10424) to work on /opt/airflow/dags/train.py
[2026-01-31T01:31:06.681+0000] {processor.py:830} INFO - Processing file /opt/airflow/dags/train.py for tasks to queue
[2026-01-31T01:31:06.683+0000] {logging_mixin.py:188} INFO - [2026-01-31T01:31:06.683+0000] {dagbag.py:545} INFO - Filling up the DagBag from /opt/airflow/dags/train.py
[2026-01-31T01:31:09.506+0000] {logging_mixin.py:188} INFO - [2026-01-31T01:31:09.505+0000] {__init__.py:537} WARNING - mkdir -p failed for path /home/airflow/.cache/matplotlib: [Errno 13] Permission denied: '/home/airflow/.cache/matplotlib'
[2026-01-31T01:31:09.507+0000] {logging_mixin.py:188} INFO - [2026-01-31T01:31:09.506+0000] {__init__.py:554} WARNING - Matplotlib created a temporary cache directory at /tmp/matplotlib-uwy86aun because there was an issue with the default path (/home/airflow/.cache/matplotlib); it is highly recommended to set the MPLCONFIGDIR environment variable to a writable directory, in particular to speed up the import of Matplotlib and to better support multiprocessing.
[2026-01-31T01:31:09.618+0000] {logging_mixin.py:188} INFO - [2026-01-31T01:31:09.618+0000] {font_manager.py:1639} INFO - generated new fontManager
[2026-01-31T01:31:09.821+0000] {logging_mixin.py:188} INFO - IP resolvido para MLflow: http://192.168.65.254:5000/
[2026-01-31T01:31:09.824+0000] {logging_mixin.py:188} WARNING - /opt/airflow/dags/train.py:37 RemovedInAirflow3Warning: Function `days_ago` is deprecated and will be removed in Airflow 3.0. You can achieve equivalent behavior with `pendulum.today('UTC').add(days=-N, ...)`
[2026-01-31T01:31:09.826+0000] {logging_mixin.py:188} WARNING - /opt/airflow/dags/train.py:32 RemovedInAirflow3Warning: Param `schedule_interval` is deprecated and will be removed in a future release. Please use `schedule` instead.
[2026-01-31T01:31:09.831+0000] {processor.py:840} INFO - DAG(s) 'ml_training_pipeline' retrieved from /opt/airflow/dags/train.py
[2026-01-31T01:31:09.852+0000] {logging_mixin.py:188} INFO - [2026-01-31T01:31:09.852+0000] {dag.py:3096} INFO - Sync 1 DAGs
[2026-01-31T01:31:09.868+0000] {logging_mixin.py:188} INFO - [2026-01-31T01:31:09.868+0000] {dag.py:3954} INFO - Setting next_dagrun for ml_training_pipeline to 2026-02-01 00:00:00+00:00, run_after=2026-02-08 00:00:00+00:00
[2026-01-31T01:31:09.886+0000] {processor.py:183} INFO - Processing /opt/airflow/dags/train.py took 3.210 seconds
[2026-01-31T01:31:40.075+0000] {processor.py:161} INFO - Started process (PID=10481) to work on /opt/airflow/dags/train.py
[2026-01-31T01:31:40.077+0000] {processor.py:830} INFO - Processing file /opt/airflow/dags/train.py for tasks to queue
[2026-01-31T01:31:40.079+0000] {logging_mixin.py:188} INFO - [2026-01-31T01:31:40.079+0000] {dagbag.py:545} INFO - Filling up the DagBag from /opt/airflow/dags/train.py
[2026-01-31T01:31:42.501+0000] {logging_mixin.py:188} INFO - [2026-01-31T01:31:42.501+0000] {__init__.py:537} WARNING - mkdir -p failed for path /home/airflow/.cache/matplotlib: [Errno 13] Permission denied: '/home/airflow/.cache/matplotlib'
[2026-01-31T01:31:42.502+0000] {logging_mixin.py:188} INFO - [2026-01-31T01:31:42.502+0000] {__init__.py:554} WARNING - Matplotlib created a temporary cache directory at /tmp/matplotlib-kzeft_dd because there was an issue with the default path (/home/airflow/.cache/matplotlib); it is highly recommended to set the MPLCONFIGDIR environment variable to a writable directory, in particular to speed up the import of Matplotlib and to better support multiprocessing.
[2026-01-31T01:31:42.582+0000] {logging_mixin.py:188} INFO - [2026-01-31T01:31:42.582+0000] {font_manager.py:1639} INFO - generated new fontManager
[2026-01-31T01:31:42.708+0000] {logging_mixin.py:188} INFO - IP resolvido para MLflow: http://192.168.65.254:5000/
[2026-01-31T01:31:42.711+0000] {logging_mixin.py:188} WARNING - /opt/airflow/dags/train.py:37 RemovedInAirflow3Warning: Function `days_ago` is deprecated and will be removed in Airflow 3.0. You can achieve equivalent behavior with `pendulum.today('UTC').add(days=-N, ...)`
[2026-01-31T01:31:42.713+0000] {logging_mixin.py:188} WARNING - /opt/airflow/dags/train.py:32 RemovedInAirflow3Warning: Param `schedule_interval` is deprecated and will be removed in a future release. Please use `schedule` instead.
[2026-01-31T01:31:42.717+0000] {processor.py:840} INFO - DAG(s) 'ml_training_pipeline' retrieved from /opt/airflow/dags/train.py
[2026-01-31T01:31:42.731+0000] {logging_mixin.py:188} INFO - [2026-01-31T01:31:42.731+0000] {dag.py:3096} INFO - Sync 1 DAGs
[2026-01-31T01:31:42.743+0000] {logging_mixin.py:188} INFO - [2026-01-31T01:31:42.742+0000] {dag.py:3954} INFO - Setting next_dagrun for ml_training_pipeline to 2026-02-01 00:00:00+00:00, run_after=2026-02-08 00:00:00+00:00
[2026-01-31T01:31:42.754+0000] {processor.py:183} INFO - Processing /opt/airflow/dags/train.py took 2.684 seconds
[2026-01-31T01:32:13.006+0000] {processor.py:161} INFO - Started process (PID=10528) to work on /opt/airflow/dags/train.py
[2026-01-31T01:32:13.006+0000] {processor.py:830} INFO - Processing file /opt/airflow/dags/train.py for tasks to queue
[2026-01-31T01:32:13.008+0000] {logging_mixin.py:188} INFO - [2026-01-31T01:32:13.008+0000] {dagbag.py:545} INFO - Filling up the DagBag from /opt/airflow/dags/train.py
[2026-01-31T01:32:15.231+0000] {logging_mixin.py:188} INFO - [2026-01-31T01:32:15.231+0000] {__init__.py:537} WARNING - mkdir -p failed for path /home/airflow/.cache/matplotlib: [Errno 13] Permission denied: '/home/airflow/.cache/matplotlib'
[2026-01-31T01:32:15.232+0000] {logging_mixin.py:188} INFO - [2026-01-31T01:32:15.231+0000] {__init__.py:554} WARNING - Matplotlib created a temporary cache directory at /tmp/matplotlib-q5117nj3 because there was an issue with the default path (/home/airflow/.cache/matplotlib); it is highly recommended to set the MPLCONFIGDIR environment variable to a writable directory, in particular to speed up the import of Matplotlib and to better support multiprocessing.
[2026-01-31T01:32:15.312+0000] {logging_mixin.py:188} INFO - [2026-01-31T01:32:15.312+0000] {font_manager.py:1639} INFO - generated new fontManager
[2026-01-31T01:32:15.443+0000] {logging_mixin.py:188} INFO - IP resolvido para MLflow: http://192.168.65.254:5000/
[2026-01-31T01:32:15.446+0000] {logging_mixin.py:188} WARNING - /opt/airflow/dags/train.py:37 RemovedInAirflow3Warning: Function `days_ago` is deprecated and will be removed in Airflow 3.0. You can achieve equivalent behavior with `pendulum.today('UTC').add(days=-N, ...)`
[2026-01-31T01:32:15.446+0000] {logging_mixin.py:188} WARNING - /opt/airflow/dags/train.py:32 RemovedInAirflow3Warning: Param `schedule_interval` is deprecated and will be removed in a future release. Please use `schedule` instead.
[2026-01-31T01:32:15.450+0000] {processor.py:840} INFO - DAG(s) 'ml_training_pipeline' retrieved from /opt/airflow/dags/train.py
[2026-01-31T01:32:15.464+0000] {logging_mixin.py:188} INFO - [2026-01-31T01:32:15.464+0000] {dag.py:3096} INFO - Sync 1 DAGs
[2026-01-31T01:32:15.476+0000] {logging_mixin.py:188} INFO - [2026-01-31T01:32:15.476+0000] {dag.py:3954} INFO - Setting next_dagrun for ml_training_pipeline to 2026-02-01 00:00:00+00:00, run_after=2026-02-08 00:00:00+00:00
[2026-01-31T01:32:15.488+0000] {processor.py:183} INFO - Processing /opt/airflow/dags/train.py took 2.486 seconds
[2026-01-31T01:32:45.864+0000] {processor.py:161} INFO - Started process (PID=10575) to work on /opt/airflow/dags/train.py
[2026-01-31T01:32:45.866+0000] {processor.py:830} INFO - Processing file /opt/airflow/dags/train.py for tasks to queue
[2026-01-31T01:32:45.867+0000] {logging_mixin.py:188} INFO - [2026-01-31T01:32:45.867+0000] {dagbag.py:545} INFO - Filling up the DagBag from /opt/airflow/dags/train.py
[2026-01-31T01:32:48.025+0000] {logging_mixin.py:188} INFO - [2026-01-31T01:32:48.025+0000] {__init__.py:537} WARNING - mkdir -p failed for path /home/airflow/.cache/matplotlib: [Errno 13] Permission denied: '/home/airflow/.cache/matplotlib'
[2026-01-31T01:32:48.026+0000] {logging_mixin.py:188} INFO - [2026-01-31T01:32:48.026+0000] {__init__.py:554} WARNING - Matplotlib created a temporary cache directory at /tmp/matplotlib-8m7lza8b because there was an issue with the default path (/home/airflow/.cache/matplotlib); it is highly recommended to set the MPLCONFIGDIR environment variable to a writable directory, in particular to speed up the import of Matplotlib and to better support multiprocessing.
[2026-01-31T01:32:48.111+0000] {logging_mixin.py:188} INFO - [2026-01-31T01:32:48.110+0000] {font_manager.py:1639} INFO - generated new fontManager
[2026-01-31T01:32:48.240+0000] {logging_mixin.py:188} INFO - IP resolvido para MLflow: http://192.168.65.254:5000/
[2026-01-31T01:32:48.242+0000] {logging_mixin.py:188} WARNING - /opt/airflow/dags/train.py:37 RemovedInAirflow3Warning: Function `days_ago` is deprecated and will be removed in Airflow 3.0. You can achieve equivalent behavior with `pendulum.today('UTC').add(days=-N, ...)`
[2026-01-31T01:32:48.243+0000] {logging_mixin.py:188} WARNING - /opt/airflow/dags/train.py:32 RemovedInAirflow3Warning: Param `schedule_interval` is deprecated and will be removed in a future release. Please use `schedule` instead.
[2026-01-31T01:32:48.247+0000] {processor.py:840} INFO - DAG(s) 'ml_training_pipeline' retrieved from /opt/airflow/dags/train.py
[2026-01-31T01:32:48.263+0000] {logging_mixin.py:188} INFO - [2026-01-31T01:32:48.263+0000] {dag.py:3096} INFO - Sync 1 DAGs
[2026-01-31T01:32:48.277+0000] {logging_mixin.py:188} INFO - [2026-01-31T01:32:48.277+0000] {dag.py:3954} INFO - Setting next_dagrun for ml_training_pipeline to 2026-02-01 00:00:00+00:00, run_after=2026-02-08 00:00:00+00:00
[2026-01-31T01:32:48.291+0000] {processor.py:183} INFO - Processing /opt/airflow/dags/train.py took 2.432 seconds
[2026-01-31T01:33:18.591+0000] {processor.py:161} INFO - Started process (PID=10622) to work on /opt/airflow/dags/train.py
[2026-01-31T01:33:18.592+0000] {processor.py:830} INFO - Processing file /opt/airflow/dags/train.py for tasks to queue
[2026-01-31T01:33:18.593+0000] {logging_mixin.py:188} INFO - [2026-01-31T01:33:18.593+0000] {dagbag.py:545} INFO - Filling up the DagBag from /opt/airflow/dags/train.py
[2026-01-31T01:33:20.838+0000] {logging_mixin.py:188} INFO - [2026-01-31T01:33:20.838+0000] {__init__.py:537} WARNING - mkdir -p failed for path /home/airflow/.cache/matplotlib: [Errno 13] Permission denied: '/home/airflow/.cache/matplotlib'
[2026-01-31T01:33:20.839+0000] {logging_mixin.py:188} INFO - [2026-01-31T01:33:20.839+0000] {__init__.py:554} WARNING - Matplotlib created a temporary cache directory at /tmp/matplotlib-o4o5j8_p because there was an issue with the default path (/home/airflow/.cache/matplotlib); it is highly recommended to set the MPLCONFIGDIR environment variable to a writable directory, in particular to speed up the import of Matplotlib and to better support multiprocessing.
[2026-01-31T01:33:20.949+0000] {logging_mixin.py:188} INFO - [2026-01-31T01:33:20.949+0000] {font_manager.py:1639} INFO - generated new fontManager
[2026-01-31T01:33:21.137+0000] {logging_mixin.py:188} INFO - IP resolvido para MLflow: http://192.168.65.254:5000/
[2026-01-31T01:33:21.139+0000] {logging_mixin.py:188} WARNING - /opt/airflow/dags/train.py:37 RemovedInAirflow3Warning: Function `days_ago` is deprecated and will be removed in Airflow 3.0. You can achieve equivalent behavior with `pendulum.today('UTC').add(days=-N, ...)`
[2026-01-31T01:33:21.140+0000] {logging_mixin.py:188} WARNING - /opt/airflow/dags/train.py:32 RemovedInAirflow3Warning: Param `schedule_interval` is deprecated and will be removed in a future release. Please use `schedule` instead.
[2026-01-31T01:33:21.145+0000] {processor.py:840} INFO - DAG(s) 'ml_training_pipeline' retrieved from /opt/airflow/dags/train.py
[2026-01-31T01:33:21.162+0000] {logging_mixin.py:188} INFO - [2026-01-31T01:33:21.162+0000] {dag.py:3096} INFO - Sync 1 DAGs
[2026-01-31T01:33:21.177+0000] {logging_mixin.py:188} INFO - [2026-01-31T01:33:21.177+0000] {dag.py:3954} INFO - Setting next_dagrun for ml_training_pipeline to 2026-02-01 00:00:00+00:00, run_after=2026-02-08 00:00:00+00:00
[2026-01-31T01:33:21.194+0000] {processor.py:183} INFO - Processing /opt/airflow/dags/train.py took 2.607 seconds
[2026-01-31T01:33:52.028+0000] {processor.py:161} INFO - Started process (PID=10669) to work on /opt/airflow/dags/train.py
[2026-01-31T01:33:52.030+0000] {processor.py:830} INFO - Processing file /opt/airflow/dags/train.py for tasks to queue
[2026-01-31T01:33:52.031+0000] {logging_mixin.py:188} INFO - [2026-01-31T01:33:52.031+0000] {dagbag.py:545} INFO - Filling up the DagBag from /opt/airflow/dags/train.py
[2026-01-31T01:33:54.368+0000] {logging_mixin.py:188} INFO - [2026-01-31T01:33:54.368+0000] {__init__.py:537} WARNING - mkdir -p failed for path /home/airflow/.cache/matplotlib: [Errno 13] Permission denied: '/home/airflow/.cache/matplotlib'
[2026-01-31T01:33:54.368+0000] {logging_mixin.py:188} INFO - [2026-01-31T01:33:54.368+0000] {__init__.py:554} WARNING - Matplotlib created a temporary cache directory at /tmp/matplotlib-d2txdrwx because there was an issue with the default path (/home/airflow/.cache/matplotlib); it is highly recommended to set the MPLCONFIGDIR environment variable to a writable directory, in particular to speed up the import of Matplotlib and to better support multiprocessing.
[2026-01-31T01:33:54.447+0000] {logging_mixin.py:188} INFO - [2026-01-31T01:33:54.447+0000] {font_manager.py:1639} INFO - generated new fontManager
[2026-01-31T01:33:54.581+0000] {logging_mixin.py:188} INFO - IP resolvido para MLflow: http://192.168.65.254:5000/
[2026-01-31T01:33:54.584+0000] {logging_mixin.py:188} WARNING - /opt/airflow/dags/train.py:37 RemovedInAirflow3Warning: Function `days_ago` is deprecated and will be removed in Airflow 3.0. You can achieve equivalent behavior with `pendulum.today('UTC').add(days=-N, ...)`
[2026-01-31T01:33:54.584+0000] {logging_mixin.py:188} WARNING - /opt/airflow/dags/train.py:32 RemovedInAirflow3Warning: Param `schedule_interval` is deprecated and will be removed in a future release. Please use `schedule` instead.
[2026-01-31T01:33:54.588+0000] {processor.py:840} INFO - DAG(s) 'ml_training_pipeline' retrieved from /opt/airflow/dags/train.py
[2026-01-31T01:33:54.603+0000] {logging_mixin.py:188} INFO - [2026-01-31T01:33:54.603+0000] {dag.py:3096} INFO - Sync 1 DAGs
[2026-01-31T01:33:54.615+0000] {logging_mixin.py:188} INFO - [2026-01-31T01:33:54.615+0000] {dag.py:3954} INFO - Setting next_dagrun for ml_training_pipeline to 2026-02-01 00:00:00+00:00, run_after=2026-02-08 00:00:00+00:00
[2026-01-31T01:33:54.632+0000] {processor.py:183} INFO - Processing /opt/airflow/dags/train.py took 2.609 seconds
[2026-01-31T01:34:24.843+0000] {processor.py:161} INFO - Started process (PID=10723) to work on /opt/airflow/dags/train.py
[2026-01-31T01:34:24.843+0000] {processor.py:830} INFO - Processing file /opt/airflow/dags/train.py for tasks to queue
[2026-01-31T01:34:24.845+0000] {logging_mixin.py:188} INFO - [2026-01-31T01:34:24.844+0000] {dagbag.py:545} INFO - Filling up the DagBag from /opt/airflow/dags/train.py
[2026-01-31T01:34:27.370+0000] {logging_mixin.py:188} INFO - [2026-01-31T01:34:27.370+0000] {__init__.py:537} WARNING - mkdir -p failed for path /home/airflow/.cache/matplotlib: [Errno 13] Permission denied: '/home/airflow/.cache/matplotlib'
[2026-01-31T01:34:27.371+0000] {logging_mixin.py:188} INFO - [2026-01-31T01:34:27.371+0000] {__init__.py:554} WARNING - Matplotlib created a temporary cache directory at /tmp/matplotlib-7x2kwl0g because there was an issue with the default path (/home/airflow/.cache/matplotlib); it is highly recommended to set the MPLCONFIGDIR environment variable to a writable directory, in particular to speed up the import of Matplotlib and to better support multiprocessing.
[2026-01-31T01:34:27.452+0000] {logging_mixin.py:188} INFO - [2026-01-31T01:34:27.452+0000] {font_manager.py:1639} INFO - generated new fontManager
[2026-01-31T01:34:27.579+0000] {logging_mixin.py:188} INFO - IP resolvido para MLflow: http://192.168.65.254:5000/
[2026-01-31T01:34:27.581+0000] {logging_mixin.py:188} WARNING - /opt/airflow/dags/train.py:37 RemovedInAirflow3Warning: Function `days_ago` is deprecated and will be removed in Airflow 3.0. You can achieve equivalent behavior with `pendulum.today('UTC').add(days=-N, ...)`
[2026-01-31T01:34:27.582+0000] {logging_mixin.py:188} WARNING - /opt/airflow/dags/train.py:32 RemovedInAirflow3Warning: Param `schedule_interval` is deprecated and will be removed in a future release. Please use `schedule` instead.
[2026-01-31T01:34:27.586+0000] {processor.py:840} INFO - DAG(s) 'ml_training_pipeline' retrieved from /opt/airflow/dags/train.py
[2026-01-31T01:34:27.602+0000] {logging_mixin.py:188} INFO - [2026-01-31T01:34:27.601+0000] {dag.py:3096} INFO - Sync 1 DAGs
[2026-01-31T01:34:27.612+0000] {logging_mixin.py:188} INFO - [2026-01-31T01:34:27.612+0000] {dag.py:3954} INFO - Setting next_dagrun for ml_training_pipeline to 2026-02-01 00:00:00+00:00, run_after=2026-02-08 00:00:00+00:00
[2026-01-31T01:34:27.626+0000] {processor.py:183} INFO - Processing /opt/airflow/dags/train.py took 2.787 seconds
[2026-01-31T01:34:57.843+0000] {processor.py:161} INFO - Started process (PID=10770) to work on /opt/airflow/dags/train.py
[2026-01-31T01:34:57.845+0000] {processor.py:830} INFO - Processing file /opt/airflow/dags/train.py for tasks to queue
[2026-01-31T01:34:57.846+0000] {logging_mixin.py:188} INFO - [2026-01-31T01:34:57.846+0000] {dagbag.py:545} INFO - Filling up the DagBag from /opt/airflow/dags/train.py
[2026-01-31T01:35:00.015+0000] {logging_mixin.py:188} INFO - [2026-01-31T01:35:00.015+0000] {__init__.py:537} WARNING - mkdir -p failed for path /home/airflow/.cache/matplotlib: [Errno 13] Permission denied: '/home/airflow/.cache/matplotlib'
[2026-01-31T01:35:00.015+0000] {logging_mixin.py:188} INFO - [2026-01-31T01:35:00.015+0000] {__init__.py:554} WARNING - Matplotlib created a temporary cache directory at /tmp/matplotlib-9i625eif because there was an issue with the default path (/home/airflow/.cache/matplotlib); it is highly recommended to set the MPLCONFIGDIR environment variable to a writable directory, in particular to speed up the import of Matplotlib and to better support multiprocessing.
[2026-01-31T01:35:00.097+0000] {logging_mixin.py:188} INFO - [2026-01-31T01:35:00.096+0000] {font_manager.py:1639} INFO - generated new fontManager
[2026-01-31T01:35:00.233+0000] {logging_mixin.py:188} INFO - IP resolvido para MLflow: http://192.168.65.254:5000/
[2026-01-31T01:35:00.235+0000] {logging_mixin.py:188} WARNING - /opt/airflow/dags/train.py:37 RemovedInAirflow3Warning: Function `days_ago` is deprecated and will be removed in Airflow 3.0. You can achieve equivalent behavior with `pendulum.today('UTC').add(days=-N, ...)`
[2026-01-31T01:35:00.236+0000] {logging_mixin.py:188} WARNING - /opt/airflow/dags/train.py:32 RemovedInAirflow3Warning: Param `schedule_interval` is deprecated and will be removed in a future release. Please use `schedule` instead.
[2026-01-31T01:35:00.240+0000] {processor.py:840} INFO - DAG(s) 'ml_training_pipeline' retrieved from /opt/airflow/dags/train.py
[2026-01-31T01:35:00.256+0000] {logging_mixin.py:188} INFO - [2026-01-31T01:35:00.255+0000] {dag.py:3096} INFO - Sync 1 DAGs
[2026-01-31T01:35:00.270+0000] {logging_mixin.py:188} INFO - [2026-01-31T01:35:00.270+0000] {dag.py:3954} INFO - Setting next_dagrun for ml_training_pipeline to 2026-02-01 00:00:00+00:00, run_after=2026-02-08 00:00:00+00:00
[2026-01-31T01:35:00.285+0000] {processor.py:183} INFO - Processing /opt/airflow/dags/train.py took 2.447 seconds
[2026-01-31T01:35:30.549+0000] {processor.py:161} INFO - Started process (PID=10817) to work on /opt/airflow/dags/train.py
[2026-01-31T01:35:30.550+0000] {processor.py:830} INFO - Processing file /opt/airflow/dags/train.py for tasks to queue
[2026-01-31T01:35:30.551+0000] {logging_mixin.py:188} INFO - [2026-01-31T01:35:30.551+0000] {dagbag.py:545} INFO - Filling up the DagBag from /opt/airflow/dags/train.py
[2026-01-31T01:35:32.783+0000] {logging_mixin.py:188} INFO - [2026-01-31T01:35:32.783+0000] {__init__.py:537} WARNING - mkdir -p failed for path /home/airflow/.cache/matplotlib: [Errno 13] Permission denied: '/home/airflow/.cache/matplotlib'
[2026-01-31T01:35:32.784+0000] {logging_mixin.py:188} INFO - [2026-01-31T01:35:32.784+0000] {__init__.py:554} WARNING - Matplotlib created a temporary cache directory at /tmp/matplotlib-x3vnwqbo because there was an issue with the default path (/home/airflow/.cache/matplotlib); it is highly recommended to set the MPLCONFIGDIR environment variable to a writable directory, in particular to speed up the import of Matplotlib and to better support multiprocessing.
[2026-01-31T01:35:32.869+0000] {logging_mixin.py:188} INFO - [2026-01-31T01:35:32.869+0000] {font_manager.py:1639} INFO - generated new fontManager
[2026-01-31T01:35:33.019+0000] {logging_mixin.py:188} INFO - IP resolvido para MLflow: http://192.168.65.254:5000/
[2026-01-31T01:35:33.021+0000] {logging_mixin.py:188} WARNING - /opt/airflow/dags/train.py:37 RemovedInAirflow3Warning: Function `days_ago` is deprecated and will be removed in Airflow 3.0. You can achieve equivalent behavior with `pendulum.today('UTC').add(days=-N, ...)`
[2026-01-31T01:35:33.022+0000] {logging_mixin.py:188} WARNING - /opt/airflow/dags/train.py:32 RemovedInAirflow3Warning: Param `schedule_interval` is deprecated and will be removed in a future release. Please use `schedule` instead.
[2026-01-31T01:35:33.026+0000] {processor.py:840} INFO - DAG(s) 'ml_training_pipeline' retrieved from /opt/airflow/dags/train.py
[2026-01-31T01:35:33.041+0000] {logging_mixin.py:188} INFO - [2026-01-31T01:35:33.041+0000] {dag.py:3096} INFO - Sync 1 DAGs
[2026-01-31T01:35:33.052+0000] {logging_mixin.py:188} INFO - [2026-01-31T01:35:33.052+0000] {dag.py:3954} INFO - Setting next_dagrun for ml_training_pipeline to 2026-02-01 00:00:00+00:00, run_after=2026-02-08 00:00:00+00:00
[2026-01-31T01:35:33.066+0000] {processor.py:183} INFO - Processing /opt/airflow/dags/train.py took 2.522 seconds
[2026-01-31T01:36:03.554+0000] {processor.py:161} INFO - Started process (PID=10866) to work on /opt/airflow/dags/train.py
[2026-01-31T01:36:03.557+0000] {processor.py:830} INFO - Processing file /opt/airflow/dags/train.py for tasks to queue
[2026-01-31T01:36:03.558+0000] {logging_mixin.py:188} INFO - [2026-01-31T01:36:03.558+0000] {dagbag.py:545} INFO - Filling up the DagBag from /opt/airflow/dags/train.py
[2026-01-31T01:36:05.632+0000] {logging_mixin.py:188} INFO - [2026-01-31T01:36:05.632+0000] {__init__.py:537} WARNING - mkdir -p failed for path /home/airflow/.cache/matplotlib: [Errno 13] Permission denied: '/home/airflow/.cache/matplotlib'
[2026-01-31T01:36:05.633+0000] {logging_mixin.py:188} INFO - [2026-01-31T01:36:05.632+0000] {__init__.py:554} WARNING - Matplotlib created a temporary cache directory at /tmp/matplotlib-yv8svq5w because there was an issue with the default path (/home/airflow/.cache/matplotlib); it is highly recommended to set the MPLCONFIGDIR environment variable to a writable directory, in particular to speed up the import of Matplotlib and to better support multiprocessing.
[2026-01-31T01:36:05.714+0000] {logging_mixin.py:188} INFO - [2026-01-31T01:36:05.714+0000] {font_manager.py:1639} INFO - generated new fontManager
[2026-01-31T01:36:05.844+0000] {logging_mixin.py:188} INFO - IP resolvido para MLflow: http://192.168.65.254:5000/
[2026-01-31T01:36:05.846+0000] {logging_mixin.py:188} WARNING - /opt/airflow/dags/train.py:37 RemovedInAirflow3Warning: Function `days_ago` is deprecated and will be removed in Airflow 3.0. You can achieve equivalent behavior with `pendulum.today('UTC').add(days=-N, ...)`
[2026-01-31T01:36:05.847+0000] {logging_mixin.py:188} WARNING - /opt/airflow/dags/train.py:32 RemovedInAirflow3Warning: Param `schedule_interval` is deprecated and will be removed in a future release. Please use `schedule` instead.
[2026-01-31T01:36:05.852+0000] {processor.py:840} INFO - DAG(s) 'ml_training_pipeline' retrieved from /opt/airflow/dags/train.py
[2026-01-31T01:36:05.867+0000] {logging_mixin.py:188} INFO - [2026-01-31T01:36:05.866+0000] {dag.py:3096} INFO - Sync 1 DAGs
[2026-01-31T01:36:05.879+0000] {logging_mixin.py:188} INFO - [2026-01-31T01:36:05.879+0000] {dag.py:3954} INFO - Setting next_dagrun for ml_training_pipeline to 2026-02-01 00:00:00+00:00, run_after=2026-02-08 00:00:00+00:00
[2026-01-31T01:36:05.893+0000] {processor.py:183} INFO - Processing /opt/airflow/dags/train.py took 2.344 seconds
[2026-01-31T01:36:36.394+0000] {processor.py:161} INFO - Started process (PID=10913) to work on /opt/airflow/dags/train.py
[2026-01-31T01:36:36.394+0000] {processor.py:830} INFO - Processing file /opt/airflow/dags/train.py for tasks to queue
[2026-01-31T01:36:36.396+0000] {logging_mixin.py:188} INFO - [2026-01-31T01:36:36.395+0000] {dagbag.py:545} INFO - Filling up the DagBag from /opt/airflow/dags/train.py
[2026-01-31T01:36:38.780+0000] {logging_mixin.py:188} INFO - [2026-01-31T01:36:38.779+0000] {__init__.py:537} WARNING - mkdir -p failed for path /home/airflow/.cache/matplotlib: [Errno 13] Permission denied: '/home/airflow/.cache/matplotlib'
[2026-01-31T01:36:38.780+0000] {logging_mixin.py:188} INFO - [2026-01-31T01:36:38.780+0000] {__init__.py:554} WARNING - Matplotlib created a temporary cache directory at /tmp/matplotlib-582ghexw because there was an issue with the default path (/home/airflow/.cache/matplotlib); it is highly recommended to set the MPLCONFIGDIR environment variable to a writable directory, in particular to speed up the import of Matplotlib and to better support multiprocessing.
[2026-01-31T01:36:38.866+0000] {logging_mixin.py:188} INFO - [2026-01-31T01:36:38.866+0000] {font_manager.py:1639} INFO - generated new fontManager
[2026-01-31T01:36:39.006+0000] {logging_mixin.py:188} INFO - IP resolvido para MLflow: http://192.168.65.254:5000/
[2026-01-31T01:36:39.008+0000] {logging_mixin.py:188} WARNING - /opt/airflow/dags/train.py:37 RemovedInAirflow3Warning: Function `days_ago` is deprecated and will be removed in Airflow 3.0. You can achieve equivalent behavior with `pendulum.today('UTC').add(days=-N, ...)`
[2026-01-31T01:36:39.009+0000] {logging_mixin.py:188} WARNING - /opt/airflow/dags/train.py:32 RemovedInAirflow3Warning: Param `schedule_interval` is deprecated and will be removed in a future release. Please use `schedule` instead.
[2026-01-31T01:36:39.013+0000] {processor.py:840} INFO - DAG(s) 'ml_training_pipeline' retrieved from /opt/airflow/dags/train.py
[2026-01-31T01:36:39.029+0000] {logging_mixin.py:188} INFO - [2026-01-31T01:36:39.029+0000] {dag.py:3096} INFO - Sync 1 DAGs
[2026-01-31T01:36:39.042+0000] {logging_mixin.py:188} INFO - [2026-01-31T01:36:39.041+0000] {dag.py:3954} INFO - Setting next_dagrun for ml_training_pipeline to 2026-02-01 00:00:00+00:00, run_after=2026-02-08 00:00:00+00:00
[2026-01-31T01:36:39.057+0000] {processor.py:183} INFO - Processing /opt/airflow/dags/train.py took 2.668 seconds
[2026-01-31T01:37:09.215+0000] {processor.py:161} INFO - Started process (PID=10960) to work on /opt/airflow/dags/train.py
[2026-01-31T01:37:09.217+0000] {processor.py:830} INFO - Processing file /opt/airflow/dags/train.py for tasks to queue
[2026-01-31T01:37:09.218+0000] {logging_mixin.py:188} INFO - [2026-01-31T01:37:09.218+0000] {dagbag.py:545} INFO - Filling up the DagBag from /opt/airflow/dags/train.py
[2026-01-31T01:37:11.453+0000] {logging_mixin.py:188} INFO - [2026-01-31T01:37:11.453+0000] {__init__.py:537} WARNING - mkdir -p failed for path /home/airflow/.cache/matplotlib: [Errno 13] Permission denied: '/home/airflow/.cache/matplotlib'
[2026-01-31T01:37:11.453+0000] {logging_mixin.py:188} INFO - [2026-01-31T01:37:11.453+0000] {__init__.py:554} WARNING - Matplotlib created a temporary cache directory at /tmp/matplotlib-6me_ully because there was an issue with the default path (/home/airflow/.cache/matplotlib); it is highly recommended to set the MPLCONFIGDIR environment variable to a writable directory, in particular to speed up the import of Matplotlib and to better support multiprocessing.
[2026-01-31T01:37:11.542+0000] {logging_mixin.py:188} INFO - [2026-01-31T01:37:11.541+0000] {font_manager.py:1639} INFO - generated new fontManager
[2026-01-31T01:37:11.670+0000] {logging_mixin.py:188} INFO - IP resolvido para MLflow: http://192.168.65.254:5000/
[2026-01-31T01:37:11.673+0000] {logging_mixin.py:188} WARNING - /opt/airflow/dags/train.py:37 RemovedInAirflow3Warning: Function `days_ago` is deprecated and will be removed in Airflow 3.0. You can achieve equivalent behavior with `pendulum.today('UTC').add(days=-N, ...)`
[2026-01-31T01:37:11.674+0000] {logging_mixin.py:188} WARNING - /opt/airflow/dags/train.py:32 RemovedInAirflow3Warning: Param `schedule_interval` is deprecated and will be removed in a future release. Please use `schedule` instead.
[2026-01-31T01:37:11.677+0000] {processor.py:840} INFO - DAG(s) 'ml_training_pipeline' retrieved from /opt/airflow/dags/train.py
[2026-01-31T01:37:11.694+0000] {logging_mixin.py:188} INFO - [2026-01-31T01:37:11.694+0000] {dag.py:3096} INFO - Sync 1 DAGs
[2026-01-31T01:37:11.707+0000] {logging_mixin.py:188} INFO - [2026-01-31T01:37:11.706+0000] {dag.py:3954} INFO - Setting next_dagrun for ml_training_pipeline to 2026-02-01 00:00:00+00:00, run_after=2026-02-08 00:00:00+00:00
[2026-01-31T01:37:11.719+0000] {processor.py:183} INFO - Processing /opt/airflow/dags/train.py took 2.509 seconds
[2026-01-31T01:37:42.114+0000] {processor.py:161} INFO - Started process (PID=11007) to work on /opt/airflow/dags/train.py
[2026-01-31T01:37:42.114+0000] {processor.py:830} INFO - Processing file /opt/airflow/dags/train.py for tasks to queue
[2026-01-31T01:37:42.116+0000] {logging_mixin.py:188} INFO - [2026-01-31T01:37:42.115+0000] {dagbag.py:545} INFO - Filling up the DagBag from /opt/airflow/dags/train.py
[2026-01-31T01:37:44.332+0000] {logging_mixin.py:188} INFO - [2026-01-31T01:37:44.332+0000] {__init__.py:537} WARNING - mkdir -p failed for path /home/airflow/.cache/matplotlib: [Errno 13] Permission denied: '/home/airflow/.cache/matplotlib'
[2026-01-31T01:37:44.333+0000] {logging_mixin.py:188} INFO - [2026-01-31T01:37:44.333+0000] {__init__.py:554} WARNING - Matplotlib created a temporary cache directory at /tmp/matplotlib-91a0may1 because there was an issue with the default path (/home/airflow/.cache/matplotlib); it is highly recommended to set the MPLCONFIGDIR environment variable to a writable directory, in particular to speed up the import of Matplotlib and to better support multiprocessing.
[2026-01-31T01:37:44.422+0000] {logging_mixin.py:188} INFO - [2026-01-31T01:37:44.421+0000] {font_manager.py:1639} INFO - generated new fontManager
[2026-01-31T01:37:44.564+0000] {logging_mixin.py:188} INFO - IP resolvido para MLflow: http://192.168.65.254:5000/
[2026-01-31T01:37:44.567+0000] {logging_mixin.py:188} WARNING - /opt/airflow/dags/train.py:37 RemovedInAirflow3Warning: Function `days_ago` is deprecated and will be removed in Airflow 3.0. You can achieve equivalent behavior with `pendulum.today('UTC').add(days=-N, ...)`
[2026-01-31T01:37:44.568+0000] {logging_mixin.py:188} WARNING - /opt/airflow/dags/train.py:32 RemovedInAirflow3Warning: Param `schedule_interval` is deprecated and will be removed in a future release. Please use `schedule` instead.
[2026-01-31T01:37:44.572+0000] {processor.py:840} INFO - DAG(s) 'ml_training_pipeline' retrieved from /opt/airflow/dags/train.py
[2026-01-31T01:37:44.593+0000] {logging_mixin.py:188} INFO - [2026-01-31T01:37:44.592+0000] {dag.py:3096} INFO - Sync 1 DAGs
[2026-01-31T01:37:44.608+0000] {logging_mixin.py:188} INFO - [2026-01-31T01:37:44.608+0000] {dag.py:3954} INFO - Setting next_dagrun for ml_training_pipeline to 2026-02-01 00:00:00+00:00, run_after=2026-02-08 00:00:00+00:00
[2026-01-31T01:37:44.626+0000] {processor.py:183} INFO - Processing /opt/airflow/dags/train.py took 2.516 seconds
[2026-01-31T01:38:14.839+0000] {processor.py:161} INFO - Started process (PID=11054) to work on /opt/airflow/dags/train.py
[2026-01-31T01:38:14.840+0000] {processor.py:830} INFO - Processing file /opt/airflow/dags/train.py for tasks to queue
[2026-01-31T01:38:14.842+0000] {logging_mixin.py:188} INFO - [2026-01-31T01:38:14.842+0000] {dagbag.py:545} INFO - Filling up the DagBag from /opt/airflow/dags/train.py
[2026-01-31T01:38:16.956+0000] {logging_mixin.py:188} INFO - [2026-01-31T01:38:16.956+0000] {__init__.py:537} WARNING - mkdir -p failed for path /home/airflow/.cache/matplotlib: [Errno 13] Permission denied: '/home/airflow/.cache/matplotlib'
[2026-01-31T01:38:16.957+0000] {logging_mixin.py:188} INFO - [2026-01-31T01:38:16.957+0000] {__init__.py:554} WARNING - Matplotlib created a temporary cache directory at /tmp/matplotlib-ar3kt6hq because there was an issue with the default path (/home/airflow/.cache/matplotlib); it is highly recommended to set the MPLCONFIGDIR environment variable to a writable directory, in particular to speed up the import of Matplotlib and to better support multiprocessing.
[2026-01-31T01:38:17.034+0000] {logging_mixin.py:188} INFO - [2026-01-31T01:38:17.034+0000] {font_manager.py:1639} INFO - generated new fontManager
[2026-01-31T01:38:17.164+0000] {logging_mixin.py:188} INFO - IP resolvido para MLflow: http://192.168.65.254:5000/
[2026-01-31T01:38:17.167+0000] {logging_mixin.py:188} WARNING - /opt/airflow/dags/train.py:37 RemovedInAirflow3Warning: Function `days_ago` is deprecated and will be removed in Airflow 3.0. You can achieve equivalent behavior with `pendulum.today('UTC').add(days=-N, ...)`
[2026-01-31T01:38:17.168+0000] {logging_mixin.py:188} WARNING - /opt/airflow/dags/train.py:32 RemovedInAirflow3Warning: Param `schedule_interval` is deprecated and will be removed in a future release. Please use `schedule` instead.
[2026-01-31T01:38:17.171+0000] {processor.py:840} INFO - DAG(s) 'ml_training_pipeline' retrieved from /opt/airflow/dags/train.py
[2026-01-31T01:38:17.187+0000] {logging_mixin.py:188} INFO - [2026-01-31T01:38:17.187+0000] {dag.py:3096} INFO - Sync 1 DAGs
[2026-01-31T01:38:17.198+0000] {logging_mixin.py:188} INFO - [2026-01-31T01:38:17.198+0000] {dag.py:3954} INFO - Setting next_dagrun for ml_training_pipeline to 2026-02-01 00:00:00+00:00, run_after=2026-02-08 00:00:00+00:00
[2026-01-31T01:38:17.211+0000] {processor.py:183} INFO - Processing /opt/airflow/dags/train.py took 2.376 seconds
[2026-01-31T01:38:47.664+0000] {processor.py:161} INFO - Started process (PID=11101) to work on /opt/airflow/dags/train.py
[2026-01-31T01:38:47.664+0000] {processor.py:830} INFO - Processing file /opt/airflow/dags/train.py for tasks to queue
[2026-01-31T01:38:47.665+0000] {logging_mixin.py:188} INFO - [2026-01-31T01:38:47.665+0000] {dagbag.py:545} INFO - Filling up the DagBag from /opt/airflow/dags/train.py
[2026-01-31T01:38:49.859+0000] {logging_mixin.py:188} INFO - [2026-01-31T01:38:49.859+0000] {__init__.py:537} WARNING - mkdir -p failed for path /home/airflow/.cache/matplotlib: [Errno 13] Permission denied: '/home/airflow/.cache/matplotlib'
[2026-01-31T01:38:49.860+0000] {logging_mixin.py:188} INFO - [2026-01-31T01:38:49.860+0000] {__init__.py:554} WARNING - Matplotlib created a temporary cache directory at /tmp/matplotlib-f21u7tvz because there was an issue with the default path (/home/airflow/.cache/matplotlib); it is highly recommended to set the MPLCONFIGDIR environment variable to a writable directory, in particular to speed up the import of Matplotlib and to better support multiprocessing.
[2026-01-31T01:38:49.944+0000] {logging_mixin.py:188} INFO - [2026-01-31T01:38:49.943+0000] {font_manager.py:1639} INFO - generated new fontManager
[2026-01-31T01:38:50.082+0000] {logging_mixin.py:188} INFO - IP resolvido para MLflow: http://192.168.65.254:5000/
[2026-01-31T01:38:50.086+0000] {logging_mixin.py:188} WARNING - /opt/airflow/dags/train.py:37 RemovedInAirflow3Warning: Function `days_ago` is deprecated and will be removed in Airflow 3.0. You can achieve equivalent behavior with `pendulum.today('UTC').add(days=-N, ...)`
[2026-01-31T01:38:50.086+0000] {logging_mixin.py:188} WARNING - /opt/airflow/dags/train.py:32 RemovedInAirflow3Warning: Param `schedule_interval` is deprecated and will be removed in a future release. Please use `schedule` instead.
[2026-01-31T01:38:50.090+0000] {processor.py:840} INFO - DAG(s) 'ml_training_pipeline' retrieved from /opt/airflow/dags/train.py
[2026-01-31T01:38:50.108+0000] {logging_mixin.py:188} INFO - [2026-01-31T01:38:50.107+0000] {dag.py:3096} INFO - Sync 1 DAGs
[2026-01-31T01:38:50.122+0000] {logging_mixin.py:188} INFO - [2026-01-31T01:38:50.122+0000] {dag.py:3954} INFO - Setting next_dagrun for ml_training_pipeline to 2026-02-01 00:00:00+00:00, run_after=2026-02-08 00:00:00+00:00
[2026-01-31T01:38:50.136+0000] {processor.py:183} INFO - Processing /opt/airflow/dags/train.py took 2.477 seconds
[2026-01-31T01:39:20.510+0000] {processor.py:161} INFO - Started process (PID=11148) to work on /opt/airflow/dags/train.py
[2026-01-31T01:39:20.512+0000] {processor.py:830} INFO - Processing file /opt/airflow/dags/train.py for tasks to queue
[2026-01-31T01:39:20.513+0000] {logging_mixin.py:188} INFO - [2026-01-31T01:39:20.513+0000] {dagbag.py:545} INFO - Filling up the DagBag from /opt/airflow/dags/train.py
[2026-01-31T01:39:22.700+0000] {logging_mixin.py:188} INFO - [2026-01-31T01:39:22.700+0000] {__init__.py:537} WARNING - mkdir -p failed for path /home/airflow/.cache/matplotlib: [Errno 13] Permission denied: '/home/airflow/.cache/matplotlib'
[2026-01-31T01:39:22.701+0000] {logging_mixin.py:188} INFO - [2026-01-31T01:39:22.701+0000] {__init__.py:554} WARNING - Matplotlib created a temporary cache directory at /tmp/matplotlib-vt3p93d2 because there was an issue with the default path (/home/airflow/.cache/matplotlib); it is highly recommended to set the MPLCONFIGDIR environment variable to a writable directory, in particular to speed up the import of Matplotlib and to better support multiprocessing.
[2026-01-31T01:39:22.779+0000] {logging_mixin.py:188} INFO - [2026-01-31T01:39:22.778+0000] {font_manager.py:1639} INFO - generated new fontManager
[2026-01-31T01:39:22.912+0000] {logging_mixin.py:188} INFO - IP resolvido para MLflow: http://192.168.65.254:5000/
[2026-01-31T01:39:22.914+0000] {logging_mixin.py:188} WARNING - /opt/airflow/dags/train.py:37 RemovedInAirflow3Warning: Function `days_ago` is deprecated and will be removed in Airflow 3.0. You can achieve equivalent behavior with `pendulum.today('UTC').add(days=-N, ...)`
[2026-01-31T01:39:22.915+0000] {logging_mixin.py:188} WARNING - /opt/airflow/dags/train.py:32 RemovedInAirflow3Warning: Param `schedule_interval` is deprecated and will be removed in a future release. Please use `schedule` instead.
[2026-01-31T01:39:22.918+0000] {processor.py:840} INFO - DAG(s) 'ml_training_pipeline' retrieved from /opt/airflow/dags/train.py
[2026-01-31T01:39:22.935+0000] {logging_mixin.py:188} INFO - [2026-01-31T01:39:22.934+0000] {dag.py:3096} INFO - Sync 1 DAGs
[2026-01-31T01:39:22.950+0000] {logging_mixin.py:188} INFO - [2026-01-31T01:39:22.950+0000] {dag.py:3954} INFO - Setting next_dagrun for ml_training_pipeline to 2026-02-01 00:00:00+00:00, run_after=2026-02-08 00:00:00+00:00
[2026-01-31T01:39:22.963+0000] {processor.py:183} INFO - Processing /opt/airflow/dags/train.py took 2.457 seconds
[2026-01-31T01:39:53.286+0000] {processor.py:161} INFO - Started process (PID=11195) to work on /opt/airflow/dags/train.py
[2026-01-31T01:39:53.287+0000] {processor.py:830} INFO - Processing file /opt/airflow/dags/train.py for tasks to queue
[2026-01-31T01:39:53.289+0000] {logging_mixin.py:188} INFO - [2026-01-31T01:39:53.289+0000] {dagbag.py:545} INFO - Filling up the DagBag from /opt/airflow/dags/train.py
[2026-01-31T01:39:55.387+0000] {logging_mixin.py:188} INFO - [2026-01-31T01:39:55.387+0000] {__init__.py:537} WARNING - mkdir -p failed for path /home/airflow/.cache/matplotlib: [Errno 13] Permission denied: '/home/airflow/.cache/matplotlib'
[2026-01-31T01:39:55.387+0000] {logging_mixin.py:188} INFO - [2026-01-31T01:39:55.387+0000] {__init__.py:554} WARNING - Matplotlib created a temporary cache directory at /tmp/matplotlib-re_75m_h because there was an issue with the default path (/home/airflow/.cache/matplotlib); it is highly recommended to set the MPLCONFIGDIR environment variable to a writable directory, in particular to speed up the import of Matplotlib and to better support multiprocessing.
[2026-01-31T01:39:55.468+0000] {logging_mixin.py:188} INFO - [2026-01-31T01:39:55.468+0000] {font_manager.py:1639} INFO - generated new fontManager
[2026-01-31T01:39:55.597+0000] {logging_mixin.py:188} INFO - IP resolvido para MLflow: http://192.168.65.254:5000/
[2026-01-31T01:39:55.601+0000] {logging_mixin.py:188} WARNING - /opt/airflow/dags/train.py:37 RemovedInAirflow3Warning: Function `days_ago` is deprecated and will be removed in Airflow 3.0. You can achieve equivalent behavior with `pendulum.today('UTC').add(days=-N, ...)`
[2026-01-31T01:39:55.601+0000] {logging_mixin.py:188} WARNING - /opt/airflow/dags/train.py:32 RemovedInAirflow3Warning: Param `schedule_interval` is deprecated and will be removed in a future release. Please use `schedule` instead.
[2026-01-31T01:39:55.605+0000] {processor.py:840} INFO - DAG(s) 'ml_training_pipeline' retrieved from /opt/airflow/dags/train.py
[2026-01-31T01:39:55.622+0000] {logging_mixin.py:188} INFO - [2026-01-31T01:39:55.622+0000] {dag.py:3096} INFO - Sync 1 DAGs
[2026-01-31T01:39:55.635+0000] {logging_mixin.py:188} INFO - [2026-01-31T01:39:55.635+0000] {dag.py:3954} INFO - Setting next_dagrun for ml_training_pipeline to 2026-02-01 00:00:00+00:00, run_after=2026-02-08 00:00:00+00:00
[2026-01-31T01:39:55.647+0000] {processor.py:183} INFO - Processing /opt/airflow/dags/train.py took 2.365 seconds
[2026-01-31T01:40:26.094+0000] {processor.py:161} INFO - Started process (PID=11244) to work on /opt/airflow/dags/train.py
[2026-01-31T01:40:26.096+0000] {processor.py:830} INFO - Processing file /opt/airflow/dags/train.py for tasks to queue
[2026-01-31T01:40:26.097+0000] {logging_mixin.py:188} INFO - [2026-01-31T01:40:26.097+0000] {dagbag.py:545} INFO - Filling up the DagBag from /opt/airflow/dags/train.py
[2026-01-31T01:40:28.202+0000] {logging_mixin.py:188} INFO - [2026-01-31T01:40:28.201+0000] {__init__.py:537} WARNING - mkdir -p failed for path /home/airflow/.cache/matplotlib: [Errno 13] Permission denied: '/home/airflow/.cache/matplotlib'
[2026-01-31T01:40:28.202+0000] {logging_mixin.py:188} INFO - [2026-01-31T01:40:28.202+0000] {__init__.py:554} WARNING - Matplotlib created a temporary cache directory at /tmp/matplotlib-g53hzfm0 because there was an issue with the default path (/home/airflow/.cache/matplotlib); it is highly recommended to set the MPLCONFIGDIR environment variable to a writable directory, in particular to speed up the import of Matplotlib and to better support multiprocessing.
[2026-01-31T01:40:28.283+0000] {logging_mixin.py:188} INFO - [2026-01-31T01:40:28.283+0000] {font_manager.py:1639} INFO - generated new fontManager
[2026-01-31T01:40:28.414+0000] {logging_mixin.py:188} INFO - IP resolvido para MLflow: http://192.168.65.254:5000/
[2026-01-31T01:40:28.416+0000] {logging_mixin.py:188} WARNING - /opt/airflow/dags/train.py:37 RemovedInAirflow3Warning: Function `days_ago` is deprecated and will be removed in Airflow 3.0. You can achieve equivalent behavior with `pendulum.today('UTC').add(days=-N, ...)`
[2026-01-31T01:40:28.417+0000] {logging_mixin.py:188} WARNING - /opt/airflow/dags/train.py:32 RemovedInAirflow3Warning: Param `schedule_interval` is deprecated and will be removed in a future release. Please use `schedule` instead.
[2026-01-31T01:40:28.421+0000] {processor.py:840} INFO - DAG(s) 'ml_training_pipeline' retrieved from /opt/airflow/dags/train.py
[2026-01-31T01:40:28.438+0000] {logging_mixin.py:188} INFO - [2026-01-31T01:40:28.437+0000] {dag.py:3096} INFO - Sync 1 DAGs
[2026-01-31T01:40:28.453+0000] {logging_mixin.py:188} INFO - [2026-01-31T01:40:28.453+0000] {dag.py:3954} INFO - Setting next_dagrun for ml_training_pipeline to 2026-02-01 00:00:00+00:00, run_after=2026-02-08 00:00:00+00:00
[2026-01-31T01:40:28.468+0000] {processor.py:183} INFO - Processing /opt/airflow/dags/train.py took 2.378 seconds
[2026-01-31T01:40:58.967+0000] {processor.py:161} INFO - Started process (PID=11289) to work on /opt/airflow/dags/train.py
[2026-01-31T01:40:58.968+0000] {processor.py:830} INFO - Processing file /opt/airflow/dags/train.py for tasks to queue
[2026-01-31T01:40:58.970+0000] {logging_mixin.py:188} INFO - [2026-01-31T01:40:58.970+0000] {dagbag.py:545} INFO - Filling up the DagBag from /opt/airflow/dags/train.py
[2026-01-31T01:41:01.232+0000] {logging_mixin.py:188} INFO - [2026-01-31T01:41:01.232+0000] {__init__.py:537} WARNING - mkdir -p failed for path /home/airflow/.cache/matplotlib: [Errno 13] Permission denied: '/home/airflow/.cache/matplotlib'
[2026-01-31T01:41:01.233+0000] {logging_mixin.py:188} INFO - [2026-01-31T01:41:01.233+0000] {__init__.py:554} WARNING - Matplotlib created a temporary cache directory at /tmp/matplotlib-21s3dkzi because there was an issue with the default path (/home/airflow/.cache/matplotlib); it is highly recommended to set the MPLCONFIGDIR environment variable to a writable directory, in particular to speed up the import of Matplotlib and to better support multiprocessing.
[2026-01-31T01:41:01.342+0000] {logging_mixin.py:188} INFO - [2026-01-31T01:41:01.342+0000] {font_manager.py:1639} INFO - generated new fontManager
[2026-01-31T01:41:01.518+0000] {logging_mixin.py:188} INFO - IP resolvido para MLflow: http://192.168.65.254:5000/
[2026-01-31T01:41:01.522+0000] {logging_mixin.py:188} WARNING - /opt/airflow/dags/train.py:37 RemovedInAirflow3Warning: Function `days_ago` is deprecated and will be removed in Airflow 3.0. You can achieve equivalent behavior with `pendulum.today('UTC').add(days=-N, ...)`
[2026-01-31T01:41:01.522+0000] {logging_mixin.py:188} WARNING - /opt/airflow/dags/train.py:32 RemovedInAirflow3Warning: Param `schedule_interval` is deprecated and will be removed in a future release. Please use `schedule` instead.
[2026-01-31T01:41:01.526+0000] {processor.py:840} INFO - DAG(s) 'ml_training_pipeline' retrieved from /opt/airflow/dags/train.py
[2026-01-31T01:41:01.545+0000] {logging_mixin.py:188} INFO - [2026-01-31T01:41:01.544+0000] {dag.py:3096} INFO - Sync 1 DAGs
[2026-01-31T01:41:01.559+0000] {logging_mixin.py:188} INFO - [2026-01-31T01:41:01.559+0000] {dag.py:3954} INFO - Setting next_dagrun for ml_training_pipeline to 2026-02-01 00:00:00+00:00, run_after=2026-02-08 00:00:00+00:00
[2026-01-31T01:41:01.573+0000] {processor.py:183} INFO - Processing /opt/airflow/dags/train.py took 2.611 seconds
[2026-01-31T01:41:32.397+0000] {processor.py:161} INFO - Started process (PID=11338) to work on /opt/airflow/dags/train.py
[2026-01-31T01:41:32.400+0000] {processor.py:830} INFO - Processing file /opt/airflow/dags/train.py for tasks to queue
[2026-01-31T01:41:32.401+0000] {logging_mixin.py:188} INFO - [2026-01-31T01:41:32.401+0000] {dagbag.py:545} INFO - Filling up the DagBag from /opt/airflow/dags/train.py
[2026-01-31T01:41:34.798+0000] {logging_mixin.py:188} INFO - [2026-01-31T01:41:34.798+0000] {__init__.py:537} WARNING - mkdir -p failed for path /home/airflow/.cache/matplotlib: [Errno 13] Permission denied: '/home/airflow/.cache/matplotlib'
[2026-01-31T01:41:34.799+0000] {logging_mixin.py:188} INFO - [2026-01-31T01:41:34.799+0000] {__init__.py:554} WARNING - Matplotlib created a temporary cache directory at /tmp/matplotlib-1suosv37 because there was an issue with the default path (/home/airflow/.cache/matplotlib); it is highly recommended to set the MPLCONFIGDIR environment variable to a writable directory, in particular to speed up the import of Matplotlib and to better support multiprocessing.
[2026-01-31T01:41:34.880+0000] {logging_mixin.py:188} INFO - [2026-01-31T01:41:34.879+0000] {font_manager.py:1639} INFO - generated new fontManager
[2026-01-31T01:41:35.013+0000] {logging_mixin.py:188} INFO - IP resolvido para MLflow: http://192.168.65.254:5000/
[2026-01-31T01:41:35.016+0000] {logging_mixin.py:188} WARNING - /opt/airflow/dags/train.py:37 RemovedInAirflow3Warning: Function `days_ago` is deprecated and will be removed in Airflow 3.0. You can achieve equivalent behavior with `pendulum.today('UTC').add(days=-N, ...)`
[2026-01-31T01:41:35.017+0000] {logging_mixin.py:188} WARNING - /opt/airflow/dags/train.py:32 RemovedInAirflow3Warning: Param `schedule_interval` is deprecated and will be removed in a future release. Please use `schedule` instead.
[2026-01-31T01:41:35.020+0000] {processor.py:840} INFO - DAG(s) 'ml_training_pipeline' retrieved from /opt/airflow/dags/train.py
[2026-01-31T01:41:35.034+0000] {logging_mixin.py:188} INFO - [2026-01-31T01:41:35.033+0000] {dag.py:3096} INFO - Sync 1 DAGs
[2026-01-31T01:41:35.044+0000] {logging_mixin.py:188} INFO - [2026-01-31T01:41:35.044+0000] {dag.py:3954} INFO - Setting next_dagrun for ml_training_pipeline to 2026-02-01 00:00:00+00:00, run_after=2026-02-08 00:00:00+00:00
[2026-01-31T01:41:35.056+0000] {processor.py:183} INFO - Processing /opt/airflow/dags/train.py took 2.663 seconds
[2026-01-31T01:42:05.150+0000] {processor.py:161} INFO - Started process (PID=11385) to work on /opt/airflow/dags/train.py
[2026-01-31T01:42:05.151+0000] {processor.py:830} INFO - Processing file /opt/airflow/dags/train.py for tasks to queue
[2026-01-31T01:42:05.152+0000] {logging_mixin.py:188} INFO - [2026-01-31T01:42:05.152+0000] {dagbag.py:545} INFO - Filling up the DagBag from /opt/airflow/dags/train.py
[2026-01-31T01:42:07.229+0000] {logging_mixin.py:188} INFO - [2026-01-31T01:42:07.229+0000] {__init__.py:537} WARNING - mkdir -p failed for path /home/airflow/.cache/matplotlib: [Errno 13] Permission denied: '/home/airflow/.cache/matplotlib'
[2026-01-31T01:42:07.230+0000] {logging_mixin.py:188} INFO - [2026-01-31T01:42:07.230+0000] {__init__.py:554} WARNING - Matplotlib created a temporary cache directory at /tmp/matplotlib-6jo62ixj because there was an issue with the default path (/home/airflow/.cache/matplotlib); it is highly recommended to set the MPLCONFIGDIR environment variable to a writable directory, in particular to speed up the import of Matplotlib and to better support multiprocessing.
[2026-01-31T01:42:07.314+0000] {logging_mixin.py:188} INFO - [2026-01-31T01:42:07.314+0000] {font_manager.py:1639} INFO - generated new fontManager
[2026-01-31T01:42:07.455+0000] {logging_mixin.py:188} INFO - IP resolvido para MLflow: http://192.168.65.254:5000/
[2026-01-31T01:42:07.457+0000] {logging_mixin.py:188} WARNING - /opt/airflow/dags/train.py:37 RemovedInAirflow3Warning: Function `days_ago` is deprecated and will be removed in Airflow 3.0. You can achieve equivalent behavior with `pendulum.today('UTC').add(days=-N, ...)`
[2026-01-31T01:42:07.458+0000] {logging_mixin.py:188} WARNING - /opt/airflow/dags/train.py:32 RemovedInAirflow3Warning: Param `schedule_interval` is deprecated and will be removed in a future release. Please use `schedule` instead.
[2026-01-31T01:42:07.461+0000] {processor.py:840} INFO - DAG(s) 'ml_training_pipeline' retrieved from /opt/airflow/dags/train.py
[2026-01-31T01:42:07.479+0000] {logging_mixin.py:188} INFO - [2026-01-31T01:42:07.478+0000] {dag.py:3096} INFO - Sync 1 DAGs
[2026-01-31T01:42:07.493+0000] {logging_mixin.py:188} INFO - [2026-01-31T01:42:07.492+0000] {dag.py:3954} INFO - Setting next_dagrun for ml_training_pipeline to 2026-02-01 00:00:00+00:00, run_after=2026-02-08 00:00:00+00:00
[2026-01-31T01:42:07.508+0000] {processor.py:183} INFO - Processing /opt/airflow/dags/train.py took 2.362 seconds
[2026-01-31T01:42:38.213+0000] {processor.py:161} INFO - Started process (PID=11433) to work on /opt/airflow/dags/train.py
[2026-01-31T01:42:38.216+0000] {processor.py:830} INFO - Processing file /opt/airflow/dags/train.py for tasks to queue
[2026-01-31T01:42:38.219+0000] {logging_mixin.py:188} INFO - [2026-01-31T01:42:38.218+0000] {dagbag.py:545} INFO - Filling up the DagBag from /opt/airflow/dags/train.py
[2026-01-31T01:42:40.426+0000] {logging_mixin.py:188} INFO - [2026-01-31T01:42:40.426+0000] {__init__.py:537} WARNING - mkdir -p failed for path /home/airflow/.cache/matplotlib: [Errno 13] Permission denied: '/home/airflow/.cache/matplotlib'
[2026-01-31T01:42:40.427+0000] {logging_mixin.py:188} INFO - [2026-01-31T01:42:40.427+0000] {__init__.py:554} WARNING - Matplotlib created a temporary cache directory at /tmp/matplotlib-y3fzahyi because there was an issue with the default path (/home/airflow/.cache/matplotlib); it is highly recommended to set the MPLCONFIGDIR environment variable to a writable directory, in particular to speed up the import of Matplotlib and to better support multiprocessing.
[2026-01-31T01:42:40.505+0000] {logging_mixin.py:188} INFO - [2026-01-31T01:42:40.505+0000] {font_manager.py:1639} INFO - generated new fontManager
[2026-01-31T01:42:40.638+0000] {logging_mixin.py:188} INFO - IP resolvido para MLflow: http://192.168.65.254:5000/
[2026-01-31T01:42:40.640+0000] {logging_mixin.py:188} WARNING - /opt/airflow/dags/train.py:37 RemovedInAirflow3Warning: Function `days_ago` is deprecated and will be removed in Airflow 3.0. You can achieve equivalent behavior with `pendulum.today('UTC').add(days=-N, ...)`
[2026-01-31T01:42:40.641+0000] {logging_mixin.py:188} WARNING - /opt/airflow/dags/train.py:32 RemovedInAirflow3Warning: Param `schedule_interval` is deprecated and will be removed in a future release. Please use `schedule` instead.
[2026-01-31T01:42:40.645+0000] {processor.py:840} INFO - DAG(s) 'ml_training_pipeline' retrieved from /opt/airflow/dags/train.py
[2026-01-31T01:42:40.661+0000] {logging_mixin.py:188} INFO - [2026-01-31T01:42:40.661+0000] {dag.py:3096} INFO - Sync 1 DAGs
[2026-01-31T01:42:40.674+0000] {logging_mixin.py:188} INFO - [2026-01-31T01:42:40.673+0000] {dag.py:3954} INFO - Setting next_dagrun for ml_training_pipeline to 2026-02-01 00:00:00+00:00, run_after=2026-02-08 00:00:00+00:00
[2026-01-31T01:42:40.685+0000] {processor.py:183} INFO - Processing /opt/airflow/dags/train.py took 2.479 seconds
[2026-01-31T01:43:10.918+0000] {processor.py:161} INFO - Started process (PID=11479) to work on /opt/airflow/dags/train.py
[2026-01-31T01:43:10.918+0000] {processor.py:830} INFO - Processing file /opt/airflow/dags/train.py for tasks to queue
[2026-01-31T01:43:10.920+0000] {logging_mixin.py:188} INFO - [2026-01-31T01:43:10.920+0000] {dagbag.py:545} INFO - Filling up the DagBag from /opt/airflow/dags/train.py
[2026-01-31T01:43:13.142+0000] {logging_mixin.py:188} INFO - [2026-01-31T01:43:13.142+0000] {__init__.py:537} WARNING - mkdir -p failed for path /home/airflow/.cache/matplotlib: [Errno 13] Permission denied: '/home/airflow/.cache/matplotlib'
[2026-01-31T01:43:13.143+0000] {logging_mixin.py:188} INFO - [2026-01-31T01:43:13.143+0000] {__init__.py:554} WARNING - Matplotlib created a temporary cache directory at /tmp/matplotlib-k5ghbe86 because there was an issue with the default path (/home/airflow/.cache/matplotlib); it is highly recommended to set the MPLCONFIGDIR environment variable to a writable directory, in particular to speed up the import of Matplotlib and to better support multiprocessing.
[2026-01-31T01:43:13.224+0000] {logging_mixin.py:188} INFO - [2026-01-31T01:43:13.224+0000] {font_manager.py:1639} INFO - generated new fontManager
[2026-01-31T01:43:13.378+0000] {logging_mixin.py:188} INFO - IP resolvido para MLflow: http://192.168.65.254:5000/
[2026-01-31T01:43:13.380+0000] {logging_mixin.py:188} WARNING - /opt/airflow/dags/train.py:37 RemovedInAirflow3Warning: Function `days_ago` is deprecated and will be removed in Airflow 3.0. You can achieve equivalent behavior with `pendulum.today('UTC').add(days=-N, ...)`
[2026-01-31T01:43:13.381+0000] {logging_mixin.py:188} WARNING - /opt/airflow/dags/train.py:32 RemovedInAirflow3Warning: Param `schedule_interval` is deprecated and will be removed in a future release. Please use `schedule` instead.
[2026-01-31T01:43:13.385+0000] {processor.py:840} INFO - DAG(s) 'ml_training_pipeline' retrieved from /opt/airflow/dags/train.py
[2026-01-31T01:43:13.400+0000] {logging_mixin.py:188} INFO - [2026-01-31T01:43:13.399+0000] {dag.py:3096} INFO - Sync 1 DAGs
[2026-01-31T01:43:13.412+0000] {logging_mixin.py:188} INFO - [2026-01-31T01:43:13.412+0000] {dag.py:3954} INFO - Setting next_dagrun for ml_training_pipeline to 2026-02-01 00:00:00+00:00, run_after=2026-02-08 00:00:00+00:00
[2026-01-31T01:43:13.424+0000] {processor.py:183} INFO - Processing /opt/airflow/dags/train.py took 2.511 seconds
[2026-01-31T01:43:43.553+0000] {processor.py:161} INFO - Started process (PID=11526) to work on /opt/airflow/dags/train.py
[2026-01-31T01:43:43.555+0000] {processor.py:830} INFO - Processing file /opt/airflow/dags/train.py for tasks to queue
[2026-01-31T01:43:43.556+0000] {logging_mixin.py:188} INFO - [2026-01-31T01:43:43.556+0000] {dagbag.py:545} INFO - Filling up the DagBag from /opt/airflow/dags/train.py
[2026-01-31T01:43:45.660+0000] {logging_mixin.py:188} INFO - [2026-01-31T01:43:45.660+0000] {__init__.py:537} WARNING - mkdir -p failed for path /home/airflow/.cache/matplotlib: [Errno 13] Permission denied: '/home/airflow/.cache/matplotlib'
[2026-01-31T01:43:45.661+0000] {logging_mixin.py:188} INFO - [2026-01-31T01:43:45.661+0000] {__init__.py:554} WARNING - Matplotlib created a temporary cache directory at /tmp/matplotlib-du87qtfi because there was an issue with the default path (/home/airflow/.cache/matplotlib); it is highly recommended to set the MPLCONFIGDIR environment variable to a writable directory, in particular to speed up the import of Matplotlib and to better support multiprocessing.
[2026-01-31T01:43:45.739+0000] {logging_mixin.py:188} INFO - [2026-01-31T01:43:45.739+0000] {font_manager.py:1639} INFO - generated new fontManager
[2026-01-31T01:43:45.864+0000] {logging_mixin.py:188} INFO - IP resolvido para MLflow: http://192.168.65.254:5000/
[2026-01-31T01:43:45.867+0000] {logging_mixin.py:188} WARNING - /opt/airflow/dags/train.py:37 RemovedInAirflow3Warning: Function `days_ago` is deprecated and will be removed in Airflow 3.0. You can achieve equivalent behavior with `pendulum.today('UTC').add(days=-N, ...)`
[2026-01-31T01:43:45.867+0000] {logging_mixin.py:188} WARNING - /opt/airflow/dags/train.py:32 RemovedInAirflow3Warning: Param `schedule_interval` is deprecated and will be removed in a future release. Please use `schedule` instead.
[2026-01-31T01:43:45.872+0000] {processor.py:840} INFO - DAG(s) 'ml_training_pipeline' retrieved from /opt/airflow/dags/train.py
[2026-01-31T01:43:45.887+0000] {logging_mixin.py:188} INFO - [2026-01-31T01:43:45.886+0000] {dag.py:3096} INFO - Sync 1 DAGs
[2026-01-31T01:43:45.898+0000] {logging_mixin.py:188} INFO - [2026-01-31T01:43:45.898+0000] {dag.py:3954} INFO - Setting next_dagrun for ml_training_pipeline to 2026-02-01 00:00:00+00:00, run_after=2026-02-08 00:00:00+00:00
[2026-01-31T01:43:45.911+0000] {processor.py:183} INFO - Processing /opt/airflow/dags/train.py took 2.363 seconds
[2026-01-31T01:44:15.969+0000] {processor.py:161} INFO - Started process (PID=11572) to work on /opt/airflow/dags/train.py
[2026-01-31T01:44:15.970+0000] {processor.py:830} INFO - Processing file /opt/airflow/dags/train.py for tasks to queue
[2026-01-31T01:44:15.971+0000] {logging_mixin.py:188} INFO - [2026-01-31T01:44:15.971+0000] {dagbag.py:545} INFO - Filling up the DagBag from /opt/airflow/dags/train.py
[2026-01-31T01:44:18.267+0000] {logging_mixin.py:188} INFO - [2026-01-31T01:44:18.266+0000] {__init__.py:537} WARNING - mkdir -p failed for path /home/airflow/.cache/matplotlib: [Errno 13] Permission denied: '/home/airflow/.cache/matplotlib'
[2026-01-31T01:44:18.267+0000] {logging_mixin.py:188} INFO - [2026-01-31T01:44:18.267+0000] {__init__.py:554} WARNING - Matplotlib created a temporary cache directory at /tmp/matplotlib-hw_756jo because there was an issue with the default path (/home/airflow/.cache/matplotlib); it is highly recommended to set the MPLCONFIGDIR environment variable to a writable directory, in particular to speed up the import of Matplotlib and to better support multiprocessing.
[2026-01-31T01:44:18.364+0000] {logging_mixin.py:188} INFO - [2026-01-31T01:44:18.364+0000] {font_manager.py:1639} INFO - generated new fontManager
[2026-01-31T01:44:18.507+0000] {logging_mixin.py:188} INFO - IP resolvido para MLflow: http://192.168.65.254:5000/
[2026-01-31T01:44:18.511+0000] {logging_mixin.py:188} WARNING - /opt/airflow/dags/train.py:37 RemovedInAirflow3Warning: Function `days_ago` is deprecated and will be removed in Airflow 3.0. You can achieve equivalent behavior with `pendulum.today('UTC').add(days=-N, ...)`
[2026-01-31T01:44:18.511+0000] {logging_mixin.py:188} WARNING - /opt/airflow/dags/train.py:32 RemovedInAirflow3Warning: Param `schedule_interval` is deprecated and will be removed in a future release. Please use `schedule` instead.
[2026-01-31T01:44:18.515+0000] {processor.py:840} INFO - DAG(s) 'ml_training_pipeline' retrieved from /opt/airflow/dags/train.py
[2026-01-31T01:44:18.531+0000] {logging_mixin.py:188} INFO - [2026-01-31T01:44:18.531+0000] {dag.py:3096} INFO - Sync 1 DAGs
[2026-01-31T01:44:18.545+0000] {logging_mixin.py:188} INFO - [2026-01-31T01:44:18.545+0000] {dag.py:3954} INFO - Setting next_dagrun for ml_training_pipeline to 2026-02-01 00:00:00+00:00, run_after=2026-02-08 00:00:00+00:00
[2026-01-31T01:44:18.560+0000] {processor.py:183} INFO - Processing /opt/airflow/dags/train.py took 2.595 seconds
[2026-01-31T01:44:48.653+0000] {processor.py:161} INFO - Started process (PID=11621) to work on /opt/airflow/dags/train.py
[2026-01-31T01:44:48.654+0000] {processor.py:830} INFO - Processing file /opt/airflow/dags/train.py for tasks to queue
[2026-01-31T01:44:48.656+0000] {logging_mixin.py:188} INFO - [2026-01-31T01:44:48.656+0000] {dagbag.py:545} INFO - Filling up the DagBag from /opt/airflow/dags/train.py
[2026-01-31T01:44:51.180+0000] {logging_mixin.py:188} INFO - [2026-01-31T01:44:51.179+0000] {__init__.py:537} WARNING - mkdir -p failed for path /home/airflow/.cache/matplotlib: [Errno 13] Permission denied: '/home/airflow/.cache/matplotlib'
[2026-01-31T01:44:51.180+0000] {logging_mixin.py:188} INFO - [2026-01-31T01:44:51.180+0000] {__init__.py:554} WARNING - Matplotlib created a temporary cache directory at /tmp/matplotlib-kd5ltkss because there was an issue with the default path (/home/airflow/.cache/matplotlib); it is highly recommended to set the MPLCONFIGDIR environment variable to a writable directory, in particular to speed up the import of Matplotlib and to better support multiprocessing.
[2026-01-31T01:44:51.271+0000] {logging_mixin.py:188} INFO - [2026-01-31T01:44:51.271+0000] {font_manager.py:1639} INFO - generated new fontManager
[2026-01-31T01:44:51.446+0000] {logging_mixin.py:188} INFO - IP resolvido para MLflow: http://192.168.65.254:5000/
[2026-01-31T01:44:51.450+0000] {logging_mixin.py:188} WARNING - /opt/airflow/dags/train.py:37 RemovedInAirflow3Warning: Function `days_ago` is deprecated and will be removed in Airflow 3.0. You can achieve equivalent behavior with `pendulum.today('UTC').add(days=-N, ...)`
[2026-01-31T01:44:51.451+0000] {logging_mixin.py:188} WARNING - /opt/airflow/dags/train.py:32 RemovedInAirflow3Warning: Param `schedule_interval` is deprecated and will be removed in a future release. Please use `schedule` instead.
[2026-01-31T01:44:51.458+0000] {processor.py:840} INFO - DAG(s) 'ml_training_pipeline' retrieved from /opt/airflow/dags/train.py
[2026-01-31T01:44:51.486+0000] {logging_mixin.py:188} INFO - [2026-01-31T01:44:51.485+0000] {dag.py:3096} INFO - Sync 1 DAGs
[2026-01-31T01:44:51.507+0000] {logging_mixin.py:188} INFO - [2026-01-31T01:44:51.506+0000] {dag.py:3954} INFO - Setting next_dagrun for ml_training_pipeline to 2026-02-01 00:00:00+00:00, run_after=2026-02-08 00:00:00+00:00
[2026-01-31T01:44:51.527+0000] {processor.py:183} INFO - Processing /opt/airflow/dags/train.py took 2.881 seconds
[2026-01-31T01:45:21.573+0000] {processor.py:161} INFO - Started process (PID=11668) to work on /opt/airflow/dags/train.py
[2026-01-31T01:45:21.574+0000] {processor.py:830} INFO - Processing file /opt/airflow/dags/train.py for tasks to queue
[2026-01-31T01:45:21.575+0000] {logging_mixin.py:188} INFO - [2026-01-31T01:45:21.575+0000] {dagbag.py:545} INFO - Filling up the DagBag from /opt/airflow/dags/train.py
[2026-01-31T01:45:24.236+0000] {logging_mixin.py:188} INFO - [2026-01-31T01:45:24.236+0000] {__init__.py:537} WARNING - mkdir -p failed for path /home/airflow/.cache/matplotlib: [Errno 13] Permission denied: '/home/airflow/.cache/matplotlib'
[2026-01-31T01:45:24.237+0000] {logging_mixin.py:188} INFO - [2026-01-31T01:45:24.237+0000] {__init__.py:554} WARNING - Matplotlib created a temporary cache directory at /tmp/matplotlib-5vu8tti_ because there was an issue with the default path (/home/airflow/.cache/matplotlib); it is highly recommended to set the MPLCONFIGDIR environment variable to a writable directory, in particular to speed up the import of Matplotlib and to better support multiprocessing.
[2026-01-31T01:45:24.339+0000] {logging_mixin.py:188} INFO - [2026-01-31T01:45:24.339+0000] {font_manager.py:1639} INFO - generated new fontManager
[2026-01-31T01:45:24.512+0000] {logging_mixin.py:188} INFO - IP resolvido para MLflow: http://192.168.65.254:5000/
[2026-01-31T01:45:24.516+0000] {logging_mixin.py:188} WARNING - /opt/airflow/dags/train.py:37 RemovedInAirflow3Warning: Function `days_ago` is deprecated and will be removed in Airflow 3.0. You can achieve equivalent behavior with `pendulum.today('UTC').add(days=-N, ...)`
[2026-01-31T01:45:24.517+0000] {logging_mixin.py:188} WARNING - /opt/airflow/dags/train.py:32 RemovedInAirflow3Warning: Param `schedule_interval` is deprecated and will be removed in a future release. Please use `schedule` instead.
[2026-01-31T01:45:24.523+0000] {processor.py:840} INFO - DAG(s) 'ml_training_pipeline' retrieved from /opt/airflow/dags/train.py
[2026-01-31T01:45:24.541+0000] {logging_mixin.py:188} INFO - [2026-01-31T01:45:24.541+0000] {dag.py:3096} INFO - Sync 1 DAGs
[2026-01-31T01:45:24.557+0000] {logging_mixin.py:188} INFO - [2026-01-31T01:45:24.557+0000] {dag.py:3954} INFO - Setting next_dagrun for ml_training_pipeline to 2026-02-01 00:00:00+00:00, run_after=2026-02-08 00:00:00+00:00
[2026-01-31T01:45:24.573+0000] {processor.py:183} INFO - Processing /opt/airflow/dags/train.py took 3.004 seconds
[2026-01-31T01:45:54.740+0000] {processor.py:161} INFO - Started process (PID=11713) to work on /opt/airflow/dags/train.py
[2026-01-31T01:45:54.742+0000] {processor.py:830} INFO - Processing file /opt/airflow/dags/train.py for tasks to queue
[2026-01-31T01:45:54.743+0000] {logging_mixin.py:188} INFO - [2026-01-31T01:45:54.743+0000] {dagbag.py:545} INFO - Filling up the DagBag from /opt/airflow/dags/train.py
[2026-01-31T01:45:57.353+0000] {logging_mixin.py:188} INFO - [2026-01-31T01:45:57.353+0000] {__init__.py:537} WARNING - mkdir -p failed for path /home/airflow/.cache/matplotlib: [Errno 13] Permission denied: '/home/airflow/.cache/matplotlib'
[2026-01-31T01:45:57.354+0000] {logging_mixin.py:188} INFO - [2026-01-31T01:45:57.354+0000] {__init__.py:554} WARNING - Matplotlib created a temporary cache directory at /tmp/matplotlib-_vg8n3y2 because there was an issue with the default path (/home/airflow/.cache/matplotlib); it is highly recommended to set the MPLCONFIGDIR environment variable to a writable directory, in particular to speed up the import of Matplotlib and to better support multiprocessing.
[2026-01-31T01:45:57.442+0000] {logging_mixin.py:188} INFO - [2026-01-31T01:45:57.441+0000] {font_manager.py:1639} INFO - generated new fontManager
[2026-01-31T01:45:57.589+0000] {logging_mixin.py:188} INFO - IP resolvido para MLflow: http://192.168.65.254:5000/
[2026-01-31T01:45:57.591+0000] {logging_mixin.py:188} WARNING - /opt/airflow/dags/train.py:37 RemovedInAirflow3Warning: Function `days_ago` is deprecated and will be removed in Airflow 3.0. You can achieve equivalent behavior with `pendulum.today('UTC').add(days=-N, ...)`
[2026-01-31T01:45:57.592+0000] {logging_mixin.py:188} WARNING - /opt/airflow/dags/train.py:32 RemovedInAirflow3Warning: Param `schedule_interval` is deprecated and will be removed in a future release. Please use `schedule` instead.
[2026-01-31T01:45:57.596+0000] {processor.py:840} INFO - DAG(s) 'ml_training_pipeline' retrieved from /opt/airflow/dags/train.py
[2026-01-31T01:45:57.614+0000] {logging_mixin.py:188} INFO - [2026-01-31T01:45:57.613+0000] {dag.py:3096} INFO - Sync 1 DAGs
[2026-01-31T01:45:57.628+0000] {logging_mixin.py:188} INFO - [2026-01-31T01:45:57.628+0000] {dag.py:3954} INFO - Setting next_dagrun for ml_training_pipeline to 2026-02-01 00:00:00+00:00, run_after=2026-02-08 00:00:00+00:00
[2026-01-31T01:45:57.641+0000] {processor.py:183} INFO - Processing /opt/airflow/dags/train.py took 2.906 seconds
[2026-01-31T01:46:27.682+0000] {processor.py:161} INFO - Started process (PID=11760) to work on /opt/airflow/dags/train.py
[2026-01-31T01:46:27.683+0000] {processor.py:830} INFO - Processing file /opt/airflow/dags/train.py for tasks to queue
[2026-01-31T01:46:27.685+0000] {logging_mixin.py:188} INFO - [2026-01-31T01:46:27.684+0000] {dagbag.py:545} INFO - Filling up the DagBag from /opt/airflow/dags/train.py
[2026-01-31T01:46:30.235+0000] {logging_mixin.py:188} INFO - [2026-01-31T01:46:30.235+0000] {__init__.py:537} WARNING - mkdir -p failed for path /home/airflow/.cache/matplotlib: [Errno 13] Permission denied: '/home/airflow/.cache/matplotlib'
[2026-01-31T01:46:30.236+0000] {logging_mixin.py:188} INFO - [2026-01-31T01:46:30.236+0000] {__init__.py:554} WARNING - Matplotlib created a temporary cache directory at /tmp/matplotlib-m6lp6hai because there was an issue with the default path (/home/airflow/.cache/matplotlib); it is highly recommended to set the MPLCONFIGDIR environment variable to a writable directory, in particular to speed up the import of Matplotlib and to better support multiprocessing.
[2026-01-31T01:46:30.329+0000] {logging_mixin.py:188} INFO - [2026-01-31T01:46:30.329+0000] {font_manager.py:1639} INFO - generated new fontManager
[2026-01-31T01:46:30.484+0000] {logging_mixin.py:188} INFO - IP resolvido para MLflow: http://192.168.65.254:5000/
[2026-01-31T01:46:30.486+0000] {logging_mixin.py:188} WARNING - /opt/airflow/dags/train.py:37 RemovedInAirflow3Warning: Function `days_ago` is deprecated and will be removed in Airflow 3.0. You can achieve equivalent behavior with `pendulum.today('UTC').add(days=-N, ...)`
[2026-01-31T01:46:30.487+0000] {logging_mixin.py:188} WARNING - /opt/airflow/dags/train.py:32 RemovedInAirflow3Warning: Param `schedule_interval` is deprecated and will be removed in a future release. Please use `schedule` instead.
[2026-01-31T01:46:30.491+0000] {processor.py:840} INFO - DAG(s) 'ml_training_pipeline' retrieved from /opt/airflow/dags/train.py
[2026-01-31T01:46:30.508+0000] {logging_mixin.py:188} INFO - [2026-01-31T01:46:30.507+0000] {dag.py:3096} INFO - Sync 1 DAGs
[2026-01-31T01:46:30.527+0000] {logging_mixin.py:188} INFO - [2026-01-31T01:46:30.527+0000] {dag.py:3954} INFO - Setting next_dagrun for ml_training_pipeline to 2026-02-01 00:00:00+00:00, run_after=2026-02-08 00:00:00+00:00
[2026-01-31T01:46:30.546+0000] {processor.py:183} INFO - Processing /opt/airflow/dags/train.py took 2.869 seconds
[2026-01-31T01:47:00.719+0000] {processor.py:161} INFO - Started process (PID=11807) to work on /opt/airflow/dags/train.py
[2026-01-31T01:47:00.721+0000] {processor.py:830} INFO - Processing file /opt/airflow/dags/train.py for tasks to queue
[2026-01-31T01:47:00.723+0000] {logging_mixin.py:188} INFO - [2026-01-31T01:47:00.722+0000] {dagbag.py:545} INFO - Filling up the DagBag from /opt/airflow/dags/train.py
[2026-01-31T01:47:03.908+0000] {logging_mixin.py:188} INFO - [2026-01-31T01:47:03.907+0000] {__init__.py:537} WARNING - mkdir -p failed for path /home/airflow/.cache/matplotlib: [Errno 13] Permission denied: '/home/airflow/.cache/matplotlib'
[2026-01-31T01:47:03.908+0000] {logging_mixin.py:188} INFO - [2026-01-31T01:47:03.908+0000] {__init__.py:554} WARNING - Matplotlib created a temporary cache directory at /tmp/matplotlib-lflj27ch because there was an issue with the default path (/home/airflow/.cache/matplotlib); it is highly recommended to set the MPLCONFIGDIR environment variable to a writable directory, in particular to speed up the import of Matplotlib and to better support multiprocessing.
[2026-01-31T01:47:04.027+0000] {logging_mixin.py:188} INFO - [2026-01-31T01:47:04.027+0000] {font_manager.py:1639} INFO - generated new fontManager
[2026-01-31T01:47:04.207+0000] {logging_mixin.py:188} INFO - IP resolvido para MLflow: http://192.168.65.254:5000/
[2026-01-31T01:47:04.211+0000] {logging_mixin.py:188} WARNING - /opt/airflow/dags/train.py:37 RemovedInAirflow3Warning: Function `days_ago` is deprecated and will be removed in Airflow 3.0. You can achieve equivalent behavior with `pendulum.today('UTC').add(days=-N, ...)`
[2026-01-31T01:47:04.212+0000] {logging_mixin.py:188} WARNING - /opt/airflow/dags/train.py:32 RemovedInAirflow3Warning: Param `schedule_interval` is deprecated and will be removed in a future release. Please use `schedule` instead.
[2026-01-31T01:47:04.216+0000] {processor.py:840} INFO - DAG(s) 'ml_training_pipeline' retrieved from /opt/airflow/dags/train.py
[2026-01-31T01:47:04.236+0000] {logging_mixin.py:188} INFO - [2026-01-31T01:47:04.235+0000] {dag.py:3096} INFO - Sync 1 DAGs
[2026-01-31T01:47:04.252+0000] {logging_mixin.py:188} INFO - [2026-01-31T01:47:04.252+0000] {dag.py:3954} INFO - Setting next_dagrun for ml_training_pipeline to 2026-02-01 00:00:00+00:00, run_after=2026-02-08 00:00:00+00:00
[2026-01-31T01:47:04.268+0000] {processor.py:183} INFO - Processing /opt/airflow/dags/train.py took 3.555 seconds
[2026-01-31T01:47:34.396+0000] {processor.py:161} INFO - Started process (PID=11856) to work on /opt/airflow/dags/train.py
[2026-01-31T01:47:34.397+0000] {processor.py:830} INFO - Processing file /opt/airflow/dags/train.py for tasks to queue
[2026-01-31T01:47:34.399+0000] {logging_mixin.py:188} INFO - [2026-01-31T01:47:34.398+0000] {dagbag.py:545} INFO - Filling up the DagBag from /opt/airflow/dags/train.py
[2026-01-31T01:47:37.139+0000] {logging_mixin.py:188} INFO - [2026-01-31T01:47:37.138+0000] {__init__.py:537} WARNING - mkdir -p failed for path /home/airflow/.cache/matplotlib: [Errno 13] Permission denied: '/home/airflow/.cache/matplotlib'
[2026-01-31T01:47:37.140+0000] {logging_mixin.py:188} INFO - [2026-01-31T01:47:37.139+0000] {__init__.py:554} WARNING - Matplotlib created a temporary cache directory at /tmp/matplotlib-v0_f6usn because there was an issue with the default path (/home/airflow/.cache/matplotlib); it is highly recommended to set the MPLCONFIGDIR environment variable to a writable directory, in particular to speed up the import of Matplotlib and to better support multiprocessing.
[2026-01-31T01:47:37.246+0000] {logging_mixin.py:188} INFO - [2026-01-31T01:47:37.246+0000] {font_manager.py:1639} INFO - generated new fontManager
[2026-01-31T01:47:37.405+0000] {logging_mixin.py:188} INFO - IP resolvido para MLflow: http://192.168.65.254:5000/
[2026-01-31T01:47:37.408+0000] {logging_mixin.py:188} WARNING - /opt/airflow/dags/train.py:37 RemovedInAirflow3Warning: Function `days_ago` is deprecated and will be removed in Airflow 3.0. You can achieve equivalent behavior with `pendulum.today('UTC').add(days=-N, ...)`
[2026-01-31T01:47:37.409+0000] {logging_mixin.py:188} WARNING - /opt/airflow/dags/train.py:32 RemovedInAirflow3Warning: Param `schedule_interval` is deprecated and will be removed in a future release. Please use `schedule` instead.
[2026-01-31T01:47:37.413+0000] {processor.py:840} INFO - DAG(s) 'ml_training_pipeline' retrieved from /opt/airflow/dags/train.py
[2026-01-31T01:47:37.431+0000] {logging_mixin.py:188} INFO - [2026-01-31T01:47:37.431+0000] {dag.py:3096} INFO - Sync 1 DAGs
[2026-01-31T01:47:37.445+0000] {logging_mixin.py:188} INFO - [2026-01-31T01:47:37.445+0000] {dag.py:3954} INFO - Setting next_dagrun for ml_training_pipeline to 2026-02-01 00:00:00+00:00, run_after=2026-02-08 00:00:00+00:00
[2026-01-31T01:47:37.460+0000] {processor.py:183} INFO - Processing /opt/airflow/dags/train.py took 3.072 seconds
[2026-01-31T01:48:08.310+0000] {processor.py:161} INFO - Started process (PID=11903) to work on /opt/airflow/dags/train.py
[2026-01-31T01:48:08.311+0000] {processor.py:830} INFO - Processing file /opt/airflow/dags/train.py for tasks to queue
[2026-01-31T01:48:08.313+0000] {logging_mixin.py:188} INFO - [2026-01-31T01:48:08.312+0000] {dagbag.py:545} INFO - Filling up the DagBag from /opt/airflow/dags/train.py
[2026-01-31T01:48:10.479+0000] {logging_mixin.py:188} INFO - [2026-01-31T01:48:10.478+0000] {__init__.py:537} WARNING - mkdir -p failed for path /home/airflow/.cache/matplotlib: [Errno 13] Permission denied: '/home/airflow/.cache/matplotlib'
[2026-01-31T01:48:10.479+0000] {logging_mixin.py:188} INFO - [2026-01-31T01:48:10.479+0000] {__init__.py:554} WARNING - Matplotlib created a temporary cache directory at /tmp/matplotlib-xhdaahix because there was an issue with the default path (/home/airflow/.cache/matplotlib); it is highly recommended to set the MPLCONFIGDIR environment variable to a writable directory, in particular to speed up the import of Matplotlib and to better support multiprocessing.
[2026-01-31T01:48:10.564+0000] {logging_mixin.py:188} INFO - [2026-01-31T01:48:10.564+0000] {font_manager.py:1639} INFO - generated new fontManager
[2026-01-31T01:48:10.698+0000] {logging_mixin.py:188} INFO - IP resolvido para MLflow: http://192.168.65.254:5000/
[2026-01-31T01:48:10.700+0000] {logging_mixin.py:188} WARNING - /opt/airflow/dags/train.py:37 RemovedInAirflow3Warning: Function `days_ago` is deprecated and will be removed in Airflow 3.0. You can achieve equivalent behavior with `pendulum.today('UTC').add(days=-N, ...)`
[2026-01-31T01:48:10.701+0000] {logging_mixin.py:188} WARNING - /opt/airflow/dags/train.py:32 RemovedInAirflow3Warning: Param `schedule_interval` is deprecated and will be removed in a future release. Please use `schedule` instead.
[2026-01-31T01:48:10.704+0000] {processor.py:840} INFO - DAG(s) 'ml_training_pipeline' retrieved from /opt/airflow/dags/train.py
[2026-01-31T01:48:10.720+0000] {logging_mixin.py:188} INFO - [2026-01-31T01:48:10.720+0000] {dag.py:3096} INFO - Sync 1 DAGs
[2026-01-31T01:48:10.732+0000] {logging_mixin.py:188} INFO - [2026-01-31T01:48:10.732+0000] {dag.py:3954} INFO - Setting next_dagrun for ml_training_pipeline to 2026-02-01 00:00:00+00:00, run_after=2026-02-08 00:00:00+00:00
[2026-01-31T01:48:10.746+0000] {processor.py:183} INFO - Processing /opt/airflow/dags/train.py took 2.441 seconds
[2026-01-31T01:48:41.726+0000] {processor.py:161} INFO - Started process (PID=11950) to work on /opt/airflow/dags/train.py
[2026-01-31T01:48:41.726+0000] {processor.py:830} INFO - Processing file /opt/airflow/dags/train.py for tasks to queue
[2026-01-31T01:48:41.728+0000] {logging_mixin.py:188} INFO - [2026-01-31T01:48:41.727+0000] {dagbag.py:545} INFO - Filling up the DagBag from /opt/airflow/dags/train.py
[2026-01-31T01:48:43.922+0000] {logging_mixin.py:188} INFO - [2026-01-31T01:48:43.922+0000] {__init__.py:537} WARNING - mkdir -p failed for path /home/airflow/.cache/matplotlib: [Errno 13] Permission denied: '/home/airflow/.cache/matplotlib'
[2026-01-31T01:48:43.923+0000] {logging_mixin.py:188} INFO - [2026-01-31T01:48:43.923+0000] {__init__.py:554} WARNING - Matplotlib created a temporary cache directory at /tmp/matplotlib-vd3qejng because there was an issue with the default path (/home/airflow/.cache/matplotlib); it is highly recommended to set the MPLCONFIGDIR environment variable to a writable directory, in particular to speed up the import of Matplotlib and to better support multiprocessing.
[2026-01-31T01:48:44.003+0000] {logging_mixin.py:188} INFO - [2026-01-31T01:48:44.003+0000] {font_manager.py:1639} INFO - generated new fontManager
[2026-01-31T01:48:44.130+0000] {logging_mixin.py:188} INFO - IP resolvido para MLflow: http://192.168.65.254:5000/
[2026-01-31T01:48:44.133+0000] {logging_mixin.py:188} WARNING - /opt/airflow/dags/train.py:37 RemovedInAirflow3Warning: Function `days_ago` is deprecated and will be removed in Airflow 3.0. You can achieve equivalent behavior with `pendulum.today('UTC').add(days=-N, ...)`
[2026-01-31T01:48:44.134+0000] {logging_mixin.py:188} WARNING - /opt/airflow/dags/train.py:32 RemovedInAirflow3Warning: Param `schedule_interval` is deprecated and will be removed in a future release. Please use `schedule` instead.
[2026-01-31T01:48:44.138+0000] {processor.py:840} INFO - DAG(s) 'ml_training_pipeline' retrieved from /opt/airflow/dags/train.py
[2026-01-31T01:48:44.153+0000] {logging_mixin.py:188} INFO - [2026-01-31T01:48:44.152+0000] {dag.py:3096} INFO - Sync 1 DAGs
[2026-01-31T01:48:44.164+0000] {logging_mixin.py:188} INFO - [2026-01-31T01:48:44.164+0000] {dag.py:3954} INFO - Setting next_dagrun for ml_training_pipeline to 2026-02-01 00:00:00+00:00, run_after=2026-02-08 00:00:00+00:00
[2026-01-31T01:48:44.178+0000] {processor.py:183} INFO - Processing /opt/airflow/dags/train.py took 2.457 seconds
[2026-01-31T01:49:14.472+0000] {processor.py:161} INFO - Started process (PID=11997) to work on /opt/airflow/dags/train.py
[2026-01-31T01:49:14.474+0000] {processor.py:830} INFO - Processing file /opt/airflow/dags/train.py for tasks to queue
[2026-01-31T01:49:14.475+0000] {logging_mixin.py:188} INFO - [2026-01-31T01:49:14.475+0000] {dagbag.py:545} INFO - Filling up the DagBag from /opt/airflow/dags/train.py
[2026-01-31T01:49:16.679+0000] {logging_mixin.py:188} INFO - [2026-01-31T01:49:16.679+0000] {__init__.py:537} WARNING - mkdir -p failed for path /home/airflow/.cache/matplotlib: [Errno 13] Permission denied: '/home/airflow/.cache/matplotlib'
[2026-01-31T01:49:16.680+0000] {logging_mixin.py:188} INFO - [2026-01-31T01:49:16.680+0000] {__init__.py:554} WARNING - Matplotlib created a temporary cache directory at /tmp/matplotlib-pj1ebnrc because there was an issue with the default path (/home/airflow/.cache/matplotlib); it is highly recommended to set the MPLCONFIGDIR environment variable to a writable directory, in particular to speed up the import of Matplotlib and to better support multiprocessing.
[2026-01-31T01:49:16.768+0000] {logging_mixin.py:188} INFO - [2026-01-31T01:49:16.767+0000] {font_manager.py:1639} INFO - generated new fontManager
[2026-01-31T01:49:16.899+0000] {logging_mixin.py:188} INFO - IP resolvido para MLflow: http://192.168.65.254:5000/
[2026-01-31T01:49:16.901+0000] {logging_mixin.py:188} WARNING - /opt/airflow/dags/train.py:37 RemovedInAirflow3Warning: Function `days_ago` is deprecated and will be removed in Airflow 3.0. You can achieve equivalent behavior with `pendulum.today('UTC').add(days=-N, ...)`
[2026-01-31T01:49:16.902+0000] {logging_mixin.py:188} WARNING - /opt/airflow/dags/train.py:32 RemovedInAirflow3Warning: Param `schedule_interval` is deprecated and will be removed in a future release. Please use `schedule` instead.
[2026-01-31T01:49:16.905+0000] {processor.py:840} INFO - DAG(s) 'ml_training_pipeline' retrieved from /opt/airflow/dags/train.py
[2026-01-31T01:49:16.920+0000] {logging_mixin.py:188} INFO - [2026-01-31T01:49:16.919+0000] {dag.py:3096} INFO - Sync 1 DAGs
[2026-01-31T01:49:16.932+0000] {logging_mixin.py:188} INFO - [2026-01-31T01:49:16.932+0000] {dag.py:3954} INFO - Setting next_dagrun for ml_training_pipeline to 2026-02-01 00:00:00+00:00, run_after=2026-02-08 00:00:00+00:00
[2026-01-31T01:49:16.945+0000] {processor.py:183} INFO - Processing /opt/airflow/dags/train.py took 2.477 seconds
[2026-01-31T01:49:47.260+0000] {processor.py:161} INFO - Started process (PID=12044) to work on /opt/airflow/dags/train.py
[2026-01-31T01:49:47.260+0000] {processor.py:830} INFO - Processing file /opt/airflow/dags/train.py for tasks to queue
[2026-01-31T01:49:47.262+0000] {logging_mixin.py:188} INFO - [2026-01-31T01:49:47.261+0000] {dagbag.py:545} INFO - Filling up the DagBag from /opt/airflow/dags/train.py
[2026-01-31T01:49:49.372+0000] {logging_mixin.py:188} INFO - [2026-01-31T01:49:49.372+0000] {__init__.py:537} WARNING - mkdir -p failed for path /home/airflow/.cache/matplotlib: [Errno 13] Permission denied: '/home/airflow/.cache/matplotlib'
[2026-01-31T01:49:49.373+0000] {logging_mixin.py:188} INFO - [2026-01-31T01:49:49.373+0000] {__init__.py:554} WARNING - Matplotlib created a temporary cache directory at /tmp/matplotlib-j769t9dq because there was an issue with the default path (/home/airflow/.cache/matplotlib); it is highly recommended to set the MPLCONFIGDIR environment variable to a writable directory, in particular to speed up the import of Matplotlib and to better support multiprocessing.
[2026-01-31T01:49:49.458+0000] {logging_mixin.py:188} INFO - [2026-01-31T01:49:49.458+0000] {font_manager.py:1639} INFO - generated new fontManager
[2026-01-31T01:49:49.585+0000] {logging_mixin.py:188} INFO - IP resolvido para MLflow: http://192.168.65.254:5000/
[2026-01-31T01:49:49.588+0000] {logging_mixin.py:188} WARNING - /opt/airflow/dags/train.py:37 RemovedInAirflow3Warning: Function `days_ago` is deprecated and will be removed in Airflow 3.0. You can achieve equivalent behavior with `pendulum.today('UTC').add(days=-N, ...)`
[2026-01-31T01:49:49.588+0000] {logging_mixin.py:188} WARNING - /opt/airflow/dags/train.py:32 RemovedInAirflow3Warning: Param `schedule_interval` is deprecated and will be removed in a future release. Please use `schedule` instead.
[2026-01-31T01:49:49.592+0000] {processor.py:840} INFO - DAG(s) 'ml_training_pipeline' retrieved from /opt/airflow/dags/train.py
[2026-01-31T01:49:49.606+0000] {logging_mixin.py:188} INFO - [2026-01-31T01:49:49.605+0000] {dag.py:3096} INFO - Sync 1 DAGs
[2026-01-31T01:49:49.617+0000] {logging_mixin.py:188} INFO - [2026-01-31T01:49:49.617+0000] {dag.py:3954} INFO - Setting next_dagrun for ml_training_pipeline to 2026-02-01 00:00:00+00:00, run_after=2026-02-08 00:00:00+00:00
[2026-01-31T01:49:49.629+0000] {processor.py:183} INFO - Processing /opt/airflow/dags/train.py took 2.374 seconds
[2026-01-31T01:50:20.036+0000] {processor.py:161} INFO - Started process (PID=12091) to work on /opt/airflow/dags/train.py
[2026-01-31T01:50:20.038+0000] {processor.py:830} INFO - Processing file /opt/airflow/dags/train.py for tasks to queue
[2026-01-31T01:50:20.040+0000] {logging_mixin.py:188} INFO - [2026-01-31T01:50:20.039+0000] {dagbag.py:545} INFO - Filling up the DagBag from /opt/airflow/dags/train.py
[2026-01-31T01:50:22.317+0000] {logging_mixin.py:188} INFO - [2026-01-31T01:50:22.317+0000] {__init__.py:537} WARNING - mkdir -p failed for path /home/airflow/.cache/matplotlib: [Errno 13] Permission denied: '/home/airflow/.cache/matplotlib'
[2026-01-31T01:50:22.318+0000] {logging_mixin.py:188} INFO - [2026-01-31T01:50:22.318+0000] {__init__.py:554} WARNING - Matplotlib created a temporary cache directory at /tmp/matplotlib-tvki_2iw because there was an issue with the default path (/home/airflow/.cache/matplotlib); it is highly recommended to set the MPLCONFIGDIR environment variable to a writable directory, in particular to speed up the import of Matplotlib and to better support multiprocessing.
[2026-01-31T01:50:22.397+0000] {logging_mixin.py:188} INFO - [2026-01-31T01:50:22.397+0000] {font_manager.py:1639} INFO - generated new fontManager
[2026-01-31T01:50:22.527+0000] {logging_mixin.py:188} INFO - IP resolvido para MLflow: http://192.168.65.254:5000/
[2026-01-31T01:50:22.530+0000] {logging_mixin.py:188} WARNING - /opt/airflow/dags/train.py:37 RemovedInAirflow3Warning: Function `days_ago` is deprecated and will be removed in Airflow 3.0. You can achieve equivalent behavior with `pendulum.today('UTC').add(days=-N, ...)`
[2026-01-31T01:50:22.530+0000] {logging_mixin.py:188} WARNING - /opt/airflow/dags/train.py:32 RemovedInAirflow3Warning: Param `schedule_interval` is deprecated and will be removed in a future release. Please use `schedule` instead.
[2026-01-31T01:50:22.534+0000] {processor.py:840} INFO - DAG(s) 'ml_training_pipeline' retrieved from /opt/airflow/dags/train.py
[2026-01-31T01:50:22.549+0000] {logging_mixin.py:188} INFO - [2026-01-31T01:50:22.549+0000] {dag.py:3096} INFO - Sync 1 DAGs
[2026-01-31T01:50:22.560+0000] {logging_mixin.py:188} INFO - [2026-01-31T01:50:22.560+0000] {dag.py:3954} INFO - Setting next_dagrun for ml_training_pipeline to 2026-02-01 00:00:00+00:00, run_after=2026-02-08 00:00:00+00:00
[2026-01-31T01:50:22.572+0000] {processor.py:183} INFO - Processing /opt/airflow/dags/train.py took 2.540 seconds
[2026-01-31T01:50:53.039+0000] {processor.py:161} INFO - Started process (PID=12138) to work on /opt/airflow/dags/train.py
[2026-01-31T01:50:53.040+0000] {processor.py:830} INFO - Processing file /opt/airflow/dags/train.py for tasks to queue
[2026-01-31T01:50:53.041+0000] {logging_mixin.py:188} INFO - [2026-01-31T01:50:53.041+0000] {dagbag.py:545} INFO - Filling up the DagBag from /opt/airflow/dags/train.py
[2026-01-31T01:50:55.163+0000] {logging_mixin.py:188} INFO - [2026-01-31T01:50:55.162+0000] {__init__.py:537} WARNING - mkdir -p failed for path /home/airflow/.cache/matplotlib: [Errno 13] Permission denied: '/home/airflow/.cache/matplotlib'
[2026-01-31T01:50:55.163+0000] {logging_mixin.py:188} INFO - [2026-01-31T01:50:55.163+0000] {__init__.py:554} WARNING - Matplotlib created a temporary cache directory at /tmp/matplotlib-ycly28jc because there was an issue with the default path (/home/airflow/.cache/matplotlib); it is highly recommended to set the MPLCONFIGDIR environment variable to a writable directory, in particular to speed up the import of Matplotlib and to better support multiprocessing.
[2026-01-31T01:50:55.245+0000] {logging_mixin.py:188} INFO - [2026-01-31T01:50:55.245+0000] {font_manager.py:1639} INFO - generated new fontManager
[2026-01-31T01:50:55.376+0000] {logging_mixin.py:188} INFO - IP resolvido para MLflow: http://192.168.65.254:5000/
[2026-01-31T01:50:55.379+0000] {logging_mixin.py:188} WARNING - /opt/airflow/dags/train.py:37 RemovedInAirflow3Warning: Function `days_ago` is deprecated and will be removed in Airflow 3.0. You can achieve equivalent behavior with `pendulum.today('UTC').add(days=-N, ...)`
[2026-01-31T01:50:55.380+0000] {logging_mixin.py:188} WARNING - /opt/airflow/dags/train.py:32 RemovedInAirflow3Warning: Param `schedule_interval` is deprecated and will be removed in a future release. Please use `schedule` instead.
[2026-01-31T01:50:55.383+0000] {processor.py:840} INFO - DAG(s) 'ml_training_pipeline' retrieved from /opt/airflow/dags/train.py
[2026-01-31T01:50:55.398+0000] {logging_mixin.py:188} INFO - [2026-01-31T01:50:55.398+0000] {dag.py:3096} INFO - Sync 1 DAGs
[2026-01-31T01:50:55.409+0000] {logging_mixin.py:188} INFO - [2026-01-31T01:50:55.409+0000] {dag.py:3954} INFO - Setting next_dagrun for ml_training_pipeline to 2026-02-01 00:00:00+00:00, run_after=2026-02-08 00:00:00+00:00
[2026-01-31T01:50:55.420+0000] {processor.py:183} INFO - Processing /opt/airflow/dags/train.py took 2.385 seconds
[2026-01-31T01:51:26.052+0000] {processor.py:161} INFO - Started process (PID=12185) to work on /opt/airflow/dags/train.py
[2026-01-31T01:51:26.055+0000] {processor.py:830} INFO - Processing file /opt/airflow/dags/train.py for tasks to queue
[2026-01-31T01:51:26.056+0000] {logging_mixin.py:188} INFO - [2026-01-31T01:51:26.056+0000] {dagbag.py:545} INFO - Filling up the DagBag from /opt/airflow/dags/train.py
[2026-01-31T01:51:28.161+0000] {logging_mixin.py:188} INFO - [2026-01-31T01:51:28.161+0000] {__init__.py:537} WARNING - mkdir -p failed for path /home/airflow/.cache/matplotlib: [Errno 13] Permission denied: '/home/airflow/.cache/matplotlib'
[2026-01-31T01:51:28.162+0000] {logging_mixin.py:188} INFO - [2026-01-31T01:51:28.162+0000] {__init__.py:554} WARNING - Matplotlib created a temporary cache directory at /tmp/matplotlib-vnpbzgab because there was an issue with the default path (/home/airflow/.cache/matplotlib); it is highly recommended to set the MPLCONFIGDIR environment variable to a writable directory, in particular to speed up the import of Matplotlib and to better support multiprocessing.
[2026-01-31T01:51:28.244+0000] {logging_mixin.py:188} INFO - [2026-01-31T01:51:28.244+0000] {font_manager.py:1639} INFO - generated new fontManager
[2026-01-31T01:51:28.369+0000] {logging_mixin.py:188} INFO - IP resolvido para MLflow: http://192.168.65.254:5000/
[2026-01-31T01:51:28.371+0000] {logging_mixin.py:188} WARNING - /opt/airflow/dags/train.py:37 RemovedInAirflow3Warning: Function `days_ago` is deprecated and will be removed in Airflow 3.0. You can achieve equivalent behavior with `pendulum.today('UTC').add(days=-N, ...)`
[2026-01-31T01:51:28.371+0000] {logging_mixin.py:188} WARNING - /opt/airflow/dags/train.py:32 RemovedInAirflow3Warning: Param `schedule_interval` is deprecated and will be removed in a future release. Please use `schedule` instead.
[2026-01-31T01:51:28.375+0000] {processor.py:840} INFO - DAG(s) 'ml_training_pipeline' retrieved from /opt/airflow/dags/train.py
[2026-01-31T01:51:28.390+0000] {logging_mixin.py:188} INFO - [2026-01-31T01:51:28.390+0000] {dag.py:3096} INFO - Sync 1 DAGs
[2026-01-31T01:51:28.401+0000] {logging_mixin.py:188} INFO - [2026-01-31T01:51:28.401+0000] {dag.py:3954} INFO - Setting next_dagrun for ml_training_pipeline to 2026-02-01 00:00:00+00:00, run_after=2026-02-08 00:00:00+00:00
[2026-01-31T01:51:28.412+0000] {processor.py:183} INFO - Processing /opt/airflow/dags/train.py took 2.365 seconds
[2026-01-31T01:51:59.178+0000] {processor.py:161} INFO - Started process (PID=12232) to work on /opt/airflow/dags/train.py
[2026-01-31T01:51:59.179+0000] {processor.py:830} INFO - Processing file /opt/airflow/dags/train.py for tasks to queue
[2026-01-31T01:51:59.180+0000] {logging_mixin.py:188} INFO - [2026-01-31T01:51:59.180+0000] {dagbag.py:545} INFO - Filling up the DagBag from /opt/airflow/dags/train.py
[2026-01-31T01:52:01.367+0000] {logging_mixin.py:188} INFO - [2026-01-31T01:52:01.367+0000] {__init__.py:537} WARNING - mkdir -p failed for path /home/airflow/.cache/matplotlib: [Errno 13] Permission denied: '/home/airflow/.cache/matplotlib'
[2026-01-31T01:52:01.368+0000] {logging_mixin.py:188} INFO - [2026-01-31T01:52:01.368+0000] {__init__.py:554} WARNING - Matplotlib created a temporary cache directory at /tmp/matplotlib-fioqz9rq because there was an issue with the default path (/home/airflow/.cache/matplotlib); it is highly recommended to set the MPLCONFIGDIR environment variable to a writable directory, in particular to speed up the import of Matplotlib and to better support multiprocessing.
[2026-01-31T01:52:01.456+0000] {logging_mixin.py:188} INFO - [2026-01-31T01:52:01.456+0000] {font_manager.py:1639} INFO - generated new fontManager
[2026-01-31T01:52:01.634+0000] {logging_mixin.py:188} INFO - IP resolvido para MLflow: http://192.168.65.254:5000/
[2026-01-31T01:52:01.636+0000] {logging_mixin.py:188} WARNING - /opt/airflow/dags/train.py:37 RemovedInAirflow3Warning: Function `days_ago` is deprecated and will be removed in Airflow 3.0. You can achieve equivalent behavior with `pendulum.today('UTC').add(days=-N, ...)`
[2026-01-31T01:52:01.637+0000] {logging_mixin.py:188} WARNING - /opt/airflow/dags/train.py:32 RemovedInAirflow3Warning: Param `schedule_interval` is deprecated and will be removed in a future release. Please use `schedule` instead.
[2026-01-31T01:52:01.642+0000] {processor.py:840} INFO - DAG(s) 'ml_training_pipeline' retrieved from /opt/airflow/dags/train.py
[2026-01-31T01:52:01.665+0000] {logging_mixin.py:188} INFO - [2026-01-31T01:52:01.664+0000] {dag.py:3096} INFO - Sync 1 DAGs
[2026-01-31T01:52:01.683+0000] {logging_mixin.py:188} INFO - [2026-01-31T01:52:01.683+0000] {dag.py:3954} INFO - Setting next_dagrun for ml_training_pipeline to 2026-02-01 00:00:00+00:00, run_after=2026-02-08 00:00:00+00:00
[2026-01-31T01:52:01.700+0000] {processor.py:183} INFO - Processing /opt/airflow/dags/train.py took 2.526 seconds
[2026-01-31T01:52:32.519+0000] {processor.py:161} INFO - Started process (PID=12279) to work on /opt/airflow/dags/train.py
[2026-01-31T01:52:32.522+0000] {processor.py:830} INFO - Processing file /opt/airflow/dags/train.py for tasks to queue
[2026-01-31T01:52:32.523+0000] {logging_mixin.py:188} INFO - [2026-01-31T01:52:32.523+0000] {dagbag.py:545} INFO - Filling up the DagBag from /opt/airflow/dags/train.py
[2026-01-31T01:52:34.879+0000] {logging_mixin.py:188} INFO - [2026-01-31T01:52:34.878+0000] {__init__.py:537} WARNING - mkdir -p failed for path /home/airflow/.cache/matplotlib: [Errno 13] Permission denied: '/home/airflow/.cache/matplotlib'
[2026-01-31T01:52:34.879+0000] {logging_mixin.py:188} INFO - [2026-01-31T01:52:34.879+0000] {__init__.py:554} WARNING - Matplotlib created a temporary cache directory at /tmp/matplotlib-p636vr4a because there was an issue with the default path (/home/airflow/.cache/matplotlib); it is highly recommended to set the MPLCONFIGDIR environment variable to a writable directory, in particular to speed up the import of Matplotlib and to better support multiprocessing.
[2026-01-31T01:52:34.986+0000] {logging_mixin.py:188} INFO - [2026-01-31T01:52:34.986+0000] {font_manager.py:1639} INFO - generated new fontManager
[2026-01-31T01:52:35.139+0000] {logging_mixin.py:188} INFO - IP resolvido para MLflow: http://192.168.65.254:5000/
[2026-01-31T01:52:35.141+0000] {logging_mixin.py:188} WARNING - /opt/airflow/dags/train.py:37 RemovedInAirflow3Warning: Function `days_ago` is deprecated and will be removed in Airflow 3.0. You can achieve equivalent behavior with `pendulum.today('UTC').add(days=-N, ...)`
[2026-01-31T01:52:35.141+0000] {logging_mixin.py:188} WARNING - /opt/airflow/dags/train.py:32 RemovedInAirflow3Warning: Param `schedule_interval` is deprecated and will be removed in a future release. Please use `schedule` instead.
[2026-01-31T01:52:35.144+0000] {processor.py:840} INFO - DAG(s) 'ml_training_pipeline' retrieved from /opt/airflow/dags/train.py
[2026-01-31T01:52:35.161+0000] {logging_mixin.py:188} INFO - [2026-01-31T01:52:35.160+0000] {dag.py:3096} INFO - Sync 1 DAGs
[2026-01-31T01:52:35.173+0000] {logging_mixin.py:188} INFO - [2026-01-31T01:52:35.173+0000] {dag.py:3954} INFO - Setting next_dagrun for ml_training_pipeline to 2026-02-01 00:00:00+00:00, run_after=2026-02-08 00:00:00+00:00
[2026-01-31T01:52:35.187+0000] {processor.py:183} INFO - Processing /opt/airflow/dags/train.py took 2.673 seconds
[2026-01-31T01:53:05.967+0000] {processor.py:161} INFO - Started process (PID=12326) to work on /opt/airflow/dags/train.py
[2026-01-31T01:53:05.967+0000] {processor.py:830} INFO - Processing file /opt/airflow/dags/train.py for tasks to queue
[2026-01-31T01:53:05.969+0000] {logging_mixin.py:188} INFO - [2026-01-31T01:53:05.969+0000] {dagbag.py:545} INFO - Filling up the DagBag from /opt/airflow/dags/train.py
[2026-01-31T01:53:08.197+0000] {logging_mixin.py:188} INFO - [2026-01-31T01:53:08.196+0000] {__init__.py:537} WARNING - mkdir -p failed for path /home/airflow/.cache/matplotlib: [Errno 13] Permission denied: '/home/airflow/.cache/matplotlib'
[2026-01-31T01:53:08.197+0000] {logging_mixin.py:188} INFO - [2026-01-31T01:53:08.197+0000] {__init__.py:554} WARNING - Matplotlib created a temporary cache directory at /tmp/matplotlib-bfjo8o7u because there was an issue with the default path (/home/airflow/.cache/matplotlib); it is highly recommended to set the MPLCONFIGDIR environment variable to a writable directory, in particular to speed up the import of Matplotlib and to better support multiprocessing.
[2026-01-31T01:53:08.282+0000] {logging_mixin.py:188} INFO - [2026-01-31T01:53:08.282+0000] {font_manager.py:1639} INFO - generated new fontManager
[2026-01-31T01:53:08.418+0000] {logging_mixin.py:188} INFO - IP resolvido para MLflow: http://192.168.65.254:5000/
[2026-01-31T01:53:08.420+0000] {logging_mixin.py:188} WARNING - /opt/airflow/dags/train.py:37 RemovedInAirflow3Warning: Function `days_ago` is deprecated and will be removed in Airflow 3.0. You can achieve equivalent behavior with `pendulum.today('UTC').add(days=-N, ...)`
[2026-01-31T01:53:08.421+0000] {logging_mixin.py:188} WARNING - /opt/airflow/dags/train.py:32 RemovedInAirflow3Warning: Param `schedule_interval` is deprecated and will be removed in a future release. Please use `schedule` instead.
[2026-01-31T01:53:08.424+0000] {processor.py:840} INFO - DAG(s) 'ml_training_pipeline' retrieved from /opt/airflow/dags/train.py
[2026-01-31T01:53:08.438+0000] {logging_mixin.py:188} INFO - [2026-01-31T01:53:08.437+0000] {dag.py:3096} INFO - Sync 1 DAGs
[2026-01-31T01:53:08.450+0000] {logging_mixin.py:188} INFO - [2026-01-31T01:53:08.450+0000] {dag.py:3954} INFO - Setting next_dagrun for ml_training_pipeline to 2026-02-01 00:00:00+00:00, run_after=2026-02-08 00:00:00+00:00
[2026-01-31T01:53:08.461+0000] {processor.py:183} INFO - Processing /opt/airflow/dags/train.py took 2.498 seconds
[2026-01-31T01:53:39.222+0000] {processor.py:161} INFO - Started process (PID=12373) to work on /opt/airflow/dags/train.py
[2026-01-31T01:53:39.224+0000] {processor.py:830} INFO - Processing file /opt/airflow/dags/train.py for tasks to queue
[2026-01-31T01:53:39.225+0000] {logging_mixin.py:188} INFO - [2026-01-31T01:53:39.225+0000] {dagbag.py:545} INFO - Filling up the DagBag from /opt/airflow/dags/train.py
[2026-01-31T01:53:41.440+0000] {logging_mixin.py:188} INFO - [2026-01-31T01:53:41.440+0000] {__init__.py:537} WARNING - mkdir -p failed for path /home/airflow/.cache/matplotlib: [Errno 13] Permission denied: '/home/airflow/.cache/matplotlib'
[2026-01-31T01:53:41.441+0000] {logging_mixin.py:188} INFO - [2026-01-31T01:53:41.441+0000] {__init__.py:554} WARNING - Matplotlib created a temporary cache directory at /tmp/matplotlib-6xutxksh because there was an issue with the default path (/home/airflow/.cache/matplotlib); it is highly recommended to set the MPLCONFIGDIR environment variable to a writable directory, in particular to speed up the import of Matplotlib and to better support multiprocessing.
[2026-01-31T01:53:41.540+0000] {logging_mixin.py:188} INFO - [2026-01-31T01:53:41.540+0000] {font_manager.py:1639} INFO - generated new fontManager
[2026-01-31T01:53:41.715+0000] {logging_mixin.py:188} INFO - IP resolvido para MLflow: http://192.168.65.254:5000/
[2026-01-31T01:53:41.717+0000] {logging_mixin.py:188} WARNING - /opt/airflow/dags/train.py:37 RemovedInAirflow3Warning: Function `days_ago` is deprecated and will be removed in Airflow 3.0. You can achieve equivalent behavior with `pendulum.today('UTC').add(days=-N, ...)`
[2026-01-31T01:53:41.718+0000] {logging_mixin.py:188} WARNING - /opt/airflow/dags/train.py:32 RemovedInAirflow3Warning: Param `schedule_interval` is deprecated and will be removed in a future release. Please use `schedule` instead.
[2026-01-31T01:53:41.723+0000] {processor.py:840} INFO - DAG(s) 'ml_training_pipeline' retrieved from /opt/airflow/dags/train.py
[2026-01-31T01:53:41.741+0000] {logging_mixin.py:188} INFO - [2026-01-31T01:53:41.741+0000] {dag.py:3096} INFO - Sync 1 DAGs
[2026-01-31T01:53:41.755+0000] {logging_mixin.py:188} INFO - [2026-01-31T01:53:41.755+0000] {dag.py:3954} INFO - Setting next_dagrun for ml_training_pipeline to 2026-02-01 00:00:00+00:00, run_after=2026-02-08 00:00:00+00:00
[2026-01-31T01:53:41.774+0000] {processor.py:183} INFO - Processing /opt/airflow/dags/train.py took 2.556 seconds
[2026-01-31T01:54:11.825+0000] {processor.py:161} INFO - Started process (PID=12420) to work on /opt/airflow/dags/train.py
[2026-01-31T01:54:11.826+0000] {processor.py:830} INFO - Processing file /opt/airflow/dags/train.py for tasks to queue
[2026-01-31T01:54:11.827+0000] {logging_mixin.py:188} INFO - [2026-01-31T01:54:11.827+0000] {dagbag.py:545} INFO - Filling up the DagBag from /opt/airflow/dags/train.py
[2026-01-31T01:54:14.055+0000] {logging_mixin.py:188} INFO - [2026-01-31T01:54:14.055+0000] {__init__.py:537} WARNING - mkdir -p failed for path /home/airflow/.cache/matplotlib: [Errno 13] Permission denied: '/home/airflow/.cache/matplotlib'
[2026-01-31T01:54:14.056+0000] {logging_mixin.py:188} INFO - [2026-01-31T01:54:14.056+0000] {__init__.py:554} WARNING - Matplotlib created a temporary cache directory at /tmp/matplotlib-znwod485 because there was an issue with the default path (/home/airflow/.cache/matplotlib); it is highly recommended to set the MPLCONFIGDIR environment variable to a writable directory, in particular to speed up the import of Matplotlib and to better support multiprocessing.
[2026-01-31T01:54:14.143+0000] {logging_mixin.py:188} INFO - [2026-01-31T01:54:14.143+0000] {font_manager.py:1639} INFO - generated new fontManager
[2026-01-31T01:54:14.270+0000] {logging_mixin.py:188} INFO - IP resolvido para MLflow: http://192.168.65.254:5000/
[2026-01-31T01:54:14.273+0000] {logging_mixin.py:188} WARNING - /opt/airflow/dags/train.py:37 RemovedInAirflow3Warning: Function `days_ago` is deprecated and will be removed in Airflow 3.0. You can achieve equivalent behavior with `pendulum.today('UTC').add(days=-N, ...)`
[2026-01-31T01:54:14.274+0000] {logging_mixin.py:188} WARNING - /opt/airflow/dags/train.py:32 RemovedInAirflow3Warning: Param `schedule_interval` is deprecated and will be removed in a future release. Please use `schedule` instead.
[2026-01-31T01:54:14.278+0000] {processor.py:840} INFO - DAG(s) 'ml_training_pipeline' retrieved from /opt/airflow/dags/train.py
[2026-01-31T01:54:14.292+0000] {logging_mixin.py:188} INFO - [2026-01-31T01:54:14.292+0000] {dag.py:3096} INFO - Sync 1 DAGs
[2026-01-31T01:54:14.302+0000] {logging_mixin.py:188} INFO - [2026-01-31T01:54:14.302+0000] {dag.py:3954} INFO - Setting next_dagrun for ml_training_pipeline to 2026-02-01 00:00:00+00:00, run_after=2026-02-08 00:00:00+00:00
[2026-01-31T01:54:14.316+0000] {processor.py:183} INFO - Processing /opt/airflow/dags/train.py took 2.495 seconds
[2026-01-31T01:54:44.878+0000] {processor.py:161} INFO - Started process (PID=12467) to work on /opt/airflow/dags/train.py
[2026-01-31T01:54:44.880+0000] {processor.py:830} INFO - Processing file /opt/airflow/dags/train.py for tasks to queue
[2026-01-31T01:54:44.881+0000] {logging_mixin.py:188} INFO - [2026-01-31T01:54:44.881+0000] {dagbag.py:545} INFO - Filling up the DagBag from /opt/airflow/dags/train.py
[2026-01-31T01:54:46.995+0000] {logging_mixin.py:188} INFO - [2026-01-31T01:54:46.995+0000] {__init__.py:537} WARNING - mkdir -p failed for path /home/airflow/.cache/matplotlib: [Errno 13] Permission denied: '/home/airflow/.cache/matplotlib'
[2026-01-31T01:54:46.996+0000] {logging_mixin.py:188} INFO - [2026-01-31T01:54:46.996+0000] {__init__.py:554} WARNING - Matplotlib created a temporary cache directory at /tmp/matplotlib-wk6d6dxq because there was an issue with the default path (/home/airflow/.cache/matplotlib); it is highly recommended to set the MPLCONFIGDIR environment variable to a writable directory, in particular to speed up the import of Matplotlib and to better support multiprocessing.
[2026-01-31T01:54:47.082+0000] {logging_mixin.py:188} INFO - [2026-01-31T01:54:47.082+0000] {font_manager.py:1639} INFO - generated new fontManager
[2026-01-31T01:54:47.213+0000] {logging_mixin.py:188} INFO - IP resolvido para MLflow: http://192.168.65.254:5000/
[2026-01-31T01:54:47.216+0000] {logging_mixin.py:188} WARNING - /opt/airflow/dags/train.py:37 RemovedInAirflow3Warning: Function `days_ago` is deprecated and will be removed in Airflow 3.0. You can achieve equivalent behavior with `pendulum.today('UTC').add(days=-N, ...)`
[2026-01-31T01:54:47.216+0000] {logging_mixin.py:188} WARNING - /opt/airflow/dags/train.py:32 RemovedInAirflow3Warning: Param `schedule_interval` is deprecated and will be removed in a future release. Please use `schedule` instead.
[2026-01-31T01:54:47.220+0000] {processor.py:840} INFO - DAG(s) 'ml_training_pipeline' retrieved from /opt/airflow/dags/train.py
[2026-01-31T01:54:47.235+0000] {logging_mixin.py:188} INFO - [2026-01-31T01:54:47.234+0000] {dag.py:3096} INFO - Sync 1 DAGs
[2026-01-31T01:54:47.246+0000] {logging_mixin.py:188} INFO - [2026-01-31T01:54:47.246+0000] {dag.py:3954} INFO - Setting next_dagrun for ml_training_pipeline to 2026-02-01 00:00:00+00:00, run_after=2026-02-08 00:00:00+00:00
[2026-01-31T01:54:47.259+0000] {processor.py:183} INFO - Processing /opt/airflow/dags/train.py took 2.385 seconds
[2026-01-31T01:55:17.849+0000] {processor.py:161} INFO - Started process (PID=12514) to work on /opt/airflow/dags/train.py
[2026-01-31T01:55:17.850+0000] {processor.py:830} INFO - Processing file /opt/airflow/dags/train.py for tasks to queue
[2026-01-31T01:55:17.851+0000] {logging_mixin.py:188} INFO - [2026-01-31T01:55:17.851+0000] {dagbag.py:545} INFO - Filling up the DagBag from /opt/airflow/dags/train.py
[2026-01-31T01:55:19.951+0000] {logging_mixin.py:188} INFO - [2026-01-31T01:55:19.951+0000] {__init__.py:537} WARNING - mkdir -p failed for path /home/airflow/.cache/matplotlib: [Errno 13] Permission denied: '/home/airflow/.cache/matplotlib'
[2026-01-31T01:55:19.951+0000] {logging_mixin.py:188} INFO - [2026-01-31T01:55:19.951+0000] {__init__.py:554} WARNING - Matplotlib created a temporary cache directory at /tmp/matplotlib-dt3gendl because there was an issue with the default path (/home/airflow/.cache/matplotlib); it is highly recommended to set the MPLCONFIGDIR environment variable to a writable directory, in particular to speed up the import of Matplotlib and to better support multiprocessing.
[2026-01-31T01:55:20.029+0000] {logging_mixin.py:188} INFO - [2026-01-31T01:55:20.029+0000] {font_manager.py:1639} INFO - generated new fontManager
[2026-01-31T01:55:20.152+0000] {logging_mixin.py:188} INFO - IP resolvido para MLflow: http://192.168.65.254:5000/
[2026-01-31T01:55:20.155+0000] {logging_mixin.py:188} WARNING - /opt/airflow/dags/train.py:37 RemovedInAirflow3Warning: Function `days_ago` is deprecated and will be removed in Airflow 3.0. You can achieve equivalent behavior with `pendulum.today('UTC').add(days=-N, ...)`
[2026-01-31T01:55:20.155+0000] {logging_mixin.py:188} WARNING - /opt/airflow/dags/train.py:32 RemovedInAirflow3Warning: Param `schedule_interval` is deprecated and will be removed in a future release. Please use `schedule` instead.
[2026-01-31T01:55:20.160+0000] {processor.py:840} INFO - DAG(s) 'ml_training_pipeline' retrieved from /opt/airflow/dags/train.py
[2026-01-31T01:55:20.174+0000] {logging_mixin.py:188} INFO - [2026-01-31T01:55:20.174+0000] {dag.py:3096} INFO - Sync 1 DAGs
[2026-01-31T01:55:20.185+0000] {logging_mixin.py:188} INFO - [2026-01-31T01:55:20.185+0000] {dag.py:3954} INFO - Setting next_dagrun for ml_training_pipeline to 2026-02-01 00:00:00+00:00, run_after=2026-02-08 00:00:00+00:00
[2026-01-31T01:55:20.199+0000] {processor.py:183} INFO - Processing /opt/airflow/dags/train.py took 2.354 seconds
[2026-01-31T01:55:50.527+0000] {processor.py:161} INFO - Started process (PID=12561) to work on /opt/airflow/dags/train.py
[2026-01-31T01:55:50.529+0000] {processor.py:830} INFO - Processing file /opt/airflow/dags/train.py for tasks to queue
[2026-01-31T01:55:50.530+0000] {logging_mixin.py:188} INFO - [2026-01-31T01:55:50.530+0000] {dagbag.py:545} INFO - Filling up the DagBag from /opt/airflow/dags/train.py
[2026-01-31T01:55:52.719+0000] {logging_mixin.py:188} INFO - [2026-01-31T01:55:52.719+0000] {__init__.py:537} WARNING - mkdir -p failed for path /home/airflow/.cache/matplotlib: [Errno 13] Permission denied: '/home/airflow/.cache/matplotlib'
[2026-01-31T01:55:52.719+0000] {logging_mixin.py:188} INFO - [2026-01-31T01:55:52.719+0000] {__init__.py:554} WARNING - Matplotlib created a temporary cache directory at /tmp/matplotlib-cg7ll21q because there was an issue with the default path (/home/airflow/.cache/matplotlib); it is highly recommended to set the MPLCONFIGDIR environment variable to a writable directory, in particular to speed up the import of Matplotlib and to better support multiprocessing.
[2026-01-31T01:55:52.798+0000] {logging_mixin.py:188} INFO - [2026-01-31T01:55:52.798+0000] {font_manager.py:1639} INFO - generated new fontManager
[2026-01-31T01:55:52.920+0000] {logging_mixin.py:188} INFO - IP resolvido para MLflow: http://192.168.65.254:5000/
[2026-01-31T01:55:52.922+0000] {logging_mixin.py:188} WARNING - /opt/airflow/dags/train.py:37 RemovedInAirflow3Warning: Function `days_ago` is deprecated and will be removed in Airflow 3.0. You can achieve equivalent behavior with `pendulum.today('UTC').add(days=-N, ...)`
[2026-01-31T01:55:52.922+0000] {logging_mixin.py:188} WARNING - /opt/airflow/dags/train.py:32 RemovedInAirflow3Warning: Param `schedule_interval` is deprecated and will be removed in a future release. Please use `schedule` instead.
[2026-01-31T01:55:52.925+0000] {processor.py:840} INFO - DAG(s) 'ml_training_pipeline' retrieved from /opt/airflow/dags/train.py
[2026-01-31T01:55:52.943+0000] {logging_mixin.py:188} INFO - [2026-01-31T01:55:52.942+0000] {dag.py:3096} INFO - Sync 1 DAGs
[2026-01-31T01:55:52.954+0000] {logging_mixin.py:188} INFO - [2026-01-31T01:55:52.954+0000] {dag.py:3954} INFO - Setting next_dagrun for ml_training_pipeline to 2026-02-01 00:00:00+00:00, run_after=2026-02-08 00:00:00+00:00
[2026-01-31T01:55:52.966+0000] {processor.py:183} INFO - Processing /opt/airflow/dags/train.py took 2.443 seconds
[2026-01-31T01:56:23.349+0000] {processor.py:161} INFO - Started process (PID=12608) to work on /opt/airflow/dags/train.py
[2026-01-31T01:56:23.350+0000] {processor.py:830} INFO - Processing file /opt/airflow/dags/train.py for tasks to queue
[2026-01-31T01:56:23.352+0000] {logging_mixin.py:188} INFO - [2026-01-31T01:56:23.351+0000] {dagbag.py:545} INFO - Filling up the DagBag from /opt/airflow/dags/train.py
[2026-01-31T01:56:25.686+0000] {logging_mixin.py:188} INFO - [2026-01-31T01:56:25.686+0000] {__init__.py:537} WARNING - mkdir -p failed for path /home/airflow/.cache/matplotlib: [Errno 13] Permission denied: '/home/airflow/.cache/matplotlib'
[2026-01-31T01:56:25.688+0000] {logging_mixin.py:188} INFO - [2026-01-31T01:56:25.688+0000] {__init__.py:554} WARNING - Matplotlib created a temporary cache directory at /tmp/matplotlib-escmjwkb because there was an issue with the default path (/home/airflow/.cache/matplotlib); it is highly recommended to set the MPLCONFIGDIR environment variable to a writable directory, in particular to speed up the import of Matplotlib and to better support multiprocessing.
[2026-01-31T01:56:25.769+0000] {logging_mixin.py:188} INFO - [2026-01-31T01:56:25.769+0000] {font_manager.py:1639} INFO - generated new fontManager
[2026-01-31T01:56:25.894+0000] {logging_mixin.py:188} INFO - IP resolvido para MLflow: http://192.168.65.254:5000/
[2026-01-31T01:56:25.896+0000] {logging_mixin.py:188} WARNING - /opt/airflow/dags/train.py:37 RemovedInAirflow3Warning: Function `days_ago` is deprecated and will be removed in Airflow 3.0. You can achieve equivalent behavior with `pendulum.today('UTC').add(days=-N, ...)`
[2026-01-31T01:56:25.897+0000] {logging_mixin.py:188} WARNING - /opt/airflow/dags/train.py:32 RemovedInAirflow3Warning: Param `schedule_interval` is deprecated and will be removed in a future release. Please use `schedule` instead.
[2026-01-31T01:56:25.900+0000] {processor.py:840} INFO - DAG(s) 'ml_training_pipeline' retrieved from /opt/airflow/dags/train.py
[2026-01-31T01:56:25.915+0000] {logging_mixin.py:188} INFO - [2026-01-31T01:56:25.915+0000] {dag.py:3096} INFO - Sync 1 DAGs
[2026-01-31T01:56:25.925+0000] {logging_mixin.py:188} INFO - [2026-01-31T01:56:25.925+0000] {dag.py:3954} INFO - Setting next_dagrun for ml_training_pipeline to 2026-02-01 00:00:00+00:00, run_after=2026-02-08 00:00:00+00:00
[2026-01-31T01:56:25.937+0000] {processor.py:183} INFO - Processing /opt/airflow/dags/train.py took 2.596 seconds
[2026-01-31T01:56:56.205+0000] {processor.py:161} INFO - Started process (PID=12655) to work on /opt/airflow/dags/train.py
[2026-01-31T01:56:56.208+0000] {processor.py:830} INFO - Processing file /opt/airflow/dags/train.py for tasks to queue
[2026-01-31T01:56:56.209+0000] {logging_mixin.py:188} INFO - [2026-01-31T01:56:56.209+0000] {dagbag.py:545} INFO - Filling up the DagBag from /opt/airflow/dags/train.py
[2026-01-31T01:56:58.461+0000] {logging_mixin.py:188} INFO - [2026-01-31T01:56:58.461+0000] {__init__.py:537} WARNING - mkdir -p failed for path /home/airflow/.cache/matplotlib: [Errno 13] Permission denied: '/home/airflow/.cache/matplotlib'
[2026-01-31T01:56:58.462+0000] {logging_mixin.py:188} INFO - [2026-01-31T01:56:58.461+0000] {__init__.py:554} WARNING - Matplotlib created a temporary cache directory at /tmp/matplotlib-hljd3fle because there was an issue with the default path (/home/airflow/.cache/matplotlib); it is highly recommended to set the MPLCONFIGDIR environment variable to a writable directory, in particular to speed up the import of Matplotlib and to better support multiprocessing.
[2026-01-31T01:56:58.551+0000] {logging_mixin.py:188} INFO - [2026-01-31T01:56:58.551+0000] {font_manager.py:1639} INFO - generated new fontManager
[2026-01-31T01:56:58.693+0000] {logging_mixin.py:188} INFO - IP resolvido para MLflow: http://192.168.65.254:5000/
[2026-01-31T01:56:58.696+0000] {logging_mixin.py:188} WARNING - /opt/airflow/dags/train.py:37 RemovedInAirflow3Warning: Function `days_ago` is deprecated and will be removed in Airflow 3.0. You can achieve equivalent behavior with `pendulum.today('UTC').add(days=-N, ...)`
[2026-01-31T01:56:58.697+0000] {logging_mixin.py:188} WARNING - /opt/airflow/dags/train.py:32 RemovedInAirflow3Warning: Param `schedule_interval` is deprecated and will be removed in a future release. Please use `schedule` instead.
[2026-01-31T01:56:58.703+0000] {processor.py:840} INFO - DAG(s) 'ml_training_pipeline' retrieved from /opt/airflow/dags/train.py
[2026-01-31T01:56:58.723+0000] {logging_mixin.py:188} INFO - [2026-01-31T01:56:58.722+0000] {dag.py:3096} INFO - Sync 1 DAGs
[2026-01-31T01:56:58.739+0000] {logging_mixin.py:188} INFO - [2026-01-31T01:56:58.739+0000] {dag.py:3954} INFO - Setting next_dagrun for ml_training_pipeline to 2026-02-01 00:00:00+00:00, run_after=2026-02-08 00:00:00+00:00
[2026-01-31T01:56:58.759+0000] {processor.py:183} INFO - Processing /opt/airflow/dags/train.py took 2.559 seconds
[2026-01-31T01:57:29.167+0000] {processor.py:161} INFO - Started process (PID=12702) to work on /opt/airflow/dags/train.py
[2026-01-31T01:57:29.168+0000] {processor.py:830} INFO - Processing file /opt/airflow/dags/train.py for tasks to queue
[2026-01-31T01:57:29.169+0000] {logging_mixin.py:188} INFO - [2026-01-31T01:57:29.169+0000] {dagbag.py:545} INFO - Filling up the DagBag from /opt/airflow/dags/train.py
[2026-01-31T01:57:31.297+0000] {logging_mixin.py:188} INFO - [2026-01-31T01:57:31.297+0000] {__init__.py:537} WARNING - mkdir -p failed for path /home/airflow/.cache/matplotlib: [Errno 13] Permission denied: '/home/airflow/.cache/matplotlib'
[2026-01-31T01:57:31.298+0000] {logging_mixin.py:188} INFO - [2026-01-31T01:57:31.298+0000] {__init__.py:554} WARNING - Matplotlib created a temporary cache directory at /tmp/matplotlib-rct_4_bu because there was an issue with the default path (/home/airflow/.cache/matplotlib); it is highly recommended to set the MPLCONFIGDIR environment variable to a writable directory, in particular to speed up the import of Matplotlib and to better support multiprocessing.
[2026-01-31T01:57:31.405+0000] {logging_mixin.py:188} INFO - [2026-01-31T01:57:31.405+0000] {font_manager.py:1639} INFO - generated new fontManager
[2026-01-31T01:57:31.544+0000] {logging_mixin.py:188} INFO - IP resolvido para MLflow: http://192.168.65.254:5000/
[2026-01-31T01:57:31.546+0000] {logging_mixin.py:188} WARNING - /opt/airflow/dags/train.py:37 RemovedInAirflow3Warning: Function `days_ago` is deprecated and will be removed in Airflow 3.0. You can achieve equivalent behavior with `pendulum.today('UTC').add(days=-N, ...)`
[2026-01-31T01:57:31.547+0000] {logging_mixin.py:188} WARNING - /opt/airflow/dags/train.py:32 RemovedInAirflow3Warning: Param `schedule_interval` is deprecated and will be removed in a future release. Please use `schedule` instead.
[2026-01-31T01:57:31.551+0000] {processor.py:840} INFO - DAG(s) 'ml_training_pipeline' retrieved from /opt/airflow/dags/train.py
[2026-01-31T01:57:31.572+0000] {logging_mixin.py:188} INFO - [2026-01-31T01:57:31.572+0000] {dag.py:3096} INFO - Sync 1 DAGs
[2026-01-31T01:57:31.586+0000] {logging_mixin.py:188} INFO - [2026-01-31T01:57:31.586+0000] {dag.py:3954} INFO - Setting next_dagrun for ml_training_pipeline to 2026-02-01 00:00:00+00:00, run_after=2026-02-08 00:00:00+00:00
[2026-01-31T01:57:31.605+0000] {processor.py:183} INFO - Processing /opt/airflow/dags/train.py took 2.442 seconds
[2026-01-31T01:58:01.916+0000] {processor.py:161} INFO - Started process (PID=12749) to work on /opt/airflow/dags/train.py
[2026-01-31T01:58:01.919+0000] {processor.py:830} INFO - Processing file /opt/airflow/dags/train.py for tasks to queue
[2026-01-31T01:58:01.921+0000] {logging_mixin.py:188} INFO - [2026-01-31T01:58:01.921+0000] {dagbag.py:545} INFO - Filling up the DagBag from /opt/airflow/dags/train.py
[2026-01-31T01:58:04.080+0000] {logging_mixin.py:188} INFO - [2026-01-31T01:58:04.079+0000] {__init__.py:537} WARNING - mkdir -p failed for path /home/airflow/.cache/matplotlib: [Errno 13] Permission denied: '/home/airflow/.cache/matplotlib'
[2026-01-31T01:58:04.080+0000] {logging_mixin.py:188} INFO - [2026-01-31T01:58:04.080+0000] {__init__.py:554} WARNING - Matplotlib created a temporary cache directory at /tmp/matplotlib-j7llh_54 because there was an issue with the default path (/home/airflow/.cache/matplotlib); it is highly recommended to set the MPLCONFIGDIR environment variable to a writable directory, in particular to speed up the import of Matplotlib and to better support multiprocessing.
[2026-01-31T01:58:04.161+0000] {logging_mixin.py:188} INFO - [2026-01-31T01:58:04.161+0000] {font_manager.py:1639} INFO - generated new fontManager
[2026-01-31T01:58:04.282+0000] {logging_mixin.py:188} INFO - IP resolvido para MLflow: http://192.168.65.254:5000/
[2026-01-31T01:58:04.284+0000] {logging_mixin.py:188} WARNING - /opt/airflow/dags/train.py:37 RemovedInAirflow3Warning: Function `days_ago` is deprecated and will be removed in Airflow 3.0. You can achieve equivalent behavior with `pendulum.today('UTC').add(days=-N, ...)`
[2026-01-31T01:58:04.285+0000] {logging_mixin.py:188} WARNING - /opt/airflow/dags/train.py:32 RemovedInAirflow3Warning: Param `schedule_interval` is deprecated and will be removed in a future release. Please use `schedule` instead.
[2026-01-31T01:58:04.288+0000] {processor.py:840} INFO - DAG(s) 'ml_training_pipeline' retrieved from /opt/airflow/dags/train.py
[2026-01-31T01:58:04.303+0000] {logging_mixin.py:188} INFO - [2026-01-31T01:58:04.302+0000] {dag.py:3096} INFO - Sync 1 DAGs
[2026-01-31T01:58:04.313+0000] {logging_mixin.py:188} INFO - [2026-01-31T01:58:04.313+0000] {dag.py:3954} INFO - Setting next_dagrun for ml_training_pipeline to 2026-02-01 00:00:00+00:00, run_after=2026-02-08 00:00:00+00:00
[2026-01-31T01:58:04.325+0000] {processor.py:183} INFO - Processing /opt/airflow/dags/train.py took 2.415 seconds
[2026-01-31T01:58:34.675+0000] {processor.py:161} INFO - Started process (PID=12796) to work on /opt/airflow/dags/train.py
[2026-01-31T01:58:34.676+0000] {processor.py:830} INFO - Processing file /opt/airflow/dags/train.py for tasks to queue
[2026-01-31T01:58:34.677+0000] {logging_mixin.py:188} INFO - [2026-01-31T01:58:34.677+0000] {dagbag.py:545} INFO - Filling up the DagBag from /opt/airflow/dags/train.py
[2026-01-31T01:58:36.834+0000] {logging_mixin.py:188} INFO - [2026-01-31T01:58:36.834+0000] {__init__.py:537} WARNING - mkdir -p failed for path /home/airflow/.cache/matplotlib: [Errno 13] Permission denied: '/home/airflow/.cache/matplotlib'
[2026-01-31T01:58:36.835+0000] {logging_mixin.py:188} INFO - [2026-01-31T01:58:36.835+0000] {__init__.py:554} WARNING - Matplotlib created a temporary cache directory at /tmp/matplotlib-no3p_352 because there was an issue with the default path (/home/airflow/.cache/matplotlib); it is highly recommended to set the MPLCONFIGDIR environment variable to a writable directory, in particular to speed up the import of Matplotlib and to better support multiprocessing.
[2026-01-31T01:58:36.920+0000] {logging_mixin.py:188} INFO - [2026-01-31T01:58:36.920+0000] {font_manager.py:1639} INFO - generated new fontManager
[2026-01-31T01:58:37.070+0000] {logging_mixin.py:188} INFO - IP resolvido para MLflow: http://192.168.65.254:5000/
[2026-01-31T01:58:37.072+0000] {logging_mixin.py:188} WARNING - /opt/airflow/dags/train.py:37 RemovedInAirflow3Warning: Function `days_ago` is deprecated and will be removed in Airflow 3.0. You can achieve equivalent behavior with `pendulum.today('UTC').add(days=-N, ...)`
[2026-01-31T01:58:37.073+0000] {logging_mixin.py:188} WARNING - /opt/airflow/dags/train.py:32 RemovedInAirflow3Warning: Param `schedule_interval` is deprecated and will be removed in a future release. Please use `schedule` instead.
[2026-01-31T01:58:37.077+0000] {processor.py:840} INFO - DAG(s) 'ml_training_pipeline' retrieved from /opt/airflow/dags/train.py
[2026-01-31T01:58:37.096+0000] {logging_mixin.py:188} INFO - [2026-01-31T01:58:37.095+0000] {dag.py:3096} INFO - Sync 1 DAGs
[2026-01-31T01:58:37.115+0000] {logging_mixin.py:188} INFO - [2026-01-31T01:58:37.115+0000] {dag.py:3954} INFO - Setting next_dagrun for ml_training_pipeline to 2026-02-01 00:00:00+00:00, run_after=2026-02-08 00:00:00+00:00
[2026-01-31T01:58:37.136+0000] {processor.py:183} INFO - Processing /opt/airflow/dags/train.py took 2.466 seconds
[2026-01-31T01:59:07.600+0000] {processor.py:161} INFO - Started process (PID=12843) to work on /opt/airflow/dags/train.py
[2026-01-31T01:59:07.601+0000] {processor.py:830} INFO - Processing file /opt/airflow/dags/train.py for tasks to queue
[2026-01-31T01:59:07.603+0000] {logging_mixin.py:188} INFO - [2026-01-31T01:59:07.603+0000] {dagbag.py:545} INFO - Filling up the DagBag from /opt/airflow/dags/train.py
[2026-01-31T01:59:09.717+0000] {logging_mixin.py:188} INFO - [2026-01-31T01:59:09.717+0000] {__init__.py:537} WARNING - mkdir -p failed for path /home/airflow/.cache/matplotlib: [Errno 13] Permission denied: '/home/airflow/.cache/matplotlib'
[2026-01-31T01:59:09.718+0000] {logging_mixin.py:188} INFO - [2026-01-31T01:59:09.718+0000] {__init__.py:554} WARNING - Matplotlib created a temporary cache directory at /tmp/matplotlib-hsr0fo2d because there was an issue with the default path (/home/airflow/.cache/matplotlib); it is highly recommended to set the MPLCONFIGDIR environment variable to a writable directory, in particular to speed up the import of Matplotlib and to better support multiprocessing.
[2026-01-31T01:59:09.798+0000] {logging_mixin.py:188} INFO - [2026-01-31T01:59:09.798+0000] {font_manager.py:1639} INFO - generated new fontManager
[2026-01-31T01:59:09.949+0000] {logging_mixin.py:188} INFO - IP resolvido para MLflow: http://192.168.65.254:5000/
[2026-01-31T01:59:09.951+0000] {logging_mixin.py:188} WARNING - /opt/airflow/dags/train.py:37 RemovedInAirflow3Warning: Function `days_ago` is deprecated and will be removed in Airflow 3.0. You can achieve equivalent behavior with `pendulum.today('UTC').add(days=-N, ...)`
[2026-01-31T01:59:09.952+0000] {logging_mixin.py:188} WARNING - /opt/airflow/dags/train.py:32 RemovedInAirflow3Warning: Param `schedule_interval` is deprecated and will be removed in a future release. Please use `schedule` instead.
[2026-01-31T01:59:09.956+0000] {processor.py:840} INFO - DAG(s) 'ml_training_pipeline' retrieved from /opt/airflow/dags/train.py
[2026-01-31T01:59:09.971+0000] {logging_mixin.py:188} INFO - [2026-01-31T01:59:09.971+0000] {dag.py:3096} INFO - Sync 1 DAGs
[2026-01-31T01:59:09.983+0000] {logging_mixin.py:188} INFO - [2026-01-31T01:59:09.983+0000] {dag.py:3954} INFO - Setting next_dagrun for ml_training_pipeline to 2026-02-01 00:00:00+00:00, run_after=2026-02-08 00:00:00+00:00
[2026-01-31T01:59:09.997+0000] {processor.py:183} INFO - Processing /opt/airflow/dags/train.py took 2.402 seconds
[2026-01-31T01:59:40.543+0000] {processor.py:161} INFO - Started process (PID=12890) to work on /opt/airflow/dags/train.py
[2026-01-31T01:59:40.544+0000] {processor.py:830} INFO - Processing file /opt/airflow/dags/train.py for tasks to queue
[2026-01-31T01:59:40.545+0000] {logging_mixin.py:188} INFO - [2026-01-31T01:59:40.545+0000] {dagbag.py:545} INFO - Filling up the DagBag from /opt/airflow/dags/train.py
[2026-01-31T01:59:42.695+0000] {logging_mixin.py:188} INFO - [2026-01-31T01:59:42.694+0000] {__init__.py:537} WARNING - mkdir -p failed for path /home/airflow/.cache/matplotlib: [Errno 13] Permission denied: '/home/airflow/.cache/matplotlib'
[2026-01-31T01:59:42.695+0000] {logging_mixin.py:188} INFO - [2026-01-31T01:59:42.695+0000] {__init__.py:554} WARNING - Matplotlib created a temporary cache directory at /tmp/matplotlib-4ut7igng because there was an issue with the default path (/home/airflow/.cache/matplotlib); it is highly recommended to set the MPLCONFIGDIR environment variable to a writable directory, in particular to speed up the import of Matplotlib and to better support multiprocessing.
[2026-01-31T01:59:42.777+0000] {logging_mixin.py:188} INFO - [2026-01-31T01:59:42.777+0000] {font_manager.py:1639} INFO - generated new fontManager
[2026-01-31T01:59:42.903+0000] {logging_mixin.py:188} INFO - IP resolvido para MLflow: http://192.168.65.254:5000/
[2026-01-31T01:59:42.905+0000] {logging_mixin.py:188} WARNING - /opt/airflow/dags/train.py:37 RemovedInAirflow3Warning: Function `days_ago` is deprecated and will be removed in Airflow 3.0. You can achieve equivalent behavior with `pendulum.today('UTC').add(days=-N, ...)`
[2026-01-31T01:59:42.905+0000] {logging_mixin.py:188} WARNING - /opt/airflow/dags/train.py:32 RemovedInAirflow3Warning: Param `schedule_interval` is deprecated and will be removed in a future release. Please use `schedule` instead.
[2026-01-31T01:59:42.909+0000] {processor.py:840} INFO - DAG(s) 'ml_training_pipeline' retrieved from /opt/airflow/dags/train.py
[2026-01-31T01:59:42.924+0000] {logging_mixin.py:188} INFO - [2026-01-31T01:59:42.924+0000] {dag.py:3096} INFO - Sync 1 DAGs
[2026-01-31T01:59:42.936+0000] {logging_mixin.py:188} INFO - [2026-01-31T01:59:42.936+0000] {dag.py:3954} INFO - Setting next_dagrun for ml_training_pipeline to 2026-02-01 00:00:00+00:00, run_after=2026-02-08 00:00:00+00:00
[2026-01-31T01:59:42.949+0000] {processor.py:183} INFO - Processing /opt/airflow/dags/train.py took 2.411 seconds
[2026-01-31T02:00:13.206+0000] {processor.py:161} INFO - Started process (PID=12937) to work on /opt/airflow/dags/train.py
[2026-01-31T02:00:13.209+0000] {processor.py:830} INFO - Processing file /opt/airflow/dags/train.py for tasks to queue
[2026-01-31T02:00:13.210+0000] {logging_mixin.py:188} INFO - [2026-01-31T02:00:13.210+0000] {dagbag.py:545} INFO - Filling up the DagBag from /opt/airflow/dags/train.py
[2026-01-31T02:00:15.304+0000] {logging_mixin.py:188} INFO - [2026-01-31T02:00:15.304+0000] {__init__.py:537} WARNING - mkdir -p failed for path /home/airflow/.cache/matplotlib: [Errno 13] Permission denied: '/home/airflow/.cache/matplotlib'
[2026-01-31T02:00:15.305+0000] {logging_mixin.py:188} INFO - [2026-01-31T02:00:15.305+0000] {__init__.py:554} WARNING - Matplotlib created a temporary cache directory at /tmp/matplotlib-5gsitu8t because there was an issue with the default path (/home/airflow/.cache/matplotlib); it is highly recommended to set the MPLCONFIGDIR environment variable to a writable directory, in particular to speed up the import of Matplotlib and to better support multiprocessing.
[2026-01-31T02:00:15.384+0000] {logging_mixin.py:188} INFO - [2026-01-31T02:00:15.383+0000] {font_manager.py:1639} INFO - generated new fontManager
[2026-01-31T02:00:15.505+0000] {logging_mixin.py:188} INFO - IP resolvido para MLflow: http://192.168.65.254:5000/
[2026-01-31T02:00:15.507+0000] {logging_mixin.py:188} WARNING - /opt/airflow/dags/train.py:37 RemovedInAirflow3Warning: Function `days_ago` is deprecated and will be removed in Airflow 3.0. You can achieve equivalent behavior with `pendulum.today('UTC').add(days=-N, ...)`
[2026-01-31T02:00:15.508+0000] {logging_mixin.py:188} WARNING - /opt/airflow/dags/train.py:32 RemovedInAirflow3Warning: Param `schedule_interval` is deprecated and will be removed in a future release. Please use `schedule` instead.
[2026-01-31T02:00:15.511+0000] {processor.py:840} INFO - DAG(s) 'ml_training_pipeline' retrieved from /opt/airflow/dags/train.py
[2026-01-31T02:00:15.527+0000] {logging_mixin.py:188} INFO - [2026-01-31T02:00:15.526+0000] {dag.py:3096} INFO - Sync 1 DAGs
[2026-01-31T02:00:15.538+0000] {logging_mixin.py:188} INFO - [2026-01-31T02:00:15.537+0000] {dag.py:3954} INFO - Setting next_dagrun for ml_training_pipeline to 2026-02-01 00:00:00+00:00, run_after=2026-02-08 00:00:00+00:00
[2026-01-31T02:00:15.550+0000] {processor.py:183} INFO - Processing /opt/airflow/dags/train.py took 2.348 seconds
[2026-01-31T02:00:46.480+0000] {processor.py:161} INFO - Started process (PID=12984) to work on /opt/airflow/dags/train.py
[2026-01-31T02:00:46.480+0000] {processor.py:830} INFO - Processing file /opt/airflow/dags/train.py for tasks to queue
[2026-01-31T02:00:46.482+0000] {logging_mixin.py:188} INFO - [2026-01-31T02:00:46.482+0000] {dagbag.py:545} INFO - Filling up the DagBag from /opt/airflow/dags/train.py
[2026-01-31T02:00:48.778+0000] {logging_mixin.py:188} INFO - [2026-01-31T02:00:48.778+0000] {__init__.py:537} WARNING - mkdir -p failed for path /home/airflow/.cache/matplotlib: [Errno 13] Permission denied: '/home/airflow/.cache/matplotlib'
[2026-01-31T02:00:48.779+0000] {logging_mixin.py:188} INFO - [2026-01-31T02:00:48.779+0000] {__init__.py:554} WARNING - Matplotlib created a temporary cache directory at /tmp/matplotlib-bnnkowfe because there was an issue with the default path (/home/airflow/.cache/matplotlib); it is highly recommended to set the MPLCONFIGDIR environment variable to a writable directory, in particular to speed up the import of Matplotlib and to better support multiprocessing.
[2026-01-31T02:00:48.876+0000] {logging_mixin.py:188} INFO - [2026-01-31T02:00:48.876+0000] {font_manager.py:1639} INFO - generated new fontManager
[2026-01-31T02:00:49.018+0000] {logging_mixin.py:188} INFO - IP resolvido para MLflow: http://192.168.65.254:5000/
[2026-01-31T02:00:49.020+0000] {logging_mixin.py:188} WARNING - /opt/airflow/dags/train.py:37 RemovedInAirflow3Warning: Function `days_ago` is deprecated and will be removed in Airflow 3.0. You can achieve equivalent behavior with `pendulum.today('UTC').add(days=-N, ...)`
[2026-01-31T02:00:49.020+0000] {logging_mixin.py:188} WARNING - /opt/airflow/dags/train.py:32 RemovedInAirflow3Warning: Param `schedule_interval` is deprecated and will be removed in a future release. Please use `schedule` instead.
[2026-01-31T02:00:49.024+0000] {processor.py:840} INFO - DAG(s) 'ml_training_pipeline' retrieved from /opt/airflow/dags/train.py
[2026-01-31T02:00:49.039+0000] {logging_mixin.py:188} INFO - [2026-01-31T02:00:49.039+0000] {dag.py:3096} INFO - Sync 1 DAGs
[2026-01-31T02:00:49.051+0000] {logging_mixin.py:188} INFO - [2026-01-31T02:00:49.051+0000] {dag.py:3954} INFO - Setting next_dagrun for ml_training_pipeline to 2026-02-01 00:00:00+00:00, run_after=2026-02-08 00:00:00+00:00
[2026-01-31T02:00:49.066+0000] {processor.py:183} INFO - Processing /opt/airflow/dags/train.py took 2.591 seconds
[2026-01-31T02:01:19.990+0000] {processor.py:161} INFO - Started process (PID=13031) to work on /opt/airflow/dags/train.py
[2026-01-31T02:01:19.993+0000] {processor.py:830} INFO - Processing file /opt/airflow/dags/train.py for tasks to queue
[2026-01-31T02:01:19.994+0000] {logging_mixin.py:188} INFO - [2026-01-31T02:01:19.994+0000] {dagbag.py:545} INFO - Filling up the DagBag from /opt/airflow/dags/train.py
[2026-01-31T02:01:22.493+0000] {logging_mixin.py:188} INFO - [2026-01-31T02:01:22.493+0000] {__init__.py:537} WARNING - mkdir -p failed for path /home/airflow/.cache/matplotlib: [Errno 13] Permission denied: '/home/airflow/.cache/matplotlib'
[2026-01-31T02:01:22.493+0000] {logging_mixin.py:188} INFO - [2026-01-31T02:01:22.493+0000] {__init__.py:554} WARNING - Matplotlib created a temporary cache directory at /tmp/matplotlib-cw97kr7a because there was an issue with the default path (/home/airflow/.cache/matplotlib); it is highly recommended to set the MPLCONFIGDIR environment variable to a writable directory, in particular to speed up the import of Matplotlib and to better support multiprocessing.
[2026-01-31T02:01:22.590+0000] {logging_mixin.py:188} INFO - [2026-01-31T02:01:22.590+0000] {font_manager.py:1639} INFO - generated new fontManager
[2026-01-31T02:01:22.739+0000] {logging_mixin.py:188} INFO - IP resolvido para MLflow: http://192.168.65.254:5000/
[2026-01-31T02:01:22.741+0000] {logging_mixin.py:188} WARNING - /opt/airflow/dags/train.py:37 RemovedInAirflow3Warning: Function `days_ago` is deprecated and will be removed in Airflow 3.0. You can achieve equivalent behavior with `pendulum.today('UTC').add(days=-N, ...)`
[2026-01-31T02:01:22.742+0000] {logging_mixin.py:188} WARNING - /opt/airflow/dags/train.py:32 RemovedInAirflow3Warning: Param `schedule_interval` is deprecated and will be removed in a future release. Please use `schedule` instead.
[2026-01-31T02:01:22.745+0000] {processor.py:840} INFO - DAG(s) 'ml_training_pipeline' retrieved from /opt/airflow/dags/train.py
[2026-01-31T02:01:22.760+0000] {logging_mixin.py:188} INFO - [2026-01-31T02:01:22.759+0000] {dag.py:3096} INFO - Sync 1 DAGs
[2026-01-31T02:01:22.777+0000] {logging_mixin.py:188} INFO - [2026-01-31T02:01:22.777+0000] {dag.py:3954} INFO - Setting next_dagrun for ml_training_pipeline to 2026-02-01 00:00:00+00:00, run_after=2026-02-08 00:00:00+00:00
[2026-01-31T02:01:22.789+0000] {processor.py:183} INFO - Processing /opt/airflow/dags/train.py took 2.803 seconds
[2026-01-31T02:01:53.298+0000] {processor.py:161} INFO - Started process (PID=13078) to work on /opt/airflow/dags/train.py
[2026-01-31T02:01:53.299+0000] {processor.py:830} INFO - Processing file /opt/airflow/dags/train.py for tasks to queue
[2026-01-31T02:01:53.300+0000] {logging_mixin.py:188} INFO - [2026-01-31T02:01:53.300+0000] {dagbag.py:545} INFO - Filling up the DagBag from /opt/airflow/dags/train.py
[2026-01-31T02:01:55.879+0000] {logging_mixin.py:188} INFO - [2026-01-31T02:01:55.878+0000] {__init__.py:537} WARNING - mkdir -p failed for path /home/airflow/.cache/matplotlib: [Errno 13] Permission denied: '/home/airflow/.cache/matplotlib'
[2026-01-31T02:01:55.880+0000] {logging_mixin.py:188} INFO - [2026-01-31T02:01:55.880+0000] {__init__.py:554} WARNING - Matplotlib created a temporary cache directory at /tmp/matplotlib-igk9zw28 because there was an issue with the default path (/home/airflow/.cache/matplotlib); it is highly recommended to set the MPLCONFIGDIR environment variable to a writable directory, in particular to speed up the import of Matplotlib and to better support multiprocessing.
[2026-01-31T02:01:55.990+0000] {logging_mixin.py:188} INFO - [2026-01-31T02:01:55.990+0000] {font_manager.py:1639} INFO - generated new fontManager
[2026-01-31T02:01:56.161+0000] {logging_mixin.py:188} INFO - IP resolvido para MLflow: http://192.168.65.254:5000/
[2026-01-31T02:01:56.164+0000] {logging_mixin.py:188} WARNING - /opt/airflow/dags/train.py:37 RemovedInAirflow3Warning: Function `days_ago` is deprecated and will be removed in Airflow 3.0. You can achieve equivalent behavior with `pendulum.today('UTC').add(days=-N, ...)`
[2026-01-31T02:01:56.165+0000] {logging_mixin.py:188} WARNING - /opt/airflow/dags/train.py:32 RemovedInAirflow3Warning: Param `schedule_interval` is deprecated and will be removed in a future release. Please use `schedule` instead.
[2026-01-31T02:01:56.172+0000] {processor.py:840} INFO - DAG(s) 'ml_training_pipeline' retrieved from /opt/airflow/dags/train.py
[2026-01-31T02:01:56.197+0000] {logging_mixin.py:188} INFO - [2026-01-31T02:01:56.197+0000] {dag.py:3096} INFO - Sync 1 DAGs
[2026-01-31T02:01:56.217+0000] {logging_mixin.py:188} INFO - [2026-01-31T02:01:56.217+0000] {dag.py:3954} INFO - Setting next_dagrun for ml_training_pipeline to 2026-02-01 00:00:00+00:00, run_after=2026-02-08 00:00:00+00:00
[2026-01-31T02:01:56.233+0000] {processor.py:183} INFO - Processing /opt/airflow/dags/train.py took 2.939 seconds
[2026-01-31T02:02:27.159+0000] {processor.py:161} INFO - Started process (PID=13125) to work on /opt/airflow/dags/train.py
[2026-01-31T02:02:27.161+0000] {processor.py:830} INFO - Processing file /opt/airflow/dags/train.py for tasks to queue
[2026-01-31T02:02:27.163+0000] {logging_mixin.py:188} INFO - [2026-01-31T02:02:27.162+0000] {dagbag.py:545} INFO - Filling up the DagBag from /opt/airflow/dags/train.py
[2026-01-31T02:02:29.570+0000] {logging_mixin.py:188} INFO - [2026-01-31T02:02:29.570+0000] {__init__.py:537} WARNING - mkdir -p failed for path /home/airflow/.cache/matplotlib: [Errno 13] Permission denied: '/home/airflow/.cache/matplotlib'
[2026-01-31T02:02:29.571+0000] {logging_mixin.py:188} INFO - [2026-01-31T02:02:29.570+0000] {__init__.py:554} WARNING - Matplotlib created a temporary cache directory at /tmp/matplotlib-ftghki6x because there was an issue with the default path (/home/airflow/.cache/matplotlib); it is highly recommended to set the MPLCONFIGDIR environment variable to a writable directory, in particular to speed up the import of Matplotlib and to better support multiprocessing.
[2026-01-31T02:02:29.658+0000] {logging_mixin.py:188} INFO - [2026-01-31T02:02:29.658+0000] {font_manager.py:1639} INFO - generated new fontManager
[2026-01-31T02:02:29.810+0000] {logging_mixin.py:188} INFO - IP resolvido para MLflow: http://192.168.65.254:5000/
[2026-01-31T02:02:29.813+0000] {logging_mixin.py:188} WARNING - /opt/airflow/dags/train.py:37 RemovedInAirflow3Warning: Function `days_ago` is deprecated and will be removed in Airflow 3.0. You can achieve equivalent behavior with `pendulum.today('UTC').add(days=-N, ...)`
[2026-01-31T02:02:29.814+0000] {logging_mixin.py:188} WARNING - /opt/airflow/dags/train.py:32 RemovedInAirflow3Warning: Param `schedule_interval` is deprecated and will be removed in a future release. Please use `schedule` instead.
[2026-01-31T02:02:29.818+0000] {processor.py:840} INFO - DAG(s) 'ml_training_pipeline' retrieved from /opt/airflow/dags/train.py
[2026-01-31T02:02:29.836+0000] {logging_mixin.py:188} INFO - [2026-01-31T02:02:29.836+0000] {dag.py:3096} INFO - Sync 1 DAGs
[2026-01-31T02:02:29.853+0000] {logging_mixin.py:188} INFO - [2026-01-31T02:02:29.853+0000] {dag.py:3954} INFO - Setting next_dagrun for ml_training_pipeline to 2026-02-01 00:00:00+00:00, run_after=2026-02-08 00:00:00+00:00
[2026-01-31T02:02:29.870+0000] {processor.py:183} INFO - Processing /opt/airflow/dags/train.py took 2.715 seconds
[2026-01-31T02:03:00.288+0000] {processor.py:161} INFO - Started process (PID=13172) to work on /opt/airflow/dags/train.py
[2026-01-31T02:03:00.288+0000] {processor.py:830} INFO - Processing file /opt/airflow/dags/train.py for tasks to queue
[2026-01-31T02:03:00.290+0000] {logging_mixin.py:188} INFO - [2026-01-31T02:03:00.289+0000] {dagbag.py:545} INFO - Filling up the DagBag from /opt/airflow/dags/train.py
[2026-01-31T02:03:03.109+0000] {logging_mixin.py:188} INFO - [2026-01-31T02:03:03.109+0000] {__init__.py:537} WARNING - mkdir -p failed for path /home/airflow/.cache/matplotlib: [Errno 13] Permission denied: '/home/airflow/.cache/matplotlib'
[2026-01-31T02:03:03.110+0000] {logging_mixin.py:188} INFO - [2026-01-31T02:03:03.110+0000] {__init__.py:554} WARNING - Matplotlib created a temporary cache directory at /tmp/matplotlib-wi7i0g7i because there was an issue with the default path (/home/airflow/.cache/matplotlib); it is highly recommended to set the MPLCONFIGDIR environment variable to a writable directory, in particular to speed up the import of Matplotlib and to better support multiprocessing.
[2026-01-31T02:03:03.204+0000] {logging_mixin.py:188} INFO - [2026-01-31T02:03:03.204+0000] {font_manager.py:1639} INFO - generated new fontManager
[2026-01-31T02:03:03.359+0000] {logging_mixin.py:188} INFO - IP resolvido para MLflow: http://192.168.65.254:5000/
[2026-01-31T02:03:03.361+0000] {logging_mixin.py:188} WARNING - /opt/airflow/dags/train.py:37 RemovedInAirflow3Warning: Function `days_ago` is deprecated and will be removed in Airflow 3.0. You can achieve equivalent behavior with `pendulum.today('UTC').add(days=-N, ...)`
[2026-01-31T02:03:03.362+0000] {logging_mixin.py:188} WARNING - /opt/airflow/dags/train.py:32 RemovedInAirflow3Warning: Param `schedule_interval` is deprecated and will be removed in a future release. Please use `schedule` instead.
[2026-01-31T02:03:03.366+0000] {processor.py:840} INFO - DAG(s) 'ml_training_pipeline' retrieved from /opt/airflow/dags/train.py
[2026-01-31T02:03:03.384+0000] {logging_mixin.py:188} INFO - [2026-01-31T02:03:03.383+0000] {dag.py:3096} INFO - Sync 1 DAGs
[2026-01-31T02:03:03.397+0000] {logging_mixin.py:188} INFO - [2026-01-31T02:03:03.397+0000] {dag.py:3954} INFO - Setting next_dagrun for ml_training_pipeline to 2026-02-01 00:00:00+00:00, run_after=2026-02-08 00:00:00+00:00
[2026-01-31T02:03:03.413+0000] {processor.py:183} INFO - Processing /opt/airflow/dags/train.py took 3.130 seconds
[2026-01-31T02:03:33.853+0000] {processor.py:161} INFO - Started process (PID=13219) to work on /opt/airflow/dags/train.py
[2026-01-31T02:03:33.857+0000] {processor.py:830} INFO - Processing file /opt/airflow/dags/train.py for tasks to queue
[2026-01-31T02:03:33.859+0000] {logging_mixin.py:188} INFO - [2026-01-31T02:03:33.859+0000] {dagbag.py:545} INFO - Filling up the DagBag from /opt/airflow/dags/train.py
[2026-01-31T02:03:36.722+0000] {logging_mixin.py:188} INFO - [2026-01-31T02:03:36.722+0000] {__init__.py:537} WARNING - mkdir -p failed for path /home/airflow/.cache/matplotlib: [Errno 13] Permission denied: '/home/airflow/.cache/matplotlib'
[2026-01-31T02:03:36.723+0000] {logging_mixin.py:188} INFO - [2026-01-31T02:03:36.723+0000] {__init__.py:554} WARNING - Matplotlib created a temporary cache directory at /tmp/matplotlib-rpfvqvl4 because there was an issue with the default path (/home/airflow/.cache/matplotlib); it is highly recommended to set the MPLCONFIGDIR environment variable to a writable directory, in particular to speed up the import of Matplotlib and to better support multiprocessing.
[2026-01-31T02:03:36.817+0000] {logging_mixin.py:188} INFO - [2026-01-31T02:03:36.817+0000] {font_manager.py:1639} INFO - generated new fontManager
[2026-01-31T02:03:36.969+0000] {logging_mixin.py:188} INFO - IP resolvido para MLflow: http://192.168.65.254:5000/
[2026-01-31T02:03:36.972+0000] {logging_mixin.py:188} WARNING - /opt/airflow/dags/train.py:37 RemovedInAirflow3Warning: Function `days_ago` is deprecated and will be removed in Airflow 3.0. You can achieve equivalent behavior with `pendulum.today('UTC').add(days=-N, ...)`
[2026-01-31T02:03:36.973+0000] {logging_mixin.py:188} WARNING - /opt/airflow/dags/train.py:32 RemovedInAirflow3Warning: Param `schedule_interval` is deprecated and will be removed in a future release. Please use `schedule` instead.
[2026-01-31T02:03:36.977+0000] {processor.py:840} INFO - DAG(s) 'ml_training_pipeline' retrieved from /opt/airflow/dags/train.py
[2026-01-31T02:03:36.996+0000] {logging_mixin.py:188} INFO - [2026-01-31T02:03:36.996+0000] {dag.py:3096} INFO - Sync 1 DAGs
[2026-01-31T02:03:37.009+0000] {logging_mixin.py:188} INFO - [2026-01-31T02:03:37.009+0000] {dag.py:3954} INFO - Setting next_dagrun for ml_training_pipeline to 2026-02-01 00:00:00+00:00, run_after=2026-02-08 00:00:00+00:00
[2026-01-31T02:03:37.022+0000] {processor.py:183} INFO - Processing /opt/airflow/dags/train.py took 3.176 seconds
[2026-01-31T02:04:07.521+0000] {processor.py:161} INFO - Started process (PID=13266) to work on /opt/airflow/dags/train.py
[2026-01-31T02:04:07.522+0000] {processor.py:830} INFO - Processing file /opt/airflow/dags/train.py for tasks to queue
[2026-01-31T02:04:07.524+0000] {logging_mixin.py:188} INFO - [2026-01-31T02:04:07.524+0000] {dagbag.py:545} INFO - Filling up the DagBag from /opt/airflow/dags/train.py
[2026-01-31T02:04:10.520+0000] {logging_mixin.py:188} INFO - [2026-01-31T02:04:10.520+0000] {__init__.py:537} WARNING - mkdir -p failed for path /home/airflow/.cache/matplotlib: [Errno 13] Permission denied: '/home/airflow/.cache/matplotlib'
[2026-01-31T02:04:10.521+0000] {logging_mixin.py:188} INFO - [2026-01-31T02:04:10.521+0000] {__init__.py:554} WARNING - Matplotlib created a temporary cache directory at /tmp/matplotlib-xttt0ak_ because there was an issue with the default path (/home/airflow/.cache/matplotlib); it is highly recommended to set the MPLCONFIGDIR environment variable to a writable directory, in particular to speed up the import of Matplotlib and to better support multiprocessing.
[2026-01-31T02:04:10.618+0000] {logging_mixin.py:188} INFO - [2026-01-31T02:04:10.618+0000] {font_manager.py:1639} INFO - generated new fontManager
[2026-01-31T02:04:10.774+0000] {logging_mixin.py:188} INFO - IP resolvido para MLflow: http://192.168.65.254:5000/
[2026-01-31T02:04:10.777+0000] {logging_mixin.py:188} WARNING - /opt/airflow/dags/train.py:37 RemovedInAirflow3Warning: Function `days_ago` is deprecated and will be removed in Airflow 3.0. You can achieve equivalent behavior with `pendulum.today('UTC').add(days=-N, ...)`
[2026-01-31T02:04:10.778+0000] {logging_mixin.py:188} WARNING - /opt/airflow/dags/train.py:32 RemovedInAirflow3Warning: Param `schedule_interval` is deprecated and will be removed in a future release. Please use `schedule` instead.
[2026-01-31T02:04:10.782+0000] {processor.py:840} INFO - DAG(s) 'ml_training_pipeline' retrieved from /opt/airflow/dags/train.py
[2026-01-31T02:04:10.799+0000] {logging_mixin.py:188} INFO - [2026-01-31T02:04:10.799+0000] {dag.py:3096} INFO - Sync 1 DAGs
[2026-01-31T02:04:10.814+0000] {logging_mixin.py:188} INFO - [2026-01-31T02:04:10.814+0000] {dag.py:3954} INFO - Setting next_dagrun for ml_training_pipeline to 2026-02-01 00:00:00+00:00, run_after=2026-02-08 00:00:00+00:00
[2026-01-31T02:04:10.831+0000] {processor.py:183} INFO - Processing /opt/airflow/dags/train.py took 3.315 seconds
[2026-01-31T02:04:40.908+0000] {processor.py:161} INFO - Started process (PID=13313) to work on /opt/airflow/dags/train.py
[2026-01-31T02:04:40.910+0000] {processor.py:830} INFO - Processing file /opt/airflow/dags/train.py for tasks to queue
[2026-01-31T02:04:40.911+0000] {logging_mixin.py:188} INFO - [2026-01-31T02:04:40.911+0000] {dagbag.py:545} INFO - Filling up the DagBag from /opt/airflow/dags/train.py
[2026-01-31T02:04:43.262+0000] {logging_mixin.py:188} INFO - [2026-01-31T02:04:43.262+0000] {__init__.py:537} WARNING - mkdir -p failed for path /home/airflow/.cache/matplotlib: [Errno 13] Permission denied: '/home/airflow/.cache/matplotlib'
[2026-01-31T02:04:43.262+0000] {logging_mixin.py:188} INFO - [2026-01-31T02:04:43.262+0000] {__init__.py:554} WARNING - Matplotlib created a temporary cache directory at /tmp/matplotlib-sg91ng2d because there was an issue with the default path (/home/airflow/.cache/matplotlib); it is highly recommended to set the MPLCONFIGDIR environment variable to a writable directory, in particular to speed up the import of Matplotlib and to better support multiprocessing.
[2026-01-31T02:04:43.357+0000] {logging_mixin.py:188} INFO - [2026-01-31T02:04:43.357+0000] {font_manager.py:1639} INFO - generated new fontManager
[2026-01-31T02:04:43.518+0000] {logging_mixin.py:188} INFO - IP resolvido para MLflow: http://192.168.65.254:5000/
[2026-01-31T02:04:43.521+0000] {logging_mixin.py:188} WARNING - /opt/airflow/dags/train.py:37 RemovedInAirflow3Warning: Function `days_ago` is deprecated and will be removed in Airflow 3.0. You can achieve equivalent behavior with `pendulum.today('UTC').add(days=-N, ...)`
[2026-01-31T02:04:43.521+0000] {logging_mixin.py:188} WARNING - /opt/airflow/dags/train.py:32 RemovedInAirflow3Warning: Param `schedule_interval` is deprecated and will be removed in a future release. Please use `schedule` instead.
[2026-01-31T02:04:43.525+0000] {processor.py:840} INFO - DAG(s) 'ml_training_pipeline' retrieved from /opt/airflow/dags/train.py
[2026-01-31T02:04:43.544+0000] {logging_mixin.py:188} INFO - [2026-01-31T02:04:43.544+0000] {dag.py:3096} INFO - Sync 1 DAGs
[2026-01-31T02:04:43.558+0000] {logging_mixin.py:188} INFO - [2026-01-31T02:04:43.558+0000] {dag.py:3954} INFO - Setting next_dagrun for ml_training_pipeline to 2026-02-01 00:00:00+00:00, run_after=2026-02-08 00:00:00+00:00
[2026-01-31T02:04:43.574+0000] {processor.py:183} INFO - Processing /opt/airflow/dags/train.py took 2.670 seconds
[2026-01-31T02:05:14.467+0000] {processor.py:161} INFO - Started process (PID=13360) to work on /opt/airflow/dags/train.py
[2026-01-31T02:05:14.467+0000] {processor.py:830} INFO - Processing file /opt/airflow/dags/train.py for tasks to queue
[2026-01-31T02:05:14.469+0000] {logging_mixin.py:188} INFO - [2026-01-31T02:05:14.468+0000] {dagbag.py:545} INFO - Filling up the DagBag from /opt/airflow/dags/train.py
[2026-01-31T02:05:16.532+0000] {logging_mixin.py:188} INFO - [2026-01-31T02:05:16.531+0000] {__init__.py:537} WARNING - mkdir -p failed for path /home/airflow/.cache/matplotlib: [Errno 13] Permission denied: '/home/airflow/.cache/matplotlib'
[2026-01-31T02:05:16.533+0000] {logging_mixin.py:188} INFO - [2026-01-31T02:05:16.533+0000] {__init__.py:554} WARNING - Matplotlib created a temporary cache directory at /tmp/matplotlib-cg79t44s because there was an issue with the default path (/home/airflow/.cache/matplotlib); it is highly recommended to set the MPLCONFIGDIR environment variable to a writable directory, in particular to speed up the import of Matplotlib and to better support multiprocessing.
[2026-01-31T02:05:16.612+0000] {logging_mixin.py:188} INFO - [2026-01-31T02:05:16.612+0000] {font_manager.py:1639} INFO - generated new fontManager
[2026-01-31T02:05:16.738+0000] {logging_mixin.py:188} INFO - IP resolvido para MLflow: http://192.168.65.254:5000/
[2026-01-31T02:05:16.740+0000] {logging_mixin.py:188} WARNING - /opt/airflow/dags/train.py:37 RemovedInAirflow3Warning: Function `days_ago` is deprecated and will be removed in Airflow 3.0. You can achieve equivalent behavior with `pendulum.today('UTC').add(days=-N, ...)`
[2026-01-31T02:05:16.741+0000] {logging_mixin.py:188} WARNING - /opt/airflow/dags/train.py:32 RemovedInAirflow3Warning: Param `schedule_interval` is deprecated and will be removed in a future release. Please use `schedule` instead.
[2026-01-31T02:05:16.744+0000] {processor.py:840} INFO - DAG(s) 'ml_training_pipeline' retrieved from /opt/airflow/dags/train.py
[2026-01-31T02:05:16.758+0000] {logging_mixin.py:188} INFO - [2026-01-31T02:05:16.758+0000] {dag.py:3096} INFO - Sync 1 DAGs
[2026-01-31T02:05:16.769+0000] {logging_mixin.py:188} INFO - [2026-01-31T02:05:16.769+0000] {dag.py:3954} INFO - Setting next_dagrun for ml_training_pipeline to 2026-02-01 00:00:00+00:00, run_after=2026-02-08 00:00:00+00:00
[2026-01-31T02:05:16.783+0000] {processor.py:183} INFO - Processing /opt/airflow/dags/train.py took 2.320 seconds
[2026-01-31T02:05:47.363+0000] {processor.py:161} INFO - Started process (PID=13407) to work on /opt/airflow/dags/train.py
[2026-01-31T02:05:47.365+0000] {processor.py:830} INFO - Processing file /opt/airflow/dags/train.py for tasks to queue
[2026-01-31T02:05:47.367+0000] {logging_mixin.py:188} INFO - [2026-01-31T02:05:47.366+0000] {dagbag.py:545} INFO - Filling up the DagBag from /opt/airflow/dags/train.py
[2026-01-31T02:05:49.477+0000] {logging_mixin.py:188} INFO - [2026-01-31T02:05:49.477+0000] {__init__.py:537} WARNING - mkdir -p failed for path /home/airflow/.cache/matplotlib: [Errno 13] Permission denied: '/home/airflow/.cache/matplotlib'
[2026-01-31T02:05:49.478+0000] {logging_mixin.py:188} INFO - [2026-01-31T02:05:49.477+0000] {__init__.py:554} WARNING - Matplotlib created a temporary cache directory at /tmp/matplotlib-_gor43vz because there was an issue with the default path (/home/airflow/.cache/matplotlib); it is highly recommended to set the MPLCONFIGDIR environment variable to a writable directory, in particular to speed up the import of Matplotlib and to better support multiprocessing.
[2026-01-31T02:05:49.555+0000] {logging_mixin.py:188} INFO - [2026-01-31T02:05:49.554+0000] {font_manager.py:1639} INFO - generated new fontManager
[2026-01-31T02:05:49.686+0000] {logging_mixin.py:188} INFO - IP resolvido para MLflow: http://192.168.65.254:5000/
[2026-01-31T02:05:49.688+0000] {logging_mixin.py:188} WARNING - /opt/airflow/dags/train.py:37 RemovedInAirflow3Warning: Function `days_ago` is deprecated and will be removed in Airflow 3.0. You can achieve equivalent behavior with `pendulum.today('UTC').add(days=-N, ...)`
[2026-01-31T02:05:49.688+0000] {logging_mixin.py:188} WARNING - /opt/airflow/dags/train.py:32 RemovedInAirflow3Warning: Param `schedule_interval` is deprecated and will be removed in a future release. Please use `schedule` instead.
[2026-01-31T02:05:49.692+0000] {processor.py:840} INFO - DAG(s) 'ml_training_pipeline' retrieved from /opt/airflow/dags/train.py
[2026-01-31T02:05:49.706+0000] {logging_mixin.py:188} INFO - [2026-01-31T02:05:49.706+0000] {dag.py:3096} INFO - Sync 1 DAGs
[2026-01-31T02:05:49.718+0000] {logging_mixin.py:188} INFO - [2026-01-31T02:05:49.718+0000] {dag.py:3954} INFO - Setting next_dagrun for ml_training_pipeline to 2026-02-01 00:00:00+00:00, run_after=2026-02-08 00:00:00+00:00
[2026-01-31T02:05:49.731+0000] {processor.py:183} INFO - Processing /opt/airflow/dags/train.py took 2.372 seconds
[2026-01-31T02:06:20.186+0000] {processor.py:161} INFO - Started process (PID=13454) to work on /opt/airflow/dags/train.py
[2026-01-31T02:06:20.186+0000] {processor.py:830} INFO - Processing file /opt/airflow/dags/train.py for tasks to queue
[2026-01-31T02:06:20.188+0000] {logging_mixin.py:188} INFO - [2026-01-31T02:06:20.187+0000] {dagbag.py:545} INFO - Filling up the DagBag from /opt/airflow/dags/train.py
[2026-01-31T02:06:22.435+0000] {logging_mixin.py:188} INFO - [2026-01-31T02:06:22.435+0000] {__init__.py:537} WARNING - mkdir -p failed for path /home/airflow/.cache/matplotlib: [Errno 13] Permission denied: '/home/airflow/.cache/matplotlib'
[2026-01-31T02:06:22.436+0000] {logging_mixin.py:188} INFO - [2026-01-31T02:06:22.436+0000] {__init__.py:554} WARNING - Matplotlib created a temporary cache directory at /tmp/matplotlib-baef88rz because there was an issue with the default path (/home/airflow/.cache/matplotlib); it is highly recommended to set the MPLCONFIGDIR environment variable to a writable directory, in particular to speed up the import of Matplotlib and to better support multiprocessing.
[2026-01-31T02:06:22.512+0000] {logging_mixin.py:188} INFO - [2026-01-31T02:06:22.511+0000] {font_manager.py:1639} INFO - generated new fontManager
[2026-01-31T02:06:22.634+0000] {logging_mixin.py:188} INFO - IP resolvido para MLflow: http://192.168.65.254:5000/
[2026-01-31T02:06:22.636+0000] {logging_mixin.py:188} WARNING - /opt/airflow/dags/train.py:37 RemovedInAirflow3Warning: Function `days_ago` is deprecated and will be removed in Airflow 3.0. You can achieve equivalent behavior with `pendulum.today('UTC').add(days=-N, ...)`
[2026-01-31T02:06:22.637+0000] {logging_mixin.py:188} WARNING - /opt/airflow/dags/train.py:32 RemovedInAirflow3Warning: Param `schedule_interval` is deprecated and will be removed in a future release. Please use `schedule` instead.
[2026-01-31T02:06:22.641+0000] {processor.py:840} INFO - DAG(s) 'ml_training_pipeline' retrieved from /opt/airflow/dags/train.py
[2026-01-31T02:06:22.655+0000] {logging_mixin.py:188} INFO - [2026-01-31T02:06:22.655+0000] {dag.py:3096} INFO - Sync 1 DAGs
[2026-01-31T02:06:22.665+0000] {logging_mixin.py:188} INFO - [2026-01-31T02:06:22.665+0000] {dag.py:3954} INFO - Setting next_dagrun for ml_training_pipeline to 2026-02-01 00:00:00+00:00, run_after=2026-02-08 00:00:00+00:00
[2026-01-31T02:06:22.678+0000] {processor.py:183} INFO - Processing /opt/airflow/dags/train.py took 2.496 seconds
[2026-01-31T02:06:52.736+0000] {processor.py:161} INFO - Started process (PID=13501) to work on /opt/airflow/dags/train.py
[2026-01-31T02:06:52.739+0000] {processor.py:830} INFO - Processing file /opt/airflow/dags/train.py for tasks to queue
[2026-01-31T02:06:52.740+0000] {logging_mixin.py:188} INFO - [2026-01-31T02:06:52.739+0000] {dagbag.py:545} INFO - Filling up the DagBag from /opt/airflow/dags/train.py
[2026-01-31T02:06:54.839+0000] {logging_mixin.py:188} INFO - [2026-01-31T02:06:54.838+0000] {__init__.py:537} WARNING - mkdir -p failed for path /home/airflow/.cache/matplotlib: [Errno 13] Permission denied: '/home/airflow/.cache/matplotlib'
[2026-01-31T02:06:54.839+0000] {logging_mixin.py:188} INFO - [2026-01-31T02:06:54.839+0000] {__init__.py:554} WARNING - Matplotlib created a temporary cache directory at /tmp/matplotlib-id_tof0h because there was an issue with the default path (/home/airflow/.cache/matplotlib); it is highly recommended to set the MPLCONFIGDIR environment variable to a writable directory, in particular to speed up the import of Matplotlib and to better support multiprocessing.
[2026-01-31T02:06:54.916+0000] {logging_mixin.py:188} INFO - [2026-01-31T02:06:54.915+0000] {font_manager.py:1639} INFO - generated new fontManager
[2026-01-31T02:06:55.041+0000] {logging_mixin.py:188} INFO - IP resolvido para MLflow: http://192.168.65.254:5000/
[2026-01-31T02:06:55.044+0000] {logging_mixin.py:188} WARNING - /opt/airflow/dags/train.py:37 RemovedInAirflow3Warning: Function `days_ago` is deprecated and will be removed in Airflow 3.0. You can achieve equivalent behavior with `pendulum.today('UTC').add(days=-N, ...)`
[2026-01-31T02:06:55.044+0000] {logging_mixin.py:188} WARNING - /opt/airflow/dags/train.py:32 RemovedInAirflow3Warning: Param `schedule_interval` is deprecated and will be removed in a future release. Please use `schedule` instead.
[2026-01-31T02:06:55.048+0000] {processor.py:840} INFO - DAG(s) 'ml_training_pipeline' retrieved from /opt/airflow/dags/train.py
[2026-01-31T02:06:55.062+0000] {logging_mixin.py:188} INFO - [2026-01-31T02:06:55.062+0000] {dag.py:3096} INFO - Sync 1 DAGs
[2026-01-31T02:06:55.074+0000] {logging_mixin.py:188} INFO - [2026-01-31T02:06:55.073+0000] {dag.py:3954} INFO - Setting next_dagrun for ml_training_pipeline to 2026-02-01 00:00:00+00:00, run_after=2026-02-08 00:00:00+00:00
[2026-01-31T02:06:55.087+0000] {processor.py:183} INFO - Processing /opt/airflow/dags/train.py took 2.356 seconds
[2026-01-31T02:07:25.496+0000] {processor.py:161} INFO - Started process (PID=13547) to work on /opt/airflow/dags/train.py
[2026-01-31T02:07:25.497+0000] {processor.py:830} INFO - Processing file /opt/airflow/dags/train.py for tasks to queue
[2026-01-31T02:07:25.498+0000] {logging_mixin.py:188} INFO - [2026-01-31T02:07:25.498+0000] {dagbag.py:545} INFO - Filling up the DagBag from /opt/airflow/dags/train.py
[2026-01-31T02:07:27.611+0000] {logging_mixin.py:188} INFO - [2026-01-31T02:07:27.611+0000] {__init__.py:537} WARNING - mkdir -p failed for path /home/airflow/.cache/matplotlib: [Errno 13] Permission denied: '/home/airflow/.cache/matplotlib'
[2026-01-31T02:07:27.611+0000] {logging_mixin.py:188} INFO - [2026-01-31T02:07:27.611+0000] {__init__.py:554} WARNING - Matplotlib created a temporary cache directory at /tmp/matplotlib-mpb7wodt because there was an issue with the default path (/home/airflow/.cache/matplotlib); it is highly recommended to set the MPLCONFIGDIR environment variable to a writable directory, in particular to speed up the import of Matplotlib and to better support multiprocessing.
[2026-01-31T02:07:27.692+0000] {logging_mixin.py:188} INFO - [2026-01-31T02:07:27.691+0000] {font_manager.py:1639} INFO - generated new fontManager
[2026-01-31T02:07:27.814+0000] {logging_mixin.py:188} INFO - IP resolvido para MLflow: http://192.168.65.254:5000/
[2026-01-31T02:07:27.817+0000] {logging_mixin.py:188} WARNING - /opt/airflow/dags/train.py:37 RemovedInAirflow3Warning: Function `days_ago` is deprecated and will be removed in Airflow 3.0. You can achieve equivalent behavior with `pendulum.today('UTC').add(days=-N, ...)`
[2026-01-31T02:07:27.817+0000] {logging_mixin.py:188} WARNING - /opt/airflow/dags/train.py:32 RemovedInAirflow3Warning: Param `schedule_interval` is deprecated and will be removed in a future release. Please use `schedule` instead.
[2026-01-31T02:07:27.821+0000] {processor.py:840} INFO - DAG(s) 'ml_training_pipeline' retrieved from /opt/airflow/dags/train.py
[2026-01-31T02:07:27.835+0000] {logging_mixin.py:188} INFO - [2026-01-31T02:07:27.835+0000] {dag.py:3096} INFO - Sync 1 DAGs
[2026-01-31T02:07:27.847+0000] {logging_mixin.py:188} INFO - [2026-01-31T02:07:27.847+0000] {dag.py:3954} INFO - Setting next_dagrun for ml_training_pipeline to 2026-02-01 00:00:00+00:00, run_after=2026-02-08 00:00:00+00:00
[2026-01-31T02:07:27.859+0000] {processor.py:183} INFO - Processing /opt/airflow/dags/train.py took 2.367 seconds
[2026-01-31T02:07:58.408+0000] {processor.py:161} INFO - Started process (PID=13594) to work on /opt/airflow/dags/train.py
[2026-01-31T02:07:58.410+0000] {processor.py:830} INFO - Processing file /opt/airflow/dags/train.py for tasks to queue
[2026-01-31T02:07:58.412+0000] {logging_mixin.py:188} INFO - [2026-01-31T02:07:58.412+0000] {dagbag.py:545} INFO - Filling up the DagBag from /opt/airflow/dags/train.py
[2026-01-31T02:08:00.523+0000] {logging_mixin.py:188} INFO - [2026-01-31T02:08:00.523+0000] {__init__.py:537} WARNING - mkdir -p failed for path /home/airflow/.cache/matplotlib: [Errno 13] Permission denied: '/home/airflow/.cache/matplotlib'
[2026-01-31T02:08:00.524+0000] {logging_mixin.py:188} INFO - [2026-01-31T02:08:00.524+0000] {__init__.py:554} WARNING - Matplotlib created a temporary cache directory at /tmp/matplotlib-362yfxw6 because there was an issue with the default path (/home/airflow/.cache/matplotlib); it is highly recommended to set the MPLCONFIGDIR environment variable to a writable directory, in particular to speed up the import of Matplotlib and to better support multiprocessing.
[2026-01-31T02:08:00.608+0000] {logging_mixin.py:188} INFO - [2026-01-31T02:08:00.608+0000] {font_manager.py:1639} INFO - generated new fontManager
[2026-01-31T02:08:00.738+0000] {logging_mixin.py:188} INFO - IP resolvido para MLflow: http://192.168.65.254:5000/
[2026-01-31T02:08:00.740+0000] {logging_mixin.py:188} WARNING - /opt/airflow/dags/train.py:37 RemovedInAirflow3Warning: Function `days_ago` is deprecated and will be removed in Airflow 3.0. You can achieve equivalent behavior with `pendulum.today('UTC').add(days=-N, ...)`
[2026-01-31T02:08:00.741+0000] {logging_mixin.py:188} WARNING - /opt/airflow/dags/train.py:32 RemovedInAirflow3Warning: Param `schedule_interval` is deprecated and will be removed in a future release. Please use `schedule` instead.
[2026-01-31T02:08:00.744+0000] {processor.py:840} INFO - DAG(s) 'ml_training_pipeline' retrieved from /opt/airflow/dags/train.py
[2026-01-31T02:08:00.760+0000] {logging_mixin.py:188} INFO - [2026-01-31T02:08:00.759+0000] {dag.py:3096} INFO - Sync 1 DAGs
[2026-01-31T02:08:00.772+0000] {logging_mixin.py:188} INFO - [2026-01-31T02:08:00.771+0000] {dag.py:3954} INFO - Setting next_dagrun for ml_training_pipeline to 2026-02-01 00:00:00+00:00, run_after=2026-02-08 00:00:00+00:00
[2026-01-31T02:08:00.784+0000] {processor.py:183} INFO - Processing /opt/airflow/dags/train.py took 2.381 seconds
[2026-01-31T02:08:31.316+0000] {processor.py:161} INFO - Started process (PID=13641) to work on /opt/airflow/dags/train.py
[2026-01-31T02:08:31.316+0000] {processor.py:830} INFO - Processing file /opt/airflow/dags/train.py for tasks to queue
[2026-01-31T02:08:31.317+0000] {logging_mixin.py:188} INFO - [2026-01-31T02:08:31.317+0000] {dagbag.py:545} INFO - Filling up the DagBag from /opt/airflow/dags/train.py
[2026-01-31T02:08:33.771+0000] {logging_mixin.py:188} INFO - [2026-01-31T02:08:33.770+0000] {__init__.py:537} WARNING - mkdir -p failed for path /home/airflow/.cache/matplotlib: [Errno 13] Permission denied: '/home/airflow/.cache/matplotlib'
[2026-01-31T02:08:33.773+0000] {logging_mixin.py:188} INFO - [2026-01-31T02:08:33.772+0000] {__init__.py:554} WARNING - Matplotlib created a temporary cache directory at /tmp/matplotlib-2pnqab_u because there was an issue with the default path (/home/airflow/.cache/matplotlib); it is highly recommended to set the MPLCONFIGDIR environment variable to a writable directory, in particular to speed up the import of Matplotlib and to better support multiprocessing.
[2026-01-31T02:08:33.875+0000] {logging_mixin.py:188} INFO - [2026-01-31T02:08:33.874+0000] {font_manager.py:1639} INFO - generated new fontManager
[2026-01-31T02:08:34.018+0000] {logging_mixin.py:188} INFO - IP resolvido para MLflow: http://192.168.65.254:5000/
[2026-01-31T02:08:34.020+0000] {logging_mixin.py:188} WARNING - /opt/airflow/dags/train.py:37 RemovedInAirflow3Warning: Function `days_ago` is deprecated and will be removed in Airflow 3.0. You can achieve equivalent behavior with `pendulum.today('UTC').add(days=-N, ...)`
[2026-01-31T02:08:34.020+0000] {logging_mixin.py:188} WARNING - /opt/airflow/dags/train.py:32 RemovedInAirflow3Warning: Param `schedule_interval` is deprecated and will be removed in a future release. Please use `schedule` instead.
[2026-01-31T02:08:34.024+0000] {processor.py:840} INFO - DAG(s) 'ml_training_pipeline' retrieved from /opt/airflow/dags/train.py
[2026-01-31T02:08:34.038+0000] {logging_mixin.py:188} INFO - [2026-01-31T02:08:34.037+0000] {dag.py:3096} INFO - Sync 1 DAGs
[2026-01-31T02:08:34.050+0000] {logging_mixin.py:188} INFO - [2026-01-31T02:08:34.049+0000] {dag.py:3954} INFO - Setting next_dagrun for ml_training_pipeline to 2026-02-01 00:00:00+00:00, run_after=2026-02-08 00:00:00+00:00
[2026-01-31T02:08:34.063+0000] {processor.py:183} INFO - Processing /opt/airflow/dags/train.py took 2.751 seconds
[2026-01-31T02:09:04.338+0000] {processor.py:161} INFO - Started process (PID=13688) to work on /opt/airflow/dags/train.py
[2026-01-31T02:09:04.342+0000] {processor.py:830} INFO - Processing file /opt/airflow/dags/train.py for tasks to queue
[2026-01-31T02:09:04.343+0000] {logging_mixin.py:188} INFO - [2026-01-31T02:09:04.343+0000] {dagbag.py:545} INFO - Filling up the DagBag from /opt/airflow/dags/train.py
[2026-01-31T02:09:06.540+0000] {logging_mixin.py:188} INFO - [2026-01-31T02:09:06.540+0000] {__init__.py:537} WARNING - mkdir -p failed for path /home/airflow/.cache/matplotlib: [Errno 13] Permission denied: '/home/airflow/.cache/matplotlib'
[2026-01-31T02:09:06.541+0000] {logging_mixin.py:188} INFO - [2026-01-31T02:09:06.541+0000] {__init__.py:554} WARNING - Matplotlib created a temporary cache directory at /tmp/matplotlib-56co5iq9 because there was an issue with the default path (/home/airflow/.cache/matplotlib); it is highly recommended to set the MPLCONFIGDIR environment variable to a writable directory, in particular to speed up the import of Matplotlib and to better support multiprocessing.
[2026-01-31T02:09:06.621+0000] {logging_mixin.py:188} INFO - [2026-01-31T02:09:06.620+0000] {font_manager.py:1639} INFO - generated new fontManager
[2026-01-31T02:09:06.751+0000] {logging_mixin.py:188} INFO - IP resolvido para MLflow: http://192.168.65.254:5000/
[2026-01-31T02:09:06.753+0000] {logging_mixin.py:188} WARNING - /opt/airflow/dags/train.py:37 RemovedInAirflow3Warning: Function `days_ago` is deprecated and will be removed in Airflow 3.0. You can achieve equivalent behavior with `pendulum.today('UTC').add(days=-N, ...)`
[2026-01-31T02:09:06.754+0000] {logging_mixin.py:188} WARNING - /opt/airflow/dags/train.py:32 RemovedInAirflow3Warning: Param `schedule_interval` is deprecated and will be removed in a future release. Please use `schedule` instead.
[2026-01-31T02:09:06.757+0000] {processor.py:840} INFO - DAG(s) 'ml_training_pipeline' retrieved from /opt/airflow/dags/train.py
[2026-01-31T02:09:06.772+0000] {logging_mixin.py:188} INFO - [2026-01-31T02:09:06.772+0000] {dag.py:3096} INFO - Sync 1 DAGs
[2026-01-31T02:09:06.785+0000] {logging_mixin.py:188} INFO - [2026-01-31T02:09:06.785+0000] {dag.py:3954} INFO - Setting next_dagrun for ml_training_pipeline to 2026-02-01 00:00:00+00:00, run_after=2026-02-08 00:00:00+00:00
[2026-01-31T02:09:06.797+0000] {processor.py:183} INFO - Processing /opt/airflow/dags/train.py took 2.463 seconds
[2026-01-31T02:09:37.185+0000] {processor.py:161} INFO - Started process (PID=13735) to work on /opt/airflow/dags/train.py
[2026-01-31T02:09:37.186+0000] {processor.py:830} INFO - Processing file /opt/airflow/dags/train.py for tasks to queue
[2026-01-31T02:09:37.187+0000] {logging_mixin.py:188} INFO - [2026-01-31T02:09:37.187+0000] {dagbag.py:545} INFO - Filling up the DagBag from /opt/airflow/dags/train.py
[2026-01-31T02:09:39.192+0000] {logging_mixin.py:188} INFO - [2026-01-31T02:09:39.192+0000] {__init__.py:537} WARNING - mkdir -p failed for path /home/airflow/.cache/matplotlib: [Errno 13] Permission denied: '/home/airflow/.cache/matplotlib'
[2026-01-31T02:09:39.193+0000] {logging_mixin.py:188} INFO - [2026-01-31T02:09:39.192+0000] {__init__.py:554} WARNING - Matplotlib created a temporary cache directory at /tmp/matplotlib-gg45dt3n because there was an issue with the default path (/home/airflow/.cache/matplotlib); it is highly recommended to set the MPLCONFIGDIR environment variable to a writable directory, in particular to speed up the import of Matplotlib and to better support multiprocessing.
[2026-01-31T02:09:39.268+0000] {logging_mixin.py:188} INFO - [2026-01-31T02:09:39.267+0000] {font_manager.py:1639} INFO - generated new fontManager
[2026-01-31T02:09:39.391+0000] {logging_mixin.py:188} INFO - IP resolvido para MLflow: http://192.168.65.254:5000/
[2026-01-31T02:09:39.393+0000] {logging_mixin.py:188} WARNING - /opt/airflow/dags/train.py:37 RemovedInAirflow3Warning: Function `days_ago` is deprecated and will be removed in Airflow 3.0. You can achieve equivalent behavior with `pendulum.today('UTC').add(days=-N, ...)`
[2026-01-31T02:09:39.394+0000] {logging_mixin.py:188} WARNING - /opt/airflow/dags/train.py:32 RemovedInAirflow3Warning: Param `schedule_interval` is deprecated and will be removed in a future release. Please use `schedule` instead.
[2026-01-31T02:09:39.397+0000] {processor.py:840} INFO - DAG(s) 'ml_training_pipeline' retrieved from /opt/airflow/dags/train.py
[2026-01-31T02:09:39.413+0000] {logging_mixin.py:188} INFO - [2026-01-31T02:09:39.412+0000] {dag.py:3096} INFO - Sync 1 DAGs
[2026-01-31T02:09:39.422+0000] {logging_mixin.py:188} INFO - [2026-01-31T02:09:39.422+0000] {dag.py:3954} INFO - Setting next_dagrun for ml_training_pipeline to 2026-02-01 00:00:00+00:00, run_after=2026-02-08 00:00:00+00:00
[2026-01-31T02:09:39.433+0000] {processor.py:183} INFO - Processing /opt/airflow/dags/train.py took 2.251 seconds
[2026-01-31T02:10:09.956+0000] {processor.py:161} INFO - Started process (PID=13782) to work on /opt/airflow/dags/train.py
[2026-01-31T02:10:09.958+0000] {processor.py:830} INFO - Processing file /opt/airflow/dags/train.py for tasks to queue
[2026-01-31T02:10:09.959+0000] {logging_mixin.py:188} INFO - [2026-01-31T02:10:09.959+0000] {dagbag.py:545} INFO - Filling up the DagBag from /opt/airflow/dags/train.py
[2026-01-31T02:10:12.185+0000] {logging_mixin.py:188} INFO - [2026-01-31T02:10:12.185+0000] {__init__.py:537} WARNING - mkdir -p failed for path /home/airflow/.cache/matplotlib: [Errno 13] Permission denied: '/home/airflow/.cache/matplotlib'
[2026-01-31T02:10:12.186+0000] {logging_mixin.py:188} INFO - [2026-01-31T02:10:12.186+0000] {__init__.py:554} WARNING - Matplotlib created a temporary cache directory at /tmp/matplotlib-2iar4q3s because there was an issue with the default path (/home/airflow/.cache/matplotlib); it is highly recommended to set the MPLCONFIGDIR environment variable to a writable directory, in particular to speed up the import of Matplotlib and to better support multiprocessing.
[2026-01-31T02:10:12.269+0000] {logging_mixin.py:188} INFO - [2026-01-31T02:10:12.269+0000] {font_manager.py:1639} INFO - generated new fontManager
[2026-01-31T02:10:12.398+0000] {logging_mixin.py:188} INFO - IP resolvido para MLflow: http://192.168.65.254:5000/
[2026-01-31T02:10:12.401+0000] {logging_mixin.py:188} WARNING - /opt/airflow/dags/train.py:37 RemovedInAirflow3Warning: Function `days_ago` is deprecated and will be removed in Airflow 3.0. You can achieve equivalent behavior with `pendulum.today('UTC').add(days=-N, ...)`
[2026-01-31T02:10:12.402+0000] {logging_mixin.py:188} WARNING - /opt/airflow/dags/train.py:32 RemovedInAirflow3Warning: Param `schedule_interval` is deprecated and will be removed in a future release. Please use `schedule` instead.
[2026-01-31T02:10:12.406+0000] {processor.py:840} INFO - DAG(s) 'ml_training_pipeline' retrieved from /opt/airflow/dags/train.py
[2026-01-31T02:10:12.421+0000] {logging_mixin.py:188} INFO - [2026-01-31T02:10:12.420+0000] {dag.py:3096} INFO - Sync 1 DAGs
[2026-01-31T02:10:12.432+0000] {logging_mixin.py:188} INFO - [2026-01-31T02:10:12.432+0000] {dag.py:3954} INFO - Setting next_dagrun for ml_training_pipeline to 2026-02-01 00:00:00+00:00, run_after=2026-02-08 00:00:00+00:00
[2026-01-31T02:10:12.444+0000] {processor.py:183} INFO - Processing /opt/airflow/dags/train.py took 2.492 seconds
[2026-01-31T02:10:42.888+0000] {processor.py:161} INFO - Started process (PID=13829) to work on /opt/airflow/dags/train.py
[2026-01-31T02:10:42.888+0000] {processor.py:830} INFO - Processing file /opt/airflow/dags/train.py for tasks to queue
[2026-01-31T02:10:42.890+0000] {logging_mixin.py:188} INFO - [2026-01-31T02:10:42.889+0000] {dagbag.py:545} INFO - Filling up the DagBag from /opt/airflow/dags/train.py
[2026-01-31T02:10:45.080+0000] {logging_mixin.py:188} INFO - [2026-01-31T02:10:45.080+0000] {__init__.py:537} WARNING - mkdir -p failed for path /home/airflow/.cache/matplotlib: [Errno 13] Permission denied: '/home/airflow/.cache/matplotlib'
[2026-01-31T02:10:45.080+0000] {logging_mixin.py:188} INFO - [2026-01-31T02:10:45.080+0000] {__init__.py:554} WARNING - Matplotlib created a temporary cache directory at /tmp/matplotlib-8ceh50e7 because there was an issue with the default path (/home/airflow/.cache/matplotlib); it is highly recommended to set the MPLCONFIGDIR environment variable to a writable directory, in particular to speed up the import of Matplotlib and to better support multiprocessing.
[2026-01-31T02:10:45.159+0000] {logging_mixin.py:188} INFO - [2026-01-31T02:10:45.159+0000] {font_manager.py:1639} INFO - generated new fontManager
[2026-01-31T02:10:45.293+0000] {logging_mixin.py:188} INFO - IP resolvido para MLflow: http://192.168.65.254:5000/
[2026-01-31T02:10:45.296+0000] {logging_mixin.py:188} WARNING - /opt/airflow/dags/train.py:37 RemovedInAirflow3Warning: Function `days_ago` is deprecated and will be removed in Airflow 3.0. You can achieve equivalent behavior with `pendulum.today('UTC').add(days=-N, ...)`
[2026-01-31T02:10:45.296+0000] {logging_mixin.py:188} WARNING - /opt/airflow/dags/train.py:32 RemovedInAirflow3Warning: Param `schedule_interval` is deprecated and will be removed in a future release. Please use `schedule` instead.
[2026-01-31T02:10:45.300+0000] {processor.py:840} INFO - DAG(s) 'ml_training_pipeline' retrieved from /opt/airflow/dags/train.py
[2026-01-31T02:10:45.317+0000] {logging_mixin.py:188} INFO - [2026-01-31T02:10:45.317+0000] {dag.py:3096} INFO - Sync 1 DAGs
[2026-01-31T02:10:45.330+0000] {logging_mixin.py:188} INFO - [2026-01-31T02:10:45.330+0000] {dag.py:3954} INFO - Setting next_dagrun for ml_training_pipeline to 2026-02-01 00:00:00+00:00, run_after=2026-02-08 00:00:00+00:00
[2026-01-31T02:10:45.346+0000] {processor.py:183} INFO - Processing /opt/airflow/dags/train.py took 2.463 seconds
[2026-01-31T02:11:16.088+0000] {processor.py:161} INFO - Started process (PID=13876) to work on /opt/airflow/dags/train.py
[2026-01-31T02:11:16.091+0000] {processor.py:830} INFO - Processing file /opt/airflow/dags/train.py for tasks to queue
[2026-01-31T02:11:16.092+0000] {logging_mixin.py:188} INFO - [2026-01-31T02:11:16.092+0000] {dagbag.py:545} INFO - Filling up the DagBag from /opt/airflow/dags/train.py
[2026-01-31T02:11:18.234+0000] {logging_mixin.py:188} INFO - [2026-01-31T02:11:18.234+0000] {__init__.py:537} WARNING - mkdir -p failed for path /home/airflow/.cache/matplotlib: [Errno 13] Permission denied: '/home/airflow/.cache/matplotlib'
[2026-01-31T02:11:18.234+0000] {logging_mixin.py:188} INFO - [2026-01-31T02:11:18.234+0000] {__init__.py:554} WARNING - Matplotlib created a temporary cache directory at /tmp/matplotlib-nggztxxk because there was an issue with the default path (/home/airflow/.cache/matplotlib); it is highly recommended to set the MPLCONFIGDIR environment variable to a writable directory, in particular to speed up the import of Matplotlib and to better support multiprocessing.
[2026-01-31T02:11:18.312+0000] {logging_mixin.py:188} INFO - [2026-01-31T02:11:18.312+0000] {font_manager.py:1639} INFO - generated new fontManager
[2026-01-31T02:11:18.434+0000] {logging_mixin.py:188} INFO - IP resolvido para MLflow: http://192.168.65.254:5000/
[2026-01-31T02:11:18.436+0000] {logging_mixin.py:188} WARNING - /opt/airflow/dags/train.py:37 RemovedInAirflow3Warning: Function `days_ago` is deprecated and will be removed in Airflow 3.0. You can achieve equivalent behavior with `pendulum.today('UTC').add(days=-N, ...)`
[2026-01-31T02:11:18.436+0000] {logging_mixin.py:188} WARNING - /opt/airflow/dags/train.py:32 RemovedInAirflow3Warning: Param `schedule_interval` is deprecated and will be removed in a future release. Please use `schedule` instead.
[2026-01-31T02:11:18.440+0000] {processor.py:840} INFO - DAG(s) 'ml_training_pipeline' retrieved from /opt/airflow/dags/train.py
[2026-01-31T02:11:18.457+0000] {logging_mixin.py:188} INFO - [2026-01-31T02:11:18.456+0000] {dag.py:3096} INFO - Sync 1 DAGs
[2026-01-31T02:11:18.468+0000] {logging_mixin.py:188} INFO - [2026-01-31T02:11:18.468+0000] {dag.py:3954} INFO - Setting next_dagrun for ml_training_pipeline to 2026-02-01 00:00:00+00:00, run_after=2026-02-08 00:00:00+00:00
[2026-01-31T02:11:18.482+0000] {processor.py:183} INFO - Processing /opt/airflow/dags/train.py took 2.398 seconds
[2026-01-31T02:11:48.848+0000] {processor.py:161} INFO - Started process (PID=13923) to work on /opt/airflow/dags/train.py
[2026-01-31T02:11:48.849+0000] {processor.py:830} INFO - Processing file /opt/airflow/dags/train.py for tasks to queue
[2026-01-31T02:11:48.850+0000] {logging_mixin.py:188} INFO - [2026-01-31T02:11:48.850+0000] {dagbag.py:545} INFO - Filling up the DagBag from /opt/airflow/dags/train.py
[2026-01-31T02:11:50.914+0000] {logging_mixin.py:188} INFO - [2026-01-31T02:11:50.914+0000] {__init__.py:537} WARNING - mkdir -p failed for path /home/airflow/.cache/matplotlib: [Errno 13] Permission denied: '/home/airflow/.cache/matplotlib'
[2026-01-31T02:11:50.917+0000] {logging_mixin.py:188} INFO - [2026-01-31T02:11:50.917+0000] {__init__.py:554} WARNING - Matplotlib created a temporary cache directory at /tmp/matplotlib-frrh9t6y because there was an issue with the default path (/home/airflow/.cache/matplotlib); it is highly recommended to set the MPLCONFIGDIR environment variable to a writable directory, in particular to speed up the import of Matplotlib and to better support multiprocessing.
[2026-01-31T02:11:50.991+0000] {logging_mixin.py:188} INFO - [2026-01-31T02:11:50.991+0000] {font_manager.py:1639} INFO - generated new fontManager
[2026-01-31T02:11:51.111+0000] {logging_mixin.py:188} INFO - IP resolvido para MLflow: http://192.168.65.254:5000/
[2026-01-31T02:11:51.113+0000] {logging_mixin.py:188} WARNING - /opt/airflow/dags/train.py:37 RemovedInAirflow3Warning: Function `days_ago` is deprecated and will be removed in Airflow 3.0. You can achieve equivalent behavior with `pendulum.today('UTC').add(days=-N, ...)`
[2026-01-31T02:11:51.113+0000] {logging_mixin.py:188} WARNING - /opt/airflow/dags/train.py:32 RemovedInAirflow3Warning: Param `schedule_interval` is deprecated and will be removed in a future release. Please use `schedule` instead.
[2026-01-31T02:11:51.117+0000] {processor.py:840} INFO - DAG(s) 'ml_training_pipeline' retrieved from /opt/airflow/dags/train.py
[2026-01-31T02:11:51.132+0000] {logging_mixin.py:188} INFO - [2026-01-31T02:11:51.131+0000] {dag.py:3096} INFO - Sync 1 DAGs
[2026-01-31T02:11:51.144+0000] {logging_mixin.py:188} INFO - [2026-01-31T02:11:51.144+0000] {dag.py:3954} INFO - Setting next_dagrun for ml_training_pipeline to 2026-02-01 00:00:00+00:00, run_after=2026-02-08 00:00:00+00:00
[2026-01-31T02:11:51.155+0000] {processor.py:183} INFO - Processing /opt/airflow/dags/train.py took 2.311 seconds
[2026-01-31T02:12:21.751+0000] {processor.py:161} INFO - Started process (PID=13969) to work on /opt/airflow/dags/train.py
[2026-01-31T02:12:21.751+0000] {processor.py:830} INFO - Processing file /opt/airflow/dags/train.py for tasks to queue
[2026-01-31T02:12:21.753+0000] {logging_mixin.py:188} INFO - [2026-01-31T02:12:21.753+0000] {dagbag.py:545} INFO - Filling up the DagBag from /opt/airflow/dags/train.py
[2026-01-31T02:12:23.944+0000] {logging_mixin.py:188} INFO - [2026-01-31T02:12:23.944+0000] {__init__.py:537} WARNING - mkdir -p failed for path /home/airflow/.cache/matplotlib: [Errno 13] Permission denied: '/home/airflow/.cache/matplotlib'
[2026-01-31T02:12:23.945+0000] {logging_mixin.py:188} INFO - [2026-01-31T02:12:23.944+0000] {__init__.py:554} WARNING - Matplotlib created a temporary cache directory at /tmp/matplotlib-wcpd3f9p because there was an issue with the default path (/home/airflow/.cache/matplotlib); it is highly recommended to set the MPLCONFIGDIR environment variable to a writable directory, in particular to speed up the import of Matplotlib and to better support multiprocessing.
[2026-01-31T02:12:24.038+0000] {logging_mixin.py:188} INFO - [2026-01-31T02:12:24.038+0000] {font_manager.py:1639} INFO - generated new fontManager
[2026-01-31T02:12:24.188+0000] {logging_mixin.py:188} INFO - IP resolvido para MLflow: http://192.168.65.254:5000/
[2026-01-31T02:12:24.190+0000] {logging_mixin.py:188} WARNING - /opt/airflow/dags/train.py:37 RemovedInAirflow3Warning: Function `days_ago` is deprecated and will be removed in Airflow 3.0. You can achieve equivalent behavior with `pendulum.today('UTC').add(days=-N, ...)`
[2026-01-31T02:12:24.191+0000] {logging_mixin.py:188} WARNING - /opt/airflow/dags/train.py:32 RemovedInAirflow3Warning: Param `schedule_interval` is deprecated and will be removed in a future release. Please use `schedule` instead.
[2026-01-31T02:12:24.194+0000] {processor.py:840} INFO - DAG(s) 'ml_training_pipeline' retrieved from /opt/airflow/dags/train.py
[2026-01-31T02:12:24.209+0000] {logging_mixin.py:188} INFO - [2026-01-31T02:12:24.209+0000] {dag.py:3096} INFO - Sync 1 DAGs
[2026-01-31T02:12:24.219+0000] {logging_mixin.py:188} INFO - [2026-01-31T02:12:24.219+0000] {dag.py:3954} INFO - Setting next_dagrun for ml_training_pipeline to 2026-02-01 00:00:00+00:00, run_after=2026-02-08 00:00:00+00:00
[2026-01-31T02:12:24.230+0000] {processor.py:183} INFO - Processing /opt/airflow/dags/train.py took 2.484 seconds
[2026-01-31T02:12:54.600+0000] {processor.py:161} INFO - Started process (PID=14016) to work on /opt/airflow/dags/train.py
[2026-01-31T02:12:54.601+0000] {processor.py:830} INFO - Processing file /opt/airflow/dags/train.py for tasks to queue
[2026-01-31T02:12:54.603+0000] {logging_mixin.py:188} INFO - [2026-01-31T02:12:54.602+0000] {dagbag.py:545} INFO - Filling up the DagBag from /opt/airflow/dags/train.py
[2026-01-31T02:12:56.679+0000] {logging_mixin.py:188} INFO - [2026-01-31T02:12:56.678+0000] {__init__.py:537} WARNING - mkdir -p failed for path /home/airflow/.cache/matplotlib: [Errno 13] Permission denied: '/home/airflow/.cache/matplotlib'
[2026-01-31T02:12:56.679+0000] {logging_mixin.py:188} INFO - [2026-01-31T02:12:56.679+0000] {__init__.py:554} WARNING - Matplotlib created a temporary cache directory at /tmp/matplotlib-9mariwqm because there was an issue with the default path (/home/airflow/.cache/matplotlib); it is highly recommended to set the MPLCONFIGDIR environment variable to a writable directory, in particular to speed up the import of Matplotlib and to better support multiprocessing.
[2026-01-31T02:12:56.765+0000] {logging_mixin.py:188} INFO - [2026-01-31T02:12:56.765+0000] {font_manager.py:1639} INFO - generated new fontManager
[2026-01-31T02:12:56.886+0000] {logging_mixin.py:188} INFO - IP resolvido para MLflow: http://192.168.65.254:5000/
[2026-01-31T02:12:56.888+0000] {logging_mixin.py:188} WARNING - /opt/airflow/dags/train.py:37 RemovedInAirflow3Warning: Function `days_ago` is deprecated and will be removed in Airflow 3.0. You can achieve equivalent behavior with `pendulum.today('UTC').add(days=-N, ...)`
[2026-01-31T02:12:56.889+0000] {logging_mixin.py:188} WARNING - /opt/airflow/dags/train.py:32 RemovedInAirflow3Warning: Param `schedule_interval` is deprecated and will be removed in a future release. Please use `schedule` instead.
[2026-01-31T02:12:56.892+0000] {processor.py:840} INFO - DAG(s) 'ml_training_pipeline' retrieved from /opt/airflow/dags/train.py
[2026-01-31T02:12:56.908+0000] {logging_mixin.py:188} INFO - [2026-01-31T02:12:56.907+0000] {dag.py:3096} INFO - Sync 1 DAGs
[2026-01-31T02:12:56.919+0000] {logging_mixin.py:188} INFO - [2026-01-31T02:12:56.918+0000] {dag.py:3954} INFO - Setting next_dagrun for ml_training_pipeline to 2026-02-01 00:00:00+00:00, run_after=2026-02-08 00:00:00+00:00
[2026-01-31T02:12:56.929+0000] {processor.py:183} INFO - Processing /opt/airflow/dags/train.py took 2.333 seconds
[2026-01-31T02:13:27.353+0000] {processor.py:161} INFO - Started process (PID=14063) to work on /opt/airflow/dags/train.py
[2026-01-31T02:13:27.354+0000] {processor.py:830} INFO - Processing file /opt/airflow/dags/train.py for tasks to queue
[2026-01-31T02:13:27.355+0000] {logging_mixin.py:188} INFO - [2026-01-31T02:13:27.355+0000] {dagbag.py:545} INFO - Filling up the DagBag from /opt/airflow/dags/train.py
[2026-01-31T02:13:29.413+0000] {logging_mixin.py:188} INFO - [2026-01-31T02:13:29.413+0000] {__init__.py:537} WARNING - mkdir -p failed for path /home/airflow/.cache/matplotlib: [Errno 13] Permission denied: '/home/airflow/.cache/matplotlib'
[2026-01-31T02:13:29.416+0000] {logging_mixin.py:188} INFO - [2026-01-31T02:13:29.416+0000] {__init__.py:554} WARNING - Matplotlib created a temporary cache directory at /tmp/matplotlib-qcbfq4ek because there was an issue with the default path (/home/airflow/.cache/matplotlib); it is highly recommended to set the MPLCONFIGDIR environment variable to a writable directory, in particular to speed up the import of Matplotlib and to better support multiprocessing.
[2026-01-31T02:13:29.497+0000] {logging_mixin.py:188} INFO - [2026-01-31T02:13:29.497+0000] {font_manager.py:1639} INFO - generated new fontManager
[2026-01-31T02:13:29.619+0000] {logging_mixin.py:188} INFO - IP resolvido para MLflow: http://192.168.65.254:5000/
[2026-01-31T02:13:29.621+0000] {logging_mixin.py:188} WARNING - /opt/airflow/dags/train.py:37 RemovedInAirflow3Warning: Function `days_ago` is deprecated and will be removed in Airflow 3.0. You can achieve equivalent behavior with `pendulum.today('UTC').add(days=-N, ...)`
[2026-01-31T02:13:29.622+0000] {logging_mixin.py:188} WARNING - /opt/airflow/dags/train.py:32 RemovedInAirflow3Warning: Param `schedule_interval` is deprecated and will be removed in a future release. Please use `schedule` instead.
[2026-01-31T02:13:29.626+0000] {processor.py:840} INFO - DAG(s) 'ml_training_pipeline' retrieved from /opt/airflow/dags/train.py
[2026-01-31T02:13:29.641+0000] {logging_mixin.py:188} INFO - [2026-01-31T02:13:29.641+0000] {dag.py:3096} INFO - Sync 1 DAGs
[2026-01-31T02:13:29.652+0000] {logging_mixin.py:188} INFO - [2026-01-31T02:13:29.651+0000] {dag.py:3954} INFO - Setting next_dagrun for ml_training_pipeline to 2026-02-01 00:00:00+00:00, run_after=2026-02-08 00:00:00+00:00
[2026-01-31T02:13:29.663+0000] {processor.py:183} INFO - Processing /opt/airflow/dags/train.py took 2.315 seconds
[2026-01-31T02:14:00.107+0000] {processor.py:161} INFO - Started process (PID=14110) to work on /opt/airflow/dags/train.py
[2026-01-31T02:14:00.107+0000] {processor.py:830} INFO - Processing file /opt/airflow/dags/train.py for tasks to queue
[2026-01-31T02:14:00.108+0000] {logging_mixin.py:188} INFO - [2026-01-31T02:14:00.108+0000] {dagbag.py:545} INFO - Filling up the DagBag from /opt/airflow/dags/train.py
[2026-01-31T02:14:02.316+0000] {logging_mixin.py:188} INFO - [2026-01-31T02:14:02.315+0000] {__init__.py:537} WARNING - mkdir -p failed for path /home/airflow/.cache/matplotlib: [Errno 13] Permission denied: '/home/airflow/.cache/matplotlib'
[2026-01-31T02:14:02.317+0000] {logging_mixin.py:188} INFO - [2026-01-31T02:14:02.317+0000] {__init__.py:554} WARNING - Matplotlib created a temporary cache directory at /tmp/matplotlib-zscu9x76 because there was an issue with the default path (/home/airflow/.cache/matplotlib); it is highly recommended to set the MPLCONFIGDIR environment variable to a writable directory, in particular to speed up the import of Matplotlib and to better support multiprocessing.
[2026-01-31T02:14:02.402+0000] {logging_mixin.py:188} INFO - [2026-01-31T02:14:02.402+0000] {font_manager.py:1639} INFO - generated new fontManager
[2026-01-31T02:14:02.536+0000] {logging_mixin.py:188} INFO - IP resolvido para MLflow: http://192.168.65.254:5000/
[2026-01-31T02:14:02.538+0000] {logging_mixin.py:188} WARNING - /opt/airflow/dags/train.py:37 RemovedInAirflow3Warning: Function `days_ago` is deprecated and will be removed in Airflow 3.0. You can achieve equivalent behavior with `pendulum.today('UTC').add(days=-N, ...)`
[2026-01-31T02:14:02.539+0000] {logging_mixin.py:188} WARNING - /opt/airflow/dags/train.py:32 RemovedInAirflow3Warning: Param `schedule_interval` is deprecated and will be removed in a future release. Please use `schedule` instead.
[2026-01-31T02:14:02.542+0000] {processor.py:840} INFO - DAG(s) 'ml_training_pipeline' retrieved from /opt/airflow/dags/train.py
[2026-01-31T02:14:02.558+0000] {logging_mixin.py:188} INFO - [2026-01-31T02:14:02.558+0000] {dag.py:3096} INFO - Sync 1 DAGs
[2026-01-31T02:14:02.570+0000] {logging_mixin.py:188} INFO - [2026-01-31T02:14:02.570+0000] {dag.py:3954} INFO - Setting next_dagrun for ml_training_pipeline to 2026-02-01 00:00:00+00:00, run_after=2026-02-08 00:00:00+00:00
[2026-01-31T02:14:02.586+0000] {processor.py:183} INFO - Processing /opt/airflow/dags/train.py took 2.483 seconds
[2026-01-31T02:14:32.626+0000] {processor.py:161} INFO - Started process (PID=14157) to work on /opt/airflow/dags/train.py
[2026-01-31T02:14:32.629+0000] {processor.py:830} INFO - Processing file /opt/airflow/dags/train.py for tasks to queue
[2026-01-31T02:14:32.631+0000] {logging_mixin.py:188} INFO - [2026-01-31T02:14:32.631+0000] {dagbag.py:545} INFO - Filling up the DagBag from /opt/airflow/dags/train.py
[2026-01-31T02:14:34.941+0000] {logging_mixin.py:188} INFO - [2026-01-31T02:14:34.941+0000] {__init__.py:537} WARNING - mkdir -p failed for path /home/airflow/.cache/matplotlib: [Errno 13] Permission denied: '/home/airflow/.cache/matplotlib'
[2026-01-31T02:14:34.941+0000] {logging_mixin.py:188} INFO - [2026-01-31T02:14:34.941+0000] {__init__.py:554} WARNING - Matplotlib created a temporary cache directory at /tmp/matplotlib-azohy2vv because there was an issue with the default path (/home/airflow/.cache/matplotlib); it is highly recommended to set the MPLCONFIGDIR environment variable to a writable directory, in particular to speed up the import of Matplotlib and to better support multiprocessing.
[2026-01-31T02:14:35.021+0000] {logging_mixin.py:188} INFO - [2026-01-31T02:14:35.021+0000] {font_manager.py:1639} INFO - generated new fontManager
[2026-01-31T02:14:35.151+0000] {logging_mixin.py:188} INFO - IP resolvido para MLflow: http://192.168.65.254:5000/
[2026-01-31T02:14:35.153+0000] {logging_mixin.py:188} WARNING - /opt/airflow/dags/train.py:37 RemovedInAirflow3Warning: Function `days_ago` is deprecated and will be removed in Airflow 3.0. You can achieve equivalent behavior with `pendulum.today('UTC').add(days=-N, ...)`
[2026-01-31T02:14:35.154+0000] {logging_mixin.py:188} WARNING - /opt/airflow/dags/train.py:32 RemovedInAirflow3Warning: Param `schedule_interval` is deprecated and will be removed in a future release. Please use `schedule` instead.
[2026-01-31T02:14:35.158+0000] {processor.py:840} INFO - DAG(s) 'ml_training_pipeline' retrieved from /opt/airflow/dags/train.py
[2026-01-31T02:14:35.173+0000] {logging_mixin.py:188} INFO - [2026-01-31T02:14:35.172+0000] {dag.py:3096} INFO - Sync 1 DAGs
[2026-01-31T02:14:35.185+0000] {logging_mixin.py:188} INFO - [2026-01-31T02:14:35.184+0000] {dag.py:3954} INFO - Setting next_dagrun for ml_training_pipeline to 2026-02-01 00:00:00+00:00, run_after=2026-02-08 00:00:00+00:00
[2026-01-31T02:14:35.197+0000] {processor.py:183} INFO - Processing /opt/airflow/dags/train.py took 2.576 seconds
[2026-01-31T02:15:05.429+0000] {processor.py:161} INFO - Started process (PID=14204) to work on /opt/airflow/dags/train.py
[2026-01-31T02:15:05.429+0000] {processor.py:830} INFO - Processing file /opt/airflow/dags/train.py for tasks to queue
[2026-01-31T02:15:05.430+0000] {logging_mixin.py:188} INFO - [2026-01-31T02:15:05.430+0000] {dagbag.py:545} INFO - Filling up the DagBag from /opt/airflow/dags/train.py
[2026-01-31T02:15:07.620+0000] {logging_mixin.py:188} INFO - [2026-01-31T02:15:07.620+0000] {__init__.py:537} WARNING - mkdir -p failed for path /home/airflow/.cache/matplotlib: [Errno 13] Permission denied: '/home/airflow/.cache/matplotlib'
[2026-01-31T02:15:07.621+0000] {logging_mixin.py:188} INFO - [2026-01-31T02:15:07.621+0000] {__init__.py:554} WARNING - Matplotlib created a temporary cache directory at /tmp/matplotlib-90m1c_dn because there was an issue with the default path (/home/airflow/.cache/matplotlib); it is highly recommended to set the MPLCONFIGDIR environment variable to a writable directory, in particular to speed up the import of Matplotlib and to better support multiprocessing.
[2026-01-31T02:15:07.710+0000] {logging_mixin.py:188} INFO - [2026-01-31T02:15:07.710+0000] {font_manager.py:1639} INFO - generated new fontManager
[2026-01-31T02:15:07.850+0000] {logging_mixin.py:188} INFO - IP resolvido para MLflow: http://192.168.65.254:5000/
[2026-01-31T02:15:07.852+0000] {logging_mixin.py:188} WARNING - /opt/airflow/dags/train.py:37 RemovedInAirflow3Warning: Function `days_ago` is deprecated and will be removed in Airflow 3.0. You can achieve equivalent behavior with `pendulum.today('UTC').add(days=-N, ...)`
[2026-01-31T02:15:07.853+0000] {logging_mixin.py:188} WARNING - /opt/airflow/dags/train.py:32 RemovedInAirflow3Warning: Param `schedule_interval` is deprecated and will be removed in a future release. Please use `schedule` instead.
[2026-01-31T02:15:07.856+0000] {processor.py:840} INFO - DAG(s) 'ml_training_pipeline' retrieved from /opt/airflow/dags/train.py
[2026-01-31T02:15:07.875+0000] {logging_mixin.py:188} INFO - [2026-01-31T02:15:07.874+0000] {dag.py:3096} INFO - Sync 1 DAGs
[2026-01-31T02:15:07.888+0000] {logging_mixin.py:188} INFO - [2026-01-31T02:15:07.888+0000] {dag.py:3954} INFO - Setting next_dagrun for ml_training_pipeline to 2026-02-01 00:00:00+00:00, run_after=2026-02-08 00:00:00+00:00
[2026-01-31T02:15:07.905+0000] {processor.py:183} INFO - Processing /opt/airflow/dags/train.py took 2.481 seconds
[2026-01-31T02:15:38.316+0000] {processor.py:161} INFO - Started process (PID=14251) to work on /opt/airflow/dags/train.py
[2026-01-31T02:15:38.318+0000] {processor.py:830} INFO - Processing file /opt/airflow/dags/train.py for tasks to queue
[2026-01-31T02:15:38.319+0000] {logging_mixin.py:188} INFO - [2026-01-31T02:15:38.319+0000] {dagbag.py:545} INFO - Filling up the DagBag from /opt/airflow/dags/train.py
[2026-01-31T02:15:40.369+0000] {logging_mixin.py:188} INFO - [2026-01-31T02:15:40.369+0000] {__init__.py:537} WARNING - mkdir -p failed for path /home/airflow/.cache/matplotlib: [Errno 13] Permission denied: '/home/airflow/.cache/matplotlib'
[2026-01-31T02:15:40.370+0000] {logging_mixin.py:188} INFO - [2026-01-31T02:15:40.370+0000] {__init__.py:554} WARNING - Matplotlib created a temporary cache directory at /tmp/matplotlib-mftwjeps because there was an issue with the default path (/home/airflow/.cache/matplotlib); it is highly recommended to set the MPLCONFIGDIR environment variable to a writable directory, in particular to speed up the import of Matplotlib and to better support multiprocessing.
[2026-01-31T02:15:40.451+0000] {logging_mixin.py:188} INFO - [2026-01-31T02:15:40.451+0000] {font_manager.py:1639} INFO - generated new fontManager
[2026-01-31T02:15:40.579+0000] {logging_mixin.py:188} INFO - IP resolvido para MLflow: http://192.168.65.254:5000/
[2026-01-31T02:15:40.581+0000] {logging_mixin.py:188} WARNING - /opt/airflow/dags/train.py:37 RemovedInAirflow3Warning: Function `days_ago` is deprecated and will be removed in Airflow 3.0. You can achieve equivalent behavior with `pendulum.today('UTC').add(days=-N, ...)`
[2026-01-31T02:15:40.582+0000] {logging_mixin.py:188} WARNING - /opt/airflow/dags/train.py:32 RemovedInAirflow3Warning: Param `schedule_interval` is deprecated and will be removed in a future release. Please use `schedule` instead.
[2026-01-31T02:15:40.585+0000] {processor.py:840} INFO - DAG(s) 'ml_training_pipeline' retrieved from /opt/airflow/dags/train.py
[2026-01-31T02:15:40.600+0000] {logging_mixin.py:188} INFO - [2026-01-31T02:15:40.600+0000] {dag.py:3096} INFO - Sync 1 DAGs
[2026-01-31T02:15:40.612+0000] {logging_mixin.py:188} INFO - [2026-01-31T02:15:40.612+0000] {dag.py:3954} INFO - Setting next_dagrun for ml_training_pipeline to 2026-02-01 00:00:00+00:00, run_after=2026-02-08 00:00:00+00:00
[2026-01-31T02:15:40.629+0000] {processor.py:183} INFO - Processing /opt/airflow/dags/train.py took 2.318 seconds
[2026-01-31T02:16:11.311+0000] {processor.py:161} INFO - Started process (PID=14298) to work on /opt/airflow/dags/train.py
[2026-01-31T02:16:11.311+0000] {processor.py:830} INFO - Processing file /opt/airflow/dags/train.py for tasks to queue
[2026-01-31T02:16:11.313+0000] {logging_mixin.py:188} INFO - [2026-01-31T02:16:11.312+0000] {dagbag.py:545} INFO - Filling up the DagBag from /opt/airflow/dags/train.py
[2026-01-31T02:16:13.548+0000] {logging_mixin.py:188} INFO - [2026-01-31T02:16:13.547+0000] {__init__.py:537} WARNING - mkdir -p failed for path /home/airflow/.cache/matplotlib: [Errno 13] Permission denied: '/home/airflow/.cache/matplotlib'
[2026-01-31T02:16:13.548+0000] {logging_mixin.py:188} INFO - [2026-01-31T02:16:13.548+0000] {__init__.py:554} WARNING - Matplotlib created a temporary cache directory at /tmp/matplotlib-gq60udsg because there was an issue with the default path (/home/airflow/.cache/matplotlib); it is highly recommended to set the MPLCONFIGDIR environment variable to a writable directory, in particular to speed up the import of Matplotlib and to better support multiprocessing.
[2026-01-31T02:16:13.629+0000] {logging_mixin.py:188} INFO - [2026-01-31T02:16:13.629+0000] {font_manager.py:1639} INFO - generated new fontManager
[2026-01-31T02:16:13.763+0000] {logging_mixin.py:188} INFO - IP resolvido para MLflow: http://192.168.65.254:5000/
[2026-01-31T02:16:13.766+0000] {logging_mixin.py:188} WARNING - /opt/airflow/dags/train.py:37 RemovedInAirflow3Warning: Function `days_ago` is deprecated and will be removed in Airflow 3.0. You can achieve equivalent behavior with `pendulum.today('UTC').add(days=-N, ...)`
[2026-01-31T02:16:13.767+0000] {logging_mixin.py:188} WARNING - /opt/airflow/dags/train.py:32 RemovedInAirflow3Warning: Param `schedule_interval` is deprecated and will be removed in a future release. Please use `schedule` instead.
[2026-01-31T02:16:13.770+0000] {processor.py:840} INFO - DAG(s) 'ml_training_pipeline' retrieved from /opt/airflow/dags/train.py
[2026-01-31T02:16:13.785+0000] {logging_mixin.py:188} INFO - [2026-01-31T02:16:13.785+0000] {dag.py:3096} INFO - Sync 1 DAGs
[2026-01-31T02:16:13.796+0000] {logging_mixin.py:188} INFO - [2026-01-31T02:16:13.796+0000] {dag.py:3954} INFO - Setting next_dagrun for ml_training_pipeline to 2026-02-01 00:00:00+00:00, run_after=2026-02-08 00:00:00+00:00
[2026-01-31T02:16:13.808+0000] {processor.py:183} INFO - Processing /opt/airflow/dags/train.py took 2.501 seconds
[2026-01-31T02:16:44.340+0000] {processor.py:161} INFO - Started process (PID=14345) to work on /opt/airflow/dags/train.py
[2026-01-31T02:16:44.342+0000] {processor.py:830} INFO - Processing file /opt/airflow/dags/train.py for tasks to queue
[2026-01-31T02:16:44.348+0000] {logging_mixin.py:188} INFO - [2026-01-31T02:16:44.348+0000] {dagbag.py:545} INFO - Filling up the DagBag from /opt/airflow/dags/train.py
[2026-01-31T02:16:46.484+0000] {logging_mixin.py:188} INFO - [2026-01-31T02:16:46.484+0000] {__init__.py:537} WARNING - mkdir -p failed for path /home/airflow/.cache/matplotlib: [Errno 13] Permission denied: '/home/airflow/.cache/matplotlib'
[2026-01-31T02:16:46.484+0000] {logging_mixin.py:188} INFO - [2026-01-31T02:16:46.484+0000] {__init__.py:554} WARNING - Matplotlib created a temporary cache directory at /tmp/matplotlib-3sjz96v7 because there was an issue with the default path (/home/airflow/.cache/matplotlib); it is highly recommended to set the MPLCONFIGDIR environment variable to a writable directory, in particular to speed up the import of Matplotlib and to better support multiprocessing.
[2026-01-31T02:16:46.560+0000] {logging_mixin.py:188} INFO - [2026-01-31T02:16:46.560+0000] {font_manager.py:1639} INFO - generated new fontManager
[2026-01-31T02:16:46.691+0000] {logging_mixin.py:188} INFO - IP resolvido para MLflow: http://192.168.65.254:5000/
[2026-01-31T02:16:46.693+0000] {logging_mixin.py:188} WARNING - /opt/airflow/dags/train.py:37 RemovedInAirflow3Warning: Function `days_ago` is deprecated and will be removed in Airflow 3.0. You can achieve equivalent behavior with `pendulum.today('UTC').add(days=-N, ...)`
[2026-01-31T02:16:46.694+0000] {logging_mixin.py:188} WARNING - /opt/airflow/dags/train.py:32 RemovedInAirflow3Warning: Param `schedule_interval` is deprecated and will be removed in a future release. Please use `schedule` instead.
[2026-01-31T02:16:46.697+0000] {processor.py:840} INFO - DAG(s) 'ml_training_pipeline' retrieved from /opt/airflow/dags/train.py
[2026-01-31T02:16:46.712+0000] {logging_mixin.py:188} INFO - [2026-01-31T02:16:46.711+0000] {dag.py:3096} INFO - Sync 1 DAGs
[2026-01-31T02:16:46.723+0000] {logging_mixin.py:188} INFO - [2026-01-31T02:16:46.723+0000] {dag.py:3954} INFO - Setting next_dagrun for ml_training_pipeline to 2026-02-01 00:00:00+00:00, run_after=2026-02-08 00:00:00+00:00
[2026-01-31T02:16:46.735+0000] {processor.py:183} INFO - Processing /opt/airflow/dags/train.py took 2.401 seconds
[2026-01-31T02:17:17.416+0000] {processor.py:161} INFO - Started process (PID=14392) to work on /opt/airflow/dags/train.py
[2026-01-31T02:17:17.417+0000] {processor.py:830} INFO - Processing file /opt/airflow/dags/train.py for tasks to queue
[2026-01-31T02:17:17.419+0000] {logging_mixin.py:188} INFO - [2026-01-31T02:17:17.418+0000] {dagbag.py:545} INFO - Filling up the DagBag from /opt/airflow/dags/train.py
[2026-01-31T02:17:19.737+0000] {logging_mixin.py:188} INFO - [2026-01-31T02:17:19.737+0000] {__init__.py:537} WARNING - mkdir -p failed for path /home/airflow/.cache/matplotlib: [Errno 13] Permission denied: '/home/airflow/.cache/matplotlib'
[2026-01-31T02:17:19.738+0000] {logging_mixin.py:188} INFO - [2026-01-31T02:17:19.738+0000] {__init__.py:554} WARNING - Matplotlib created a temporary cache directory at /tmp/matplotlib-ix36ua3y because there was an issue with the default path (/home/airflow/.cache/matplotlib); it is highly recommended to set the MPLCONFIGDIR environment variable to a writable directory, in particular to speed up the import of Matplotlib and to better support multiprocessing.
[2026-01-31T02:17:19.829+0000] {logging_mixin.py:188} INFO - [2026-01-31T02:17:19.829+0000] {font_manager.py:1639} INFO - generated new fontManager
[2026-01-31T02:17:19.969+0000] {logging_mixin.py:188} INFO - IP resolvido para MLflow: http://192.168.65.254:5000/
[2026-01-31T02:17:19.971+0000] {logging_mixin.py:188} WARNING - /opt/airflow/dags/train.py:37 RemovedInAirflow3Warning: Function `days_ago` is deprecated and will be removed in Airflow 3.0. You can achieve equivalent behavior with `pendulum.today('UTC').add(days=-N, ...)`
[2026-01-31T02:17:19.972+0000] {logging_mixin.py:188} WARNING - /opt/airflow/dags/train.py:32 RemovedInAirflow3Warning: Param `schedule_interval` is deprecated and will be removed in a future release. Please use `schedule` instead.
[2026-01-31T02:17:19.976+0000] {processor.py:840} INFO - DAG(s) 'ml_training_pipeline' retrieved from /opt/airflow/dags/train.py
[2026-01-31T02:17:19.992+0000] {logging_mixin.py:188} INFO - [2026-01-31T02:17:19.991+0000] {dag.py:3096} INFO - Sync 1 DAGs
[2026-01-31T02:17:20.005+0000] {logging_mixin.py:188} INFO - [2026-01-31T02:17:20.005+0000] {dag.py:3954} INFO - Setting next_dagrun for ml_training_pipeline to 2026-02-01 00:00:00+00:00, run_after=2026-02-08 00:00:00+00:00
[2026-01-31T02:17:20.019+0000] {processor.py:183} INFO - Processing /opt/airflow/dags/train.py took 2.607 seconds
[2026-01-31T02:17:50.997+0000] {processor.py:161} INFO - Started process (PID=14439) to work on /opt/airflow/dags/train.py
[2026-01-31T02:17:51.000+0000] {processor.py:830} INFO - Processing file /opt/airflow/dags/train.py for tasks to queue
[2026-01-31T02:17:51.002+0000] {logging_mixin.py:188} INFO - [2026-01-31T02:17:51.001+0000] {dagbag.py:545} INFO - Filling up the DagBag from /opt/airflow/dags/train.py
[2026-01-31T02:17:53.538+0000] {logging_mixin.py:188} INFO - [2026-01-31T02:17:53.538+0000] {__init__.py:537} WARNING - mkdir -p failed for path /home/airflow/.cache/matplotlib: [Errno 13] Permission denied: '/home/airflow/.cache/matplotlib'
[2026-01-31T02:17:53.539+0000] {logging_mixin.py:188} INFO - [2026-01-31T02:17:53.539+0000] {__init__.py:554} WARNING - Matplotlib created a temporary cache directory at /tmp/matplotlib-j7b2tedn because there was an issue with the default path (/home/airflow/.cache/matplotlib); it is highly recommended to set the MPLCONFIGDIR environment variable to a writable directory, in particular to speed up the import of Matplotlib and to better support multiprocessing.
[2026-01-31T02:17:53.630+0000] {logging_mixin.py:188} INFO - [2026-01-31T02:17:53.630+0000] {font_manager.py:1639} INFO - generated new fontManager
[2026-01-31T02:17:53.778+0000] {logging_mixin.py:188} INFO - IP resolvido para MLflow: http://192.168.65.254:5000/
[2026-01-31T02:17:53.781+0000] {logging_mixin.py:188} WARNING - /opt/airflow/dags/train.py:37 RemovedInAirflow3Warning: Function `days_ago` is deprecated and will be removed in Airflow 3.0. You can achieve equivalent behavior with `pendulum.today('UTC').add(days=-N, ...)`
[2026-01-31T02:17:53.782+0000] {logging_mixin.py:188} WARNING - /opt/airflow/dags/train.py:32 RemovedInAirflow3Warning: Param `schedule_interval` is deprecated and will be removed in a future release. Please use `schedule` instead.
[2026-01-31T02:17:53.786+0000] {processor.py:840} INFO - DAG(s) 'ml_training_pipeline' retrieved from /opt/airflow/dags/train.py
[2026-01-31T02:17:53.802+0000] {logging_mixin.py:188} INFO - [2026-01-31T02:17:53.802+0000] {dag.py:3096} INFO - Sync 1 DAGs
[2026-01-31T02:17:53.816+0000] {logging_mixin.py:188} INFO - [2026-01-31T02:17:53.816+0000] {dag.py:3954} INFO - Setting next_dagrun for ml_training_pipeline to 2026-02-01 00:00:00+00:00, run_after=2026-02-08 00:00:00+00:00
[2026-01-31T02:17:53.831+0000] {processor.py:183} INFO - Processing /opt/airflow/dags/train.py took 2.838 seconds
[2026-01-31T02:18:24.113+0000] {processor.py:161} INFO - Started process (PID=14486) to work on /opt/airflow/dags/train.py
[2026-01-31T02:18:24.114+0000] {processor.py:830} INFO - Processing file /opt/airflow/dags/train.py for tasks to queue
[2026-01-31T02:18:24.115+0000] {logging_mixin.py:188} INFO - [2026-01-31T02:18:24.115+0000] {dagbag.py:545} INFO - Filling up the DagBag from /opt/airflow/dags/train.py
[2026-01-31T02:18:26.648+0000] {logging_mixin.py:188} INFO - [2026-01-31T02:18:26.647+0000] {__init__.py:537} WARNING - mkdir -p failed for path /home/airflow/.cache/matplotlib: [Errno 13] Permission denied: '/home/airflow/.cache/matplotlib'
[2026-01-31T02:18:26.648+0000] {logging_mixin.py:188} INFO - [2026-01-31T02:18:26.648+0000] {__init__.py:554} WARNING - Matplotlib created a temporary cache directory at /tmp/matplotlib-c43vrb9v because there was an issue with the default path (/home/airflow/.cache/matplotlib); it is highly recommended to set the MPLCONFIGDIR environment variable to a writable directory, in particular to speed up the import of Matplotlib and to better support multiprocessing.
[2026-01-31T02:18:26.745+0000] {logging_mixin.py:188} INFO - [2026-01-31T02:18:26.745+0000] {font_manager.py:1639} INFO - generated new fontManager
[2026-01-31T02:18:26.894+0000] {logging_mixin.py:188} INFO - IP resolvido para MLflow: http://192.168.65.254:5000/
[2026-01-31T02:18:26.896+0000] {logging_mixin.py:188} WARNING - /opt/airflow/dags/train.py:37 RemovedInAirflow3Warning: Function `days_ago` is deprecated and will be removed in Airflow 3.0. You can achieve equivalent behavior with `pendulum.today('UTC').add(days=-N, ...)`
[2026-01-31T02:18:26.897+0000] {logging_mixin.py:188} WARNING - /opt/airflow/dags/train.py:32 RemovedInAirflow3Warning: Param `schedule_interval` is deprecated and will be removed in a future release. Please use `schedule` instead.
[2026-01-31T02:18:26.900+0000] {processor.py:840} INFO - DAG(s) 'ml_training_pipeline' retrieved from /opt/airflow/dags/train.py
[2026-01-31T02:18:26.918+0000] {logging_mixin.py:188} INFO - [2026-01-31T02:18:26.917+0000] {dag.py:3096} INFO - Sync 1 DAGs
[2026-01-31T02:18:26.934+0000] {logging_mixin.py:188} INFO - [2026-01-31T02:18:26.933+0000] {dag.py:3954} INFO - Setting next_dagrun for ml_training_pipeline to 2026-02-01 00:00:00+00:00, run_after=2026-02-08 00:00:00+00:00
[2026-01-31T02:18:26.948+0000] {processor.py:183} INFO - Processing /opt/airflow/dags/train.py took 2.840 seconds
[2026-01-31T02:18:57.199+0000] {processor.py:161} INFO - Started process (PID=14533) to work on /opt/airflow/dags/train.py
[2026-01-31T02:18:57.201+0000] {processor.py:830} INFO - Processing file /opt/airflow/dags/train.py for tasks to queue
[2026-01-31T02:18:57.202+0000] {logging_mixin.py:188} INFO - [2026-01-31T02:18:57.202+0000] {dagbag.py:545} INFO - Filling up the DagBag from /opt/airflow/dags/train.py
[2026-01-31T02:18:59.982+0000] {logging_mixin.py:188} INFO - [2026-01-31T02:18:59.981+0000] {__init__.py:537} WARNING - mkdir -p failed for path /home/airflow/.cache/matplotlib: [Errno 13] Permission denied: '/home/airflow/.cache/matplotlib'
[2026-01-31T02:18:59.982+0000] {logging_mixin.py:188} INFO - [2026-01-31T02:18:59.982+0000] {__init__.py:554} WARNING - Matplotlib created a temporary cache directory at /tmp/matplotlib-ebejtj4_ because there was an issue with the default path (/home/airflow/.cache/matplotlib); it is highly recommended to set the MPLCONFIGDIR environment variable to a writable directory, in particular to speed up the import of Matplotlib and to better support multiprocessing.
[2026-01-31T02:19:00.092+0000] {logging_mixin.py:188} INFO - [2026-01-31T02:19:00.092+0000] {font_manager.py:1639} INFO - generated new fontManager
[2026-01-31T02:19:00.254+0000] {logging_mixin.py:188} INFO - IP resolvido para MLflow: http://192.168.65.254:5000/
[2026-01-31T02:19:00.256+0000] {logging_mixin.py:188} WARNING - /opt/airflow/dags/train.py:37 RemovedInAirflow3Warning: Function `days_ago` is deprecated and will be removed in Airflow 3.0. You can achieve equivalent behavior with `pendulum.today('UTC').add(days=-N, ...)`
[2026-01-31T02:19:00.257+0000] {logging_mixin.py:188} WARNING - /opt/airflow/dags/train.py:32 RemovedInAirflow3Warning: Param `schedule_interval` is deprecated and will be removed in a future release. Please use `schedule` instead.
[2026-01-31T02:19:00.261+0000] {processor.py:840} INFO - DAG(s) 'ml_training_pipeline' retrieved from /opt/airflow/dags/train.py
[2026-01-31T02:19:00.280+0000] {logging_mixin.py:188} INFO - [2026-01-31T02:19:00.280+0000] {dag.py:3096} INFO - Sync 1 DAGs
[2026-01-31T02:19:00.294+0000] {logging_mixin.py:188} INFO - [2026-01-31T02:19:00.294+0000] {dag.py:3954} INFO - Setting next_dagrun for ml_training_pipeline to 2026-02-01 00:00:00+00:00, run_after=2026-02-08 00:00:00+00:00
[2026-01-31T02:19:00.310+0000] {processor.py:183} INFO - Processing /opt/airflow/dags/train.py took 3.116 seconds
[2026-01-31T02:19:30.343+0000] {processor.py:161} INFO - Started process (PID=14580) to work on /opt/airflow/dags/train.py
[2026-01-31T02:19:30.344+0000] {processor.py:830} INFO - Processing file /opt/airflow/dags/train.py for tasks to queue
[2026-01-31T02:19:30.345+0000] {logging_mixin.py:188} INFO - [2026-01-31T02:19:30.345+0000] {dagbag.py:545} INFO - Filling up the DagBag from /opt/airflow/dags/train.py
[2026-01-31T02:19:35.164+0000] {logging_mixin.py:188} INFO - [2026-01-31T02:19:35.163+0000] {__init__.py:537} WARNING - mkdir -p failed for path /home/airflow/.cache/matplotlib: [Errno 13] Permission denied: '/home/airflow/.cache/matplotlib'
[2026-01-31T02:19:35.165+0000] {logging_mixin.py:188} INFO - [2026-01-31T02:19:35.165+0000] {__init__.py:554} WARNING - Matplotlib created a temporary cache directory at /tmp/matplotlib-33e912xl because there was an issue with the default path (/home/airflow/.cache/matplotlib); it is highly recommended to set the MPLCONFIGDIR environment variable to a writable directory, in particular to speed up the import of Matplotlib and to better support multiprocessing.
[2026-01-31T02:19:35.304+0000] {logging_mixin.py:188} INFO - [2026-01-31T02:19:35.304+0000] {font_manager.py:1639} INFO - generated new fontManager
[2026-01-31T02:19:35.500+0000] {logging_mixin.py:188} INFO - IP resolvido para MLflow: http://192.168.65.254:5000/
[2026-01-31T02:19:35.505+0000] {logging_mixin.py:188} WARNING - /opt/airflow/dags/train.py:37 RemovedInAirflow3Warning: Function `days_ago` is deprecated and will be removed in Airflow 3.0. You can achieve equivalent behavior with `pendulum.today('UTC').add(days=-N, ...)`
[2026-01-31T02:19:35.507+0000] {logging_mixin.py:188} WARNING - /opt/airflow/dags/train.py:32 RemovedInAirflow3Warning: Param `schedule_interval` is deprecated and will be removed in a future release. Please use `schedule` instead.
[2026-01-31T02:19:35.514+0000] {processor.py:840} INFO - DAG(s) 'ml_training_pipeline' retrieved from /opt/airflow/dags/train.py
[2026-01-31T02:19:35.537+0000] {logging_mixin.py:188} INFO - [2026-01-31T02:19:35.537+0000] {dag.py:3096} INFO - Sync 1 DAGs
[2026-01-31T02:19:35.553+0000] {logging_mixin.py:188} INFO - [2026-01-31T02:19:35.553+0000] {dag.py:3954} INFO - Setting next_dagrun for ml_training_pipeline to 2026-02-01 00:00:00+00:00, run_after=2026-02-08 00:00:00+00:00
[2026-01-31T02:19:35.574+0000] {processor.py:183} INFO - Processing /opt/airflow/dags/train.py took 5.236 seconds
[2026-01-31T02:20:05.745+0000] {processor.py:161} INFO - Started process (PID=14627) to work on /opt/airflow/dags/train.py
[2026-01-31T02:20:05.748+0000] {processor.py:830} INFO - Processing file /opt/airflow/dags/train.py for tasks to queue
[2026-01-31T02:20:05.750+0000] {logging_mixin.py:188} INFO - [2026-01-31T02:20:05.749+0000] {dagbag.py:545} INFO - Filling up the DagBag from /opt/airflow/dags/train.py
[2026-01-31T02:20:08.307+0000] {logging_mixin.py:188} INFO - [2026-01-31T02:20:08.307+0000] {__init__.py:537} WARNING - mkdir -p failed for path /home/airflow/.cache/matplotlib: [Errno 13] Permission denied: '/home/airflow/.cache/matplotlib'
[2026-01-31T02:20:08.308+0000] {logging_mixin.py:188} INFO - [2026-01-31T02:20:08.308+0000] {__init__.py:554} WARNING - Matplotlib created a temporary cache directory at /tmp/matplotlib-t2dp9xic because there was an issue with the default path (/home/airflow/.cache/matplotlib); it is highly recommended to set the MPLCONFIGDIR environment variable to a writable directory, in particular to speed up the import of Matplotlib and to better support multiprocessing.
[2026-01-31T02:20:08.401+0000] {logging_mixin.py:188} INFO - [2026-01-31T02:20:08.400+0000] {font_manager.py:1639} INFO - generated new fontManager
[2026-01-31T02:20:08.553+0000] {logging_mixin.py:188} INFO - IP resolvido para MLflow: http://192.168.65.254:5000/
[2026-01-31T02:20:08.555+0000] {logging_mixin.py:188} WARNING - /opt/airflow/dags/train.py:37 RemovedInAirflow3Warning: Function `days_ago` is deprecated and will be removed in Airflow 3.0. You can achieve equivalent behavior with `pendulum.today('UTC').add(days=-N, ...)`
[2026-01-31T02:20:08.556+0000] {logging_mixin.py:188} WARNING - /opt/airflow/dags/train.py:32 RemovedInAirflow3Warning: Param `schedule_interval` is deprecated and will be removed in a future release. Please use `schedule` instead.
[2026-01-31T02:20:08.560+0000] {processor.py:840} INFO - DAG(s) 'ml_training_pipeline' retrieved from /opt/airflow/dags/train.py
[2026-01-31T02:20:08.577+0000] {logging_mixin.py:188} INFO - [2026-01-31T02:20:08.576+0000] {dag.py:3096} INFO - Sync 1 DAGs
[2026-01-31T02:20:08.590+0000] {logging_mixin.py:188} INFO - [2026-01-31T02:20:08.590+0000] {dag.py:3954} INFO - Setting next_dagrun for ml_training_pipeline to 2026-02-01 00:00:00+00:00, run_after=2026-02-08 00:00:00+00:00
[2026-01-31T02:20:08.606+0000] {processor.py:183} INFO - Processing /opt/airflow/dags/train.py took 2.865 seconds
[2026-01-31T02:20:39.206+0000] {processor.py:161} INFO - Started process (PID=14674) to work on /opt/airflow/dags/train.py
[2026-01-31T02:20:39.206+0000] {processor.py:830} INFO - Processing file /opt/airflow/dags/train.py for tasks to queue
[2026-01-31T02:20:39.207+0000] {logging_mixin.py:188} INFO - [2026-01-31T02:20:39.207+0000] {dagbag.py:545} INFO - Filling up the DagBag from /opt/airflow/dags/train.py
[2026-01-31T02:20:41.988+0000] {logging_mixin.py:188} INFO - [2026-01-31T02:20:41.988+0000] {__init__.py:537} WARNING - mkdir -p failed for path /home/airflow/.cache/matplotlib: [Errno 13] Permission denied: '/home/airflow/.cache/matplotlib'
[2026-01-31T02:20:41.989+0000] {logging_mixin.py:188} INFO - [2026-01-31T02:20:41.989+0000] {__init__.py:554} WARNING - Matplotlib created a temporary cache directory at /tmp/matplotlib-8m3slcmq because there was an issue with the default path (/home/airflow/.cache/matplotlib); it is highly recommended to set the MPLCONFIGDIR environment variable to a writable directory, in particular to speed up the import of Matplotlib and to better support multiprocessing.
[2026-01-31T02:20:42.124+0000] {logging_mixin.py:188} INFO - [2026-01-31T02:20:42.124+0000] {font_manager.py:1639} INFO - generated new fontManager
[2026-01-31T02:20:42.348+0000] {logging_mixin.py:188} INFO - IP resolvido para MLflow: http://192.168.65.254:5000/
[2026-01-31T02:20:42.351+0000] {logging_mixin.py:188} WARNING - /opt/airflow/dags/train.py:37 RemovedInAirflow3Warning: Function `days_ago` is deprecated and will be removed in Airflow 3.0. You can achieve equivalent behavior with `pendulum.today('UTC').add(days=-N, ...)`
[2026-01-31T02:20:42.352+0000] {logging_mixin.py:188} WARNING - /opt/airflow/dags/train.py:32 RemovedInAirflow3Warning: Param `schedule_interval` is deprecated and will be removed in a future release. Please use `schedule` instead.
[2026-01-31T02:20:42.356+0000] {processor.py:840} INFO - DAG(s) 'ml_training_pipeline' retrieved from /opt/airflow/dags/train.py
[2026-01-31T02:20:42.376+0000] {logging_mixin.py:188} INFO - [2026-01-31T02:20:42.374+0000] {dag.py:3096} INFO - Sync 1 DAGs
[2026-01-31T02:20:42.392+0000] {logging_mixin.py:188} INFO - [2026-01-31T02:20:42.391+0000] {dag.py:3954} INFO - Setting next_dagrun for ml_training_pipeline to 2026-02-01 00:00:00+00:00, run_after=2026-02-08 00:00:00+00:00
[2026-01-31T02:20:42.408+0000] {processor.py:183} INFO - Processing /opt/airflow/dags/train.py took 3.206 seconds
[2026-01-31T02:21:13.343+0000] {processor.py:161} INFO - Started process (PID=14721) to work on /opt/airflow/dags/train.py
[2026-01-31T02:21:13.344+0000] {processor.py:830} INFO - Processing file /opt/airflow/dags/train.py for tasks to queue
[2026-01-31T02:21:13.346+0000] {logging_mixin.py:188} INFO - [2026-01-31T02:21:13.346+0000] {dagbag.py:545} INFO - Filling up the DagBag from /opt/airflow/dags/train.py
[2026-01-31T02:21:15.446+0000] {logging_mixin.py:188} INFO - [2026-01-31T02:21:15.446+0000] {__init__.py:537} WARNING - mkdir -p failed for path /home/airflow/.cache/matplotlib: [Errno 13] Permission denied: '/home/airflow/.cache/matplotlib'
[2026-01-31T02:21:15.447+0000] {logging_mixin.py:188} INFO - [2026-01-31T02:21:15.447+0000] {__init__.py:554} WARNING - Matplotlib created a temporary cache directory at /tmp/matplotlib-h110gd73 because there was an issue with the default path (/home/airflow/.cache/matplotlib); it is highly recommended to set the MPLCONFIGDIR environment variable to a writable directory, in particular to speed up the import of Matplotlib and to better support multiprocessing.
[2026-01-31T02:21:15.533+0000] {logging_mixin.py:188} INFO - [2026-01-31T02:21:15.533+0000] {font_manager.py:1639} INFO - generated new fontManager
[2026-01-31T02:21:15.662+0000] {logging_mixin.py:188} INFO - IP resolvido para MLflow: http://192.168.65.254:5000/
[2026-01-31T02:21:15.664+0000] {logging_mixin.py:188} WARNING - /opt/airflow/dags/train.py:37 RemovedInAirflow3Warning: Function `days_ago` is deprecated and will be removed in Airflow 3.0. You can achieve equivalent behavior with `pendulum.today('UTC').add(days=-N, ...)`
[2026-01-31T02:21:15.665+0000] {logging_mixin.py:188} WARNING - /opt/airflow/dags/train.py:32 RemovedInAirflow3Warning: Param `schedule_interval` is deprecated and will be removed in a future release. Please use `schedule` instead.
[2026-01-31T02:21:15.669+0000] {processor.py:840} INFO - DAG(s) 'ml_training_pipeline' retrieved from /opt/airflow/dags/train.py
[2026-01-31T02:21:15.685+0000] {logging_mixin.py:188} INFO - [2026-01-31T02:21:15.684+0000] {dag.py:3096} INFO - Sync 1 DAGs
[2026-01-31T02:21:15.696+0000] {logging_mixin.py:188} INFO - [2026-01-31T02:21:15.696+0000] {dag.py:3954} INFO - Setting next_dagrun for ml_training_pipeline to 2026-02-01 00:00:00+00:00, run_after=2026-02-08 00:00:00+00:00
[2026-01-31T02:21:15.708+0000] {processor.py:183} INFO - Processing /opt/airflow/dags/train.py took 2.369 seconds
[2026-01-31T02:21:46.585+0000] {processor.py:161} INFO - Started process (PID=14768) to work on /opt/airflow/dags/train.py
[2026-01-31T02:21:46.585+0000] {processor.py:830} INFO - Processing file /opt/airflow/dags/train.py for tasks to queue
[2026-01-31T02:21:46.587+0000] {logging_mixin.py:188} INFO - [2026-01-31T02:21:46.586+0000] {dagbag.py:545} INFO - Filling up the DagBag from /opt/airflow/dags/train.py
[2026-01-31T02:21:48.641+0000] {logging_mixin.py:188} INFO - [2026-01-31T02:21:48.641+0000] {__init__.py:537} WARNING - mkdir -p failed for path /home/airflow/.cache/matplotlib: [Errno 13] Permission denied: '/home/airflow/.cache/matplotlib'
[2026-01-31T02:21:48.642+0000] {logging_mixin.py:188} INFO - [2026-01-31T02:21:48.642+0000] {__init__.py:554} WARNING - Matplotlib created a temporary cache directory at /tmp/matplotlib-i_y5qqb9 because there was an issue with the default path (/home/airflow/.cache/matplotlib); it is highly recommended to set the MPLCONFIGDIR environment variable to a writable directory, in particular to speed up the import of Matplotlib and to better support multiprocessing.
[2026-01-31T02:21:48.723+0000] {logging_mixin.py:188} INFO - [2026-01-31T02:21:48.723+0000] {font_manager.py:1639} INFO - generated new fontManager
[2026-01-31T02:21:48.851+0000] {logging_mixin.py:188} INFO - IP resolvido para MLflow: http://192.168.65.254:5000/
[2026-01-31T02:21:48.853+0000] {logging_mixin.py:188} WARNING - /opt/airflow/dags/train.py:37 RemovedInAirflow3Warning: Function `days_ago` is deprecated and will be removed in Airflow 3.0. You can achieve equivalent behavior with `pendulum.today('UTC').add(days=-N, ...)`
[2026-01-31T02:21:48.854+0000] {logging_mixin.py:188} WARNING - /opt/airflow/dags/train.py:32 RemovedInAirflow3Warning: Param `schedule_interval` is deprecated and will be removed in a future release. Please use `schedule` instead.
[2026-01-31T02:21:48.857+0000] {processor.py:840} INFO - DAG(s) 'ml_training_pipeline' retrieved from /opt/airflow/dags/train.py
[2026-01-31T02:21:48.872+0000] {logging_mixin.py:188} INFO - [2026-01-31T02:21:48.872+0000] {dag.py:3096} INFO - Sync 1 DAGs
[2026-01-31T02:21:48.883+0000] {logging_mixin.py:188} INFO - [2026-01-31T02:21:48.882+0000] {dag.py:3954} INFO - Setting next_dagrun for ml_training_pipeline to 2026-02-01 00:00:00+00:00, run_after=2026-02-08 00:00:00+00:00
[2026-01-31T02:21:48.892+0000] {processor.py:183} INFO - Processing /opt/airflow/dags/train.py took 2.312 seconds
[2026-01-31T02:22:19.705+0000] {processor.py:161} INFO - Started process (PID=14815) to work on /opt/airflow/dags/train.py
[2026-01-31T02:22:19.707+0000] {processor.py:830} INFO - Processing file /opt/airflow/dags/train.py for tasks to queue
[2026-01-31T02:22:19.708+0000] {logging_mixin.py:188} INFO - [2026-01-31T02:22:19.708+0000] {dagbag.py:545} INFO - Filling up the DagBag from /opt/airflow/dags/train.py
[2026-01-31T02:22:21.832+0000] {logging_mixin.py:188} INFO - [2026-01-31T02:22:21.832+0000] {__init__.py:537} WARNING - mkdir -p failed for path /home/airflow/.cache/matplotlib: [Errno 13] Permission denied: '/home/airflow/.cache/matplotlib'
[2026-01-31T02:22:21.833+0000] {logging_mixin.py:188} INFO - [2026-01-31T02:22:21.833+0000] {__init__.py:554} WARNING - Matplotlib created a temporary cache directory at /tmp/matplotlib-nmy8_w04 because there was an issue with the default path (/home/airflow/.cache/matplotlib); it is highly recommended to set the MPLCONFIGDIR environment variable to a writable directory, in particular to speed up the import of Matplotlib and to better support multiprocessing.
[2026-01-31T02:22:21.923+0000] {logging_mixin.py:188} INFO - [2026-01-31T02:22:21.923+0000] {font_manager.py:1639} INFO - generated new fontManager
[2026-01-31T02:22:22.071+0000] {logging_mixin.py:188} INFO - IP resolvido para MLflow: http://192.168.65.254:5000/
[2026-01-31T02:22:22.073+0000] {logging_mixin.py:188} WARNING - /opt/airflow/dags/train.py:37 RemovedInAirflow3Warning: Function `days_ago` is deprecated and will be removed in Airflow 3.0. You can achieve equivalent behavior with `pendulum.today('UTC').add(days=-N, ...)`
[2026-01-31T02:22:22.074+0000] {logging_mixin.py:188} WARNING - /opt/airflow/dags/train.py:32 RemovedInAirflow3Warning: Param `schedule_interval` is deprecated and will be removed in a future release. Please use `schedule` instead.
[2026-01-31T02:22:22.077+0000] {processor.py:840} INFO - DAG(s) 'ml_training_pipeline' retrieved from /opt/airflow/dags/train.py
[2026-01-31T02:22:22.096+0000] {logging_mixin.py:188} INFO - [2026-01-31T02:22:22.096+0000] {dag.py:3096} INFO - Sync 1 DAGs
[2026-01-31T02:22:22.110+0000] {logging_mixin.py:188} INFO - [2026-01-31T02:22:22.110+0000] {dag.py:3954} INFO - Setting next_dagrun for ml_training_pipeline to 2026-02-01 00:00:00+00:00, run_after=2026-02-08 00:00:00+00:00
[2026-01-31T02:22:22.126+0000] {processor.py:183} INFO - Processing /opt/airflow/dags/train.py took 2.425 seconds
[2026-01-31T02:22:52.845+0000] {processor.py:161} INFO - Started process (PID=14862) to work on /opt/airflow/dags/train.py
[2026-01-31T02:22:52.846+0000] {processor.py:830} INFO - Processing file /opt/airflow/dags/train.py for tasks to queue
[2026-01-31T02:22:52.847+0000] {logging_mixin.py:188} INFO - [2026-01-31T02:22:52.847+0000] {dagbag.py:545} INFO - Filling up the DagBag from /opt/airflow/dags/train.py
[2026-01-31T02:22:54.973+0000] {logging_mixin.py:188} INFO - [2026-01-31T02:22:54.973+0000] {__init__.py:537} WARNING - mkdir -p failed for path /home/airflow/.cache/matplotlib: [Errno 13] Permission denied: '/home/airflow/.cache/matplotlib'
[2026-01-31T02:22:54.973+0000] {logging_mixin.py:188} INFO - [2026-01-31T02:22:54.973+0000] {__init__.py:554} WARNING - Matplotlib created a temporary cache directory at /tmp/matplotlib-egiyc81z because there was an issue with the default path (/home/airflow/.cache/matplotlib); it is highly recommended to set the MPLCONFIGDIR environment variable to a writable directory, in particular to speed up the import of Matplotlib and to better support multiprocessing.
[2026-01-31T02:22:55.055+0000] {logging_mixin.py:188} INFO - [2026-01-31T02:22:55.055+0000] {font_manager.py:1639} INFO - generated new fontManager
[2026-01-31T02:22:55.186+0000] {logging_mixin.py:188} INFO - IP resolvido para MLflow: http://192.168.65.254:5000/
[2026-01-31T02:22:55.188+0000] {logging_mixin.py:188} WARNING - /opt/airflow/dags/train.py:37 RemovedInAirflow3Warning: Function `days_ago` is deprecated and will be removed in Airflow 3.0. You can achieve equivalent behavior with `pendulum.today('UTC').add(days=-N, ...)`
[2026-01-31T02:22:55.189+0000] {logging_mixin.py:188} WARNING - /opt/airflow/dags/train.py:32 RemovedInAirflow3Warning: Param `schedule_interval` is deprecated and will be removed in a future release. Please use `schedule` instead.
[2026-01-31T02:22:55.193+0000] {processor.py:840} INFO - DAG(s) 'ml_training_pipeline' retrieved from /opt/airflow/dags/train.py
[2026-01-31T02:22:55.208+0000] {logging_mixin.py:188} INFO - [2026-01-31T02:22:55.208+0000] {dag.py:3096} INFO - Sync 1 DAGs
[2026-01-31T02:22:55.222+0000] {logging_mixin.py:188} INFO - [2026-01-31T02:22:55.222+0000] {dag.py:3954} INFO - Setting next_dagrun for ml_training_pipeline to 2026-02-01 00:00:00+00:00, run_after=2026-02-08 00:00:00+00:00
[2026-01-31T02:22:55.237+0000] {processor.py:183} INFO - Processing /opt/airflow/dags/train.py took 2.395 seconds
[2026-01-31T02:23:25.864+0000] {processor.py:161} INFO - Started process (PID=14909) to work on /opt/airflow/dags/train.py
[2026-01-31T02:23:25.867+0000] {processor.py:830} INFO - Processing file /opt/airflow/dags/train.py for tasks to queue
[2026-01-31T02:23:25.869+0000] {logging_mixin.py:188} INFO - [2026-01-31T02:23:25.868+0000] {dagbag.py:545} INFO - Filling up the DagBag from /opt/airflow/dags/train.py
[2026-01-31T02:23:27.919+0000] {logging_mixin.py:188} INFO - [2026-01-31T02:23:27.919+0000] {__init__.py:537} WARNING - mkdir -p failed for path /home/airflow/.cache/matplotlib: [Errno 13] Permission denied: '/home/airflow/.cache/matplotlib'
[2026-01-31T02:23:27.920+0000] {logging_mixin.py:188} INFO - [2026-01-31T02:23:27.920+0000] {__init__.py:554} WARNING - Matplotlib created a temporary cache directory at /tmp/matplotlib-_cisi6m8 because there was an issue with the default path (/home/airflow/.cache/matplotlib); it is highly recommended to set the MPLCONFIGDIR environment variable to a writable directory, in particular to speed up the import of Matplotlib and to better support multiprocessing.
[2026-01-31T02:23:27.996+0000] {logging_mixin.py:188} INFO - [2026-01-31T02:23:27.996+0000] {font_manager.py:1639} INFO - generated new fontManager
[2026-01-31T02:23:28.118+0000] {logging_mixin.py:188} INFO - IP resolvido para MLflow: http://192.168.65.254:5000/
[2026-01-31T02:23:28.120+0000] {logging_mixin.py:188} WARNING - /opt/airflow/dags/train.py:37 RemovedInAirflow3Warning: Function `days_ago` is deprecated and will be removed in Airflow 3.0. You can achieve equivalent behavior with `pendulum.today('UTC').add(days=-N, ...)`
[2026-01-31T02:23:28.121+0000] {logging_mixin.py:188} WARNING - /opt/airflow/dags/train.py:32 RemovedInAirflow3Warning: Param `schedule_interval` is deprecated and will be removed in a future release. Please use `schedule` instead.
[2026-01-31T02:23:28.124+0000] {processor.py:840} INFO - DAG(s) 'ml_training_pipeline' retrieved from /opt/airflow/dags/train.py
[2026-01-31T02:23:28.139+0000] {logging_mixin.py:188} INFO - [2026-01-31T02:23:28.138+0000] {dag.py:3096} INFO - Sync 1 DAGs
[2026-01-31T02:23:28.149+0000] {logging_mixin.py:188} INFO - [2026-01-31T02:23:28.149+0000] {dag.py:3954} INFO - Setting next_dagrun for ml_training_pipeline to 2026-02-01 00:00:00+00:00, run_after=2026-02-08 00:00:00+00:00
[2026-01-31T02:23:28.160+0000] {processor.py:183} INFO - Processing /opt/airflow/dags/train.py took 2.300 seconds
[2026-01-31T02:23:58.795+0000] {processor.py:161} INFO - Started process (PID=14956) to work on /opt/airflow/dags/train.py
[2026-01-31T02:23:58.796+0000] {processor.py:830} INFO - Processing file /opt/airflow/dags/train.py for tasks to queue
[2026-01-31T02:23:58.797+0000] {logging_mixin.py:188} INFO - [2026-01-31T02:23:58.797+0000] {dagbag.py:545} INFO - Filling up the DagBag from /opt/airflow/dags/train.py
[2026-01-31T02:24:00.906+0000] {logging_mixin.py:188} INFO - [2026-01-31T02:24:00.905+0000] {__init__.py:537} WARNING - mkdir -p failed for path /home/airflow/.cache/matplotlib: [Errno 13] Permission denied: '/home/airflow/.cache/matplotlib'
[2026-01-31T02:24:00.906+0000] {logging_mixin.py:188} INFO - [2026-01-31T02:24:00.906+0000] {__init__.py:554} WARNING - Matplotlib created a temporary cache directory at /tmp/matplotlib-6mrbza9i because there was an issue with the default path (/home/airflow/.cache/matplotlib); it is highly recommended to set the MPLCONFIGDIR environment variable to a writable directory, in particular to speed up the import of Matplotlib and to better support multiprocessing.
[2026-01-31T02:24:00.984+0000] {logging_mixin.py:188} INFO - [2026-01-31T02:24:00.983+0000] {font_manager.py:1639} INFO - generated new fontManager
[2026-01-31T02:24:01.105+0000] {logging_mixin.py:188} INFO - IP resolvido para MLflow: http://192.168.65.254:5000/
[2026-01-31T02:24:01.108+0000] {logging_mixin.py:188} WARNING - /opt/airflow/dags/train.py:37 RemovedInAirflow3Warning: Function `days_ago` is deprecated and will be removed in Airflow 3.0. You can achieve equivalent behavior with `pendulum.today('UTC').add(days=-N, ...)`
[2026-01-31T02:24:01.108+0000] {logging_mixin.py:188} WARNING - /opt/airflow/dags/train.py:32 RemovedInAirflow3Warning: Param `schedule_interval` is deprecated and will be removed in a future release. Please use `schedule` instead.
[2026-01-31T02:24:01.112+0000] {processor.py:840} INFO - DAG(s) 'ml_training_pipeline' retrieved from /opt/airflow/dags/train.py
[2026-01-31T02:24:01.127+0000] {logging_mixin.py:188} INFO - [2026-01-31T02:24:01.127+0000] {dag.py:3096} INFO - Sync 1 DAGs
[2026-01-31T02:24:01.139+0000] {logging_mixin.py:188} INFO - [2026-01-31T02:24:01.138+0000] {dag.py:3954} INFO - Setting next_dagrun for ml_training_pipeline to 2026-02-01 00:00:00+00:00, run_after=2026-02-08 00:00:00+00:00
[2026-01-31T02:24:01.150+0000] {processor.py:183} INFO - Processing /opt/airflow/dags/train.py took 2.359 seconds
[2026-01-31T02:24:31.737+0000] {processor.py:161} INFO - Started process (PID=15003) to work on /opt/airflow/dags/train.py
[2026-01-31T02:24:31.739+0000] {processor.py:830} INFO - Processing file /opt/airflow/dags/train.py for tasks to queue
[2026-01-31T02:24:31.741+0000] {logging_mixin.py:188} INFO - [2026-01-31T02:24:31.741+0000] {dagbag.py:545} INFO - Filling up the DagBag from /opt/airflow/dags/train.py
[2026-01-31T02:24:33.938+0000] {logging_mixin.py:188} INFO - [2026-01-31T02:24:33.938+0000] {__init__.py:537} WARNING - mkdir -p failed for path /home/airflow/.cache/matplotlib: [Errno 13] Permission denied: '/home/airflow/.cache/matplotlib'
[2026-01-31T02:24:33.939+0000] {logging_mixin.py:188} INFO - [2026-01-31T02:24:33.939+0000] {__init__.py:554} WARNING - Matplotlib created a temporary cache directory at /tmp/matplotlib-76bptknw because there was an issue with the default path (/home/airflow/.cache/matplotlib); it is highly recommended to set the MPLCONFIGDIR environment variable to a writable directory, in particular to speed up the import of Matplotlib and to better support multiprocessing.
[2026-01-31T02:24:34.017+0000] {logging_mixin.py:188} INFO - [2026-01-31T02:24:34.017+0000] {font_manager.py:1639} INFO - generated new fontManager
[2026-01-31T02:24:34.148+0000] {logging_mixin.py:188} INFO - IP resolvido para MLflow: http://192.168.65.254:5000/
[2026-01-31T02:24:34.150+0000] {logging_mixin.py:188} WARNING - /opt/airflow/dags/train.py:37 RemovedInAirflow3Warning: Function `days_ago` is deprecated and will be removed in Airflow 3.0. You can achieve equivalent behavior with `pendulum.today('UTC').add(days=-N, ...)`
[2026-01-31T02:24:34.151+0000] {logging_mixin.py:188} WARNING - /opt/airflow/dags/train.py:32 RemovedInAirflow3Warning: Param `schedule_interval` is deprecated and will be removed in a future release. Please use `schedule` instead.
[2026-01-31T02:24:34.154+0000] {processor.py:840} INFO - DAG(s) 'ml_training_pipeline' retrieved from /opt/airflow/dags/train.py
[2026-01-31T02:24:34.168+0000] {logging_mixin.py:188} INFO - [2026-01-31T02:24:34.168+0000] {dag.py:3096} INFO - Sync 1 DAGs
[2026-01-31T02:24:34.180+0000] {logging_mixin.py:188} INFO - [2026-01-31T02:24:34.180+0000] {dag.py:3954} INFO - Setting next_dagrun for ml_training_pipeline to 2026-02-01 00:00:00+00:00, run_after=2026-02-08 00:00:00+00:00
[2026-01-31T02:24:34.191+0000] {processor.py:183} INFO - Processing /opt/airflow/dags/train.py took 2.459 seconds
[2026-01-31T02:25:04.513+0000] {processor.py:161} INFO - Started process (PID=15050) to work on /opt/airflow/dags/train.py
[2026-01-31T02:25:04.514+0000] {processor.py:830} INFO - Processing file /opt/airflow/dags/train.py for tasks to queue
[2026-01-31T02:25:04.515+0000] {logging_mixin.py:188} INFO - [2026-01-31T02:25:04.515+0000] {dagbag.py:545} INFO - Filling up the DagBag from /opt/airflow/dags/train.py
[2026-01-31T02:25:06.587+0000] {logging_mixin.py:188} INFO - [2026-01-31T02:25:06.587+0000] {__init__.py:537} WARNING - mkdir -p failed for path /home/airflow/.cache/matplotlib: [Errno 13] Permission denied: '/home/airflow/.cache/matplotlib'
[2026-01-31T02:25:06.588+0000] {logging_mixin.py:188} INFO - [2026-01-31T02:25:06.588+0000] {__init__.py:554} WARNING - Matplotlib created a temporary cache directory at /tmp/matplotlib-lybl4w61 because there was an issue with the default path (/home/airflow/.cache/matplotlib); it is highly recommended to set the MPLCONFIGDIR environment variable to a writable directory, in particular to speed up the import of Matplotlib and to better support multiprocessing.
[2026-01-31T02:25:06.665+0000] {logging_mixin.py:188} INFO - [2026-01-31T02:25:06.665+0000] {font_manager.py:1639} INFO - generated new fontManager
[2026-01-31T02:25:06.791+0000] {logging_mixin.py:188} INFO - IP resolvido para MLflow: http://192.168.65.254:5000/
[2026-01-31T02:25:06.794+0000] {logging_mixin.py:188} WARNING - /opt/airflow/dags/train.py:37 RemovedInAirflow3Warning: Function `days_ago` is deprecated and will be removed in Airflow 3.0. You can achieve equivalent behavior with `pendulum.today('UTC').add(days=-N, ...)`
[2026-01-31T02:25:06.794+0000] {logging_mixin.py:188} WARNING - /opt/airflow/dags/train.py:32 RemovedInAirflow3Warning: Param `schedule_interval` is deprecated and will be removed in a future release. Please use `schedule` instead.
[2026-01-31T02:25:06.798+0000] {processor.py:840} INFO - DAG(s) 'ml_training_pipeline' retrieved from /opt/airflow/dags/train.py
[2026-01-31T02:25:06.813+0000] {logging_mixin.py:188} INFO - [2026-01-31T02:25:06.813+0000] {dag.py:3096} INFO - Sync 1 DAGs
[2026-01-31T02:25:06.825+0000] {logging_mixin.py:188} INFO - [2026-01-31T02:25:06.824+0000] {dag.py:3954} INFO - Setting next_dagrun for ml_training_pipeline to 2026-02-01 00:00:00+00:00, run_after=2026-02-08 00:00:00+00:00
[2026-01-31T02:25:06.839+0000] {processor.py:183} INFO - Processing /opt/airflow/dags/train.py took 2.331 seconds
[2026-01-31T02:25:37.138+0000] {processor.py:161} INFO - Started process (PID=15097) to work on /opt/airflow/dags/train.py
[2026-01-31T02:25:37.141+0000] {processor.py:830} INFO - Processing file /opt/airflow/dags/train.py for tasks to queue
[2026-01-31T02:25:37.142+0000] {logging_mixin.py:188} INFO - [2026-01-31T02:25:37.142+0000] {dagbag.py:545} INFO - Filling up the DagBag from /opt/airflow/dags/train.py
[2026-01-31T02:25:39.180+0000] {logging_mixin.py:188} INFO - [2026-01-31T02:25:39.180+0000] {__init__.py:537} WARNING - mkdir -p failed for path /home/airflow/.cache/matplotlib: [Errno 13] Permission denied: '/home/airflow/.cache/matplotlib'
[2026-01-31T02:25:39.180+0000] {logging_mixin.py:188} INFO - [2026-01-31T02:25:39.180+0000] {__init__.py:554} WARNING - Matplotlib created a temporary cache directory at /tmp/matplotlib-yljh3slh because there was an issue with the default path (/home/airflow/.cache/matplotlib); it is highly recommended to set the MPLCONFIGDIR environment variable to a writable directory, in particular to speed up the import of Matplotlib and to better support multiprocessing.
[2026-01-31T02:25:39.255+0000] {logging_mixin.py:188} INFO - [2026-01-31T02:25:39.255+0000] {font_manager.py:1639} INFO - generated new fontManager
[2026-01-31T02:25:39.386+0000] {logging_mixin.py:188} INFO - IP resolvido para MLflow: http://192.168.65.254:5000/
[2026-01-31T02:25:39.388+0000] {logging_mixin.py:188} WARNING - /opt/airflow/dags/train.py:37 RemovedInAirflow3Warning: Function `days_ago` is deprecated and will be removed in Airflow 3.0. You can achieve equivalent behavior with `pendulum.today('UTC').add(days=-N, ...)`
[2026-01-31T02:25:39.389+0000] {logging_mixin.py:188} WARNING - /opt/airflow/dags/train.py:32 RemovedInAirflow3Warning: Param `schedule_interval` is deprecated and will be removed in a future release. Please use `schedule` instead.
[2026-01-31T02:25:39.392+0000] {processor.py:840} INFO - DAG(s) 'ml_training_pipeline' retrieved from /opt/airflow/dags/train.py
[2026-01-31T02:25:39.406+0000] {logging_mixin.py:188} INFO - [2026-01-31T02:25:39.406+0000] {dag.py:3096} INFO - Sync 1 DAGs
[2026-01-31T02:25:39.417+0000] {logging_mixin.py:188} INFO - [2026-01-31T02:25:39.417+0000] {dag.py:3954} INFO - Setting next_dagrun for ml_training_pipeline to 2026-02-01 00:00:00+00:00, run_after=2026-02-08 00:00:00+00:00
[2026-01-31T02:25:39.429+0000] {processor.py:183} INFO - Processing /opt/airflow/dags/train.py took 2.294 seconds
[2026-01-31T02:26:09.895+0000] {processor.py:161} INFO - Started process (PID=15144) to work on /opt/airflow/dags/train.py
[2026-01-31T02:26:09.896+0000] {processor.py:830} INFO - Processing file /opt/airflow/dags/train.py for tasks to queue
[2026-01-31T02:26:09.897+0000] {logging_mixin.py:188} INFO - [2026-01-31T02:26:09.897+0000] {dagbag.py:545} INFO - Filling up the DagBag from /opt/airflow/dags/train.py
[2026-01-31T02:26:12.073+0000] {logging_mixin.py:188} INFO - [2026-01-31T02:26:12.073+0000] {__init__.py:537} WARNING - mkdir -p failed for path /home/airflow/.cache/matplotlib: [Errno 13] Permission denied: '/home/airflow/.cache/matplotlib'
[2026-01-31T02:26:12.074+0000] {logging_mixin.py:188} INFO - [2026-01-31T02:26:12.074+0000] {__init__.py:554} WARNING - Matplotlib created a temporary cache directory at /tmp/matplotlib-60d0tz2m because there was an issue with the default path (/home/airflow/.cache/matplotlib); it is highly recommended to set the MPLCONFIGDIR environment variable to a writable directory, in particular to speed up the import of Matplotlib and to better support multiprocessing.
[2026-01-31T02:26:12.159+0000] {logging_mixin.py:188} INFO - [2026-01-31T02:26:12.159+0000] {font_manager.py:1639} INFO - generated new fontManager
[2026-01-31T02:26:12.297+0000] {logging_mixin.py:188} INFO - IP resolvido para MLflow: http://192.168.65.254:5000/
[2026-01-31T02:26:12.300+0000] {logging_mixin.py:188} WARNING - /opt/airflow/dags/train.py:37 RemovedInAirflow3Warning: Function `days_ago` is deprecated and will be removed in Airflow 3.0. You can achieve equivalent behavior with `pendulum.today('UTC').add(days=-N, ...)`
[2026-01-31T02:26:12.301+0000] {logging_mixin.py:188} WARNING - /opt/airflow/dags/train.py:32 RemovedInAirflow3Warning: Param `schedule_interval` is deprecated and will be removed in a future release. Please use `schedule` instead.
[2026-01-31T02:26:12.304+0000] {processor.py:840} INFO - DAG(s) 'ml_training_pipeline' retrieved from /opt/airflow/dags/train.py
[2026-01-31T02:26:12.320+0000] {logging_mixin.py:188} INFO - [2026-01-31T02:26:12.320+0000] {dag.py:3096} INFO - Sync 1 DAGs
[2026-01-31T02:26:12.332+0000] {logging_mixin.py:188} INFO - [2026-01-31T02:26:12.332+0000] {dag.py:3954} INFO - Setting next_dagrun for ml_training_pipeline to 2026-02-01 00:00:00+00:00, run_after=2026-02-08 00:00:00+00:00
[2026-01-31T02:26:12.348+0000] {processor.py:183} INFO - Processing /opt/airflow/dags/train.py took 2.457 seconds
[2026-01-31T02:26:42.785+0000] {processor.py:161} INFO - Started process (PID=15192) to work on /opt/airflow/dags/train.py
[2026-01-31T02:26:42.787+0000] {processor.py:830} INFO - Processing file /opt/airflow/dags/train.py for tasks to queue
[2026-01-31T02:26:42.789+0000] {logging_mixin.py:188} INFO - [2026-01-31T02:26:42.789+0000] {dagbag.py:545} INFO - Filling up the DagBag from /opt/airflow/dags/train.py
[2026-01-31T02:26:44.967+0000] {logging_mixin.py:188} INFO - [2026-01-31T02:26:44.967+0000] {__init__.py:537} WARNING - mkdir -p failed for path /home/airflow/.cache/matplotlib: [Errno 13] Permission denied: '/home/airflow/.cache/matplotlib'
[2026-01-31T02:26:44.968+0000] {logging_mixin.py:188} INFO - [2026-01-31T02:26:44.968+0000] {__init__.py:554} WARNING - Matplotlib created a temporary cache directory at /tmp/matplotlib-16a8k_ns because there was an issue with the default path (/home/airflow/.cache/matplotlib); it is highly recommended to set the MPLCONFIGDIR environment variable to a writable directory, in particular to speed up the import of Matplotlib and to better support multiprocessing.
[2026-01-31T02:26:45.055+0000] {logging_mixin.py:188} INFO - [2026-01-31T02:26:45.055+0000] {font_manager.py:1639} INFO - generated new fontManager
[2026-01-31T02:26:45.209+0000] {logging_mixin.py:188} INFO - IP resolvido para MLflow: http://192.168.65.254:5000/
[2026-01-31T02:26:45.211+0000] {logging_mixin.py:188} WARNING - /opt/airflow/dags/train.py:37 RemovedInAirflow3Warning: Function `days_ago` is deprecated and will be removed in Airflow 3.0. You can achieve equivalent behavior with `pendulum.today('UTC').add(days=-N, ...)`
[2026-01-31T02:26:45.212+0000] {logging_mixin.py:188} WARNING - /opt/airflow/dags/train.py:32 RemovedInAirflow3Warning: Param `schedule_interval` is deprecated and will be removed in a future release. Please use `schedule` instead.
[2026-01-31T02:26:45.216+0000] {processor.py:840} INFO - DAG(s) 'ml_training_pipeline' retrieved from /opt/airflow/dags/train.py
[2026-01-31T02:26:45.234+0000] {logging_mixin.py:188} INFO - [2026-01-31T02:26:45.233+0000] {dag.py:3096} INFO - Sync 1 DAGs
[2026-01-31T02:26:45.250+0000] {logging_mixin.py:188} INFO - [2026-01-31T02:26:45.249+0000] {dag.py:3954} INFO - Setting next_dagrun for ml_training_pipeline to 2026-02-01 00:00:00+00:00, run_after=2026-02-08 00:00:00+00:00
[2026-01-31T02:26:45.266+0000] {processor.py:183} INFO - Processing /opt/airflow/dags/train.py took 2.485 seconds
[2026-01-31T02:27:15.669+0000] {processor.py:161} INFO - Started process (PID=15239) to work on /opt/airflow/dags/train.py
[2026-01-31T02:27:15.670+0000] {processor.py:830} INFO - Processing file /opt/airflow/dags/train.py for tasks to queue
[2026-01-31T02:27:15.671+0000] {logging_mixin.py:188} INFO - [2026-01-31T02:27:15.671+0000] {dagbag.py:545} INFO - Filling up the DagBag from /opt/airflow/dags/train.py
[2026-01-31T02:27:17.668+0000] {logging_mixin.py:188} INFO - [2026-01-31T02:27:17.668+0000] {__init__.py:537} WARNING - mkdir -p failed for path /home/airflow/.cache/matplotlib: [Errno 13] Permission denied: '/home/airflow/.cache/matplotlib'
[2026-01-31T02:27:17.669+0000] {logging_mixin.py:188} INFO - [2026-01-31T02:27:17.669+0000] {__init__.py:554} WARNING - Matplotlib created a temporary cache directory at /tmp/matplotlib-re1f5qv1 because there was an issue with the default path (/home/airflow/.cache/matplotlib); it is highly recommended to set the MPLCONFIGDIR environment variable to a writable directory, in particular to speed up the import of Matplotlib and to better support multiprocessing.
[2026-01-31T02:27:17.753+0000] {logging_mixin.py:188} INFO - [2026-01-31T02:27:17.753+0000] {font_manager.py:1639} INFO - generated new fontManager
[2026-01-31T02:27:17.873+0000] {logging_mixin.py:188} INFO - IP resolvido para MLflow: http://192.168.65.254:5000/
[2026-01-31T02:27:17.876+0000] {logging_mixin.py:188} WARNING - /opt/airflow/dags/train.py:37 RemovedInAirflow3Warning: Function `days_ago` is deprecated and will be removed in Airflow 3.0. You can achieve equivalent behavior with `pendulum.today('UTC').add(days=-N, ...)`
[2026-01-31T02:27:17.876+0000] {logging_mixin.py:188} WARNING - /opt/airflow/dags/train.py:32 RemovedInAirflow3Warning: Param `schedule_interval` is deprecated and will be removed in a future release. Please use `schedule` instead.
[2026-01-31T02:27:17.879+0000] {processor.py:840} INFO - DAG(s) 'ml_training_pipeline' retrieved from /opt/airflow/dags/train.py
[2026-01-31T02:27:17.894+0000] {logging_mixin.py:188} INFO - [2026-01-31T02:27:17.894+0000] {dag.py:3096} INFO - Sync 1 DAGs
[2026-01-31T02:27:17.905+0000] {logging_mixin.py:188} INFO - [2026-01-31T02:27:17.905+0000] {dag.py:3954} INFO - Setting next_dagrun for ml_training_pipeline to 2026-02-01 00:00:00+00:00, run_after=2026-02-08 00:00:00+00:00
[2026-01-31T02:27:17.917+0000] {processor.py:183} INFO - Processing /opt/airflow/dags/train.py took 2.252 seconds
[2026-01-31T02:27:48.923+0000] {processor.py:161} INFO - Started process (PID=15286) to work on /opt/airflow/dags/train.py
[2026-01-31T02:27:48.926+0000] {processor.py:830} INFO - Processing file /opt/airflow/dags/train.py for tasks to queue
[2026-01-31T02:27:48.927+0000] {logging_mixin.py:188} INFO - [2026-01-31T02:27:48.926+0000] {dagbag.py:545} INFO - Filling up the DagBag from /opt/airflow/dags/train.py
[2026-01-31T02:27:50.995+0000] {logging_mixin.py:188} INFO - [2026-01-31T02:27:50.995+0000] {__init__.py:537} WARNING - mkdir -p failed for path /home/airflow/.cache/matplotlib: [Errno 13] Permission denied: '/home/airflow/.cache/matplotlib'
[2026-01-31T02:27:50.996+0000] {logging_mixin.py:188} INFO - [2026-01-31T02:27:50.996+0000] {__init__.py:554} WARNING - Matplotlib created a temporary cache directory at /tmp/matplotlib-lekfsjqp because there was an issue with the default path (/home/airflow/.cache/matplotlib); it is highly recommended to set the MPLCONFIGDIR environment variable to a writable directory, in particular to speed up the import of Matplotlib and to better support multiprocessing.
[2026-01-31T02:27:51.073+0000] {logging_mixin.py:188} INFO - [2026-01-31T02:27:51.073+0000] {font_manager.py:1639} INFO - generated new fontManager
[2026-01-31T02:27:51.196+0000] {logging_mixin.py:188} INFO - IP resolvido para MLflow: http://192.168.65.254:5000/
[2026-01-31T02:27:51.199+0000] {logging_mixin.py:188} WARNING - /opt/airflow/dags/train.py:37 RemovedInAirflow3Warning: Function `days_ago` is deprecated and will be removed in Airflow 3.0. You can achieve equivalent behavior with `pendulum.today('UTC').add(days=-N, ...)`
[2026-01-31T02:27:51.199+0000] {logging_mixin.py:188} WARNING - /opt/airflow/dags/train.py:32 RemovedInAirflow3Warning: Param `schedule_interval` is deprecated and will be removed in a future release. Please use `schedule` instead.
[2026-01-31T02:27:51.203+0000] {processor.py:840} INFO - DAG(s) 'ml_training_pipeline' retrieved from /opt/airflow/dags/train.py
[2026-01-31T02:27:51.217+0000] {logging_mixin.py:188} INFO - [2026-01-31T02:27:51.217+0000] {dag.py:3096} INFO - Sync 1 DAGs
[2026-01-31T02:27:51.228+0000] {logging_mixin.py:188} INFO - [2026-01-31T02:27:51.228+0000] {dag.py:3954} INFO - Setting next_dagrun for ml_training_pipeline to 2026-02-01 00:00:00+00:00, run_after=2026-02-08 00:00:00+00:00
[2026-01-31T02:27:51.239+0000] {processor.py:183} INFO - Processing /opt/airflow/dags/train.py took 2.319 seconds
[2026-01-31T02:28:21.670+0000] {processor.py:161} INFO - Started process (PID=15333) to work on /opt/airflow/dags/train.py
[2026-01-31T02:28:21.671+0000] {processor.py:830} INFO - Processing file /opt/airflow/dags/train.py for tasks to queue
[2026-01-31T02:28:21.672+0000] {logging_mixin.py:188} INFO - [2026-01-31T02:28:21.672+0000] {dagbag.py:545} INFO - Filling up the DagBag from /opt/airflow/dags/train.py
[2026-01-31T02:28:23.797+0000] {logging_mixin.py:188} INFO - [2026-01-31T02:28:23.797+0000] {__init__.py:537} WARNING - mkdir -p failed for path /home/airflow/.cache/matplotlib: [Errno 13] Permission denied: '/home/airflow/.cache/matplotlib'
[2026-01-31T02:28:23.798+0000] {logging_mixin.py:188} INFO - [2026-01-31T02:28:23.798+0000] {__init__.py:554} WARNING - Matplotlib created a temporary cache directory at /tmp/matplotlib-4z319enk because there was an issue with the default path (/home/airflow/.cache/matplotlib); it is highly recommended to set the MPLCONFIGDIR environment variable to a writable directory, in particular to speed up the import of Matplotlib and to better support multiprocessing.
[2026-01-31T02:28:23.877+0000] {logging_mixin.py:188} INFO - [2026-01-31T02:28:23.877+0000] {font_manager.py:1639} INFO - generated new fontManager
[2026-01-31T02:28:23.994+0000] {logging_mixin.py:188} INFO - IP resolvido para MLflow: http://192.168.65.254:5000/
[2026-01-31T02:28:23.996+0000] {logging_mixin.py:188} WARNING - /opt/airflow/dags/train.py:37 RemovedInAirflow3Warning: Function `days_ago` is deprecated and will be removed in Airflow 3.0. You can achieve equivalent behavior with `pendulum.today('UTC').add(days=-N, ...)`
[2026-01-31T02:28:23.997+0000] {logging_mixin.py:188} WARNING - /opt/airflow/dags/train.py:32 RemovedInAirflow3Warning: Param `schedule_interval` is deprecated and will be removed in a future release. Please use `schedule` instead.
[2026-01-31T02:28:24.001+0000] {processor.py:840} INFO - DAG(s) 'ml_training_pipeline' retrieved from /opt/airflow/dags/train.py
[2026-01-31T02:28:24.016+0000] {logging_mixin.py:188} INFO - [2026-01-31T02:28:24.016+0000] {dag.py:3096} INFO - Sync 1 DAGs
[2026-01-31T02:28:24.028+0000] {logging_mixin.py:188} INFO - [2026-01-31T02:28:24.028+0000] {dag.py:3954} INFO - Setting next_dagrun for ml_training_pipeline to 2026-02-01 00:00:00+00:00, run_after=2026-02-08 00:00:00+00:00
[2026-01-31T02:28:24.038+0000] {processor.py:183} INFO - Processing /opt/airflow/dags/train.py took 2.371 seconds
[2026-01-31T02:28:54.559+0000] {processor.py:161} INFO - Started process (PID=15380) to work on /opt/airflow/dags/train.py
[2026-01-31T02:28:54.561+0000] {processor.py:830} INFO - Processing file /opt/airflow/dags/train.py for tasks to queue
[2026-01-31T02:28:54.563+0000] {logging_mixin.py:188} INFO - [2026-01-31T02:28:54.563+0000] {dagbag.py:545} INFO - Filling up the DagBag from /opt/airflow/dags/train.py
[2026-01-31T02:28:56.602+0000] {logging_mixin.py:188} INFO - [2026-01-31T02:28:56.602+0000] {__init__.py:537} WARNING - mkdir -p failed for path /home/airflow/.cache/matplotlib: [Errno 13] Permission denied: '/home/airflow/.cache/matplotlib'
[2026-01-31T02:28:56.603+0000] {logging_mixin.py:188} INFO - [2026-01-31T02:28:56.603+0000] {__init__.py:554} WARNING - Matplotlib created a temporary cache directory at /tmp/matplotlib-thqnvd6w because there was an issue with the default path (/home/airflow/.cache/matplotlib); it is highly recommended to set the MPLCONFIGDIR environment variable to a writable directory, in particular to speed up the import of Matplotlib and to better support multiprocessing.
[2026-01-31T02:28:56.682+0000] {logging_mixin.py:188} INFO - [2026-01-31T02:28:56.682+0000] {font_manager.py:1639} INFO - generated new fontManager
[2026-01-31T02:28:56.818+0000] {logging_mixin.py:188} INFO - IP resolvido para MLflow: http://192.168.65.254:5000/
[2026-01-31T02:28:56.820+0000] {logging_mixin.py:188} WARNING - /opt/airflow/dags/train.py:37 RemovedInAirflow3Warning: Function `days_ago` is deprecated and will be removed in Airflow 3.0. You can achieve equivalent behavior with `pendulum.today('UTC').add(days=-N, ...)`
[2026-01-31T02:28:56.821+0000] {logging_mixin.py:188} WARNING - /opt/airflow/dags/train.py:32 RemovedInAirflow3Warning: Param `schedule_interval` is deprecated and will be removed in a future release. Please use `schedule` instead.
[2026-01-31T02:28:56.826+0000] {processor.py:840} INFO - DAG(s) 'ml_training_pipeline' retrieved from /opt/airflow/dags/train.py
[2026-01-31T02:28:56.840+0000] {logging_mixin.py:188} INFO - [2026-01-31T02:28:56.840+0000] {dag.py:3096} INFO - Sync 1 DAGs
[2026-01-31T02:28:56.852+0000] {logging_mixin.py:188} INFO - [2026-01-31T02:28:56.852+0000] {dag.py:3954} INFO - Setting next_dagrun for ml_training_pipeline to 2026-02-01 00:00:00+00:00, run_after=2026-02-08 00:00:00+00:00
[2026-01-31T02:28:56.867+0000] {processor.py:183} INFO - Processing /opt/airflow/dags/train.py took 2.311 seconds
[2026-01-31T02:29:27.659+0000] {processor.py:161} INFO - Started process (PID=15427) to work on /opt/airflow/dags/train.py
[2026-01-31T02:29:27.660+0000] {processor.py:830} INFO - Processing file /opt/airflow/dags/train.py for tasks to queue
[2026-01-31T02:29:27.661+0000] {logging_mixin.py:188} INFO - [2026-01-31T02:29:27.661+0000] {dagbag.py:545} INFO - Filling up the DagBag from /opt/airflow/dags/train.py
[2026-01-31T02:29:29.710+0000] {logging_mixin.py:188} INFO - [2026-01-31T02:29:29.710+0000] {__init__.py:537} WARNING - mkdir -p failed for path /home/airflow/.cache/matplotlib: [Errno 13] Permission denied: '/home/airflow/.cache/matplotlib'
[2026-01-31T02:29:29.711+0000] {logging_mixin.py:188} INFO - [2026-01-31T02:29:29.710+0000] {__init__.py:554} WARNING - Matplotlib created a temporary cache directory at /tmp/matplotlib-a7s5_u_0 because there was an issue with the default path (/home/airflow/.cache/matplotlib); it is highly recommended to set the MPLCONFIGDIR environment variable to a writable directory, in particular to speed up the import of Matplotlib and to better support multiprocessing.
[2026-01-31T02:29:29.789+0000] {logging_mixin.py:188} INFO - [2026-01-31T02:29:29.789+0000] {font_manager.py:1639} INFO - generated new fontManager
[2026-01-31T02:29:29.922+0000] {logging_mixin.py:188} INFO - IP resolvido para MLflow: http://192.168.65.254:5000/
[2026-01-31T02:29:29.924+0000] {logging_mixin.py:188} WARNING - /opt/airflow/dags/train.py:37 RemovedInAirflow3Warning: Function `days_ago` is deprecated and will be removed in Airflow 3.0. You can achieve equivalent behavior with `pendulum.today('UTC').add(days=-N, ...)`
[2026-01-31T02:29:29.925+0000] {logging_mixin.py:188} WARNING - /opt/airflow/dags/train.py:32 RemovedInAirflow3Warning: Param `schedule_interval` is deprecated and will be removed in a future release. Please use `schedule` instead.
[2026-01-31T02:29:29.928+0000] {processor.py:840} INFO - DAG(s) 'ml_training_pipeline' retrieved from /opt/airflow/dags/train.py
[2026-01-31T02:29:29.941+0000] {logging_mixin.py:188} INFO - [2026-01-31T02:29:29.941+0000] {dag.py:3096} INFO - Sync 1 DAGs
[2026-01-31T02:29:29.952+0000] {logging_mixin.py:188} INFO - [2026-01-31T02:29:29.952+0000] {dag.py:3954} INFO - Setting next_dagrun for ml_training_pipeline to 2026-02-01 00:00:00+00:00, run_after=2026-02-08 00:00:00+00:00
[2026-01-31T02:29:29.965+0000] {processor.py:183} INFO - Processing /opt/airflow/dags/train.py took 2.310 seconds
[2026-01-31T02:30:00.549+0000] {processor.py:161} INFO - Started process (PID=15474) to work on /opt/airflow/dags/train.py
[2026-01-31T02:30:00.551+0000] {processor.py:830} INFO - Processing file /opt/airflow/dags/train.py for tasks to queue
[2026-01-31T02:30:00.552+0000] {logging_mixin.py:188} INFO - [2026-01-31T02:30:00.552+0000] {dagbag.py:545} INFO - Filling up the DagBag from /opt/airflow/dags/train.py
[2026-01-31T02:30:02.933+0000] {logging_mixin.py:188} INFO - [2026-01-31T02:30:02.933+0000] {__init__.py:537} WARNING - mkdir -p failed for path /home/airflow/.cache/matplotlib: [Errno 13] Permission denied: '/home/airflow/.cache/matplotlib'
[2026-01-31T02:30:02.934+0000] {logging_mixin.py:188} INFO - [2026-01-31T02:30:02.934+0000] {__init__.py:554} WARNING - Matplotlib created a temporary cache directory at /tmp/matplotlib-g1kmdb33 because there was an issue with the default path (/home/airflow/.cache/matplotlib); it is highly recommended to set the MPLCONFIGDIR environment variable to a writable directory, in particular to speed up the import of Matplotlib and to better support multiprocessing.
[2026-01-31T02:30:03.012+0000] {logging_mixin.py:188} INFO - [2026-01-31T02:30:03.012+0000] {font_manager.py:1639} INFO - generated new fontManager
[2026-01-31T02:30:03.135+0000] {logging_mixin.py:188} INFO - IP resolvido para MLflow: http://192.168.65.254:5000/
[2026-01-31T02:30:03.138+0000] {logging_mixin.py:188} WARNING - /opt/airflow/dags/train.py:37 RemovedInAirflow3Warning: Function `days_ago` is deprecated and will be removed in Airflow 3.0. You can achieve equivalent behavior with `pendulum.today('UTC').add(days=-N, ...)`
[2026-01-31T02:30:03.138+0000] {logging_mixin.py:188} WARNING - /opt/airflow/dags/train.py:32 RemovedInAirflow3Warning: Param `schedule_interval` is deprecated and will be removed in a future release. Please use `schedule` instead.
[2026-01-31T02:30:03.141+0000] {processor.py:840} INFO - DAG(s) 'ml_training_pipeline' retrieved from /opt/airflow/dags/train.py
[2026-01-31T02:30:03.155+0000] {logging_mixin.py:188} INFO - [2026-01-31T02:30:03.155+0000] {dag.py:3096} INFO - Sync 1 DAGs
[2026-01-31T02:30:03.166+0000] {logging_mixin.py:188} INFO - [2026-01-31T02:30:03.166+0000] {dag.py:3954} INFO - Setting next_dagrun for ml_training_pipeline to 2026-02-01 00:00:00+00:00, run_after=2026-02-08 00:00:00+00:00
[2026-01-31T02:30:03.181+0000] {processor.py:183} INFO - Processing /opt/airflow/dags/train.py took 2.636 seconds
[2026-01-31T02:30:33.437+0000] {processor.py:161} INFO - Started process (PID=15521) to work on /opt/airflow/dags/train.py
[2026-01-31T02:30:33.438+0000] {processor.py:830} INFO - Processing file /opt/airflow/dags/train.py for tasks to queue
[2026-01-31T02:30:33.440+0000] {logging_mixin.py:188} INFO - [2026-01-31T02:30:33.440+0000] {dagbag.py:545} INFO - Filling up the DagBag from /opt/airflow/dags/train.py
[2026-01-31T02:30:35.533+0000] {logging_mixin.py:188} INFO - [2026-01-31T02:30:35.533+0000] {__init__.py:537} WARNING - mkdir -p failed for path /home/airflow/.cache/matplotlib: [Errno 13] Permission denied: '/home/airflow/.cache/matplotlib'
[2026-01-31T02:30:35.534+0000] {logging_mixin.py:188} INFO - [2026-01-31T02:30:35.533+0000] {__init__.py:554} WARNING - Matplotlib created a temporary cache directory at /tmp/matplotlib-n_nojusl because there was an issue with the default path (/home/airflow/.cache/matplotlib); it is highly recommended to set the MPLCONFIGDIR environment variable to a writable directory, in particular to speed up the import of Matplotlib and to better support multiprocessing.
[2026-01-31T02:30:35.608+0000] {logging_mixin.py:188} INFO - [2026-01-31T02:30:35.607+0000] {font_manager.py:1639} INFO - generated new fontManager
[2026-01-31T02:30:35.737+0000] {logging_mixin.py:188} INFO - IP resolvido para MLflow: http://192.168.65.254:5000/
[2026-01-31T02:30:35.739+0000] {logging_mixin.py:188} WARNING - /opt/airflow/dags/train.py:37 RemovedInAirflow3Warning: Function `days_ago` is deprecated and will be removed in Airflow 3.0. You can achieve equivalent behavior with `pendulum.today('UTC').add(days=-N, ...)`
[2026-01-31T02:30:35.740+0000] {logging_mixin.py:188} WARNING - /opt/airflow/dags/train.py:32 RemovedInAirflow3Warning: Param `schedule_interval` is deprecated and will be removed in a future release. Please use `schedule` instead.
[2026-01-31T02:30:35.743+0000] {processor.py:840} INFO - DAG(s) 'ml_training_pipeline' retrieved from /opt/airflow/dags/train.py
[2026-01-31T02:30:35.760+0000] {logging_mixin.py:188} INFO - [2026-01-31T02:30:35.759+0000] {dag.py:3096} INFO - Sync 1 DAGs
[2026-01-31T02:30:35.774+0000] {logging_mixin.py:188} INFO - [2026-01-31T02:30:35.773+0000] {dag.py:3954} INFO - Setting next_dagrun for ml_training_pipeline to 2026-02-01 00:00:00+00:00, run_after=2026-02-08 00:00:00+00:00
[2026-01-31T02:30:35.790+0000] {processor.py:183} INFO - Processing /opt/airflow/dags/train.py took 2.357 seconds
[2026-01-31T02:31:06.371+0000] {processor.py:161} INFO - Started process (PID=15568) to work on /opt/airflow/dags/train.py
[2026-01-31T02:31:06.373+0000] {processor.py:830} INFO - Processing file /opt/airflow/dags/train.py for tasks to queue
[2026-01-31T02:31:06.374+0000] {logging_mixin.py:188} INFO - [2026-01-31T02:31:06.374+0000] {dagbag.py:545} INFO - Filling up the DagBag from /opt/airflow/dags/train.py
[2026-01-31T02:31:08.441+0000] {logging_mixin.py:188} INFO - [2026-01-31T02:31:08.441+0000] {__init__.py:537} WARNING - mkdir -p failed for path /home/airflow/.cache/matplotlib: [Errno 13] Permission denied: '/home/airflow/.cache/matplotlib'
[2026-01-31T02:31:08.442+0000] {logging_mixin.py:188} INFO - [2026-01-31T02:31:08.442+0000] {__init__.py:554} WARNING - Matplotlib created a temporary cache directory at /tmp/matplotlib-fbuevh6q because there was an issue with the default path (/home/airflow/.cache/matplotlib); it is highly recommended to set the MPLCONFIGDIR environment variable to a writable directory, in particular to speed up the import of Matplotlib and to better support multiprocessing.
[2026-01-31T02:31:08.526+0000] {logging_mixin.py:188} INFO - [2026-01-31T02:31:08.526+0000] {font_manager.py:1639} INFO - generated new fontManager
[2026-01-31T02:31:08.650+0000] {logging_mixin.py:188} INFO - IP resolvido para MLflow: http://192.168.65.254:5000/
[2026-01-31T02:31:08.652+0000] {logging_mixin.py:188} WARNING - /opt/airflow/dags/train.py:37 RemovedInAirflow3Warning: Function `days_ago` is deprecated and will be removed in Airflow 3.0. You can achieve equivalent behavior with `pendulum.today('UTC').add(days=-N, ...)`
[2026-01-31T02:31:08.653+0000] {logging_mixin.py:188} WARNING - /opt/airflow/dags/train.py:32 RemovedInAirflow3Warning: Param `schedule_interval` is deprecated and will be removed in a future release. Please use `schedule` instead.
[2026-01-31T02:31:08.657+0000] {processor.py:840} INFO - DAG(s) 'ml_training_pipeline' retrieved from /opt/airflow/dags/train.py
[2026-01-31T02:31:08.671+0000] {logging_mixin.py:188} INFO - [2026-01-31T02:31:08.671+0000] {dag.py:3096} INFO - Sync 1 DAGs
[2026-01-31T02:31:08.683+0000] {logging_mixin.py:188} INFO - [2026-01-31T02:31:08.683+0000] {dag.py:3954} INFO - Setting next_dagrun for ml_training_pipeline to 2026-02-01 00:00:00+00:00, run_after=2026-02-08 00:00:00+00:00
[2026-01-31T02:31:08.695+0000] {processor.py:183} INFO - Processing /opt/airflow/dags/train.py took 2.328 seconds
[2026-01-31T02:31:39.434+0000] {processor.py:161} INFO - Started process (PID=15615) to work on /opt/airflow/dags/train.py
[2026-01-31T02:31:39.435+0000] {processor.py:830} INFO - Processing file /opt/airflow/dags/train.py for tasks to queue
[2026-01-31T02:31:39.436+0000] {logging_mixin.py:188} INFO - [2026-01-31T02:31:39.436+0000] {dagbag.py:545} INFO - Filling up the DagBag from /opt/airflow/dags/train.py
[2026-01-31T02:31:41.512+0000] {logging_mixin.py:188} INFO - [2026-01-31T02:31:41.512+0000] {__init__.py:537} WARNING - mkdir -p failed for path /home/airflow/.cache/matplotlib: [Errno 13] Permission denied: '/home/airflow/.cache/matplotlib'
[2026-01-31T02:31:41.512+0000] {logging_mixin.py:188} INFO - [2026-01-31T02:31:41.512+0000] {__init__.py:554} WARNING - Matplotlib created a temporary cache directory at /tmp/matplotlib-xgnvfway because there was an issue with the default path (/home/airflow/.cache/matplotlib); it is highly recommended to set the MPLCONFIGDIR environment variable to a writable directory, in particular to speed up the import of Matplotlib and to better support multiprocessing.
[2026-01-31T02:31:41.594+0000] {logging_mixin.py:188} INFO - [2026-01-31T02:31:41.594+0000] {font_manager.py:1639} INFO - generated new fontManager
[2026-01-31T02:31:41.724+0000] {logging_mixin.py:188} INFO - IP resolvido para MLflow: http://192.168.65.254:5000/
[2026-01-31T02:31:41.726+0000] {logging_mixin.py:188} WARNING - /opt/airflow/dags/train.py:37 RemovedInAirflow3Warning: Function `days_ago` is deprecated and will be removed in Airflow 3.0. You can achieve equivalent behavior with `pendulum.today('UTC').add(days=-N, ...)`
[2026-01-31T02:31:41.727+0000] {logging_mixin.py:188} WARNING - /opt/airflow/dags/train.py:32 RemovedInAirflow3Warning: Param `schedule_interval` is deprecated and will be removed in a future release. Please use `schedule` instead.
[2026-01-31T02:31:41.731+0000] {processor.py:840} INFO - DAG(s) 'ml_training_pipeline' retrieved from /opt/airflow/dags/train.py
[2026-01-31T02:31:41.746+0000] {logging_mixin.py:188} INFO - [2026-01-31T02:31:41.746+0000] {dag.py:3096} INFO - Sync 1 DAGs
[2026-01-31T02:31:41.759+0000] {logging_mixin.py:188} INFO - [2026-01-31T02:31:41.759+0000] {dag.py:3954} INFO - Setting next_dagrun for ml_training_pipeline to 2026-02-01 00:00:00+00:00, run_after=2026-02-08 00:00:00+00:00
[2026-01-31T02:31:41.773+0000] {processor.py:183} INFO - Processing /opt/airflow/dags/train.py took 2.342 seconds
[2026-01-31T02:32:12.504+0000] {processor.py:161} INFO - Started process (PID=15662) to work on /opt/airflow/dags/train.py
[2026-01-31T02:32:12.506+0000] {processor.py:830} INFO - Processing file /opt/airflow/dags/train.py for tasks to queue
[2026-01-31T02:32:12.507+0000] {logging_mixin.py:188} INFO - [2026-01-31T02:32:12.507+0000] {dagbag.py:545} INFO - Filling up the DagBag from /opt/airflow/dags/train.py
[2026-01-31T02:32:14.692+0000] {logging_mixin.py:188} INFO - [2026-01-31T02:32:14.692+0000] {__init__.py:537} WARNING - mkdir -p failed for path /home/airflow/.cache/matplotlib: [Errno 13] Permission denied: '/home/airflow/.cache/matplotlib'
[2026-01-31T02:32:14.692+0000] {logging_mixin.py:188} INFO - [2026-01-31T02:32:14.692+0000] {__init__.py:554} WARNING - Matplotlib created a temporary cache directory at /tmp/matplotlib-vr3o52ib because there was an issue with the default path (/home/airflow/.cache/matplotlib); it is highly recommended to set the MPLCONFIGDIR environment variable to a writable directory, in particular to speed up the import of Matplotlib and to better support multiprocessing.
[2026-01-31T02:32:14.777+0000] {logging_mixin.py:188} INFO - [2026-01-31T02:32:14.776+0000] {font_manager.py:1639} INFO - generated new fontManager
[2026-01-31T02:32:14.908+0000] {logging_mixin.py:188} INFO - IP resolvido para MLflow: http://192.168.65.254:5000/
[2026-01-31T02:32:14.911+0000] {logging_mixin.py:188} WARNING - /opt/airflow/dags/train.py:37 RemovedInAirflow3Warning: Function `days_ago` is deprecated and will be removed in Airflow 3.0. You can achieve equivalent behavior with `pendulum.today('UTC').add(days=-N, ...)`
[2026-01-31T02:32:14.912+0000] {logging_mixin.py:188} WARNING - /opt/airflow/dags/train.py:32 RemovedInAirflow3Warning: Param `schedule_interval` is deprecated and will be removed in a future release. Please use `schedule` instead.
[2026-01-31T02:32:14.916+0000] {processor.py:840} INFO - DAG(s) 'ml_training_pipeline' retrieved from /opt/airflow/dags/train.py
[2026-01-31T02:32:14.934+0000] {logging_mixin.py:188} INFO - [2026-01-31T02:32:14.934+0000] {dag.py:3096} INFO - Sync 1 DAGs
[2026-01-31T02:32:14.946+0000] {logging_mixin.py:188} INFO - [2026-01-31T02:32:14.946+0000] {dag.py:3954} INFO - Setting next_dagrun for ml_training_pipeline to 2026-02-01 00:00:00+00:00, run_after=2026-02-08 00:00:00+00:00
[2026-01-31T02:32:14.961+0000] {processor.py:183} INFO - Processing /opt/airflow/dags/train.py took 2.462 seconds
[2026-01-31T02:32:45.425+0000] {processor.py:161} INFO - Started process (PID=15709) to work on /opt/airflow/dags/train.py
[2026-01-31T02:32:45.425+0000] {processor.py:830} INFO - Processing file /opt/airflow/dags/train.py for tasks to queue
[2026-01-31T02:32:45.426+0000] {logging_mixin.py:188} INFO - [2026-01-31T02:32:45.426+0000] {dagbag.py:545} INFO - Filling up the DagBag from /opt/airflow/dags/train.py
[2026-01-31T02:32:47.416+0000] {logging_mixin.py:188} INFO - [2026-01-31T02:32:47.416+0000] {__init__.py:537} WARNING - mkdir -p failed for path /home/airflow/.cache/matplotlib: [Errno 13] Permission denied: '/home/airflow/.cache/matplotlib'
[2026-01-31T02:32:47.417+0000] {logging_mixin.py:188} INFO - [2026-01-31T02:32:47.417+0000] {__init__.py:554} WARNING - Matplotlib created a temporary cache directory at /tmp/matplotlib-6pqw17vt because there was an issue with the default path (/home/airflow/.cache/matplotlib); it is highly recommended to set the MPLCONFIGDIR environment variable to a writable directory, in particular to speed up the import of Matplotlib and to better support multiprocessing.
[2026-01-31T02:32:47.493+0000] {logging_mixin.py:188} INFO - [2026-01-31T02:32:47.493+0000] {font_manager.py:1639} INFO - generated new fontManager
[2026-01-31T02:32:47.614+0000] {logging_mixin.py:188} INFO - IP resolvido para MLflow: http://192.168.65.254:5000/
[2026-01-31T02:32:47.616+0000] {logging_mixin.py:188} WARNING - /opt/airflow/dags/train.py:37 RemovedInAirflow3Warning: Function `days_ago` is deprecated and will be removed in Airflow 3.0. You can achieve equivalent behavior with `pendulum.today('UTC').add(days=-N, ...)`
[2026-01-31T02:32:47.617+0000] {logging_mixin.py:188} WARNING - /opt/airflow/dags/train.py:32 RemovedInAirflow3Warning: Param `schedule_interval` is deprecated and will be removed in a future release. Please use `schedule` instead.
[2026-01-31T02:32:47.620+0000] {processor.py:840} INFO - DAG(s) 'ml_training_pipeline' retrieved from /opt/airflow/dags/train.py
[2026-01-31T02:32:47.634+0000] {logging_mixin.py:188} INFO - [2026-01-31T02:32:47.634+0000] {dag.py:3096} INFO - Sync 1 DAGs
[2026-01-31T02:32:47.645+0000] {logging_mixin.py:188} INFO - [2026-01-31T02:32:47.645+0000] {dag.py:3954} INFO - Setting next_dagrun for ml_training_pipeline to 2026-02-01 00:00:00+00:00, run_after=2026-02-08 00:00:00+00:00
[2026-01-31T02:32:47.657+0000] {processor.py:183} INFO - Processing /opt/airflow/dags/train.py took 2.237 seconds
[2026-01-31T02:33:18.301+0000] {processor.py:161} INFO - Started process (PID=15756) to work on /opt/airflow/dags/train.py
[2026-01-31T02:33:18.303+0000] {processor.py:830} INFO - Processing file /opt/airflow/dags/train.py for tasks to queue
[2026-01-31T02:33:18.304+0000] {logging_mixin.py:188} INFO - [2026-01-31T02:33:18.304+0000] {dagbag.py:545} INFO - Filling up the DagBag from /opt/airflow/dags/train.py
[2026-01-31T02:33:20.287+0000] {logging_mixin.py:188} INFO - [2026-01-31T02:33:20.287+0000] {__init__.py:537} WARNING - mkdir -p failed for path /home/airflow/.cache/matplotlib: [Errno 13] Permission denied: '/home/airflow/.cache/matplotlib'
[2026-01-31T02:33:20.288+0000] {logging_mixin.py:188} INFO - [2026-01-31T02:33:20.288+0000] {__init__.py:554} WARNING - Matplotlib created a temporary cache directory at /tmp/matplotlib-2mmz95g1 because there was an issue with the default path (/home/airflow/.cache/matplotlib); it is highly recommended to set the MPLCONFIGDIR environment variable to a writable directory, in particular to speed up the import of Matplotlib and to better support multiprocessing.
[2026-01-31T02:33:20.362+0000] {logging_mixin.py:188} INFO - [2026-01-31T02:33:20.362+0000] {font_manager.py:1639} INFO - generated new fontManager
[2026-01-31T02:33:20.483+0000] {logging_mixin.py:188} INFO - IP resolvido para MLflow: http://192.168.65.254:5000/
[2026-01-31T02:33:20.485+0000] {logging_mixin.py:188} WARNING - /opt/airflow/dags/train.py:37 RemovedInAirflow3Warning: Function `days_ago` is deprecated and will be removed in Airflow 3.0. You can achieve equivalent behavior with `pendulum.today('UTC').add(days=-N, ...)`
[2026-01-31T02:33:20.485+0000] {logging_mixin.py:188} WARNING - /opt/airflow/dags/train.py:32 RemovedInAirflow3Warning: Param `schedule_interval` is deprecated and will be removed in a future release. Please use `schedule` instead.
[2026-01-31T02:33:20.489+0000] {processor.py:840} INFO - DAG(s) 'ml_training_pipeline' retrieved from /opt/airflow/dags/train.py
[2026-01-31T02:33:20.504+0000] {logging_mixin.py:188} INFO - [2026-01-31T02:33:20.503+0000] {dag.py:3096} INFO - Sync 1 DAGs
[2026-01-31T02:33:20.514+0000] {logging_mixin.py:188} INFO - [2026-01-31T02:33:20.513+0000] {dag.py:3954} INFO - Setting next_dagrun for ml_training_pipeline to 2026-02-01 00:00:00+00:00, run_after=2026-02-08 00:00:00+00:00
[2026-01-31T02:33:20.525+0000] {processor.py:183} INFO - Processing /opt/airflow/dags/train.py took 2.229 seconds
[2026-01-31T02:33:50.944+0000] {processor.py:161} INFO - Started process (PID=15803) to work on /opt/airflow/dags/train.py
[2026-01-31T02:33:50.945+0000] {processor.py:830} INFO - Processing file /opt/airflow/dags/train.py for tasks to queue
[2026-01-31T02:33:50.946+0000] {logging_mixin.py:188} INFO - [2026-01-31T02:33:50.946+0000] {dagbag.py:545} INFO - Filling up the DagBag from /opt/airflow/dags/train.py
[2026-01-31T02:33:53.355+0000] {logging_mixin.py:188} INFO - [2026-01-31T02:33:53.355+0000] {__init__.py:537} WARNING - mkdir -p failed for path /home/airflow/.cache/matplotlib: [Errno 13] Permission denied: '/home/airflow/.cache/matplotlib'
[2026-01-31T02:33:53.356+0000] {logging_mixin.py:188} INFO - [2026-01-31T02:33:53.355+0000] {__init__.py:554} WARNING - Matplotlib created a temporary cache directory at /tmp/matplotlib-f8ncz_oj because there was an issue with the default path (/home/airflow/.cache/matplotlib); it is highly recommended to set the MPLCONFIGDIR environment variable to a writable directory, in particular to speed up the import of Matplotlib and to better support multiprocessing.
[2026-01-31T02:33:53.445+0000] {logging_mixin.py:188} INFO - [2026-01-31T02:33:53.445+0000] {font_manager.py:1639} INFO - generated new fontManager
[2026-01-31T02:33:53.590+0000] {logging_mixin.py:188} INFO - IP resolvido para MLflow: http://192.168.65.254:5000/
[2026-01-31T02:33:53.592+0000] {logging_mixin.py:188} WARNING - /opt/airflow/dags/train.py:37 RemovedInAirflow3Warning: Function `days_ago` is deprecated and will be removed in Airflow 3.0. You can achieve equivalent behavior with `pendulum.today('UTC').add(days=-N, ...)`
[2026-01-31T02:33:53.593+0000] {logging_mixin.py:188} WARNING - /opt/airflow/dags/train.py:32 RemovedInAirflow3Warning: Param `schedule_interval` is deprecated and will be removed in a future release. Please use `schedule` instead.
[2026-01-31T02:33:53.597+0000] {processor.py:840} INFO - DAG(s) 'ml_training_pipeline' retrieved from /opt/airflow/dags/train.py
[2026-01-31T02:33:53.612+0000] {logging_mixin.py:188} INFO - [2026-01-31T02:33:53.612+0000] {dag.py:3096} INFO - Sync 1 DAGs
[2026-01-31T02:33:53.625+0000] {logging_mixin.py:188} INFO - [2026-01-31T02:33:53.625+0000] {dag.py:3954} INFO - Setting next_dagrun for ml_training_pipeline to 2026-02-01 00:00:00+00:00, run_after=2026-02-08 00:00:00+00:00
[2026-01-31T02:33:53.637+0000] {processor.py:183} INFO - Processing /opt/airflow/dags/train.py took 2.697 seconds
[2026-01-31T02:34:24.351+0000] {processor.py:161} INFO - Started process (PID=15850) to work on /opt/airflow/dags/train.py
[2026-01-31T02:34:24.353+0000] {processor.py:830} INFO - Processing file /opt/airflow/dags/train.py for tasks to queue
[2026-01-31T02:34:24.355+0000] {logging_mixin.py:188} INFO - [2026-01-31T02:34:24.354+0000] {dagbag.py:545} INFO - Filling up the DagBag from /opt/airflow/dags/train.py
[2026-01-31T02:34:26.682+0000] {logging_mixin.py:188} INFO - [2026-01-31T02:34:26.682+0000] {__init__.py:537} WARNING - mkdir -p failed for path /home/airflow/.cache/matplotlib: [Errno 13] Permission denied: '/home/airflow/.cache/matplotlib'
[2026-01-31T02:34:26.683+0000] {logging_mixin.py:188} INFO - [2026-01-31T02:34:26.683+0000] {__init__.py:554} WARNING - Matplotlib created a temporary cache directory at /tmp/matplotlib-w2wvnior because there was an issue with the default path (/home/airflow/.cache/matplotlib); it is highly recommended to set the MPLCONFIGDIR environment variable to a writable directory, in particular to speed up the import of Matplotlib and to better support multiprocessing.
[2026-01-31T02:34:26.779+0000] {logging_mixin.py:188} INFO - [2026-01-31T02:34:26.779+0000] {font_manager.py:1639} INFO - generated new fontManager
[2026-01-31T02:34:26.930+0000] {logging_mixin.py:188} INFO - IP resolvido para MLflow: http://192.168.65.254:5000/
[2026-01-31T02:34:26.933+0000] {logging_mixin.py:188} WARNING - /opt/airflow/dags/train.py:37 RemovedInAirflow3Warning: Function `days_ago` is deprecated and will be removed in Airflow 3.0. You can achieve equivalent behavior with `pendulum.today('UTC').add(days=-N, ...)`
[2026-01-31T02:34:26.934+0000] {logging_mixin.py:188} WARNING - /opt/airflow/dags/train.py:32 RemovedInAirflow3Warning: Param `schedule_interval` is deprecated and will be removed in a future release. Please use `schedule` instead.
[2026-01-31T02:34:26.937+0000] {processor.py:840} INFO - DAG(s) 'ml_training_pipeline' retrieved from /opt/airflow/dags/train.py
[2026-01-31T02:34:26.952+0000] {logging_mixin.py:188} INFO - [2026-01-31T02:34:26.951+0000] {dag.py:3096} INFO - Sync 1 DAGs
[2026-01-31T02:34:26.964+0000] {logging_mixin.py:188} INFO - [2026-01-31T02:34:26.963+0000] {dag.py:3954} INFO - Setting next_dagrun for ml_training_pipeline to 2026-02-01 00:00:00+00:00, run_after=2026-02-08 00:00:00+00:00
[2026-01-31T02:34:26.982+0000] {processor.py:183} INFO - Processing /opt/airflow/dags/train.py took 2.636 seconds
[2026-01-31T02:34:57.841+0000] {processor.py:161} INFO - Started process (PID=15897) to work on /opt/airflow/dags/train.py
[2026-01-31T02:34:57.842+0000] {processor.py:830} INFO - Processing file /opt/airflow/dags/train.py for tasks to queue
[2026-01-31T02:34:57.845+0000] {logging_mixin.py:188} INFO - [2026-01-31T02:34:57.844+0000] {dagbag.py:545} INFO - Filling up the DagBag from /opt/airflow/dags/train.py
[2026-01-31T02:35:00.207+0000] {logging_mixin.py:188} INFO - [2026-01-31T02:35:00.206+0000] {__init__.py:537} WARNING - mkdir -p failed for path /home/airflow/.cache/matplotlib: [Errno 13] Permission denied: '/home/airflow/.cache/matplotlib'
[2026-01-31T02:35:00.207+0000] {logging_mixin.py:188} INFO - [2026-01-31T02:35:00.207+0000] {__init__.py:554} WARNING - Matplotlib created a temporary cache directory at /tmp/matplotlib-yx5x8wes because there was an issue with the default path (/home/airflow/.cache/matplotlib); it is highly recommended to set the MPLCONFIGDIR environment variable to a writable directory, in particular to speed up the import of Matplotlib and to better support multiprocessing.
[2026-01-31T02:35:00.297+0000] {logging_mixin.py:188} INFO - [2026-01-31T02:35:00.296+0000] {font_manager.py:1639} INFO - generated new fontManager
[2026-01-31T02:35:00.435+0000] {logging_mixin.py:188} INFO - IP resolvido para MLflow: http://192.168.65.254:5000/
[2026-01-31T02:35:00.437+0000] {logging_mixin.py:188} WARNING - /opt/airflow/dags/train.py:37 RemovedInAirflow3Warning: Function `days_ago` is deprecated and will be removed in Airflow 3.0. You can achieve equivalent behavior with `pendulum.today('UTC').add(days=-N, ...)`
[2026-01-31T02:35:00.438+0000] {logging_mixin.py:188} WARNING - /opt/airflow/dags/train.py:32 RemovedInAirflow3Warning: Param `schedule_interval` is deprecated and will be removed in a future release. Please use `schedule` instead.
[2026-01-31T02:35:00.444+0000] {processor.py:840} INFO - DAG(s) 'ml_training_pipeline' retrieved from /opt/airflow/dags/train.py
[2026-01-31T02:35:00.460+0000] {logging_mixin.py:188} INFO - [2026-01-31T02:35:00.459+0000] {dag.py:3096} INFO - Sync 1 DAGs
[2026-01-31T02:35:00.472+0000] {logging_mixin.py:188} INFO - [2026-01-31T02:35:00.472+0000] {dag.py:3954} INFO - Setting next_dagrun for ml_training_pipeline to 2026-02-01 00:00:00+00:00, run_after=2026-02-08 00:00:00+00:00
[2026-01-31T02:35:00.485+0000] {processor.py:183} INFO - Processing /opt/airflow/dags/train.py took 2.648 seconds
[2026-01-31T02:35:30.951+0000] {processor.py:161} INFO - Started process (PID=15944) to work on /opt/airflow/dags/train.py
[2026-01-31T02:35:30.952+0000] {processor.py:830} INFO - Processing file /opt/airflow/dags/train.py for tasks to queue
[2026-01-31T02:35:30.954+0000] {logging_mixin.py:188} INFO - [2026-01-31T02:35:30.954+0000] {dagbag.py:545} INFO - Filling up the DagBag from /opt/airflow/dags/train.py
[2026-01-31T02:35:33.602+0000] {logging_mixin.py:188} INFO - [2026-01-31T02:35:33.602+0000] {__init__.py:537} WARNING - mkdir -p failed for path /home/airflow/.cache/matplotlib: [Errno 13] Permission denied: '/home/airflow/.cache/matplotlib'
[2026-01-31T02:35:33.603+0000] {logging_mixin.py:188} INFO - [2026-01-31T02:35:33.603+0000] {__init__.py:554} WARNING - Matplotlib created a temporary cache directory at /tmp/matplotlib-2yj6j_ad because there was an issue with the default path (/home/airflow/.cache/matplotlib); it is highly recommended to set the MPLCONFIGDIR environment variable to a writable directory, in particular to speed up the import of Matplotlib and to better support multiprocessing.
[2026-01-31T02:35:33.736+0000] {logging_mixin.py:188} INFO - [2026-01-31T02:35:33.736+0000] {font_manager.py:1639} INFO - generated new fontManager
[2026-01-31T02:35:33.917+0000] {logging_mixin.py:188} INFO - IP resolvido para MLflow: http://192.168.65.254:5000/
[2026-01-31T02:35:33.921+0000] {logging_mixin.py:188} WARNING - /opt/airflow/dags/train.py:37 RemovedInAirflow3Warning: Function `days_ago` is deprecated and will be removed in Airflow 3.0. You can achieve equivalent behavior with `pendulum.today('UTC').add(days=-N, ...)`
[2026-01-31T02:35:33.922+0000] {logging_mixin.py:188} WARNING - /opt/airflow/dags/train.py:32 RemovedInAirflow3Warning: Param `schedule_interval` is deprecated and will be removed in a future release. Please use `schedule` instead.
[2026-01-31T02:35:33.926+0000] {processor.py:840} INFO - DAG(s) 'ml_training_pipeline' retrieved from /opt/airflow/dags/train.py
[2026-01-31T02:35:33.946+0000] {logging_mixin.py:188} INFO - [2026-01-31T02:35:33.945+0000] {dag.py:3096} INFO - Sync 1 DAGs
[2026-01-31T02:35:33.965+0000] {logging_mixin.py:188} INFO - [2026-01-31T02:35:33.965+0000] {dag.py:3954} INFO - Setting next_dagrun for ml_training_pipeline to 2026-02-01 00:00:00+00:00, run_after=2026-02-08 00:00:00+00:00
[2026-01-31T02:35:33.982+0000] {processor.py:183} INFO - Processing /opt/airflow/dags/train.py took 3.035 seconds
[2026-01-31T02:36:04.078+0000] {processor.py:161} INFO - Started process (PID=15991) to work on /opt/airflow/dags/train.py
[2026-01-31T02:36:04.078+0000] {processor.py:830} INFO - Processing file /opt/airflow/dags/train.py for tasks to queue
[2026-01-31T02:36:04.080+0000] {logging_mixin.py:188} INFO - [2026-01-31T02:36:04.079+0000] {dagbag.py:545} INFO - Filling up the DagBag from /opt/airflow/dags/train.py
[2026-01-31T02:36:06.575+0000] {logging_mixin.py:188} INFO - [2026-01-31T02:36:06.574+0000] {__init__.py:537} WARNING - mkdir -p failed for path /home/airflow/.cache/matplotlib: [Errno 13] Permission denied: '/home/airflow/.cache/matplotlib'
[2026-01-31T02:36:06.576+0000] {logging_mixin.py:188} INFO - [2026-01-31T02:36:06.575+0000] {__init__.py:554} WARNING - Matplotlib created a temporary cache directory at /tmp/matplotlib-ai9amx31 because there was an issue with the default path (/home/airflow/.cache/matplotlib); it is highly recommended to set the MPLCONFIGDIR environment variable to a writable directory, in particular to speed up the import of Matplotlib and to better support multiprocessing.
[2026-01-31T02:36:06.665+0000] {logging_mixin.py:188} INFO - [2026-01-31T02:36:06.665+0000] {font_manager.py:1639} INFO - generated new fontManager
[2026-01-31T02:36:06.815+0000] {logging_mixin.py:188} INFO - IP resolvido para MLflow: http://192.168.65.254:5000/
[2026-01-31T02:36:06.818+0000] {logging_mixin.py:188} WARNING - /opt/airflow/dags/train.py:37 RemovedInAirflow3Warning: Function `days_ago` is deprecated and will be removed in Airflow 3.0. You can achieve equivalent behavior with `pendulum.today('UTC').add(days=-N, ...)`
[2026-01-31T02:36:06.818+0000] {logging_mixin.py:188} WARNING - /opt/airflow/dags/train.py:32 RemovedInAirflow3Warning: Param `schedule_interval` is deprecated and will be removed in a future release. Please use `schedule` instead.
[2026-01-31T02:36:06.822+0000] {processor.py:840} INFO - DAG(s) 'ml_training_pipeline' retrieved from /opt/airflow/dags/train.py
[2026-01-31T02:36:06.839+0000] {logging_mixin.py:188} INFO - [2026-01-31T02:36:06.839+0000] {dag.py:3096} INFO - Sync 1 DAGs
[2026-01-31T02:36:06.852+0000] {logging_mixin.py:188} INFO - [2026-01-31T02:36:06.852+0000] {dag.py:3954} INFO - Setting next_dagrun for ml_training_pipeline to 2026-02-01 00:00:00+00:00, run_after=2026-02-08 00:00:00+00:00
[2026-01-31T02:36:06.865+0000] {processor.py:183} INFO - Processing /opt/airflow/dags/train.py took 2.791 seconds
[2026-01-31T02:36:37.341+0000] {processor.py:161} INFO - Started process (PID=16038) to work on /opt/airflow/dags/train.py
[2026-01-31T02:36:37.345+0000] {processor.py:830} INFO - Processing file /opt/airflow/dags/train.py for tasks to queue
[2026-01-31T02:36:37.347+0000] {logging_mixin.py:188} INFO - [2026-01-31T02:36:37.346+0000] {dagbag.py:545} INFO - Filling up the DagBag from /opt/airflow/dags/train.py
[2026-01-31T02:36:40.928+0000] {logging_mixin.py:188} INFO - [2026-01-31T02:36:40.928+0000] {__init__.py:537} WARNING - mkdir -p failed for path /home/airflow/.cache/matplotlib: [Errno 13] Permission denied: '/home/airflow/.cache/matplotlib'
[2026-01-31T02:36:40.929+0000] {logging_mixin.py:188} INFO - [2026-01-31T02:36:40.929+0000] {__init__.py:554} WARNING - Matplotlib created a temporary cache directory at /tmp/matplotlib-ze90x7la because there was an issue with the default path (/home/airflow/.cache/matplotlib); it is highly recommended to set the MPLCONFIGDIR environment variable to a writable directory, in particular to speed up the import of Matplotlib and to better support multiprocessing.
[2026-01-31T02:36:41.053+0000] {logging_mixin.py:188} INFO - [2026-01-31T02:36:41.052+0000] {font_manager.py:1639} INFO - generated new fontManager
[2026-01-31T02:36:41.245+0000] {logging_mixin.py:188} INFO - IP resolvido para MLflow: http://192.168.65.254:5000/
[2026-01-31T02:36:41.247+0000] {logging_mixin.py:188} WARNING - /opt/airflow/dags/train.py:37 RemovedInAirflow3Warning: Function `days_ago` is deprecated and will be removed in Airflow 3.0. You can achieve equivalent behavior with `pendulum.today('UTC').add(days=-N, ...)`
[2026-01-31T02:36:41.248+0000] {logging_mixin.py:188} WARNING - /opt/airflow/dags/train.py:32 RemovedInAirflow3Warning: Param `schedule_interval` is deprecated and will be removed in a future release. Please use `schedule` instead.
[2026-01-31T02:36:41.253+0000] {processor.py:840} INFO - DAG(s) 'ml_training_pipeline' retrieved from /opt/airflow/dags/train.py
[2026-01-31T02:36:41.273+0000] {logging_mixin.py:188} INFO - [2026-01-31T02:36:41.272+0000] {dag.py:3096} INFO - Sync 1 DAGs
[2026-01-31T02:36:41.287+0000] {logging_mixin.py:188} INFO - [2026-01-31T02:36:41.287+0000] {dag.py:3954} INFO - Setting next_dagrun for ml_training_pipeline to 2026-02-01 00:00:00+00:00, run_after=2026-02-08 00:00:00+00:00
[2026-01-31T02:36:41.303+0000] {processor.py:183} INFO - Processing /opt/airflow/dags/train.py took 3.967 seconds
[2026-01-31T02:37:12.014+0000] {processor.py:161} INFO - Started process (PID=16086) to work on /opt/airflow/dags/train.py
[2026-01-31T02:37:12.015+0000] {processor.py:830} INFO - Processing file /opt/airflow/dags/train.py for tasks to queue
[2026-01-31T02:37:12.017+0000] {logging_mixin.py:188} INFO - [2026-01-31T02:37:12.017+0000] {dagbag.py:545} INFO - Filling up the DagBag from /opt/airflow/dags/train.py
[2026-01-31T02:37:14.400+0000] {logging_mixin.py:188} INFO - [2026-01-31T02:37:14.400+0000] {__init__.py:537} WARNING - mkdir -p failed for path /home/airflow/.cache/matplotlib: [Errno 13] Permission denied: '/home/airflow/.cache/matplotlib'
[2026-01-31T02:37:14.401+0000] {logging_mixin.py:188} INFO - [2026-01-31T02:37:14.401+0000] {__init__.py:554} WARNING - Matplotlib created a temporary cache directory at /tmp/matplotlib-p207p51a because there was an issue with the default path (/home/airflow/.cache/matplotlib); it is highly recommended to set the MPLCONFIGDIR environment variable to a writable directory, in particular to speed up the import of Matplotlib and to better support multiprocessing.
[2026-01-31T02:37:14.486+0000] {logging_mixin.py:188} INFO - [2026-01-31T02:37:14.486+0000] {font_manager.py:1639} INFO - generated new fontManager
[2026-01-31T02:37:14.617+0000] {logging_mixin.py:188} INFO - IP resolvido para MLflow: http://192.168.65.254:5000/
[2026-01-31T02:37:14.619+0000] {logging_mixin.py:188} WARNING - /opt/airflow/dags/train.py:37 RemovedInAirflow3Warning: Function `days_ago` is deprecated and will be removed in Airflow 3.0. You can achieve equivalent behavior with `pendulum.today('UTC').add(days=-N, ...)`
[2026-01-31T02:37:14.620+0000] {logging_mixin.py:188} WARNING - /opt/airflow/dags/train.py:32 RemovedInAirflow3Warning: Param `schedule_interval` is deprecated and will be removed in a future release. Please use `schedule` instead.
[2026-01-31T02:37:14.623+0000] {processor.py:840} INFO - DAG(s) 'ml_training_pipeline' retrieved from /opt/airflow/dags/train.py
[2026-01-31T02:37:14.639+0000] {logging_mixin.py:188} INFO - [2026-01-31T02:37:14.639+0000] {dag.py:3096} INFO - Sync 1 DAGs
[2026-01-31T02:37:14.652+0000] {logging_mixin.py:188} INFO - [2026-01-31T02:37:14.652+0000] {dag.py:3954} INFO - Setting next_dagrun for ml_training_pipeline to 2026-02-01 00:00:00+00:00, run_after=2026-02-08 00:00:00+00:00
[2026-01-31T02:37:14.665+0000] {processor.py:183} INFO - Processing /opt/airflow/dags/train.py took 2.656 seconds
[2026-01-31T02:37:45.452+0000] {processor.py:161} INFO - Started process (PID=16140) to work on /opt/airflow/dags/train.py
[2026-01-31T02:37:45.454+0000] {processor.py:830} INFO - Processing file /opt/airflow/dags/train.py for tasks to queue
[2026-01-31T02:37:45.455+0000] {logging_mixin.py:188} INFO - [2026-01-31T02:37:45.455+0000] {dagbag.py:545} INFO - Filling up the DagBag from /opt/airflow/dags/train.py
[2026-01-31T02:37:47.714+0000] {logging_mixin.py:188} INFO - [2026-01-31T02:37:47.714+0000] {__init__.py:537} WARNING - mkdir -p failed for path /home/airflow/.cache/matplotlib: [Errno 13] Permission denied: '/home/airflow/.cache/matplotlib'
[2026-01-31T02:37:47.715+0000] {logging_mixin.py:188} INFO - [2026-01-31T02:37:47.715+0000] {__init__.py:554} WARNING - Matplotlib created a temporary cache directory at /tmp/matplotlib-pp8t3rwc because there was an issue with the default path (/home/airflow/.cache/matplotlib); it is highly recommended to set the MPLCONFIGDIR environment variable to a writable directory, in particular to speed up the import of Matplotlib and to better support multiprocessing.
[2026-01-31T02:37:47.797+0000] {logging_mixin.py:188} INFO - [2026-01-31T02:37:47.797+0000] {font_manager.py:1639} INFO - generated new fontManager
[2026-01-31T02:37:47.946+0000] {logging_mixin.py:188} INFO - IP resolvido para MLflow: http://192.168.65.254:5000/
[2026-01-31T02:37:47.948+0000] {logging_mixin.py:188} WARNING - /opt/airflow/dags/train.py:37 RemovedInAirflow3Warning: Function `days_ago` is deprecated and will be removed in Airflow 3.0. You can achieve equivalent behavior with `pendulum.today('UTC').add(days=-N, ...)`
[2026-01-31T02:37:47.949+0000] {logging_mixin.py:188} WARNING - /opt/airflow/dags/train.py:32 RemovedInAirflow3Warning: Param `schedule_interval` is deprecated and will be removed in a future release. Please use `schedule` instead.
[2026-01-31T02:37:47.953+0000] {processor.py:840} INFO - DAG(s) 'ml_training_pipeline' retrieved from /opt/airflow/dags/train.py
[2026-01-31T02:37:47.971+0000] {logging_mixin.py:188} INFO - [2026-01-31T02:37:47.971+0000] {dag.py:3096} INFO - Sync 1 DAGs
[2026-01-31T02:37:47.986+0000] {logging_mixin.py:188} INFO - [2026-01-31T02:37:47.986+0000] {dag.py:3954} INFO - Setting next_dagrun for ml_training_pipeline to 2026-02-01 00:00:00+00:00, run_after=2026-02-08 00:00:00+00:00
[2026-01-31T02:37:48.001+0000] {processor.py:183} INFO - Processing /opt/airflow/dags/train.py took 2.553 seconds
[2026-01-31T02:38:18.362+0000] {processor.py:161} INFO - Started process (PID=16181) to work on /opt/airflow/dags/train.py
[2026-01-31T02:38:18.362+0000] {processor.py:830} INFO - Processing file /opt/airflow/dags/train.py for tasks to queue
[2026-01-31T02:38:18.364+0000] {logging_mixin.py:188} INFO - [2026-01-31T02:38:18.363+0000] {dagbag.py:545} INFO - Filling up the DagBag from /opt/airflow/dags/train.py
[2026-01-31T02:38:20.349+0000] {logging_mixin.py:188} INFO - [2026-01-31T02:38:20.348+0000] {__init__.py:537} WARNING - mkdir -p failed for path /home/airflow/.cache/matplotlib: [Errno 13] Permission denied: '/home/airflow/.cache/matplotlib'
[2026-01-31T02:38:20.350+0000] {logging_mixin.py:188} INFO - [2026-01-31T02:38:20.350+0000] {__init__.py:554} WARNING - Matplotlib created a temporary cache directory at /tmp/matplotlib-kthamice because there was an issue with the default path (/home/airflow/.cache/matplotlib); it is highly recommended to set the MPLCONFIGDIR environment variable to a writable directory, in particular to speed up the import of Matplotlib and to better support multiprocessing.
[2026-01-31T02:38:20.426+0000] {logging_mixin.py:188} INFO - [2026-01-31T02:38:20.426+0000] {font_manager.py:1639} INFO - generated new fontManager
[2026-01-31T02:38:20.551+0000] {logging_mixin.py:188} INFO - IP resolvido para MLflow: http://192.168.65.254:5000/
[2026-01-31T02:38:20.554+0000] {logging_mixin.py:188} WARNING - /opt/airflow/dags/train.py:37 RemovedInAirflow3Warning: Function `days_ago` is deprecated and will be removed in Airflow 3.0. You can achieve equivalent behavior with `pendulum.today('UTC').add(days=-N, ...)`
[2026-01-31T02:38:20.555+0000] {logging_mixin.py:188} WARNING - /opt/airflow/dags/train.py:32 RemovedInAirflow3Warning: Param `schedule_interval` is deprecated and will be removed in a future release. Please use `schedule` instead.
[2026-01-31T02:38:20.558+0000] {processor.py:840} INFO - DAG(s) 'ml_training_pipeline' retrieved from /opt/airflow/dags/train.py
[2026-01-31T02:38:20.573+0000] {logging_mixin.py:188} INFO - [2026-01-31T02:38:20.573+0000] {dag.py:3096} INFO - Sync 1 DAGs
[2026-01-31T02:38:20.586+0000] {logging_mixin.py:188} INFO - [2026-01-31T02:38:20.585+0000] {dag.py:3954} INFO - Setting next_dagrun for ml_training_pipeline to 2026-02-01 00:00:00+00:00, run_after=2026-02-08 00:00:00+00:00
[2026-01-31T02:38:20.599+0000] {processor.py:183} INFO - Processing /opt/airflow/dags/train.py took 2.242 seconds
[2026-01-31T02:38:51.495+0000] {processor.py:161} INFO - Started process (PID=16228) to work on /opt/airflow/dags/train.py
[2026-01-31T02:38:51.496+0000] {processor.py:830} INFO - Processing file /opt/airflow/dags/train.py for tasks to queue
[2026-01-31T02:38:51.498+0000] {logging_mixin.py:188} INFO - [2026-01-31T02:38:51.497+0000] {dagbag.py:545} INFO - Filling up the DagBag from /opt/airflow/dags/train.py
[2026-01-31T02:38:54.101+0000] {logging_mixin.py:188} INFO - [2026-01-31T02:38:54.101+0000] {__init__.py:537} WARNING - mkdir -p failed for path /home/airflow/.cache/matplotlib: [Errno 13] Permission denied: '/home/airflow/.cache/matplotlib'
[2026-01-31T02:38:54.102+0000] {logging_mixin.py:188} INFO - [2026-01-31T02:38:54.101+0000] {__init__.py:554} WARNING - Matplotlib created a temporary cache directory at /tmp/matplotlib-vmg_r416 because there was an issue with the default path (/home/airflow/.cache/matplotlib); it is highly recommended to set the MPLCONFIGDIR environment variable to a writable directory, in particular to speed up the import of Matplotlib and to better support multiprocessing.
[2026-01-31T02:38:54.183+0000] {logging_mixin.py:188} INFO - [2026-01-31T02:38:54.182+0000] {font_manager.py:1639} INFO - generated new fontManager
[2026-01-31T02:38:54.318+0000] {logging_mixin.py:188} INFO - IP resolvido para MLflow: http://192.168.65.254:5000/
[2026-01-31T02:38:54.324+0000] {logging_mixin.py:188} WARNING - /opt/airflow/dags/train.py:37 RemovedInAirflow3Warning: Function `days_ago` is deprecated and will be removed in Airflow 3.0. You can achieve equivalent behavior with `pendulum.today('UTC').add(days=-N, ...)`
[2026-01-31T02:38:54.325+0000] {logging_mixin.py:188} WARNING - /opt/airflow/dags/train.py:32 RemovedInAirflow3Warning: Param `schedule_interval` is deprecated and will be removed in a future release. Please use `schedule` instead.
[2026-01-31T02:38:54.329+0000] {processor.py:840} INFO - DAG(s) 'ml_training_pipeline' retrieved from /opt/airflow/dags/train.py
[2026-01-31T02:38:54.343+0000] {logging_mixin.py:188} INFO - [2026-01-31T02:38:54.343+0000] {dag.py:3096} INFO - Sync 1 DAGs
[2026-01-31T02:38:54.354+0000] {logging_mixin.py:188} INFO - [2026-01-31T02:38:54.354+0000] {dag.py:3954} INFO - Setting next_dagrun for ml_training_pipeline to 2026-02-01 00:00:00+00:00, run_after=2026-02-08 00:00:00+00:00
[2026-01-31T02:38:54.367+0000] {processor.py:183} INFO - Processing /opt/airflow/dags/train.py took 2.876 seconds
[2026-01-31T02:39:24.450+0000] {processor.py:161} INFO - Started process (PID=16275) to work on /opt/airflow/dags/train.py
[2026-01-31T02:39:24.451+0000] {processor.py:830} INFO - Processing file /opt/airflow/dags/train.py for tasks to queue
[2026-01-31T02:39:24.452+0000] {logging_mixin.py:188} INFO - [2026-01-31T02:39:24.452+0000] {dagbag.py:545} INFO - Filling up the DagBag from /opt/airflow/dags/train.py
[2026-01-31T02:39:26.502+0000] {logging_mixin.py:188} INFO - [2026-01-31T02:39:26.502+0000] {__init__.py:537} WARNING - mkdir -p failed for path /home/airflow/.cache/matplotlib: [Errno 13] Permission denied: '/home/airflow/.cache/matplotlib'
[2026-01-31T02:39:26.503+0000] {logging_mixin.py:188} INFO - [2026-01-31T02:39:26.503+0000] {__init__.py:554} WARNING - Matplotlib created a temporary cache directory at /tmp/matplotlib-1j0pajkq because there was an issue with the default path (/home/airflow/.cache/matplotlib); it is highly recommended to set the MPLCONFIGDIR environment variable to a writable directory, in particular to speed up the import of Matplotlib and to better support multiprocessing.
[2026-01-31T02:39:26.579+0000] {logging_mixin.py:188} INFO - [2026-01-31T02:39:26.579+0000] {font_manager.py:1639} INFO - generated new fontManager
[2026-01-31T02:39:26.708+0000] {logging_mixin.py:188} INFO - IP resolvido para MLflow: http://192.168.65.254:5000/
[2026-01-31T02:39:26.711+0000] {logging_mixin.py:188} WARNING - /opt/airflow/dags/train.py:37 RemovedInAirflow3Warning: Function `days_ago` is deprecated and will be removed in Airflow 3.0. You can achieve equivalent behavior with `pendulum.today('UTC').add(days=-N, ...)`
[2026-01-31T02:39:26.711+0000] {logging_mixin.py:188} WARNING - /opt/airflow/dags/train.py:32 RemovedInAirflow3Warning: Param `schedule_interval` is deprecated and will be removed in a future release. Please use `schedule` instead.
[2026-01-31T02:39:26.715+0000] {processor.py:840} INFO - DAG(s) 'ml_training_pipeline' retrieved from /opt/airflow/dags/train.py
[2026-01-31T02:39:26.730+0000] {logging_mixin.py:188} INFO - [2026-01-31T02:39:26.729+0000] {dag.py:3096} INFO - Sync 1 DAGs
[2026-01-31T02:39:26.741+0000] {logging_mixin.py:188} INFO - [2026-01-31T02:39:26.741+0000] {dag.py:3954} INFO - Setting next_dagrun for ml_training_pipeline to 2026-02-01 00:00:00+00:00, run_after=2026-02-08 00:00:00+00:00
[2026-01-31T02:39:26.753+0000] {processor.py:183} INFO - Processing /opt/airflow/dags/train.py took 2.306 seconds
[2026-01-31T02:39:57.195+0000] {processor.py:161} INFO - Started process (PID=16322) to work on /opt/airflow/dags/train.py
[2026-01-31T02:39:57.197+0000] {processor.py:830} INFO - Processing file /opt/airflow/dags/train.py for tasks to queue
[2026-01-31T02:39:57.198+0000] {logging_mixin.py:188} INFO - [2026-01-31T02:39:57.197+0000] {dagbag.py:545} INFO - Filling up the DagBag from /opt/airflow/dags/train.py
[2026-01-31T02:39:59.215+0000] {logging_mixin.py:188} INFO - [2026-01-31T02:39:59.215+0000] {__init__.py:537} WARNING - mkdir -p failed for path /home/airflow/.cache/matplotlib: [Errno 13] Permission denied: '/home/airflow/.cache/matplotlib'
[2026-01-31T02:39:59.216+0000] {logging_mixin.py:188} INFO - [2026-01-31T02:39:59.216+0000] {__init__.py:554} WARNING - Matplotlib created a temporary cache directory at /tmp/matplotlib-ebe6s1jr because there was an issue with the default path (/home/airflow/.cache/matplotlib); it is highly recommended to set the MPLCONFIGDIR environment variable to a writable directory, in particular to speed up the import of Matplotlib and to better support multiprocessing.
[2026-01-31T02:39:59.291+0000] {logging_mixin.py:188} INFO - [2026-01-31T02:39:59.291+0000] {font_manager.py:1639} INFO - generated new fontManager
[2026-01-31T02:39:59.411+0000] {logging_mixin.py:188} INFO - IP resolvido para MLflow: http://192.168.65.254:5000/
[2026-01-31T02:39:59.415+0000] {logging_mixin.py:188} WARNING - /opt/airflow/dags/train.py:37 RemovedInAirflow3Warning: Function `days_ago` is deprecated and will be removed in Airflow 3.0. You can achieve equivalent behavior with `pendulum.today('UTC').add(days=-N, ...)`
[2026-01-31T02:39:59.415+0000] {logging_mixin.py:188} WARNING - /opt/airflow/dags/train.py:32 RemovedInAirflow3Warning: Param `schedule_interval` is deprecated and will be removed in a future release. Please use `schedule` instead.
[2026-01-31T02:39:59.419+0000] {processor.py:840} INFO - DAG(s) 'ml_training_pipeline' retrieved from /opt/airflow/dags/train.py
[2026-01-31T02:39:59.435+0000] {logging_mixin.py:188} INFO - [2026-01-31T02:39:59.434+0000] {dag.py:3096} INFO - Sync 1 DAGs
[2026-01-31T02:39:59.447+0000] {logging_mixin.py:188} INFO - [2026-01-31T02:39:59.447+0000] {dag.py:3954} INFO - Setting next_dagrun for ml_training_pipeline to 2026-02-01 00:00:00+00:00, run_after=2026-02-08 00:00:00+00:00
[2026-01-31T02:39:59.459+0000] {processor.py:183} INFO - Processing /opt/airflow/dags/train.py took 2.269 seconds
[2026-01-31T02:40:30.043+0000] {processor.py:161} INFO - Started process (PID=16369) to work on /opt/airflow/dags/train.py
[2026-01-31T02:40:30.043+0000] {processor.py:830} INFO - Processing file /opt/airflow/dags/train.py for tasks to queue
[2026-01-31T02:40:30.044+0000] {logging_mixin.py:188} INFO - [2026-01-31T02:40:30.044+0000] {dagbag.py:545} INFO - Filling up the DagBag from /opt/airflow/dags/train.py
[2026-01-31T02:40:32.109+0000] {logging_mixin.py:188} INFO - [2026-01-31T02:40:32.109+0000] {__init__.py:537} WARNING - mkdir -p failed for path /home/airflow/.cache/matplotlib: [Errno 13] Permission denied: '/home/airflow/.cache/matplotlib'
[2026-01-31T02:40:32.110+0000] {logging_mixin.py:188} INFO - [2026-01-31T02:40:32.110+0000] {__init__.py:554} WARNING - Matplotlib created a temporary cache directory at /tmp/matplotlib-en4la7db because there was an issue with the default path (/home/airflow/.cache/matplotlib); it is highly recommended to set the MPLCONFIGDIR environment variable to a writable directory, in particular to speed up the import of Matplotlib and to better support multiprocessing.
[2026-01-31T02:40:32.212+0000] {logging_mixin.py:188} INFO - [2026-01-31T02:40:32.211+0000] {font_manager.py:1639} INFO - generated new fontManager
[2026-01-31T02:40:32.351+0000] {logging_mixin.py:188} INFO - IP resolvido para MLflow: http://192.168.65.254:5000/
[2026-01-31T02:40:32.353+0000] {logging_mixin.py:188} WARNING - /opt/airflow/dags/train.py:37 RemovedInAirflow3Warning: Function `days_ago` is deprecated and will be removed in Airflow 3.0. You can achieve equivalent behavior with `pendulum.today('UTC').add(days=-N, ...)`
[2026-01-31T02:40:32.353+0000] {logging_mixin.py:188} WARNING - /opt/airflow/dags/train.py:32 RemovedInAirflow3Warning: Param `schedule_interval` is deprecated and will be removed in a future release. Please use `schedule` instead.
[2026-01-31T02:40:32.357+0000] {processor.py:840} INFO - DAG(s) 'ml_training_pipeline' retrieved from /opt/airflow/dags/train.py
[2026-01-31T02:40:32.372+0000] {logging_mixin.py:188} INFO - [2026-01-31T02:40:32.372+0000] {dag.py:3096} INFO - Sync 1 DAGs
[2026-01-31T02:40:32.385+0000] {logging_mixin.py:188} INFO - [2026-01-31T02:40:32.385+0000] {dag.py:3954} INFO - Setting next_dagrun for ml_training_pipeline to 2026-02-01 00:00:00+00:00, run_after=2026-02-08 00:00:00+00:00
[2026-01-31T02:40:32.399+0000] {processor.py:183} INFO - Processing /opt/airflow/dags/train.py took 2.361 seconds
[2026-01-31T02:41:03.274+0000] {processor.py:161} INFO - Started process (PID=16416) to work on /opt/airflow/dags/train.py
[2026-01-31T02:41:03.277+0000] {processor.py:830} INFO - Processing file /opt/airflow/dags/train.py for tasks to queue
[2026-01-31T02:41:03.279+0000] {logging_mixin.py:188} INFO - [2026-01-31T02:41:03.278+0000] {dagbag.py:545} INFO - Filling up the DagBag from /opt/airflow/dags/train.py
[2026-01-31T02:41:05.477+0000] {logging_mixin.py:188} INFO - [2026-01-31T02:41:05.477+0000] {__init__.py:537} WARNING - mkdir -p failed for path /home/airflow/.cache/matplotlib: [Errno 13] Permission denied: '/home/airflow/.cache/matplotlib'
[2026-01-31T02:41:05.478+0000] {logging_mixin.py:188} INFO - [2026-01-31T02:41:05.477+0000] {__init__.py:554} WARNING - Matplotlib created a temporary cache directory at /tmp/matplotlib-_mqyyrcv because there was an issue with the default path (/home/airflow/.cache/matplotlib); it is highly recommended to set the MPLCONFIGDIR environment variable to a writable directory, in particular to speed up the import of Matplotlib and to better support multiprocessing.
[2026-01-31T02:41:05.553+0000] {logging_mixin.py:188} INFO - [2026-01-31T02:41:05.552+0000] {font_manager.py:1639} INFO - generated new fontManager
[2026-01-31T02:41:05.678+0000] {logging_mixin.py:188} INFO - IP resolvido para MLflow: http://192.168.65.254:5000/
[2026-01-31T02:41:05.680+0000] {logging_mixin.py:188} WARNING - /opt/airflow/dags/train.py:37 RemovedInAirflow3Warning: Function `days_ago` is deprecated and will be removed in Airflow 3.0. You can achieve equivalent behavior with `pendulum.today('UTC').add(days=-N, ...)`
[2026-01-31T02:41:05.681+0000] {logging_mixin.py:188} WARNING - /opt/airflow/dags/train.py:32 RemovedInAirflow3Warning: Param `schedule_interval` is deprecated and will be removed in a future release. Please use `schedule` instead.
[2026-01-31T02:41:05.684+0000] {processor.py:840} INFO - DAG(s) 'ml_training_pipeline' retrieved from /opt/airflow/dags/train.py
[2026-01-31T02:41:05.698+0000] {logging_mixin.py:188} INFO - [2026-01-31T02:41:05.698+0000] {dag.py:3096} INFO - Sync 1 DAGs
[2026-01-31T02:41:05.710+0000] {logging_mixin.py:188} INFO - [2026-01-31T02:41:05.710+0000] {dag.py:3954} INFO - Setting next_dagrun for ml_training_pipeline to 2026-02-01 00:00:00+00:00, run_after=2026-02-08 00:00:00+00:00
[2026-01-31T02:41:05.721+0000] {processor.py:183} INFO - Processing /opt/airflow/dags/train.py took 2.453 seconds
[2026-01-31T02:41:36.052+0000] {processor.py:161} INFO - Started process (PID=16463) to work on /opt/airflow/dags/train.py
[2026-01-31T02:41:36.052+0000] {processor.py:830} INFO - Processing file /opt/airflow/dags/train.py for tasks to queue
[2026-01-31T02:41:36.053+0000] {logging_mixin.py:188} INFO - [2026-01-31T02:41:36.053+0000] {dagbag.py:545} INFO - Filling up the DagBag from /opt/airflow/dags/train.py
[2026-01-31T02:41:38.184+0000] {logging_mixin.py:188} INFO - [2026-01-31T02:41:38.184+0000] {__init__.py:537} WARNING - mkdir -p failed for path /home/airflow/.cache/matplotlib: [Errno 13] Permission denied: '/home/airflow/.cache/matplotlib'
[2026-01-31T02:41:38.184+0000] {logging_mixin.py:188} INFO - [2026-01-31T02:41:38.184+0000] {__init__.py:554} WARNING - Matplotlib created a temporary cache directory at /tmp/matplotlib-hhck416u because there was an issue with the default path (/home/airflow/.cache/matplotlib); it is highly recommended to set the MPLCONFIGDIR environment variable to a writable directory, in particular to speed up the import of Matplotlib and to better support multiprocessing.
[2026-01-31T02:41:38.273+0000] {logging_mixin.py:188} INFO - [2026-01-31T02:41:38.273+0000] {font_manager.py:1639} INFO - generated new fontManager
[2026-01-31T02:41:38.405+0000] {logging_mixin.py:188} INFO - IP resolvido para MLflow: http://192.168.65.254:5000/
[2026-01-31T02:41:38.408+0000] {logging_mixin.py:188} WARNING - /opt/airflow/dags/train.py:37 RemovedInAirflow3Warning: Function `days_ago` is deprecated and will be removed in Airflow 3.0. You can achieve equivalent behavior with `pendulum.today('UTC').add(days=-N, ...)`
[2026-01-31T02:41:38.409+0000] {logging_mixin.py:188} WARNING - /opt/airflow/dags/train.py:32 RemovedInAirflow3Warning: Param `schedule_interval` is deprecated and will be removed in a future release. Please use `schedule` instead.
[2026-01-31T02:41:38.412+0000] {processor.py:840} INFO - DAG(s) 'ml_training_pipeline' retrieved from /opt/airflow/dags/train.py
[2026-01-31T02:41:38.431+0000] {logging_mixin.py:188} INFO - [2026-01-31T02:41:38.431+0000] {dag.py:3096} INFO - Sync 1 DAGs
[2026-01-31T02:41:38.446+0000] {logging_mixin.py:188} INFO - [2026-01-31T02:41:38.446+0000] {dag.py:3954} INFO - Setting next_dagrun for ml_training_pipeline to 2026-02-01 00:00:00+00:00, run_after=2026-02-08 00:00:00+00:00
[2026-01-31T02:41:38.461+0000] {processor.py:183} INFO - Processing /opt/airflow/dags/train.py took 2.413 seconds
[2026-01-31T02:42:08.636+0000] {processor.py:161} INFO - Started process (PID=16510) to work on /opt/airflow/dags/train.py
[2026-01-31T02:42:08.638+0000] {processor.py:830} INFO - Processing file /opt/airflow/dags/train.py for tasks to queue
[2026-01-31T02:42:08.639+0000] {logging_mixin.py:188} INFO - [2026-01-31T02:42:08.639+0000] {dagbag.py:545} INFO - Filling up the DagBag from /opt/airflow/dags/train.py
[2026-01-31T02:42:10.692+0000] {logging_mixin.py:188} INFO - [2026-01-31T02:42:10.692+0000] {__init__.py:537} WARNING - mkdir -p failed for path /home/airflow/.cache/matplotlib: [Errno 13] Permission denied: '/home/airflow/.cache/matplotlib'
[2026-01-31T02:42:10.693+0000] {logging_mixin.py:188} INFO - [2026-01-31T02:42:10.693+0000] {__init__.py:554} WARNING - Matplotlib created a temporary cache directory at /tmp/matplotlib-h891slse because there was an issue with the default path (/home/airflow/.cache/matplotlib); it is highly recommended to set the MPLCONFIGDIR environment variable to a writable directory, in particular to speed up the import of Matplotlib and to better support multiprocessing.
[2026-01-31T02:42:10.771+0000] {logging_mixin.py:188} INFO - [2026-01-31T02:42:10.771+0000] {font_manager.py:1639} INFO - generated new fontManager
[2026-01-31T02:42:10.890+0000] {logging_mixin.py:188} INFO - IP resolvido para MLflow: http://192.168.65.254:5000/
[2026-01-31T02:42:10.893+0000] {logging_mixin.py:188} WARNING - /opt/airflow/dags/train.py:37 RemovedInAirflow3Warning: Function `days_ago` is deprecated and will be removed in Airflow 3.0. You can achieve equivalent behavior with `pendulum.today('UTC').add(days=-N, ...)`
[2026-01-31T02:42:10.893+0000] {logging_mixin.py:188} WARNING - /opt/airflow/dags/train.py:32 RemovedInAirflow3Warning: Param `schedule_interval` is deprecated and will be removed in a future release. Please use `schedule` instead.
[2026-01-31T02:42:10.897+0000] {processor.py:840} INFO - DAG(s) 'ml_training_pipeline' retrieved from /opt/airflow/dags/train.py
[2026-01-31T02:42:10.912+0000] {logging_mixin.py:188} INFO - [2026-01-31T02:42:10.912+0000] {dag.py:3096} INFO - Sync 1 DAGs
[2026-01-31T02:42:10.923+0000] {logging_mixin.py:188} INFO - [2026-01-31T02:42:10.923+0000] {dag.py:3954} INFO - Setting next_dagrun for ml_training_pipeline to 2026-02-01 00:00:00+00:00, run_after=2026-02-08 00:00:00+00:00
[2026-01-31T02:42:10.937+0000] {processor.py:183} INFO - Processing /opt/airflow/dags/train.py took 2.304 seconds
[2026-01-31T02:42:41.582+0000] {processor.py:161} INFO - Started process (PID=16557) to work on /opt/airflow/dags/train.py
[2026-01-31T02:42:41.583+0000] {processor.py:830} INFO - Processing file /opt/airflow/dags/train.py for tasks to queue
[2026-01-31T02:42:41.584+0000] {logging_mixin.py:188} INFO - [2026-01-31T02:42:41.583+0000] {dagbag.py:545} INFO - Filling up the DagBag from /opt/airflow/dags/train.py
[2026-01-31T02:42:43.771+0000] {logging_mixin.py:188} INFO - [2026-01-31T02:42:43.770+0000] {__init__.py:537} WARNING - mkdir -p failed for path /home/airflow/.cache/matplotlib: [Errno 13] Permission denied: '/home/airflow/.cache/matplotlib'
[2026-01-31T02:42:43.772+0000] {logging_mixin.py:188} INFO - [2026-01-31T02:42:43.771+0000] {__init__.py:554} WARNING - Matplotlib created a temporary cache directory at /tmp/matplotlib-7wbrjp10 because there was an issue with the default path (/home/airflow/.cache/matplotlib); it is highly recommended to set the MPLCONFIGDIR environment variable to a writable directory, in particular to speed up the import of Matplotlib and to better support multiprocessing.
[2026-01-31T02:42:43.854+0000] {logging_mixin.py:188} INFO - [2026-01-31T02:42:43.854+0000] {font_manager.py:1639} INFO - generated new fontManager
[2026-01-31T02:42:43.980+0000] {logging_mixin.py:188} INFO - IP resolvido para MLflow: http://192.168.65.254:5000/
[2026-01-31T02:42:43.983+0000] {logging_mixin.py:188} WARNING - /opt/airflow/dags/train.py:37 RemovedInAirflow3Warning: Function `days_ago` is deprecated and will be removed in Airflow 3.0. You can achieve equivalent behavior with `pendulum.today('UTC').add(days=-N, ...)`
[2026-01-31T02:42:43.984+0000] {logging_mixin.py:188} WARNING - /opt/airflow/dags/train.py:32 RemovedInAirflow3Warning: Param `schedule_interval` is deprecated and will be removed in a future release. Please use `schedule` instead.
[2026-01-31T02:42:43.987+0000] {processor.py:840} INFO - DAG(s) 'ml_training_pipeline' retrieved from /opt/airflow/dags/train.py
[2026-01-31T02:42:44.003+0000] {logging_mixin.py:188} INFO - [2026-01-31T02:42:44.002+0000] {dag.py:3096} INFO - Sync 1 DAGs
[2026-01-31T02:42:44.013+0000] {logging_mixin.py:188} INFO - [2026-01-31T02:42:44.013+0000] {dag.py:3954} INFO - Setting next_dagrun for ml_training_pipeline to 2026-02-01 00:00:00+00:00, run_after=2026-02-08 00:00:00+00:00
[2026-01-31T02:42:44.026+0000] {processor.py:183} INFO - Processing /opt/airflow/dags/train.py took 2.447 seconds
[2026-01-31T02:43:14.890+0000] {processor.py:161} INFO - Started process (PID=16605) to work on /opt/airflow/dags/train.py
[2026-01-31T02:43:14.893+0000] {processor.py:830} INFO - Processing file /opt/airflow/dags/train.py for tasks to queue
[2026-01-31T02:43:14.894+0000] {logging_mixin.py:188} INFO - [2026-01-31T02:43:14.894+0000] {dagbag.py:545} INFO - Filling up the DagBag from /opt/airflow/dags/train.py
[2026-01-31T02:43:16.966+0000] {logging_mixin.py:188} INFO - [2026-01-31T02:43:16.966+0000] {__init__.py:537} WARNING - mkdir -p failed for path /home/airflow/.cache/matplotlib: [Errno 13] Permission denied: '/home/airflow/.cache/matplotlib'
[2026-01-31T02:43:16.967+0000] {logging_mixin.py:188} INFO - [2026-01-31T02:43:16.967+0000] {__init__.py:554} WARNING - Matplotlib created a temporary cache directory at /tmp/matplotlib-a2fmou63 because there was an issue with the default path (/home/airflow/.cache/matplotlib); it is highly recommended to set the MPLCONFIGDIR environment variable to a writable directory, in particular to speed up the import of Matplotlib and to better support multiprocessing.
[2026-01-31T02:43:17.043+0000] {logging_mixin.py:188} INFO - [2026-01-31T02:43:17.042+0000] {font_manager.py:1639} INFO - generated new fontManager
[2026-01-31T02:43:17.165+0000] {logging_mixin.py:188} INFO - IP resolvido para MLflow: http://192.168.65.254:5000/
[2026-01-31T02:43:17.167+0000] {logging_mixin.py:188} WARNING - /opt/airflow/dags/train.py:37 RemovedInAirflow3Warning: Function `days_ago` is deprecated and will be removed in Airflow 3.0. You can achieve equivalent behavior with `pendulum.today('UTC').add(days=-N, ...)`
[2026-01-31T02:43:17.167+0000] {logging_mixin.py:188} WARNING - /opt/airflow/dags/train.py:32 RemovedInAirflow3Warning: Param `schedule_interval` is deprecated and will be removed in a future release. Please use `schedule` instead.
[2026-01-31T02:43:17.171+0000] {processor.py:840} INFO - DAG(s) 'ml_training_pipeline' retrieved from /opt/airflow/dags/train.py
[2026-01-31T02:43:17.185+0000] {logging_mixin.py:188} INFO - [2026-01-31T02:43:17.184+0000] {dag.py:3096} INFO - Sync 1 DAGs
[2026-01-31T02:43:17.196+0000] {logging_mixin.py:188} INFO - [2026-01-31T02:43:17.196+0000] {dag.py:3954} INFO - Setting next_dagrun for ml_training_pipeline to 2026-02-01 00:00:00+00:00, run_after=2026-02-08 00:00:00+00:00
[2026-01-31T02:43:17.208+0000] {processor.py:183} INFO - Processing /opt/airflow/dags/train.py took 2.322 seconds
[2026-01-31T02:43:47.986+0000] {processor.py:161} INFO - Started process (PID=16652) to work on /opt/airflow/dags/train.py
[2026-01-31T02:43:47.987+0000] {processor.py:830} INFO - Processing file /opt/airflow/dags/train.py for tasks to queue
[2026-01-31T02:43:47.990+0000] {logging_mixin.py:188} INFO - [2026-01-31T02:43:47.989+0000] {dagbag.py:545} INFO - Filling up the DagBag from /opt/airflow/dags/train.py
[2026-01-31T02:43:50.027+0000] {logging_mixin.py:188} INFO - [2026-01-31T02:43:50.027+0000] {__init__.py:537} WARNING - mkdir -p failed for path /home/airflow/.cache/matplotlib: [Errno 13] Permission denied: '/home/airflow/.cache/matplotlib'
[2026-01-31T02:43:50.028+0000] {logging_mixin.py:188} INFO - [2026-01-31T02:43:50.028+0000] {__init__.py:554} WARNING - Matplotlib created a temporary cache directory at /tmp/matplotlib-qqgabvqj because there was an issue with the default path (/home/airflow/.cache/matplotlib); it is highly recommended to set the MPLCONFIGDIR environment variable to a writable directory, in particular to speed up the import of Matplotlib and to better support multiprocessing.
[2026-01-31T02:43:50.110+0000] {logging_mixin.py:188} INFO - [2026-01-31T02:43:50.110+0000] {font_manager.py:1639} INFO - generated new fontManager
[2026-01-31T02:43:50.240+0000] {logging_mixin.py:188} INFO - IP resolvido para MLflow: http://192.168.65.254:5000/
[2026-01-31T02:43:50.242+0000] {logging_mixin.py:188} WARNING - /opt/airflow/dags/train.py:37 RemovedInAirflow3Warning: Function `days_ago` is deprecated and will be removed in Airflow 3.0. You can achieve equivalent behavior with `pendulum.today('UTC').add(days=-N, ...)`
[2026-01-31T02:43:50.243+0000] {logging_mixin.py:188} WARNING - /opt/airflow/dags/train.py:32 RemovedInAirflow3Warning: Param `schedule_interval` is deprecated and will be removed in a future release. Please use `schedule` instead.
[2026-01-31T02:43:50.246+0000] {processor.py:840} INFO - DAG(s) 'ml_training_pipeline' retrieved from /opt/airflow/dags/train.py
[2026-01-31T02:43:50.261+0000] {logging_mixin.py:188} INFO - [2026-01-31T02:43:50.261+0000] {dag.py:3096} INFO - Sync 1 DAGs
[2026-01-31T02:43:50.273+0000] {logging_mixin.py:188} INFO - [2026-01-31T02:43:50.273+0000] {dag.py:3954} INFO - Setting next_dagrun for ml_training_pipeline to 2026-02-01 00:00:00+00:00, run_after=2026-02-08 00:00:00+00:00
[2026-01-31T02:43:50.285+0000] {processor.py:183} INFO - Processing /opt/airflow/dags/train.py took 2.303 seconds
[2026-01-31T02:44:20.955+0000] {processor.py:161} INFO - Started process (PID=16699) to work on /opt/airflow/dags/train.py
[2026-01-31T02:44:20.958+0000] {processor.py:830} INFO - Processing file /opt/airflow/dags/train.py for tasks to queue
[2026-01-31T02:44:20.959+0000] {logging_mixin.py:188} INFO - [2026-01-31T02:44:20.959+0000] {dagbag.py:545} INFO - Filling up the DagBag from /opt/airflow/dags/train.py
[2026-01-31T02:44:23.143+0000] {logging_mixin.py:188} INFO - [2026-01-31T02:44:23.143+0000] {__init__.py:537} WARNING - mkdir -p failed for path /home/airflow/.cache/matplotlib: [Errno 13] Permission denied: '/home/airflow/.cache/matplotlib'
[2026-01-31T02:44:23.143+0000] {logging_mixin.py:188} INFO - [2026-01-31T02:44:23.143+0000] {__init__.py:554} WARNING - Matplotlib created a temporary cache directory at /tmp/matplotlib-hyeqmaqw because there was an issue with the default path (/home/airflow/.cache/matplotlib); it is highly recommended to set the MPLCONFIGDIR environment variable to a writable directory, in particular to speed up the import of Matplotlib and to better support multiprocessing.
[2026-01-31T02:44:23.218+0000] {logging_mixin.py:188} INFO - [2026-01-31T02:44:23.218+0000] {font_manager.py:1639} INFO - generated new fontManager
[2026-01-31T02:44:23.346+0000] {logging_mixin.py:188} INFO - IP resolvido para MLflow: http://192.168.65.254:5000/
[2026-01-31T02:44:23.349+0000] {logging_mixin.py:188} WARNING - /opt/airflow/dags/train.py:37 RemovedInAirflow3Warning: Function `days_ago` is deprecated and will be removed in Airflow 3.0. You can achieve equivalent behavior with `pendulum.today('UTC').add(days=-N, ...)`
[2026-01-31T02:44:23.349+0000] {logging_mixin.py:188} WARNING - /opt/airflow/dags/train.py:32 RemovedInAirflow3Warning: Param `schedule_interval` is deprecated and will be removed in a future release. Please use `schedule` instead.
[2026-01-31T02:44:23.353+0000] {processor.py:840} INFO - DAG(s) 'ml_training_pipeline' retrieved from /opt/airflow/dags/train.py
[2026-01-31T02:44:23.369+0000] {logging_mixin.py:188} INFO - [2026-01-31T02:44:23.368+0000] {dag.py:3096} INFO - Sync 1 DAGs
[2026-01-31T02:44:23.382+0000] {logging_mixin.py:188} INFO - [2026-01-31T02:44:23.382+0000] {dag.py:3954} INFO - Setting next_dagrun for ml_training_pipeline to 2026-02-01 00:00:00+00:00, run_after=2026-02-08 00:00:00+00:00
[2026-01-31T02:44:23.394+0000] {processor.py:183} INFO - Processing /opt/airflow/dags/train.py took 2.442 seconds
[2026-01-31T02:44:53.831+0000] {processor.py:161} INFO - Started process (PID=16746) to work on /opt/airflow/dags/train.py
[2026-01-31T02:44:53.831+0000] {processor.py:830} INFO - Processing file /opt/airflow/dags/train.py for tasks to queue
[2026-01-31T02:44:53.833+0000] {logging_mixin.py:188} INFO - [2026-01-31T02:44:53.832+0000] {dagbag.py:545} INFO - Filling up the DagBag from /opt/airflow/dags/train.py
[2026-01-31T02:44:55.991+0000] {logging_mixin.py:188} INFO - [2026-01-31T02:44:55.991+0000] {__init__.py:537} WARNING - mkdir -p failed for path /home/airflow/.cache/matplotlib: [Errno 13] Permission denied: '/home/airflow/.cache/matplotlib'
[2026-01-31T02:44:55.992+0000] {logging_mixin.py:188} INFO - [2026-01-31T02:44:55.992+0000] {__init__.py:554} WARNING - Matplotlib created a temporary cache directory at /tmp/matplotlib-n59sz05e because there was an issue with the default path (/home/airflow/.cache/matplotlib); it is highly recommended to set the MPLCONFIGDIR environment variable to a writable directory, in particular to speed up the import of Matplotlib and to better support multiprocessing.
[2026-01-31T02:44:56.076+0000] {logging_mixin.py:188} INFO - [2026-01-31T02:44:56.076+0000] {font_manager.py:1639} INFO - generated new fontManager
[2026-01-31T02:44:56.208+0000] {logging_mixin.py:188} INFO - IP resolvido para MLflow: http://192.168.65.254:5000/
[2026-01-31T02:44:56.211+0000] {logging_mixin.py:188} WARNING - /opt/airflow/dags/train.py:37 RemovedInAirflow3Warning: Function `days_ago` is deprecated and will be removed in Airflow 3.0. You can achieve equivalent behavior with `pendulum.today('UTC').add(days=-N, ...)`
[2026-01-31T02:44:56.211+0000] {logging_mixin.py:188} WARNING - /opt/airflow/dags/train.py:32 RemovedInAirflow3Warning: Param `schedule_interval` is deprecated and will be removed in a future release. Please use `schedule` instead.
[2026-01-31T02:44:56.215+0000] {processor.py:840} INFO - DAG(s) 'ml_training_pipeline' retrieved from /opt/airflow/dags/train.py
[2026-01-31T02:44:56.232+0000] {logging_mixin.py:188} INFO - [2026-01-31T02:44:56.232+0000] {dag.py:3096} INFO - Sync 1 DAGs
[2026-01-31T02:44:56.244+0000] {logging_mixin.py:188} INFO - [2026-01-31T02:44:56.244+0000] {dag.py:3954} INFO - Setting next_dagrun for ml_training_pipeline to 2026-02-01 00:00:00+00:00, run_after=2026-02-08 00:00:00+00:00
[2026-01-31T02:44:56.257+0000] {processor.py:183} INFO - Processing /opt/airflow/dags/train.py took 2.430 seconds
[2026-01-31T02:45:26.810+0000] {processor.py:161} INFO - Started process (PID=16794) to work on /opt/airflow/dags/train.py
[2026-01-31T02:45:26.812+0000] {processor.py:830} INFO - Processing file /opt/airflow/dags/train.py for tasks to queue
[2026-01-31T02:45:26.813+0000] {logging_mixin.py:188} INFO - [2026-01-31T02:45:26.813+0000] {dagbag.py:545} INFO - Filling up the DagBag from /opt/airflow/dags/train.py
[2026-01-31T02:45:28.848+0000] {logging_mixin.py:188} INFO - [2026-01-31T02:45:28.848+0000] {__init__.py:537} WARNING - mkdir -p failed for path /home/airflow/.cache/matplotlib: [Errno 13] Permission denied: '/home/airflow/.cache/matplotlib'
[2026-01-31T02:45:28.849+0000] {logging_mixin.py:188} INFO - [2026-01-31T02:45:28.849+0000] {__init__.py:554} WARNING - Matplotlib created a temporary cache directory at /tmp/matplotlib-82h2_d7o because there was an issue with the default path (/home/airflow/.cache/matplotlib); it is highly recommended to set the MPLCONFIGDIR environment variable to a writable directory, in particular to speed up the import of Matplotlib and to better support multiprocessing.
[2026-01-31T02:45:28.927+0000] {logging_mixin.py:188} INFO - [2026-01-31T02:45:28.927+0000] {font_manager.py:1639} INFO - generated new fontManager
[2026-01-31T02:45:29.050+0000] {logging_mixin.py:188} INFO - IP resolvido para MLflow: http://192.168.65.254:5000/
[2026-01-31T02:45:29.053+0000] {logging_mixin.py:188} WARNING - /opt/airflow/dags/train.py:37 RemovedInAirflow3Warning: Function `days_ago` is deprecated and will be removed in Airflow 3.0. You can achieve equivalent behavior with `pendulum.today('UTC').add(days=-N, ...)`
[2026-01-31T02:45:29.053+0000] {logging_mixin.py:188} WARNING - /opt/airflow/dags/train.py:32 RemovedInAirflow3Warning: Param `schedule_interval` is deprecated and will be removed in a future release. Please use `schedule` instead.
[2026-01-31T02:45:29.057+0000] {processor.py:840} INFO - DAG(s) 'ml_training_pipeline' retrieved from /opt/airflow/dags/train.py
[2026-01-31T02:45:29.072+0000] {logging_mixin.py:188} INFO - [2026-01-31T02:45:29.072+0000] {dag.py:3096} INFO - Sync 1 DAGs
[2026-01-31T02:45:29.084+0000] {logging_mixin.py:188} INFO - [2026-01-31T02:45:29.083+0000] {dag.py:3954} INFO - Setting next_dagrun for ml_training_pipeline to 2026-02-01 00:00:00+00:00, run_after=2026-02-08 00:00:00+00:00
[2026-01-31T02:45:29.097+0000] {processor.py:183} INFO - Processing /opt/airflow/dags/train.py took 2.291 seconds
[2026-01-31T02:45:59.811+0000] {processor.py:161} INFO - Started process (PID=16841) to work on /opt/airflow/dags/train.py
[2026-01-31T02:45:59.812+0000] {processor.py:830} INFO - Processing file /opt/airflow/dags/train.py for tasks to queue
[2026-01-31T02:45:59.813+0000] {logging_mixin.py:188} INFO - [2026-01-31T02:45:59.813+0000] {dagbag.py:545} INFO - Filling up the DagBag from /opt/airflow/dags/train.py
[2026-01-31T02:46:01.918+0000] {logging_mixin.py:188} INFO - [2026-01-31T02:46:01.918+0000] {__init__.py:537} WARNING - mkdir -p failed for path /home/airflow/.cache/matplotlib: [Errno 13] Permission denied: '/home/airflow/.cache/matplotlib'
[2026-01-31T02:46:01.919+0000] {logging_mixin.py:188} INFO - [2026-01-31T02:46:01.918+0000] {__init__.py:554} WARNING - Matplotlib created a temporary cache directory at /tmp/matplotlib-anjrewik because there was an issue with the default path (/home/airflow/.cache/matplotlib); it is highly recommended to set the MPLCONFIGDIR environment variable to a writable directory, in particular to speed up the import of Matplotlib and to better support multiprocessing.
[2026-01-31T02:46:01.996+0000] {logging_mixin.py:188} INFO - [2026-01-31T02:46:01.996+0000] {font_manager.py:1639} INFO - generated new fontManager
[2026-01-31T02:46:02.122+0000] {logging_mixin.py:188} INFO - IP resolvido para MLflow: http://192.168.65.254:5000/
[2026-01-31T02:46:02.125+0000] {logging_mixin.py:188} WARNING - /opt/airflow/dags/train.py:37 RemovedInAirflow3Warning: Function `days_ago` is deprecated and will be removed in Airflow 3.0. You can achieve equivalent behavior with `pendulum.today('UTC').add(days=-N, ...)`
[2026-01-31T02:46:02.125+0000] {logging_mixin.py:188} WARNING - /opt/airflow/dags/train.py:32 RemovedInAirflow3Warning: Param `schedule_interval` is deprecated and will be removed in a future release. Please use `schedule` instead.
[2026-01-31T02:46:02.129+0000] {processor.py:840} INFO - DAG(s) 'ml_training_pipeline' retrieved from /opt/airflow/dags/train.py
[2026-01-31T02:46:02.144+0000] {logging_mixin.py:188} INFO - [2026-01-31T02:46:02.144+0000] {dag.py:3096} INFO - Sync 1 DAGs
[2026-01-31T02:46:02.156+0000] {logging_mixin.py:188} INFO - [2026-01-31T02:46:02.156+0000] {dag.py:3954} INFO - Setting next_dagrun for ml_training_pipeline to 2026-02-01 00:00:00+00:00, run_after=2026-02-08 00:00:00+00:00
[2026-01-31T02:46:02.167+0000] {processor.py:183} INFO - Processing /opt/airflow/dags/train.py took 2.360 seconds
[2026-01-31T02:46:32.705+0000] {processor.py:161} INFO - Started process (PID=16888) to work on /opt/airflow/dags/train.py
[2026-01-31T02:46:32.708+0000] {processor.py:830} INFO - Processing file /opt/airflow/dags/train.py for tasks to queue
[2026-01-31T02:46:32.711+0000] {logging_mixin.py:188} INFO - [2026-01-31T02:46:32.710+0000] {dagbag.py:545} INFO - Filling up the DagBag from /opt/airflow/dags/train.py
[2026-01-31T02:46:34.878+0000] {logging_mixin.py:188} INFO - [2026-01-31T02:46:34.878+0000] {__init__.py:537} WARNING - mkdir -p failed for path /home/airflow/.cache/matplotlib: [Errno 13] Permission denied: '/home/airflow/.cache/matplotlib'
[2026-01-31T02:46:34.878+0000] {logging_mixin.py:188} INFO - [2026-01-31T02:46:34.878+0000] {__init__.py:554} WARNING - Matplotlib created a temporary cache directory at /tmp/matplotlib-k4r9igis because there was an issue with the default path (/home/airflow/.cache/matplotlib); it is highly recommended to set the MPLCONFIGDIR environment variable to a writable directory, in particular to speed up the import of Matplotlib and to better support multiprocessing.
[2026-01-31T02:46:34.955+0000] {logging_mixin.py:188} INFO - [2026-01-31T02:46:34.955+0000] {font_manager.py:1639} INFO - generated new fontManager
[2026-01-31T02:46:35.079+0000] {logging_mixin.py:188} INFO - IP resolvido para MLflow: http://192.168.65.254:5000/
[2026-01-31T02:46:35.081+0000] {logging_mixin.py:188} WARNING - /opt/airflow/dags/train.py:37 RemovedInAirflow3Warning: Function `days_ago` is deprecated and will be removed in Airflow 3.0. You can achieve equivalent behavior with `pendulum.today('UTC').add(days=-N, ...)`
[2026-01-31T02:46:35.082+0000] {logging_mixin.py:188} WARNING - /opt/airflow/dags/train.py:32 RemovedInAirflow3Warning: Param `schedule_interval` is deprecated and will be removed in a future release. Please use `schedule` instead.
[2026-01-31T02:46:35.089+0000] {processor.py:840} INFO - DAG(s) 'ml_training_pipeline' retrieved from /opt/airflow/dags/train.py
[2026-01-31T02:46:35.104+0000] {logging_mixin.py:188} INFO - [2026-01-31T02:46:35.103+0000] {dag.py:3096} INFO - Sync 1 DAGs
[2026-01-31T02:46:35.115+0000] {logging_mixin.py:188} INFO - [2026-01-31T02:46:35.115+0000] {dag.py:3954} INFO - Setting next_dagrun for ml_training_pipeline to 2026-02-01 00:00:00+00:00, run_after=2026-02-08 00:00:00+00:00
[2026-01-31T02:46:35.126+0000] {processor.py:183} INFO - Processing /opt/airflow/dags/train.py took 2.428 seconds
[2026-01-31T02:47:05.638+0000] {processor.py:161} INFO - Started process (PID=16935) to work on /opt/airflow/dags/train.py
[2026-01-31T02:47:05.638+0000] {processor.py:830} INFO - Processing file /opt/airflow/dags/train.py for tasks to queue
[2026-01-31T02:47:05.640+0000] {logging_mixin.py:188} INFO - [2026-01-31T02:47:05.640+0000] {dagbag.py:545} INFO - Filling up the DagBag from /opt/airflow/dags/train.py
[2026-01-31T02:47:07.746+0000] {logging_mixin.py:188} INFO - [2026-01-31T02:47:07.745+0000] {__init__.py:537} WARNING - mkdir -p failed for path /home/airflow/.cache/matplotlib: [Errno 13] Permission denied: '/home/airflow/.cache/matplotlib'
[2026-01-31T02:47:07.747+0000] {logging_mixin.py:188} INFO - [2026-01-31T02:47:07.747+0000] {__init__.py:554} WARNING - Matplotlib created a temporary cache directory at /tmp/matplotlib-ns64crqa because there was an issue with the default path (/home/airflow/.cache/matplotlib); it is highly recommended to set the MPLCONFIGDIR environment variable to a writable directory, in particular to speed up the import of Matplotlib and to better support multiprocessing.
[2026-01-31T02:47:07.830+0000] {logging_mixin.py:188} INFO - [2026-01-31T02:47:07.829+0000] {font_manager.py:1639} INFO - generated new fontManager
[2026-01-31T02:47:07.953+0000] {logging_mixin.py:188} INFO - IP resolvido para MLflow: http://192.168.65.254:5000/
[2026-01-31T02:47:07.956+0000] {logging_mixin.py:188} WARNING - /opt/airflow/dags/train.py:37 RemovedInAirflow3Warning: Function `days_ago` is deprecated and will be removed in Airflow 3.0. You can achieve equivalent behavior with `pendulum.today('UTC').add(days=-N, ...)`
[2026-01-31T02:47:07.956+0000] {logging_mixin.py:188} WARNING - /opt/airflow/dags/train.py:32 RemovedInAirflow3Warning: Param `schedule_interval` is deprecated and will be removed in a future release. Please use `schedule` instead.
[2026-01-31T02:47:07.959+0000] {processor.py:840} INFO - DAG(s) 'ml_training_pipeline' retrieved from /opt/airflow/dags/train.py
[2026-01-31T02:47:07.974+0000] {logging_mixin.py:188} INFO - [2026-01-31T02:47:07.974+0000] {dag.py:3096} INFO - Sync 1 DAGs
[2026-01-31T02:47:07.986+0000] {logging_mixin.py:188} INFO - [2026-01-31T02:47:07.986+0000] {dag.py:3954} INFO - Setting next_dagrun for ml_training_pipeline to 2026-02-01 00:00:00+00:00, run_after=2026-02-08 00:00:00+00:00
[2026-01-31T02:47:08.002+0000] {processor.py:183} INFO - Processing /opt/airflow/dags/train.py took 2.368 seconds
[2026-01-31T02:47:38.510+0000] {processor.py:161} INFO - Started process (PID=16983) to work on /opt/airflow/dags/train.py
[2026-01-31T02:47:38.512+0000] {processor.py:830} INFO - Processing file /opt/airflow/dags/train.py for tasks to queue
[2026-01-31T02:47:38.514+0000] {logging_mixin.py:188} INFO - [2026-01-31T02:47:38.513+0000] {dagbag.py:545} INFO - Filling up the DagBag from /opt/airflow/dags/train.py
[2026-01-31T02:47:40.603+0000] {logging_mixin.py:188} INFO - [2026-01-31T02:47:40.603+0000] {__init__.py:537} WARNING - mkdir -p failed for path /home/airflow/.cache/matplotlib: [Errno 13] Permission denied: '/home/airflow/.cache/matplotlib'
[2026-01-31T02:47:40.604+0000] {logging_mixin.py:188} INFO - [2026-01-31T02:47:40.604+0000] {__init__.py:554} WARNING - Matplotlib created a temporary cache directory at /tmp/matplotlib-g84qlxhe because there was an issue with the default path (/home/airflow/.cache/matplotlib); it is highly recommended to set the MPLCONFIGDIR environment variable to a writable directory, in particular to speed up the import of Matplotlib and to better support multiprocessing.
[2026-01-31T02:47:40.681+0000] {logging_mixin.py:188} INFO - [2026-01-31T02:47:40.681+0000] {font_manager.py:1639} INFO - generated new fontManager
[2026-01-31T02:47:40.805+0000] {logging_mixin.py:188} INFO - IP resolvido para MLflow: http://192.168.65.254:5000/
[2026-01-31T02:47:40.807+0000] {logging_mixin.py:188} WARNING - /opt/airflow/dags/train.py:37 RemovedInAirflow3Warning: Function `days_ago` is deprecated and will be removed in Airflow 3.0. You can achieve equivalent behavior with `pendulum.today('UTC').add(days=-N, ...)`
[2026-01-31T02:47:40.807+0000] {logging_mixin.py:188} WARNING - /opt/airflow/dags/train.py:32 RemovedInAirflow3Warning: Param `schedule_interval` is deprecated and will be removed in a future release. Please use `schedule` instead.
[2026-01-31T02:47:40.811+0000] {processor.py:840} INFO - DAG(s) 'ml_training_pipeline' retrieved from /opt/airflow/dags/train.py
[2026-01-31T02:47:40.826+0000] {logging_mixin.py:188} INFO - [2026-01-31T02:47:40.825+0000] {dag.py:3096} INFO - Sync 1 DAGs
[2026-01-31T02:47:40.836+0000] {logging_mixin.py:188} INFO - [2026-01-31T02:47:40.836+0000] {dag.py:3954} INFO - Setting next_dagrun for ml_training_pipeline to 2026-02-01 00:00:00+00:00, run_after=2026-02-08 00:00:00+00:00
[2026-01-31T02:47:40.846+0000] {processor.py:183} INFO - Processing /opt/airflow/dags/train.py took 2.340 seconds
[2026-01-31T02:48:10.914+0000] {processor.py:161} INFO - Started process (PID=17030) to work on /opt/airflow/dags/train.py
[2026-01-31T02:48:10.915+0000] {processor.py:830} INFO - Processing file /opt/airflow/dags/train.py for tasks to queue
[2026-01-31T02:48:10.916+0000] {logging_mixin.py:188} INFO - [2026-01-31T02:48:10.916+0000] {dagbag.py:545} INFO - Filling up the DagBag from /opt/airflow/dags/train.py
[2026-01-31T02:48:13.258+0000] {logging_mixin.py:188} INFO - [2026-01-31T02:48:13.258+0000] {__init__.py:537} WARNING - mkdir -p failed for path /home/airflow/.cache/matplotlib: [Errno 13] Permission denied: '/home/airflow/.cache/matplotlib'
[2026-01-31T02:48:13.259+0000] {logging_mixin.py:188} INFO - [2026-01-31T02:48:13.259+0000] {__init__.py:554} WARNING - Matplotlib created a temporary cache directory at /tmp/matplotlib-_iky7hgf because there was an issue with the default path (/home/airflow/.cache/matplotlib); it is highly recommended to set the MPLCONFIGDIR environment variable to a writable directory, in particular to speed up the import of Matplotlib and to better support multiprocessing.
[2026-01-31T02:48:13.356+0000] {logging_mixin.py:188} INFO - [2026-01-31T02:48:13.356+0000] {font_manager.py:1639} INFO - generated new fontManager
[2026-01-31T02:48:13.489+0000] {logging_mixin.py:188} INFO - IP resolvido para MLflow: http://192.168.65.254:5000/
[2026-01-31T02:48:13.492+0000] {logging_mixin.py:188} WARNING - /opt/airflow/dags/train.py:37 RemovedInAirflow3Warning: Function `days_ago` is deprecated and will be removed in Airflow 3.0. You can achieve equivalent behavior with `pendulum.today('UTC').add(days=-N, ...)`
[2026-01-31T02:48:13.493+0000] {logging_mixin.py:188} WARNING - /opt/airflow/dags/train.py:32 RemovedInAirflow3Warning: Param `schedule_interval` is deprecated and will be removed in a future release. Please use `schedule` instead.
[2026-01-31T02:48:13.496+0000] {processor.py:840} INFO - DAG(s) 'ml_training_pipeline' retrieved from /opt/airflow/dags/train.py
[2026-01-31T02:48:13.514+0000] {logging_mixin.py:188} INFO - [2026-01-31T02:48:13.514+0000] {dag.py:3096} INFO - Sync 1 DAGs
[2026-01-31T02:48:13.528+0000] {logging_mixin.py:188} INFO - [2026-01-31T02:48:13.528+0000] {dag.py:3954} INFO - Setting next_dagrun for ml_training_pipeline to 2026-02-01 00:00:00+00:00, run_after=2026-02-08 00:00:00+00:00
[2026-01-31T02:48:13.544+0000] {processor.py:183} INFO - Processing /opt/airflow/dags/train.py took 2.634 seconds
[2026-01-31T02:48:43.790+0000] {processor.py:161} INFO - Started process (PID=17077) to work on /opt/airflow/dags/train.py
[2026-01-31T02:48:43.791+0000] {processor.py:830} INFO - Processing file /opt/airflow/dags/train.py for tasks to queue
[2026-01-31T02:48:43.793+0000] {logging_mixin.py:188} INFO - [2026-01-31T02:48:43.793+0000] {dagbag.py:545} INFO - Filling up the DagBag from /opt/airflow/dags/train.py
[2026-01-31T02:48:45.823+0000] {logging_mixin.py:188} INFO - [2026-01-31T02:48:45.822+0000] {__init__.py:537} WARNING - mkdir -p failed for path /home/airflow/.cache/matplotlib: [Errno 13] Permission denied: '/home/airflow/.cache/matplotlib'
[2026-01-31T02:48:45.823+0000] {logging_mixin.py:188} INFO - [2026-01-31T02:48:45.823+0000] {__init__.py:554} WARNING - Matplotlib created a temporary cache directory at /tmp/matplotlib-7q8q07qj because there was an issue with the default path (/home/airflow/.cache/matplotlib); it is highly recommended to set the MPLCONFIGDIR environment variable to a writable directory, in particular to speed up the import of Matplotlib and to better support multiprocessing.
[2026-01-31T02:48:45.900+0000] {logging_mixin.py:188} INFO - [2026-01-31T02:48:45.900+0000] {font_manager.py:1639} INFO - generated new fontManager
[2026-01-31T02:48:46.023+0000] {logging_mixin.py:188} INFO - IP resolvido para MLflow: http://192.168.65.254:5000/
[2026-01-31T02:48:46.026+0000] {logging_mixin.py:188} WARNING - /opt/airflow/dags/train.py:37 RemovedInAirflow3Warning: Function `days_ago` is deprecated and will be removed in Airflow 3.0. You can achieve equivalent behavior with `pendulum.today('UTC').add(days=-N, ...)`
[2026-01-31T02:48:46.026+0000] {logging_mixin.py:188} WARNING - /opt/airflow/dags/train.py:32 RemovedInAirflow3Warning: Param `schedule_interval` is deprecated and will be removed in a future release. Please use `schedule` instead.
[2026-01-31T02:48:46.030+0000] {processor.py:840} INFO - DAG(s) 'ml_training_pipeline' retrieved from /opt/airflow/dags/train.py
[2026-01-31T02:48:46.045+0000] {logging_mixin.py:188} INFO - [2026-01-31T02:48:46.045+0000] {dag.py:3096} INFO - Sync 1 DAGs
[2026-01-31T02:48:46.055+0000] {logging_mixin.py:188} INFO - [2026-01-31T02:48:46.055+0000] {dag.py:3954} INFO - Setting next_dagrun for ml_training_pipeline to 2026-02-01 00:00:00+00:00, run_after=2026-02-08 00:00:00+00:00
[2026-01-31T02:48:46.067+0000] {processor.py:183} INFO - Processing /opt/airflow/dags/train.py took 2.281 seconds
[2026-01-31T02:49:16.661+0000] {processor.py:161} INFO - Started process (PID=17124) to work on /opt/airflow/dags/train.py
[2026-01-31T02:49:16.661+0000] {processor.py:830} INFO - Processing file /opt/airflow/dags/train.py for tasks to queue
[2026-01-31T02:49:16.663+0000] {logging_mixin.py:188} INFO - [2026-01-31T02:49:16.663+0000] {dagbag.py:545} INFO - Filling up the DagBag from /opt/airflow/dags/train.py
[2026-01-31T02:49:18.690+0000] {logging_mixin.py:188} INFO - [2026-01-31T02:49:18.690+0000] {__init__.py:537} WARNING - mkdir -p failed for path /home/airflow/.cache/matplotlib: [Errno 13] Permission denied: '/home/airflow/.cache/matplotlib'
[2026-01-31T02:49:18.691+0000] {logging_mixin.py:188} INFO - [2026-01-31T02:49:18.691+0000] {__init__.py:554} WARNING - Matplotlib created a temporary cache directory at /tmp/matplotlib-0ygzfqld because there was an issue with the default path (/home/airflow/.cache/matplotlib); it is highly recommended to set the MPLCONFIGDIR environment variable to a writable directory, in particular to speed up the import of Matplotlib and to better support multiprocessing.
[2026-01-31T02:49:18.777+0000] {logging_mixin.py:188} INFO - [2026-01-31T02:49:18.776+0000] {font_manager.py:1639} INFO - generated new fontManager
[2026-01-31T02:49:18.903+0000] {logging_mixin.py:188} INFO - IP resolvido para MLflow: http://192.168.65.254:5000/
[2026-01-31T02:49:18.905+0000] {logging_mixin.py:188} WARNING - /opt/airflow/dags/train.py:37 RemovedInAirflow3Warning: Function `days_ago` is deprecated and will be removed in Airflow 3.0. You can achieve equivalent behavior with `pendulum.today('UTC').add(days=-N, ...)`
[2026-01-31T02:49:18.905+0000] {logging_mixin.py:188} WARNING - /opt/airflow/dags/train.py:32 RemovedInAirflow3Warning: Param `schedule_interval` is deprecated and will be removed in a future release. Please use `schedule` instead.
[2026-01-31T02:49:18.909+0000] {processor.py:840} INFO - DAG(s) 'ml_training_pipeline' retrieved from /opt/airflow/dags/train.py
[2026-01-31T02:49:18.923+0000] {logging_mixin.py:188} INFO - [2026-01-31T02:49:18.923+0000] {dag.py:3096} INFO - Sync 1 DAGs
[2026-01-31T02:49:18.934+0000] {logging_mixin.py:188} INFO - [2026-01-31T02:49:18.933+0000] {dag.py:3954} INFO - Setting next_dagrun for ml_training_pipeline to 2026-02-01 00:00:00+00:00, run_after=2026-02-08 00:00:00+00:00
[2026-01-31T02:49:18.947+0000] {processor.py:183} INFO - Processing /opt/airflow/dags/train.py took 2.290 seconds
[2026-01-31T02:49:49.649+0000] {processor.py:161} INFO - Started process (PID=17171) to work on /opt/airflow/dags/train.py
[2026-01-31T02:49:49.652+0000] {processor.py:830} INFO - Processing file /opt/airflow/dags/train.py for tasks to queue
[2026-01-31T02:49:49.653+0000] {logging_mixin.py:188} INFO - [2026-01-31T02:49:49.653+0000] {dagbag.py:545} INFO - Filling up the DagBag from /opt/airflow/dags/train.py
[2026-01-31T02:49:51.653+0000] {logging_mixin.py:188} INFO - [2026-01-31T02:49:51.652+0000] {__init__.py:537} WARNING - mkdir -p failed for path /home/airflow/.cache/matplotlib: [Errno 13] Permission denied: '/home/airflow/.cache/matplotlib'
[2026-01-31T02:49:51.653+0000] {logging_mixin.py:188} INFO - [2026-01-31T02:49:51.653+0000] {__init__.py:554} WARNING - Matplotlib created a temporary cache directory at /tmp/matplotlib-q21l03ab because there was an issue with the default path (/home/airflow/.cache/matplotlib); it is highly recommended to set the MPLCONFIGDIR environment variable to a writable directory, in particular to speed up the import of Matplotlib and to better support multiprocessing.
[2026-01-31T02:49:51.734+0000] {logging_mixin.py:188} INFO - [2026-01-31T02:49:51.734+0000] {font_manager.py:1639} INFO - generated new fontManager
[2026-01-31T02:49:51.870+0000] {logging_mixin.py:188} INFO - IP resolvido para MLflow: http://192.168.65.254:5000/
[2026-01-31T02:49:51.874+0000] {logging_mixin.py:188} WARNING - /opt/airflow/dags/train.py:37 RemovedInAirflow3Warning: Function `days_ago` is deprecated and will be removed in Airflow 3.0. You can achieve equivalent behavior with `pendulum.today('UTC').add(days=-N, ...)`
[2026-01-31T02:49:51.876+0000] {logging_mixin.py:188} WARNING - /opt/airflow/dags/train.py:32 RemovedInAirflow3Warning: Param `schedule_interval` is deprecated and will be removed in a future release. Please use `schedule` instead.
[2026-01-31T02:49:51.882+0000] {processor.py:840} INFO - DAG(s) 'ml_training_pipeline' retrieved from /opt/airflow/dags/train.py
[2026-01-31T02:49:51.901+0000] {logging_mixin.py:188} INFO - [2026-01-31T02:49:51.900+0000] {dag.py:3096} INFO - Sync 1 DAGs
[2026-01-31T02:49:51.913+0000] {logging_mixin.py:188} INFO - [2026-01-31T02:49:51.913+0000] {dag.py:3954} INFO - Setting next_dagrun for ml_training_pipeline to 2026-02-01 00:00:00+00:00, run_after=2026-02-08 00:00:00+00:00
[2026-01-31T02:49:51.924+0000] {processor.py:183} INFO - Processing /opt/airflow/dags/train.py took 2.279 seconds
[2026-01-31T02:50:22.618+0000] {processor.py:161} INFO - Started process (PID=17218) to work on /opt/airflow/dags/train.py
[2026-01-31T02:50:22.618+0000] {processor.py:830} INFO - Processing file /opt/airflow/dags/train.py for tasks to queue
[2026-01-31T02:50:22.619+0000] {logging_mixin.py:188} INFO - [2026-01-31T02:50:22.619+0000] {dagbag.py:545} INFO - Filling up the DagBag from /opt/airflow/dags/train.py
[2026-01-31T02:50:25.079+0000] {logging_mixin.py:188} INFO - [2026-01-31T02:50:25.079+0000] {__init__.py:537} WARNING - mkdir -p failed for path /home/airflow/.cache/matplotlib: [Errno 13] Permission denied: '/home/airflow/.cache/matplotlib'
[2026-01-31T02:50:25.080+0000] {logging_mixin.py:188} INFO - [2026-01-31T02:50:25.080+0000] {__init__.py:554} WARNING - Matplotlib created a temporary cache directory at /tmp/matplotlib-g9774f57 because there was an issue with the default path (/home/airflow/.cache/matplotlib); it is highly recommended to set the MPLCONFIGDIR environment variable to a writable directory, in particular to speed up the import of Matplotlib and to better support multiprocessing.
[2026-01-31T02:50:25.173+0000] {logging_mixin.py:188} INFO - [2026-01-31T02:50:25.173+0000] {font_manager.py:1639} INFO - generated new fontManager
[2026-01-31T02:50:25.312+0000] {logging_mixin.py:188} INFO - IP resolvido para MLflow: http://192.168.65.254:5000/
[2026-01-31T02:50:25.314+0000] {logging_mixin.py:188} WARNING - /opt/airflow/dags/train.py:37 RemovedInAirflow3Warning: Function `days_ago` is deprecated and will be removed in Airflow 3.0. You can achieve equivalent behavior with `pendulum.today('UTC').add(days=-N, ...)`
[2026-01-31T02:50:25.315+0000] {logging_mixin.py:188} WARNING - /opt/airflow/dags/train.py:32 RemovedInAirflow3Warning: Param `schedule_interval` is deprecated and will be removed in a future release. Please use `schedule` instead.
[2026-01-31T02:50:25.319+0000] {processor.py:840} INFO - DAG(s) 'ml_training_pipeline' retrieved from /opt/airflow/dags/train.py
[2026-01-31T02:50:25.334+0000] {logging_mixin.py:188} INFO - [2026-01-31T02:50:25.333+0000] {dag.py:3096} INFO - Sync 1 DAGs
[2026-01-31T02:50:25.346+0000] {logging_mixin.py:188} INFO - [2026-01-31T02:50:25.346+0000] {dag.py:3954} INFO - Setting next_dagrun for ml_training_pipeline to 2026-02-01 00:00:00+00:00, run_after=2026-02-08 00:00:00+00:00
[2026-01-31T02:50:25.358+0000] {processor.py:183} INFO - Processing /opt/airflow/dags/train.py took 2.744 seconds
[2026-01-31T02:50:55.640+0000] {processor.py:161} INFO - Started process (PID=17265) to work on /opt/airflow/dags/train.py
[2026-01-31T02:50:55.642+0000] {processor.py:830} INFO - Processing file /opt/airflow/dags/train.py for tasks to queue
[2026-01-31T02:50:55.644+0000] {logging_mixin.py:188} INFO - [2026-01-31T02:50:55.644+0000] {dagbag.py:545} INFO - Filling up the DagBag from /opt/airflow/dags/train.py
[2026-01-31T02:50:57.929+0000] {logging_mixin.py:188} INFO - [2026-01-31T02:50:57.929+0000] {__init__.py:537} WARNING - mkdir -p failed for path /home/airflow/.cache/matplotlib: [Errno 13] Permission denied: '/home/airflow/.cache/matplotlib'
[2026-01-31T02:50:57.930+0000] {logging_mixin.py:188} INFO - [2026-01-31T02:50:57.930+0000] {__init__.py:554} WARNING - Matplotlib created a temporary cache directory at /tmp/matplotlib-birlzcjt because there was an issue with the default path (/home/airflow/.cache/matplotlib); it is highly recommended to set the MPLCONFIGDIR environment variable to a writable directory, in particular to speed up the import of Matplotlib and to better support multiprocessing.
[2026-01-31T02:50:58.019+0000] {logging_mixin.py:188} INFO - [2026-01-31T02:50:58.019+0000] {font_manager.py:1639} INFO - generated new fontManager
[2026-01-31T02:50:58.179+0000] {logging_mixin.py:188} INFO - IP resolvido para MLflow: http://192.168.65.254:5000/
[2026-01-31T02:50:58.182+0000] {logging_mixin.py:188} WARNING - /opt/airflow/dags/train.py:37 RemovedInAirflow3Warning: Function `days_ago` is deprecated and will be removed in Airflow 3.0. You can achieve equivalent behavior with `pendulum.today('UTC').add(days=-N, ...)`
[2026-01-31T02:50:58.183+0000] {logging_mixin.py:188} WARNING - /opt/airflow/dags/train.py:32 RemovedInAirflow3Warning: Param `schedule_interval` is deprecated and will be removed in a future release. Please use `schedule` instead.
[2026-01-31T02:50:58.187+0000] {processor.py:840} INFO - DAG(s) 'ml_training_pipeline' retrieved from /opt/airflow/dags/train.py
[2026-01-31T02:50:58.204+0000] {logging_mixin.py:188} INFO - [2026-01-31T02:50:58.204+0000] {dag.py:3096} INFO - Sync 1 DAGs
[2026-01-31T02:50:58.216+0000] {logging_mixin.py:188} INFO - [2026-01-31T02:50:58.216+0000] {dag.py:3954} INFO - Setting next_dagrun for ml_training_pipeline to 2026-02-01 00:00:00+00:00, run_after=2026-02-08 00:00:00+00:00
[2026-01-31T02:50:58.230+0000] {processor.py:183} INFO - Processing /opt/airflow/dags/train.py took 2.595 seconds
[2026-01-31T02:51:28.720+0000] {processor.py:161} INFO - Started process (PID=17312) to work on /opt/airflow/dags/train.py
[2026-01-31T02:51:28.721+0000] {processor.py:830} INFO - Processing file /opt/airflow/dags/train.py for tasks to queue
[2026-01-31T02:51:28.722+0000] {logging_mixin.py:188} INFO - [2026-01-31T02:51:28.721+0000] {dagbag.py:545} INFO - Filling up the DagBag from /opt/airflow/dags/train.py
[2026-01-31T02:51:31.201+0000] {logging_mixin.py:188} INFO - [2026-01-31T02:51:31.201+0000] {__init__.py:537} WARNING - mkdir -p failed for path /home/airflow/.cache/matplotlib: [Errno 13] Permission denied: '/home/airflow/.cache/matplotlib'
[2026-01-31T02:51:31.201+0000] {logging_mixin.py:188} INFO - [2026-01-31T02:51:31.201+0000] {__init__.py:554} WARNING - Matplotlib created a temporary cache directory at /tmp/matplotlib-lz0iqa0m because there was an issue with the default path (/home/airflow/.cache/matplotlib); it is highly recommended to set the MPLCONFIGDIR environment variable to a writable directory, in particular to speed up the import of Matplotlib and to better support multiprocessing.
[2026-01-31T02:51:31.288+0000] {logging_mixin.py:188} INFO - [2026-01-31T02:51:31.288+0000] {font_manager.py:1639} INFO - generated new fontManager
[2026-01-31T02:51:31.444+0000] {logging_mixin.py:188} INFO - IP resolvido para MLflow: http://192.168.65.254:5000/
[2026-01-31T02:51:31.447+0000] {logging_mixin.py:188} WARNING - /opt/airflow/dags/train.py:37 RemovedInAirflow3Warning: Function `days_ago` is deprecated and will be removed in Airflow 3.0. You can achieve equivalent behavior with `pendulum.today('UTC').add(days=-N, ...)`
[2026-01-31T02:51:31.447+0000] {logging_mixin.py:188} WARNING - /opt/airflow/dags/train.py:32 RemovedInAirflow3Warning: Param `schedule_interval` is deprecated and will be removed in a future release. Please use `schedule` instead.
[2026-01-31T02:51:31.451+0000] {processor.py:840} INFO - DAG(s) 'ml_training_pipeline' retrieved from /opt/airflow/dags/train.py
[2026-01-31T02:51:31.467+0000] {logging_mixin.py:188} INFO - [2026-01-31T02:51:31.467+0000] {dag.py:3096} INFO - Sync 1 DAGs
[2026-01-31T02:51:31.479+0000] {logging_mixin.py:188} INFO - [2026-01-31T02:51:31.479+0000] {dag.py:3954} INFO - Setting next_dagrun for ml_training_pipeline to 2026-02-01 00:00:00+00:00, run_after=2026-02-08 00:00:00+00:00
[2026-01-31T02:51:31.491+0000] {processor.py:183} INFO - Processing /opt/airflow/dags/train.py took 2.775 seconds
[2026-01-31T02:52:02.207+0000] {processor.py:161} INFO - Started process (PID=17359) to work on /opt/airflow/dags/train.py
[2026-01-31T02:52:02.209+0000] {processor.py:830} INFO - Processing file /opt/airflow/dags/train.py for tasks to queue
[2026-01-31T02:52:02.210+0000] {logging_mixin.py:188} INFO - [2026-01-31T02:52:02.210+0000] {dagbag.py:545} INFO - Filling up the DagBag from /opt/airflow/dags/train.py
[2026-01-31T02:52:05.227+0000] {logging_mixin.py:188} INFO - [2026-01-31T02:52:05.226+0000] {__init__.py:537} WARNING - mkdir -p failed for path /home/airflow/.cache/matplotlib: [Errno 13] Permission denied: '/home/airflow/.cache/matplotlib'
[2026-01-31T02:52:05.227+0000] {logging_mixin.py:188} INFO - [2026-01-31T02:52:05.227+0000] {__init__.py:554} WARNING - Matplotlib created a temporary cache directory at /tmp/matplotlib-3n_bi7cf because there was an issue with the default path (/home/airflow/.cache/matplotlib); it is highly recommended to set the MPLCONFIGDIR environment variable to a writable directory, in particular to speed up the import of Matplotlib and to better support multiprocessing.
[2026-01-31T02:52:05.369+0000] {logging_mixin.py:188} INFO - [2026-01-31T02:52:05.369+0000] {font_manager.py:1639} INFO - generated new fontManager
[2026-01-31T02:52:05.551+0000] {logging_mixin.py:188} INFO - IP resolvido para MLflow: http://192.168.65.254:5000/
[2026-01-31T02:52:05.553+0000] {logging_mixin.py:188} WARNING - /opt/airflow/dags/train.py:37 RemovedInAirflow3Warning: Function `days_ago` is deprecated and will be removed in Airflow 3.0. You can achieve equivalent behavior with `pendulum.today('UTC').add(days=-N, ...)`
[2026-01-31T02:52:05.554+0000] {logging_mixin.py:188} WARNING - /opt/airflow/dags/train.py:32 RemovedInAirflow3Warning: Param `schedule_interval` is deprecated and will be removed in a future release. Please use `schedule` instead.
[2026-01-31T02:52:05.559+0000] {processor.py:840} INFO - DAG(s) 'ml_training_pipeline' retrieved from /opt/airflow/dags/train.py
[2026-01-31T02:52:05.578+0000] {logging_mixin.py:188} INFO - [2026-01-31T02:52:05.577+0000] {dag.py:3096} INFO - Sync 1 DAGs
[2026-01-31T02:52:05.592+0000] {logging_mixin.py:188} INFO - [2026-01-31T02:52:05.592+0000] {dag.py:3954} INFO - Setting next_dagrun for ml_training_pipeline to 2026-02-01 00:00:00+00:00, run_after=2026-02-08 00:00:00+00:00
[2026-01-31T02:52:05.609+0000] {processor.py:183} INFO - Processing /opt/airflow/dags/train.py took 3.406 seconds
[2026-01-31T02:52:36.097+0000] {processor.py:161} INFO - Started process (PID=17406) to work on /opt/airflow/dags/train.py
[2026-01-31T02:52:36.098+0000] {processor.py:830} INFO - Processing file /opt/airflow/dags/train.py for tasks to queue
[2026-01-31T02:52:36.099+0000] {logging_mixin.py:188} INFO - [2026-01-31T02:52:36.099+0000] {dagbag.py:545} INFO - Filling up the DagBag from /opt/airflow/dags/train.py
[2026-01-31T02:52:38.648+0000] {logging_mixin.py:188} INFO - [2026-01-31T02:52:38.648+0000] {__init__.py:537} WARNING - mkdir -p failed for path /home/airflow/.cache/matplotlib: [Errno 13] Permission denied: '/home/airflow/.cache/matplotlib'
[2026-01-31T02:52:38.649+0000] {logging_mixin.py:188} INFO - [2026-01-31T02:52:38.649+0000] {__init__.py:554} WARNING - Matplotlib created a temporary cache directory at /tmp/matplotlib-75v4_02j because there was an issue with the default path (/home/airflow/.cache/matplotlib); it is highly recommended to set the MPLCONFIGDIR environment variable to a writable directory, in particular to speed up the import of Matplotlib and to better support multiprocessing.
[2026-01-31T02:52:38.785+0000] {logging_mixin.py:188} INFO - [2026-01-31T02:52:38.785+0000] {font_manager.py:1639} INFO - generated new fontManager
[2026-01-31T02:52:39.016+0000] {logging_mixin.py:188} INFO - IP resolvido para MLflow: http://192.168.65.254:5000/
[2026-01-31T02:52:39.019+0000] {logging_mixin.py:188} WARNING - /opt/airflow/dags/train.py:37 RemovedInAirflow3Warning: Function `days_ago` is deprecated and will be removed in Airflow 3.0. You can achieve equivalent behavior with `pendulum.today('UTC').add(days=-N, ...)`
[2026-01-31T02:52:39.020+0000] {logging_mixin.py:188} WARNING - /opt/airflow/dags/train.py:32 RemovedInAirflow3Warning: Param `schedule_interval` is deprecated and will be removed in a future release. Please use `schedule` instead.
[2026-01-31T02:52:39.028+0000] {processor.py:840} INFO - DAG(s) 'ml_training_pipeline' retrieved from /opt/airflow/dags/train.py
[2026-01-31T02:52:39.056+0000] {logging_mixin.py:188} INFO - [2026-01-31T02:52:39.055+0000] {dag.py:3096} INFO - Sync 1 DAGs
[2026-01-31T02:52:39.077+0000] {logging_mixin.py:188} INFO - [2026-01-31T02:52:39.077+0000] {dag.py:3954} INFO - Setting next_dagrun for ml_training_pipeline to 2026-02-01 00:00:00+00:00, run_after=2026-02-08 00:00:00+00:00
[2026-01-31T02:52:39.104+0000] {processor.py:183} INFO - Processing /opt/airflow/dags/train.py took 3.011 seconds
[2026-01-31T02:53:09.179+0000] {processor.py:161} INFO - Started process (PID=17453) to work on /opt/airflow/dags/train.py
[2026-01-31T02:53:09.181+0000] {processor.py:830} INFO - Processing file /opt/airflow/dags/train.py for tasks to queue
[2026-01-31T02:53:09.182+0000] {logging_mixin.py:188} INFO - [2026-01-31T02:53:09.182+0000] {dagbag.py:545} INFO - Filling up the DagBag from /opt/airflow/dags/train.py
[2026-01-31T02:53:11.784+0000] {logging_mixin.py:188} INFO - [2026-01-31T02:53:11.784+0000] {__init__.py:537} WARNING - mkdir -p failed for path /home/airflow/.cache/matplotlib: [Errno 13] Permission denied: '/home/airflow/.cache/matplotlib'
[2026-01-31T02:53:11.785+0000] {logging_mixin.py:188} INFO - [2026-01-31T02:53:11.784+0000] {__init__.py:554} WARNING - Matplotlib created a temporary cache directory at /tmp/matplotlib-cpd4m03v because there was an issue with the default path (/home/airflow/.cache/matplotlib); it is highly recommended to set the MPLCONFIGDIR environment variable to a writable directory, in particular to speed up the import of Matplotlib and to better support multiprocessing.
[2026-01-31T02:53:11.878+0000] {logging_mixin.py:188} INFO - [2026-01-31T02:53:11.878+0000] {font_manager.py:1639} INFO - generated new fontManager
[2026-01-31T02:53:12.032+0000] {logging_mixin.py:188} INFO - IP resolvido para MLflow: http://192.168.65.254:5000/
[2026-01-31T02:53:12.035+0000] {logging_mixin.py:188} WARNING - /opt/airflow/dags/train.py:37 RemovedInAirflow3Warning: Function `days_ago` is deprecated and will be removed in Airflow 3.0. You can achieve equivalent behavior with `pendulum.today('UTC').add(days=-N, ...)`
[2026-01-31T02:53:12.036+0000] {logging_mixin.py:188} WARNING - /opt/airflow/dags/train.py:32 RemovedInAirflow3Warning: Param `schedule_interval` is deprecated and will be removed in a future release. Please use `schedule` instead.
[2026-01-31T02:53:12.040+0000] {processor.py:840} INFO - DAG(s) 'ml_training_pipeline' retrieved from /opt/airflow/dags/train.py
[2026-01-31T02:53:12.057+0000] {logging_mixin.py:188} INFO - [2026-01-31T02:53:12.056+0000] {dag.py:3096} INFO - Sync 1 DAGs
[2026-01-31T02:53:12.071+0000] {logging_mixin.py:188} INFO - [2026-01-31T02:53:12.071+0000] {dag.py:3954} INFO - Setting next_dagrun for ml_training_pipeline to 2026-02-01 00:00:00+00:00, run_after=2026-02-08 00:00:00+00:00
[2026-01-31T02:53:12.086+0000] {processor.py:183} INFO - Processing /opt/airflow/dags/train.py took 2.910 seconds
[2026-01-31T02:53:42.877+0000] {processor.py:161} INFO - Started process (PID=17506) to work on /opt/airflow/dags/train.py
[2026-01-31T02:53:42.878+0000] {processor.py:830} INFO - Processing file /opt/airflow/dags/train.py for tasks to queue
[2026-01-31T02:53:42.879+0000] {logging_mixin.py:188} INFO - [2026-01-31T02:53:42.879+0000] {dagbag.py:545} INFO - Filling up the DagBag from /opt/airflow/dags/train.py
[2026-01-31T02:53:45.065+0000] {logging_mixin.py:188} INFO - [2026-01-31T02:53:45.065+0000] {__init__.py:537} WARNING - mkdir -p failed for path /home/airflow/.cache/matplotlib: [Errno 13] Permission denied: '/home/airflow/.cache/matplotlib'
[2026-01-31T02:53:45.066+0000] {logging_mixin.py:188} INFO - [2026-01-31T02:53:45.065+0000] {__init__.py:554} WARNING - Matplotlib created a temporary cache directory at /tmp/matplotlib-jho6qt43 because there was an issue with the default path (/home/airflow/.cache/matplotlib); it is highly recommended to set the MPLCONFIGDIR environment variable to a writable directory, in particular to speed up the import of Matplotlib and to better support multiprocessing.
[2026-01-31T02:53:45.151+0000] {logging_mixin.py:188} INFO - [2026-01-31T02:53:45.151+0000] {font_manager.py:1639} INFO - generated new fontManager
[2026-01-31T02:53:45.280+0000] {logging_mixin.py:188} INFO - IP resolvido para MLflow: http://192.168.65.254:5000/
[2026-01-31T02:53:45.282+0000] {logging_mixin.py:188} WARNING - /opt/airflow/dags/train.py:37 RemovedInAirflow3Warning: Function `days_ago` is deprecated and will be removed in Airflow 3.0. You can achieve equivalent behavior with `pendulum.today('UTC').add(days=-N, ...)`
[2026-01-31T02:53:45.283+0000] {logging_mixin.py:188} WARNING - /opt/airflow/dags/train.py:32 RemovedInAirflow3Warning: Param `schedule_interval` is deprecated and will be removed in a future release. Please use `schedule` instead.
[2026-01-31T02:53:45.286+0000] {processor.py:840} INFO - DAG(s) 'ml_training_pipeline' retrieved from /opt/airflow/dags/train.py
[2026-01-31T02:53:45.300+0000] {logging_mixin.py:188} INFO - [2026-01-31T02:53:45.300+0000] {dag.py:3096} INFO - Sync 1 DAGs
[2026-01-31T02:53:45.312+0000] {logging_mixin.py:188} INFO - [2026-01-31T02:53:45.312+0000] {dag.py:3954} INFO - Setting next_dagrun for ml_training_pipeline to 2026-02-01 00:00:00+00:00, run_after=2026-02-08 00:00:00+00:00
[2026-01-31T02:53:45.323+0000] {processor.py:183} INFO - Processing /opt/airflow/dags/train.py took 2.451 seconds
[2026-01-31T02:54:15.581+0000] {processor.py:161} INFO - Started process (PID=17547) to work on /opt/airflow/dags/train.py
[2026-01-31T02:54:15.584+0000] {processor.py:830} INFO - Processing file /opt/airflow/dags/train.py for tasks to queue
[2026-01-31T02:54:15.585+0000] {logging_mixin.py:188} INFO - [2026-01-31T02:54:15.585+0000] {dagbag.py:545} INFO - Filling up the DagBag from /opt/airflow/dags/train.py
[2026-01-31T02:54:17.750+0000] {logging_mixin.py:188} INFO - [2026-01-31T02:54:17.750+0000] {__init__.py:537} WARNING - mkdir -p failed for path /home/airflow/.cache/matplotlib: [Errno 13] Permission denied: '/home/airflow/.cache/matplotlib'
[2026-01-31T02:54:17.751+0000] {logging_mixin.py:188} INFO - [2026-01-31T02:54:17.750+0000] {__init__.py:554} WARNING - Matplotlib created a temporary cache directory at /tmp/matplotlib-yh1rxt_1 because there was an issue with the default path (/home/airflow/.cache/matplotlib); it is highly recommended to set the MPLCONFIGDIR environment variable to a writable directory, in particular to speed up the import of Matplotlib and to better support multiprocessing.
[2026-01-31T02:54:17.831+0000] {logging_mixin.py:188} INFO - [2026-01-31T02:54:17.831+0000] {font_manager.py:1639} INFO - generated new fontManager
[2026-01-31T02:54:17.961+0000] {logging_mixin.py:188} INFO - IP resolvido para MLflow: http://192.168.65.254:5000/
[2026-01-31T02:54:17.963+0000] {logging_mixin.py:188} WARNING - /opt/airflow/dags/train.py:37 RemovedInAirflow3Warning: Function `days_ago` is deprecated and will be removed in Airflow 3.0. You can achieve equivalent behavior with `pendulum.today('UTC').add(days=-N, ...)`
[2026-01-31T02:54:17.964+0000] {logging_mixin.py:188} WARNING - /opt/airflow/dags/train.py:32 RemovedInAirflow3Warning: Param `schedule_interval` is deprecated and will be removed in a future release. Please use `schedule` instead.
[2026-01-31T02:54:17.967+0000] {processor.py:840} INFO - DAG(s) 'ml_training_pipeline' retrieved from /opt/airflow/dags/train.py
[2026-01-31T02:54:17.982+0000] {logging_mixin.py:188} INFO - [2026-01-31T02:54:17.982+0000] {dag.py:3096} INFO - Sync 1 DAGs
[2026-01-31T02:54:17.994+0000] {logging_mixin.py:188} INFO - [2026-01-31T02:54:17.994+0000] {dag.py:3954} INFO - Setting next_dagrun for ml_training_pipeline to 2026-02-01 00:00:00+00:00, run_after=2026-02-08 00:00:00+00:00
[2026-01-31T02:54:18.008+0000] {processor.py:183} INFO - Processing /opt/airflow/dags/train.py took 2.432 seconds
[2026-01-31T02:54:48.367+0000] {processor.py:161} INFO - Started process (PID=17594) to work on /opt/airflow/dags/train.py
[2026-01-31T02:54:48.368+0000] {processor.py:830} INFO - Processing file /opt/airflow/dags/train.py for tasks to queue
[2026-01-31T02:54:48.369+0000] {logging_mixin.py:188} INFO - [2026-01-31T02:54:48.369+0000] {dagbag.py:545} INFO - Filling up the DagBag from /opt/airflow/dags/train.py
[2026-01-31T02:54:50.449+0000] {logging_mixin.py:188} INFO - [2026-01-31T02:54:50.449+0000] {__init__.py:537} WARNING - mkdir -p failed for path /home/airflow/.cache/matplotlib: [Errno 13] Permission denied: '/home/airflow/.cache/matplotlib'
[2026-01-31T02:54:50.450+0000] {logging_mixin.py:188} INFO - [2026-01-31T02:54:50.450+0000] {__init__.py:554} WARNING - Matplotlib created a temporary cache directory at /tmp/matplotlib-353l_k1h because there was an issue with the default path (/home/airflow/.cache/matplotlib); it is highly recommended to set the MPLCONFIGDIR environment variable to a writable directory, in particular to speed up the import of Matplotlib and to better support multiprocessing.
[2026-01-31T02:54:50.535+0000] {logging_mixin.py:188} INFO - [2026-01-31T02:54:50.535+0000] {font_manager.py:1639} INFO - generated new fontManager
[2026-01-31T02:54:50.665+0000] {logging_mixin.py:188} INFO - IP resolvido para MLflow: http://192.168.65.254:5000/
[2026-01-31T02:54:50.668+0000] {logging_mixin.py:188} WARNING - /opt/airflow/dags/train.py:37 RemovedInAirflow3Warning: Function `days_ago` is deprecated and will be removed in Airflow 3.0. You can achieve equivalent behavior with `pendulum.today('UTC').add(days=-N, ...)`
[2026-01-31T02:54:50.669+0000] {logging_mixin.py:188} WARNING - /opt/airflow/dags/train.py:32 RemovedInAirflow3Warning: Param `schedule_interval` is deprecated and will be removed in a future release. Please use `schedule` instead.
[2026-01-31T02:54:50.672+0000] {processor.py:840} INFO - DAG(s) 'ml_training_pipeline' retrieved from /opt/airflow/dags/train.py
[2026-01-31T02:54:50.685+0000] {logging_mixin.py:188} INFO - [2026-01-31T02:54:50.685+0000] {dag.py:3096} INFO - Sync 1 DAGs
[2026-01-31T02:54:50.695+0000] {logging_mixin.py:188} INFO - [2026-01-31T02:54:50.695+0000] {dag.py:3954} INFO - Setting next_dagrun for ml_training_pipeline to 2026-02-01 00:00:00+00:00, run_after=2026-02-08 00:00:00+00:00
[2026-01-31T02:54:50.707+0000] {processor.py:183} INFO - Processing /opt/airflow/dags/train.py took 2.343 seconds
[2026-01-31T02:55:21.254+0000] {processor.py:161} INFO - Started process (PID=17641) to work on /opt/airflow/dags/train.py
[2026-01-31T02:55:21.255+0000] {processor.py:830} INFO - Processing file /opt/airflow/dags/train.py for tasks to queue
[2026-01-31T02:55:21.256+0000] {logging_mixin.py:188} INFO - [2026-01-31T02:55:21.256+0000] {dagbag.py:545} INFO - Filling up the DagBag from /opt/airflow/dags/train.py
[2026-01-31T02:55:23.485+0000] {logging_mixin.py:188} INFO - [2026-01-31T02:55:23.484+0000] {__init__.py:537} WARNING - mkdir -p failed for path /home/airflow/.cache/matplotlib: [Errno 13] Permission denied: '/home/airflow/.cache/matplotlib'
[2026-01-31T02:55:23.485+0000] {logging_mixin.py:188} INFO - [2026-01-31T02:55:23.485+0000] {__init__.py:554} WARNING - Matplotlib created a temporary cache directory at /tmp/matplotlib-yrtd3bld because there was an issue with the default path (/home/airflow/.cache/matplotlib); it is highly recommended to set the MPLCONFIGDIR environment variable to a writable directory, in particular to speed up the import of Matplotlib and to better support multiprocessing.
[2026-01-31T02:55:23.576+0000] {logging_mixin.py:188} INFO - [2026-01-31T02:55:23.576+0000] {font_manager.py:1639} INFO - generated new fontManager
[2026-01-31T02:55:23.709+0000] {logging_mixin.py:188} INFO - IP resolvido para MLflow: http://192.168.65.254:5000/
[2026-01-31T02:55:23.711+0000] {logging_mixin.py:188} WARNING - /opt/airflow/dags/train.py:37 RemovedInAirflow3Warning: Function `days_ago` is deprecated and will be removed in Airflow 3.0. You can achieve equivalent behavior with `pendulum.today('UTC').add(days=-N, ...)`
[2026-01-31T02:55:23.712+0000] {logging_mixin.py:188} WARNING - /opt/airflow/dags/train.py:32 RemovedInAirflow3Warning: Param `schedule_interval` is deprecated and will be removed in a future release. Please use `schedule` instead.
[2026-01-31T02:55:23.716+0000] {processor.py:840} INFO - DAG(s) 'ml_training_pipeline' retrieved from /opt/airflow/dags/train.py
[2026-01-31T02:55:23.730+0000] {logging_mixin.py:188} INFO - [2026-01-31T02:55:23.730+0000] {dag.py:3096} INFO - Sync 1 DAGs
[2026-01-31T02:55:23.743+0000] {logging_mixin.py:188} INFO - [2026-01-31T02:55:23.743+0000] {dag.py:3954} INFO - Setting next_dagrun for ml_training_pipeline to 2026-02-01 00:00:00+00:00, run_after=2026-02-08 00:00:00+00:00
[2026-01-31T02:55:23.757+0000] {processor.py:183} INFO - Processing /opt/airflow/dags/train.py took 2.507 seconds
[2026-01-31T02:55:54.543+0000] {processor.py:161} INFO - Started process (PID=17688) to work on /opt/airflow/dags/train.py
[2026-01-31T02:55:54.544+0000] {processor.py:830} INFO - Processing file /opt/airflow/dags/train.py for tasks to queue
[2026-01-31T02:55:54.545+0000] {logging_mixin.py:188} INFO - [2026-01-31T02:55:54.545+0000] {dagbag.py:545} INFO - Filling up the DagBag from /opt/airflow/dags/train.py
[2026-01-31T02:55:56.554+0000] {logging_mixin.py:188} INFO - [2026-01-31T02:55:56.554+0000] {__init__.py:537} WARNING - mkdir -p failed for path /home/airflow/.cache/matplotlib: [Errno 13] Permission denied: '/home/airflow/.cache/matplotlib'
[2026-01-31T02:55:56.554+0000] {logging_mixin.py:188} INFO - [2026-01-31T02:55:56.554+0000] {__init__.py:554} WARNING - Matplotlib created a temporary cache directory at /tmp/matplotlib-5uodrdni because there was an issue with the default path (/home/airflow/.cache/matplotlib); it is highly recommended to set the MPLCONFIGDIR environment variable to a writable directory, in particular to speed up the import of Matplotlib and to better support multiprocessing.
[2026-01-31T02:55:56.631+0000] {logging_mixin.py:188} INFO - [2026-01-31T02:55:56.631+0000] {font_manager.py:1639} INFO - generated new fontManager
[2026-01-31T02:55:56.748+0000] {logging_mixin.py:188} INFO - IP resolvido para MLflow: http://192.168.65.254:5000/
[2026-01-31T02:55:56.750+0000] {logging_mixin.py:188} WARNING - /opt/airflow/dags/train.py:37 RemovedInAirflow3Warning: Function `days_ago` is deprecated and will be removed in Airflow 3.0. You can achieve equivalent behavior with `pendulum.today('UTC').add(days=-N, ...)`
[2026-01-31T02:55:56.750+0000] {logging_mixin.py:188} WARNING - /opt/airflow/dags/train.py:32 RemovedInAirflow3Warning: Param `schedule_interval` is deprecated and will be removed in a future release. Please use `schedule` instead.
[2026-01-31T02:55:56.753+0000] {processor.py:840} INFO - DAG(s) 'ml_training_pipeline' retrieved from /opt/airflow/dags/train.py
[2026-01-31T02:55:56.769+0000] {logging_mixin.py:188} INFO - [2026-01-31T02:55:56.769+0000] {dag.py:3096} INFO - Sync 1 DAGs
[2026-01-31T02:55:56.781+0000] {logging_mixin.py:188} INFO - [2026-01-31T02:55:56.780+0000] {dag.py:3954} INFO - Setting next_dagrun for ml_training_pipeline to 2026-02-01 00:00:00+00:00, run_after=2026-02-08 00:00:00+00:00
[2026-01-31T02:55:56.794+0000] {processor.py:183} INFO - Processing /opt/airflow/dags/train.py took 2.255 seconds
[2026-01-31T02:56:27.499+0000] {processor.py:161} INFO - Started process (PID=17735) to work on /opt/airflow/dags/train.py
[2026-01-31T02:56:27.501+0000] {processor.py:830} INFO - Processing file /opt/airflow/dags/train.py for tasks to queue
[2026-01-31T02:56:27.502+0000] {logging_mixin.py:188} INFO - [2026-01-31T02:56:27.502+0000] {dagbag.py:545} INFO - Filling up the DagBag from /opt/airflow/dags/train.py
[2026-01-31T02:56:29.539+0000] {logging_mixin.py:188} INFO - [2026-01-31T02:56:29.539+0000] {__init__.py:537} WARNING - mkdir -p failed for path /home/airflow/.cache/matplotlib: [Errno 13] Permission denied: '/home/airflow/.cache/matplotlib'
[2026-01-31T02:56:29.540+0000] {logging_mixin.py:188} INFO - [2026-01-31T02:56:29.540+0000] {__init__.py:554} WARNING - Matplotlib created a temporary cache directory at /tmp/matplotlib-0lpy0zwr because there was an issue with the default path (/home/airflow/.cache/matplotlib); it is highly recommended to set the MPLCONFIGDIR environment variable to a writable directory, in particular to speed up the import of Matplotlib and to better support multiprocessing.
[2026-01-31T02:56:29.616+0000] {logging_mixin.py:188} INFO - [2026-01-31T02:56:29.616+0000] {font_manager.py:1639} INFO - generated new fontManager
[2026-01-31T02:56:29.742+0000] {logging_mixin.py:188} INFO - IP resolvido para MLflow: http://192.168.65.254:5000/
[2026-01-31T02:56:29.744+0000] {logging_mixin.py:188} WARNING - /opt/airflow/dags/train.py:37 RemovedInAirflow3Warning: Function `days_ago` is deprecated and will be removed in Airflow 3.0. You can achieve equivalent behavior with `pendulum.today('UTC').add(days=-N, ...)`
[2026-01-31T02:56:29.744+0000] {logging_mixin.py:188} WARNING - /opt/airflow/dags/train.py:32 RemovedInAirflow3Warning: Param `schedule_interval` is deprecated and will be removed in a future release. Please use `schedule` instead.
[2026-01-31T02:56:29.748+0000] {processor.py:840} INFO - DAG(s) 'ml_training_pipeline' retrieved from /opt/airflow/dags/train.py
[2026-01-31T02:56:29.763+0000] {logging_mixin.py:188} INFO - [2026-01-31T02:56:29.763+0000] {dag.py:3096} INFO - Sync 1 DAGs
[2026-01-31T02:56:29.777+0000] {logging_mixin.py:188} INFO - [2026-01-31T02:56:29.777+0000] {dag.py:3954} INFO - Setting next_dagrun for ml_training_pipeline to 2026-02-01 00:00:00+00:00, run_after=2026-02-08 00:00:00+00:00
[2026-01-31T02:56:29.788+0000] {processor.py:183} INFO - Processing /opt/airflow/dags/train.py took 2.293 seconds
[2026-01-31T02:57:00.295+0000] {processor.py:161} INFO - Started process (PID=17782) to work on /opt/airflow/dags/train.py
[2026-01-31T02:57:00.295+0000] {processor.py:830} INFO - Processing file /opt/airflow/dags/train.py for tasks to queue
[2026-01-31T02:57:00.296+0000] {logging_mixin.py:188} INFO - [2026-01-31T02:57:00.296+0000] {dagbag.py:545} INFO - Filling up the DagBag from /opt/airflow/dags/train.py
[2026-01-31T02:57:02.320+0000] {logging_mixin.py:188} INFO - [2026-01-31T02:57:02.320+0000] {__init__.py:537} WARNING - mkdir -p failed for path /home/airflow/.cache/matplotlib: [Errno 13] Permission denied: '/home/airflow/.cache/matplotlib'
[2026-01-31T02:57:02.321+0000] {logging_mixin.py:188} INFO - [2026-01-31T02:57:02.321+0000] {__init__.py:554} WARNING - Matplotlib created a temporary cache directory at /tmp/matplotlib-ds9k03i3 because there was an issue with the default path (/home/airflow/.cache/matplotlib); it is highly recommended to set the MPLCONFIGDIR environment variable to a writable directory, in particular to speed up the import of Matplotlib and to better support multiprocessing.
[2026-01-31T02:57:02.396+0000] {logging_mixin.py:188} INFO - [2026-01-31T02:57:02.396+0000] {font_manager.py:1639} INFO - generated new fontManager
[2026-01-31T02:57:02.523+0000] {logging_mixin.py:188} INFO - IP resolvido para MLflow: http://192.168.65.254:5000/
[2026-01-31T02:57:02.525+0000] {logging_mixin.py:188} WARNING - /opt/airflow/dags/train.py:37 RemovedInAirflow3Warning: Function `days_ago` is deprecated and will be removed in Airflow 3.0. You can achieve equivalent behavior with `pendulum.today('UTC').add(days=-N, ...)`
[2026-01-31T02:57:02.526+0000] {logging_mixin.py:188} WARNING - /opt/airflow/dags/train.py:32 RemovedInAirflow3Warning: Param `schedule_interval` is deprecated and will be removed in a future release. Please use `schedule` instead.
[2026-01-31T02:57:02.530+0000] {processor.py:840} INFO - DAG(s) 'ml_training_pipeline' retrieved from /opt/airflow/dags/train.py
[2026-01-31T02:57:02.545+0000] {logging_mixin.py:188} INFO - [2026-01-31T02:57:02.544+0000] {dag.py:3096} INFO - Sync 1 DAGs
[2026-01-31T02:57:02.557+0000] {logging_mixin.py:188} INFO - [2026-01-31T02:57:02.557+0000] {dag.py:3954} INFO - Setting next_dagrun for ml_training_pipeline to 2026-02-01 00:00:00+00:00, run_after=2026-02-08 00:00:00+00:00
[2026-01-31T02:57:02.570+0000] {processor.py:183} INFO - Processing /opt/airflow/dags/train.py took 2.280 seconds
[2026-01-31T02:57:33.313+0000] {processor.py:161} INFO - Started process (PID=17829) to work on /opt/airflow/dags/train.py
[2026-01-31T02:57:33.316+0000] {processor.py:830} INFO - Processing file /opt/airflow/dags/train.py for tasks to queue
[2026-01-31T02:57:33.318+0000] {logging_mixin.py:188} INFO - [2026-01-31T02:57:33.317+0000] {dagbag.py:545} INFO - Filling up the DagBag from /opt/airflow/dags/train.py
[2026-01-31T02:57:35.474+0000] {logging_mixin.py:188} INFO - [2026-01-31T02:57:35.474+0000] {__init__.py:537} WARNING - mkdir -p failed for path /home/airflow/.cache/matplotlib: [Errno 13] Permission denied: '/home/airflow/.cache/matplotlib'
[2026-01-31T02:57:35.475+0000] {logging_mixin.py:188} INFO - [2026-01-31T02:57:35.475+0000] {__init__.py:554} WARNING - Matplotlib created a temporary cache directory at /tmp/matplotlib-5yubhmmq because there was an issue with the default path (/home/airflow/.cache/matplotlib); it is highly recommended to set the MPLCONFIGDIR environment variable to a writable directory, in particular to speed up the import of Matplotlib and to better support multiprocessing.
[2026-01-31T02:57:35.559+0000] {logging_mixin.py:188} INFO - [2026-01-31T02:57:35.558+0000] {font_manager.py:1639} INFO - generated new fontManager
[2026-01-31T02:57:35.684+0000] {logging_mixin.py:188} INFO - IP resolvido para MLflow: http://192.168.65.254:5000/
[2026-01-31T02:57:35.687+0000] {logging_mixin.py:188} WARNING - /opt/airflow/dags/train.py:37 RemovedInAirflow3Warning: Function `days_ago` is deprecated and will be removed in Airflow 3.0. You can achieve equivalent behavior with `pendulum.today('UTC').add(days=-N, ...)`
[2026-01-31T02:57:35.688+0000] {logging_mixin.py:188} WARNING - /opt/airflow/dags/train.py:32 RemovedInAirflow3Warning: Param `schedule_interval` is deprecated and will be removed in a future release. Please use `schedule` instead.
[2026-01-31T02:57:35.691+0000] {processor.py:840} INFO - DAG(s) 'ml_training_pipeline' retrieved from /opt/airflow/dags/train.py
[2026-01-31T02:57:35.706+0000] {logging_mixin.py:188} INFO - [2026-01-31T02:57:35.706+0000] {dag.py:3096} INFO - Sync 1 DAGs
[2026-01-31T02:57:35.717+0000] {logging_mixin.py:188} INFO - [2026-01-31T02:57:35.717+0000] {dag.py:3954} INFO - Setting next_dagrun for ml_training_pipeline to 2026-02-01 00:00:00+00:00, run_after=2026-02-08 00:00:00+00:00
[2026-01-31T02:57:35.728+0000] {processor.py:183} INFO - Processing /opt/airflow/dags/train.py took 2.419 seconds
[2026-01-31T02:58:06.266+0000] {processor.py:161} INFO - Started process (PID=17876) to work on /opt/airflow/dags/train.py
[2026-01-31T02:58:06.266+0000] {processor.py:830} INFO - Processing file /opt/airflow/dags/train.py for tasks to queue
[2026-01-31T02:58:06.268+0000] {logging_mixin.py:188} INFO - [2026-01-31T02:58:06.267+0000] {dagbag.py:545} INFO - Filling up the DagBag from /opt/airflow/dags/train.py
[2026-01-31T02:58:08.256+0000] {logging_mixin.py:188} INFO - [2026-01-31T02:58:08.256+0000] {__init__.py:537} WARNING - mkdir -p failed for path /home/airflow/.cache/matplotlib: [Errno 13] Permission denied: '/home/airflow/.cache/matplotlib'
[2026-01-31T02:58:08.257+0000] {logging_mixin.py:188} INFO - [2026-01-31T02:58:08.257+0000] {__init__.py:554} WARNING - Matplotlib created a temporary cache directory at /tmp/matplotlib-j1g9hzhh because there was an issue with the default path (/home/airflow/.cache/matplotlib); it is highly recommended to set the MPLCONFIGDIR environment variable to a writable directory, in particular to speed up the import of Matplotlib and to better support multiprocessing.
[2026-01-31T02:58:08.332+0000] {logging_mixin.py:188} INFO - [2026-01-31T02:58:08.331+0000] {font_manager.py:1639} INFO - generated new fontManager
[2026-01-31T02:58:08.456+0000] {logging_mixin.py:188} INFO - IP resolvido para MLflow: http://192.168.65.254:5000/
[2026-01-31T02:58:08.458+0000] {logging_mixin.py:188} WARNING - /opt/airflow/dags/train.py:37 RemovedInAirflow3Warning: Function `days_ago` is deprecated and will be removed in Airflow 3.0. You can achieve equivalent behavior with `pendulum.today('UTC').add(days=-N, ...)`
[2026-01-31T02:58:08.459+0000] {logging_mixin.py:188} WARNING - /opt/airflow/dags/train.py:32 RemovedInAirflow3Warning: Param `schedule_interval` is deprecated and will be removed in a future release. Please use `schedule` instead.
[2026-01-31T02:58:08.463+0000] {processor.py:840} INFO - DAG(s) 'ml_training_pipeline' retrieved from /opt/airflow/dags/train.py
[2026-01-31T02:58:08.479+0000] {logging_mixin.py:188} INFO - [2026-01-31T02:58:08.478+0000] {dag.py:3096} INFO - Sync 1 DAGs
[2026-01-31T02:58:08.490+0000] {logging_mixin.py:188} INFO - [2026-01-31T02:58:08.490+0000] {dag.py:3954} INFO - Setting next_dagrun for ml_training_pipeline to 2026-02-01 00:00:00+00:00, run_after=2026-02-08 00:00:00+00:00
[2026-01-31T02:58:08.503+0000] {processor.py:183} INFO - Processing /opt/airflow/dags/train.py took 2.242 seconds
[2026-01-31T02:58:39.131+0000] {processor.py:161} INFO - Started process (PID=17923) to work on /opt/airflow/dags/train.py
[2026-01-31T02:58:39.133+0000] {processor.py:830} INFO - Processing file /opt/airflow/dags/train.py for tasks to queue
[2026-01-31T02:58:39.135+0000] {logging_mixin.py:188} INFO - [2026-01-31T02:58:39.134+0000] {dagbag.py:545} INFO - Filling up the DagBag from /opt/airflow/dags/train.py
[2026-01-31T02:58:41.420+0000] {logging_mixin.py:188} INFO - [2026-01-31T02:58:41.420+0000] {__init__.py:537} WARNING - mkdir -p failed for path /home/airflow/.cache/matplotlib: [Errno 13] Permission denied: '/home/airflow/.cache/matplotlib'
[2026-01-31T02:58:41.421+0000] {logging_mixin.py:188} INFO - [2026-01-31T02:58:41.421+0000] {__init__.py:554} WARNING - Matplotlib created a temporary cache directory at /tmp/matplotlib-1ss60qzp because there was an issue with the default path (/home/airflow/.cache/matplotlib); it is highly recommended to set the MPLCONFIGDIR environment variable to a writable directory, in particular to speed up the import of Matplotlib and to better support multiprocessing.
[2026-01-31T02:58:41.502+0000] {logging_mixin.py:188} INFO - [2026-01-31T02:58:41.502+0000] {font_manager.py:1639} INFO - generated new fontManager
[2026-01-31T02:58:41.625+0000] {logging_mixin.py:188} INFO - IP resolvido para MLflow: http://192.168.65.254:5000/
[2026-01-31T02:58:41.627+0000] {logging_mixin.py:188} WARNING - /opt/airflow/dags/train.py:37 RemovedInAirflow3Warning: Function `days_ago` is deprecated and will be removed in Airflow 3.0. You can achieve equivalent behavior with `pendulum.today('UTC').add(days=-N, ...)`
[2026-01-31T02:58:41.628+0000] {logging_mixin.py:188} WARNING - /opt/airflow/dags/train.py:32 RemovedInAirflow3Warning: Param `schedule_interval` is deprecated and will be removed in a future release. Please use `schedule` instead.
[2026-01-31T02:58:41.632+0000] {processor.py:840} INFO - DAG(s) 'ml_training_pipeline' retrieved from /opt/airflow/dags/train.py
[2026-01-31T02:58:41.647+0000] {logging_mixin.py:188} INFO - [2026-01-31T02:58:41.647+0000] {dag.py:3096} INFO - Sync 1 DAGs
[2026-01-31T02:58:41.658+0000] {logging_mixin.py:188} INFO - [2026-01-31T02:58:41.658+0000] {dag.py:3954} INFO - Setting next_dagrun for ml_training_pipeline to 2026-02-01 00:00:00+00:00, run_after=2026-02-08 00:00:00+00:00
[2026-01-31T02:58:41.671+0000] {processor.py:183} INFO - Processing /opt/airflow/dags/train.py took 2.544 seconds
[2026-01-31T02:59:11.812+0000] {processor.py:161} INFO - Started process (PID=17970) to work on /opt/airflow/dags/train.py
[2026-01-31T02:59:11.812+0000] {processor.py:830} INFO - Processing file /opt/airflow/dags/train.py for tasks to queue
[2026-01-31T02:59:11.813+0000] {logging_mixin.py:188} INFO - [2026-01-31T02:59:11.813+0000] {dagbag.py:545} INFO - Filling up the DagBag from /opt/airflow/dags/train.py
[2026-01-31T02:59:14.081+0000] {logging_mixin.py:188} INFO - [2026-01-31T02:59:14.081+0000] {__init__.py:537} WARNING - mkdir -p failed for path /home/airflow/.cache/matplotlib: [Errno 13] Permission denied: '/home/airflow/.cache/matplotlib'
[2026-01-31T02:59:14.082+0000] {logging_mixin.py:188} INFO - [2026-01-31T02:59:14.082+0000] {__init__.py:554} WARNING - Matplotlib created a temporary cache directory at /tmp/matplotlib-3lf_qzv8 because there was an issue with the default path (/home/airflow/.cache/matplotlib); it is highly recommended to set the MPLCONFIGDIR environment variable to a writable directory, in particular to speed up the import of Matplotlib and to better support multiprocessing.
[2026-01-31T02:59:14.168+0000] {logging_mixin.py:188} INFO - [2026-01-31T02:59:14.168+0000] {font_manager.py:1639} INFO - generated new fontManager
[2026-01-31T02:59:14.303+0000] {logging_mixin.py:188} INFO - IP resolvido para MLflow: http://192.168.65.254:5000/
[2026-01-31T02:59:14.305+0000] {logging_mixin.py:188} WARNING - /opt/airflow/dags/train.py:37 RemovedInAirflow3Warning: Function `days_ago` is deprecated and will be removed in Airflow 3.0. You can achieve equivalent behavior with `pendulum.today('UTC').add(days=-N, ...)`
[2026-01-31T02:59:14.306+0000] {logging_mixin.py:188} WARNING - /opt/airflow/dags/train.py:32 RemovedInAirflow3Warning: Param `schedule_interval` is deprecated and will be removed in a future release. Please use `schedule` instead.
[2026-01-31T02:59:14.309+0000] {processor.py:840} INFO - DAG(s) 'ml_training_pipeline' retrieved from /opt/airflow/dags/train.py
[2026-01-31T02:59:14.326+0000] {logging_mixin.py:188} INFO - [2026-01-31T02:59:14.326+0000] {dag.py:3096} INFO - Sync 1 DAGs
[2026-01-31T02:59:14.340+0000] {logging_mixin.py:188} INFO - [2026-01-31T02:59:14.340+0000] {dag.py:3954} INFO - Setting next_dagrun for ml_training_pipeline to 2026-02-01 00:00:00+00:00, run_after=2026-02-08 00:00:00+00:00
[2026-01-31T02:59:14.358+0000] {processor.py:183} INFO - Processing /opt/airflow/dags/train.py took 2.550 seconds
[2026-01-31T02:59:44.528+0000] {processor.py:161} INFO - Started process (PID=18018) to work on /opt/airflow/dags/train.py
[2026-01-31T02:59:44.530+0000] {processor.py:830} INFO - Processing file /opt/airflow/dags/train.py for tasks to queue
[2026-01-31T02:59:44.533+0000] {logging_mixin.py:188} INFO - [2026-01-31T02:59:44.533+0000] {dagbag.py:545} INFO - Filling up the DagBag from /opt/airflow/dags/train.py
[2026-01-31T02:59:46.576+0000] {logging_mixin.py:188} INFO - [2026-01-31T02:59:46.576+0000] {__init__.py:537} WARNING - mkdir -p failed for path /home/airflow/.cache/matplotlib: [Errno 13] Permission denied: '/home/airflow/.cache/matplotlib'
[2026-01-31T02:59:46.578+0000] {logging_mixin.py:188} INFO - [2026-01-31T02:59:46.577+0000] {__init__.py:554} WARNING - Matplotlib created a temporary cache directory at /tmp/matplotlib-1qladnm0 because there was an issue with the default path (/home/airflow/.cache/matplotlib); it is highly recommended to set the MPLCONFIGDIR environment variable to a writable directory, in particular to speed up the import of Matplotlib and to better support multiprocessing.
[2026-01-31T02:59:46.653+0000] {logging_mixin.py:188} INFO - [2026-01-31T02:59:46.652+0000] {font_manager.py:1639} INFO - generated new fontManager
[2026-01-31T02:59:46.780+0000] {logging_mixin.py:188} INFO - IP resolvido para MLflow: http://192.168.65.254:5000/
[2026-01-31T02:59:46.783+0000] {logging_mixin.py:188} WARNING - /opt/airflow/dags/train.py:37 RemovedInAirflow3Warning: Function `days_ago` is deprecated and will be removed in Airflow 3.0. You can achieve equivalent behavior with `pendulum.today('UTC').add(days=-N, ...)`
[2026-01-31T02:59:46.783+0000] {logging_mixin.py:188} WARNING - /opt/airflow/dags/train.py:32 RemovedInAirflow3Warning: Param `schedule_interval` is deprecated and will be removed in a future release. Please use `schedule` instead.
[2026-01-31T02:59:46.787+0000] {processor.py:840} INFO - DAG(s) 'ml_training_pipeline' retrieved from /opt/airflow/dags/train.py
[2026-01-31T02:59:46.800+0000] {logging_mixin.py:188} INFO - [2026-01-31T02:59:46.800+0000] {dag.py:3096} INFO - Sync 1 DAGs
[2026-01-31T02:59:46.812+0000] {logging_mixin.py:188} INFO - [2026-01-31T02:59:46.812+0000] {dag.py:3954} INFO - Setting next_dagrun for ml_training_pipeline to 2026-02-01 00:00:00+00:00, run_after=2026-02-08 00:00:00+00:00
[2026-01-31T02:59:46.823+0000] {processor.py:183} INFO - Processing /opt/airflow/dags/train.py took 2.299 seconds
[2026-01-31T03:00:17.401+0000] {processor.py:161} INFO - Started process (PID=18065) to work on /opt/airflow/dags/train.py
[2026-01-31T03:00:17.402+0000] {processor.py:830} INFO - Processing file /opt/airflow/dags/train.py for tasks to queue
[2026-01-31T03:00:17.403+0000] {logging_mixin.py:188} INFO - [2026-01-31T03:00:17.403+0000] {dagbag.py:545} INFO - Filling up the DagBag from /opt/airflow/dags/train.py
[2026-01-31T03:00:19.395+0000] {logging_mixin.py:188} INFO - [2026-01-31T03:00:19.395+0000] {__init__.py:537} WARNING - mkdir -p failed for path /home/airflow/.cache/matplotlib: [Errno 13] Permission denied: '/home/airflow/.cache/matplotlib'
[2026-01-31T03:00:19.396+0000] {logging_mixin.py:188} INFO - [2026-01-31T03:00:19.396+0000] {__init__.py:554} WARNING - Matplotlib created a temporary cache directory at /tmp/matplotlib-hn_i7pcg because there was an issue with the default path (/home/airflow/.cache/matplotlib); it is highly recommended to set the MPLCONFIGDIR environment variable to a writable directory, in particular to speed up the import of Matplotlib and to better support multiprocessing.
[2026-01-31T03:00:19.469+0000] {logging_mixin.py:188} INFO - [2026-01-31T03:00:19.469+0000] {font_manager.py:1639} INFO - generated new fontManager
[2026-01-31T03:00:19.592+0000] {logging_mixin.py:188} INFO - IP resolvido para MLflow: http://192.168.65.254:5000/
[2026-01-31T03:00:19.594+0000] {logging_mixin.py:188} WARNING - /opt/airflow/dags/train.py:37 RemovedInAirflow3Warning: Function `days_ago` is deprecated and will be removed in Airflow 3.0. You can achieve equivalent behavior with `pendulum.today('UTC').add(days=-N, ...)`
[2026-01-31T03:00:19.594+0000] {logging_mixin.py:188} WARNING - /opt/airflow/dags/train.py:32 RemovedInAirflow3Warning: Param `schedule_interval` is deprecated and will be removed in a future release. Please use `schedule` instead.
[2026-01-31T03:00:19.599+0000] {processor.py:840} INFO - DAG(s) 'ml_training_pipeline' retrieved from /opt/airflow/dags/train.py
[2026-01-31T03:00:19.614+0000] {logging_mixin.py:188} INFO - [2026-01-31T03:00:19.613+0000] {dag.py:3096} INFO - Sync 1 DAGs
[2026-01-31T03:00:19.626+0000] {logging_mixin.py:188} INFO - [2026-01-31T03:00:19.626+0000] {dag.py:3954} INFO - Setting next_dagrun for ml_training_pipeline to 2026-02-01 00:00:00+00:00, run_after=2026-02-08 00:00:00+00:00
[2026-01-31T03:00:19.638+0000] {processor.py:183} INFO - Processing /opt/airflow/dags/train.py took 2.241 seconds
[2026-01-31T03:00:50.314+0000] {processor.py:161} INFO - Started process (PID=18112) to work on /opt/airflow/dags/train.py
[2026-01-31T03:00:50.317+0000] {processor.py:830} INFO - Processing file /opt/airflow/dags/train.py for tasks to queue
[2026-01-31T03:00:50.318+0000] {logging_mixin.py:188} INFO - [2026-01-31T03:00:50.318+0000] {dagbag.py:545} INFO - Filling up the DagBag from /opt/airflow/dags/train.py
[2026-01-31T03:00:52.347+0000] {logging_mixin.py:188} INFO - [2026-01-31T03:00:52.347+0000] {__init__.py:537} WARNING - mkdir -p failed for path /home/airflow/.cache/matplotlib: [Errno 13] Permission denied: '/home/airflow/.cache/matplotlib'
[2026-01-31T03:00:52.350+0000] {logging_mixin.py:188} INFO - [2026-01-31T03:00:52.349+0000] {__init__.py:554} WARNING - Matplotlib created a temporary cache directory at /tmp/matplotlib-w58u43p_ because there was an issue with the default path (/home/airflow/.cache/matplotlib); it is highly recommended to set the MPLCONFIGDIR environment variable to a writable directory, in particular to speed up the import of Matplotlib and to better support multiprocessing.
[2026-01-31T03:00:52.427+0000] {logging_mixin.py:188} INFO - [2026-01-31T03:00:52.427+0000] {font_manager.py:1639} INFO - generated new fontManager
[2026-01-31T03:00:52.551+0000] {logging_mixin.py:188} INFO - IP resolvido para MLflow: http://192.168.65.254:5000/
[2026-01-31T03:00:52.553+0000] {logging_mixin.py:188} WARNING - /opt/airflow/dags/train.py:37 RemovedInAirflow3Warning: Function `days_ago` is deprecated and will be removed in Airflow 3.0. You can achieve equivalent behavior with `pendulum.today('UTC').add(days=-N, ...)`
[2026-01-31T03:00:52.554+0000] {logging_mixin.py:188} WARNING - /opt/airflow/dags/train.py:32 RemovedInAirflow3Warning: Param `schedule_interval` is deprecated and will be removed in a future release. Please use `schedule` instead.
[2026-01-31T03:00:52.559+0000] {processor.py:840} INFO - DAG(s) 'ml_training_pipeline' retrieved from /opt/airflow/dags/train.py
[2026-01-31T03:00:52.573+0000] {logging_mixin.py:188} INFO - [2026-01-31T03:00:52.573+0000] {dag.py:3096} INFO - Sync 1 DAGs
[2026-01-31T03:00:52.584+0000] {logging_mixin.py:188} INFO - [2026-01-31T03:00:52.583+0000] {dag.py:3954} INFO - Setting next_dagrun for ml_training_pipeline to 2026-02-01 00:00:00+00:00, run_after=2026-02-08 00:00:00+00:00
[2026-01-31T03:00:52.595+0000] {processor.py:183} INFO - Processing /opt/airflow/dags/train.py took 2.285 seconds
[2026-01-31T03:01:23.180+0000] {processor.py:161} INFO - Started process (PID=18158) to work on /opt/airflow/dags/train.py
[2026-01-31T03:01:23.181+0000] {processor.py:830} INFO - Processing file /opt/airflow/dags/train.py for tasks to queue
[2026-01-31T03:01:23.182+0000] {logging_mixin.py:188} INFO - [2026-01-31T03:01:23.182+0000] {dagbag.py:545} INFO - Filling up the DagBag from /opt/airflow/dags/train.py
[2026-01-31T03:01:25.308+0000] {logging_mixin.py:188} INFO - [2026-01-31T03:01:25.308+0000] {__init__.py:537} WARNING - mkdir -p failed for path /home/airflow/.cache/matplotlib: [Errno 13] Permission denied: '/home/airflow/.cache/matplotlib'
[2026-01-31T03:01:25.309+0000] {logging_mixin.py:188} INFO - [2026-01-31T03:01:25.309+0000] {__init__.py:554} WARNING - Matplotlib created a temporary cache directory at /tmp/matplotlib-rwoqyiuz because there was an issue with the default path (/home/airflow/.cache/matplotlib); it is highly recommended to set the MPLCONFIGDIR environment variable to a writable directory, in particular to speed up the import of Matplotlib and to better support multiprocessing.
[2026-01-31T03:01:25.394+0000] {logging_mixin.py:188} INFO - [2026-01-31T03:01:25.394+0000] {font_manager.py:1639} INFO - generated new fontManager
[2026-01-31T03:01:25.531+0000] {logging_mixin.py:188} INFO - IP resolvido para MLflow: http://192.168.65.254:5000/
[2026-01-31T03:01:25.534+0000] {logging_mixin.py:188} WARNING - /opt/airflow/dags/train.py:37 RemovedInAirflow3Warning: Function `days_ago` is deprecated and will be removed in Airflow 3.0. You can achieve equivalent behavior with `pendulum.today('UTC').add(days=-N, ...)`
[2026-01-31T03:01:25.534+0000] {logging_mixin.py:188} WARNING - /opt/airflow/dags/train.py:32 RemovedInAirflow3Warning: Param `schedule_interval` is deprecated and will be removed in a future release. Please use `schedule` instead.
[2026-01-31T03:01:25.538+0000] {processor.py:840} INFO - DAG(s) 'ml_training_pipeline' retrieved from /opt/airflow/dags/train.py
[2026-01-31T03:01:25.554+0000] {logging_mixin.py:188} INFO - [2026-01-31T03:01:25.554+0000] {dag.py:3096} INFO - Sync 1 DAGs
[2026-01-31T03:01:25.565+0000] {logging_mixin.py:188} INFO - [2026-01-31T03:01:25.564+0000] {dag.py:3954} INFO - Setting next_dagrun for ml_training_pipeline to 2026-02-01 00:00:00+00:00, run_after=2026-02-08 00:00:00+00:00
[2026-01-31T03:01:25.578+0000] {processor.py:183} INFO - Processing /opt/airflow/dags/train.py took 2.403 seconds
[2026-01-31T03:01:56.093+0000] {processor.py:161} INFO - Started process (PID=18205) to work on /opt/airflow/dags/train.py
[2026-01-31T03:01:56.095+0000] {processor.py:830} INFO - Processing file /opt/airflow/dags/train.py for tasks to queue
[2026-01-31T03:01:56.096+0000] {logging_mixin.py:188} INFO - [2026-01-31T03:01:56.096+0000] {dagbag.py:545} INFO - Filling up the DagBag from /opt/airflow/dags/train.py
[2026-01-31T03:01:58.214+0000] {logging_mixin.py:188} INFO - [2026-01-31T03:01:58.214+0000] {__init__.py:537} WARNING - mkdir -p failed for path /home/airflow/.cache/matplotlib: [Errno 13] Permission denied: '/home/airflow/.cache/matplotlib'
[2026-01-31T03:01:58.215+0000] {logging_mixin.py:188} INFO - [2026-01-31T03:01:58.215+0000] {__init__.py:554} WARNING - Matplotlib created a temporary cache directory at /tmp/matplotlib-mru0fadl because there was an issue with the default path (/home/airflow/.cache/matplotlib); it is highly recommended to set the MPLCONFIGDIR environment variable to a writable directory, in particular to speed up the import of Matplotlib and to better support multiprocessing.
[2026-01-31T03:01:58.289+0000] {logging_mixin.py:188} INFO - [2026-01-31T03:01:58.289+0000] {font_manager.py:1639} INFO - generated new fontManager
[2026-01-31T03:01:58.420+0000] {logging_mixin.py:188} INFO - IP resolvido para MLflow: http://192.168.65.254:5000/
[2026-01-31T03:01:58.422+0000] {logging_mixin.py:188} WARNING - /opt/airflow/dags/train.py:37 RemovedInAirflow3Warning: Function `days_ago` is deprecated and will be removed in Airflow 3.0. You can achieve equivalent behavior with `pendulum.today('UTC').add(days=-N, ...)`
[2026-01-31T03:01:58.423+0000] {logging_mixin.py:188} WARNING - /opt/airflow/dags/train.py:32 RemovedInAirflow3Warning: Param `schedule_interval` is deprecated and will be removed in a future release. Please use `schedule` instead.
[2026-01-31T03:01:58.426+0000] {processor.py:840} INFO - DAG(s) 'ml_training_pipeline' retrieved from /opt/airflow/dags/train.py
[2026-01-31T03:01:58.440+0000] {logging_mixin.py:188} INFO - [2026-01-31T03:01:58.440+0000] {dag.py:3096} INFO - Sync 1 DAGs
[2026-01-31T03:01:58.452+0000] {logging_mixin.py:188} INFO - [2026-01-31T03:01:58.452+0000] {dag.py:3954} INFO - Setting next_dagrun for ml_training_pipeline to 2026-02-01 00:00:00+00:00, run_after=2026-02-08 00:00:00+00:00
[2026-01-31T03:01:58.464+0000] {processor.py:183} INFO - Processing /opt/airflow/dags/train.py took 2.375 seconds
[2026-01-31T03:02:29.028+0000] {processor.py:161} INFO - Started process (PID=18252) to work on /opt/airflow/dags/train.py
[2026-01-31T03:02:29.028+0000] {processor.py:830} INFO - Processing file /opt/airflow/dags/train.py for tasks to queue
[2026-01-31T03:02:29.030+0000] {logging_mixin.py:188} INFO - [2026-01-31T03:02:29.030+0000] {dagbag.py:545} INFO - Filling up the DagBag from /opt/airflow/dags/train.py
[2026-01-31T03:02:31.214+0000] {logging_mixin.py:188} INFO - [2026-01-31T03:02:31.213+0000] {__init__.py:537} WARNING - mkdir -p failed for path /home/airflow/.cache/matplotlib: [Errno 13] Permission denied: '/home/airflow/.cache/matplotlib'
[2026-01-31T03:02:31.216+0000] {logging_mixin.py:188} INFO - [2026-01-31T03:02:31.215+0000] {__init__.py:554} WARNING - Matplotlib created a temporary cache directory at /tmp/matplotlib-s8t5f10d because there was an issue with the default path (/home/airflow/.cache/matplotlib); it is highly recommended to set the MPLCONFIGDIR environment variable to a writable directory, in particular to speed up the import of Matplotlib and to better support multiprocessing.
[2026-01-31T03:02:31.305+0000] {logging_mixin.py:188} INFO - [2026-01-31T03:02:31.305+0000] {font_manager.py:1639} INFO - generated new fontManager
[2026-01-31T03:02:31.451+0000] {logging_mixin.py:188} INFO - IP resolvido para MLflow: http://192.168.65.254:5000/
[2026-01-31T03:02:31.455+0000] {logging_mixin.py:188} WARNING - /opt/airflow/dags/train.py:37 RemovedInAirflow3Warning: Function `days_ago` is deprecated and will be removed in Airflow 3.0. You can achieve equivalent behavior with `pendulum.today('UTC').add(days=-N, ...)`
[2026-01-31T03:02:31.456+0000] {logging_mixin.py:188} WARNING - /opt/airflow/dags/train.py:32 RemovedInAirflow3Warning: Param `schedule_interval` is deprecated and will be removed in a future release. Please use `schedule` instead.
[2026-01-31T03:02:31.461+0000] {processor.py:840} INFO - DAG(s) 'ml_training_pipeline' retrieved from /opt/airflow/dags/train.py
[2026-01-31T03:02:31.485+0000] {logging_mixin.py:188} INFO - [2026-01-31T03:02:31.484+0000] {dag.py:3096} INFO - Sync 1 DAGs
[2026-01-31T03:02:31.503+0000] {logging_mixin.py:188} INFO - [2026-01-31T03:02:31.503+0000] {dag.py:3954} INFO - Setting next_dagrun for ml_training_pipeline to 2026-02-01 00:00:00+00:00, run_after=2026-02-08 00:00:00+00:00
[2026-01-31T03:02:31.518+0000] {processor.py:183} INFO - Processing /opt/airflow/dags/train.py took 2.494 seconds
[2026-01-31T03:03:02.416+0000] {processor.py:161} INFO - Started process (PID=18299) to work on /opt/airflow/dags/train.py
[2026-01-31T03:03:02.416+0000] {processor.py:830} INFO - Processing file /opt/airflow/dags/train.py for tasks to queue
[2026-01-31T03:03:02.419+0000] {logging_mixin.py:188} INFO - [2026-01-31T03:03:02.418+0000] {dagbag.py:545} INFO - Filling up the DagBag from /opt/airflow/dags/train.py
[2026-01-31T03:03:04.527+0000] {logging_mixin.py:188} INFO - [2026-01-31T03:03:04.526+0000] {__init__.py:537} WARNING - mkdir -p failed for path /home/airflow/.cache/matplotlib: [Errno 13] Permission denied: '/home/airflow/.cache/matplotlib'
[2026-01-31T03:03:04.527+0000] {logging_mixin.py:188} INFO - [2026-01-31T03:03:04.527+0000] {__init__.py:554} WARNING - Matplotlib created a temporary cache directory at /tmp/matplotlib-fi4cusw2 because there was an issue with the default path (/home/airflow/.cache/matplotlib); it is highly recommended to set the MPLCONFIGDIR environment variable to a writable directory, in particular to speed up the import of Matplotlib and to better support multiprocessing.
[2026-01-31T03:03:04.608+0000] {logging_mixin.py:188} INFO - [2026-01-31T03:03:04.608+0000] {font_manager.py:1639} INFO - generated new fontManager
[2026-01-31T03:03:04.732+0000] {logging_mixin.py:188} INFO - IP resolvido para MLflow: http://192.168.65.254:5000/
[2026-01-31T03:03:04.734+0000] {logging_mixin.py:188} WARNING - /opt/airflow/dags/train.py:37 RemovedInAirflow3Warning: Function `days_ago` is deprecated and will be removed in Airflow 3.0. You can achieve equivalent behavior with `pendulum.today('UTC').add(days=-N, ...)`
[2026-01-31T03:03:04.734+0000] {logging_mixin.py:188} WARNING - /opt/airflow/dags/train.py:32 RemovedInAirflow3Warning: Param `schedule_interval` is deprecated and will be removed in a future release. Please use `schedule` instead.
[2026-01-31T03:03:04.738+0000] {processor.py:840} INFO - DAG(s) 'ml_training_pipeline' retrieved from /opt/airflow/dags/train.py
[2026-01-31T03:03:04.753+0000] {logging_mixin.py:188} INFO - [2026-01-31T03:03:04.753+0000] {dag.py:3096} INFO - Sync 1 DAGs
[2026-01-31T03:03:04.766+0000] {logging_mixin.py:188} INFO - [2026-01-31T03:03:04.766+0000] {dag.py:3954} INFO - Setting next_dagrun for ml_training_pipeline to 2026-02-01 00:00:00+00:00, run_after=2026-02-08 00:00:00+00:00
[2026-01-31T03:03:04.778+0000] {processor.py:183} INFO - Processing /opt/airflow/dags/train.py took 2.366 seconds
[2026-01-31T06:59:45.385+0000] {processor.py:161} INFO - Started process (PID=18345) to work on /opt/airflow/dags/train.py
[2026-01-31T06:59:45.388+0000] {processor.py:830} INFO - Processing file /opt/airflow/dags/train.py for tasks to queue
[2026-01-31T06:59:45.390+0000] {logging_mixin.py:188} INFO - [2026-01-31T06:59:45.389+0000] {dagbag.py:545} INFO - Filling up the DagBag from /opt/airflow/dags/train.py
[2026-01-31T06:59:51.533+0000] {logging_mixin.py:188} INFO - [2026-01-31T06:59:51.533+0000] {__init__.py:537} WARNING - mkdir -p failed for path /home/airflow/.cache/matplotlib: [Errno 13] Permission denied: '/home/airflow/.cache/matplotlib'
[2026-01-31T06:59:51.534+0000] {logging_mixin.py:188} INFO - [2026-01-31T06:59:51.534+0000] {__init__.py:554} WARNING - Matplotlib created a temporary cache directory at /tmp/matplotlib-25akabh0 because there was an issue with the default path (/home/airflow/.cache/matplotlib); it is highly recommended to set the MPLCONFIGDIR environment variable to a writable directory, in particular to speed up the import of Matplotlib and to better support multiprocessing.
[2026-01-31T06:59:53.696+0000] {logging_mixin.py:188} INFO - [2026-01-31T06:59:53.696+0000] {font_manager.py:1639} INFO - generated new fontManager
[2026-01-31T06:59:55.840+0000] {logging_mixin.py:188} INFO - IP resolvido para MLflow: http://192.168.65.254:5000/
[2026-01-31T06:59:55.882+0000] {logging_mixin.py:188} WARNING - /opt/airflow/dags/train.py:37 RemovedInAirflow3Warning: Function `days_ago` is deprecated and will be removed in Airflow 3.0. You can achieve equivalent behavior with `pendulum.today('UTC').add(days=-N, ...)`
[2026-01-31T06:59:55.885+0000] {logging_mixin.py:188} WARNING - /opt/airflow/dags/train.py:32 RemovedInAirflow3Warning: Param `schedule_interval` is deprecated and will be removed in a future release. Please use `schedule` instead.
[2026-01-31T06:59:55.942+0000] {processor.py:840} INFO - DAG(s) 'ml_training_pipeline' retrieved from /opt/airflow/dags/train.py
[2026-01-31T06:59:56.202+0000] {logging_mixin.py:188} INFO - [2026-01-31T06:59:56.191+0000] {dag.py:3096} INFO - Sync 1 DAGs
[2026-01-31T06:59:56.444+0000] {logging_mixin.py:188} INFO - [2026-01-31T06:59:56.443+0000] {dag.py:3954} INFO - Setting next_dagrun for ml_training_pipeline to 2026-02-01 00:00:00+00:00, run_after=2026-02-08 00:00:00+00:00
[2026-01-31T06:59:56.685+0000] {processor.py:183} INFO - Processing /opt/airflow/dags/train.py took 11.313 seconds
