[2026-02-01T18:05:12.871+0000] {processor.py:161} INFO - Started process (PID=18414) to work on /opt/airflow/dags/etl.py
[2026-02-01T18:05:12.874+0000] {processor.py:830} INFO - Processing file /opt/airflow/dags/etl.py for tasks to queue
[2026-02-01T18:05:12.881+0000] {logging_mixin.py:188} INFO - [2026-02-01T18:05:12.880+0000] {dagbag.py:545} INFO - Filling up the DagBag from /opt/airflow/dags/etl.py
[2026-02-01T18:05:13.828+0000] {processor.py:840} INFO - DAG(s) 'etl_pipeline_final' retrieved from /opt/airflow/dags/etl.py
[2026-02-01T18:05:13.880+0000] {logging_mixin.py:188} INFO - [2026-02-01T18:05:13.879+0000] {dag.py:3096} INFO - Sync 1 DAGs
[2026-02-01T18:05:13.928+0000] {logging_mixin.py:188} INFO - [2026-02-01T18:05:13.927+0000] {dag.py:3954} INFO - Setting next_dagrun for etl_pipeline_final to 2026-01-31 00:00:00+00:00, run_after=2026-02-01 00:00:00+00:00
[2026-02-01T18:05:13.965+0000] {processor.py:183} INFO - Processing /opt/airflow/dags/etl.py took 1.104 seconds
[2026-02-01T18:05:45.022+0000] {processor.py:161} INFO - Started process (PID=18441) to work on /opt/airflow/dags/etl.py
[2026-02-01T18:05:45.024+0000] {processor.py:830} INFO - Processing file /opt/airflow/dags/etl.py for tasks to queue
[2026-02-01T18:05:45.038+0000] {logging_mixin.py:188} INFO - [2026-02-01T18:05:45.037+0000] {dagbag.py:545} INFO - Filling up the DagBag from /opt/airflow/dags/etl.py
[2026-02-01T18:05:46.283+0000] {processor.py:840} INFO - DAG(s) 'etl_pipeline_final' retrieved from /opt/airflow/dags/etl.py
[2026-02-01T18:05:46.427+0000] {logging_mixin.py:188} INFO - [2026-02-01T18:05:46.419+0000] {dag.py:3096} INFO - Sync 1 DAGs
[2026-02-01T18:05:46.532+0000] {logging_mixin.py:188} INFO - [2026-02-01T18:05:46.531+0000] {dag.py:3954} INFO - Setting next_dagrun for etl_pipeline_final to 2026-01-31 00:00:00+00:00, run_after=2026-02-01 00:00:00+00:00
[2026-02-01T18:05:46.619+0000] {processor.py:183} INFO - Processing /opt/airflow/dags/etl.py took 1.815 seconds
[2026-02-01T18:06:17.735+0000] {processor.py:161} INFO - Started process (PID=18482) to work on /opt/airflow/dags/etl.py
[2026-02-01T18:06:17.737+0000] {processor.py:830} INFO - Processing file /opt/airflow/dags/etl.py for tasks to queue
[2026-02-01T18:06:17.742+0000] {logging_mixin.py:188} INFO - [2026-02-01T18:06:17.740+0000] {dagbag.py:545} INFO - Filling up the DagBag from /opt/airflow/dags/etl.py
[2026-02-01T18:06:18.609+0000] {processor.py:840} INFO - DAG(s) 'etl_pipeline_final' retrieved from /opt/airflow/dags/etl.py
[2026-02-01T18:06:18.651+0000] {logging_mixin.py:188} INFO - [2026-02-01T18:06:18.649+0000] {dag.py:3096} INFO - Sync 1 DAGs
[2026-02-01T18:06:18.691+0000] {logging_mixin.py:188} INFO - [2026-02-01T18:06:18.691+0000] {dag.py:3954} INFO - Setting next_dagrun for etl_pipeline_final to 2026-01-31 00:00:00+00:00, run_after=2026-02-01 00:00:00+00:00
[2026-02-01T18:06:18.721+0000] {processor.py:183} INFO - Processing /opt/airflow/dags/etl.py took 0.997 seconds
[2026-02-01T18:06:51.171+0000] {processor.py:161} INFO - Started process (PID=18528) to work on /opt/airflow/dags/etl.py
[2026-02-01T18:06:51.172+0000] {processor.py:830} INFO - Processing file /opt/airflow/dags/etl.py for tasks to queue
[2026-02-01T18:06:51.174+0000] {logging_mixin.py:188} INFO - [2026-02-01T18:06:51.173+0000] {dagbag.py:545} INFO - Filling up the DagBag from /opt/airflow/dags/etl.py
[2026-02-01T18:06:51.622+0000] {processor.py:840} INFO - DAG(s) 'etl_pipeline_final' retrieved from /opt/airflow/dags/etl.py
[2026-02-01T18:06:51.652+0000] {logging_mixin.py:188} INFO - [2026-02-01T18:06:51.651+0000] {dag.py:3096} INFO - Sync 1 DAGs
[2026-02-01T18:06:51.682+0000] {logging_mixin.py:188} INFO - [2026-02-01T18:06:51.681+0000] {dag.py:3954} INFO - Setting next_dagrun for etl_pipeline_final to 2026-01-31 00:00:00+00:00, run_after=2026-02-01 00:00:00+00:00
[2026-02-01T18:06:51.709+0000] {processor.py:183} INFO - Processing /opt/airflow/dags/etl.py took 0.545 seconds
[2026-02-01T18:07:24.432+0000] {processor.py:161} INFO - Started process (PID=18575) to work on /opt/airflow/dags/etl.py
[2026-02-01T18:07:24.441+0000] {processor.py:830} INFO - Processing file /opt/airflow/dags/etl.py for tasks to queue
[2026-02-01T18:07:24.457+0000] {logging_mixin.py:188} INFO - [2026-02-01T18:07:24.454+0000] {dagbag.py:545} INFO - Filling up the DagBag from /opt/airflow/dags/etl.py
[2026-02-01T18:07:25.459+0000] {processor.py:840} INFO - DAG(s) 'etl_pipeline_final' retrieved from /opt/airflow/dags/etl.py
[2026-02-01T18:07:25.496+0000] {logging_mixin.py:188} INFO - [2026-02-01T18:07:25.496+0000] {dag.py:3096} INFO - Sync 1 DAGs
[2026-02-01T18:07:25.530+0000] {logging_mixin.py:188} INFO - [2026-02-01T18:07:25.529+0000] {dag.py:3954} INFO - Setting next_dagrun for etl_pipeline_final to 2026-01-31 00:00:00+00:00, run_after=2026-02-01 00:00:00+00:00
[2026-02-01T18:07:25.556+0000] {processor.py:183} INFO - Processing /opt/airflow/dags/etl.py took 1.146 seconds
[2026-02-01T18:07:57.814+0000] {processor.py:161} INFO - Started process (PID=18622) to work on /opt/airflow/dags/etl.py
[2026-02-01T18:07:57.816+0000] {processor.py:830} INFO - Processing file /opt/airflow/dags/etl.py for tasks to queue
[2026-02-01T18:07:57.820+0000] {logging_mixin.py:188} INFO - [2026-02-01T18:07:57.820+0000] {dagbag.py:545} INFO - Filling up the DagBag from /opt/airflow/dags/etl.py
[2026-02-01T18:07:58.577+0000] {processor.py:840} INFO - DAG(s) 'etl_pipeline_final' retrieved from /opt/airflow/dags/etl.py
[2026-02-01T18:07:58.607+0000] {logging_mixin.py:188} INFO - [2026-02-01T18:07:58.607+0000] {dag.py:3096} INFO - Sync 1 DAGs
[2026-02-01T18:07:58.631+0000] {logging_mixin.py:188} INFO - [2026-02-01T18:07:58.631+0000] {dag.py:3954} INFO - Setting next_dagrun for etl_pipeline_final to 2026-01-31 00:00:00+00:00, run_after=2026-02-01 00:00:00+00:00
[2026-02-01T18:07:58.666+0000] {processor.py:183} INFO - Processing /opt/airflow/dags/etl.py took 0.859 seconds
[2026-02-01T18:08:30.511+0000] {processor.py:161} INFO - Started process (PID=18666) to work on /opt/airflow/dags/etl.py
[2026-02-01T18:08:30.512+0000] {processor.py:830} INFO - Processing file /opt/airflow/dags/etl.py for tasks to queue
[2026-02-01T18:08:30.514+0000] {logging_mixin.py:188} INFO - [2026-02-01T18:08:30.514+0000] {dagbag.py:545} INFO - Filling up the DagBag from /opt/airflow/dags/etl.py
[2026-02-01T18:08:30.848+0000] {processor.py:840} INFO - DAG(s) 'etl_pipeline_final' retrieved from /opt/airflow/dags/etl.py
[2026-02-01T18:08:30.869+0000] {logging_mixin.py:188} INFO - [2026-02-01T18:08:30.868+0000] {dag.py:3096} INFO - Sync 1 DAGs
[2026-02-01T18:08:30.885+0000] {logging_mixin.py:188} INFO - [2026-02-01T18:08:30.885+0000] {dag.py:3954} INFO - Setting next_dagrun for etl_pipeline_final to 2026-01-31 00:00:00+00:00, run_after=2026-02-01 00:00:00+00:00
[2026-02-01T18:08:30.900+0000] {processor.py:183} INFO - Processing /opt/airflow/dags/etl.py took 0.393 seconds
[2026-02-01T18:09:04.089+0000] {processor.py:161} INFO - Started process (PID=18716) to work on /opt/airflow/dags/etl.py
[2026-02-01T18:09:04.090+0000] {processor.py:830} INFO - Processing file /opt/airflow/dags/etl.py for tasks to queue
[2026-02-01T18:09:04.091+0000] {logging_mixin.py:188} INFO - [2026-02-01T18:09:04.091+0000] {dagbag.py:545} INFO - Filling up the DagBag from /opt/airflow/dags/etl.py
[2026-02-01T18:09:04.505+0000] {processor.py:840} INFO - DAG(s) 'etl_pipeline_final' retrieved from /opt/airflow/dags/etl.py
[2026-02-01T18:09:04.532+0000] {logging_mixin.py:188} INFO - [2026-02-01T18:09:04.530+0000] {dag.py:3096} INFO - Sync 1 DAGs
[2026-02-01T18:09:04.550+0000] {logging_mixin.py:188} INFO - [2026-02-01T18:09:04.550+0000] {dag.py:3954} INFO - Setting next_dagrun for etl_pipeline_final to 2026-01-31 00:00:00+00:00, run_after=2026-02-01 00:00:00+00:00
[2026-02-01T18:09:04.570+0000] {processor.py:183} INFO - Processing /opt/airflow/dags/etl.py took 0.486 seconds
[2026-02-01T18:09:37.832+0000] {processor.py:161} INFO - Started process (PID=18763) to work on /opt/airflow/dags/etl.py
[2026-02-01T18:09:37.834+0000] {processor.py:830} INFO - Processing file /opt/airflow/dags/etl.py for tasks to queue
[2026-02-01T18:09:37.837+0000] {logging_mixin.py:188} INFO - [2026-02-01T18:09:37.836+0000] {dagbag.py:545} INFO - Filling up the DagBag from /opt/airflow/dags/etl.py
[2026-02-01T18:09:38.316+0000] {processor.py:840} INFO - DAG(s) 'etl_pipeline_final' retrieved from /opt/airflow/dags/etl.py
[2026-02-01T18:09:38.357+0000] {logging_mixin.py:188} INFO - [2026-02-01T18:09:38.356+0000] {dag.py:3096} INFO - Sync 1 DAGs
[2026-02-01T18:09:38.390+0000] {logging_mixin.py:188} INFO - [2026-02-01T18:09:38.390+0000] {dag.py:3954} INFO - Setting next_dagrun for etl_pipeline_final to 2026-01-31 00:00:00+00:00, run_after=2026-02-01 00:00:00+00:00
[2026-02-01T18:09:38.426+0000] {processor.py:183} INFO - Processing /opt/airflow/dags/etl.py took 0.601 seconds
[2026-02-01T18:10:10.603+0000] {processor.py:161} INFO - Started process (PID=18810) to work on /opt/airflow/dags/etl.py
[2026-02-01T18:10:10.603+0000] {processor.py:830} INFO - Processing file /opt/airflow/dags/etl.py for tasks to queue
[2026-02-01T18:10:10.605+0000] {logging_mixin.py:188} INFO - [2026-02-01T18:10:10.604+0000] {dagbag.py:545} INFO - Filling up the DagBag from /opt/airflow/dags/etl.py
[2026-02-01T18:10:10.994+0000] {processor.py:840} INFO - DAG(s) 'etl_pipeline_final' retrieved from /opt/airflow/dags/etl.py
[2026-02-01T18:10:11.018+0000] {logging_mixin.py:188} INFO - [2026-02-01T18:10:11.017+0000] {dag.py:3096} INFO - Sync 1 DAGs
[2026-02-01T18:10:11.034+0000] {logging_mixin.py:188} INFO - [2026-02-01T18:10:11.034+0000] {dag.py:3954} INFO - Setting next_dagrun for etl_pipeline_final to 2026-01-31 00:00:00+00:00, run_after=2026-02-01 00:00:00+00:00
[2026-02-01T18:10:11.052+0000] {processor.py:183} INFO - Processing /opt/airflow/dags/etl.py took 0.454 seconds
[2026-02-01T18:10:44.336+0000] {processor.py:161} INFO - Started process (PID=18856) to work on /opt/airflow/dags/etl.py
[2026-02-01T18:10:44.337+0000] {processor.py:830} INFO - Processing file /opt/airflow/dags/etl.py for tasks to queue
[2026-02-01T18:10:44.338+0000] {logging_mixin.py:188} INFO - [2026-02-01T18:10:44.338+0000] {dagbag.py:545} INFO - Filling up the DagBag from /opt/airflow/dags/etl.py
[2026-02-01T18:10:44.793+0000] {processor.py:840} INFO - DAG(s) 'etl_pipeline_final' retrieved from /opt/airflow/dags/etl.py
[2026-02-01T18:10:44.816+0000] {logging_mixin.py:188} INFO - [2026-02-01T18:10:44.815+0000] {dag.py:3096} INFO - Sync 1 DAGs
[2026-02-01T18:10:44.838+0000] {logging_mixin.py:188} INFO - [2026-02-01T18:10:44.837+0000] {dag.py:3954} INFO - Setting next_dagrun for etl_pipeline_final to 2026-01-31 00:00:00+00:00, run_after=2026-02-01 00:00:00+00:00
[2026-02-01T18:10:44.858+0000] {processor.py:183} INFO - Processing /opt/airflow/dags/etl.py took 0.527 seconds
[2026-02-01T18:11:17.363+0000] {processor.py:161} INFO - Started process (PID=18904) to work on /opt/airflow/dags/etl.py
[2026-02-01T18:11:17.364+0000] {processor.py:830} INFO - Processing file /opt/airflow/dags/etl.py for tasks to queue
[2026-02-01T18:11:17.365+0000] {logging_mixin.py:188} INFO - [2026-02-01T18:11:17.365+0000] {dagbag.py:545} INFO - Filling up the DagBag from /opt/airflow/dags/etl.py
[2026-02-01T18:11:17.759+0000] {processor.py:840} INFO - DAG(s) 'etl_pipeline_final' retrieved from /opt/airflow/dags/etl.py
[2026-02-01T18:11:17.783+0000] {logging_mixin.py:188} INFO - [2026-02-01T18:11:17.783+0000] {dag.py:3096} INFO - Sync 1 DAGs
[2026-02-01T18:11:17.804+0000] {logging_mixin.py:188} INFO - [2026-02-01T18:11:17.804+0000] {dag.py:3954} INFO - Setting next_dagrun for etl_pipeline_final to 2026-01-31 00:00:00+00:00, run_after=2026-02-01 00:00:00+00:00
[2026-02-01T18:11:17.825+0000] {processor.py:183} INFO - Processing /opt/airflow/dags/etl.py took 0.466 seconds
[2026-02-01T18:11:50.752+0000] {processor.py:161} INFO - Started process (PID=18952) to work on /opt/airflow/dags/etl.py
[2026-02-01T18:11:50.754+0000] {processor.py:830} INFO - Processing file /opt/airflow/dags/etl.py for tasks to queue
[2026-02-01T18:11:50.757+0000] {logging_mixin.py:188} INFO - [2026-02-01T18:11:50.757+0000] {dagbag.py:545} INFO - Filling up the DagBag from /opt/airflow/dags/etl.py
[2026-02-01T18:11:51.315+0000] {processor.py:840} INFO - DAG(s) 'etl_pipeline_final' retrieved from /opt/airflow/dags/etl.py
[2026-02-01T18:11:51.364+0000] {logging_mixin.py:188} INFO - [2026-02-01T18:11:51.363+0000] {dag.py:3096} INFO - Sync 1 DAGs
[2026-02-01T18:11:51.389+0000] {logging_mixin.py:188} INFO - [2026-02-01T18:11:51.389+0000] {dag.py:3954} INFO - Setting next_dagrun for etl_pipeline_final to 2026-01-31 00:00:00+00:00, run_after=2026-02-01 00:00:00+00:00
[2026-02-01T18:11:51.421+0000] {processor.py:183} INFO - Processing /opt/airflow/dags/etl.py took 0.676 seconds
[2026-02-01T18:12:26.710+0000] {processor.py:161} INFO - Started process (PID=18986) to work on /opt/airflow/dags/etl.py
[2026-02-01T18:12:26.712+0000] {processor.py:830} INFO - Processing file /opt/airflow/dags/etl.py for tasks to queue
[2026-02-01T18:12:26.720+0000] {logging_mixin.py:188} INFO - [2026-02-01T18:12:26.718+0000] {dagbag.py:545} INFO - Filling up the DagBag from /opt/airflow/dags/etl.py
[2026-02-01T18:12:27.384+0000] {processor.py:840} INFO - DAG(s) 'etl_pipeline_final' retrieved from /opt/airflow/dags/etl.py
[2026-02-01T18:12:27.419+0000] {logging_mixin.py:188} INFO - [2026-02-01T18:12:27.418+0000] {dag.py:3096} INFO - Sync 1 DAGs
[2026-02-01T18:12:27.443+0000] {logging_mixin.py:188} INFO - [2026-02-01T18:12:27.442+0000] {dag.py:3954} INFO - Setting next_dagrun for etl_pipeline_final to 2026-01-31 00:00:00+00:00, run_after=2026-02-01 00:00:00+00:00
[2026-02-01T18:12:27.474+0000] {processor.py:183} INFO - Processing /opt/airflow/dags/etl.py took 0.779 seconds
[2026-02-01T18:12:57.961+0000] {processor.py:161} INFO - Started process (PID=19025) to work on /opt/airflow/dags/etl.py
[2026-02-01T18:12:57.962+0000] {processor.py:830} INFO - Processing file /opt/airflow/dags/etl.py for tasks to queue
[2026-02-01T18:12:57.963+0000] {logging_mixin.py:188} INFO - [2026-02-01T18:12:57.963+0000] {dagbag.py:545} INFO - Filling up the DagBag from /opt/airflow/dags/etl.py
[2026-02-01T18:12:58.272+0000] {processor.py:840} INFO - DAG(s) 'etl_pipeline_final' retrieved from /opt/airflow/dags/etl.py
[2026-02-01T18:12:58.290+0000] {logging_mixin.py:188} INFO - [2026-02-01T18:12:58.290+0000] {dag.py:3096} INFO - Sync 1 DAGs
[2026-02-01T18:12:58.306+0000] {logging_mixin.py:188} INFO - [2026-02-01T18:12:58.306+0000] {dag.py:3954} INFO - Setting next_dagrun for etl_pipeline_final to 2026-01-31 00:00:00+00:00, run_after=2026-02-01 00:00:00+00:00
[2026-02-01T18:12:58.322+0000] {processor.py:183} INFO - Processing /opt/airflow/dags/etl.py took 0.366 seconds
[2026-02-01T18:13:28.833+0000] {processor.py:161} INFO - Started process (PID=19069) to work on /opt/airflow/dags/etl.py
[2026-02-01T18:13:28.834+0000] {processor.py:830} INFO - Processing file /opt/airflow/dags/etl.py for tasks to queue
[2026-02-01T18:13:28.835+0000] {logging_mixin.py:188} INFO - [2026-02-01T18:13:28.835+0000] {dagbag.py:545} INFO - Filling up the DagBag from /opt/airflow/dags/etl.py
[2026-02-01T18:13:29.122+0000] {processor.py:840} INFO - DAG(s) 'etl_pipeline_final' retrieved from /opt/airflow/dags/etl.py
[2026-02-01T18:13:29.138+0000] {logging_mixin.py:188} INFO - [2026-02-01T18:13:29.137+0000] {dag.py:3096} INFO - Sync 1 DAGs
[2026-02-01T18:13:29.151+0000] {logging_mixin.py:188} INFO - [2026-02-01T18:13:29.151+0000] {dag.py:3954} INFO - Setting next_dagrun for etl_pipeline_final to 2026-01-31 00:00:00+00:00, run_after=2026-02-01 00:00:00+00:00
[2026-02-01T18:13:29.165+0000] {processor.py:183} INFO - Processing /opt/airflow/dags/etl.py took 0.336 seconds
[2026-02-01T18:14:00.619+0000] {processor.py:161} INFO - Started process (PID=19116) to work on /opt/airflow/dags/etl.py
[2026-02-01T18:14:00.621+0000] {processor.py:830} INFO - Processing file /opt/airflow/dags/etl.py for tasks to queue
[2026-02-01T18:14:00.623+0000] {logging_mixin.py:188} INFO - [2026-02-01T18:14:00.623+0000] {dagbag.py:545} INFO - Filling up the DagBag from /opt/airflow/dags/etl.py
[2026-02-01T18:14:00.920+0000] {processor.py:840} INFO - DAG(s) 'etl_pipeline_final' retrieved from /opt/airflow/dags/etl.py
[2026-02-01T18:14:00.938+0000] {logging_mixin.py:188} INFO - [2026-02-01T18:14:00.938+0000] {dag.py:3096} INFO - Sync 1 DAGs
[2026-02-01T18:14:00.950+0000] {logging_mixin.py:188} INFO - [2026-02-01T18:14:00.950+0000] {dag.py:3954} INFO - Setting next_dagrun for etl_pipeline_final to 2026-01-31 00:00:00+00:00, run_after=2026-02-01 00:00:00+00:00
[2026-02-01T18:14:00.972+0000] {processor.py:183} INFO - Processing /opt/airflow/dags/etl.py took 0.358 seconds
[2026-02-01T18:14:32.094+0000] {processor.py:161} INFO - Started process (PID=19163) to work on /opt/airflow/dags/etl.py
[2026-02-01T18:14:32.095+0000] {processor.py:830} INFO - Processing file /opt/airflow/dags/etl.py for tasks to queue
[2026-02-01T18:14:32.098+0000] {logging_mixin.py:188} INFO - [2026-02-01T18:14:32.097+0000] {dagbag.py:545} INFO - Filling up the DagBag from /opt/airflow/dags/etl.py
[2026-02-01T18:14:32.487+0000] {processor.py:840} INFO - DAG(s) 'etl_pipeline_final' retrieved from /opt/airflow/dags/etl.py
[2026-02-01T18:14:32.505+0000] {logging_mixin.py:188} INFO - [2026-02-01T18:14:32.504+0000] {dag.py:3096} INFO - Sync 1 DAGs
[2026-02-01T18:14:32.518+0000] {logging_mixin.py:188} INFO - [2026-02-01T18:14:32.518+0000] {dag.py:3954} INFO - Setting next_dagrun for etl_pipeline_final to 2026-01-31 00:00:00+00:00, run_after=2026-02-01 00:00:00+00:00
[2026-02-01T18:14:32.541+0000] {processor.py:183} INFO - Processing /opt/airflow/dags/etl.py took 0.454 seconds
[2026-02-01T18:15:03.617+0000] {processor.py:161} INFO - Started process (PID=19210) to work on /opt/airflow/dags/etl.py
[2026-02-01T18:15:03.627+0000] {processor.py:830} INFO - Processing file /opt/airflow/dags/etl.py for tasks to queue
[2026-02-01T18:15:03.633+0000] {logging_mixin.py:188} INFO - [2026-02-01T18:15:03.632+0000] {dagbag.py:545} INFO - Filling up the DagBag from /opt/airflow/dags/etl.py
[2026-02-01T18:15:05.044+0000] {processor.py:840} INFO - DAG(s) 'etl_pipeline_final' retrieved from /opt/airflow/dags/etl.py
[2026-02-01T18:15:05.110+0000] {logging_mixin.py:188} INFO - [2026-02-01T18:15:05.109+0000] {dag.py:3096} INFO - Sync 1 DAGs
[2026-02-01T18:15:05.170+0000] {logging_mixin.py:188} INFO - [2026-02-01T18:15:05.170+0000] {dag.py:3954} INFO - Setting next_dagrun for etl_pipeline_final to 2026-01-31 00:00:00+00:00, run_after=2026-02-01 00:00:00+00:00
[2026-02-01T18:15:05.220+0000] {processor.py:183} INFO - Processing /opt/airflow/dags/etl.py took 1.636 seconds
[2026-02-01T18:15:35.793+0000] {processor.py:161} INFO - Started process (PID=19257) to work on /opt/airflow/dags/etl.py
[2026-02-01T18:15:35.794+0000] {processor.py:830} INFO - Processing file /opt/airflow/dags/etl.py for tasks to queue
[2026-02-01T18:15:35.795+0000] {logging_mixin.py:188} INFO - [2026-02-01T18:15:35.795+0000] {dagbag.py:545} INFO - Filling up the DagBag from /opt/airflow/dags/etl.py
[2026-02-01T18:15:36.088+0000] {processor.py:840} INFO - DAG(s) 'etl_pipeline_final' retrieved from /opt/airflow/dags/etl.py
[2026-02-01T18:15:36.105+0000] {logging_mixin.py:188} INFO - [2026-02-01T18:15:36.105+0000] {dag.py:3096} INFO - Sync 1 DAGs
[2026-02-01T18:15:36.117+0000] {logging_mixin.py:188} INFO - [2026-02-01T18:15:36.117+0000] {dag.py:3954} INFO - Setting next_dagrun for etl_pipeline_final to 2026-01-31 00:00:00+00:00, run_after=2026-02-01 00:00:00+00:00
[2026-02-01T18:15:36.152+0000] {processor.py:183} INFO - Processing /opt/airflow/dags/etl.py took 0.364 seconds
[2026-02-01T18:16:06.320+0000] {processor.py:161} INFO - Started process (PID=19304) to work on /opt/airflow/dags/etl.py
[2026-02-01T18:16:06.322+0000] {processor.py:830} INFO - Processing file /opt/airflow/dags/etl.py for tasks to queue
[2026-02-01T18:16:06.324+0000] {logging_mixin.py:188} INFO - [2026-02-01T18:16:06.324+0000] {dagbag.py:545} INFO - Filling up the DagBag from /opt/airflow/dags/etl.py
[2026-02-01T18:16:07.154+0000] {processor.py:840} INFO - DAG(s) 'etl_pipeline_final' retrieved from /opt/airflow/dags/etl.py
[2026-02-01T18:16:07.216+0000] {logging_mixin.py:188} INFO - [2026-02-01T18:16:07.215+0000] {dag.py:3096} INFO - Sync 1 DAGs
[2026-02-01T18:16:07.261+0000] {logging_mixin.py:188} INFO - [2026-02-01T18:16:07.261+0000] {dag.py:3954} INFO - Setting next_dagrun for etl_pipeline_final to 2026-01-31 00:00:00+00:00, run_after=2026-02-01 00:00:00+00:00
[2026-02-01T18:16:07.306+0000] {processor.py:183} INFO - Processing /opt/airflow/dags/etl.py took 0.996 seconds
[2026-02-01T18:16:38.111+0000] {processor.py:161} INFO - Started process (PID=19351) to work on /opt/airflow/dags/etl.py
[2026-02-01T18:16:38.113+0000] {processor.py:830} INFO - Processing file /opt/airflow/dags/etl.py for tasks to queue
[2026-02-01T18:16:38.114+0000] {logging_mixin.py:188} INFO - [2026-02-01T18:16:38.114+0000] {dagbag.py:545} INFO - Filling up the DagBag from /opt/airflow/dags/etl.py
[2026-02-01T18:16:38.433+0000] {processor.py:840} INFO - DAG(s) 'etl_pipeline_final' retrieved from /opt/airflow/dags/etl.py
[2026-02-01T18:16:38.453+0000] {logging_mixin.py:188} INFO - [2026-02-01T18:16:38.452+0000] {dag.py:3096} INFO - Sync 1 DAGs
[2026-02-01T18:16:38.470+0000] {logging_mixin.py:188} INFO - [2026-02-01T18:16:38.470+0000] {dag.py:3954} INFO - Setting next_dagrun for etl_pipeline_final to 2026-01-31 00:00:00+00:00, run_after=2026-02-01 00:00:00+00:00
[2026-02-01T18:16:38.488+0000] {processor.py:183} INFO - Processing /opt/airflow/dags/etl.py took 0.383 seconds
[2026-02-01T18:17:08.829+0000] {processor.py:161} INFO - Started process (PID=19398) to work on /opt/airflow/dags/etl.py
[2026-02-01T18:17:08.831+0000] {processor.py:830} INFO - Processing file /opt/airflow/dags/etl.py for tasks to queue
[2026-02-01T18:17:08.833+0000] {logging_mixin.py:188} INFO - [2026-02-01T18:17:08.832+0000] {dagbag.py:545} INFO - Filling up the DagBag from /opt/airflow/dags/etl.py
[2026-02-01T18:17:09.125+0000] {processor.py:840} INFO - DAG(s) 'etl_pipeline_final' retrieved from /opt/airflow/dags/etl.py
[2026-02-01T18:17:09.146+0000] {logging_mixin.py:188} INFO - [2026-02-01T18:17:09.146+0000] {dag.py:3096} INFO - Sync 1 DAGs
[2026-02-01T18:17:09.157+0000] {logging_mixin.py:188} INFO - [2026-02-01T18:17:09.157+0000] {dag.py:3954} INFO - Setting next_dagrun for etl_pipeline_final to 2026-01-31 00:00:00+00:00, run_after=2026-02-01 00:00:00+00:00
[2026-02-01T18:17:09.173+0000] {processor.py:183} INFO - Processing /opt/airflow/dags/etl.py took 0.348 seconds
[2026-02-01T18:17:39.693+0000] {processor.py:161} INFO - Started process (PID=19445) to work on /opt/airflow/dags/etl.py
[2026-02-01T18:17:39.694+0000] {processor.py:830} INFO - Processing file /opt/airflow/dags/etl.py for tasks to queue
[2026-02-01T18:17:39.695+0000] {logging_mixin.py:188} INFO - [2026-02-01T18:17:39.695+0000] {dagbag.py:545} INFO - Filling up the DagBag from /opt/airflow/dags/etl.py
[2026-02-01T18:17:39.974+0000] {processor.py:840} INFO - DAG(s) 'etl_pipeline_final' retrieved from /opt/airflow/dags/etl.py
[2026-02-01T18:17:39.992+0000] {logging_mixin.py:188} INFO - [2026-02-01T18:17:39.991+0000] {dag.py:3096} INFO - Sync 1 DAGs
[2026-02-01T18:17:40.006+0000] {logging_mixin.py:188} INFO - [2026-02-01T18:17:40.005+0000] {dag.py:3954} INFO - Setting next_dagrun for etl_pipeline_final to 2026-01-31 00:00:00+00:00, run_after=2026-02-01 00:00:00+00:00
[2026-02-01T18:17:40.018+0000] {processor.py:183} INFO - Processing /opt/airflow/dags/etl.py took 0.329 seconds
[2026-02-01T18:18:10.110+0000] {processor.py:161} INFO - Started process (PID=19488) to work on /opt/airflow/dags/etl.py
[2026-02-01T18:18:10.134+0000] {processor.py:830} INFO - Processing file /opt/airflow/dags/etl.py for tasks to queue
[2026-02-01T18:18:10.136+0000] {logging_mixin.py:188} INFO - [2026-02-01T18:18:10.135+0000] {dagbag.py:545} INFO - Filling up the DagBag from /opt/airflow/dags/etl.py
[2026-02-01T18:18:10.787+0000] {processor.py:840} INFO - DAG(s) 'etl_pipeline_final' retrieved from /opt/airflow/dags/etl.py
[2026-02-01T18:18:10.818+0000] {logging_mixin.py:188} INFO - [2026-02-01T18:18:10.817+0000] {dag.py:3096} INFO - Sync 1 DAGs
[2026-02-01T18:18:10.838+0000] {logging_mixin.py:188} INFO - [2026-02-01T18:18:10.837+0000] {dag.py:3954} INFO - Setting next_dagrun for etl_pipeline_final to 2026-01-31 00:00:00+00:00, run_after=2026-02-01 00:00:00+00:00
[2026-02-01T18:18:10.881+0000] {processor.py:183} INFO - Processing /opt/airflow/dags/etl.py took 0.777 seconds
[2026-02-01T18:18:41.247+0000] {processor.py:161} INFO - Started process (PID=19515) to work on /opt/airflow/dags/etl.py
[2026-02-01T18:18:41.248+0000] {processor.py:830} INFO - Processing file /opt/airflow/dags/etl.py for tasks to queue
[2026-02-01T18:18:41.249+0000] {logging_mixin.py:188} INFO - [2026-02-01T18:18:41.248+0000] {dagbag.py:545} INFO - Filling up the DagBag from /opt/airflow/dags/etl.py
[2026-02-01T18:18:41.614+0000] {processor.py:840} INFO - DAG(s) 'etl_pipeline_final' retrieved from /opt/airflow/dags/etl.py
[2026-02-01T18:18:41.640+0000] {logging_mixin.py:188} INFO - [2026-02-01T18:18:41.639+0000] {dag.py:3096} INFO - Sync 1 DAGs
[2026-02-01T18:18:41.658+0000] {logging_mixin.py:188} INFO - [2026-02-01T18:18:41.657+0000] {dag.py:3954} INFO - Setting next_dagrun for etl_pipeline_final to 2026-01-31 00:00:00+00:00, run_after=2026-02-01 00:00:00+00:00
[2026-02-01T18:18:41.698+0000] {processor.py:183} INFO - Processing /opt/airflow/dags/etl.py took 0.457 seconds
[2026-02-01T18:19:11.872+0000] {processor.py:161} INFO - Started process (PID=19559) to work on /opt/airflow/dags/etl.py
[2026-02-01T18:19:11.896+0000] {processor.py:830} INFO - Processing file /opt/airflow/dags/etl.py for tasks to queue
[2026-02-01T18:19:11.898+0000] {logging_mixin.py:188} INFO - [2026-02-01T18:19:11.897+0000] {dagbag.py:545} INFO - Filling up the DagBag from /opt/airflow/dags/etl.py
[2026-02-01T18:19:12.174+0000] {processor.py:840} INFO - DAG(s) 'etl_pipeline_final' retrieved from /opt/airflow/dags/etl.py
[2026-02-01T18:19:12.191+0000] {logging_mixin.py:188} INFO - [2026-02-01T18:19:12.190+0000] {dag.py:3096} INFO - Sync 1 DAGs
[2026-02-01T18:19:12.202+0000] {logging_mixin.py:188} INFO - [2026-02-01T18:19:12.202+0000] {dag.py:3954} INFO - Setting next_dagrun for etl_pipeline_final to 2026-01-31 00:00:00+00:00, run_after=2026-02-01 00:00:00+00:00
[2026-02-01T18:19:12.239+0000] {processor.py:183} INFO - Processing /opt/airflow/dags/etl.py took 0.372 seconds
[2026-02-01T18:19:42.656+0000] {processor.py:161} INFO - Started process (PID=19605) to work on /opt/airflow/dags/etl.py
[2026-02-01T18:19:42.657+0000] {processor.py:830} INFO - Processing file /opt/airflow/dags/etl.py for tasks to queue
[2026-02-01T18:19:42.659+0000] {logging_mixin.py:188} INFO - [2026-02-01T18:19:42.658+0000] {dagbag.py:545} INFO - Filling up the DagBag from /opt/airflow/dags/etl.py
[2026-02-01T18:19:42.986+0000] {processor.py:840} INFO - DAG(s) 'etl_pipeline_final' retrieved from /opt/airflow/dags/etl.py
[2026-02-01T18:19:43.007+0000] {logging_mixin.py:188} INFO - [2026-02-01T18:19:43.006+0000] {dag.py:3096} INFO - Sync 1 DAGs
[2026-02-01T18:19:43.022+0000] {logging_mixin.py:188} INFO - [2026-02-01T18:19:43.022+0000] {dag.py:3954} INFO - Setting next_dagrun for etl_pipeline_final to 2026-01-31 00:00:00+00:00, run_after=2026-02-01 00:00:00+00:00
[2026-02-01T18:19:43.063+0000] {processor.py:183} INFO - Processing /opt/airflow/dags/etl.py took 0.411 seconds
[2026-02-01T18:20:13.137+0000] {processor.py:161} INFO - Started process (PID=19648) to work on /opt/airflow/dags/etl.py
[2026-02-01T18:20:13.140+0000] {processor.py:830} INFO - Processing file /opt/airflow/dags/etl.py for tasks to queue
[2026-02-01T18:20:13.142+0000] {logging_mixin.py:188} INFO - [2026-02-01T18:20:13.142+0000] {dagbag.py:545} INFO - Filling up the DagBag from /opt/airflow/dags/etl.py
[2026-02-01T18:20:13.692+0000] {processor.py:840} INFO - DAG(s) 'etl_pipeline_final' retrieved from /opt/airflow/dags/etl.py
[2026-02-01T18:20:13.723+0000] {logging_mixin.py:188} INFO - [2026-02-01T18:20:13.723+0000] {dag.py:3096} INFO - Sync 1 DAGs
[2026-02-01T18:20:13.744+0000] {logging_mixin.py:188} INFO - [2026-02-01T18:20:13.743+0000] {dag.py:3954} INFO - Setting next_dagrun for etl_pipeline_final to 2026-01-31 00:00:00+00:00, run_after=2026-02-01 00:00:00+00:00
[2026-02-01T18:20:13.793+0000] {processor.py:183} INFO - Processing /opt/airflow/dags/etl.py took 0.664 seconds
[2026-02-01T18:20:44.252+0000] {processor.py:161} INFO - Started process (PID=19691) to work on /opt/airflow/dags/etl.py
[2026-02-01T18:20:44.252+0000] {processor.py:830} INFO - Processing file /opt/airflow/dags/etl.py for tasks to queue
[2026-02-01T18:20:44.253+0000] {logging_mixin.py:188} INFO - [2026-02-01T18:20:44.253+0000] {dagbag.py:545} INFO - Filling up the DagBag from /opt/airflow/dags/etl.py
[2026-02-01T18:20:44.534+0000] {processor.py:840} INFO - DAG(s) 'etl_pipeline_final' retrieved from /opt/airflow/dags/etl.py
[2026-02-01T18:20:44.549+0000] {logging_mixin.py:188} INFO - [2026-02-01T18:20:44.549+0000] {dag.py:3096} INFO - Sync 1 DAGs
[2026-02-01T18:20:44.562+0000] {logging_mixin.py:188} INFO - [2026-02-01T18:20:44.562+0000] {dag.py:3954} INFO - Setting next_dagrun for etl_pipeline_final to 2026-01-31 00:00:00+00:00, run_after=2026-02-01 00:00:00+00:00
[2026-02-01T18:20:44.576+0000] {processor.py:183} INFO - Processing /opt/airflow/dags/etl.py took 0.328 seconds
[2026-02-01T18:21:14.927+0000] {processor.py:161} INFO - Started process (PID=19739) to work on /opt/airflow/dags/etl.py
[2026-02-01T18:21:14.929+0000] {processor.py:830} INFO - Processing file /opt/airflow/dags/etl.py for tasks to queue
[2026-02-01T18:21:14.931+0000] {logging_mixin.py:188} INFO - [2026-02-01T18:21:14.930+0000] {dagbag.py:545} INFO - Filling up the DagBag from /opt/airflow/dags/etl.py
[2026-02-01T18:21:15.200+0000] {processor.py:840} INFO - DAG(s) 'etl_pipeline_final' retrieved from /opt/airflow/dags/etl.py
[2026-02-01T18:21:15.216+0000] {logging_mixin.py:188} INFO - [2026-02-01T18:21:15.215+0000] {dag.py:3096} INFO - Sync 1 DAGs
[2026-02-01T18:21:15.227+0000] {logging_mixin.py:188} INFO - [2026-02-01T18:21:15.227+0000] {dag.py:3954} INFO - Setting next_dagrun for etl_pipeline_final to 2026-01-31 00:00:00+00:00, run_after=2026-02-01 00:00:00+00:00
[2026-02-01T18:21:15.237+0000] {processor.py:183} INFO - Processing /opt/airflow/dags/etl.py took 0.314 seconds
[2026-02-01T18:21:46.500+0000] {processor.py:161} INFO - Started process (PID=19783) to work on /opt/airflow/dags/etl.py
[2026-02-01T18:21:46.501+0000] {processor.py:830} INFO - Processing file /opt/airflow/dags/etl.py for tasks to queue
[2026-02-01T18:21:46.503+0000] {logging_mixin.py:188} INFO - [2026-02-01T18:21:46.503+0000] {dagbag.py:545} INFO - Filling up the DagBag from /opt/airflow/dags/etl.py
[2026-02-01T18:21:46.974+0000] {processor.py:840} INFO - DAG(s) 'etl_pipeline_final' retrieved from /opt/airflow/dags/etl.py
[2026-02-01T18:21:47.008+0000] {logging_mixin.py:188} INFO - [2026-02-01T18:21:47.007+0000] {dag.py:3096} INFO - Sync 1 DAGs
[2026-02-01T18:21:47.033+0000] {logging_mixin.py:188} INFO - [2026-02-01T18:21:47.033+0000] {dag.py:3954} INFO - Setting next_dagrun for etl_pipeline_final to 2026-01-31 00:00:00+00:00, run_after=2026-02-01 00:00:00+00:00
[2026-02-01T18:21:47.057+0000] {processor.py:183} INFO - Processing /opt/airflow/dags/etl.py took 0.562 seconds
[2026-02-01T18:22:19.900+0000] {processor.py:161} INFO - Started process (PID=19830) to work on /opt/airflow/dags/etl.py
[2026-02-01T18:22:19.901+0000] {processor.py:830} INFO - Processing file /opt/airflow/dags/etl.py for tasks to queue
[2026-02-01T18:22:19.903+0000] {logging_mixin.py:188} INFO - [2026-02-01T18:22:19.902+0000] {dagbag.py:545} INFO - Filling up the DagBag from /opt/airflow/dags/etl.py
[2026-02-01T18:22:20.266+0000] {processor.py:840} INFO - DAG(s) 'etl_pipeline_final' retrieved from /opt/airflow/dags/etl.py
[2026-02-01T18:22:20.289+0000] {logging_mixin.py:188} INFO - [2026-02-01T18:22:20.289+0000] {dag.py:3096} INFO - Sync 1 DAGs
[2026-02-01T18:22:20.305+0000] {logging_mixin.py:188} INFO - [2026-02-01T18:22:20.304+0000] {dag.py:3954} INFO - Setting next_dagrun for etl_pipeline_final to 2026-01-31 00:00:00+00:00, run_after=2026-02-01 00:00:00+00:00
[2026-02-01T18:22:20.321+0000] {processor.py:183} INFO - Processing /opt/airflow/dags/etl.py took 0.426 seconds
[2026-02-01T18:22:52.836+0000] {processor.py:161} INFO - Started process (PID=19877) to work on /opt/airflow/dags/etl.py
[2026-02-01T18:22:52.837+0000] {processor.py:830} INFO - Processing file /opt/airflow/dags/etl.py for tasks to queue
[2026-02-01T18:22:52.838+0000] {logging_mixin.py:188} INFO - [2026-02-01T18:22:52.838+0000] {dagbag.py:545} INFO - Filling up the DagBag from /opt/airflow/dags/etl.py
[2026-02-01T18:22:53.149+0000] {processor.py:840} INFO - DAG(s) 'etl_pipeline_final' retrieved from /opt/airflow/dags/etl.py
[2026-02-01T18:22:53.169+0000] {logging_mixin.py:188} INFO - [2026-02-01T18:22:53.169+0000] {dag.py:3096} INFO - Sync 1 DAGs
[2026-02-01T18:22:53.184+0000] {logging_mixin.py:188} INFO - [2026-02-01T18:22:53.183+0000] {dag.py:3954} INFO - Setting next_dagrun for etl_pipeline_final to 2026-01-31 00:00:00+00:00, run_after=2026-02-01 00:00:00+00:00
[2026-02-01T18:22:53.199+0000] {processor.py:183} INFO - Processing /opt/airflow/dags/etl.py took 0.367 seconds
[2026-02-01T18:23:26.444+0000] {processor.py:161} INFO - Started process (PID=19924) to work on /opt/airflow/dags/etl.py
[2026-02-01T18:23:26.445+0000] {processor.py:830} INFO - Processing file /opt/airflow/dags/etl.py for tasks to queue
[2026-02-01T18:23:26.447+0000] {logging_mixin.py:188} INFO - [2026-02-01T18:23:26.446+0000] {dagbag.py:545} INFO - Filling up the DagBag from /opt/airflow/dags/etl.py
[2026-02-01T18:23:26.751+0000] {processor.py:840} INFO - DAG(s) 'etl_pipeline_final' retrieved from /opt/airflow/dags/etl.py
[2026-02-01T18:23:26.773+0000] {logging_mixin.py:188} INFO - [2026-02-01T18:23:26.772+0000] {dag.py:3096} INFO - Sync 1 DAGs
[2026-02-01T18:23:26.787+0000] {logging_mixin.py:188} INFO - [2026-02-01T18:23:26.787+0000] {dag.py:3954} INFO - Setting next_dagrun for etl_pipeline_final to 2026-01-31 00:00:00+00:00, run_after=2026-02-01 00:00:00+00:00
[2026-02-01T18:23:26.804+0000] {processor.py:183} INFO - Processing /opt/airflow/dags/etl.py took 0.364 seconds
[2026-02-01T18:24:01.241+0000] {processor.py:161} INFO - Started process (PID=19978) to work on /opt/airflow/dags/etl.py
[2026-02-01T18:24:01.242+0000] {processor.py:830} INFO - Processing file /opt/airflow/dags/etl.py for tasks to queue
[2026-02-01T18:24:01.244+0000] {logging_mixin.py:188} INFO - [2026-02-01T18:24:01.243+0000] {dagbag.py:545} INFO - Filling up the DagBag from /opt/airflow/dags/etl.py
[2026-02-01T18:24:01.607+0000] {processor.py:840} INFO - DAG(s) 'etl_pipeline_final' retrieved from /opt/airflow/dags/etl.py
[2026-02-01T18:24:01.635+0000] {logging_mixin.py:188} INFO - [2026-02-01T18:24:01.634+0000] {dag.py:3096} INFO - Sync 1 DAGs
[2026-02-01T18:24:01.652+0000] {logging_mixin.py:188} INFO - [2026-02-01T18:24:01.652+0000] {dag.py:3954} INFO - Setting next_dagrun for etl_pipeline_final to 2026-01-31 00:00:00+00:00, run_after=2026-02-01 00:00:00+00:00
[2026-02-01T18:24:01.667+0000] {processor.py:183} INFO - Processing /opt/airflow/dags/etl.py took 0.431 seconds
[2026-02-01T18:24:35.493+0000] {processor.py:161} INFO - Started process (PID=20025) to work on /opt/airflow/dags/etl.py
[2026-02-01T18:24:35.495+0000] {processor.py:830} INFO - Processing file /opt/airflow/dags/etl.py for tasks to queue
[2026-02-01T18:24:35.498+0000] {logging_mixin.py:188} INFO - [2026-02-01T18:24:35.497+0000] {dagbag.py:545} INFO - Filling up the DagBag from /opt/airflow/dags/etl.py
[2026-02-01T18:24:35.963+0000] {processor.py:840} INFO - DAG(s) 'etl_pipeline_final' retrieved from /opt/airflow/dags/etl.py
[2026-02-01T18:24:35.993+0000] {logging_mixin.py:188} INFO - [2026-02-01T18:24:35.993+0000] {dag.py:3096} INFO - Sync 1 DAGs
[2026-02-01T18:24:36.014+0000] {logging_mixin.py:188} INFO - [2026-02-01T18:24:36.014+0000] {dag.py:3954} INFO - Setting next_dagrun for etl_pipeline_final to 2026-01-31 00:00:00+00:00, run_after=2026-02-01 00:00:00+00:00
[2026-02-01T18:24:36.036+0000] {processor.py:183} INFO - Processing /opt/airflow/dags/etl.py took 0.551 seconds
[2026-02-01T18:25:09.694+0000] {processor.py:161} INFO - Started process (PID=20072) to work on /opt/airflow/dags/etl.py
[2026-02-01T18:25:09.697+0000] {processor.py:830} INFO - Processing file /opt/airflow/dags/etl.py for tasks to queue
[2026-02-01T18:25:09.701+0000] {logging_mixin.py:188} INFO - [2026-02-01T18:25:09.700+0000] {dagbag.py:545} INFO - Filling up the DagBag from /opt/airflow/dags/etl.py
[2026-02-01T18:25:10.563+0000] {processor.py:840} INFO - DAG(s) 'etl_pipeline_final' retrieved from /opt/airflow/dags/etl.py
[2026-02-01T18:25:10.597+0000] {logging_mixin.py:188} INFO - [2026-02-01T18:25:10.596+0000] {dag.py:3096} INFO - Sync 1 DAGs
[2026-02-01T18:25:10.628+0000] {logging_mixin.py:188} INFO - [2026-02-01T18:25:10.628+0000] {dag.py:3954} INFO - Setting next_dagrun for etl_pipeline_final to 2026-01-31 00:00:00+00:00, run_after=2026-02-01 00:00:00+00:00
[2026-02-01T18:25:10.656+0000] {processor.py:183} INFO - Processing /opt/airflow/dags/etl.py took 0.977 seconds
[2026-02-01T18:25:41.836+0000] {processor.py:161} INFO - Started process (PID=20119) to work on /opt/airflow/dags/etl.py
[2026-02-01T18:25:41.838+0000] {processor.py:830} INFO - Processing file /opt/airflow/dags/etl.py for tasks to queue
[2026-02-01T18:25:41.839+0000] {logging_mixin.py:188} INFO - [2026-02-01T18:25:41.839+0000] {dagbag.py:545} INFO - Filling up the DagBag from /opt/airflow/dags/etl.py
[2026-02-01T18:25:42.228+0000] {processor.py:840} INFO - DAG(s) 'etl_pipeline_final' retrieved from /opt/airflow/dags/etl.py
[2026-02-01T18:25:42.250+0000] {logging_mixin.py:188} INFO - [2026-02-01T18:25:42.250+0000] {dag.py:3096} INFO - Sync 1 DAGs
[2026-02-01T18:25:42.266+0000] {logging_mixin.py:188} INFO - [2026-02-01T18:25:42.266+0000] {dag.py:3954} INFO - Setting next_dagrun for etl_pipeline_final to 2026-01-31 00:00:00+00:00, run_after=2026-02-01 00:00:00+00:00
[2026-02-01T18:25:42.283+0000] {processor.py:183} INFO - Processing /opt/airflow/dags/etl.py took 0.453 seconds
[2026-02-01T18:26:12.637+0000] {processor.py:161} INFO - Started process (PID=20159) to work on /opt/airflow/dags/etl.py
[2026-02-01T18:26:12.638+0000] {processor.py:830} INFO - Processing file /opt/airflow/dags/etl.py for tasks to queue
[2026-02-01T18:26:12.640+0000] {logging_mixin.py:188} INFO - [2026-02-01T18:26:12.640+0000] {dagbag.py:545} INFO - Filling up the DagBag from /opt/airflow/dags/etl.py
[2026-02-01T18:26:13.232+0000] {processor.py:840} INFO - DAG(s) 'etl_pipeline_final' retrieved from /opt/airflow/dags/etl.py
[2026-02-01T18:26:13.269+0000] {logging_mixin.py:188} INFO - [2026-02-01T18:26:13.268+0000] {dag.py:3096} INFO - Sync 1 DAGs
[2026-02-01T18:26:13.298+0000] {logging_mixin.py:188} INFO - [2026-02-01T18:26:13.297+0000] {dag.py:3954} INFO - Setting next_dagrun for etl_pipeline_final to 2026-01-31 00:00:00+00:00, run_after=2026-02-01 00:00:00+00:00
[2026-02-01T18:26:13.331+0000] {processor.py:183} INFO - Processing /opt/airflow/dags/etl.py took 0.700 seconds
[2026-02-01T18:26:46.510+0000] {processor.py:161} INFO - Started process (PID=20206) to work on /opt/airflow/dags/etl.py
[2026-02-01T18:26:46.512+0000] {processor.py:830} INFO - Processing file /opt/airflow/dags/etl.py for tasks to queue
[2026-02-01T18:26:46.514+0000] {logging_mixin.py:188} INFO - [2026-02-01T18:26:46.514+0000] {dagbag.py:545} INFO - Filling up the DagBag from /opt/airflow/dags/etl.py
[2026-02-01T18:26:46.978+0000] {processor.py:840} INFO - DAG(s) 'etl_pipeline_final' retrieved from /opt/airflow/dags/etl.py
[2026-02-01T18:26:47.015+0000] {logging_mixin.py:188} INFO - [2026-02-01T18:26:47.014+0000] {dag.py:3096} INFO - Sync 1 DAGs
[2026-02-01T18:26:47.042+0000] {logging_mixin.py:188} INFO - [2026-02-01T18:26:47.042+0000] {dag.py:3954} INFO - Setting next_dagrun for etl_pipeline_final to 2026-01-31 00:00:00+00:00, run_after=2026-02-01 00:00:00+00:00
[2026-02-01T18:26:47.077+0000] {processor.py:183} INFO - Processing /opt/airflow/dags/etl.py took 0.574 seconds
[2026-02-01T18:27:19.410+0000] {processor.py:161} INFO - Started process (PID=20253) to work on /opt/airflow/dags/etl.py
[2026-02-01T18:27:19.411+0000] {processor.py:830} INFO - Processing file /opt/airflow/dags/etl.py for tasks to queue
[2026-02-01T18:27:19.414+0000] {logging_mixin.py:188} INFO - [2026-02-01T18:27:19.413+0000] {dagbag.py:545} INFO - Filling up the DagBag from /opt/airflow/dags/etl.py
[2026-02-01T18:27:19.768+0000] {processor.py:840} INFO - DAG(s) 'etl_pipeline_final' retrieved from /opt/airflow/dags/etl.py
[2026-02-01T18:27:19.798+0000] {logging_mixin.py:188} INFO - [2026-02-01T18:27:19.797+0000] {dag.py:3096} INFO - Sync 1 DAGs
[2026-02-01T18:27:19.822+0000] {logging_mixin.py:188} INFO - [2026-02-01T18:27:19.821+0000] {dag.py:3954} INFO - Setting next_dagrun for etl_pipeline_final to 2026-01-31 00:00:00+00:00, run_after=2026-02-01 00:00:00+00:00
[2026-02-01T18:27:19.843+0000] {processor.py:183} INFO - Processing /opt/airflow/dags/etl.py took 0.437 seconds
[2026-02-01T18:27:52.800+0000] {processor.py:161} INFO - Started process (PID=20300) to work on /opt/airflow/dags/etl.py
[2026-02-01T18:27:52.802+0000] {processor.py:830} INFO - Processing file /opt/airflow/dags/etl.py for tasks to queue
[2026-02-01T18:27:52.803+0000] {logging_mixin.py:188} INFO - [2026-02-01T18:27:52.803+0000] {dagbag.py:545} INFO - Filling up the DagBag from /opt/airflow/dags/etl.py
[2026-02-01T18:27:53.178+0000] {processor.py:840} INFO - DAG(s) 'etl_pipeline_final' retrieved from /opt/airflow/dags/etl.py
[2026-02-01T18:27:53.208+0000] {logging_mixin.py:188} INFO - [2026-02-01T18:27:53.208+0000] {dag.py:3096} INFO - Sync 1 DAGs
[2026-02-01T18:27:53.229+0000] {logging_mixin.py:188} INFO - [2026-02-01T18:27:53.228+0000] {dag.py:3954} INFO - Setting next_dagrun for etl_pipeline_final to 2026-01-31 00:00:00+00:00, run_after=2026-02-01 00:00:00+00:00
[2026-02-01T18:27:53.254+0000] {processor.py:183} INFO - Processing /opt/airflow/dags/etl.py took 0.459 seconds
[2026-02-01T18:28:28.567+0000] {processor.py:161} INFO - Started process (PID=20354) to work on /opt/airflow/dags/etl.py
[2026-02-01T18:28:28.568+0000] {processor.py:830} INFO - Processing file /opt/airflow/dags/etl.py for tasks to queue
[2026-02-01T18:28:28.570+0000] {logging_mixin.py:188} INFO - [2026-02-01T18:28:28.570+0000] {dagbag.py:545} INFO - Filling up the DagBag from /opt/airflow/dags/etl.py
[2026-02-01T18:28:28.969+0000] {processor.py:840} INFO - DAG(s) 'etl_pipeline_final' retrieved from /opt/airflow/dags/etl.py
[2026-02-01T18:28:28.993+0000] {logging_mixin.py:188} INFO - [2026-02-01T18:28:28.992+0000] {dag.py:3096} INFO - Sync 1 DAGs
[2026-02-01T18:28:29.010+0000] {logging_mixin.py:188} INFO - [2026-02-01T18:28:29.010+0000] {dag.py:3954} INFO - Setting next_dagrun for etl_pipeline_final to 2026-01-31 00:00:00+00:00, run_after=2026-02-01 00:00:00+00:00
[2026-02-01T18:28:29.027+0000] {processor.py:183} INFO - Processing /opt/airflow/dags/etl.py took 0.468 seconds
[2026-02-01T18:29:01.255+0000] {processor.py:161} INFO - Started process (PID=20401) to work on /opt/airflow/dags/etl.py
[2026-02-01T18:29:01.258+0000] {processor.py:830} INFO - Processing file /opt/airflow/dags/etl.py for tasks to queue
[2026-02-01T18:29:01.259+0000] {logging_mixin.py:188} INFO - [2026-02-01T18:29:01.259+0000] {dagbag.py:545} INFO - Filling up the DagBag from /opt/airflow/dags/etl.py
[2026-02-01T18:29:01.680+0000] {processor.py:840} INFO - DAG(s) 'etl_pipeline_final' retrieved from /opt/airflow/dags/etl.py
[2026-02-01T18:29:01.701+0000] {logging_mixin.py:188} INFO - [2026-02-01T18:29:01.701+0000] {dag.py:3096} INFO - Sync 1 DAGs
[2026-02-01T18:29:01.717+0000] {logging_mixin.py:188} INFO - [2026-02-01T18:29:01.717+0000] {dag.py:3954} INFO - Setting next_dagrun for etl_pipeline_final to 2026-01-31 00:00:00+00:00, run_after=2026-02-01 00:00:00+00:00
[2026-02-01T18:29:01.732+0000] {processor.py:183} INFO - Processing /opt/airflow/dags/etl.py took 0.483 seconds
[2026-02-01T18:29:34.567+0000] {processor.py:161} INFO - Started process (PID=20448) to work on /opt/airflow/dags/etl.py
[2026-02-01T18:29:34.568+0000] {processor.py:830} INFO - Processing file /opt/airflow/dags/etl.py for tasks to queue
[2026-02-01T18:29:34.569+0000] {logging_mixin.py:188} INFO - [2026-02-01T18:29:34.569+0000] {dagbag.py:545} INFO - Filling up the DagBag from /opt/airflow/dags/etl.py
[2026-02-01T18:29:34.862+0000] {processor.py:840} INFO - DAG(s) 'etl_pipeline_final' retrieved from /opt/airflow/dags/etl.py
[2026-02-01T18:29:34.879+0000] {logging_mixin.py:188} INFO - [2026-02-01T18:29:34.878+0000] {dag.py:3096} INFO - Sync 1 DAGs
[2026-02-01T18:29:34.893+0000] {logging_mixin.py:188} INFO - [2026-02-01T18:29:34.892+0000] {dag.py:3954} INFO - Setting next_dagrun for etl_pipeline_final to 2026-01-31 00:00:00+00:00, run_after=2026-02-01 00:00:00+00:00
[2026-02-01T18:29:34.904+0000] {processor.py:183} INFO - Processing /opt/airflow/dags/etl.py took 0.341 seconds
[2026-02-01T18:30:07.882+0000] {processor.py:161} INFO - Started process (PID=20495) to work on /opt/airflow/dags/etl.py
[2026-02-01T18:30:07.884+0000] {processor.py:830} INFO - Processing file /opt/airflow/dags/etl.py for tasks to queue
[2026-02-01T18:30:07.886+0000] {logging_mixin.py:188} INFO - [2026-02-01T18:30:07.886+0000] {dagbag.py:545} INFO - Filling up the DagBag from /opt/airflow/dags/etl.py
[2026-02-01T18:30:08.193+0000] {processor.py:840} INFO - DAG(s) 'etl_pipeline_final' retrieved from /opt/airflow/dags/etl.py
[2026-02-01T18:30:08.209+0000] {logging_mixin.py:188} INFO - [2026-02-01T18:30:08.209+0000] {dag.py:3096} INFO - Sync 1 DAGs
[2026-02-01T18:30:08.221+0000] {logging_mixin.py:188} INFO - [2026-02-01T18:30:08.221+0000] {dag.py:3954} INFO - Setting next_dagrun for etl_pipeline_final to 2026-01-31 00:00:00+00:00, run_after=2026-02-01 00:00:00+00:00
[2026-02-01T18:30:08.232+0000] {processor.py:183} INFO - Processing /opt/airflow/dags/etl.py took 0.354 seconds
[2026-02-01T18:30:41.179+0000] {processor.py:161} INFO - Started process (PID=20542) to work on /opt/airflow/dags/etl.py
[2026-02-01T18:30:41.179+0000] {processor.py:830} INFO - Processing file /opt/airflow/dags/etl.py for tasks to queue
[2026-02-01T18:30:41.181+0000] {logging_mixin.py:188} INFO - [2026-02-01T18:30:41.181+0000] {dagbag.py:545} INFO - Filling up the DagBag from /opt/airflow/dags/etl.py
[2026-02-01T18:30:41.460+0000] {processor.py:840} INFO - DAG(s) 'etl_pipeline_final' retrieved from /opt/airflow/dags/etl.py
[2026-02-01T18:30:41.474+0000] {logging_mixin.py:188} INFO - [2026-02-01T18:30:41.474+0000] {dag.py:3096} INFO - Sync 1 DAGs
[2026-02-01T18:30:41.485+0000] {logging_mixin.py:188} INFO - [2026-02-01T18:30:41.485+0000] {dag.py:3954} INFO - Setting next_dagrun for etl_pipeline_final to 2026-01-31 00:00:00+00:00, run_after=2026-02-01 00:00:00+00:00
[2026-02-01T18:30:41.496+0000] {processor.py:183} INFO - Processing /opt/airflow/dags/etl.py took 0.321 seconds
[2026-02-01T18:31:14.395+0000] {processor.py:161} INFO - Started process (PID=20589) to work on /opt/airflow/dags/etl.py
[2026-02-01T18:31:14.397+0000] {processor.py:830} INFO - Processing file /opt/airflow/dags/etl.py for tasks to queue
[2026-02-01T18:31:14.399+0000] {logging_mixin.py:188} INFO - [2026-02-01T18:31:14.398+0000] {dagbag.py:545} INFO - Filling up the DagBag from /opt/airflow/dags/etl.py
[2026-02-01T18:31:14.706+0000] {processor.py:840} INFO - DAG(s) 'etl_pipeline_final' retrieved from /opt/airflow/dags/etl.py
[2026-02-01T18:31:14.724+0000] {logging_mixin.py:188} INFO - [2026-02-01T18:31:14.723+0000] {dag.py:3096} INFO - Sync 1 DAGs
[2026-02-01T18:31:14.738+0000] {logging_mixin.py:188} INFO - [2026-02-01T18:31:14.737+0000] {dag.py:3954} INFO - Setting next_dagrun for etl_pipeline_final to 2026-01-31 00:00:00+00:00, run_after=2026-02-01 00:00:00+00:00
[2026-02-01T18:31:14.749+0000] {processor.py:183} INFO - Processing /opt/airflow/dags/etl.py took 0.359 seconds
[2026-02-01T18:31:47.682+0000] {processor.py:161} INFO - Started process (PID=20636) to work on /opt/airflow/dags/etl.py
[2026-02-01T18:31:47.683+0000] {processor.py:830} INFO - Processing file /opt/airflow/dags/etl.py for tasks to queue
[2026-02-01T18:31:47.685+0000] {logging_mixin.py:188} INFO - [2026-02-01T18:31:47.684+0000] {dagbag.py:545} INFO - Filling up the DagBag from /opt/airflow/dags/etl.py
[2026-02-01T18:31:47.952+0000] {processor.py:840} INFO - DAG(s) 'etl_pipeline_final' retrieved from /opt/airflow/dags/etl.py
[2026-02-01T18:31:47.968+0000] {logging_mixin.py:188} INFO - [2026-02-01T18:31:47.968+0000] {dag.py:3096} INFO - Sync 1 DAGs
[2026-02-01T18:31:47.979+0000] {logging_mixin.py:188} INFO - [2026-02-01T18:31:47.979+0000] {dag.py:3954} INFO - Setting next_dagrun for etl_pipeline_final to 2026-01-31 00:00:00+00:00, run_after=2026-02-01 00:00:00+00:00
[2026-02-01T18:31:47.990+0000] {processor.py:183} INFO - Processing /opt/airflow/dags/etl.py took 0.313 seconds
[2026-02-01T18:32:20.929+0000] {processor.py:161} INFO - Started process (PID=20683) to work on /opt/airflow/dags/etl.py
[2026-02-01T18:32:20.929+0000] {processor.py:830} INFO - Processing file /opt/airflow/dags/etl.py for tasks to queue
[2026-02-01T18:32:20.931+0000] {logging_mixin.py:188} INFO - [2026-02-01T18:32:20.931+0000] {dagbag.py:545} INFO - Filling up the DagBag from /opt/airflow/dags/etl.py
[2026-02-01T18:32:21.205+0000] {processor.py:840} INFO - DAG(s) 'etl_pipeline_final' retrieved from /opt/airflow/dags/etl.py
[2026-02-01T18:32:21.221+0000] {logging_mixin.py:188} INFO - [2026-02-01T18:32:21.221+0000] {dag.py:3096} INFO - Sync 1 DAGs
[2026-02-01T18:32:21.231+0000] {logging_mixin.py:188} INFO - [2026-02-01T18:32:21.231+0000] {dag.py:3954} INFO - Setting next_dagrun for etl_pipeline_final to 2026-01-31 00:00:00+00:00, run_after=2026-02-01 00:00:00+00:00
[2026-02-01T18:32:21.242+0000] {processor.py:183} INFO - Processing /opt/airflow/dags/etl.py took 0.318 seconds
[2026-02-01T18:32:54.158+0000] {processor.py:161} INFO - Started process (PID=20730) to work on /opt/airflow/dags/etl.py
[2026-02-01T18:32:54.159+0000] {processor.py:830} INFO - Processing file /opt/airflow/dags/etl.py for tasks to queue
[2026-02-01T18:32:54.162+0000] {logging_mixin.py:188} INFO - [2026-02-01T18:32:54.162+0000] {dagbag.py:545} INFO - Filling up the DagBag from /opt/airflow/dags/etl.py
[2026-02-01T18:32:54.446+0000] {processor.py:840} INFO - DAG(s) 'etl_pipeline_final' retrieved from /opt/airflow/dags/etl.py
[2026-02-01T18:32:54.463+0000] {logging_mixin.py:188} INFO - [2026-02-01T18:32:54.462+0000] {dag.py:3096} INFO - Sync 1 DAGs
[2026-02-01T18:32:54.474+0000] {logging_mixin.py:188} INFO - [2026-02-01T18:32:54.474+0000] {dag.py:3954} INFO - Setting next_dagrun for etl_pipeline_final to 2026-01-31 00:00:00+00:00, run_after=2026-02-01 00:00:00+00:00
[2026-02-01T18:32:54.486+0000] {processor.py:183} INFO - Processing /opt/airflow/dags/etl.py took 0.336 seconds
[2026-02-01T18:33:27.986+0000] {processor.py:161} INFO - Started process (PID=20777) to work on /opt/airflow/dags/etl.py
[2026-02-01T18:33:27.988+0000] {processor.py:830} INFO - Processing file /opt/airflow/dags/etl.py for tasks to queue
[2026-02-01T18:33:27.990+0000] {logging_mixin.py:188} INFO - [2026-02-01T18:33:27.989+0000] {dagbag.py:545} INFO - Filling up the DagBag from /opt/airflow/dags/etl.py
[2026-02-01T18:33:28.289+0000] {processor.py:840} INFO - DAG(s) 'etl_pipeline_final' retrieved from /opt/airflow/dags/etl.py
[2026-02-01T18:33:28.306+0000] {logging_mixin.py:188} INFO - [2026-02-01T18:33:28.306+0000] {dag.py:3096} INFO - Sync 1 DAGs
[2026-02-01T18:33:28.319+0000] {logging_mixin.py:188} INFO - [2026-02-01T18:33:28.319+0000] {dag.py:3954} INFO - Setting next_dagrun for etl_pipeline_final to 2026-01-31 00:00:00+00:00, run_after=2026-02-01 00:00:00+00:00
[2026-02-01T18:33:28.331+0000] {processor.py:183} INFO - Processing /opt/airflow/dags/etl.py took 0.350 seconds
[2026-02-01T18:34:01.533+0000] {processor.py:161} INFO - Started process (PID=20824) to work on /opt/airflow/dags/etl.py
[2026-02-01T18:34:01.535+0000] {processor.py:830} INFO - Processing file /opt/airflow/dags/etl.py for tasks to queue
[2026-02-01T18:34:01.537+0000] {logging_mixin.py:188} INFO - [2026-02-01T18:34:01.536+0000] {dagbag.py:545} INFO - Filling up the DagBag from /opt/airflow/dags/etl.py
[2026-02-01T18:34:01.831+0000] {processor.py:840} INFO - DAG(s) 'etl_pipeline_final' retrieved from /opt/airflow/dags/etl.py
[2026-02-01T18:34:01.855+0000] {logging_mixin.py:188} INFO - [2026-02-01T18:34:01.853+0000] {dag.py:3096} INFO - Sync 1 DAGs
[2026-02-01T18:34:01.869+0000] {logging_mixin.py:188} INFO - [2026-02-01T18:34:01.869+0000] {dag.py:3954} INFO - Setting next_dagrun for etl_pipeline_final to 2026-01-31 00:00:00+00:00, run_after=2026-02-01 00:00:00+00:00
[2026-02-01T18:34:01.883+0000] {processor.py:183} INFO - Processing /opt/airflow/dags/etl.py took 0.356 seconds
[2026-02-01T18:34:34.750+0000] {processor.py:161} INFO - Started process (PID=20871) to work on /opt/airflow/dags/etl.py
[2026-02-01T18:34:34.752+0000] {processor.py:830} INFO - Processing file /opt/airflow/dags/etl.py for tasks to queue
[2026-02-01T18:34:34.753+0000] {logging_mixin.py:188} INFO - [2026-02-01T18:34:34.753+0000] {dagbag.py:545} INFO - Filling up the DagBag from /opt/airflow/dags/etl.py
[2026-02-01T18:34:35.031+0000] {processor.py:840} INFO - DAG(s) 'etl_pipeline_final' retrieved from /opt/airflow/dags/etl.py
[2026-02-01T18:34:35.049+0000] {logging_mixin.py:188} INFO - [2026-02-01T18:34:35.048+0000] {dag.py:3096} INFO - Sync 1 DAGs
[2026-02-01T18:34:35.060+0000] {logging_mixin.py:188} INFO - [2026-02-01T18:34:35.060+0000] {dag.py:3954} INFO - Setting next_dagrun for etl_pipeline_final to 2026-01-31 00:00:00+00:00, run_after=2026-02-01 00:00:00+00:00
[2026-02-01T18:34:35.069+0000] {processor.py:183} INFO - Processing /opt/airflow/dags/etl.py took 0.325 seconds
[2026-02-01T18:35:08.156+0000] {processor.py:161} INFO - Started process (PID=20918) to work on /opt/airflow/dags/etl.py
[2026-02-01T18:35:08.157+0000] {processor.py:830} INFO - Processing file /opt/airflow/dags/etl.py for tasks to queue
[2026-02-01T18:35:08.158+0000] {logging_mixin.py:188} INFO - [2026-02-01T18:35:08.158+0000] {dagbag.py:545} INFO - Filling up the DagBag from /opt/airflow/dags/etl.py
[2026-02-01T18:35:08.520+0000] {processor.py:840} INFO - DAG(s) 'etl_pipeline_final' retrieved from /opt/airflow/dags/etl.py
[2026-02-01T18:35:08.541+0000] {logging_mixin.py:188} INFO - [2026-02-01T18:35:08.541+0000] {dag.py:3096} INFO - Sync 1 DAGs
[2026-02-01T18:35:08.559+0000] {logging_mixin.py:188} INFO - [2026-02-01T18:35:08.559+0000] {dag.py:3954} INFO - Setting next_dagrun for etl_pipeline_final to 2026-01-31 00:00:00+00:00, run_after=2026-02-01 00:00:00+00:00
[2026-02-01T18:35:08.574+0000] {processor.py:183} INFO - Processing /opt/airflow/dags/etl.py took 0.423 seconds
[2026-02-01T18:35:41.719+0000] {processor.py:161} INFO - Started process (PID=20965) to work on /opt/airflow/dags/etl.py
[2026-02-01T18:35:41.721+0000] {processor.py:830} INFO - Processing file /opt/airflow/dags/etl.py for tasks to queue
[2026-02-01T18:35:41.722+0000] {logging_mixin.py:188} INFO - [2026-02-01T18:35:41.722+0000] {dagbag.py:545} INFO - Filling up the DagBag from /opt/airflow/dags/etl.py
[2026-02-01T18:35:41.998+0000] {processor.py:840} INFO - DAG(s) 'etl_pipeline_final' retrieved from /opt/airflow/dags/etl.py
[2026-02-01T18:35:42.012+0000] {logging_mixin.py:188} INFO - [2026-02-01T18:35:42.011+0000] {dag.py:3096} INFO - Sync 1 DAGs
[2026-02-01T18:35:42.022+0000] {logging_mixin.py:188} INFO - [2026-02-01T18:35:42.022+0000] {dag.py:3954} INFO - Setting next_dagrun for etl_pipeline_final to 2026-01-31 00:00:00+00:00, run_after=2026-02-01 00:00:00+00:00
[2026-02-01T18:35:42.034+0000] {processor.py:183} INFO - Processing /opt/airflow/dags/etl.py took 0.319 seconds
[2026-02-01T18:36:14.901+0000] {processor.py:161} INFO - Started process (PID=21012) to work on /opt/airflow/dags/etl.py
[2026-02-01T18:36:14.902+0000] {processor.py:830} INFO - Processing file /opt/airflow/dags/etl.py for tasks to queue
[2026-02-01T18:36:14.903+0000] {logging_mixin.py:188} INFO - [2026-02-01T18:36:14.903+0000] {dagbag.py:545} INFO - Filling up the DagBag from /opt/airflow/dags/etl.py
[2026-02-01T18:36:15.227+0000] {processor.py:840} INFO - DAG(s) 'etl_pipeline_final' retrieved from /opt/airflow/dags/etl.py
[2026-02-01T18:36:15.248+0000] {logging_mixin.py:188} INFO - [2026-02-01T18:36:15.248+0000] {dag.py:3096} INFO - Sync 1 DAGs
[2026-02-01T18:36:15.262+0000] {logging_mixin.py:188} INFO - [2026-02-01T18:36:15.262+0000] {dag.py:3954} INFO - Setting next_dagrun for etl_pipeline_final to 2026-01-31 00:00:00+00:00, run_after=2026-02-01 00:00:00+00:00
[2026-02-01T18:36:15.279+0000] {processor.py:183} INFO - Processing /opt/airflow/dags/etl.py took 0.384 seconds
[2026-02-01T18:36:48.094+0000] {processor.py:161} INFO - Started process (PID=21059) to work on /opt/airflow/dags/etl.py
[2026-02-01T18:36:48.096+0000] {processor.py:830} INFO - Processing file /opt/airflow/dags/etl.py for tasks to queue
[2026-02-01T18:36:48.097+0000] {logging_mixin.py:188} INFO - [2026-02-01T18:36:48.097+0000] {dagbag.py:545} INFO - Filling up the DagBag from /opt/airflow/dags/etl.py
[2026-02-01T18:36:48.370+0000] {processor.py:840} INFO - DAG(s) 'etl_pipeline_final' retrieved from /opt/airflow/dags/etl.py
[2026-02-01T18:36:48.385+0000] {logging_mixin.py:188} INFO - [2026-02-01T18:36:48.385+0000] {dag.py:3096} INFO - Sync 1 DAGs
[2026-02-01T18:36:48.400+0000] {logging_mixin.py:188} INFO - [2026-02-01T18:36:48.399+0000] {dag.py:3954} INFO - Setting next_dagrun for etl_pipeline_final to 2026-01-31 00:00:00+00:00, run_after=2026-02-01 00:00:00+00:00
[2026-02-01T18:36:48.411+0000] {processor.py:183} INFO - Processing /opt/airflow/dags/etl.py took 0.321 seconds
[2026-02-01T18:37:21.387+0000] {processor.py:161} INFO - Started process (PID=21106) to work on /opt/airflow/dags/etl.py
[2026-02-01T18:37:21.387+0000] {processor.py:830} INFO - Processing file /opt/airflow/dags/etl.py for tasks to queue
[2026-02-01T18:37:21.388+0000] {logging_mixin.py:188} INFO - [2026-02-01T18:37:21.388+0000] {dagbag.py:545} INFO - Filling up the DagBag from /opt/airflow/dags/etl.py
[2026-02-01T18:37:21.659+0000] {processor.py:840} INFO - DAG(s) 'etl_pipeline_final' retrieved from /opt/airflow/dags/etl.py
[2026-02-01T18:37:21.675+0000] {logging_mixin.py:188} INFO - [2026-02-01T18:37:21.675+0000] {dag.py:3096} INFO - Sync 1 DAGs
[2026-02-01T18:37:21.685+0000] {logging_mixin.py:188} INFO - [2026-02-01T18:37:21.685+0000] {dag.py:3954} INFO - Setting next_dagrun for etl_pipeline_final to 2026-01-31 00:00:00+00:00, run_after=2026-02-01 00:00:00+00:00
[2026-02-01T18:37:21.696+0000] {processor.py:183} INFO - Processing /opt/airflow/dags/etl.py took 0.314 seconds
[2026-02-01T18:37:54.598+0000] {processor.py:161} INFO - Started process (PID=21153) to work on /opt/airflow/dags/etl.py
[2026-02-01T18:37:54.600+0000] {processor.py:830} INFO - Processing file /opt/airflow/dags/etl.py for tasks to queue
[2026-02-01T18:37:54.603+0000] {logging_mixin.py:188} INFO - [2026-02-01T18:37:54.603+0000] {dagbag.py:545} INFO - Filling up the DagBag from /opt/airflow/dags/etl.py
[2026-02-01T18:37:54.891+0000] {processor.py:840} INFO - DAG(s) 'etl_pipeline_final' retrieved from /opt/airflow/dags/etl.py
[2026-02-01T18:37:54.906+0000] {logging_mixin.py:188} INFO - [2026-02-01T18:37:54.906+0000] {dag.py:3096} INFO - Sync 1 DAGs
[2026-02-01T18:37:54.918+0000] {logging_mixin.py:188} INFO - [2026-02-01T18:37:54.918+0000] {dag.py:3954} INFO - Setting next_dagrun for etl_pipeline_final to 2026-01-31 00:00:00+00:00, run_after=2026-02-01 00:00:00+00:00
[2026-02-01T18:37:54.928+0000] {processor.py:183} INFO - Processing /opt/airflow/dags/etl.py took 0.334 seconds
[2026-02-01T18:38:27.784+0000] {processor.py:161} INFO - Started process (PID=21200) to work on /opt/airflow/dags/etl.py
[2026-02-01T18:38:27.784+0000] {processor.py:830} INFO - Processing file /opt/airflow/dags/etl.py for tasks to queue
[2026-02-01T18:38:27.786+0000] {logging_mixin.py:188} INFO - [2026-02-01T18:38:27.785+0000] {dagbag.py:545} INFO - Filling up the DagBag from /opt/airflow/dags/etl.py
[2026-02-01T18:38:28.095+0000] {processor.py:840} INFO - DAG(s) 'etl_pipeline_final' retrieved from /opt/airflow/dags/etl.py
[2026-02-01T18:38:28.111+0000] {logging_mixin.py:188} INFO - [2026-02-01T18:38:28.111+0000] {dag.py:3096} INFO - Sync 1 DAGs
[2026-02-01T18:38:28.122+0000] {logging_mixin.py:188} INFO - [2026-02-01T18:38:28.122+0000] {dag.py:3954} INFO - Setting next_dagrun for etl_pipeline_final to 2026-01-31 00:00:00+00:00, run_after=2026-02-01 00:00:00+00:00
[2026-02-01T18:38:28.133+0000] {processor.py:183} INFO - Processing /opt/airflow/dags/etl.py took 0.355 seconds
[2026-02-01T18:39:01.026+0000] {processor.py:161} INFO - Started process (PID=21247) to work on /opt/airflow/dags/etl.py
[2026-02-01T18:39:01.028+0000] {processor.py:830} INFO - Processing file /opt/airflow/dags/etl.py for tasks to queue
[2026-02-01T18:39:01.030+0000] {logging_mixin.py:188} INFO - [2026-02-01T18:39:01.029+0000] {dagbag.py:545} INFO - Filling up the DagBag from /opt/airflow/dags/etl.py
[2026-02-01T18:39:01.331+0000] {processor.py:840} INFO - DAG(s) 'etl_pipeline_final' retrieved from /opt/airflow/dags/etl.py
[2026-02-01T18:39:01.348+0000] {logging_mixin.py:188} INFO - [2026-02-01T18:39:01.347+0000] {dag.py:3096} INFO - Sync 1 DAGs
[2026-02-01T18:39:01.360+0000] {logging_mixin.py:188} INFO - [2026-02-01T18:39:01.359+0000] {dag.py:3954} INFO - Setting next_dagrun for etl_pipeline_final to 2026-01-31 00:00:00+00:00, run_after=2026-02-01 00:00:00+00:00
[2026-02-01T18:39:01.369+0000] {processor.py:183} INFO - Processing /opt/airflow/dags/etl.py took 0.349 seconds
[2026-02-01T18:39:34.631+0000] {processor.py:161} INFO - Started process (PID=21294) to work on /opt/airflow/dags/etl.py
[2026-02-01T18:39:34.632+0000] {processor.py:830} INFO - Processing file /opt/airflow/dags/etl.py for tasks to queue
[2026-02-01T18:39:34.634+0000] {logging_mixin.py:188} INFO - [2026-02-01T18:39:34.634+0000] {dagbag.py:545} INFO - Filling up the DagBag from /opt/airflow/dags/etl.py
[2026-02-01T18:39:34.908+0000] {processor.py:840} INFO - DAG(s) 'etl_pipeline_final' retrieved from /opt/airflow/dags/etl.py
[2026-02-01T18:39:34.924+0000] {logging_mixin.py:188} INFO - [2026-02-01T18:39:34.924+0000] {dag.py:3096} INFO - Sync 1 DAGs
[2026-02-01T18:39:34.938+0000] {logging_mixin.py:188} INFO - [2026-02-01T18:39:34.938+0000] {dag.py:3954} INFO - Setting next_dagrun for etl_pipeline_final to 2026-01-31 00:00:00+00:00, run_after=2026-02-01 00:00:00+00:00
[2026-02-01T18:39:34.949+0000] {processor.py:183} INFO - Processing /opt/airflow/dags/etl.py took 0.322 seconds
[2026-02-01T18:40:07.760+0000] {processor.py:161} INFO - Started process (PID=21341) to work on /opt/airflow/dags/etl.py
[2026-02-01T18:40:07.761+0000] {processor.py:830} INFO - Processing file /opt/airflow/dags/etl.py for tasks to queue
[2026-02-01T18:40:07.763+0000] {logging_mixin.py:188} INFO - [2026-02-01T18:40:07.763+0000] {dagbag.py:545} INFO - Filling up the DagBag from /opt/airflow/dags/etl.py
[2026-02-01T18:40:08.070+0000] {processor.py:840} INFO - DAG(s) 'etl_pipeline_final' retrieved from /opt/airflow/dags/etl.py
[2026-02-01T18:40:08.085+0000] {logging_mixin.py:188} INFO - [2026-02-01T18:40:08.084+0000] {dag.py:3096} INFO - Sync 1 DAGs
[2026-02-01T18:40:08.097+0000] {logging_mixin.py:188} INFO - [2026-02-01T18:40:08.096+0000] {dag.py:3954} INFO - Setting next_dagrun for etl_pipeline_final to 2026-01-31 00:00:00+00:00, run_after=2026-02-01 00:00:00+00:00
[2026-02-01T18:40:08.108+0000] {processor.py:183} INFO - Processing /opt/airflow/dags/etl.py took 0.353 seconds
[2026-02-01T18:40:40.988+0000] {processor.py:161} INFO - Started process (PID=21388) to work on /opt/airflow/dags/etl.py
[2026-02-01T18:40:40.988+0000] {processor.py:830} INFO - Processing file /opt/airflow/dags/etl.py for tasks to queue
[2026-02-01T18:40:40.990+0000] {logging_mixin.py:188} INFO - [2026-02-01T18:40:40.989+0000] {dagbag.py:545} INFO - Filling up the DagBag from /opt/airflow/dags/etl.py
[2026-02-01T18:40:41.287+0000] {processor.py:840} INFO - DAG(s) 'etl_pipeline_final' retrieved from /opt/airflow/dags/etl.py
[2026-02-01T18:40:41.305+0000] {logging_mixin.py:188} INFO - [2026-02-01T18:40:41.305+0000] {dag.py:3096} INFO - Sync 1 DAGs
[2026-02-01T18:40:41.318+0000] {logging_mixin.py:188} INFO - [2026-02-01T18:40:41.318+0000] {dag.py:3954} INFO - Setting next_dagrun for etl_pipeline_final to 2026-01-31 00:00:00+00:00, run_after=2026-02-01 00:00:00+00:00
[2026-02-01T18:40:41.329+0000] {processor.py:183} INFO - Processing /opt/airflow/dags/etl.py took 0.347 seconds
[2026-02-01T18:41:14.942+0000] {processor.py:161} INFO - Started process (PID=21435) to work on /opt/airflow/dags/etl.py
[2026-02-01T18:41:14.944+0000] {processor.py:830} INFO - Processing file /opt/airflow/dags/etl.py for tasks to queue
[2026-02-01T18:41:14.945+0000] {logging_mixin.py:188} INFO - [2026-02-01T18:41:14.945+0000] {dagbag.py:545} INFO - Filling up the DagBag from /opt/airflow/dags/etl.py
[2026-02-01T18:41:15.242+0000] {processor.py:840} INFO - DAG(s) 'etl_pipeline_final' retrieved from /opt/airflow/dags/etl.py
[2026-02-01T18:41:15.258+0000] {logging_mixin.py:188} INFO - [2026-02-01T18:41:15.258+0000] {dag.py:3096} INFO - Sync 1 DAGs
[2026-02-01T18:41:15.269+0000] {logging_mixin.py:188} INFO - [2026-02-01T18:41:15.269+0000] {dag.py:3954} INFO - Setting next_dagrun for etl_pipeline_final to 2026-01-31 00:00:00+00:00, run_after=2026-02-01 00:00:00+00:00
[2026-02-01T18:41:15.281+0000] {processor.py:183} INFO - Processing /opt/airflow/dags/etl.py took 0.343 seconds
[2026-02-01T18:41:48.133+0000] {processor.py:161} INFO - Started process (PID=21482) to work on /opt/airflow/dags/etl.py
[2026-02-01T18:41:48.134+0000] {processor.py:830} INFO - Processing file /opt/airflow/dags/etl.py for tasks to queue
[2026-02-01T18:41:48.135+0000] {logging_mixin.py:188} INFO - [2026-02-01T18:41:48.135+0000] {dagbag.py:545} INFO - Filling up the DagBag from /opt/airflow/dags/etl.py
[2026-02-01T18:41:48.464+0000] {processor.py:840} INFO - DAG(s) 'etl_pipeline_final' retrieved from /opt/airflow/dags/etl.py
[2026-02-01T18:41:48.480+0000] {logging_mixin.py:188} INFO - [2026-02-01T18:41:48.480+0000] {dag.py:3096} INFO - Sync 1 DAGs
[2026-02-01T18:41:48.494+0000] {logging_mixin.py:188} INFO - [2026-02-01T18:41:48.494+0000] {dag.py:3954} INFO - Setting next_dagrun for etl_pipeline_final to 2026-01-31 00:00:00+00:00, run_after=2026-02-01 00:00:00+00:00
[2026-02-01T18:41:48.507+0000] {processor.py:183} INFO - Processing /opt/airflow/dags/etl.py took 0.378 seconds
[2026-02-01T18:42:21.302+0000] {processor.py:161} INFO - Started process (PID=21529) to work on /opt/airflow/dags/etl.py
[2026-02-01T18:42:21.305+0000] {processor.py:830} INFO - Processing file /opt/airflow/dags/etl.py for tasks to queue
[2026-02-01T18:42:21.307+0000] {logging_mixin.py:188} INFO - [2026-02-01T18:42:21.306+0000] {dagbag.py:545} INFO - Filling up the DagBag from /opt/airflow/dags/etl.py
[2026-02-01T18:42:21.612+0000] {processor.py:840} INFO - DAG(s) 'etl_pipeline_final' retrieved from /opt/airflow/dags/etl.py
[2026-02-01T18:42:21.627+0000] {logging_mixin.py:188} INFO - [2026-02-01T18:42:21.626+0000] {dag.py:3096} INFO - Sync 1 DAGs
[2026-02-01T18:42:21.638+0000] {logging_mixin.py:188} INFO - [2026-02-01T18:42:21.638+0000] {dag.py:3954} INFO - Setting next_dagrun for etl_pipeline_final to 2026-01-31 00:00:00+00:00, run_after=2026-02-01 00:00:00+00:00
[2026-02-01T18:42:21.649+0000] {processor.py:183} INFO - Processing /opt/airflow/dags/etl.py took 0.352 seconds
[2026-02-01T18:42:54.701+0000] {processor.py:161} INFO - Started process (PID=21577) to work on /opt/airflow/dags/etl.py
[2026-02-01T18:42:54.702+0000] {processor.py:830} INFO - Processing file /opt/airflow/dags/etl.py for tasks to queue
[2026-02-01T18:42:54.703+0000] {logging_mixin.py:188} INFO - [2026-02-01T18:42:54.703+0000] {dagbag.py:545} INFO - Filling up the DagBag from /opt/airflow/dags/etl.py
[2026-02-01T18:42:55.005+0000] {processor.py:840} INFO - DAG(s) 'etl_pipeline_final' retrieved from /opt/airflow/dags/etl.py
[2026-02-01T18:42:55.022+0000] {logging_mixin.py:188} INFO - [2026-02-01T18:42:55.022+0000] {dag.py:3096} INFO - Sync 1 DAGs
[2026-02-01T18:42:55.035+0000] {logging_mixin.py:188} INFO - [2026-02-01T18:42:55.035+0000] {dag.py:3954} INFO - Setting next_dagrun for etl_pipeline_final to 2026-01-31 00:00:00+00:00, run_after=2026-02-01 00:00:00+00:00
[2026-02-01T18:42:55.048+0000] {processor.py:183} INFO - Processing /opt/airflow/dags/etl.py took 0.352 seconds
[2026-02-01T18:43:28.578+0000] {processor.py:161} INFO - Started process (PID=21624) to work on /opt/airflow/dags/etl.py
[2026-02-01T18:43:28.580+0000] {processor.py:830} INFO - Processing file /opt/airflow/dags/etl.py for tasks to queue
[2026-02-01T18:43:28.582+0000] {logging_mixin.py:188} INFO - [2026-02-01T18:43:28.582+0000] {dagbag.py:545} INFO - Filling up the DagBag from /opt/airflow/dags/etl.py
[2026-02-01T18:43:28.973+0000] {processor.py:840} INFO - DAG(s) 'etl_pipeline_final' retrieved from /opt/airflow/dags/etl.py
[2026-02-01T18:43:28.998+0000] {logging_mixin.py:188} INFO - [2026-02-01T18:43:28.997+0000] {dag.py:3096} INFO - Sync 1 DAGs
[2026-02-01T18:43:29.018+0000] {logging_mixin.py:188} INFO - [2026-02-01T18:43:29.017+0000] {dag.py:3954} INFO - Setting next_dagrun for etl_pipeline_final to 2026-01-31 00:00:00+00:00, run_after=2026-02-01 00:00:00+00:00
[2026-02-01T18:43:29.036+0000] {processor.py:183} INFO - Processing /opt/airflow/dags/etl.py took 0.465 seconds
[2026-02-01T18:44:02.096+0000] {processor.py:161} INFO - Started process (PID=21671) to work on /opt/airflow/dags/etl.py
[2026-02-01T18:44:02.097+0000] {processor.py:830} INFO - Processing file /opt/airflow/dags/etl.py for tasks to queue
[2026-02-01T18:44:02.099+0000] {logging_mixin.py:188} INFO - [2026-02-01T18:44:02.098+0000] {dagbag.py:545} INFO - Filling up the DagBag from /opt/airflow/dags/etl.py
[2026-02-01T18:44:02.440+0000] {processor.py:840} INFO - DAG(s) 'etl_pipeline_final' retrieved from /opt/airflow/dags/etl.py
[2026-02-01T18:44:02.462+0000] {logging_mixin.py:188} INFO - [2026-02-01T18:44:02.462+0000] {dag.py:3096} INFO - Sync 1 DAGs
[2026-02-01T18:44:02.478+0000] {logging_mixin.py:188} INFO - [2026-02-01T18:44:02.478+0000] {dag.py:3954} INFO - Setting next_dagrun for etl_pipeline_final to 2026-01-31 00:00:00+00:00, run_after=2026-02-01 00:00:00+00:00
[2026-02-01T18:44:02.497+0000] {processor.py:183} INFO - Processing /opt/airflow/dags/etl.py took 0.406 seconds
[2026-02-01T18:44:34.621+0000] {processor.py:161} INFO - Started process (PID=21718) to work on /opt/airflow/dags/etl.py
[2026-02-01T18:44:34.623+0000] {processor.py:830} INFO - Processing file /opt/airflow/dags/etl.py for tasks to queue
[2026-02-01T18:44:34.626+0000] {logging_mixin.py:188} INFO - [2026-02-01T18:44:34.625+0000] {dagbag.py:545} INFO - Filling up the DagBag from /opt/airflow/dags/etl.py
[2026-02-01T18:44:35.002+0000] {processor.py:840} INFO - DAG(s) 'etl_pipeline_final' retrieved from /opt/airflow/dags/etl.py
[2026-02-01T18:44:35.025+0000] {logging_mixin.py:188} INFO - [2026-02-01T18:44:35.024+0000] {dag.py:3096} INFO - Sync 1 DAGs
[2026-02-01T18:44:35.040+0000] {logging_mixin.py:188} INFO - [2026-02-01T18:44:35.040+0000] {dag.py:3954} INFO - Setting next_dagrun for etl_pipeline_final to 2026-01-31 00:00:00+00:00, run_after=2026-02-01 00:00:00+00:00
[2026-02-01T18:44:35.058+0000] {processor.py:183} INFO - Processing /opt/airflow/dags/etl.py took 0.442 seconds
[2026-02-01T18:45:07.984+0000] {processor.py:161} INFO - Started process (PID=21765) to work on /opt/airflow/dags/etl.py
[2026-02-01T18:45:07.985+0000] {processor.py:830} INFO - Processing file /opt/airflow/dags/etl.py for tasks to queue
[2026-02-01T18:45:07.987+0000] {logging_mixin.py:188} INFO - [2026-02-01T18:45:07.986+0000] {dagbag.py:545} INFO - Filling up the DagBag from /opt/airflow/dags/etl.py
[2026-02-01T18:45:08.306+0000] {processor.py:840} INFO - DAG(s) 'etl_pipeline_final' retrieved from /opt/airflow/dags/etl.py
[2026-02-01T18:45:08.324+0000] {logging_mixin.py:188} INFO - [2026-02-01T18:45:08.324+0000] {dag.py:3096} INFO - Sync 1 DAGs
[2026-02-01T18:45:08.335+0000] {logging_mixin.py:188} INFO - [2026-02-01T18:45:08.335+0000] {dag.py:3954} INFO - Setting next_dagrun for etl_pipeline_final to 2026-01-31 00:00:00+00:00, run_after=2026-02-01 00:00:00+00:00
[2026-02-01T18:45:08.347+0000] {processor.py:183} INFO - Processing /opt/airflow/dags/etl.py took 0.368 seconds
[2026-02-01T18:45:41.319+0000] {processor.py:161} INFO - Started process (PID=21812) to work on /opt/airflow/dags/etl.py
[2026-02-01T18:45:41.319+0000] {processor.py:830} INFO - Processing file /opt/airflow/dags/etl.py for tasks to queue
[2026-02-01T18:45:41.321+0000] {logging_mixin.py:188} INFO - [2026-02-01T18:45:41.321+0000] {dagbag.py:545} INFO - Filling up the DagBag from /opt/airflow/dags/etl.py
[2026-02-01T18:45:41.617+0000] {processor.py:840} INFO - DAG(s) 'etl_pipeline_final' retrieved from /opt/airflow/dags/etl.py
[2026-02-01T18:45:41.632+0000] {logging_mixin.py:188} INFO - [2026-02-01T18:45:41.631+0000] {dag.py:3096} INFO - Sync 1 DAGs
[2026-02-01T18:45:41.643+0000] {logging_mixin.py:188} INFO - [2026-02-01T18:45:41.643+0000] {dag.py:3954} INFO - Setting next_dagrun for etl_pipeline_final to 2026-01-31 00:00:00+00:00, run_after=2026-02-01 00:00:00+00:00
[2026-02-01T18:45:41.653+0000] {processor.py:183} INFO - Processing /opt/airflow/dags/etl.py took 0.339 seconds
[2026-02-01T18:46:14.914+0000] {processor.py:161} INFO - Started process (PID=21859) to work on /opt/airflow/dags/etl.py
[2026-02-01T18:46:14.917+0000] {processor.py:830} INFO - Processing file /opt/airflow/dags/etl.py for tasks to queue
[2026-02-01T18:46:14.919+0000] {logging_mixin.py:188} INFO - [2026-02-01T18:46:14.919+0000] {dagbag.py:545} INFO - Filling up the DagBag from /opt/airflow/dags/etl.py
[2026-02-01T18:46:15.274+0000] {processor.py:840} INFO - DAG(s) 'etl_pipeline_final' retrieved from /opt/airflow/dags/etl.py
[2026-02-01T18:46:15.301+0000] {logging_mixin.py:188} INFO - [2026-02-01T18:46:15.300+0000] {dag.py:3096} INFO - Sync 1 DAGs
[2026-02-01T18:46:15.318+0000] {logging_mixin.py:188} INFO - [2026-02-01T18:46:15.317+0000] {dag.py:3954} INFO - Setting next_dagrun for etl_pipeline_final to 2026-01-31 00:00:00+00:00, run_after=2026-02-01 00:00:00+00:00
[2026-02-01T18:46:15.334+0000] {processor.py:183} INFO - Processing /opt/airflow/dags/etl.py took 0.425 seconds
[2026-02-01T18:46:48.321+0000] {processor.py:161} INFO - Started process (PID=21906) to work on /opt/airflow/dags/etl.py
[2026-02-01T18:46:48.321+0000] {processor.py:830} INFO - Processing file /opt/airflow/dags/etl.py for tasks to queue
[2026-02-01T18:46:48.323+0000] {logging_mixin.py:188} INFO - [2026-02-01T18:46:48.323+0000] {dagbag.py:545} INFO - Filling up the DagBag from /opt/airflow/dags/etl.py
[2026-02-01T18:46:48.611+0000] {processor.py:840} INFO - DAG(s) 'etl_pipeline_final' retrieved from /opt/airflow/dags/etl.py
[2026-02-01T18:46:48.629+0000] {logging_mixin.py:188} INFO - [2026-02-01T18:46:48.629+0000] {dag.py:3096} INFO - Sync 1 DAGs
[2026-02-01T18:46:48.642+0000] {logging_mixin.py:188} INFO - [2026-02-01T18:46:48.642+0000] {dag.py:3954} INFO - Setting next_dagrun for etl_pipeline_final to 2026-01-31 00:00:00+00:00, run_after=2026-02-01 00:00:00+00:00
[2026-02-01T18:46:48.653+0000] {processor.py:183} INFO - Processing /opt/airflow/dags/etl.py took 0.337 seconds
[2026-02-01T18:47:21.752+0000] {processor.py:161} INFO - Started process (PID=21953) to work on /opt/airflow/dags/etl.py
[2026-02-01T18:47:21.753+0000] {processor.py:830} INFO - Processing file /opt/airflow/dags/etl.py for tasks to queue
[2026-02-01T18:47:21.755+0000] {logging_mixin.py:188} INFO - [2026-02-01T18:47:21.754+0000] {dagbag.py:545} INFO - Filling up the DagBag from /opt/airflow/dags/etl.py
[2026-02-01T18:47:22.118+0000] {processor.py:840} INFO - DAG(s) 'etl_pipeline_final' retrieved from /opt/airflow/dags/etl.py
[2026-02-01T18:47:22.144+0000] {logging_mixin.py:188} INFO - [2026-02-01T18:47:22.142+0000] {dag.py:3096} INFO - Sync 1 DAGs
[2026-02-01T18:47:22.165+0000] {logging_mixin.py:188} INFO - [2026-02-01T18:47:22.165+0000] {dag.py:3954} INFO - Setting next_dagrun for etl_pipeline_final to 2026-01-31 00:00:00+00:00, run_after=2026-02-01 00:00:00+00:00
[2026-02-01T18:47:22.184+0000] {processor.py:183} INFO - Processing /opt/airflow/dags/etl.py took 0.438 seconds
[2026-02-01T18:47:55.057+0000] {processor.py:161} INFO - Started process (PID=22000) to work on /opt/airflow/dags/etl.py
[2026-02-01T18:47:55.059+0000] {processor.py:830} INFO - Processing file /opt/airflow/dags/etl.py for tasks to queue
[2026-02-01T18:47:55.060+0000] {logging_mixin.py:188} INFO - [2026-02-01T18:47:55.060+0000] {dagbag.py:545} INFO - Filling up the DagBag from /opt/airflow/dags/etl.py
[2026-02-01T18:47:55.347+0000] {processor.py:840} INFO - DAG(s) 'etl_pipeline_final' retrieved from /opt/airflow/dags/etl.py
[2026-02-01T18:47:55.366+0000] {logging_mixin.py:188} INFO - [2026-02-01T18:47:55.365+0000] {dag.py:3096} INFO - Sync 1 DAGs
[2026-02-01T18:47:55.378+0000] {logging_mixin.py:188} INFO - [2026-02-01T18:47:55.377+0000] {dag.py:3954} INFO - Setting next_dagrun for etl_pipeline_final to 2026-01-31 00:00:00+00:00, run_after=2026-02-01 00:00:00+00:00
[2026-02-01T18:47:55.391+0000] {processor.py:183} INFO - Processing /opt/airflow/dags/etl.py took 0.339 seconds
[2026-02-01T18:48:28.312+0000] {processor.py:161} INFO - Started process (PID=22047) to work on /opt/airflow/dags/etl.py
[2026-02-01T18:48:28.315+0000] {processor.py:830} INFO - Processing file /opt/airflow/dags/etl.py for tasks to queue
[2026-02-01T18:48:28.316+0000] {logging_mixin.py:188} INFO - [2026-02-01T18:48:28.316+0000] {dagbag.py:545} INFO - Filling up the DagBag from /opt/airflow/dags/etl.py
[2026-02-01T18:48:28.606+0000] {processor.py:840} INFO - DAG(s) 'etl_pipeline_final' retrieved from /opt/airflow/dags/etl.py
[2026-02-01T18:48:28.623+0000] {logging_mixin.py:188} INFO - [2026-02-01T18:48:28.622+0000] {dag.py:3096} INFO - Sync 1 DAGs
[2026-02-01T18:48:28.634+0000] {logging_mixin.py:188} INFO - [2026-02-01T18:48:28.634+0000] {dag.py:3954} INFO - Setting next_dagrun for etl_pipeline_final to 2026-01-31 00:00:00+00:00, run_after=2026-02-01 00:00:00+00:00
[2026-02-01T18:48:28.645+0000] {processor.py:183} INFO - Processing /opt/airflow/dags/etl.py took 0.337 seconds
[2026-02-01T18:49:01.681+0000] {processor.py:161} INFO - Started process (PID=22094) to work on /opt/airflow/dags/etl.py
[2026-02-01T18:49:01.682+0000] {processor.py:830} INFO - Processing file /opt/airflow/dags/etl.py for tasks to queue
[2026-02-01T18:49:01.683+0000] {logging_mixin.py:188} INFO - [2026-02-01T18:49:01.683+0000] {dagbag.py:545} INFO - Filling up the DagBag from /opt/airflow/dags/etl.py
[2026-02-01T18:49:01.978+0000] {processor.py:840} INFO - DAG(s) 'etl_pipeline_final' retrieved from /opt/airflow/dags/etl.py
[2026-02-01T18:49:01.995+0000] {logging_mixin.py:188} INFO - [2026-02-01T18:49:01.994+0000] {dag.py:3096} INFO - Sync 1 DAGs
[2026-02-01T18:49:02.007+0000] {logging_mixin.py:188} INFO - [2026-02-01T18:49:02.007+0000] {dag.py:3954} INFO - Setting next_dagrun for etl_pipeline_final to 2026-01-31 00:00:00+00:00, run_after=2026-02-01 00:00:00+00:00
[2026-02-01T18:49:02.020+0000] {processor.py:183} INFO - Processing /opt/airflow/dags/etl.py took 0.343 seconds
[2026-02-01T18:49:34.863+0000] {processor.py:161} INFO - Started process (PID=22141) to work on /opt/airflow/dags/etl.py
[2026-02-01T18:49:34.865+0000] {processor.py:830} INFO - Processing file /opt/airflow/dags/etl.py for tasks to queue
[2026-02-01T18:49:34.867+0000] {logging_mixin.py:188} INFO - [2026-02-01T18:49:34.866+0000] {dagbag.py:545} INFO - Filling up the DagBag from /opt/airflow/dags/etl.py
[2026-02-01T18:49:35.134+0000] {processor.py:840} INFO - DAG(s) 'etl_pipeline_final' retrieved from /opt/airflow/dags/etl.py
[2026-02-01T18:49:35.148+0000] {logging_mixin.py:188} INFO - [2026-02-01T18:49:35.148+0000] {dag.py:3096} INFO - Sync 1 DAGs
[2026-02-01T18:49:35.161+0000] {logging_mixin.py:188} INFO - [2026-02-01T18:49:35.160+0000] {dag.py:3954} INFO - Setting next_dagrun for etl_pipeline_final to 2026-01-31 00:00:00+00:00, run_after=2026-02-01 00:00:00+00:00
[2026-02-01T18:49:35.171+0000] {processor.py:183} INFO - Processing /opt/airflow/dags/etl.py took 0.312 seconds
[2026-02-01T18:50:08.021+0000] {processor.py:161} INFO - Started process (PID=22188) to work on /opt/airflow/dags/etl.py
[2026-02-01T18:50:08.021+0000] {processor.py:830} INFO - Processing file /opt/airflow/dags/etl.py for tasks to queue
[2026-02-01T18:50:08.023+0000] {logging_mixin.py:188} INFO - [2026-02-01T18:50:08.022+0000] {dagbag.py:545} INFO - Filling up the DagBag from /opt/airflow/dags/etl.py
[2026-02-01T18:50:08.316+0000] {processor.py:840} INFO - DAG(s) 'etl_pipeline_final' retrieved from /opt/airflow/dags/etl.py
[2026-02-01T18:50:08.339+0000] {logging_mixin.py:188} INFO - [2026-02-01T18:50:08.339+0000] {dag.py:3096} INFO - Sync 1 DAGs
[2026-02-01T18:50:08.354+0000] {logging_mixin.py:188} INFO - [2026-02-01T18:50:08.354+0000] {dag.py:3954} INFO - Setting next_dagrun for etl_pipeline_final to 2026-01-31 00:00:00+00:00, run_after=2026-02-01 00:00:00+00:00
[2026-02-01T18:50:08.369+0000] {processor.py:183} INFO - Processing /opt/airflow/dags/etl.py took 0.353 seconds
[2026-02-01T18:50:41.218+0000] {processor.py:161} INFO - Started process (PID=22235) to work on /opt/airflow/dags/etl.py
[2026-02-01T18:50:41.220+0000] {processor.py:830} INFO - Processing file /opt/airflow/dags/etl.py for tasks to queue
[2026-02-01T18:50:41.221+0000] {logging_mixin.py:188} INFO - [2026-02-01T18:50:41.221+0000] {dagbag.py:545} INFO - Filling up the DagBag from /opt/airflow/dags/etl.py
[2026-02-01T18:50:41.540+0000] {processor.py:840} INFO - DAG(s) 'etl_pipeline_final' retrieved from /opt/airflow/dags/etl.py
[2026-02-01T18:50:41.561+0000] {logging_mixin.py:188} INFO - [2026-02-01T18:50:41.560+0000] {dag.py:3096} INFO - Sync 1 DAGs
[2026-02-01T18:50:41.574+0000] {logging_mixin.py:188} INFO - [2026-02-01T18:50:41.574+0000] {dag.py:3954} INFO - Setting next_dagrun for etl_pipeline_final to 2026-01-31 00:00:00+00:00, run_after=2026-02-01 00:00:00+00:00
[2026-02-01T18:50:41.585+0000] {processor.py:183} INFO - Processing /opt/airflow/dags/etl.py took 0.371 seconds
[2026-02-01T18:51:14.745+0000] {processor.py:161} INFO - Started process (PID=22282) to work on /opt/airflow/dags/etl.py
[2026-02-01T18:51:14.746+0000] {processor.py:830} INFO - Processing file /opt/airflow/dags/etl.py for tasks to queue
[2026-02-01T18:51:14.747+0000] {logging_mixin.py:188} INFO - [2026-02-01T18:51:14.747+0000] {dagbag.py:545} INFO - Filling up the DagBag from /opt/airflow/dags/etl.py
[2026-02-01T18:51:15.016+0000] {processor.py:840} INFO - DAG(s) 'etl_pipeline_final' retrieved from /opt/airflow/dags/etl.py
[2026-02-01T18:51:15.033+0000] {logging_mixin.py:188} INFO - [2026-02-01T18:51:15.033+0000] {dag.py:3096} INFO - Sync 1 DAGs
[2026-02-01T18:51:15.046+0000] {logging_mixin.py:188} INFO - [2026-02-01T18:51:15.046+0000] {dag.py:3954} INFO - Setting next_dagrun for etl_pipeline_final to 2026-01-31 00:00:00+00:00, run_after=2026-02-01 00:00:00+00:00
[2026-02-01T18:51:15.056+0000] {processor.py:183} INFO - Processing /opt/airflow/dags/etl.py took 0.315 seconds
[2026-02-01T18:51:47.952+0000] {processor.py:161} INFO - Started process (PID=22329) to work on /opt/airflow/dags/etl.py
[2026-02-01T18:51:47.954+0000] {processor.py:830} INFO - Processing file /opt/airflow/dags/etl.py for tasks to queue
[2026-02-01T18:51:47.955+0000] {logging_mixin.py:188} INFO - [2026-02-01T18:51:47.955+0000] {dagbag.py:545} INFO - Filling up the DagBag from /opt/airflow/dags/etl.py
[2026-02-01T18:51:48.279+0000] {processor.py:840} INFO - DAG(s) 'etl_pipeline_final' retrieved from /opt/airflow/dags/etl.py
[2026-02-01T18:51:48.303+0000] {logging_mixin.py:188} INFO - [2026-02-01T18:51:48.303+0000] {dag.py:3096} INFO - Sync 1 DAGs
[2026-02-01T18:51:48.321+0000] {logging_mixin.py:188} INFO - [2026-02-01T18:51:48.321+0000] {dag.py:3954} INFO - Setting next_dagrun for etl_pipeline_final to 2026-01-31 00:00:00+00:00, run_after=2026-02-01 00:00:00+00:00
[2026-02-01T18:51:48.336+0000] {processor.py:183} INFO - Processing /opt/airflow/dags/etl.py took 0.389 seconds
[2026-02-01T18:52:21.260+0000] {processor.py:161} INFO - Started process (PID=22376) to work on /opt/airflow/dags/etl.py
[2026-02-01T18:52:21.261+0000] {processor.py:830} INFO - Processing file /opt/airflow/dags/etl.py for tasks to queue
[2026-02-01T18:52:21.262+0000] {logging_mixin.py:188} INFO - [2026-02-01T18:52:21.262+0000] {dagbag.py:545} INFO - Filling up the DagBag from /opt/airflow/dags/etl.py
[2026-02-01T18:52:21.562+0000] {processor.py:840} INFO - DAG(s) 'etl_pipeline_final' retrieved from /opt/airflow/dags/etl.py
[2026-02-01T18:52:21.577+0000] {logging_mixin.py:188} INFO - [2026-02-01T18:52:21.577+0000] {dag.py:3096} INFO - Sync 1 DAGs
[2026-02-01T18:52:21.589+0000] {logging_mixin.py:188} INFO - [2026-02-01T18:52:21.588+0000] {dag.py:3954} INFO - Setting next_dagrun for etl_pipeline_final to 2026-01-31 00:00:00+00:00, run_after=2026-02-01 00:00:00+00:00
[2026-02-01T18:52:21.600+0000] {processor.py:183} INFO - Processing /opt/airflow/dags/etl.py took 0.345 seconds
[2026-02-01T18:52:54.749+0000] {processor.py:161} INFO - Started process (PID=22423) to work on /opt/airflow/dags/etl.py
[2026-02-01T18:52:54.751+0000] {processor.py:830} INFO - Processing file /opt/airflow/dags/etl.py for tasks to queue
[2026-02-01T18:52:54.752+0000] {logging_mixin.py:188} INFO - [2026-02-01T18:52:54.752+0000] {dagbag.py:545} INFO - Filling up the DagBag from /opt/airflow/dags/etl.py
[2026-02-01T18:52:55.030+0000] {processor.py:840} INFO - DAG(s) 'etl_pipeline_final' retrieved from /opt/airflow/dags/etl.py
[2026-02-01T18:52:55.048+0000] {logging_mixin.py:188} INFO - [2026-02-01T18:52:55.047+0000] {dag.py:3096} INFO - Sync 1 DAGs
[2026-02-01T18:52:55.060+0000] {logging_mixin.py:188} INFO - [2026-02-01T18:52:55.060+0000] {dag.py:3954} INFO - Setting next_dagrun for etl_pipeline_final to 2026-01-31 00:00:00+00:00, run_after=2026-02-01 00:00:00+00:00
[2026-02-01T18:52:55.073+0000] {processor.py:183} INFO - Processing /opt/airflow/dags/etl.py took 0.329 seconds
[2026-02-01T18:53:27.905+0000] {processor.py:161} INFO - Started process (PID=22470) to work on /opt/airflow/dags/etl.py
[2026-02-01T18:53:27.905+0000] {processor.py:830} INFO - Processing file /opt/airflow/dags/etl.py for tasks to queue
[2026-02-01T18:53:27.906+0000] {logging_mixin.py:188} INFO - [2026-02-01T18:53:27.906+0000] {dagbag.py:545} INFO - Filling up the DagBag from /opt/airflow/dags/etl.py
[2026-02-01T18:53:28.175+0000] {processor.py:840} INFO - DAG(s) 'etl_pipeline_final' retrieved from /opt/airflow/dags/etl.py
[2026-02-01T18:53:28.193+0000] {logging_mixin.py:188} INFO - [2026-02-01T18:53:28.192+0000] {dag.py:3096} INFO - Sync 1 DAGs
[2026-02-01T18:53:28.204+0000] {logging_mixin.py:188} INFO - [2026-02-01T18:53:28.204+0000] {dag.py:3954} INFO - Setting next_dagrun for etl_pipeline_final to 2026-01-31 00:00:00+00:00, run_after=2026-02-01 00:00:00+00:00
[2026-02-01T18:53:28.218+0000] {processor.py:183} INFO - Processing /opt/airflow/dags/etl.py took 0.317 seconds
[2026-02-01T18:54:01.409+0000] {processor.py:161} INFO - Started process (PID=22517) to work on /opt/airflow/dags/etl.py
[2026-02-01T18:54:01.411+0000] {processor.py:830} INFO - Processing file /opt/airflow/dags/etl.py for tasks to queue
[2026-02-01T18:54:01.413+0000] {logging_mixin.py:188} INFO - [2026-02-01T18:54:01.413+0000] {dagbag.py:545} INFO - Filling up the DagBag from /opt/airflow/dags/etl.py
[2026-02-01T18:54:01.712+0000] {processor.py:840} INFO - DAG(s) 'etl_pipeline_final' retrieved from /opt/airflow/dags/etl.py
[2026-02-01T18:54:01.734+0000] {logging_mixin.py:188} INFO - [2026-02-01T18:54:01.734+0000] {dag.py:3096} INFO - Sync 1 DAGs
[2026-02-01T18:54:01.748+0000] {logging_mixin.py:188} INFO - [2026-02-01T18:54:01.748+0000] {dag.py:3954} INFO - Setting next_dagrun for etl_pipeline_final to 2026-01-31 00:00:00+00:00, run_after=2026-02-01 00:00:00+00:00
[2026-02-01T18:54:01.764+0000] {processor.py:183} INFO - Processing /opt/airflow/dags/etl.py took 0.360 seconds
[2026-02-01T18:54:34.706+0000] {processor.py:161} INFO - Started process (PID=22564) to work on /opt/airflow/dags/etl.py
[2026-02-01T18:54:34.707+0000] {processor.py:830} INFO - Processing file /opt/airflow/dags/etl.py for tasks to queue
[2026-02-01T18:54:34.708+0000] {logging_mixin.py:188} INFO - [2026-02-01T18:54:34.708+0000] {dagbag.py:545} INFO - Filling up the DagBag from /opt/airflow/dags/etl.py
[2026-02-01T18:54:34.980+0000] {processor.py:840} INFO - DAG(s) 'etl_pipeline_final' retrieved from /opt/airflow/dags/etl.py
[2026-02-01T18:54:34.995+0000] {logging_mixin.py:188} INFO - [2026-02-01T18:54:34.995+0000] {dag.py:3096} INFO - Sync 1 DAGs
[2026-02-01T18:54:35.007+0000] {logging_mixin.py:188} INFO - [2026-02-01T18:54:35.007+0000] {dag.py:3954} INFO - Setting next_dagrun for etl_pipeline_final to 2026-01-31 00:00:00+00:00, run_after=2026-02-01 00:00:00+00:00
[2026-02-01T18:54:35.020+0000] {processor.py:183} INFO - Processing /opt/airflow/dags/etl.py took 0.318 seconds
[2026-02-01T18:55:08.381+0000] {processor.py:161} INFO - Started process (PID=22612) to work on /opt/airflow/dags/etl.py
[2026-02-01T18:55:08.383+0000] {processor.py:830} INFO - Processing file /opt/airflow/dags/etl.py for tasks to queue
[2026-02-01T18:55:08.384+0000] {logging_mixin.py:188} INFO - [2026-02-01T18:55:08.384+0000] {dagbag.py:545} INFO - Filling up the DagBag from /opt/airflow/dags/etl.py
[2026-02-01T18:55:08.722+0000] {processor.py:840} INFO - DAG(s) 'etl_pipeline_final' retrieved from /opt/airflow/dags/etl.py
[2026-02-01T18:55:08.741+0000] {logging_mixin.py:188} INFO - [2026-02-01T18:55:08.741+0000] {dag.py:3096} INFO - Sync 1 DAGs
[2026-02-01T18:55:08.756+0000] {logging_mixin.py:188} INFO - [2026-02-01T18:55:08.756+0000] {dag.py:3954} INFO - Setting next_dagrun for etl_pipeline_final to 2026-01-31 00:00:00+00:00, run_after=2026-02-01 00:00:00+00:00
[2026-02-01T18:55:08.772+0000] {processor.py:183} INFO - Processing /opt/airflow/dags/etl.py took 0.396 seconds
[2026-02-01T18:55:41.676+0000] {processor.py:161} INFO - Started process (PID=22659) to work on /opt/airflow/dags/etl.py
[2026-02-01T18:55:41.676+0000] {processor.py:830} INFO - Processing file /opt/airflow/dags/etl.py for tasks to queue
[2026-02-01T18:55:41.678+0000] {logging_mixin.py:188} INFO - [2026-02-01T18:55:41.678+0000] {dagbag.py:545} INFO - Filling up the DagBag from /opt/airflow/dags/etl.py
[2026-02-01T18:55:41.969+0000] {processor.py:840} INFO - DAG(s) 'etl_pipeline_final' retrieved from /opt/airflow/dags/etl.py
[2026-02-01T18:55:41.985+0000] {logging_mixin.py:188} INFO - [2026-02-01T18:55:41.984+0000] {dag.py:3096} INFO - Sync 1 DAGs
[2026-02-01T18:55:41.996+0000] {logging_mixin.py:188} INFO - [2026-02-01T18:55:41.996+0000] {dag.py:3954} INFO - Setting next_dagrun for etl_pipeline_final to 2026-01-31 00:00:00+00:00, run_after=2026-02-01 00:00:00+00:00
[2026-02-01T18:55:42.009+0000] {processor.py:183} INFO - Processing /opt/airflow/dags/etl.py took 0.338 seconds
[2026-02-01T18:56:14.942+0000] {processor.py:161} INFO - Started process (PID=22706) to work on /opt/airflow/dags/etl.py
[2026-02-01T18:56:14.945+0000] {processor.py:830} INFO - Processing file /opt/airflow/dags/etl.py for tasks to queue
[2026-02-01T18:56:14.946+0000] {logging_mixin.py:188} INFO - [2026-02-01T18:56:14.946+0000] {dagbag.py:545} INFO - Filling up the DagBag from /opt/airflow/dags/etl.py
[2026-02-01T18:56:15.238+0000] {processor.py:840} INFO - DAG(s) 'etl_pipeline_final' retrieved from /opt/airflow/dags/etl.py
[2026-02-01T18:56:15.255+0000] {logging_mixin.py:188} INFO - [2026-02-01T18:56:15.254+0000] {dag.py:3096} INFO - Sync 1 DAGs
[2026-02-01T18:56:15.266+0000] {logging_mixin.py:188} INFO - [2026-02-01T18:56:15.266+0000] {dag.py:3954} INFO - Setting next_dagrun for etl_pipeline_final to 2026-01-31 00:00:00+00:00, run_after=2026-02-01 00:00:00+00:00
[2026-02-01T18:56:15.277+0000] {processor.py:183} INFO - Processing /opt/airflow/dags/etl.py took 0.339 seconds
[2026-02-01T18:56:48.330+0000] {processor.py:161} INFO - Started process (PID=22753) to work on /opt/airflow/dags/etl.py
[2026-02-01T18:56:48.331+0000] {processor.py:830} INFO - Processing file /opt/airflow/dags/etl.py for tasks to queue
[2026-02-01T18:56:48.332+0000] {logging_mixin.py:188} INFO - [2026-02-01T18:56:48.332+0000] {dagbag.py:545} INFO - Filling up the DagBag from /opt/airflow/dags/etl.py
[2026-02-01T18:56:48.658+0000] {processor.py:840} INFO - DAG(s) 'etl_pipeline_final' retrieved from /opt/airflow/dags/etl.py
[2026-02-01T18:56:48.680+0000] {logging_mixin.py:188} INFO - [2026-02-01T18:56:48.680+0000] {dag.py:3096} INFO - Sync 1 DAGs
[2026-02-01T18:56:48.693+0000] {logging_mixin.py:188} INFO - [2026-02-01T18:56:48.693+0000] {dag.py:3954} INFO - Setting next_dagrun for etl_pipeline_final to 2026-01-31 00:00:00+00:00, run_after=2026-02-01 00:00:00+00:00
[2026-02-01T18:56:48.706+0000] {processor.py:183} INFO - Processing /opt/airflow/dags/etl.py took 0.382 seconds
[2026-02-01T18:57:21.638+0000] {processor.py:161} INFO - Started process (PID=22800) to work on /opt/airflow/dags/etl.py
[2026-02-01T18:57:21.640+0000] {processor.py:830} INFO - Processing file /opt/airflow/dags/etl.py for tasks to queue
[2026-02-01T18:57:21.643+0000] {logging_mixin.py:188} INFO - [2026-02-01T18:57:21.643+0000] {dagbag.py:545} INFO - Filling up the DagBag from /opt/airflow/dags/etl.py
[2026-02-01T18:57:21.990+0000] {processor.py:840} INFO - DAG(s) 'etl_pipeline_final' retrieved from /opt/airflow/dags/etl.py
[2026-02-01T18:57:22.009+0000] {logging_mixin.py:188} INFO - [2026-02-01T18:57:22.008+0000] {dag.py:3096} INFO - Sync 1 DAGs
[2026-02-01T18:57:22.027+0000] {logging_mixin.py:188} INFO - [2026-02-01T18:57:22.027+0000] {dag.py:3954} INFO - Setting next_dagrun for etl_pipeline_final to 2026-01-31 00:00:00+00:00, run_after=2026-02-01 00:00:00+00:00
[2026-02-01T18:57:22.045+0000] {processor.py:183} INFO - Processing /opt/airflow/dags/etl.py took 0.414 seconds
[2026-02-01T18:57:55.139+0000] {processor.py:161} INFO - Started process (PID=22847) to work on /opt/airflow/dags/etl.py
[2026-02-01T18:57:55.140+0000] {processor.py:830} INFO - Processing file /opt/airflow/dags/etl.py for tasks to queue
[2026-02-01T18:57:55.141+0000] {logging_mixin.py:188} INFO - [2026-02-01T18:57:55.141+0000] {dagbag.py:545} INFO - Filling up the DagBag from /opt/airflow/dags/etl.py
[2026-02-01T18:57:55.454+0000] {processor.py:840} INFO - DAG(s) 'etl_pipeline_final' retrieved from /opt/airflow/dags/etl.py
[2026-02-01T18:57:55.469+0000] {logging_mixin.py:188} INFO - [2026-02-01T18:57:55.469+0000] {dag.py:3096} INFO - Sync 1 DAGs
[2026-02-01T18:57:55.481+0000] {logging_mixin.py:188} INFO - [2026-02-01T18:57:55.480+0000] {dag.py:3954} INFO - Setting next_dagrun for etl_pipeline_final to 2026-01-31 00:00:00+00:00, run_after=2026-02-01 00:00:00+00:00
[2026-02-01T18:57:55.491+0000] {processor.py:183} INFO - Processing /opt/airflow/dags/etl.py took 0.357 seconds
[2026-02-01T18:58:28.508+0000] {processor.py:161} INFO - Started process (PID=22894) to work on /opt/airflow/dags/etl.py
[2026-02-01T18:58:28.510+0000] {processor.py:830} INFO - Processing file /opt/airflow/dags/etl.py for tasks to queue
[2026-02-01T18:58:28.512+0000] {logging_mixin.py:188} INFO - [2026-02-01T18:58:28.512+0000] {dagbag.py:545} INFO - Filling up the DagBag from /opt/airflow/dags/etl.py
[2026-02-01T18:58:28.842+0000] {processor.py:840} INFO - DAG(s) 'etl_pipeline_final' retrieved from /opt/airflow/dags/etl.py
[2026-02-01T18:58:28.859+0000] {logging_mixin.py:188} INFO - [2026-02-01T18:58:28.858+0000] {dag.py:3096} INFO - Sync 1 DAGs
[2026-02-01T18:58:28.876+0000] {logging_mixin.py:188} INFO - [2026-02-01T18:58:28.876+0000] {dag.py:3954} INFO - Setting next_dagrun for etl_pipeline_final to 2026-01-31 00:00:00+00:00, run_after=2026-02-01 00:00:00+00:00
[2026-02-01T18:58:28.901+0000] {processor.py:183} INFO - Processing /opt/airflow/dags/etl.py took 0.400 seconds
[2026-02-01T18:59:01.617+0000] {processor.py:161} INFO - Started process (PID=22941) to work on /opt/airflow/dags/etl.py
[2026-02-01T18:59:01.617+0000] {processor.py:830} INFO - Processing file /opt/airflow/dags/etl.py for tasks to queue
[2026-02-01T18:59:01.619+0000] {logging_mixin.py:188} INFO - [2026-02-01T18:59:01.618+0000] {dagbag.py:545} INFO - Filling up the DagBag from /opt/airflow/dags/etl.py
[2026-02-01T18:59:01.976+0000] {processor.py:840} INFO - DAG(s) 'etl_pipeline_final' retrieved from /opt/airflow/dags/etl.py
[2026-02-01T18:59:01.999+0000] {logging_mixin.py:188} INFO - [2026-02-01T18:59:01.998+0000] {dag.py:3096} INFO - Sync 1 DAGs
[2026-02-01T18:59:02.014+0000] {logging_mixin.py:188} INFO - [2026-02-01T18:59:02.014+0000] {dag.py:3954} INFO - Setting next_dagrun for etl_pipeline_final to 2026-01-31 00:00:00+00:00, run_after=2026-02-01 00:00:00+00:00
[2026-02-01T18:59:02.031+0000] {processor.py:183} INFO - Processing /opt/airflow/dags/etl.py took 0.419 seconds
[2026-02-01T18:59:34.887+0000] {processor.py:161} INFO - Started process (PID=22989) to work on /opt/airflow/dags/etl.py
[2026-02-01T18:59:34.889+0000] {processor.py:830} INFO - Processing file /opt/airflow/dags/etl.py for tasks to queue
[2026-02-01T18:59:34.890+0000] {logging_mixin.py:188} INFO - [2026-02-01T18:59:34.890+0000] {dagbag.py:545} INFO - Filling up the DagBag from /opt/airflow/dags/etl.py
[2026-02-01T18:59:35.190+0000] {processor.py:840} INFO - DAG(s) 'etl_pipeline_final' retrieved from /opt/airflow/dags/etl.py
[2026-02-01T18:59:35.205+0000] {logging_mixin.py:188} INFO - [2026-02-01T18:59:35.205+0000] {dag.py:3096} INFO - Sync 1 DAGs
[2026-02-01T18:59:35.218+0000] {logging_mixin.py:188} INFO - [2026-02-01T18:59:35.218+0000] {dag.py:3954} INFO - Setting next_dagrun for etl_pipeline_final to 2026-01-31 00:00:00+00:00, run_after=2026-02-01 00:00:00+00:00
[2026-02-01T18:59:35.229+0000] {processor.py:183} INFO - Processing /opt/airflow/dags/etl.py took 0.347 seconds
[2026-02-01T19:00:08.255+0000] {processor.py:161} INFO - Started process (PID=23036) to work on /opt/airflow/dags/etl.py
[2026-02-01T19:00:08.255+0000] {processor.py:830} INFO - Processing file /opt/airflow/dags/etl.py for tasks to queue
[2026-02-01T19:00:08.256+0000] {logging_mixin.py:188} INFO - [2026-02-01T19:00:08.256+0000] {dagbag.py:545} INFO - Filling up the DagBag from /opt/airflow/dags/etl.py
[2026-02-01T19:00:08.582+0000] {processor.py:840} INFO - DAG(s) 'etl_pipeline_final' retrieved from /opt/airflow/dags/etl.py
[2026-02-01T19:00:08.609+0000] {logging_mixin.py:188} INFO - [2026-02-01T19:00:08.608+0000] {dag.py:3096} INFO - Sync 1 DAGs
[2026-02-01T19:00:08.626+0000] {logging_mixin.py:188} INFO - [2026-02-01T19:00:08.626+0000] {dag.py:3954} INFO - Setting next_dagrun for etl_pipeline_final to 2026-01-31 00:00:00+00:00, run_after=2026-02-01 00:00:00+00:00
[2026-02-01T19:00:08.640+0000] {processor.py:183} INFO - Processing /opt/airflow/dags/etl.py took 0.390 seconds
[2026-02-01T19:00:41.771+0000] {processor.py:161} INFO - Started process (PID=23083) to work on /opt/airflow/dags/etl.py
[2026-02-01T19:00:41.773+0000] {processor.py:830} INFO - Processing file /opt/airflow/dags/etl.py for tasks to queue
[2026-02-01T19:00:41.775+0000] {logging_mixin.py:188} INFO - [2026-02-01T19:00:41.774+0000] {dagbag.py:545} INFO - Filling up the DagBag from /opt/airflow/dags/etl.py
[2026-02-01T19:00:42.107+0000] {processor.py:840} INFO - DAG(s) 'etl_pipeline_final' retrieved from /opt/airflow/dags/etl.py
[2026-02-01T19:00:42.126+0000] {logging_mixin.py:188} INFO - [2026-02-01T19:00:42.125+0000] {dag.py:3096} INFO - Sync 1 DAGs
[2026-02-01T19:00:42.141+0000] {logging_mixin.py:188} INFO - [2026-02-01T19:00:42.141+0000] {dag.py:3954} INFO - Setting next_dagrun for etl_pipeline_final to 2026-01-31 00:00:00+00:00, run_after=2026-02-01 00:00:00+00:00
[2026-02-01T19:00:42.154+0000] {processor.py:183} INFO - Processing /opt/airflow/dags/etl.py took 0.388 seconds
[2026-02-01T19:01:15.946+0000] {processor.py:161} INFO - Started process (PID=23130) to work on /opt/airflow/dags/etl.py
[2026-02-01T19:01:15.947+0000] {processor.py:830} INFO - Processing file /opt/airflow/dags/etl.py for tasks to queue
[2026-02-01T19:01:15.949+0000] {logging_mixin.py:188} INFO - [2026-02-01T19:01:15.948+0000] {dagbag.py:545} INFO - Filling up the DagBag from /opt/airflow/dags/etl.py
[2026-02-01T19:01:16.335+0000] {processor.py:840} INFO - DAG(s) 'etl_pipeline_final' retrieved from /opt/airflow/dags/etl.py
[2026-02-01T19:01:16.355+0000] {logging_mixin.py:188} INFO - [2026-02-01T19:01:16.355+0000] {dag.py:3096} INFO - Sync 1 DAGs
[2026-02-01T19:01:16.370+0000] {logging_mixin.py:188} INFO - [2026-02-01T19:01:16.370+0000] {dag.py:3954} INFO - Setting next_dagrun for etl_pipeline_final to 2026-01-31 00:00:00+00:00, run_after=2026-02-01 00:00:00+00:00
[2026-02-01T19:01:16.386+0000] {processor.py:183} INFO - Processing /opt/airflow/dags/etl.py took 0.445 seconds
[2026-02-01T19:01:48.217+0000] {processor.py:161} INFO - Started process (PID=23177) to work on /opt/airflow/dags/etl.py
[2026-02-01T19:01:48.219+0000] {processor.py:830} INFO - Processing file /opt/airflow/dags/etl.py for tasks to queue
[2026-02-01T19:01:48.220+0000] {logging_mixin.py:188} INFO - [2026-02-01T19:01:48.220+0000] {dagbag.py:545} INFO - Filling up the DagBag from /opt/airflow/dags/etl.py
[2026-02-01T19:01:48.521+0000] {processor.py:840} INFO - DAG(s) 'etl_pipeline_final' retrieved from /opt/airflow/dags/etl.py
[2026-02-01T19:01:48.539+0000] {logging_mixin.py:188} INFO - [2026-02-01T19:01:48.539+0000] {dag.py:3096} INFO - Sync 1 DAGs
[2026-02-01T19:01:48.553+0000] {logging_mixin.py:188} INFO - [2026-02-01T19:01:48.552+0000] {dag.py:3954} INFO - Setting next_dagrun for etl_pipeline_final to 2026-01-31 00:00:00+00:00, run_after=2026-02-01 00:00:00+00:00
[2026-02-01T19:01:48.568+0000] {processor.py:183} INFO - Processing /opt/airflow/dags/etl.py took 0.355 seconds
[2026-02-01T19:02:21.518+0000] {processor.py:161} INFO - Started process (PID=23224) to work on /opt/airflow/dags/etl.py
[2026-02-01T19:02:21.518+0000] {processor.py:830} INFO - Processing file /opt/airflow/dags/etl.py for tasks to queue
[2026-02-01T19:02:21.520+0000] {logging_mixin.py:188} INFO - [2026-02-01T19:02:21.520+0000] {dagbag.py:545} INFO - Filling up the DagBag from /opt/airflow/dags/etl.py
[2026-02-01T19:02:21.830+0000] {processor.py:840} INFO - DAG(s) 'etl_pipeline_final' retrieved from /opt/airflow/dags/etl.py
[2026-02-01T19:02:21.848+0000] {logging_mixin.py:188} INFO - [2026-02-01T19:02:21.848+0000] {dag.py:3096} INFO - Sync 1 DAGs
[2026-02-01T19:02:21.863+0000] {logging_mixin.py:188} INFO - [2026-02-01T19:02:21.863+0000] {dag.py:3954} INFO - Setting next_dagrun for etl_pipeline_final to 2026-01-31 00:00:00+00:00, run_after=2026-02-01 00:00:00+00:00
[2026-02-01T19:02:21.873+0000] {processor.py:183} INFO - Processing /opt/airflow/dags/etl.py took 0.360 seconds
[2026-02-01T19:02:54.805+0000] {processor.py:161} INFO - Started process (PID=23271) to work on /opt/airflow/dags/etl.py
[2026-02-01T19:02:54.806+0000] {processor.py:830} INFO - Processing file /opt/airflow/dags/etl.py for tasks to queue
[2026-02-01T19:02:54.808+0000] {logging_mixin.py:188} INFO - [2026-02-01T19:02:54.808+0000] {dagbag.py:545} INFO - Filling up the DagBag from /opt/airflow/dags/etl.py
[2026-02-01T19:02:55.101+0000] {processor.py:840} INFO - DAG(s) 'etl_pipeline_final' retrieved from /opt/airflow/dags/etl.py
[2026-02-01T19:02:55.120+0000] {logging_mixin.py:188} INFO - [2026-02-01T19:02:55.119+0000] {dag.py:3096} INFO - Sync 1 DAGs
[2026-02-01T19:02:55.134+0000] {logging_mixin.py:188} INFO - [2026-02-01T19:02:55.133+0000] {dag.py:3954} INFO - Setting next_dagrun for etl_pipeline_final to 2026-01-31 00:00:00+00:00, run_after=2026-02-01 00:00:00+00:00
[2026-02-01T19:02:55.145+0000] {processor.py:183} INFO - Processing /opt/airflow/dags/etl.py took 0.346 seconds
[2026-02-01T19:03:28.400+0000] {processor.py:161} INFO - Started process (PID=23318) to work on /opt/airflow/dags/etl.py
[2026-02-01T19:03:28.401+0000] {processor.py:830} INFO - Processing file /opt/airflow/dags/etl.py for tasks to queue
[2026-02-01T19:03:28.402+0000] {logging_mixin.py:188} INFO - [2026-02-01T19:03:28.402+0000] {dagbag.py:545} INFO - Filling up the DagBag from /opt/airflow/dags/etl.py
[2026-02-01T19:03:28.694+0000] {processor.py:840} INFO - DAG(s) 'etl_pipeline_final' retrieved from /opt/airflow/dags/etl.py
[2026-02-01T19:03:28.713+0000] {logging_mixin.py:188} INFO - [2026-02-01T19:03:28.712+0000] {dag.py:3096} INFO - Sync 1 DAGs
[2026-02-01T19:03:28.726+0000] {logging_mixin.py:188} INFO - [2026-02-01T19:03:28.726+0000] {dag.py:3954} INFO - Setting next_dagrun for etl_pipeline_final to 2026-01-31 00:00:00+00:00, run_after=2026-02-01 00:00:00+00:00
[2026-02-01T19:03:28.738+0000] {processor.py:183} INFO - Processing /opt/airflow/dags/etl.py took 0.343 seconds
[2026-02-01T19:04:01.691+0000] {processor.py:161} INFO - Started process (PID=23365) to work on /opt/airflow/dags/etl.py
[2026-02-01T19:04:01.693+0000] {processor.py:830} INFO - Processing file /opt/airflow/dags/etl.py for tasks to queue
[2026-02-01T19:04:01.694+0000] {logging_mixin.py:188} INFO - [2026-02-01T19:04:01.694+0000] {dagbag.py:545} INFO - Filling up the DagBag from /opt/airflow/dags/etl.py
[2026-02-01T19:04:01.967+0000] {processor.py:840} INFO - DAG(s) 'etl_pipeline_final' retrieved from /opt/airflow/dags/etl.py
[2026-02-01T19:04:01.981+0000] {logging_mixin.py:188} INFO - [2026-02-01T19:04:01.981+0000] {dag.py:3096} INFO - Sync 1 DAGs
[2026-02-01T19:04:01.993+0000] {logging_mixin.py:188} INFO - [2026-02-01T19:04:01.993+0000] {dag.py:3954} INFO - Setting next_dagrun for etl_pipeline_final to 2026-01-31 00:00:00+00:00, run_after=2026-02-01 00:00:00+00:00
[2026-02-01T19:04:02.004+0000] {processor.py:183} INFO - Processing /opt/airflow/dags/etl.py took 0.318 seconds
[2026-02-01T19:04:34.973+0000] {processor.py:161} INFO - Started process (PID=23412) to work on /opt/airflow/dags/etl.py
[2026-02-01T19:04:34.973+0000] {processor.py:830} INFO - Processing file /opt/airflow/dags/etl.py for tasks to queue
[2026-02-01T19:04:34.975+0000] {logging_mixin.py:188} INFO - [2026-02-01T19:04:34.975+0000] {dagbag.py:545} INFO - Filling up the DagBag from /opt/airflow/dags/etl.py
[2026-02-01T19:04:35.269+0000] {processor.py:840} INFO - DAG(s) 'etl_pipeline_final' retrieved from /opt/airflow/dags/etl.py
[2026-02-01T19:04:35.285+0000] {logging_mixin.py:188} INFO - [2026-02-01T19:04:35.285+0000] {dag.py:3096} INFO - Sync 1 DAGs
[2026-02-01T19:04:35.298+0000] {logging_mixin.py:188} INFO - [2026-02-01T19:04:35.298+0000] {dag.py:3954} INFO - Setting next_dagrun for etl_pipeline_final to 2026-01-31 00:00:00+00:00, run_after=2026-02-01 00:00:00+00:00
[2026-02-01T19:04:35.310+0000] {processor.py:183} INFO - Processing /opt/airflow/dags/etl.py took 0.344 seconds
[2026-02-01T19:05:08.227+0000] {processor.py:161} INFO - Started process (PID=23459) to work on /opt/airflow/dags/etl.py
[2026-02-01T19:05:08.229+0000] {processor.py:830} INFO - Processing file /opt/airflow/dags/etl.py for tasks to queue
[2026-02-01T19:05:08.230+0000] {logging_mixin.py:188} INFO - [2026-02-01T19:05:08.230+0000] {dagbag.py:545} INFO - Filling up the DagBag from /opt/airflow/dags/etl.py
[2026-02-01T19:05:08.511+0000] {processor.py:840} INFO - DAG(s) 'etl_pipeline_final' retrieved from /opt/airflow/dags/etl.py
[2026-02-01T19:05:08.527+0000] {logging_mixin.py:188} INFO - [2026-02-01T19:05:08.526+0000] {dag.py:3096} INFO - Sync 1 DAGs
[2026-02-01T19:05:08.537+0000] {logging_mixin.py:188} INFO - [2026-02-01T19:05:08.537+0000] {dag.py:3954} INFO - Setting next_dagrun for etl_pipeline_final to 2026-01-31 00:00:00+00:00, run_after=2026-02-01 00:00:00+00:00
[2026-02-01T19:05:08.549+0000] {processor.py:183} INFO - Processing /opt/airflow/dags/etl.py took 0.326 seconds
[2026-02-01T19:05:42.505+0000] {processor.py:161} INFO - Started process (PID=23506) to work on /opt/airflow/dags/etl.py
[2026-02-01T19:05:42.506+0000] {processor.py:830} INFO - Processing file /opt/airflow/dags/etl.py for tasks to queue
[2026-02-01T19:05:42.507+0000] {logging_mixin.py:188} INFO - [2026-02-01T19:05:42.507+0000] {dagbag.py:545} INFO - Filling up the DagBag from /opt/airflow/dags/etl.py
[2026-02-01T19:05:42.791+0000] {processor.py:840} INFO - DAG(s) 'etl_pipeline_final' retrieved from /opt/airflow/dags/etl.py
[2026-02-01T19:05:42.807+0000] {logging_mixin.py:188} INFO - [2026-02-01T19:05:42.806+0000] {dag.py:3096} INFO - Sync 1 DAGs
[2026-02-01T19:05:42.821+0000] {logging_mixin.py:188} INFO - [2026-02-01T19:05:42.821+0000] {dag.py:3954} INFO - Setting next_dagrun for etl_pipeline_final to 2026-01-31 00:00:00+00:00, run_after=2026-02-01 00:00:00+00:00
[2026-02-01T19:05:42.835+0000] {processor.py:183} INFO - Processing /opt/airflow/dags/etl.py took 0.335 seconds
[2026-02-01T19:06:15.113+0000] {processor.py:161} INFO - Started process (PID=23553) to work on /opt/airflow/dags/etl.py
[2026-02-01T19:06:15.115+0000] {processor.py:830} INFO - Processing file /opt/airflow/dags/etl.py for tasks to queue
[2026-02-01T19:06:15.117+0000] {logging_mixin.py:188} INFO - [2026-02-01T19:06:15.116+0000] {dagbag.py:545} INFO - Filling up the DagBag from /opt/airflow/dags/etl.py
[2026-02-01T19:06:15.387+0000] {processor.py:840} INFO - DAG(s) 'etl_pipeline_final' retrieved from /opt/airflow/dags/etl.py
[2026-02-01T19:06:15.404+0000] {logging_mixin.py:188} INFO - [2026-02-01T19:06:15.404+0000] {dag.py:3096} INFO - Sync 1 DAGs
[2026-02-01T19:06:15.415+0000] {logging_mixin.py:188} INFO - [2026-02-01T19:06:15.414+0000] {dag.py:3954} INFO - Setting next_dagrun for etl_pipeline_final to 2026-01-31 00:00:00+00:00, run_after=2026-02-01 00:00:00+00:00
[2026-02-01T19:06:15.427+0000] {processor.py:183} INFO - Processing /opt/airflow/dags/etl.py took 0.318 seconds
[2026-02-01T19:06:48.279+0000] {processor.py:161} INFO - Started process (PID=23600) to work on /opt/airflow/dags/etl.py
[2026-02-01T19:06:48.279+0000] {processor.py:830} INFO - Processing file /opt/airflow/dags/etl.py for tasks to queue
[2026-02-01T19:06:48.280+0000] {logging_mixin.py:188} INFO - [2026-02-01T19:06:48.280+0000] {dagbag.py:545} INFO - Filling up the DagBag from /opt/airflow/dags/etl.py
[2026-02-01T19:06:48.555+0000] {processor.py:840} INFO - DAG(s) 'etl_pipeline_final' retrieved from /opt/airflow/dags/etl.py
[2026-02-01T19:06:48.572+0000] {logging_mixin.py:188} INFO - [2026-02-01T19:06:48.571+0000] {dag.py:3096} INFO - Sync 1 DAGs
[2026-02-01T19:06:48.583+0000] {logging_mixin.py:188} INFO - [2026-02-01T19:06:48.583+0000] {dag.py:3954} INFO - Setting next_dagrun for etl_pipeline_final to 2026-01-31 00:00:00+00:00, run_after=2026-02-01 00:00:00+00:00
[2026-02-01T19:06:48.594+0000] {processor.py:183} INFO - Processing /opt/airflow/dags/etl.py took 0.320 seconds
[2026-02-01T19:07:22.331+0000] {processor.py:161} INFO - Started process (PID=23647) to work on /opt/airflow/dags/etl.py
[2026-02-01T19:07:22.333+0000] {processor.py:830} INFO - Processing file /opt/airflow/dags/etl.py for tasks to queue
[2026-02-01T19:07:22.335+0000] {logging_mixin.py:188} INFO - [2026-02-01T19:07:22.335+0000] {dagbag.py:545} INFO - Filling up the DagBag from /opt/airflow/dags/etl.py
[2026-02-01T19:07:22.634+0000] {processor.py:840} INFO - DAG(s) 'etl_pipeline_final' retrieved from /opt/airflow/dags/etl.py
[2026-02-01T19:07:22.650+0000] {logging_mixin.py:188} INFO - [2026-02-01T19:07:22.650+0000] {dag.py:3096} INFO - Sync 1 DAGs
[2026-02-01T19:07:22.663+0000] {logging_mixin.py:188} INFO - [2026-02-01T19:07:22.662+0000] {dag.py:3954} INFO - Setting next_dagrun for etl_pipeline_final to 2026-01-31 00:00:00+00:00, run_after=2026-02-01 00:00:00+00:00
[2026-02-01T19:07:22.674+0000] {processor.py:183} INFO - Processing /opt/airflow/dags/etl.py took 0.347 seconds
[2026-02-01T19:07:55.249+0000] {processor.py:161} INFO - Started process (PID=23694) to work on /opt/airflow/dags/etl.py
[2026-02-01T19:07:55.249+0000] {processor.py:830} INFO - Processing file /opt/airflow/dags/etl.py for tasks to queue
[2026-02-01T19:07:55.251+0000] {logging_mixin.py:188} INFO - [2026-02-01T19:07:55.250+0000] {dagbag.py:545} INFO - Filling up the DagBag from /opt/airflow/dags/etl.py
[2026-02-01T19:07:55.587+0000] {processor.py:840} INFO - DAG(s) 'etl_pipeline_final' retrieved from /opt/airflow/dags/etl.py
[2026-02-01T19:07:55.608+0000] {logging_mixin.py:188} INFO - [2026-02-01T19:07:55.607+0000] {dag.py:3096} INFO - Sync 1 DAGs
[2026-02-01T19:07:55.625+0000] {logging_mixin.py:188} INFO - [2026-02-01T19:07:55.625+0000] {dag.py:3954} INFO - Setting next_dagrun for etl_pipeline_final to 2026-01-31 00:00:00+00:00, run_after=2026-02-01 00:00:00+00:00
[2026-02-01T19:07:55.642+0000] {processor.py:183} INFO - Processing /opt/airflow/dags/etl.py took 0.400 seconds
[2026-02-01T19:08:28.606+0000] {processor.py:161} INFO - Started process (PID=23741) to work on /opt/airflow/dags/etl.py
[2026-02-01T19:08:28.608+0000] {processor.py:830} INFO - Processing file /opt/airflow/dags/etl.py for tasks to queue
[2026-02-01T19:08:28.610+0000] {logging_mixin.py:188} INFO - [2026-02-01T19:08:28.609+0000] {dagbag.py:545} INFO - Filling up the DagBag from /opt/airflow/dags/etl.py
[2026-02-01T19:08:28.912+0000] {processor.py:840} INFO - DAG(s) 'etl_pipeline_final' retrieved from /opt/airflow/dags/etl.py
[2026-02-01T19:08:28.929+0000] {logging_mixin.py:188} INFO - [2026-02-01T19:08:28.929+0000] {dag.py:3096} INFO - Sync 1 DAGs
[2026-02-01T19:08:28.944+0000] {logging_mixin.py:188} INFO - [2026-02-01T19:08:28.943+0000] {dag.py:3954} INFO - Setting next_dagrun for etl_pipeline_final to 2026-01-31 00:00:00+00:00, run_after=2026-02-01 00:00:00+00:00
[2026-02-01T19:08:28.959+0000] {processor.py:183} INFO - Processing /opt/airflow/dags/etl.py took 0.356 seconds
[2026-02-01T19:09:05.535+0000] {processor.py:161} INFO - Started process (PID=23788) to work on /opt/airflow/dags/etl.py
[2026-02-01T19:09:05.537+0000] {processor.py:830} INFO - Processing file /opt/airflow/dags/etl.py for tasks to queue
[2026-02-01T19:09:05.544+0000] {logging_mixin.py:188} INFO - [2026-02-01T19:09:05.543+0000] {dagbag.py:545} INFO - Filling up the DagBag from /opt/airflow/dags/etl.py
[2026-02-01T19:09:06.417+0000] {processor.py:840} INFO - DAG(s) 'etl_pipeline_final' retrieved from /opt/airflow/dags/etl.py
[2026-02-01T19:09:06.463+0000] {logging_mixin.py:188} INFO - [2026-02-01T19:09:06.462+0000] {dag.py:3096} INFO - Sync 1 DAGs
[2026-02-01T19:09:06.504+0000] {logging_mixin.py:188} INFO - [2026-02-01T19:09:06.503+0000] {dag.py:3954} INFO - Setting next_dagrun for etl_pipeline_final to 2026-01-31 00:00:00+00:00, run_after=2026-02-01 00:00:00+00:00
[2026-02-01T19:09:06.542+0000] {processor.py:183} INFO - Processing /opt/airflow/dags/etl.py took 1.024 seconds
[2026-02-01T19:09:38.542+0000] {processor.py:161} INFO - Started process (PID=23835) to work on /opt/airflow/dags/etl.py
[2026-02-01T19:09:38.545+0000] {processor.py:830} INFO - Processing file /opt/airflow/dags/etl.py for tasks to queue
[2026-02-01T19:09:38.548+0000] {logging_mixin.py:188} INFO - [2026-02-01T19:09:38.548+0000] {dagbag.py:545} INFO - Filling up the DagBag from /opt/airflow/dags/etl.py
[2026-02-01T19:09:39.401+0000] {processor.py:840} INFO - DAG(s) 'etl_pipeline_final' retrieved from /opt/airflow/dags/etl.py
[2026-02-01T19:09:39.439+0000] {logging_mixin.py:188} INFO - [2026-02-01T19:09:39.438+0000] {dag.py:3096} INFO - Sync 1 DAGs
[2026-02-01T19:09:39.465+0000] {logging_mixin.py:188} INFO - [2026-02-01T19:09:39.465+0000] {dag.py:3954} INFO - Setting next_dagrun for etl_pipeline_final to 2026-01-31 00:00:00+00:00, run_after=2026-02-01 00:00:00+00:00
[2026-02-01T19:09:39.495+0000] {processor.py:183} INFO - Processing /opt/airflow/dags/etl.py took 0.964 seconds
[2026-02-01T19:10:09.673+0000] {processor.py:161} INFO - Started process (PID=23876) to work on /opt/airflow/dags/etl.py
[2026-02-01T19:10:09.674+0000] {processor.py:830} INFO - Processing file /opt/airflow/dags/etl.py for tasks to queue
[2026-02-01T19:10:09.676+0000] {logging_mixin.py:188} INFO - [2026-02-01T19:10:09.676+0000] {dagbag.py:545} INFO - Filling up the DagBag from /opt/airflow/dags/etl.py
[2026-02-01T19:10:10.327+0000] {processor.py:840} INFO - DAG(s) 'etl_pipeline_final' retrieved from /opt/airflow/dags/etl.py
[2026-02-01T19:10:10.371+0000] {logging_mixin.py:188} INFO - [2026-02-01T19:10:10.369+0000] {dag.py:3096} INFO - Sync 1 DAGs
[2026-02-01T19:10:10.402+0000] {logging_mixin.py:188} INFO - [2026-02-01T19:10:10.402+0000] {dag.py:3954} INFO - Setting next_dagrun for etl_pipeline_final to 2026-01-31 00:00:00+00:00, run_after=2026-02-01 00:00:00+00:00
[2026-02-01T19:10:10.435+0000] {processor.py:183} INFO - Processing /opt/airflow/dags/etl.py took 0.771 seconds
[2026-02-01T19:10:40.558+0000] {processor.py:161} INFO - Started process (PID=23919) to work on /opt/airflow/dags/etl.py
[2026-02-01T19:10:40.561+0000] {processor.py:830} INFO - Processing file /opt/airflow/dags/etl.py for tasks to queue
[2026-02-01T19:10:40.563+0000] {logging_mixin.py:188} INFO - [2026-02-01T19:10:40.563+0000] {dagbag.py:545} INFO - Filling up the DagBag from /opt/airflow/dags/etl.py
[2026-02-01T19:10:40.932+0000] {processor.py:840} INFO - DAG(s) 'etl_pipeline_final' retrieved from /opt/airflow/dags/etl.py
[2026-02-01T19:10:40.957+0000] {logging_mixin.py:188} INFO - [2026-02-01T19:10:40.957+0000] {dag.py:3096} INFO - Sync 1 DAGs
[2026-02-01T19:10:40.976+0000] {logging_mixin.py:188} INFO - [2026-02-01T19:10:40.976+0000] {dag.py:3954} INFO - Setting next_dagrun for etl_pipeline_final to 2026-01-31 00:00:00+00:00, run_after=2026-02-01 00:00:00+00:00
[2026-02-01T19:10:40.994+0000] {processor.py:183} INFO - Processing /opt/airflow/dags/etl.py took 0.441 seconds
[2026-02-01T19:11:13.960+0000] {processor.py:161} INFO - Started process (PID=23966) to work on /opt/airflow/dags/etl.py
[2026-02-01T19:11:13.961+0000] {processor.py:830} INFO - Processing file /opt/airflow/dags/etl.py for tasks to queue
[2026-02-01T19:11:13.962+0000] {logging_mixin.py:188} INFO - [2026-02-01T19:11:13.962+0000] {dagbag.py:545} INFO - Filling up the DagBag from /opt/airflow/dags/etl.py
[2026-02-01T19:11:14.465+0000] {processor.py:840} INFO - DAG(s) 'etl_pipeline_final' retrieved from /opt/airflow/dags/etl.py
[2026-02-01T19:11:14.492+0000] {logging_mixin.py:188} INFO - [2026-02-01T19:11:14.492+0000] {dag.py:3096} INFO - Sync 1 DAGs
[2026-02-01T19:11:14.513+0000] {logging_mixin.py:188} INFO - [2026-02-01T19:11:14.513+0000] {dag.py:3954} INFO - Setting next_dagrun for etl_pipeline_final to 2026-01-31 00:00:00+00:00, run_after=2026-02-01 00:00:00+00:00
[2026-02-01T19:11:14.540+0000] {processor.py:183} INFO - Processing /opt/airflow/dags/etl.py took 0.587 seconds
[2026-02-01T19:11:47.090+0000] {processor.py:161} INFO - Started process (PID=24016) to work on /opt/airflow/dags/etl.py
[2026-02-01T19:11:47.091+0000] {processor.py:830} INFO - Processing file /opt/airflow/dags/etl.py for tasks to queue
[2026-02-01T19:11:47.092+0000] {logging_mixin.py:188} INFO - [2026-02-01T19:11:47.092+0000] {dagbag.py:545} INFO - Filling up the DagBag from /opt/airflow/dags/etl.py
[2026-02-01T19:11:47.495+0000] {processor.py:840} INFO - DAG(s) 'etl_pipeline_final' retrieved from /opt/airflow/dags/etl.py
[2026-02-01T19:11:47.526+0000] {logging_mixin.py:188} INFO - [2026-02-01T19:11:47.526+0000] {dag.py:3096} INFO - Sync 1 DAGs
[2026-02-01T19:11:47.549+0000] {logging_mixin.py:188} INFO - [2026-02-01T19:11:47.549+0000] {dag.py:3954} INFO - Setting next_dagrun for etl_pipeline_final to 2026-01-31 00:00:00+00:00, run_after=2026-02-01 00:00:00+00:00
[2026-02-01T19:11:47.574+0000] {processor.py:183} INFO - Processing /opt/airflow/dags/etl.py took 0.489 seconds
[2026-02-01T19:12:20.327+0000] {processor.py:161} INFO - Started process (PID=24063) to work on /opt/airflow/dags/etl.py
[2026-02-01T19:12:20.327+0000] {processor.py:830} INFO - Processing file /opt/airflow/dags/etl.py for tasks to queue
[2026-02-01T19:12:20.329+0000] {logging_mixin.py:188} INFO - [2026-02-01T19:12:20.328+0000] {dagbag.py:545} INFO - Filling up the DagBag from /opt/airflow/dags/etl.py
[2026-02-01T19:12:20.713+0000] {processor.py:840} INFO - DAG(s) 'etl_pipeline_final' retrieved from /opt/airflow/dags/etl.py
[2026-02-01T19:12:20.741+0000] {logging_mixin.py:188} INFO - [2026-02-01T19:12:20.740+0000] {dag.py:3096} INFO - Sync 1 DAGs
[2026-02-01T19:12:20.765+0000] {logging_mixin.py:188} INFO - [2026-02-01T19:12:20.765+0000] {dag.py:3954} INFO - Setting next_dagrun for etl_pipeline_final to 2026-01-31 00:00:00+00:00, run_after=2026-02-01 00:00:00+00:00
[2026-02-01T19:12:20.791+0000] {processor.py:183} INFO - Processing /opt/airflow/dags/etl.py took 0.470 seconds
[2026-02-01T19:12:54.115+0000] {processor.py:161} INFO - Started process (PID=24110) to work on /opt/airflow/dags/etl.py
[2026-02-01T19:12:54.117+0000] {processor.py:830} INFO - Processing file /opt/airflow/dags/etl.py for tasks to queue
[2026-02-01T19:12:54.120+0000] {logging_mixin.py:188} INFO - [2026-02-01T19:12:54.119+0000] {dagbag.py:545} INFO - Filling up the DagBag from /opt/airflow/dags/etl.py
[2026-02-01T19:12:54.807+0000] {processor.py:840} INFO - DAG(s) 'etl_pipeline_final' retrieved from /opt/airflow/dags/etl.py
[2026-02-01T19:12:54.852+0000] {logging_mixin.py:188} INFO - [2026-02-01T19:12:54.852+0000] {dag.py:3096} INFO - Sync 1 DAGs
[2026-02-01T19:12:54.882+0000] {logging_mixin.py:188} INFO - [2026-02-01T19:12:54.882+0000] {dag.py:3954} INFO - Setting next_dagrun for etl_pipeline_final to 2026-01-31 00:00:00+00:00, run_after=2026-02-01 00:00:00+00:00
[2026-02-01T19:12:54.914+0000] {processor.py:183} INFO - Processing /opt/airflow/dags/etl.py took 0.808 seconds
[2026-02-01T19:13:27.268+0000] {processor.py:161} INFO - Started process (PID=24157) to work on /opt/airflow/dags/etl.py
[2026-02-01T19:13:27.269+0000] {processor.py:830} INFO - Processing file /opt/airflow/dags/etl.py for tasks to queue
[2026-02-01T19:13:27.270+0000] {logging_mixin.py:188} INFO - [2026-02-01T19:13:27.270+0000] {dagbag.py:545} INFO - Filling up the DagBag from /opt/airflow/dags/etl.py
[2026-02-01T19:13:27.713+0000] {processor.py:840} INFO - DAG(s) 'etl_pipeline_final' retrieved from /opt/airflow/dags/etl.py
[2026-02-01T19:13:27.748+0000] {logging_mixin.py:188} INFO - [2026-02-01T19:13:27.747+0000] {dag.py:3096} INFO - Sync 1 DAGs
[2026-02-01T19:13:27.776+0000] {logging_mixin.py:188} INFO - [2026-02-01T19:13:27.775+0000] {dag.py:3954} INFO - Setting next_dagrun for etl_pipeline_final to 2026-01-31 00:00:00+00:00, run_after=2026-02-01 00:00:00+00:00
[2026-02-01T19:13:27.807+0000] {processor.py:183} INFO - Processing /opt/airflow/dags/etl.py took 0.543 seconds
[2026-02-01T19:14:00.684+0000] {processor.py:161} INFO - Started process (PID=24203) to work on /opt/airflow/dags/etl.py
[2026-02-01T19:14:00.685+0000] {processor.py:830} INFO - Processing file /opt/airflow/dags/etl.py for tasks to queue
[2026-02-01T19:14:00.687+0000] {logging_mixin.py:188} INFO - [2026-02-01T19:14:00.687+0000] {dagbag.py:545} INFO - Filling up the DagBag from /opt/airflow/dags/etl.py
[2026-02-01T19:14:01.272+0000] {processor.py:840} INFO - DAG(s) 'etl_pipeline_final' retrieved from /opt/airflow/dags/etl.py
[2026-02-01T19:14:01.321+0000] {logging_mixin.py:188} INFO - [2026-02-01T19:14:01.320+0000] {dag.py:3096} INFO - Sync 1 DAGs
[2026-02-01T19:14:01.355+0000] {logging_mixin.py:188} INFO - [2026-02-01T19:14:01.355+0000] {dag.py:3954} INFO - Setting next_dagrun for etl_pipeline_final to 2026-01-31 00:00:00+00:00, run_after=2026-02-01 00:00:00+00:00
[2026-02-01T19:14:01.390+0000] {processor.py:183} INFO - Processing /opt/airflow/dags/etl.py took 0.713 seconds
[2026-02-01T19:14:34.021+0000] {processor.py:161} INFO - Started process (PID=24251) to work on /opt/airflow/dags/etl.py
[2026-02-01T19:14:34.022+0000] {processor.py:830} INFO - Processing file /opt/airflow/dags/etl.py for tasks to queue
[2026-02-01T19:14:34.024+0000] {logging_mixin.py:188} INFO - [2026-02-01T19:14:34.024+0000] {dagbag.py:545} INFO - Filling up the DagBag from /opt/airflow/dags/etl.py
[2026-02-01T19:14:34.581+0000] {processor.py:840} INFO - DAG(s) 'etl_pipeline_final' retrieved from /opt/airflow/dags/etl.py
[2026-02-01T19:14:34.623+0000] {logging_mixin.py:188} INFO - [2026-02-01T19:14:34.622+0000] {dag.py:3096} INFO - Sync 1 DAGs
[2026-02-01T19:14:34.656+0000] {logging_mixin.py:188} INFO - [2026-02-01T19:14:34.655+0000] {dag.py:3954} INFO - Setting next_dagrun for etl_pipeline_final to 2026-01-31 00:00:00+00:00, run_after=2026-02-01 00:00:00+00:00
[2026-02-01T19:14:34.684+0000] {processor.py:183} INFO - Processing /opt/airflow/dags/etl.py took 0.670 seconds
[2026-02-01T19:15:07.144+0000] {processor.py:161} INFO - Started process (PID=24298) to work on /opt/airflow/dags/etl.py
[2026-02-01T19:15:07.145+0000] {processor.py:830} INFO - Processing file /opt/airflow/dags/etl.py for tasks to queue
[2026-02-01T19:15:07.147+0000] {logging_mixin.py:188} INFO - [2026-02-01T19:15:07.146+0000] {dagbag.py:545} INFO - Filling up the DagBag from /opt/airflow/dags/etl.py
[2026-02-01T19:15:07.611+0000] {processor.py:840} INFO - DAG(s) 'etl_pipeline_final' retrieved from /opt/airflow/dags/etl.py
[2026-02-01T19:15:07.665+0000] {logging_mixin.py:188} INFO - [2026-02-01T19:15:07.664+0000] {dag.py:3096} INFO - Sync 1 DAGs
[2026-02-01T19:15:07.697+0000] {logging_mixin.py:188} INFO - [2026-02-01T19:15:07.697+0000] {dag.py:3954} INFO - Setting next_dagrun for etl_pipeline_final to 2026-01-31 00:00:00+00:00, run_after=2026-02-01 00:00:00+00:00
[2026-02-01T19:15:07.723+0000] {processor.py:183} INFO - Processing /opt/airflow/dags/etl.py took 0.586 seconds
[2026-02-01T19:15:42.936+0000] {processor.py:161} INFO - Started process (PID=24346) to work on /opt/airflow/dags/etl.py
[2026-02-01T19:15:42.939+0000] {processor.py:830} INFO - Processing file /opt/airflow/dags/etl.py for tasks to queue
[2026-02-01T19:15:42.950+0000] {logging_mixin.py:188} INFO - [2026-02-01T19:15:42.944+0000] {dagbag.py:545} INFO - Filling up the DagBag from /opt/airflow/dags/etl.py
[2026-02-01T19:15:43.711+0000] {processor.py:840} INFO - DAG(s) 'etl_pipeline_final' retrieved from /opt/airflow/dags/etl.py
[2026-02-01T19:15:43.749+0000] {logging_mixin.py:188} INFO - [2026-02-01T19:15:43.748+0000] {dag.py:3096} INFO - Sync 1 DAGs
[2026-02-01T19:15:43.784+0000] {logging_mixin.py:188} INFO - [2026-02-01T19:15:43.784+0000] {dag.py:3954} INFO - Setting next_dagrun for etl_pipeline_final to 2026-01-31 00:00:00+00:00, run_after=2026-02-01 00:00:00+00:00
[2026-02-01T19:15:43.810+0000] {processor.py:183} INFO - Processing /opt/airflow/dags/etl.py took 0.891 seconds
[2026-02-01T19:16:14.096+0000] {processor.py:161} INFO - Started process (PID=24370) to work on /opt/airflow/dags/etl.py
[2026-02-01T19:16:14.099+0000] {processor.py:830} INFO - Processing file /opt/airflow/dags/etl.py for tasks to queue
[2026-02-01T19:16:14.101+0000] {logging_mixin.py:188} INFO - [2026-02-01T19:16:14.101+0000] {dagbag.py:545} INFO - Filling up the DagBag from /opt/airflow/dags/etl.py
[2026-02-01T19:16:14.649+0000] {processor.py:840} INFO - DAG(s) 'etl_pipeline_final' retrieved from /opt/airflow/dags/etl.py
[2026-02-01T19:16:14.687+0000] {logging_mixin.py:188} INFO - [2026-02-01T19:16:14.686+0000] {dag.py:3096} INFO - Sync 1 DAGs
[2026-02-01T19:16:14.712+0000] {logging_mixin.py:188} INFO - [2026-02-01T19:16:14.712+0000] {dag.py:3954} INFO - Setting next_dagrun for etl_pipeline_final to 2026-01-31 00:00:00+00:00, run_after=2026-02-01 00:00:00+00:00
[2026-02-01T19:16:14.741+0000] {processor.py:183} INFO - Processing /opt/airflow/dags/etl.py took 0.655 seconds
[2026-02-01T19:16:47.145+0000] {processor.py:161} INFO - Started process (PID=24415) to work on /opt/airflow/dags/etl.py
[2026-02-01T19:16:47.146+0000] {processor.py:830} INFO - Processing file /opt/airflow/dags/etl.py for tasks to queue
[2026-02-01T19:16:47.148+0000] {logging_mixin.py:188} INFO - [2026-02-01T19:16:47.148+0000] {dagbag.py:545} INFO - Filling up the DagBag from /opt/airflow/dags/etl.py
[2026-02-01T19:16:47.619+0000] {processor.py:840} INFO - DAG(s) 'etl_pipeline_final' retrieved from /opt/airflow/dags/etl.py
[2026-02-01T19:16:47.647+0000] {logging_mixin.py:188} INFO - [2026-02-01T19:16:47.646+0000] {dag.py:3096} INFO - Sync 1 DAGs
[2026-02-01T19:16:47.669+0000] {logging_mixin.py:188} INFO - [2026-02-01T19:16:47.669+0000] {dag.py:3954} INFO - Setting next_dagrun for etl_pipeline_final to 2026-01-31 00:00:00+00:00, run_after=2026-02-01 00:00:00+00:00
[2026-02-01T19:16:47.689+0000] {processor.py:183} INFO - Processing /opt/airflow/dags/etl.py took 0.554 seconds
[2026-02-01T19:17:21.023+0000] {processor.py:161} INFO - Started process (PID=24462) to work on /opt/airflow/dags/etl.py
[2026-02-01T19:17:21.026+0000] {processor.py:830} INFO - Processing file /opt/airflow/dags/etl.py for tasks to queue
[2026-02-01T19:17:21.028+0000] {logging_mixin.py:188} INFO - [2026-02-01T19:17:21.027+0000] {dagbag.py:545} INFO - Filling up the DagBag from /opt/airflow/dags/etl.py
[2026-02-01T19:17:21.537+0000] {processor.py:840} INFO - DAG(s) 'etl_pipeline_final' retrieved from /opt/airflow/dags/etl.py
[2026-02-01T19:17:21.570+0000] {logging_mixin.py:188} INFO - [2026-02-01T19:17:21.569+0000] {dag.py:3096} INFO - Sync 1 DAGs
[2026-02-01T19:17:21.596+0000] {logging_mixin.py:188} INFO - [2026-02-01T19:17:21.595+0000] {dag.py:3954} INFO - Setting next_dagrun for etl_pipeline_final to 2026-01-31 00:00:00+00:00, run_after=2026-02-01 00:00:00+00:00
[2026-02-01T19:17:21.618+0000] {processor.py:183} INFO - Processing /opt/airflow/dags/etl.py took 0.605 seconds
[2026-02-01T19:17:54.089+0000] {processor.py:161} INFO - Started process (PID=24509) to work on /opt/airflow/dags/etl.py
[2026-02-01T19:17:54.090+0000] {processor.py:830} INFO - Processing file /opt/airflow/dags/etl.py for tasks to queue
[2026-02-01T19:17:54.093+0000] {logging_mixin.py:188} INFO - [2026-02-01T19:17:54.092+0000] {dagbag.py:545} INFO - Filling up the DagBag from /opt/airflow/dags/etl.py
[2026-02-01T19:17:54.595+0000] {processor.py:840} INFO - DAG(s) 'etl_pipeline_final' retrieved from /opt/airflow/dags/etl.py
[2026-02-01T19:17:54.624+0000] {logging_mixin.py:188} INFO - [2026-02-01T19:17:54.623+0000] {dag.py:3096} INFO - Sync 1 DAGs
[2026-02-01T19:17:54.650+0000] {logging_mixin.py:188} INFO - [2026-02-01T19:17:54.649+0000] {dag.py:3954} INFO - Setting next_dagrun for etl_pipeline_final to 2026-01-31 00:00:00+00:00, run_after=2026-02-01 00:00:00+00:00
[2026-02-01T19:17:54.674+0000] {processor.py:183} INFO - Processing /opt/airflow/dags/etl.py took 0.592 seconds
[2026-02-01T19:18:27.507+0000] {processor.py:161} INFO - Started process (PID=24556) to work on /opt/airflow/dags/etl.py
[2026-02-01T19:18:27.512+0000] {processor.py:830} INFO - Processing file /opt/airflow/dags/etl.py for tasks to queue
[2026-02-01T19:18:27.517+0000] {logging_mixin.py:188} INFO - [2026-02-01T19:18:27.516+0000] {dagbag.py:545} INFO - Filling up the DagBag from /opt/airflow/dags/etl.py
[2026-02-01T19:18:28.308+0000] {processor.py:840} INFO - DAG(s) 'etl_pipeline_final' retrieved from /opt/airflow/dags/etl.py
[2026-02-01T19:18:28.362+0000] {logging_mixin.py:188} INFO - [2026-02-01T19:18:28.361+0000] {dag.py:3096} INFO - Sync 1 DAGs
[2026-02-01T19:18:28.402+0000] {logging_mixin.py:188} INFO - [2026-02-01T19:18:28.402+0000] {dag.py:3954} INFO - Setting next_dagrun for etl_pipeline_final to 2026-01-31 00:00:00+00:00, run_after=2026-02-01 00:00:00+00:00
[2026-02-01T19:18:28.443+0000] {processor.py:183} INFO - Processing /opt/airflow/dags/etl.py took 0.951 seconds
[2026-02-01T19:19:00.585+0000] {processor.py:161} INFO - Started process (PID=24603) to work on /opt/airflow/dags/etl.py
[2026-02-01T19:19:00.589+0000] {processor.py:830} INFO - Processing file /opt/airflow/dags/etl.py for tasks to queue
[2026-02-01T19:19:00.593+0000] {logging_mixin.py:188} INFO - [2026-02-01T19:19:00.592+0000] {dagbag.py:545} INFO - Filling up the DagBag from /opt/airflow/dags/etl.py
[2026-02-01T19:19:01.533+0000] {processor.py:840} INFO - DAG(s) 'etl_pipeline_final' retrieved from /opt/airflow/dags/etl.py
[2026-02-01T19:19:01.591+0000] {logging_mixin.py:188} INFO - [2026-02-01T19:19:01.590+0000] {dag.py:3096} INFO - Sync 1 DAGs
[2026-02-01T19:19:01.634+0000] {logging_mixin.py:188} INFO - [2026-02-01T19:19:01.634+0000] {dag.py:3954} INFO - Setting next_dagrun for etl_pipeline_final to 2026-01-31 00:00:00+00:00, run_after=2026-02-01 00:00:00+00:00
[2026-02-01T19:19:01.680+0000] {processor.py:183} INFO - Processing /opt/airflow/dags/etl.py took 1.111 seconds
[2026-02-01T19:19:34.369+0000] {processor.py:161} INFO - Started process (PID=24650) to work on /opt/airflow/dags/etl.py
[2026-02-01T19:19:34.372+0000] {processor.py:830} INFO - Processing file /opt/airflow/dags/etl.py for tasks to queue
[2026-02-01T19:19:34.377+0000] {logging_mixin.py:188} INFO - [2026-02-01T19:19:34.376+0000] {dagbag.py:545} INFO - Filling up the DagBag from /opt/airflow/dags/etl.py
[2026-02-01T19:19:35.335+0000] {processor.py:840} INFO - DAG(s) 'etl_pipeline_final' retrieved from /opt/airflow/dags/etl.py
[2026-02-01T19:19:35.394+0000] {logging_mixin.py:188} INFO - [2026-02-01T19:19:35.390+0000] {dag.py:3096} INFO - Sync 1 DAGs
[2026-02-01T19:19:35.441+0000] {logging_mixin.py:188} INFO - [2026-02-01T19:19:35.440+0000] {dag.py:3954} INFO - Setting next_dagrun for etl_pipeline_final to 2026-01-31 00:00:00+00:00, run_after=2026-02-01 00:00:00+00:00
[2026-02-01T19:19:35.482+0000] {processor.py:183} INFO - Processing /opt/airflow/dags/etl.py took 1.128 seconds
[2026-02-01T19:20:07.138+0000] {processor.py:161} INFO - Started process (PID=24697) to work on /opt/airflow/dags/etl.py
[2026-02-01T19:20:07.139+0000] {processor.py:830} INFO - Processing file /opt/airflow/dags/etl.py for tasks to queue
[2026-02-01T19:20:07.141+0000] {logging_mixin.py:188} INFO - [2026-02-01T19:20:07.140+0000] {dagbag.py:545} INFO - Filling up the DagBag from /opt/airflow/dags/etl.py
[2026-02-01T19:20:07.570+0000] {processor.py:840} INFO - DAG(s) 'etl_pipeline_final' retrieved from /opt/airflow/dags/etl.py
[2026-02-01T19:20:07.596+0000] {logging_mixin.py:188} INFO - [2026-02-01T19:20:07.595+0000] {dag.py:3096} INFO - Sync 1 DAGs
[2026-02-01T19:20:07.618+0000] {logging_mixin.py:188} INFO - [2026-02-01T19:20:07.618+0000] {dag.py:3954} INFO - Setting next_dagrun for etl_pipeline_final to 2026-01-31 00:00:00+00:00, run_after=2026-02-01 00:00:00+00:00
[2026-02-01T19:20:07.645+0000] {processor.py:183} INFO - Processing /opt/airflow/dags/etl.py took 0.513 seconds
[2026-02-01T19:20:40.871+0000] {processor.py:161} INFO - Started process (PID=24744) to work on /opt/airflow/dags/etl.py
[2026-02-01T19:20:40.873+0000] {processor.py:830} INFO - Processing file /opt/airflow/dags/etl.py for tasks to queue
[2026-02-01T19:20:40.874+0000] {logging_mixin.py:188} INFO - [2026-02-01T19:20:40.874+0000] {dagbag.py:545} INFO - Filling up the DagBag from /opt/airflow/dags/etl.py
[2026-02-01T19:20:41.202+0000] {processor.py:840} INFO - DAG(s) 'etl_pipeline_final' retrieved from /opt/airflow/dags/etl.py
[2026-02-01T19:20:41.223+0000] {logging_mixin.py:188} INFO - [2026-02-01T19:20:41.223+0000] {dag.py:3096} INFO - Sync 1 DAGs
[2026-02-01T19:20:41.239+0000] {logging_mixin.py:188} INFO - [2026-02-01T19:20:41.238+0000] {dag.py:3954} INFO - Setting next_dagrun for etl_pipeline_final to 2026-01-31 00:00:00+00:00, run_after=2026-02-01 00:00:00+00:00
[2026-02-01T19:20:41.256+0000] {processor.py:183} INFO - Processing /opt/airflow/dags/etl.py took 0.389 seconds
[2026-02-01T19:21:14.051+0000] {processor.py:161} INFO - Started process (PID=24791) to work on /opt/airflow/dags/etl.py
[2026-02-01T19:21:14.052+0000] {processor.py:830} INFO - Processing file /opt/airflow/dags/etl.py for tasks to queue
[2026-02-01T19:21:14.055+0000] {logging_mixin.py:188} INFO - [2026-02-01T19:21:14.054+0000] {dagbag.py:545} INFO - Filling up the DagBag from /opt/airflow/dags/etl.py
[2026-02-01T19:21:14.674+0000] {processor.py:840} INFO - DAG(s) 'etl_pipeline_final' retrieved from /opt/airflow/dags/etl.py
[2026-02-01T19:21:14.709+0000] {logging_mixin.py:188} INFO - [2026-02-01T19:21:14.708+0000] {dag.py:3096} INFO - Sync 1 DAGs
[2026-02-01T19:21:14.739+0000] {logging_mixin.py:188} INFO - [2026-02-01T19:21:14.738+0000] {dag.py:3954} INFO - Setting next_dagrun for etl_pipeline_final to 2026-01-31 00:00:00+00:00, run_after=2026-02-01 00:00:00+00:00
[2026-02-01T19:21:14.773+0000] {processor.py:183} INFO - Processing /opt/airflow/dags/etl.py took 0.733 seconds
[2026-02-01T19:21:47.668+0000] {processor.py:161} INFO - Started process (PID=24838) to work on /opt/airflow/dags/etl.py
[2026-02-01T19:21:47.670+0000] {processor.py:830} INFO - Processing file /opt/airflow/dags/etl.py for tasks to queue
[2026-02-01T19:21:47.671+0000] {logging_mixin.py:188} INFO - [2026-02-01T19:21:47.671+0000] {dagbag.py:545} INFO - Filling up the DagBag from /opt/airflow/dags/etl.py
[2026-02-01T19:21:48.020+0000] {processor.py:840} INFO - DAG(s) 'etl_pipeline_final' retrieved from /opt/airflow/dags/etl.py
[2026-02-01T19:21:48.050+0000] {logging_mixin.py:188} INFO - [2026-02-01T19:21:48.049+0000] {dag.py:3096} INFO - Sync 1 DAGs
[2026-02-01T19:21:48.069+0000] {logging_mixin.py:188} INFO - [2026-02-01T19:21:48.069+0000] {dag.py:3954} INFO - Setting next_dagrun for etl_pipeline_final to 2026-01-31 00:00:00+00:00, run_after=2026-02-01 00:00:00+00:00
[2026-02-01T19:21:48.091+0000] {processor.py:183} INFO - Processing /opt/airflow/dags/etl.py took 0.428 seconds
[2026-02-01T19:22:20.655+0000] {processor.py:161} INFO - Started process (PID=24885) to work on /opt/airflow/dags/etl.py
[2026-02-01T19:22:20.656+0000] {processor.py:830} INFO - Processing file /opt/airflow/dags/etl.py for tasks to queue
[2026-02-01T19:22:20.657+0000] {logging_mixin.py:188} INFO - [2026-02-01T19:22:20.657+0000] {dagbag.py:545} INFO - Filling up the DagBag from /opt/airflow/dags/etl.py
[2026-02-01T19:22:21.005+0000] {processor.py:840} INFO - DAG(s) 'etl_pipeline_final' retrieved from /opt/airflow/dags/etl.py
[2026-02-01T19:22:21.025+0000] {logging_mixin.py:188} INFO - [2026-02-01T19:22:21.025+0000] {dag.py:3096} INFO - Sync 1 DAGs
[2026-02-01T19:22:21.041+0000] {logging_mixin.py:188} INFO - [2026-02-01T19:22:21.041+0000] {dag.py:3954} INFO - Setting next_dagrun for etl_pipeline_final to 2026-01-31 00:00:00+00:00, run_after=2026-02-01 00:00:00+00:00
[2026-02-01T19:22:21.057+0000] {processor.py:183} INFO - Processing /opt/airflow/dags/etl.py took 0.407 seconds
[2026-02-01T19:22:53.872+0000] {processor.py:161} INFO - Started process (PID=24932) to work on /opt/airflow/dags/etl.py
[2026-02-01T19:22:53.876+0000] {processor.py:830} INFO - Processing file /opt/airflow/dags/etl.py for tasks to queue
[2026-02-01T19:22:53.877+0000] {logging_mixin.py:188} INFO - [2026-02-01T19:22:53.877+0000] {dagbag.py:545} INFO - Filling up the DagBag from /opt/airflow/dags/etl.py
[2026-02-01T19:22:54.278+0000] {processor.py:840} INFO - DAG(s) 'etl_pipeline_final' retrieved from /opt/airflow/dags/etl.py
[2026-02-01T19:22:54.303+0000] {logging_mixin.py:188} INFO - [2026-02-01T19:22:54.302+0000] {dag.py:3096} INFO - Sync 1 DAGs
[2026-02-01T19:22:54.320+0000] {logging_mixin.py:188} INFO - [2026-02-01T19:22:54.320+0000] {dag.py:3954} INFO - Setting next_dagrun for etl_pipeline_final to 2026-01-31 00:00:00+00:00, run_after=2026-02-01 00:00:00+00:00
[2026-02-01T19:22:54.338+0000] {processor.py:183} INFO - Processing /opt/airflow/dags/etl.py took 0.471 seconds
[2026-02-01T19:23:27.724+0000] {processor.py:161} INFO - Started process (PID=24979) to work on /opt/airflow/dags/etl.py
[2026-02-01T19:23:27.727+0000] {processor.py:830} INFO - Processing file /opt/airflow/dags/etl.py for tasks to queue
[2026-02-01T19:23:27.728+0000] {logging_mixin.py:188} INFO - [2026-02-01T19:23:27.728+0000] {dagbag.py:545} INFO - Filling up the DagBag from /opt/airflow/dags/etl.py
[2026-02-01T19:23:28.075+0000] {processor.py:840} INFO - DAG(s) 'etl_pipeline_final' retrieved from /opt/airflow/dags/etl.py
[2026-02-01T19:23:28.096+0000] {logging_mixin.py:188} INFO - [2026-02-01T19:23:28.095+0000] {dag.py:3096} INFO - Sync 1 DAGs
[2026-02-01T19:23:28.111+0000] {logging_mixin.py:188} INFO - [2026-02-01T19:23:28.111+0000] {dag.py:3954} INFO - Setting next_dagrun for etl_pipeline_final to 2026-01-31 00:00:00+00:00, run_after=2026-02-01 00:00:00+00:00
[2026-02-01T19:23:28.130+0000] {processor.py:183} INFO - Processing /opt/airflow/dags/etl.py took 0.410 seconds
[2026-02-01T19:24:00.771+0000] {processor.py:161} INFO - Started process (PID=25021) to work on /opt/airflow/dags/etl.py
[2026-02-01T19:24:00.772+0000] {processor.py:830} INFO - Processing file /opt/airflow/dags/etl.py for tasks to queue
[2026-02-01T19:24:00.775+0000] {logging_mixin.py:188} INFO - [2026-02-01T19:24:00.774+0000] {dagbag.py:545} INFO - Filling up the DagBag from /opt/airflow/dags/etl.py
[2026-02-01T19:24:01.478+0000] {processor.py:840} INFO - DAG(s) 'etl_pipeline_final' retrieved from /opt/airflow/dags/etl.py
[2026-02-01T19:24:01.513+0000] {logging_mixin.py:188} INFO - [2026-02-01T19:24:01.512+0000] {dag.py:3096} INFO - Sync 1 DAGs
[2026-02-01T19:24:01.547+0000] {logging_mixin.py:188} INFO - [2026-02-01T19:24:01.547+0000] {dag.py:3954} INFO - Setting next_dagrun for etl_pipeline_final to 2026-01-31 00:00:00+00:00, run_after=2026-02-01 00:00:00+00:00
[2026-02-01T19:24:01.580+0000] {processor.py:183} INFO - Processing /opt/airflow/dags/etl.py took 0.824 seconds
[2026-02-01T19:24:33.930+0000] {processor.py:161} INFO - Started process (PID=25055) to work on /opt/airflow/dags/etl.py
[2026-02-01T19:24:33.931+0000] {processor.py:830} INFO - Processing file /opt/airflow/dags/etl.py for tasks to queue
[2026-02-01T19:24:33.932+0000] {logging_mixin.py:188} INFO - [2026-02-01T19:24:33.932+0000] {dagbag.py:545} INFO - Filling up the DagBag from /opt/airflow/dags/etl.py
[2026-02-01T19:24:34.403+0000] {processor.py:840} INFO - DAG(s) 'etl_pipeline_final' retrieved from /opt/airflow/dags/etl.py
[2026-02-01T19:24:34.437+0000] {logging_mixin.py:188} INFO - [2026-02-01T19:24:34.436+0000] {dag.py:3096} INFO - Sync 1 DAGs
[2026-02-01T19:24:34.458+0000] {logging_mixin.py:188} INFO - [2026-02-01T19:24:34.458+0000] {dag.py:3954} INFO - Setting next_dagrun for etl_pipeline_final to 2026-01-31 00:00:00+00:00, run_after=2026-02-01 00:00:00+00:00
[2026-02-01T19:24:34.490+0000] {processor.py:183} INFO - Processing /opt/airflow/dags/etl.py took 0.566 seconds
[2026-02-01T19:25:08.003+0000] {processor.py:161} INFO - Started process (PID=25099) to work on /opt/airflow/dags/etl.py
[2026-02-01T19:25:08.005+0000] {processor.py:830} INFO - Processing file /opt/airflow/dags/etl.py for tasks to queue
[2026-02-01T19:25:08.007+0000] {logging_mixin.py:188} INFO - [2026-02-01T19:25:08.006+0000] {dagbag.py:545} INFO - Filling up the DagBag from /opt/airflow/dags/etl.py
[2026-02-01T19:25:08.574+0000] {processor.py:840} INFO - DAG(s) 'etl_pipeline_final' retrieved from /opt/airflow/dags/etl.py
[2026-02-01T19:25:08.609+0000] {logging_mixin.py:188} INFO - [2026-02-01T19:25:08.609+0000] {dag.py:3096} INFO - Sync 1 DAGs
[2026-02-01T19:25:08.635+0000] {logging_mixin.py:188} INFO - [2026-02-01T19:25:08.635+0000] {dag.py:3954} INFO - Setting next_dagrun for etl_pipeline_final to 2026-01-31 00:00:00+00:00, run_after=2026-02-01 00:00:00+00:00
[2026-02-01T19:25:08.668+0000] {processor.py:183} INFO - Processing /opt/airflow/dags/etl.py took 0.675 seconds
[2026-02-01T19:25:41.116+0000] {processor.py:161} INFO - Started process (PID=25146) to work on /opt/airflow/dags/etl.py
[2026-02-01T19:25:41.116+0000] {processor.py:830} INFO - Processing file /opt/airflow/dags/etl.py for tasks to queue
[2026-02-01T19:25:41.118+0000] {logging_mixin.py:188} INFO - [2026-02-01T19:25:41.117+0000] {dagbag.py:545} INFO - Filling up the DagBag from /opt/airflow/dags/etl.py
[2026-02-01T19:25:41.469+0000] {processor.py:840} INFO - DAG(s) 'etl_pipeline_final' retrieved from /opt/airflow/dags/etl.py
[2026-02-01T19:25:41.491+0000] {logging_mixin.py:188} INFO - [2026-02-01T19:25:41.490+0000] {dag.py:3096} INFO - Sync 1 DAGs
[2026-02-01T19:25:41.513+0000] {logging_mixin.py:188} INFO - [2026-02-01T19:25:41.512+0000] {dag.py:3954} INFO - Setting next_dagrun for etl_pipeline_final to 2026-01-31 00:00:00+00:00, run_after=2026-02-01 00:00:00+00:00
[2026-02-01T19:25:41.536+0000] {processor.py:183} INFO - Processing /opt/airflow/dags/etl.py took 0.426 seconds
[2026-02-01T19:26:14.469+0000] {processor.py:161} INFO - Started process (PID=25196) to work on /opt/airflow/dags/etl.py
[2026-02-01T19:26:14.470+0000] {processor.py:830} INFO - Processing file /opt/airflow/dags/etl.py for tasks to queue
[2026-02-01T19:26:14.472+0000] {logging_mixin.py:188} INFO - [2026-02-01T19:26:14.471+0000] {dagbag.py:545} INFO - Filling up the DagBag from /opt/airflow/dags/etl.py
[2026-02-01T19:26:14.898+0000] {processor.py:840} INFO - DAG(s) 'etl_pipeline_final' retrieved from /opt/airflow/dags/etl.py
[2026-02-01T19:26:14.941+0000] {logging_mixin.py:188} INFO - [2026-02-01T19:26:14.940+0000] {dag.py:3096} INFO - Sync 1 DAGs
[2026-02-01T19:26:14.972+0000] {logging_mixin.py:188} INFO - [2026-02-01T19:26:14.972+0000] {dag.py:3954} INFO - Setting next_dagrun for etl_pipeline_final to 2026-01-31 00:00:00+00:00, run_after=2026-02-01 00:00:00+00:00
[2026-02-01T19:26:15.000+0000] {processor.py:183} INFO - Processing /opt/airflow/dags/etl.py took 0.540 seconds
[2026-02-01T19:26:47.381+0000] {processor.py:161} INFO - Started process (PID=25243) to work on /opt/airflow/dags/etl.py
[2026-02-01T19:26:47.382+0000] {processor.py:830} INFO - Processing file /opt/airflow/dags/etl.py for tasks to queue
[2026-02-01T19:26:47.383+0000] {logging_mixin.py:188} INFO - [2026-02-01T19:26:47.383+0000] {dagbag.py:545} INFO - Filling up the DagBag from /opt/airflow/dags/etl.py
[2026-02-01T19:26:47.778+0000] {processor.py:840} INFO - DAG(s) 'etl_pipeline_final' retrieved from /opt/airflow/dags/etl.py
[2026-02-01T19:26:47.814+0000] {logging_mixin.py:188} INFO - [2026-02-01T19:26:47.814+0000] {dag.py:3096} INFO - Sync 1 DAGs
[2026-02-01T19:26:47.841+0000] {logging_mixin.py:188} INFO - [2026-02-01T19:26:47.840+0000] {dag.py:3954} INFO - Setting next_dagrun for etl_pipeline_final to 2026-01-31 00:00:00+00:00, run_after=2026-02-01 00:00:00+00:00
[2026-02-01T19:26:47.866+0000] {processor.py:183} INFO - Processing /opt/airflow/dags/etl.py took 0.490 seconds
[2026-02-01T19:27:20.670+0000] {processor.py:161} INFO - Started process (PID=25290) to work on /opt/airflow/dags/etl.py
[2026-02-01T19:27:20.672+0000] {processor.py:830} INFO - Processing file /opt/airflow/dags/etl.py for tasks to queue
[2026-02-01T19:27:20.676+0000] {logging_mixin.py:188} INFO - [2026-02-01T19:27:20.676+0000] {dagbag.py:545} INFO - Filling up the DagBag from /opt/airflow/dags/etl.py
[2026-02-01T19:27:21.179+0000] {processor.py:840} INFO - DAG(s) 'etl_pipeline_final' retrieved from /opt/airflow/dags/etl.py
[2026-02-01T19:27:21.207+0000] {logging_mixin.py:188} INFO - [2026-02-01T19:27:21.207+0000] {dag.py:3096} INFO - Sync 1 DAGs
[2026-02-01T19:27:21.236+0000] {logging_mixin.py:188} INFO - [2026-02-01T19:27:21.235+0000] {dag.py:3954} INFO - Setting next_dagrun for etl_pipeline_final to 2026-01-31 00:00:00+00:00, run_after=2026-02-01 00:00:00+00:00
[2026-02-01T19:27:21.266+0000] {processor.py:183} INFO - Processing /opt/airflow/dags/etl.py took 0.606 seconds
[2026-02-01T19:27:54.531+0000] {processor.py:161} INFO - Started process (PID=25337) to work on /opt/airflow/dags/etl.py
[2026-02-01T19:27:54.532+0000] {processor.py:830} INFO - Processing file /opt/airflow/dags/etl.py for tasks to queue
[2026-02-01T19:27:54.533+0000] {logging_mixin.py:188} INFO - [2026-02-01T19:27:54.533+0000] {dagbag.py:545} INFO - Filling up the DagBag from /opt/airflow/dags/etl.py
[2026-02-01T19:27:55.194+0000] {processor.py:840} INFO - DAG(s) 'etl_pipeline_final' retrieved from /opt/airflow/dags/etl.py
[2026-02-01T19:27:55.234+0000] {logging_mixin.py:188} INFO - [2026-02-01T19:27:55.233+0000] {dag.py:3096} INFO - Sync 1 DAGs
[2026-02-01T19:27:55.266+0000] {logging_mixin.py:188} INFO - [2026-02-01T19:27:55.266+0000] {dag.py:3954} INFO - Setting next_dagrun for etl_pipeline_final to 2026-01-31 00:00:00+00:00, run_after=2026-02-01 00:00:00+00:00
[2026-02-01T19:27:55.312+0000] {processor.py:183} INFO - Processing /opt/airflow/dags/etl.py took 0.789 seconds
[2026-02-01T19:28:27.628+0000] {processor.py:161} INFO - Started process (PID=25384) to work on /opt/airflow/dags/etl.py
[2026-02-01T19:28:27.629+0000] {processor.py:830} INFO - Processing file /opt/airflow/dags/etl.py for tasks to queue
[2026-02-01T19:28:27.631+0000] {logging_mixin.py:188} INFO - [2026-02-01T19:28:27.630+0000] {dagbag.py:545} INFO - Filling up the DagBag from /opt/airflow/dags/etl.py
[2026-02-01T19:28:28.024+0000] {processor.py:840} INFO - DAG(s) 'etl_pipeline_final' retrieved from /opt/airflow/dags/etl.py
[2026-02-01T19:28:28.052+0000] {logging_mixin.py:188} INFO - [2026-02-01T19:28:28.051+0000] {dag.py:3096} INFO - Sync 1 DAGs
[2026-02-01T19:28:28.073+0000] {logging_mixin.py:188} INFO - [2026-02-01T19:28:28.072+0000] {dag.py:3954} INFO - Setting next_dagrun for etl_pipeline_final to 2026-01-31 00:00:00+00:00, run_after=2026-02-01 00:00:00+00:00
[2026-02-01T19:28:28.099+0000] {processor.py:183} INFO - Processing /opt/airflow/dags/etl.py took 0.476 seconds
[2026-02-01T19:29:00.999+0000] {processor.py:161} INFO - Started process (PID=25431) to work on /opt/airflow/dags/etl.py
[2026-02-01T19:29:01.000+0000] {processor.py:830} INFO - Processing file /opt/airflow/dags/etl.py for tasks to queue
[2026-02-01T19:29:01.001+0000] {logging_mixin.py:188} INFO - [2026-02-01T19:29:01.001+0000] {dagbag.py:545} INFO - Filling up the DagBag from /opt/airflow/dags/etl.py
[2026-02-01T19:29:01.364+0000] {processor.py:840} INFO - DAG(s) 'etl_pipeline_final' retrieved from /opt/airflow/dags/etl.py
[2026-02-01T19:29:01.391+0000] {logging_mixin.py:188} INFO - [2026-02-01T19:29:01.390+0000] {dag.py:3096} INFO - Sync 1 DAGs
[2026-02-01T19:29:01.414+0000] {logging_mixin.py:188} INFO - [2026-02-01T19:29:01.414+0000] {dag.py:3954} INFO - Setting next_dagrun for etl_pipeline_final to 2026-01-31 00:00:00+00:00, run_after=2026-02-01 00:00:00+00:00
[2026-02-01T19:29:01.440+0000] {processor.py:183} INFO - Processing /opt/airflow/dags/etl.py took 0.445 seconds
[2026-02-01T19:29:34.027+0000] {processor.py:161} INFO - Started process (PID=25478) to work on /opt/airflow/dags/etl.py
[2026-02-01T19:29:34.028+0000] {processor.py:830} INFO - Processing file /opt/airflow/dags/etl.py for tasks to queue
[2026-02-01T19:29:34.031+0000] {logging_mixin.py:188} INFO - [2026-02-01T19:29:34.031+0000] {dagbag.py:545} INFO - Filling up the DagBag from /opt/airflow/dags/etl.py
[2026-02-01T19:29:34.510+0000] {processor.py:840} INFO - DAG(s) 'etl_pipeline_final' retrieved from /opt/airflow/dags/etl.py
[2026-02-01T19:29:34.538+0000] {logging_mixin.py:188} INFO - [2026-02-01T19:29:34.537+0000] {dag.py:3096} INFO - Sync 1 DAGs
[2026-02-01T19:29:34.561+0000] {logging_mixin.py:188} INFO - [2026-02-01T19:29:34.560+0000] {dag.py:3954} INFO - Setting next_dagrun for etl_pipeline_final to 2026-01-31 00:00:00+00:00, run_after=2026-02-01 00:00:00+00:00
[2026-02-01T19:29:34.582+0000] {processor.py:183} INFO - Processing /opt/airflow/dags/etl.py took 0.560 seconds
[2026-02-01T19:30:07.695+0000] {processor.py:161} INFO - Started process (PID=25524) to work on /opt/airflow/dags/etl.py
[2026-02-01T19:30:07.696+0000] {processor.py:830} INFO - Processing file /opt/airflow/dags/etl.py for tasks to queue
[2026-02-01T19:30:07.698+0000] {logging_mixin.py:188} INFO - [2026-02-01T19:30:07.698+0000] {dagbag.py:545} INFO - Filling up the DagBag from /opt/airflow/dags/etl.py
[2026-02-01T19:30:08.201+0000] {processor.py:840} INFO - DAG(s) 'etl_pipeline_final' retrieved from /opt/airflow/dags/etl.py
[2026-02-01T19:30:08.234+0000] {logging_mixin.py:188} INFO - [2026-02-01T19:30:08.233+0000] {dag.py:3096} INFO - Sync 1 DAGs
[2026-02-01T19:30:08.265+0000] {logging_mixin.py:188} INFO - [2026-02-01T19:30:08.264+0000] {dag.py:3954} INFO - Setting next_dagrun for etl_pipeline_final to 2026-01-31 00:00:00+00:00, run_after=2026-02-01 00:00:00+00:00
[2026-02-01T19:30:08.296+0000] {processor.py:183} INFO - Processing /opt/airflow/dags/etl.py took 0.607 seconds
[2026-02-01T19:30:40.957+0000] {processor.py:161} INFO - Started process (PID=25573) to work on /opt/airflow/dags/etl.py
[2026-02-01T19:30:40.959+0000] {processor.py:830} INFO - Processing file /opt/airflow/dags/etl.py for tasks to queue
[2026-02-01T19:30:40.963+0000] {logging_mixin.py:188} INFO - [2026-02-01T19:30:40.962+0000] {dagbag.py:545} INFO - Filling up the DagBag from /opt/airflow/dags/etl.py
[2026-02-01T19:30:41.422+0000] {processor.py:840} INFO - DAG(s) 'etl_pipeline_final' retrieved from /opt/airflow/dags/etl.py
[2026-02-01T19:30:41.449+0000] {logging_mixin.py:188} INFO - [2026-02-01T19:30:41.448+0000] {dag.py:3096} INFO - Sync 1 DAGs
[2026-02-01T19:30:41.473+0000] {logging_mixin.py:188} INFO - [2026-02-01T19:30:41.473+0000] {dag.py:3954} INFO - Setting next_dagrun for etl_pipeline_final to 2026-01-31 00:00:00+00:00, run_after=2026-02-01 00:00:00+00:00
[2026-02-01T19:30:41.497+0000] {processor.py:183} INFO - Processing /opt/airflow/dags/etl.py took 0.545 seconds
[2026-02-01T19:31:14.404+0000] {processor.py:161} INFO - Started process (PID=25620) to work on /opt/airflow/dags/etl.py
[2026-02-01T19:31:14.406+0000] {processor.py:830} INFO - Processing file /opt/airflow/dags/etl.py for tasks to queue
[2026-02-01T19:31:14.409+0000] {logging_mixin.py:188} INFO - [2026-02-01T19:31:14.408+0000] {dagbag.py:545} INFO - Filling up the DagBag from /opt/airflow/dags/etl.py
[2026-02-01T19:31:15.358+0000] {processor.py:840} INFO - DAG(s) 'etl_pipeline_final' retrieved from /opt/airflow/dags/etl.py
[2026-02-01T19:31:15.415+0000] {logging_mixin.py:188} INFO - [2026-02-01T19:31:15.414+0000] {dag.py:3096} INFO - Sync 1 DAGs
[2026-02-01T19:31:15.463+0000] {logging_mixin.py:188} INFO - [2026-02-01T19:31:15.463+0000] {dag.py:3954} INFO - Setting next_dagrun for etl_pipeline_final to 2026-01-31 00:00:00+00:00, run_after=2026-02-01 00:00:00+00:00
[2026-02-01T19:31:15.509+0000] {processor.py:183} INFO - Processing /opt/airflow/dags/etl.py took 1.119 seconds
[2026-02-01T19:31:48.024+0000] {processor.py:161} INFO - Started process (PID=25667) to work on /opt/airflow/dags/etl.py
[2026-02-01T19:31:48.026+0000] {processor.py:830} INFO - Processing file /opt/airflow/dags/etl.py for tasks to queue
[2026-02-01T19:31:48.028+0000] {logging_mixin.py:188} INFO - [2026-02-01T19:31:48.028+0000] {dagbag.py:545} INFO - Filling up the DagBag from /opt/airflow/dags/etl.py
[2026-02-01T19:31:48.563+0000] {processor.py:840} INFO - DAG(s) 'etl_pipeline_final' retrieved from /opt/airflow/dags/etl.py
[2026-02-01T19:31:48.603+0000] {logging_mixin.py:188} INFO - [2026-02-01T19:31:48.602+0000] {dag.py:3096} INFO - Sync 1 DAGs
[2026-02-01T19:31:48.632+0000] {logging_mixin.py:188} INFO - [2026-02-01T19:31:48.632+0000] {dag.py:3954} INFO - Setting next_dagrun for etl_pipeline_final to 2026-01-31 00:00:00+00:00, run_after=2026-02-01 00:00:00+00:00
[2026-02-01T19:31:48.659+0000] {processor.py:183} INFO - Processing /opt/airflow/dags/etl.py took 0.642 seconds
[2026-02-01T19:32:21.199+0000] {processor.py:161} INFO - Started process (PID=25714) to work on /opt/airflow/dags/etl.py
[2026-02-01T19:32:21.200+0000] {processor.py:830} INFO - Processing file /opt/airflow/dags/etl.py for tasks to queue
[2026-02-01T19:32:21.202+0000] {logging_mixin.py:188} INFO - [2026-02-01T19:32:21.201+0000] {dagbag.py:545} INFO - Filling up the DagBag from /opt/airflow/dags/etl.py
[2026-02-01T19:32:21.701+0000] {processor.py:840} INFO - DAG(s) 'etl_pipeline_final' retrieved from /opt/airflow/dags/etl.py
[2026-02-01T19:32:21.753+0000] {logging_mixin.py:188} INFO - [2026-02-01T19:32:21.752+0000] {dag.py:3096} INFO - Sync 1 DAGs
[2026-02-01T19:32:21.805+0000] {logging_mixin.py:188} INFO - [2026-02-01T19:32:21.805+0000] {dag.py:3954} INFO - Setting next_dagrun for etl_pipeline_final to 2026-01-31 00:00:00+00:00, run_after=2026-02-01 00:00:00+00:00
[2026-02-01T19:32:21.840+0000] {processor.py:183} INFO - Processing /opt/airflow/dags/etl.py took 0.647 seconds
[2026-02-01T19:32:54.989+0000] {processor.py:161} INFO - Started process (PID=25762) to work on /opt/airflow/dags/etl.py
[2026-02-01T19:32:54.992+0000] {processor.py:830} INFO - Processing file /opt/airflow/dags/etl.py for tasks to queue
[2026-02-01T19:32:54.995+0000] {logging_mixin.py:188} INFO - [2026-02-01T19:32:54.995+0000] {dagbag.py:545} INFO - Filling up the DagBag from /opt/airflow/dags/etl.py
[2026-02-01T19:32:55.665+0000] {processor.py:840} INFO - DAG(s) 'etl_pipeline_final' retrieved from /opt/airflow/dags/etl.py
[2026-02-01T19:32:55.701+0000] {logging_mixin.py:188} INFO - [2026-02-01T19:32:55.701+0000] {dag.py:3096} INFO - Sync 1 DAGs
[2026-02-01T19:32:55.735+0000] {logging_mixin.py:188} INFO - [2026-02-01T19:32:55.735+0000] {dag.py:3954} INFO - Setting next_dagrun for etl_pipeline_final to 2026-01-31 00:00:00+00:00, run_after=2026-02-01 00:00:00+00:00
[2026-02-01T19:32:55.764+0000] {processor.py:183} INFO - Processing /opt/airflow/dags/etl.py took 0.786 seconds
[2026-02-01T19:33:30.989+0000] {processor.py:161} INFO - Started process (PID=25806) to work on /opt/airflow/dags/etl.py
[2026-02-01T19:33:30.991+0000] {processor.py:830} INFO - Processing file /opt/airflow/dags/etl.py for tasks to queue
[2026-02-01T19:33:30.994+0000] {logging_mixin.py:188} INFO - [2026-02-01T19:33:30.994+0000] {dagbag.py:545} INFO - Filling up the DagBag from /opt/airflow/dags/etl.py
[2026-02-01T19:33:31.557+0000] {processor.py:840} INFO - DAG(s) 'etl_pipeline_final' retrieved from /opt/airflow/dags/etl.py
[2026-02-01T19:33:31.593+0000] {logging_mixin.py:188} INFO - [2026-02-01T19:33:31.593+0000] {dag.py:3096} INFO - Sync 1 DAGs
[2026-02-01T19:33:31.625+0000] {logging_mixin.py:188} INFO - [2026-02-01T19:33:31.625+0000] {dag.py:3954} INFO - Setting next_dagrun for etl_pipeline_final to 2026-01-31 00:00:00+00:00, run_after=2026-02-01 00:00:00+00:00
[2026-02-01T19:33:31.654+0000] {processor.py:183} INFO - Processing /opt/airflow/dags/etl.py took 0.675 seconds
[2026-02-01T19:34:01.734+0000] {processor.py:161} INFO - Started process (PID=25835) to work on /opt/airflow/dags/etl.py
[2026-02-01T19:34:01.736+0000] {processor.py:830} INFO - Processing file /opt/airflow/dags/etl.py for tasks to queue
[2026-02-01T19:34:01.737+0000] {logging_mixin.py:188} INFO - [2026-02-01T19:34:01.737+0000] {dagbag.py:545} INFO - Filling up the DagBag from /opt/airflow/dags/etl.py
[2026-02-01T19:34:02.178+0000] {processor.py:840} INFO - DAG(s) 'etl_pipeline_final' retrieved from /opt/airflow/dags/etl.py
[2026-02-01T19:34:02.202+0000] {logging_mixin.py:188} INFO - [2026-02-01T19:34:02.202+0000] {dag.py:3096} INFO - Sync 1 DAGs
[2026-02-01T19:34:02.220+0000] {logging_mixin.py:188} INFO - [2026-02-01T19:34:02.220+0000] {dag.py:3954} INFO - Setting next_dagrun for etl_pipeline_final to 2026-01-31 00:00:00+00:00, run_after=2026-02-01 00:00:00+00:00
[2026-02-01T19:34:02.241+0000] {processor.py:183} INFO - Processing /opt/airflow/dags/etl.py took 0.513 seconds
[2026-02-01T19:34:34.427+0000] {processor.py:161} INFO - Started process (PID=25881) to work on /opt/airflow/dags/etl.py
[2026-02-01T19:34:34.428+0000] {processor.py:830} INFO - Processing file /opt/airflow/dags/etl.py for tasks to queue
[2026-02-01T19:34:34.430+0000] {logging_mixin.py:188} INFO - [2026-02-01T19:34:34.429+0000] {dagbag.py:545} INFO - Filling up the DagBag from /opt/airflow/dags/etl.py
[2026-02-01T19:34:35.137+0000] {processor.py:840} INFO - DAG(s) 'etl_pipeline_final' retrieved from /opt/airflow/dags/etl.py
[2026-02-01T19:34:35.170+0000] {logging_mixin.py:188} INFO - [2026-02-01T19:34:35.169+0000] {dag.py:3096} INFO - Sync 1 DAGs
[2026-02-01T19:34:35.199+0000] {logging_mixin.py:188} INFO - [2026-02-01T19:34:35.198+0000] {dag.py:3954} INFO - Setting next_dagrun for etl_pipeline_final to 2026-01-31 00:00:00+00:00, run_after=2026-02-01 00:00:00+00:00
[2026-02-01T19:34:35.231+0000] {processor.py:183} INFO - Processing /opt/airflow/dags/etl.py took 0.813 seconds
[2026-02-01T19:35:07.716+0000] {processor.py:161} INFO - Started process (PID=25928) to work on /opt/airflow/dags/etl.py
[2026-02-01T19:35:07.718+0000] {processor.py:830} INFO - Processing file /opt/airflow/dags/etl.py for tasks to queue
[2026-02-01T19:35:07.719+0000] {logging_mixin.py:188} INFO - [2026-02-01T19:35:07.719+0000] {dagbag.py:545} INFO - Filling up the DagBag from /opt/airflow/dags/etl.py
[2026-02-01T19:35:08.106+0000] {processor.py:840} INFO - DAG(s) 'etl_pipeline_final' retrieved from /opt/airflow/dags/etl.py
[2026-02-01T19:35:08.131+0000] {logging_mixin.py:188} INFO - [2026-02-01T19:35:08.131+0000] {dag.py:3096} INFO - Sync 1 DAGs
[2026-02-01T19:35:08.153+0000] {logging_mixin.py:188} INFO - [2026-02-01T19:35:08.152+0000] {dag.py:3954} INFO - Setting next_dagrun for etl_pipeline_final to 2026-01-31 00:00:00+00:00, run_after=2026-02-01 00:00:00+00:00
[2026-02-01T19:35:08.177+0000] {processor.py:183} INFO - Processing /opt/airflow/dags/etl.py took 0.466 seconds
[2026-02-01T19:35:40.924+0000] {processor.py:161} INFO - Started process (PID=25975) to work on /opt/airflow/dags/etl.py
[2026-02-01T19:35:40.925+0000] {processor.py:830} INFO - Processing file /opt/airflow/dags/etl.py for tasks to queue
[2026-02-01T19:35:40.927+0000] {logging_mixin.py:188} INFO - [2026-02-01T19:35:40.927+0000] {dagbag.py:545} INFO - Filling up the DagBag from /opt/airflow/dags/etl.py
[2026-02-01T19:35:41.326+0000] {processor.py:840} INFO - DAG(s) 'etl_pipeline_final' retrieved from /opt/airflow/dags/etl.py
[2026-02-01T19:35:41.351+0000] {logging_mixin.py:188} INFO - [2026-02-01T19:35:41.350+0000] {dag.py:3096} INFO - Sync 1 DAGs
[2026-02-01T19:35:41.372+0000] {logging_mixin.py:188} INFO - [2026-02-01T19:35:41.372+0000] {dag.py:3954} INFO - Setting next_dagrun for etl_pipeline_final to 2026-01-31 00:00:00+00:00, run_after=2026-02-01 00:00:00+00:00
[2026-02-01T19:35:41.393+0000] {processor.py:183} INFO - Processing /opt/airflow/dags/etl.py took 0.476 seconds
[2026-02-01T19:36:14.481+0000] {processor.py:161} INFO - Started process (PID=26023) to work on /opt/airflow/dags/etl.py
[2026-02-01T19:36:14.484+0000] {processor.py:830} INFO - Processing file /opt/airflow/dags/etl.py for tasks to queue
[2026-02-01T19:36:14.488+0000] {logging_mixin.py:188} INFO - [2026-02-01T19:36:14.487+0000] {dagbag.py:545} INFO - Filling up the DagBag from /opt/airflow/dags/etl.py
[2026-02-01T19:36:15.253+0000] {processor.py:840} INFO - DAG(s) 'etl_pipeline_final' retrieved from /opt/airflow/dags/etl.py
[2026-02-01T19:36:15.300+0000] {logging_mixin.py:188} INFO - [2026-02-01T19:36:15.300+0000] {dag.py:3096} INFO - Sync 1 DAGs
[2026-02-01T19:36:15.329+0000] {logging_mixin.py:188} INFO - [2026-02-01T19:36:15.329+0000] {dag.py:3954} INFO - Setting next_dagrun for etl_pipeline_final to 2026-01-31 00:00:00+00:00, run_after=2026-02-01 00:00:00+00:00
[2026-02-01T19:36:15.363+0000] {processor.py:183} INFO - Processing /opt/airflow/dags/etl.py took 0.892 seconds
[2026-02-01T19:36:47.979+0000] {processor.py:161} INFO - Started process (PID=26070) to work on /opt/airflow/dags/etl.py
[2026-02-01T19:36:47.980+0000] {processor.py:830} INFO - Processing file /opt/airflow/dags/etl.py for tasks to queue
[2026-02-01T19:36:47.981+0000] {logging_mixin.py:188} INFO - [2026-02-01T19:36:47.981+0000] {dagbag.py:545} INFO - Filling up the DagBag from /opt/airflow/dags/etl.py
[2026-02-01T19:36:48.374+0000] {processor.py:840} INFO - DAG(s) 'etl_pipeline_final' retrieved from /opt/airflow/dags/etl.py
[2026-02-01T19:36:48.407+0000] {logging_mixin.py:188} INFO - [2026-02-01T19:36:48.407+0000] {dag.py:3096} INFO - Sync 1 DAGs
[2026-02-01T19:36:48.428+0000] {logging_mixin.py:188} INFO - [2026-02-01T19:36:48.428+0000] {dag.py:3954} INFO - Setting next_dagrun for etl_pipeline_final to 2026-01-31 00:00:00+00:00, run_after=2026-02-01 00:00:00+00:00
[2026-02-01T19:36:48.451+0000] {processor.py:183} INFO - Processing /opt/airflow/dags/etl.py took 0.476 seconds
[2026-02-01T19:37:20.955+0000] {processor.py:161} INFO - Started process (PID=26117) to work on /opt/airflow/dags/etl.py
[2026-02-01T19:37:20.958+0000] {processor.py:830} INFO - Processing file /opt/airflow/dags/etl.py for tasks to queue
[2026-02-01T19:37:20.960+0000] {logging_mixin.py:188} INFO - [2026-02-01T19:37:20.960+0000] {dagbag.py:545} INFO - Filling up the DagBag from /opt/airflow/dags/etl.py
[2026-02-01T19:37:21.440+0000] {processor.py:840} INFO - DAG(s) 'etl_pipeline_final' retrieved from /opt/airflow/dags/etl.py
[2026-02-01T19:37:21.472+0000] {logging_mixin.py:188} INFO - [2026-02-01T19:37:21.471+0000] {dag.py:3096} INFO - Sync 1 DAGs
[2026-02-01T19:37:21.495+0000] {logging_mixin.py:188} INFO - [2026-02-01T19:37:21.495+0000] {dag.py:3954} INFO - Setting next_dagrun for etl_pipeline_final to 2026-01-31 00:00:00+00:00, run_after=2026-02-01 00:00:00+00:00
[2026-02-01T19:37:21.522+0000] {processor.py:183} INFO - Processing /opt/airflow/dags/etl.py took 0.573 seconds
[2026-02-01T19:37:54.925+0000] {processor.py:161} INFO - Started process (PID=26164) to work on /opt/airflow/dags/etl.py
[2026-02-01T19:37:54.926+0000] {processor.py:830} INFO - Processing file /opt/airflow/dags/etl.py for tasks to queue
[2026-02-01T19:37:54.927+0000] {logging_mixin.py:188} INFO - [2026-02-01T19:37:54.927+0000] {dagbag.py:545} INFO - Filling up the DagBag from /opt/airflow/dags/etl.py
[2026-02-01T19:37:55.450+0000] {processor.py:840} INFO - DAG(s) 'etl_pipeline_final' retrieved from /opt/airflow/dags/etl.py
[2026-02-01T19:37:55.498+0000] {logging_mixin.py:188} INFO - [2026-02-01T19:37:55.497+0000] {dag.py:3096} INFO - Sync 1 DAGs
[2026-02-01T19:37:55.522+0000] {logging_mixin.py:188} INFO - [2026-02-01T19:37:55.522+0000] {dag.py:3954} INFO - Setting next_dagrun for etl_pipeline_final to 2026-01-31 00:00:00+00:00, run_after=2026-02-01 00:00:00+00:00
[2026-02-01T19:37:55.550+0000] {processor.py:183} INFO - Processing /opt/airflow/dags/etl.py took 0.633 seconds
[2026-02-01T19:38:27.871+0000] {processor.py:161} INFO - Started process (PID=26211) to work on /opt/airflow/dags/etl.py
[2026-02-01T19:38:27.874+0000] {processor.py:830} INFO - Processing file /opt/airflow/dags/etl.py for tasks to queue
[2026-02-01T19:38:27.876+0000] {logging_mixin.py:188} INFO - [2026-02-01T19:38:27.876+0000] {dagbag.py:545} INFO - Filling up the DagBag from /opt/airflow/dags/etl.py
[2026-02-01T19:38:28.626+0000] {processor.py:840} INFO - DAG(s) 'etl_pipeline_final' retrieved from /opt/airflow/dags/etl.py
[2026-02-01T19:38:28.670+0000] {logging_mixin.py:188} INFO - [2026-02-01T19:38:28.669+0000] {dag.py:3096} INFO - Sync 1 DAGs
[2026-02-01T19:38:28.702+0000] {logging_mixin.py:188} INFO - [2026-02-01T19:38:28.702+0000] {dag.py:3954} INFO - Setting next_dagrun for etl_pipeline_final to 2026-01-31 00:00:00+00:00, run_after=2026-02-01 00:00:00+00:00
[2026-02-01T19:38:28.738+0000] {processor.py:183} INFO - Processing /opt/airflow/dags/etl.py took 0.879 seconds
[2026-02-01T19:39:01.137+0000] {processor.py:161} INFO - Started process (PID=26257) to work on /opt/airflow/dags/etl.py
[2026-02-01T19:39:01.138+0000] {processor.py:830} INFO - Processing file /opt/airflow/dags/etl.py for tasks to queue
[2026-02-01T19:39:01.140+0000] {logging_mixin.py:188} INFO - [2026-02-01T19:39:01.139+0000] {dagbag.py:545} INFO - Filling up the DagBag from /opt/airflow/dags/etl.py
[2026-02-01T19:39:01.667+0000] {processor.py:840} INFO - DAG(s) 'etl_pipeline_final' retrieved from /opt/airflow/dags/etl.py
[2026-02-01T19:39:01.705+0000] {logging_mixin.py:188} INFO - [2026-02-01T19:39:01.703+0000] {dag.py:3096} INFO - Sync 1 DAGs
[2026-02-01T19:39:01.729+0000] {logging_mixin.py:188} INFO - [2026-02-01T19:39:01.728+0000] {dag.py:3954} INFO - Setting next_dagrun for etl_pipeline_final to 2026-01-31 00:00:00+00:00, run_after=2026-02-01 00:00:00+00:00
[2026-02-01T19:39:01.760+0000] {processor.py:183} INFO - Processing /opt/airflow/dags/etl.py took 0.630 seconds
[2026-02-01T19:39:34.227+0000] {processor.py:161} INFO - Started process (PID=26302) to work on /opt/airflow/dags/etl.py
[2026-02-01T19:39:34.229+0000] {processor.py:830} INFO - Processing file /opt/airflow/dags/etl.py for tasks to queue
[2026-02-01T19:39:34.231+0000] {logging_mixin.py:188} INFO - [2026-02-01T19:39:34.231+0000] {dagbag.py:545} INFO - Filling up the DagBag from /opt/airflow/dags/etl.py
[2026-02-01T19:39:34.682+0000] {processor.py:840} INFO - DAG(s) 'etl_pipeline_final' retrieved from /opt/airflow/dags/etl.py
[2026-02-01T19:39:34.708+0000] {logging_mixin.py:188} INFO - [2026-02-01T19:39:34.707+0000] {dag.py:3096} INFO - Sync 1 DAGs
[2026-02-01T19:39:34.724+0000] {logging_mixin.py:188} INFO - [2026-02-01T19:39:34.724+0000] {dag.py:3954} INFO - Setting next_dagrun for etl_pipeline_final to 2026-01-31 00:00:00+00:00, run_after=2026-02-01 00:00:00+00:00
[2026-02-01T19:39:34.742+0000] {processor.py:183} INFO - Processing /opt/airflow/dags/etl.py took 0.522 seconds
[2026-02-01T19:40:08.312+0000] {processor.py:161} INFO - Started process (PID=26352) to work on /opt/airflow/dags/etl.py
[2026-02-01T19:40:08.313+0000] {processor.py:830} INFO - Processing file /opt/airflow/dags/etl.py for tasks to queue
[2026-02-01T19:40:08.315+0000] {logging_mixin.py:188} INFO - [2026-02-01T19:40:08.314+0000] {dagbag.py:545} INFO - Filling up the DagBag from /opt/airflow/dags/etl.py
[2026-02-01T19:40:08.793+0000] {processor.py:840} INFO - DAG(s) 'etl_pipeline_final' retrieved from /opt/airflow/dags/etl.py
[2026-02-01T19:40:08.829+0000] {logging_mixin.py:188} INFO - [2026-02-01T19:40:08.828+0000] {dag.py:3096} INFO - Sync 1 DAGs
[2026-02-01T19:40:08.856+0000] {logging_mixin.py:188} INFO - [2026-02-01T19:40:08.855+0000] {dag.py:3954} INFO - Setting next_dagrun for etl_pipeline_final to 2026-01-31 00:00:00+00:00, run_after=2026-02-01 00:00:00+00:00
[2026-02-01T19:40:08.886+0000] {processor.py:183} INFO - Processing /opt/airflow/dags/etl.py took 0.581 seconds
[2026-02-01T19:40:41.811+0000] {processor.py:161} INFO - Started process (PID=26399) to work on /opt/airflow/dags/etl.py
[2026-02-01T19:40:41.813+0000] {processor.py:830} INFO - Processing file /opt/airflow/dags/etl.py for tasks to queue
[2026-02-01T19:40:41.815+0000] {logging_mixin.py:188} INFO - [2026-02-01T19:40:41.815+0000] {dagbag.py:545} INFO - Filling up the DagBag from /opt/airflow/dags/etl.py
[2026-02-01T19:40:42.240+0000] {processor.py:840} INFO - DAG(s) 'etl_pipeline_final' retrieved from /opt/airflow/dags/etl.py
[2026-02-01T19:40:42.266+0000] {logging_mixin.py:188} INFO - [2026-02-01T19:40:42.265+0000] {dag.py:3096} INFO - Sync 1 DAGs
[2026-02-01T19:40:42.288+0000] {logging_mixin.py:188} INFO - [2026-02-01T19:40:42.287+0000] {dag.py:3954} INFO - Setting next_dagrun for etl_pipeline_final to 2026-01-31 00:00:00+00:00, run_after=2026-02-01 00:00:00+00:00
[2026-02-01T19:40:42.311+0000] {processor.py:183} INFO - Processing /opt/airflow/dags/etl.py took 0.505 seconds
[2026-02-01T19:41:15.072+0000] {processor.py:161} INFO - Started process (PID=26446) to work on /opt/airflow/dags/etl.py
[2026-02-01T19:41:15.076+0000] {processor.py:830} INFO - Processing file /opt/airflow/dags/etl.py for tasks to queue
[2026-02-01T19:41:15.081+0000] {logging_mixin.py:188} INFO - [2026-02-01T19:41:15.080+0000] {dagbag.py:545} INFO - Filling up the DagBag from /opt/airflow/dags/etl.py
[2026-02-01T19:41:15.891+0000] {processor.py:840} INFO - DAG(s) 'etl_pipeline_final' retrieved from /opt/airflow/dags/etl.py
[2026-02-01T19:41:15.936+0000] {logging_mixin.py:188} INFO - [2026-02-01T19:41:15.935+0000] {dag.py:3096} INFO - Sync 1 DAGs
[2026-02-01T19:41:15.980+0000] {logging_mixin.py:188} INFO - [2026-02-01T19:41:15.980+0000] {dag.py:3954} INFO - Setting next_dagrun for etl_pipeline_final to 2026-01-31 00:00:00+00:00, run_after=2026-02-01 00:00:00+00:00
[2026-02-01T19:41:16.026+0000] {processor.py:183} INFO - Processing /opt/airflow/dags/etl.py took 0.965 seconds
[2026-02-01T19:41:48.009+0000] {processor.py:161} INFO - Started process (PID=26490) to work on /opt/airflow/dags/etl.py
[2026-02-01T19:41:48.010+0000] {processor.py:830} INFO - Processing file /opt/airflow/dags/etl.py for tasks to queue
[2026-02-01T19:41:48.011+0000] {logging_mixin.py:188} INFO - [2026-02-01T19:41:48.011+0000] {dagbag.py:545} INFO - Filling up the DagBag from /opt/airflow/dags/etl.py
[2026-02-01T19:41:48.351+0000] {processor.py:840} INFO - DAG(s) 'etl_pipeline_final' retrieved from /opt/airflow/dags/etl.py
[2026-02-01T19:41:48.371+0000] {logging_mixin.py:188} INFO - [2026-02-01T19:41:48.371+0000] {dag.py:3096} INFO - Sync 1 DAGs
[2026-02-01T19:41:48.390+0000] {logging_mixin.py:188} INFO - [2026-02-01T19:41:48.389+0000] {dag.py:3954} INFO - Setting next_dagrun for etl_pipeline_final to 2026-01-31 00:00:00+00:00, run_after=2026-02-01 00:00:00+00:00
[2026-02-01T19:41:48.409+0000] {processor.py:183} INFO - Processing /opt/airflow/dags/etl.py took 0.405 seconds
[2026-02-01T19:42:21.623+0000] {processor.py:161} INFO - Started process (PID=26540) to work on /opt/airflow/dags/etl.py
[2026-02-01T19:42:21.624+0000] {processor.py:830} INFO - Processing file /opt/airflow/dags/etl.py for tasks to queue
[2026-02-01T19:42:21.625+0000] {logging_mixin.py:188} INFO - [2026-02-01T19:42:21.625+0000] {dagbag.py:545} INFO - Filling up the DagBag from /opt/airflow/dags/etl.py
[2026-02-01T19:42:22.193+0000] {processor.py:840} INFO - DAG(s) 'etl_pipeline_final' retrieved from /opt/airflow/dags/etl.py
[2026-02-01T19:42:22.241+0000] {logging_mixin.py:188} INFO - [2026-02-01T19:42:22.239+0000] {dag.py:3096} INFO - Sync 1 DAGs
[2026-02-01T19:42:22.277+0000] {logging_mixin.py:188} INFO - [2026-02-01T19:42:22.277+0000] {dag.py:3954} INFO - Setting next_dagrun for etl_pipeline_final to 2026-01-31 00:00:00+00:00, run_after=2026-02-01 00:00:00+00:00
[2026-02-01T19:42:22.312+0000] {processor.py:183} INFO - Processing /opt/airflow/dags/etl.py took 0.695 seconds
[2026-02-01T19:42:54.451+0000] {processor.py:161} INFO - Started process (PID=26584) to work on /opt/airflow/dags/etl.py
[2026-02-01T19:42:54.454+0000] {processor.py:830} INFO - Processing file /opt/airflow/dags/etl.py for tasks to queue
[2026-02-01T19:42:54.456+0000] {logging_mixin.py:188} INFO - [2026-02-01T19:42:54.456+0000] {dagbag.py:545} INFO - Filling up the DagBag from /opt/airflow/dags/etl.py
[2026-02-01T19:42:54.880+0000] {processor.py:840} INFO - DAG(s) 'etl_pipeline_final' retrieved from /opt/airflow/dags/etl.py
[2026-02-01T19:42:54.904+0000] {logging_mixin.py:188} INFO - [2026-02-01T19:42:54.903+0000] {dag.py:3096} INFO - Sync 1 DAGs
[2026-02-01T19:42:54.927+0000] {logging_mixin.py:188} INFO - [2026-02-01T19:42:54.926+0000] {dag.py:3954} INFO - Setting next_dagrun for etl_pipeline_final to 2026-01-31 00:00:00+00:00, run_after=2026-02-01 00:00:00+00:00
[2026-02-01T19:42:54.946+0000] {processor.py:183} INFO - Processing /opt/airflow/dags/etl.py took 0.502 seconds
[2026-02-01T19:43:27.747+0000] {processor.py:161} INFO - Started process (PID=26626) to work on /opt/airflow/dags/etl.py
[2026-02-01T19:43:27.748+0000] {processor.py:830} INFO - Processing file /opt/airflow/dags/etl.py for tasks to queue
[2026-02-01T19:43:27.751+0000] {logging_mixin.py:188} INFO - [2026-02-01T19:43:27.750+0000] {dagbag.py:545} INFO - Filling up the DagBag from /opt/airflow/dags/etl.py
[2026-02-01T19:43:28.265+0000] {processor.py:840} INFO - DAG(s) 'etl_pipeline_final' retrieved from /opt/airflow/dags/etl.py
[2026-02-01T19:43:28.301+0000] {logging_mixin.py:188} INFO - [2026-02-01T19:43:28.300+0000] {dag.py:3096} INFO - Sync 1 DAGs
[2026-02-01T19:43:28.335+0000] {logging_mixin.py:188} INFO - [2026-02-01T19:43:28.335+0000] {dag.py:3954} INFO - Setting next_dagrun for etl_pipeline_final to 2026-01-31 00:00:00+00:00, run_after=2026-02-01 00:00:00+00:00
[2026-02-01T19:43:28.364+0000] {processor.py:183} INFO - Processing /opt/airflow/dags/etl.py took 0.624 seconds
[2026-02-01T19:44:06.796+0000] {processor.py:161} INFO - Started process (PID=26682) to work on /opt/airflow/dags/etl.py
[2026-02-01T19:44:06.799+0000] {processor.py:830} INFO - Processing file /opt/airflow/dags/etl.py for tasks to queue
[2026-02-01T19:44:06.801+0000] {logging_mixin.py:188} INFO - [2026-02-01T19:44:06.800+0000] {dagbag.py:545} INFO - Filling up the DagBag from /opt/airflow/dags/etl.py
[2026-02-01T19:44:07.344+0000] {processor.py:840} INFO - DAG(s) 'etl_pipeline_final' retrieved from /opt/airflow/dags/etl.py
[2026-02-01T19:44:07.379+0000] {logging_mixin.py:188} INFO - [2026-02-01T19:44:07.378+0000] {dag.py:3096} INFO - Sync 1 DAGs
[2026-02-01T19:44:07.407+0000] {logging_mixin.py:188} INFO - [2026-02-01T19:44:07.406+0000] {dag.py:3954} INFO - Setting next_dagrun for etl_pipeline_final to 2026-01-31 00:00:00+00:00, run_after=2026-02-01 00:00:00+00:00
[2026-02-01T19:44:07.436+0000] {processor.py:183} INFO - Processing /opt/airflow/dags/etl.py took 0.647 seconds
[2026-02-01T19:44:40.780+0000] {processor.py:161} INFO - Started process (PID=26726) to work on /opt/airflow/dags/etl.py
[2026-02-01T19:44:40.783+0000] {processor.py:830} INFO - Processing file /opt/airflow/dags/etl.py for tasks to queue
[2026-02-01T19:44:40.787+0000] {logging_mixin.py:188} INFO - [2026-02-01T19:44:40.786+0000] {dagbag.py:545} INFO - Filling up the DagBag from /opt/airflow/dags/etl.py
[2026-02-01T19:44:41.297+0000] {processor.py:840} INFO - DAG(s) 'etl_pipeline_final' retrieved from /opt/airflow/dags/etl.py
[2026-02-01T19:44:41.326+0000] {logging_mixin.py:188} INFO - [2026-02-01T19:44:41.325+0000] {dag.py:3096} INFO - Sync 1 DAGs
[2026-02-01T19:44:41.348+0000] {logging_mixin.py:188} INFO - [2026-02-01T19:44:41.348+0000] {dag.py:3954} INFO - Setting next_dagrun for etl_pipeline_final to 2026-01-31 00:00:00+00:00, run_after=2026-02-01 00:00:00+00:00
[2026-02-01T19:44:41.372+0000] {processor.py:183} INFO - Processing /opt/airflow/dags/etl.py took 0.603 seconds
[2026-02-01T19:45:11.618+0000] {processor.py:161} INFO - Started process (PID=26755) to work on /opt/airflow/dags/etl.py
[2026-02-01T19:45:11.620+0000] {processor.py:830} INFO - Processing file /opt/airflow/dags/etl.py for tasks to queue
[2026-02-01T19:45:11.622+0000] {logging_mixin.py:188} INFO - [2026-02-01T19:45:11.621+0000] {dagbag.py:545} INFO - Filling up the DagBag from /opt/airflow/dags/etl.py
[2026-02-01T19:45:12.126+0000] {processor.py:840} INFO - DAG(s) 'etl_pipeline_final' retrieved from /opt/airflow/dags/etl.py
[2026-02-01T19:45:12.157+0000] {logging_mixin.py:188} INFO - [2026-02-01T19:45:12.156+0000] {dag.py:3096} INFO - Sync 1 DAGs
[2026-02-01T19:45:12.182+0000] {logging_mixin.py:188} INFO - [2026-02-01T19:45:12.182+0000] {dag.py:3954} INFO - Setting next_dagrun for etl_pipeline_final to 2026-01-31 00:00:00+00:00, run_after=2026-02-01 00:00:00+00:00
[2026-02-01T19:45:12.211+0000] {processor.py:183} INFO - Processing /opt/airflow/dags/etl.py took 0.598 seconds
[2026-02-01T19:45:42.532+0000] {processor.py:161} INFO - Started process (PID=26795) to work on /opt/airflow/dags/etl.py
[2026-02-01T19:45:42.533+0000] {processor.py:830} INFO - Processing file /opt/airflow/dags/etl.py for tasks to queue
[2026-02-01T19:45:42.535+0000] {logging_mixin.py:188} INFO - [2026-02-01T19:45:42.534+0000] {dagbag.py:545} INFO - Filling up the DagBag from /opt/airflow/dags/etl.py
[2026-02-01T19:45:43.036+0000] {processor.py:840} INFO - DAG(s) 'etl_pipeline_final' retrieved from /opt/airflow/dags/etl.py
[2026-02-01T19:45:43.069+0000] {logging_mixin.py:188} INFO - [2026-02-01T19:45:43.069+0000] {dag.py:3096} INFO - Sync 1 DAGs
[2026-02-01T19:45:43.092+0000] {logging_mixin.py:188} INFO - [2026-02-01T19:45:43.092+0000] {dag.py:3954} INFO - Setting next_dagrun for etl_pipeline_final to 2026-01-31 00:00:00+00:00, run_after=2026-02-01 00:00:00+00:00
[2026-02-01T19:45:43.117+0000] {processor.py:183} INFO - Processing /opt/airflow/dags/etl.py took 0.590 seconds
[2026-02-01T19:46:14.655+0000] {processor.py:161} INFO - Started process (PID=26841) to work on /opt/airflow/dags/etl.py
[2026-02-01T19:46:14.656+0000] {processor.py:830} INFO - Processing file /opt/airflow/dags/etl.py for tasks to queue
[2026-02-01T19:46:14.660+0000] {logging_mixin.py:188} INFO - [2026-02-01T19:46:14.660+0000] {dagbag.py:545} INFO - Filling up the DagBag from /opt/airflow/dags/etl.py
[2026-02-01T19:46:15.178+0000] {processor.py:840} INFO - DAG(s) 'etl_pipeline_final' retrieved from /opt/airflow/dags/etl.py
[2026-02-01T19:46:15.212+0000] {logging_mixin.py:188} INFO - [2026-02-01T19:46:15.211+0000] {dag.py:3096} INFO - Sync 1 DAGs
[2026-02-01T19:46:15.238+0000] {logging_mixin.py:188} INFO - [2026-02-01T19:46:15.238+0000] {dag.py:3954} INFO - Setting next_dagrun for etl_pipeline_final to 2026-01-31 00:00:00+00:00, run_after=2026-02-01 00:00:00+00:00
[2026-02-01T19:46:15.264+0000] {processor.py:183} INFO - Processing /opt/airflow/dags/etl.py took 0.617 seconds
[2026-02-01T19:46:48.023+0000] {processor.py:161} INFO - Started process (PID=26888) to work on /opt/airflow/dags/etl.py
[2026-02-01T19:46:48.024+0000] {processor.py:830} INFO - Processing file /opt/airflow/dags/etl.py for tasks to queue
[2026-02-01T19:46:48.026+0000] {logging_mixin.py:188} INFO - [2026-02-01T19:46:48.026+0000] {dagbag.py:545} INFO - Filling up the DagBag from /opt/airflow/dags/etl.py
[2026-02-01T19:46:48.462+0000] {processor.py:840} INFO - DAG(s) 'etl_pipeline_final' retrieved from /opt/airflow/dags/etl.py
[2026-02-01T19:46:48.492+0000] {logging_mixin.py:188} INFO - [2026-02-01T19:46:48.491+0000] {dag.py:3096} INFO - Sync 1 DAGs
[2026-02-01T19:46:48.511+0000] {logging_mixin.py:188} INFO - [2026-02-01T19:46:48.511+0000] {dag.py:3954} INFO - Setting next_dagrun for etl_pipeline_final to 2026-01-31 00:00:00+00:00, run_after=2026-02-01 00:00:00+00:00
[2026-02-01T19:46:48.539+0000] {processor.py:183} INFO - Processing /opt/airflow/dags/etl.py took 0.521 seconds
[2026-02-01T19:47:21.164+0000] {processor.py:161} INFO - Started process (PID=26935) to work on /opt/airflow/dags/etl.py
[2026-02-01T19:47:21.166+0000] {processor.py:830} INFO - Processing file /opt/airflow/dags/etl.py for tasks to queue
[2026-02-01T19:47:21.168+0000] {logging_mixin.py:188} INFO - [2026-02-01T19:47:21.168+0000] {dagbag.py:545} INFO - Filling up the DagBag from /opt/airflow/dags/etl.py
[2026-02-01T19:47:21.879+0000] {processor.py:840} INFO - DAG(s) 'etl_pipeline_final' retrieved from /opt/airflow/dags/etl.py
[2026-02-01T19:47:21.931+0000] {logging_mixin.py:188} INFO - [2026-02-01T19:47:21.930+0000] {dag.py:3096} INFO - Sync 1 DAGs
[2026-02-01T19:47:21.962+0000] {logging_mixin.py:188} INFO - [2026-02-01T19:47:21.962+0000] {dag.py:3954} INFO - Setting next_dagrun for etl_pipeline_final to 2026-01-31 00:00:00+00:00, run_after=2026-02-01 00:00:00+00:00
[2026-02-01T19:47:21.998+0000] {processor.py:183} INFO - Processing /opt/airflow/dags/etl.py took 0.843 seconds
[2026-02-01T19:47:54.523+0000] {processor.py:161} INFO - Started process (PID=26979) to work on /opt/airflow/dags/etl.py
[2026-02-01T19:47:54.524+0000] {processor.py:830} INFO - Processing file /opt/airflow/dags/etl.py for tasks to queue
[2026-02-01T19:47:54.527+0000] {logging_mixin.py:188} INFO - [2026-02-01T19:47:54.527+0000] {dagbag.py:545} INFO - Filling up the DagBag from /opt/airflow/dags/etl.py
[2026-02-01T19:47:55.112+0000] {processor.py:840} INFO - DAG(s) 'etl_pipeline_final' retrieved from /opt/airflow/dags/etl.py
[2026-02-01T19:47:55.148+0000] {logging_mixin.py:188} INFO - [2026-02-01T19:47:55.147+0000] {dag.py:3096} INFO - Sync 1 DAGs
[2026-02-01T19:47:55.178+0000] {logging_mixin.py:188} INFO - [2026-02-01T19:47:55.178+0000] {dag.py:3954} INFO - Setting next_dagrun for etl_pipeline_final to 2026-01-31 00:00:00+00:00, run_after=2026-02-01 00:00:00+00:00
[2026-02-01T19:47:55.209+0000] {processor.py:183} INFO - Processing /opt/airflow/dags/etl.py took 0.701 seconds
[2026-02-01T19:48:27.772+0000] {processor.py:161} INFO - Started process (PID=27026) to work on /opt/airflow/dags/etl.py
[2026-02-01T19:48:27.775+0000] {processor.py:830} INFO - Processing file /opt/airflow/dags/etl.py for tasks to queue
[2026-02-01T19:48:27.777+0000] {logging_mixin.py:188} INFO - [2026-02-01T19:48:27.777+0000] {dagbag.py:545} INFO - Filling up the DagBag from /opt/airflow/dags/etl.py
[2026-02-01T19:48:28.316+0000] {processor.py:840} INFO - DAG(s) 'etl_pipeline_final' retrieved from /opt/airflow/dags/etl.py
[2026-02-01T19:48:28.351+0000] {logging_mixin.py:188} INFO - [2026-02-01T19:48:28.350+0000] {dag.py:3096} INFO - Sync 1 DAGs
[2026-02-01T19:48:28.379+0000] {logging_mixin.py:188} INFO - [2026-02-01T19:48:28.379+0000] {dag.py:3954} INFO - Setting next_dagrun for etl_pipeline_final to 2026-01-31 00:00:00+00:00, run_after=2026-02-01 00:00:00+00:00
[2026-02-01T19:48:28.407+0000] {processor.py:183} INFO - Processing /opt/airflow/dags/etl.py took 0.641 seconds
[2026-02-01T19:49:01.192+0000] {processor.py:161} INFO - Started process (PID=27073) to work on /opt/airflow/dags/etl.py
[2026-02-01T19:49:01.193+0000] {processor.py:830} INFO - Processing file /opt/airflow/dags/etl.py for tasks to queue
[2026-02-01T19:49:01.195+0000] {logging_mixin.py:188} INFO - [2026-02-01T19:49:01.194+0000] {dagbag.py:545} INFO - Filling up the DagBag from /opt/airflow/dags/etl.py
[2026-02-01T19:49:01.691+0000] {processor.py:840} INFO - DAG(s) 'etl_pipeline_final' retrieved from /opt/airflow/dags/etl.py
[2026-02-01T19:49:01.718+0000] {logging_mixin.py:188} INFO - [2026-02-01T19:49:01.718+0000] {dag.py:3096} INFO - Sync 1 DAGs
[2026-02-01T19:49:01.738+0000] {logging_mixin.py:188} INFO - [2026-02-01T19:49:01.738+0000] {dag.py:3954} INFO - Setting next_dagrun for etl_pipeline_final to 2026-01-31 00:00:00+00:00, run_after=2026-02-01 00:00:00+00:00
[2026-02-01T19:49:01.763+0000] {processor.py:183} INFO - Processing /opt/airflow/dags/etl.py took 0.577 seconds
[2026-02-01T19:49:34.670+0000] {processor.py:161} INFO - Started process (PID=27120) to work on /opt/airflow/dags/etl.py
[2026-02-01T19:49:34.673+0000] {processor.py:830} INFO - Processing file /opt/airflow/dags/etl.py for tasks to queue
[2026-02-01T19:49:34.676+0000] {logging_mixin.py:188} INFO - [2026-02-01T19:49:34.675+0000] {dagbag.py:545} INFO - Filling up the DagBag from /opt/airflow/dags/etl.py
[2026-02-01T19:49:35.148+0000] {processor.py:840} INFO - DAG(s) 'etl_pipeline_final' retrieved from /opt/airflow/dags/etl.py
[2026-02-01T19:49:35.175+0000] {logging_mixin.py:188} INFO - [2026-02-01T19:49:35.174+0000] {dag.py:3096} INFO - Sync 1 DAGs
[2026-02-01T19:49:35.196+0000] {logging_mixin.py:188} INFO - [2026-02-01T19:49:35.195+0000] {dag.py:3954} INFO - Setting next_dagrun for etl_pipeline_final to 2026-01-31 00:00:00+00:00, run_after=2026-02-01 00:00:00+00:00
[2026-02-01T19:49:35.223+0000] {processor.py:183} INFO - Processing /opt/airflow/dags/etl.py took 0.564 seconds
[2026-02-01T19:50:08.387+0000] {processor.py:161} INFO - Started process (PID=27167) to work on /opt/airflow/dags/etl.py
[2026-02-01T19:50:08.388+0000] {processor.py:830} INFO - Processing file /opt/airflow/dags/etl.py for tasks to queue
[2026-02-01T19:50:08.391+0000] {logging_mixin.py:188} INFO - [2026-02-01T19:50:08.390+0000] {dagbag.py:545} INFO - Filling up the DagBag from /opt/airflow/dags/etl.py
[2026-02-01T19:50:08.815+0000] {processor.py:840} INFO - DAG(s) 'etl_pipeline_final' retrieved from /opt/airflow/dags/etl.py
[2026-02-01T19:50:08.846+0000] {logging_mixin.py:188} INFO - [2026-02-01T19:50:08.846+0000] {dag.py:3096} INFO - Sync 1 DAGs
[2026-02-01T19:50:08.866+0000] {logging_mixin.py:188} INFO - [2026-02-01T19:50:08.866+0000] {dag.py:3954} INFO - Setting next_dagrun for etl_pipeline_final to 2026-01-31 00:00:00+00:00, run_after=2026-02-01 00:00:00+00:00
[2026-02-01T19:50:08.888+0000] {processor.py:183} INFO - Processing /opt/airflow/dags/etl.py took 0.506 seconds
[2026-02-01T19:50:41.257+0000] {processor.py:161} INFO - Started process (PID=27214) to work on /opt/airflow/dags/etl.py
[2026-02-01T19:50:41.259+0000] {processor.py:830} INFO - Processing file /opt/airflow/dags/etl.py for tasks to queue
[2026-02-01T19:50:41.263+0000] {logging_mixin.py:188} INFO - [2026-02-01T19:50:41.262+0000] {dagbag.py:545} INFO - Filling up the DagBag from /opt/airflow/dags/etl.py
[2026-02-01T19:50:41.860+0000] {processor.py:840} INFO - DAG(s) 'etl_pipeline_final' retrieved from /opt/airflow/dags/etl.py
[2026-02-01T19:50:41.887+0000] {logging_mixin.py:188} INFO - [2026-02-01T19:50:41.887+0000] {dag.py:3096} INFO - Sync 1 DAGs
[2026-02-01T19:50:41.911+0000] {logging_mixin.py:188} INFO - [2026-02-01T19:50:41.911+0000] {dag.py:3954} INFO - Setting next_dagrun for etl_pipeline_final to 2026-01-31 00:00:00+00:00, run_after=2026-02-01 00:00:00+00:00
[2026-02-01T19:50:41.937+0000] {processor.py:183} INFO - Processing /opt/airflow/dags/etl.py took 0.690 seconds
[2026-02-01T19:51:15.180+0000] {processor.py:161} INFO - Started process (PID=27257) to work on /opt/airflow/dags/etl.py
[2026-02-01T19:51:15.183+0000] {processor.py:830} INFO - Processing file /opt/airflow/dags/etl.py for tasks to queue
[2026-02-01T19:51:15.194+0000] {logging_mixin.py:188} INFO - [2026-02-01T19:51:15.193+0000] {dagbag.py:545} INFO - Filling up the DagBag from /opt/airflow/dags/etl.py
[2026-02-01T19:51:16.360+0000] {processor.py:840} INFO - DAG(s) 'etl_pipeline_final' retrieved from /opt/airflow/dags/etl.py
[2026-02-01T19:51:16.408+0000] {logging_mixin.py:188} INFO - [2026-02-01T19:51:16.408+0000] {dag.py:3096} INFO - Sync 1 DAGs
[2026-02-01T19:51:16.450+0000] {logging_mixin.py:188} INFO - [2026-02-01T19:51:16.450+0000] {dag.py:3954} INFO - Setting next_dagrun for etl_pipeline_final to 2026-01-31 00:00:00+00:00, run_after=2026-02-01 00:00:00+00:00
[2026-02-01T19:51:16.488+0000] {processor.py:183} INFO - Processing /opt/airflow/dags/etl.py took 1.338 seconds
[2026-02-01T19:51:47.928+0000] {processor.py:161} INFO - Started process (PID=27290) to work on /opt/airflow/dags/etl.py
[2026-02-01T19:51:47.931+0000] {processor.py:830} INFO - Processing file /opt/airflow/dags/etl.py for tasks to queue
[2026-02-01T19:51:47.935+0000] {logging_mixin.py:188} INFO - [2026-02-01T19:51:47.934+0000] {dagbag.py:545} INFO - Filling up the DagBag from /opt/airflow/dags/etl.py
[2026-02-01T19:51:49.122+0000] {processor.py:840} INFO - DAG(s) 'etl_pipeline_final' retrieved from /opt/airflow/dags/etl.py
[2026-02-01T19:51:49.204+0000] {logging_mixin.py:188} INFO - [2026-02-01T19:51:49.203+0000] {dag.py:3096} INFO - Sync 1 DAGs
[2026-02-01T19:51:49.272+0000] {logging_mixin.py:188} INFO - [2026-02-01T19:51:49.271+0000] {dag.py:3954} INFO - Setting next_dagrun for etl_pipeline_final to 2026-01-31 00:00:00+00:00, run_after=2026-02-01 00:00:00+00:00
[2026-02-01T19:51:49.320+0000] {processor.py:183} INFO - Processing /opt/airflow/dags/etl.py took 1.406 seconds
[2026-02-01T19:52:21.353+0000] {processor.py:161} INFO - Started process (PID=27334) to work on /opt/airflow/dags/etl.py
[2026-02-01T19:52:21.354+0000] {processor.py:830} INFO - Processing file /opt/airflow/dags/etl.py for tasks to queue
[2026-02-01T19:52:21.356+0000] {logging_mixin.py:188} INFO - [2026-02-01T19:52:21.356+0000] {dagbag.py:545} INFO - Filling up the DagBag from /opt/airflow/dags/etl.py
[2026-02-01T19:52:22.036+0000] {processor.py:840} INFO - DAG(s) 'etl_pipeline_final' retrieved from /opt/airflow/dags/etl.py
[2026-02-01T19:52:22.073+0000] {logging_mixin.py:188} INFO - [2026-02-01T19:52:22.072+0000] {dag.py:3096} INFO - Sync 1 DAGs
[2026-02-01T19:52:22.103+0000] {logging_mixin.py:188} INFO - [2026-02-01T19:52:22.103+0000] {dag.py:3954} INFO - Setting next_dagrun for etl_pipeline_final to 2026-01-31 00:00:00+00:00, run_after=2026-02-01 00:00:00+00:00
[2026-02-01T19:52:22.132+0000] {processor.py:183} INFO - Processing /opt/airflow/dags/etl.py took 0.788 seconds
[2026-02-01T19:52:54.666+0000] {processor.py:161} INFO - Started process (PID=27381) to work on /opt/airflow/dags/etl.py
[2026-02-01T19:52:54.669+0000] {processor.py:830} INFO - Processing file /opt/airflow/dags/etl.py for tasks to queue
[2026-02-01T19:52:54.674+0000] {logging_mixin.py:188} INFO - [2026-02-01T19:52:54.673+0000] {dagbag.py:545} INFO - Filling up the DagBag from /opt/airflow/dags/etl.py
[2026-02-01T19:52:55.501+0000] {processor.py:840} INFO - DAG(s) 'etl_pipeline_final' retrieved from /opt/airflow/dags/etl.py
[2026-02-01T19:52:55.547+0000] {logging_mixin.py:188} INFO - [2026-02-01T19:52:55.545+0000] {dag.py:3096} INFO - Sync 1 DAGs
[2026-02-01T19:52:55.585+0000] {logging_mixin.py:188} INFO - [2026-02-01T19:52:55.584+0000] {dag.py:3954} INFO - Setting next_dagrun for etl_pipeline_final to 2026-01-31 00:00:00+00:00, run_after=2026-02-01 00:00:00+00:00
[2026-02-01T19:52:55.617+0000] {processor.py:183} INFO - Processing /opt/airflow/dags/etl.py took 0.967 seconds
[2026-02-01T19:53:28.173+0000] {processor.py:161} INFO - Started process (PID=27428) to work on /opt/airflow/dags/etl.py
[2026-02-01T19:53:28.176+0000] {processor.py:830} INFO - Processing file /opt/airflow/dags/etl.py for tasks to queue
[2026-02-01T19:53:28.185+0000] {logging_mixin.py:188} INFO - [2026-02-01T19:53:28.183+0000] {dagbag.py:545} INFO - Filling up the DagBag from /opt/airflow/dags/etl.py
[2026-02-01T19:53:28.605+0000] {processor.py:840} INFO - DAG(s) 'etl_pipeline_final' retrieved from /opt/airflow/dags/etl.py
[2026-02-01T19:53:28.634+0000] {logging_mixin.py:188} INFO - [2026-02-01T19:53:28.634+0000] {dag.py:3096} INFO - Sync 1 DAGs
[2026-02-01T19:53:28.658+0000] {logging_mixin.py:188} INFO - [2026-02-01T19:53:28.658+0000] {dag.py:3954} INFO - Setting next_dagrun for etl_pipeline_final to 2026-01-31 00:00:00+00:00, run_after=2026-02-01 00:00:00+00:00
[2026-02-01T19:53:28.678+0000] {processor.py:183} INFO - Processing /opt/airflow/dags/etl.py took 0.516 seconds
[2026-02-01T19:54:01.706+0000] {processor.py:161} INFO - Started process (PID=27475) to work on /opt/airflow/dags/etl.py
[2026-02-01T19:54:01.709+0000] {processor.py:830} INFO - Processing file /opt/airflow/dags/etl.py for tasks to queue
[2026-02-01T19:54:01.712+0000] {logging_mixin.py:188} INFO - [2026-02-01T19:54:01.711+0000] {dagbag.py:545} INFO - Filling up the DagBag from /opt/airflow/dags/etl.py
[2026-02-01T19:54:02.174+0000] {processor.py:840} INFO - DAG(s) 'etl_pipeline_final' retrieved from /opt/airflow/dags/etl.py
[2026-02-01T19:54:02.204+0000] {logging_mixin.py:188} INFO - [2026-02-01T19:54:02.203+0000] {dag.py:3096} INFO - Sync 1 DAGs
[2026-02-01T19:54:02.224+0000] {logging_mixin.py:188} INFO - [2026-02-01T19:54:02.223+0000] {dag.py:3954} INFO - Setting next_dagrun for etl_pipeline_final to 2026-01-31 00:00:00+00:00, run_after=2026-02-01 00:00:00+00:00
[2026-02-01T19:54:02.247+0000] {processor.py:183} INFO - Processing /opt/airflow/dags/etl.py took 0.551 seconds
[2026-02-01T19:54:35.468+0000] {processor.py:161} INFO - Started process (PID=27522) to work on /opt/airflow/dags/etl.py
[2026-02-01T19:54:35.469+0000] {processor.py:830} INFO - Processing file /opt/airflow/dags/etl.py for tasks to queue
[2026-02-01T19:54:35.471+0000] {logging_mixin.py:188} INFO - [2026-02-01T19:54:35.471+0000] {dagbag.py:545} INFO - Filling up the DagBag from /opt/airflow/dags/etl.py
[2026-02-01T19:54:35.879+0000] {processor.py:840} INFO - DAG(s) 'etl_pipeline_final' retrieved from /opt/airflow/dags/etl.py
[2026-02-01T19:54:35.902+0000] {logging_mixin.py:188} INFO - [2026-02-01T19:54:35.901+0000] {dag.py:3096} INFO - Sync 1 DAGs
[2026-02-01T19:54:35.921+0000] {logging_mixin.py:188} INFO - [2026-02-01T19:54:35.921+0000] {dag.py:3954} INFO - Setting next_dagrun for etl_pipeline_final to 2026-01-31 00:00:00+00:00, run_after=2026-02-01 00:00:00+00:00
[2026-02-01T19:54:35.942+0000] {processor.py:183} INFO - Processing /opt/airflow/dags/etl.py took 0.480 seconds
[2026-02-01T19:55:08.006+0000] {processor.py:161} INFO - Started process (PID=27569) to work on /opt/airflow/dags/etl.py
[2026-02-01T19:55:08.009+0000] {processor.py:830} INFO - Processing file /opt/airflow/dags/etl.py for tasks to queue
[2026-02-01T19:55:08.011+0000] {logging_mixin.py:188} INFO - [2026-02-01T19:55:08.011+0000] {dagbag.py:545} INFO - Filling up the DagBag from /opt/airflow/dags/etl.py
[2026-02-01T19:55:08.592+0000] {processor.py:840} INFO - DAG(s) 'etl_pipeline_final' retrieved from /opt/airflow/dags/etl.py
[2026-02-01T19:55:08.630+0000] {logging_mixin.py:188} INFO - [2026-02-01T19:55:08.630+0000] {dag.py:3096} INFO - Sync 1 DAGs
[2026-02-01T19:55:08.659+0000] {logging_mixin.py:188} INFO - [2026-02-01T19:55:08.658+0000] {dag.py:3954} INFO - Setting next_dagrun for etl_pipeline_final to 2026-01-31 00:00:00+00:00, run_after=2026-02-01 00:00:00+00:00
[2026-02-01T19:55:08.686+0000] {processor.py:183} INFO - Processing /opt/airflow/dags/etl.py took 0.687 seconds
[2026-02-01T19:55:41.485+0000] {processor.py:161} INFO - Started process (PID=27616) to work on /opt/airflow/dags/etl.py
[2026-02-01T19:55:41.486+0000] {processor.py:830} INFO - Processing file /opt/airflow/dags/etl.py for tasks to queue
[2026-02-01T19:55:41.488+0000] {logging_mixin.py:188} INFO - [2026-02-01T19:55:41.488+0000] {dagbag.py:545} INFO - Filling up the DagBag from /opt/airflow/dags/etl.py
[2026-02-01T19:55:41.997+0000] {processor.py:840} INFO - DAG(s) 'etl_pipeline_final' retrieved from /opt/airflow/dags/etl.py
[2026-02-01T19:55:42.025+0000] {logging_mixin.py:188} INFO - [2026-02-01T19:55:42.024+0000] {dag.py:3096} INFO - Sync 1 DAGs
[2026-02-01T19:55:42.044+0000] {logging_mixin.py:188} INFO - [2026-02-01T19:55:42.044+0000] {dag.py:3954} INFO - Setting next_dagrun for etl_pipeline_final to 2026-01-31 00:00:00+00:00, run_after=2026-02-01 00:00:00+00:00
[2026-02-01T19:55:42.075+0000] {processor.py:183} INFO - Processing /opt/airflow/dags/etl.py took 0.596 seconds
[2026-02-01T19:56:14.646+0000] {processor.py:161} INFO - Started process (PID=27661) to work on /opt/airflow/dags/etl.py
[2026-02-01T19:56:14.649+0000] {processor.py:830} INFO - Processing file /opt/airflow/dags/etl.py for tasks to queue
[2026-02-01T19:56:14.654+0000] {logging_mixin.py:188} INFO - [2026-02-01T19:56:14.653+0000] {dagbag.py:545} INFO - Filling up the DagBag from /opt/airflow/dags/etl.py
[2026-02-01T19:56:15.607+0000] {processor.py:840} INFO - DAG(s) 'etl_pipeline_final' retrieved from /opt/airflow/dags/etl.py
[2026-02-01T19:56:15.633+0000] {logging_mixin.py:188} INFO - [2026-02-01T19:56:15.632+0000] {dag.py:3096} INFO - Sync 1 DAGs
[2026-02-01T19:56:15.657+0000] {logging_mixin.py:188} INFO - [2026-02-01T19:56:15.656+0000] {dag.py:3954} INFO - Setting next_dagrun for etl_pipeline_final to 2026-01-31 00:00:00+00:00, run_after=2026-02-01 00:00:00+00:00
[2026-02-01T19:56:15.681+0000] {processor.py:183} INFO - Processing /opt/airflow/dags/etl.py took 1.055 seconds
[2026-02-01T19:56:48.210+0000] {processor.py:161} INFO - Started process (PID=27692) to work on /opt/airflow/dags/etl.py
[2026-02-01T19:56:48.211+0000] {processor.py:830} INFO - Processing file /opt/airflow/dags/etl.py for tasks to queue
[2026-02-01T19:56:48.212+0000] {logging_mixin.py:188} INFO - [2026-02-01T19:56:48.212+0000] {dagbag.py:545} INFO - Filling up the DagBag from /opt/airflow/dags/etl.py
[2026-02-01T19:56:48.694+0000] {processor.py:840} INFO - DAG(s) 'etl_pipeline_final' retrieved from /opt/airflow/dags/etl.py
[2026-02-01T19:56:48.748+0000] {logging_mixin.py:188} INFO - [2026-02-01T19:56:48.747+0000] {dag.py:3096} INFO - Sync 1 DAGs
[2026-02-01T19:56:48.783+0000] {logging_mixin.py:188} INFO - [2026-02-01T19:56:48.782+0000] {dag.py:3954} INFO - Setting next_dagrun for etl_pipeline_final to 2026-01-31 00:00:00+00:00, run_after=2026-02-01 00:00:00+00:00
[2026-02-01T19:56:48.819+0000] {processor.py:183} INFO - Processing /opt/airflow/dags/etl.py took 0.614 seconds
[2026-02-01T19:57:21.504+0000] {processor.py:161} INFO - Started process (PID=27736) to work on /opt/airflow/dags/etl.py
[2026-02-01T19:57:21.506+0000] {processor.py:830} INFO - Processing file /opt/airflow/dags/etl.py for tasks to queue
[2026-02-01T19:57:21.507+0000] {logging_mixin.py:188} INFO - [2026-02-01T19:57:21.507+0000] {dagbag.py:545} INFO - Filling up the DagBag from /opt/airflow/dags/etl.py
[2026-02-01T19:57:22.058+0000] {processor.py:840} INFO - DAG(s) 'etl_pipeline_final' retrieved from /opt/airflow/dags/etl.py
[2026-02-01T19:57:22.097+0000] {logging_mixin.py:188} INFO - [2026-02-01T19:57:22.096+0000] {dag.py:3096} INFO - Sync 1 DAGs
[2026-02-01T19:57:22.119+0000] {logging_mixin.py:188} INFO - [2026-02-01T19:57:22.119+0000] {dag.py:3954} INFO - Setting next_dagrun for etl_pipeline_final to 2026-01-31 00:00:00+00:00, run_after=2026-02-01 00:00:00+00:00
[2026-02-01T19:57:22.142+0000] {processor.py:183} INFO - Processing /opt/airflow/dags/etl.py took 0.644 seconds
[2026-02-01T19:57:54.840+0000] {processor.py:161} INFO - Started process (PID=27783) to work on /opt/airflow/dags/etl.py
[2026-02-01T19:57:54.840+0000] {processor.py:830} INFO - Processing file /opt/airflow/dags/etl.py for tasks to queue
[2026-02-01T19:57:54.841+0000] {logging_mixin.py:188} INFO - [2026-02-01T19:57:54.841+0000] {dagbag.py:545} INFO - Filling up the DagBag from /opt/airflow/dags/etl.py
[2026-02-01T19:57:55.151+0000] {processor.py:840} INFO - DAG(s) 'etl_pipeline_final' retrieved from /opt/airflow/dags/etl.py
[2026-02-01T19:57:55.168+0000] {logging_mixin.py:188} INFO - [2026-02-01T19:57:55.168+0000] {dag.py:3096} INFO - Sync 1 DAGs
[2026-02-01T19:57:55.183+0000] {logging_mixin.py:188} INFO - [2026-02-01T19:57:55.182+0000] {dag.py:3954} INFO - Setting next_dagrun for etl_pipeline_final to 2026-01-31 00:00:00+00:00, run_after=2026-02-01 00:00:00+00:00
[2026-02-01T19:57:55.196+0000] {processor.py:183} INFO - Processing /opt/airflow/dags/etl.py took 0.360 seconds
[2026-02-01T19:58:28.363+0000] {processor.py:161} INFO - Started process (PID=27830) to work on /opt/airflow/dags/etl.py
[2026-02-01T19:58:28.364+0000] {processor.py:830} INFO - Processing file /opt/airflow/dags/etl.py for tasks to queue
[2026-02-01T19:58:28.366+0000] {logging_mixin.py:188} INFO - [2026-02-01T19:58:28.366+0000] {dagbag.py:545} INFO - Filling up the DagBag from /opt/airflow/dags/etl.py
[2026-02-01T19:58:28.656+0000] {processor.py:840} INFO - DAG(s) 'etl_pipeline_final' retrieved from /opt/airflow/dags/etl.py
[2026-02-01T19:58:28.675+0000] {logging_mixin.py:188} INFO - [2026-02-01T19:58:28.674+0000] {dag.py:3096} INFO - Sync 1 DAGs
[2026-02-01T19:58:28.686+0000] {logging_mixin.py:188} INFO - [2026-02-01T19:58:28.686+0000] {dag.py:3954} INFO - Setting next_dagrun for etl_pipeline_final to 2026-01-31 00:00:00+00:00, run_after=2026-02-01 00:00:00+00:00
[2026-02-01T19:58:28.703+0000] {processor.py:183} INFO - Processing /opt/airflow/dags/etl.py took 0.344 seconds
[2026-02-01T19:59:01.429+0000] {processor.py:161} INFO - Started process (PID=27877) to work on /opt/airflow/dags/etl.py
[2026-02-01T19:59:01.430+0000] {processor.py:830} INFO - Processing file /opt/airflow/dags/etl.py for tasks to queue
[2026-02-01T19:59:01.431+0000] {logging_mixin.py:188} INFO - [2026-02-01T19:59:01.431+0000] {dagbag.py:545} INFO - Filling up the DagBag from /opt/airflow/dags/etl.py
[2026-02-01T19:59:01.730+0000] {processor.py:840} INFO - DAG(s) 'etl_pipeline_final' retrieved from /opt/airflow/dags/etl.py
[2026-02-01T19:59:01.751+0000] {logging_mixin.py:188} INFO - [2026-02-01T19:59:01.750+0000] {dag.py:3096} INFO - Sync 1 DAGs
[2026-02-01T19:59:01.765+0000] {logging_mixin.py:188} INFO - [2026-02-01T19:59:01.765+0000] {dag.py:3954} INFO - Setting next_dagrun for etl_pipeline_final to 2026-01-31 00:00:00+00:00, run_after=2026-02-01 00:00:00+00:00
[2026-02-01T19:59:01.781+0000] {processor.py:183} INFO - Processing /opt/airflow/dags/etl.py took 0.356 seconds
[2026-02-01T19:59:34.941+0000] {processor.py:161} INFO - Started process (PID=27924) to work on /opt/airflow/dags/etl.py
[2026-02-01T19:59:34.943+0000] {processor.py:830} INFO - Processing file /opt/airflow/dags/etl.py for tasks to queue
[2026-02-01T19:59:34.945+0000] {logging_mixin.py:188} INFO - [2026-02-01T19:59:34.945+0000] {dagbag.py:545} INFO - Filling up the DagBag from /opt/airflow/dags/etl.py
[2026-02-01T19:59:35.410+0000] {processor.py:840} INFO - DAG(s) 'etl_pipeline_final' retrieved from /opt/airflow/dags/etl.py
[2026-02-01T19:59:35.440+0000] {logging_mixin.py:188} INFO - [2026-02-01T19:59:35.439+0000] {dag.py:3096} INFO - Sync 1 DAGs
[2026-02-01T19:59:35.462+0000] {logging_mixin.py:188} INFO - [2026-02-01T19:59:35.462+0000] {dag.py:3954} INFO - Setting next_dagrun for etl_pipeline_final to 2026-01-31 00:00:00+00:00, run_after=2026-02-01 00:00:00+00:00
[2026-02-01T19:59:35.489+0000] {processor.py:183} INFO - Processing /opt/airflow/dags/etl.py took 0.556 seconds
[2026-02-01T20:00:08.364+0000] {processor.py:161} INFO - Started process (PID=27974) to work on /opt/airflow/dags/etl.py
[2026-02-01T20:00:08.365+0000] {processor.py:830} INFO - Processing file /opt/airflow/dags/etl.py for tasks to queue
[2026-02-01T20:00:08.367+0000] {logging_mixin.py:188} INFO - [2026-02-01T20:00:08.367+0000] {dagbag.py:545} INFO - Filling up the DagBag from /opt/airflow/dags/etl.py
[2026-02-01T20:00:08.691+0000] {processor.py:840} INFO - DAG(s) 'etl_pipeline_final' retrieved from /opt/airflow/dags/etl.py
[2026-02-01T20:00:08.711+0000] {logging_mixin.py:188} INFO - [2026-02-01T20:00:08.711+0000] {dag.py:3096} INFO - Sync 1 DAGs
[2026-02-01T20:00:08.728+0000] {logging_mixin.py:188} INFO - [2026-02-01T20:00:08.728+0000] {dag.py:3954} INFO - Setting next_dagrun for etl_pipeline_final to 2026-01-31 00:00:00+00:00, run_after=2026-02-01 00:00:00+00:00
[2026-02-01T20:00:08.747+0000] {processor.py:183} INFO - Processing /opt/airflow/dags/etl.py took 0.388 seconds
[2026-02-01T20:00:41.520+0000] {processor.py:161} INFO - Started process (PID=28021) to work on /opt/airflow/dags/etl.py
[2026-02-01T20:00:41.521+0000] {processor.py:830} INFO - Processing file /opt/airflow/dags/etl.py for tasks to queue
[2026-02-01T20:00:41.523+0000] {logging_mixin.py:188} INFO - [2026-02-01T20:00:41.522+0000] {dagbag.py:545} INFO - Filling up the DagBag from /opt/airflow/dags/etl.py
[2026-02-01T20:00:41.903+0000] {processor.py:840} INFO - DAG(s) 'etl_pipeline_final' retrieved from /opt/airflow/dags/etl.py
[2026-02-01T20:00:41.933+0000] {logging_mixin.py:188} INFO - [2026-02-01T20:00:41.932+0000] {dag.py:3096} INFO - Sync 1 DAGs
[2026-02-01T20:00:41.964+0000] {logging_mixin.py:188} INFO - [2026-02-01T20:00:41.963+0000] {dag.py:3954} INFO - Setting next_dagrun for etl_pipeline_final to 2026-01-31 00:00:00+00:00, run_after=2026-02-01 00:00:00+00:00
[2026-02-01T20:00:41.986+0000] {processor.py:183} INFO - Processing /opt/airflow/dags/etl.py took 0.472 seconds
[2026-02-01T20:01:14.740+0000] {processor.py:161} INFO - Started process (PID=28067) to work on /opt/airflow/dags/etl.py
[2026-02-01T20:01:14.743+0000] {processor.py:830} INFO - Processing file /opt/airflow/dags/etl.py for tasks to queue
[2026-02-01T20:01:14.745+0000] {logging_mixin.py:188} INFO - [2026-02-01T20:01:14.745+0000] {dagbag.py:545} INFO - Filling up the DagBag from /opt/airflow/dags/etl.py
[2026-02-01T20:01:15.625+0000] {processor.py:840} INFO - DAG(s) 'etl_pipeline_final' retrieved from /opt/airflow/dags/etl.py
[2026-02-01T20:01:15.656+0000] {logging_mixin.py:188} INFO - [2026-02-01T20:01:15.655+0000] {dag.py:3096} INFO - Sync 1 DAGs
[2026-02-01T20:01:15.680+0000] {logging_mixin.py:188} INFO - [2026-02-01T20:01:15.680+0000] {dag.py:3954} INFO - Setting next_dagrun for etl_pipeline_final to 2026-01-31 00:00:00+00:00, run_after=2026-02-01 00:00:00+00:00
[2026-02-01T20:01:15.709+0000] {processor.py:183} INFO - Processing /opt/airflow/dags/etl.py took 0.976 seconds
[2026-02-01T20:01:48.419+0000] {processor.py:161} INFO - Started process (PID=28115) to work on /opt/airflow/dags/etl.py
[2026-02-01T20:01:48.421+0000] {processor.py:830} INFO - Processing file /opt/airflow/dags/etl.py for tasks to queue
[2026-02-01T20:01:48.423+0000] {logging_mixin.py:188} INFO - [2026-02-01T20:01:48.423+0000] {dagbag.py:545} INFO - Filling up the DagBag from /opt/airflow/dags/etl.py
[2026-02-01T20:01:48.912+0000] {processor.py:840} INFO - DAG(s) 'etl_pipeline_final' retrieved from /opt/airflow/dags/etl.py
[2026-02-01T20:01:48.950+0000] {logging_mixin.py:188} INFO - [2026-02-01T20:01:48.950+0000] {dag.py:3096} INFO - Sync 1 DAGs
[2026-02-01T20:01:48.980+0000] {logging_mixin.py:188} INFO - [2026-02-01T20:01:48.980+0000] {dag.py:3954} INFO - Setting next_dagrun for etl_pipeline_final to 2026-01-31 00:00:00+00:00, run_after=2026-02-01 00:00:00+00:00
[2026-02-01T20:01:49.011+0000] {processor.py:183} INFO - Processing /opt/airflow/dags/etl.py took 0.600 seconds
[2026-02-01T20:02:21.774+0000] {processor.py:161} INFO - Started process (PID=28162) to work on /opt/airflow/dags/etl.py
[2026-02-01T20:02:21.777+0000] {processor.py:830} INFO - Processing file /opt/airflow/dags/etl.py for tasks to queue
[2026-02-01T20:02:21.780+0000] {logging_mixin.py:188} INFO - [2026-02-01T20:02:21.779+0000] {dagbag.py:545} INFO - Filling up the DagBag from /opt/airflow/dags/etl.py
[2026-02-01T20:02:22.503+0000] {processor.py:840} INFO - DAG(s) 'etl_pipeline_final' retrieved from /opt/airflow/dags/etl.py
[2026-02-01T20:02:22.536+0000] {logging_mixin.py:188} INFO - [2026-02-01T20:02:22.535+0000] {dag.py:3096} INFO - Sync 1 DAGs
[2026-02-01T20:02:22.558+0000] {logging_mixin.py:188} INFO - [2026-02-01T20:02:22.558+0000] {dag.py:3954} INFO - Setting next_dagrun for etl_pipeline_final to 2026-01-31 00:00:00+00:00, run_after=2026-02-01 00:00:00+00:00
[2026-02-01T20:02:22.584+0000] {processor.py:183} INFO - Processing /opt/airflow/dags/etl.py took 0.821 seconds
[2026-02-01T20:02:54.868+0000] {processor.py:161} INFO - Started process (PID=28209) to work on /opt/airflow/dags/etl.py
[2026-02-01T20:02:54.869+0000] {processor.py:830} INFO - Processing file /opt/airflow/dags/etl.py for tasks to queue
[2026-02-01T20:02:54.872+0000] {logging_mixin.py:188} INFO - [2026-02-01T20:02:54.872+0000] {dagbag.py:545} INFO - Filling up the DagBag from /opt/airflow/dags/etl.py
[2026-02-01T20:02:55.721+0000] {processor.py:840} INFO - DAG(s) 'etl_pipeline_final' retrieved from /opt/airflow/dags/etl.py
[2026-02-01T20:02:55.755+0000] {logging_mixin.py:188} INFO - [2026-02-01T20:02:55.754+0000] {dag.py:3096} INFO - Sync 1 DAGs
[2026-02-01T20:02:55.787+0000] {logging_mixin.py:188} INFO - [2026-02-01T20:02:55.787+0000] {dag.py:3954} INFO - Setting next_dagrun for etl_pipeline_final to 2026-01-31 00:00:00+00:00, run_after=2026-02-01 00:00:00+00:00
[2026-02-01T20:02:55.817+0000] {processor.py:183} INFO - Processing /opt/airflow/dags/etl.py took 0.965 seconds
[2026-02-01T20:03:28.452+0000] {processor.py:161} INFO - Started process (PID=28256) to work on /opt/airflow/dags/etl.py
[2026-02-01T20:03:28.453+0000] {processor.py:830} INFO - Processing file /opt/airflow/dags/etl.py for tasks to queue
[2026-02-01T20:03:28.455+0000] {logging_mixin.py:188} INFO - [2026-02-01T20:03:28.454+0000] {dagbag.py:545} INFO - Filling up the DagBag from /opt/airflow/dags/etl.py
[2026-02-01T20:03:28.925+0000] {processor.py:840} INFO - DAG(s) 'etl_pipeline_final' retrieved from /opt/airflow/dags/etl.py
[2026-02-01T20:03:28.962+0000] {logging_mixin.py:188} INFO - [2026-02-01T20:03:28.961+0000] {dag.py:3096} INFO - Sync 1 DAGs
[2026-02-01T20:03:28.985+0000] {logging_mixin.py:188} INFO - [2026-02-01T20:03:28.985+0000] {dag.py:3954} INFO - Setting next_dagrun for etl_pipeline_final to 2026-01-31 00:00:00+00:00, run_after=2026-02-01 00:00:00+00:00
[2026-02-01T20:03:29.019+0000] {processor.py:183} INFO - Processing /opt/airflow/dags/etl.py took 0.571 seconds
[2026-02-01T20:04:02.000+0000] {processor.py:161} INFO - Started process (PID=28303) to work on /opt/airflow/dags/etl.py
[2026-02-01T20:04:02.001+0000] {processor.py:830} INFO - Processing file /opt/airflow/dags/etl.py for tasks to queue
[2026-02-01T20:04:02.003+0000] {logging_mixin.py:188} INFO - [2026-02-01T20:04:02.002+0000] {dagbag.py:545} INFO - Filling up the DagBag from /opt/airflow/dags/etl.py
[2026-02-01T20:04:02.565+0000] {processor.py:840} INFO - DAG(s) 'etl_pipeline_final' retrieved from /opt/airflow/dags/etl.py
[2026-02-01T20:04:02.603+0000] {logging_mixin.py:188} INFO - [2026-02-01T20:04:02.602+0000] {dag.py:3096} INFO - Sync 1 DAGs
[2026-02-01T20:04:02.643+0000] {logging_mixin.py:188} INFO - [2026-02-01T20:04:02.642+0000] {dag.py:3954} INFO - Setting next_dagrun for etl_pipeline_final to 2026-01-31 00:00:00+00:00, run_after=2026-02-01 00:00:00+00:00
[2026-02-01T20:04:02.674+0000] {processor.py:183} INFO - Processing /opt/airflow/dags/etl.py took 0.683 seconds
[2026-02-01T20:04:38.491+0000] {processor.py:161} INFO - Started process (PID=28354) to work on /opt/airflow/dags/etl.py
[2026-02-01T20:04:38.494+0000] {processor.py:830} INFO - Processing file /opt/airflow/dags/etl.py for tasks to queue
[2026-02-01T20:04:38.497+0000] {logging_mixin.py:188} INFO - [2026-02-01T20:04:38.496+0000] {dagbag.py:545} INFO - Filling up the DagBag from /opt/airflow/dags/etl.py
[2026-02-01T20:04:38.995+0000] {processor.py:840} INFO - DAG(s) 'etl_pipeline_final' retrieved from /opt/airflow/dags/etl.py
[2026-02-01T20:04:39.032+0000] {logging_mixin.py:188} INFO - [2026-02-01T20:04:39.029+0000] {dag.py:3096} INFO - Sync 1 DAGs
[2026-02-01T20:04:39.054+0000] {logging_mixin.py:188} INFO - [2026-02-01T20:04:39.054+0000] {dag.py:3954} INFO - Setting next_dagrun for etl_pipeline_final to 2026-01-31 00:00:00+00:00, run_after=2026-02-01 00:00:00+00:00
[2026-02-01T20:04:39.081+0000] {processor.py:183} INFO - Processing /opt/airflow/dags/etl.py took 0.597 seconds
[2026-02-01T20:05:12.284+0000] {processor.py:161} INFO - Started process (PID=28396) to work on /opt/airflow/dags/etl.py
[2026-02-01T20:05:12.286+0000] {processor.py:830} INFO - Processing file /opt/airflow/dags/etl.py for tasks to queue
[2026-02-01T20:05:12.290+0000] {logging_mixin.py:188} INFO - [2026-02-01T20:05:12.290+0000] {dagbag.py:545} INFO - Filling up the DagBag from /opt/airflow/dags/etl.py
[2026-02-01T20:05:13.010+0000] {processor.py:840} INFO - DAG(s) 'etl_pipeline_final' retrieved from /opt/airflow/dags/etl.py
[2026-02-01T20:05:13.063+0000] {logging_mixin.py:188} INFO - [2026-02-01T20:05:13.062+0000] {dag.py:3096} INFO - Sync 1 DAGs
[2026-02-01T20:05:13.102+0000] {logging_mixin.py:188} INFO - [2026-02-01T20:05:13.101+0000] {dag.py:3954} INFO - Setting next_dagrun for etl_pipeline_final to 2026-01-31 00:00:00+00:00, run_after=2026-02-01 00:00:00+00:00
[2026-02-01T20:05:13.155+0000] {processor.py:183} INFO - Processing /opt/airflow/dags/etl.py took 0.879 seconds
[2026-02-01T20:05:43.249+0000] {processor.py:161} INFO - Started process (PID=28424) to work on /opt/airflow/dags/etl.py
[2026-02-01T20:05:43.252+0000] {processor.py:830} INFO - Processing file /opt/airflow/dags/etl.py for tasks to queue
[2026-02-01T20:05:43.256+0000] {logging_mixin.py:188} INFO - [2026-02-01T20:05:43.256+0000] {dagbag.py:545} INFO - Filling up the DagBag from /opt/airflow/dags/etl.py
[2026-02-01T20:05:43.986+0000] {processor.py:840} INFO - DAG(s) 'etl_pipeline_final' retrieved from /opt/airflow/dags/etl.py
[2026-02-01T20:05:44.042+0000] {logging_mixin.py:188} INFO - [2026-02-01T20:05:44.041+0000] {dag.py:3096} INFO - Sync 1 DAGs
[2026-02-01T20:05:44.079+0000] {logging_mixin.py:188} INFO - [2026-02-01T20:05:44.079+0000] {dag.py:3954} INFO - Setting next_dagrun for etl_pipeline_final to 2026-01-31 00:00:00+00:00, run_after=2026-02-01 00:00:00+00:00
[2026-02-01T20:05:44.123+0000] {processor.py:183} INFO - Processing /opt/airflow/dags/etl.py took 0.882 seconds
[2026-02-01T20:06:14.887+0000] {processor.py:161} INFO - Started process (PID=28468) to work on /opt/airflow/dags/etl.py
[2026-02-01T20:06:14.888+0000] {processor.py:830} INFO - Processing file /opt/airflow/dags/etl.py for tasks to queue
[2026-02-01T20:06:14.893+0000] {logging_mixin.py:188} INFO - [2026-02-01T20:06:14.892+0000] {dagbag.py:545} INFO - Filling up the DagBag from /opt/airflow/dags/etl.py
[2026-02-01T20:06:16.071+0000] {processor.py:840} INFO - DAG(s) 'etl_pipeline_final' retrieved from /opt/airflow/dags/etl.py
[2026-02-01T20:06:16.099+0000] {logging_mixin.py:188} INFO - [2026-02-01T20:06:16.099+0000] {dag.py:3096} INFO - Sync 1 DAGs
[2026-02-01T20:06:16.123+0000] {logging_mixin.py:188} INFO - [2026-02-01T20:06:16.122+0000] {dag.py:3954} INFO - Setting next_dagrun for etl_pipeline_final to 2026-01-31 00:00:00+00:00, run_after=2026-02-01 00:00:00+00:00
[2026-02-01T20:06:16.158+0000] {processor.py:183} INFO - Processing /opt/airflow/dags/etl.py took 1.298 seconds
[2026-02-01T20:06:48.676+0000] {processor.py:161} INFO - Started process (PID=28510) to work on /opt/airflow/dags/etl.py
[2026-02-01T20:06:48.679+0000] {processor.py:830} INFO - Processing file /opt/airflow/dags/etl.py for tasks to queue
[2026-02-01T20:06:48.682+0000] {logging_mixin.py:188} INFO - [2026-02-01T20:06:48.682+0000] {dagbag.py:545} INFO - Filling up the DagBag from /opt/airflow/dags/etl.py
[2026-02-01T20:06:49.262+0000] {processor.py:840} INFO - DAG(s) 'etl_pipeline_final' retrieved from /opt/airflow/dags/etl.py
[2026-02-01T20:06:49.297+0000] {logging_mixin.py:188} INFO - [2026-02-01T20:06:49.296+0000] {dag.py:3096} INFO - Sync 1 DAGs
[2026-02-01T20:06:49.325+0000] {logging_mixin.py:188} INFO - [2026-02-01T20:06:49.324+0000] {dag.py:3954} INFO - Setting next_dagrun for etl_pipeline_final to 2026-01-31 00:00:00+00:00, run_after=2026-02-01 00:00:00+00:00
[2026-02-01T20:06:49.358+0000] {processor.py:183} INFO - Processing /opt/airflow/dags/etl.py took 0.690 seconds
[2026-02-01T20:07:21.527+0000] {processor.py:161} INFO - Started process (PID=28554) to work on /opt/airflow/dags/etl.py
[2026-02-01T20:07:21.527+0000] {processor.py:830} INFO - Processing file /opt/airflow/dags/etl.py for tasks to queue
[2026-02-01T20:07:21.530+0000] {logging_mixin.py:188} INFO - [2026-02-01T20:07:21.529+0000] {dagbag.py:545} INFO - Filling up the DagBag from /opt/airflow/dags/etl.py
[2026-02-01T20:07:21.982+0000] {processor.py:840} INFO - DAG(s) 'etl_pipeline_final' retrieved from /opt/airflow/dags/etl.py
[2026-02-01T20:07:22.008+0000] {logging_mixin.py:188} INFO - [2026-02-01T20:07:22.007+0000] {dag.py:3096} INFO - Sync 1 DAGs
[2026-02-01T20:07:22.031+0000] {logging_mixin.py:188} INFO - [2026-02-01T20:07:22.031+0000] {dag.py:3954} INFO - Setting next_dagrun for etl_pipeline_final to 2026-01-31 00:00:00+00:00, run_after=2026-02-01 00:00:00+00:00
[2026-02-01T20:07:22.057+0000] {processor.py:183} INFO - Processing /opt/airflow/dags/etl.py took 0.538 seconds
[2026-02-01T20:07:54.974+0000] {processor.py:161} INFO - Started process (PID=28601) to work on /opt/airflow/dags/etl.py
[2026-02-01T20:07:54.979+0000] {processor.py:830} INFO - Processing file /opt/airflow/dags/etl.py for tasks to queue
[2026-02-01T20:07:54.987+0000] {logging_mixin.py:188} INFO - [2026-02-01T20:07:54.985+0000] {dagbag.py:545} INFO - Filling up the DagBag from /opt/airflow/dags/etl.py
[2026-02-01T20:07:55.952+0000] {processor.py:840} INFO - DAG(s) 'etl_pipeline_final' retrieved from /opt/airflow/dags/etl.py
[2026-02-01T20:07:55.988+0000] {logging_mixin.py:188} INFO - [2026-02-01T20:07:55.986+0000] {dag.py:3096} INFO - Sync 1 DAGs
[2026-02-01T20:07:56.015+0000] {logging_mixin.py:188} INFO - [2026-02-01T20:07:56.014+0000] {dag.py:3954} INFO - Setting next_dagrun for etl_pipeline_final to 2026-01-31 00:00:00+00:00, run_after=2026-02-01 00:00:00+00:00
[2026-02-01T20:07:56.046+0000] {processor.py:183} INFO - Processing /opt/airflow/dags/etl.py took 1.092 seconds
[2026-02-01T20:08:28.638+0000] {processor.py:161} INFO - Started process (PID=28648) to work on /opt/airflow/dags/etl.py
[2026-02-01T20:08:28.639+0000] {processor.py:830} INFO - Processing file /opt/airflow/dags/etl.py for tasks to queue
[2026-02-01T20:08:28.642+0000] {logging_mixin.py:188} INFO - [2026-02-01T20:08:28.642+0000] {dagbag.py:545} INFO - Filling up the DagBag from /opt/airflow/dags/etl.py
[2026-02-01T20:08:29.233+0000] {processor.py:840} INFO - DAG(s) 'etl_pipeline_final' retrieved from /opt/airflow/dags/etl.py
[2026-02-01T20:08:29.266+0000] {logging_mixin.py:188} INFO - [2026-02-01T20:08:29.265+0000] {dag.py:3096} INFO - Sync 1 DAGs
[2026-02-01T20:08:29.298+0000] {logging_mixin.py:188} INFO - [2026-02-01T20:08:29.298+0000] {dag.py:3954} INFO - Setting next_dagrun for etl_pipeline_final to 2026-01-31 00:00:00+00:00, run_after=2026-02-01 00:00:00+00:00
[2026-02-01T20:08:29.335+0000] {processor.py:183} INFO - Processing /opt/airflow/dags/etl.py took 0.705 seconds
[2026-02-01T20:09:01.691+0000] {processor.py:161} INFO - Started process (PID=28689) to work on /opt/airflow/dags/etl.py
[2026-02-01T20:09:01.693+0000] {processor.py:830} INFO - Processing file /opt/airflow/dags/etl.py for tasks to queue
[2026-02-01T20:09:01.694+0000] {logging_mixin.py:188} INFO - [2026-02-01T20:09:01.694+0000] {dagbag.py:545} INFO - Filling up the DagBag from /opt/airflow/dags/etl.py
[2026-02-01T20:09:02.159+0000] {processor.py:840} INFO - DAG(s) 'etl_pipeline_final' retrieved from /opt/airflow/dags/etl.py
[2026-02-01T20:09:02.191+0000] {logging_mixin.py:188} INFO - [2026-02-01T20:09:02.191+0000] {dag.py:3096} INFO - Sync 1 DAGs
[2026-02-01T20:09:02.216+0000] {logging_mixin.py:188} INFO - [2026-02-01T20:09:02.216+0000] {dag.py:3954} INFO - Setting next_dagrun for etl_pipeline_final to 2026-01-31 00:00:00+00:00, run_after=2026-02-01 00:00:00+00:00
[2026-02-01T20:09:02.267+0000] {processor.py:183} INFO - Processing /opt/airflow/dags/etl.py took 0.581 seconds
[2026-02-01T20:09:35.093+0000] {processor.py:161} INFO - Started process (PID=28736) to work on /opt/airflow/dags/etl.py
[2026-02-01T20:09:35.095+0000] {processor.py:830} INFO - Processing file /opt/airflow/dags/etl.py for tasks to queue
[2026-02-01T20:09:35.103+0000] {logging_mixin.py:188} INFO - [2026-02-01T20:09:35.102+0000] {dagbag.py:545} INFO - Filling up the DagBag from /opt/airflow/dags/etl.py
[2026-02-01T20:09:36.020+0000] {processor.py:840} INFO - DAG(s) 'etl_pipeline_final' retrieved from /opt/airflow/dags/etl.py
[2026-02-01T20:09:36.060+0000] {logging_mixin.py:188} INFO - [2026-02-01T20:09:36.058+0000] {dag.py:3096} INFO - Sync 1 DAGs
[2026-02-01T20:09:36.091+0000] {logging_mixin.py:188} INFO - [2026-02-01T20:09:36.091+0000] {dag.py:3954} INFO - Setting next_dagrun for etl_pipeline_final to 2026-01-31 00:00:00+00:00, run_after=2026-02-01 00:00:00+00:00
[2026-02-01T20:09:36.134+0000] {processor.py:183} INFO - Processing /opt/airflow/dags/etl.py took 1.066 seconds
[2026-02-01T20:10:08.922+0000] {processor.py:161} INFO - Started process (PID=28789) to work on /opt/airflow/dags/etl.py
[2026-02-01T20:10:08.924+0000] {processor.py:830} INFO - Processing file /opt/airflow/dags/etl.py for tasks to queue
[2026-02-01T20:10:08.925+0000] {logging_mixin.py:188} INFO - [2026-02-01T20:10:08.925+0000] {dagbag.py:545} INFO - Filling up the DagBag from /opt/airflow/dags/etl.py
[2026-02-01T20:10:09.368+0000] {processor.py:840} INFO - DAG(s) 'etl_pipeline_final' retrieved from /opt/airflow/dags/etl.py
[2026-02-01T20:10:09.393+0000] {logging_mixin.py:188} INFO - [2026-02-01T20:10:09.392+0000] {dag.py:3096} INFO - Sync 1 DAGs
[2026-02-01T20:10:09.413+0000] {logging_mixin.py:188} INFO - [2026-02-01T20:10:09.412+0000] {dag.py:3954} INFO - Setting next_dagrun for etl_pipeline_final to 2026-01-31 00:00:00+00:00, run_after=2026-02-01 00:00:00+00:00
[2026-02-01T20:10:09.435+0000] {processor.py:183} INFO - Processing /opt/airflow/dags/etl.py took 0.518 seconds
[2026-02-01T20:10:41.932+0000] {processor.py:161} INFO - Started process (PID=28825) to work on /opt/airflow/dags/etl.py
[2026-02-01T20:10:41.933+0000] {processor.py:830} INFO - Processing file /opt/airflow/dags/etl.py for tasks to queue
[2026-02-01T20:10:41.936+0000] {logging_mixin.py:188} INFO - [2026-02-01T20:10:41.935+0000] {dagbag.py:545} INFO - Filling up the DagBag from /opt/airflow/dags/etl.py
[2026-02-01T20:10:42.722+0000] {processor.py:840} INFO - DAG(s) 'etl_pipeline_final' retrieved from /opt/airflow/dags/etl.py
[2026-02-01T20:10:42.772+0000] {logging_mixin.py:188} INFO - [2026-02-01T20:10:42.771+0000] {dag.py:3096} INFO - Sync 1 DAGs
[2026-02-01T20:10:42.817+0000] {logging_mixin.py:188} INFO - [2026-02-01T20:10:42.817+0000] {dag.py:3954} INFO - Setting next_dagrun for etl_pipeline_final to 2026-01-31 00:00:00+00:00, run_after=2026-02-01 00:00:00+00:00
[2026-02-01T20:10:42.851+0000] {processor.py:183} INFO - Processing /opt/airflow/dags/etl.py took 0.928 seconds
[2026-02-01T20:11:15.633+0000] {processor.py:161} INFO - Started process (PID=28859) to work on /opt/airflow/dags/etl.py
[2026-02-01T20:11:15.638+0000] {processor.py:830} INFO - Processing file /opt/airflow/dags/etl.py for tasks to queue
[2026-02-01T20:11:15.649+0000] {logging_mixin.py:188} INFO - [2026-02-01T20:11:15.648+0000] {dagbag.py:545} INFO - Filling up the DagBag from /opt/airflow/dags/etl.py
[2026-02-01T20:11:16.592+0000] {processor.py:840} INFO - DAG(s) 'etl_pipeline_final' retrieved from /opt/airflow/dags/etl.py
[2026-02-01T20:11:16.637+0000] {logging_mixin.py:188} INFO - [2026-02-01T20:11:16.636+0000] {dag.py:3096} INFO - Sync 1 DAGs
[2026-02-01T20:11:16.676+0000] {logging_mixin.py:188} INFO - [2026-02-01T20:11:16.675+0000] {dag.py:3954} INFO - Setting next_dagrun for etl_pipeline_final to 2026-01-31 00:00:00+00:00, run_after=2026-02-01 00:00:00+00:00
[2026-02-01T20:11:16.715+0000] {processor.py:183} INFO - Processing /opt/airflow/dags/etl.py took 1.101 seconds
[2026-02-01T20:11:48.751+0000] {processor.py:161} INFO - Started process (PID=28903) to work on /opt/airflow/dags/etl.py
[2026-02-01T20:11:48.752+0000] {processor.py:830} INFO - Processing file /opt/airflow/dags/etl.py for tasks to queue
[2026-02-01T20:11:48.753+0000] {logging_mixin.py:188} INFO - [2026-02-01T20:11:48.753+0000] {dagbag.py:545} INFO - Filling up the DagBag from /opt/airflow/dags/etl.py
[2026-02-01T20:11:49.172+0000] {processor.py:840} INFO - DAG(s) 'etl_pipeline_final' retrieved from /opt/airflow/dags/etl.py
[2026-02-01T20:11:49.213+0000] {logging_mixin.py:188} INFO - [2026-02-01T20:11:49.212+0000] {dag.py:3096} INFO - Sync 1 DAGs
[2026-02-01T20:11:49.247+0000] {logging_mixin.py:188} INFO - [2026-02-01T20:11:49.247+0000] {dag.py:3954} INFO - Setting next_dagrun for etl_pipeline_final to 2026-01-31 00:00:00+00:00, run_after=2026-02-01 00:00:00+00:00
[2026-02-01T20:11:49.283+0000] {processor.py:183} INFO - Processing /opt/airflow/dags/etl.py took 0.537 seconds
[2026-02-01T20:12:21.784+0000] {processor.py:161} INFO - Started process (PID=28950) to work on /opt/airflow/dags/etl.py
[2026-02-01T20:12:21.789+0000] {processor.py:830} INFO - Processing file /opt/airflow/dags/etl.py for tasks to queue
[2026-02-01T20:12:21.790+0000] {logging_mixin.py:188} INFO - [2026-02-01T20:12:21.790+0000] {dagbag.py:545} INFO - Filling up the DagBag from /opt/airflow/dags/etl.py
[2026-02-01T20:12:22.189+0000] {processor.py:840} INFO - DAG(s) 'etl_pipeline_final' retrieved from /opt/airflow/dags/etl.py
[2026-02-01T20:12:22.220+0000] {logging_mixin.py:188} INFO - [2026-02-01T20:12:22.220+0000] {dag.py:3096} INFO - Sync 1 DAGs
[2026-02-01T20:12:22.243+0000] {logging_mixin.py:188} INFO - [2026-02-01T20:12:22.242+0000] {dag.py:3954} INFO - Setting next_dagrun for etl_pipeline_final to 2026-01-31 00:00:00+00:00, run_after=2026-02-01 00:00:00+00:00
[2026-02-01T20:12:22.265+0000] {processor.py:183} INFO - Processing /opt/airflow/dags/etl.py took 0.485 seconds
[2026-02-01T20:12:55.032+0000] {processor.py:161} INFO - Started process (PID=28997) to work on /opt/airflow/dags/etl.py
[2026-02-01T20:12:55.033+0000] {processor.py:830} INFO - Processing file /opt/airflow/dags/etl.py for tasks to queue
[2026-02-01T20:12:55.039+0000] {logging_mixin.py:188} INFO - [2026-02-01T20:12:55.038+0000] {dagbag.py:545} INFO - Filling up the DagBag from /opt/airflow/dags/etl.py
[2026-02-01T20:12:55.491+0000] {processor.py:840} INFO - DAG(s) 'etl_pipeline_final' retrieved from /opt/airflow/dags/etl.py
[2026-02-01T20:12:55.517+0000] {logging_mixin.py:188} INFO - [2026-02-01T20:12:55.517+0000] {dag.py:3096} INFO - Sync 1 DAGs
[2026-02-01T20:12:55.542+0000] {logging_mixin.py:188} INFO - [2026-02-01T20:12:55.542+0000] {dag.py:3954} INFO - Setting next_dagrun for etl_pipeline_final to 2026-01-31 00:00:00+00:00, run_after=2026-02-01 00:00:00+00:00
[2026-02-01T20:12:55.569+0000] {processor.py:183} INFO - Processing /opt/airflow/dags/etl.py took 0.544 seconds
[2026-02-01T20:13:28.596+0000] {processor.py:161} INFO - Started process (PID=29044) to work on /opt/airflow/dags/etl.py
[2026-02-01T20:13:28.599+0000] {processor.py:830} INFO - Processing file /opt/airflow/dags/etl.py for tasks to queue
[2026-02-01T20:13:28.600+0000] {logging_mixin.py:188} INFO - [2026-02-01T20:13:28.600+0000] {dagbag.py:545} INFO - Filling up the DagBag from /opt/airflow/dags/etl.py
[2026-02-01T20:13:29.024+0000] {processor.py:840} INFO - DAG(s) 'etl_pipeline_final' retrieved from /opt/airflow/dags/etl.py
[2026-02-01T20:13:29.054+0000] {logging_mixin.py:188} INFO - [2026-02-01T20:13:29.053+0000] {dag.py:3096} INFO - Sync 1 DAGs
[2026-02-01T20:13:29.074+0000] {logging_mixin.py:188} INFO - [2026-02-01T20:13:29.074+0000] {dag.py:3954} INFO - Setting next_dagrun for etl_pipeline_final to 2026-01-31 00:00:00+00:00, run_after=2026-02-01 00:00:00+00:00
[2026-02-01T20:13:29.101+0000] {processor.py:183} INFO - Processing /opt/airflow/dags/etl.py took 0.510 seconds
[2026-02-01T20:14:01.811+0000] {processor.py:161} INFO - Started process (PID=29091) to work on /opt/airflow/dags/etl.py
[2026-02-01T20:14:01.812+0000] {processor.py:830} INFO - Processing file /opt/airflow/dags/etl.py for tasks to queue
[2026-02-01T20:14:01.814+0000] {logging_mixin.py:188} INFO - [2026-02-01T20:14:01.814+0000] {dagbag.py:545} INFO - Filling up the DagBag from /opt/airflow/dags/etl.py
[2026-02-01T20:14:02.230+0000] {processor.py:840} INFO - DAG(s) 'etl_pipeline_final' retrieved from /opt/airflow/dags/etl.py
[2026-02-01T20:14:02.255+0000] {logging_mixin.py:188} INFO - [2026-02-01T20:14:02.254+0000] {dag.py:3096} INFO - Sync 1 DAGs
[2026-02-01T20:14:02.275+0000] {logging_mixin.py:188} INFO - [2026-02-01T20:14:02.274+0000] {dag.py:3954} INFO - Setting next_dagrun for etl_pipeline_final to 2026-01-31 00:00:00+00:00, run_after=2026-02-01 00:00:00+00:00
[2026-02-01T20:14:02.298+0000] {processor.py:183} INFO - Processing /opt/airflow/dags/etl.py took 0.492 seconds
[2026-02-01T20:14:35.566+0000] {processor.py:161} INFO - Started process (PID=29138) to work on /opt/airflow/dags/etl.py
[2026-02-01T20:14:35.568+0000] {processor.py:830} INFO - Processing file /opt/airflow/dags/etl.py for tasks to queue
[2026-02-01T20:14:35.570+0000] {logging_mixin.py:188} INFO - [2026-02-01T20:14:35.569+0000] {dagbag.py:545} INFO - Filling up the DagBag from /opt/airflow/dags/etl.py
[2026-02-01T20:14:35.990+0000] {processor.py:840} INFO - DAG(s) 'etl_pipeline_final' retrieved from /opt/airflow/dags/etl.py
[2026-02-01T20:14:36.014+0000] {logging_mixin.py:188} INFO - [2026-02-01T20:14:36.014+0000] {dag.py:3096} INFO - Sync 1 DAGs
[2026-02-01T20:14:36.035+0000] {logging_mixin.py:188} INFO - [2026-02-01T20:14:36.034+0000] {dag.py:3954} INFO - Setting next_dagrun for etl_pipeline_final to 2026-01-31 00:00:00+00:00, run_after=2026-02-01 00:00:00+00:00
[2026-02-01T20:14:36.057+0000] {processor.py:183} INFO - Processing /opt/airflow/dags/etl.py took 0.496 seconds
[2026-02-01T20:15:08.574+0000] {processor.py:161} INFO - Started process (PID=29185) to work on /opt/airflow/dags/etl.py
[2026-02-01T20:15:08.575+0000] {processor.py:830} INFO - Processing file /opt/airflow/dags/etl.py for tasks to queue
[2026-02-01T20:15:08.578+0000] {logging_mixin.py:188} INFO - [2026-02-01T20:15:08.577+0000] {dagbag.py:545} INFO - Filling up the DagBag from /opt/airflow/dags/etl.py
[2026-02-01T20:15:08.920+0000] {processor.py:840} INFO - DAG(s) 'etl_pipeline_final' retrieved from /opt/airflow/dags/etl.py
[2026-02-01T20:15:08.939+0000] {logging_mixin.py:188} INFO - [2026-02-01T20:15:08.938+0000] {dag.py:3096} INFO - Sync 1 DAGs
[2026-02-01T20:15:08.960+0000] {logging_mixin.py:188} INFO - [2026-02-01T20:15:08.960+0000] {dag.py:3954} INFO - Setting next_dagrun for etl_pipeline_final to 2026-01-31 00:00:00+00:00, run_after=2026-02-01 00:00:00+00:00
[2026-02-01T20:15:08.977+0000] {processor.py:183} INFO - Processing /opt/airflow/dags/etl.py took 0.407 seconds
[2026-02-01T20:15:41.914+0000] {processor.py:161} INFO - Started process (PID=29233) to work on /opt/airflow/dags/etl.py
[2026-02-01T20:15:41.917+0000] {processor.py:830} INFO - Processing file /opt/airflow/dags/etl.py for tasks to queue
[2026-02-01T20:15:41.918+0000] {logging_mixin.py:188} INFO - [2026-02-01T20:15:41.918+0000] {dagbag.py:545} INFO - Filling up the DagBag from /opt/airflow/dags/etl.py
[2026-02-01T20:15:42.248+0000] {processor.py:840} INFO - DAG(s) 'etl_pipeline_final' retrieved from /opt/airflow/dags/etl.py
[2026-02-01T20:15:42.273+0000] {logging_mixin.py:188} INFO - [2026-02-01T20:15:42.272+0000] {dag.py:3096} INFO - Sync 1 DAGs
[2026-02-01T20:15:42.293+0000] {logging_mixin.py:188} INFO - [2026-02-01T20:15:42.292+0000] {dag.py:3954} INFO - Setting next_dagrun for etl_pipeline_final to 2026-01-31 00:00:00+00:00, run_after=2026-02-01 00:00:00+00:00
[2026-02-01T20:15:42.313+0000] {processor.py:183} INFO - Processing /opt/airflow/dags/etl.py took 0.403 seconds
[2026-02-01T20:16:15.802+0000] {processor.py:161} INFO - Started process (PID=29283) to work on /opt/airflow/dags/etl.py
[2026-02-01T20:16:15.803+0000] {processor.py:830} INFO - Processing file /opt/airflow/dags/etl.py for tasks to queue
[2026-02-01T20:16:15.810+0000] {logging_mixin.py:188} INFO - [2026-02-01T20:16:15.809+0000] {dagbag.py:545} INFO - Filling up the DagBag from /opt/airflow/dags/etl.py
[2026-02-01T20:16:16.603+0000] {processor.py:840} INFO - DAG(s) 'etl_pipeline_final' retrieved from /opt/airflow/dags/etl.py
[2026-02-01T20:16:16.656+0000] {logging_mixin.py:188} INFO - [2026-02-01T20:16:16.656+0000] {dag.py:3096} INFO - Sync 1 DAGs
[2026-02-01T20:16:16.700+0000] {logging_mixin.py:188} INFO - [2026-02-01T20:16:16.700+0000] {dag.py:3954} INFO - Setting next_dagrun for etl_pipeline_final to 2026-01-31 00:00:00+00:00, run_after=2026-02-01 00:00:00+00:00
[2026-02-01T20:16:16.735+0000] {processor.py:183} INFO - Processing /opt/airflow/dags/etl.py took 0.945 seconds
[2026-02-01T20:16:48.427+0000] {processor.py:161} INFO - Started process (PID=29330) to work on /opt/airflow/dags/etl.py
[2026-02-01T20:16:48.428+0000] {processor.py:830} INFO - Processing file /opt/airflow/dags/etl.py for tasks to queue
[2026-02-01T20:16:48.433+0000] {logging_mixin.py:188} INFO - [2026-02-01T20:16:48.433+0000] {dagbag.py:545} INFO - Filling up the DagBag from /opt/airflow/dags/etl.py
[2026-02-01T20:16:48.819+0000] {processor.py:840} INFO - DAG(s) 'etl_pipeline_final' retrieved from /opt/airflow/dags/etl.py
[2026-02-01T20:16:48.846+0000] {logging_mixin.py:188} INFO - [2026-02-01T20:16:48.845+0000] {dag.py:3096} INFO - Sync 1 DAGs
[2026-02-01T20:16:48.868+0000] {logging_mixin.py:188} INFO - [2026-02-01T20:16:48.868+0000] {dag.py:3954} INFO - Setting next_dagrun for etl_pipeline_final to 2026-01-31 00:00:00+00:00, run_after=2026-02-01 00:00:00+00:00
[2026-02-01T20:16:48.893+0000] {processor.py:183} INFO - Processing /opt/airflow/dags/etl.py took 0.470 seconds
[2026-02-01T20:17:21.925+0000] {processor.py:161} INFO - Started process (PID=29377) to work on /opt/airflow/dags/etl.py
[2026-02-01T20:17:21.926+0000] {processor.py:830} INFO - Processing file /opt/airflow/dags/etl.py for tasks to queue
[2026-02-01T20:17:21.927+0000] {logging_mixin.py:188} INFO - [2026-02-01T20:17:21.927+0000] {dagbag.py:545} INFO - Filling up the DagBag from /opt/airflow/dags/etl.py
[2026-02-01T20:17:22.293+0000] {processor.py:840} INFO - DAG(s) 'etl_pipeline_final' retrieved from /opt/airflow/dags/etl.py
[2026-02-01T20:17:22.318+0000] {logging_mixin.py:188} INFO - [2026-02-01T20:17:22.317+0000] {dag.py:3096} INFO - Sync 1 DAGs
[2026-02-01T20:17:22.338+0000] {logging_mixin.py:188} INFO - [2026-02-01T20:17:22.338+0000] {dag.py:3954} INFO - Setting next_dagrun for etl_pipeline_final to 2026-01-31 00:00:00+00:00, run_after=2026-02-01 00:00:00+00:00
[2026-02-01T20:17:22.361+0000] {processor.py:183} INFO - Processing /opt/airflow/dags/etl.py took 0.440 seconds
[2026-02-01T20:17:55.346+0000] {processor.py:161} INFO - Started process (PID=29424) to work on /opt/airflow/dags/etl.py
[2026-02-01T20:17:55.347+0000] {processor.py:830} INFO - Processing file /opt/airflow/dags/etl.py for tasks to queue
[2026-02-01T20:17:55.349+0000] {logging_mixin.py:188} INFO - [2026-02-01T20:17:55.349+0000] {dagbag.py:545} INFO - Filling up the DagBag from /opt/airflow/dags/etl.py
[2026-02-01T20:17:55.869+0000] {processor.py:840} INFO - DAG(s) 'etl_pipeline_final' retrieved from /opt/airflow/dags/etl.py
[2026-02-01T20:17:55.915+0000] {logging_mixin.py:188} INFO - [2026-02-01T20:17:55.913+0000] {dag.py:3096} INFO - Sync 1 DAGs
[2026-02-01T20:17:55.950+0000] {logging_mixin.py:188} INFO - [2026-02-01T20:17:55.950+0000] {dag.py:3954} INFO - Setting next_dagrun for etl_pipeline_final to 2026-01-31 00:00:00+00:00, run_after=2026-02-01 00:00:00+00:00
[2026-02-01T20:17:55.986+0000] {processor.py:183} INFO - Processing /opt/airflow/dags/etl.py took 0.647 seconds
[2026-02-01T20:18:28.476+0000] {processor.py:161} INFO - Started process (PID=29471) to work on /opt/airflow/dags/etl.py
[2026-02-01T20:18:28.477+0000] {processor.py:830} INFO - Processing file /opt/airflow/dags/etl.py for tasks to queue
[2026-02-01T20:18:28.478+0000] {logging_mixin.py:188} INFO - [2026-02-01T20:18:28.478+0000] {dagbag.py:545} INFO - Filling up the DagBag from /opt/airflow/dags/etl.py
[2026-02-01T20:18:28.879+0000] {processor.py:840} INFO - DAG(s) 'etl_pipeline_final' retrieved from /opt/airflow/dags/etl.py
[2026-02-01T20:18:28.903+0000] {logging_mixin.py:188} INFO - [2026-02-01T20:18:28.903+0000] {dag.py:3096} INFO - Sync 1 DAGs
[2026-02-01T20:18:28.925+0000] {logging_mixin.py:188} INFO - [2026-02-01T20:18:28.925+0000] {dag.py:3954} INFO - Setting next_dagrun for etl_pipeline_final to 2026-01-31 00:00:00+00:00, run_after=2026-02-01 00:00:00+00:00
[2026-02-01T20:18:28.950+0000] {processor.py:183} INFO - Processing /opt/airflow/dags/etl.py took 0.478 seconds
[2026-02-01T20:19:02.621+0000] {processor.py:161} INFO - Started process (PID=29519) to work on /opt/airflow/dags/etl.py
[2026-02-01T20:19:02.623+0000] {processor.py:830} INFO - Processing file /opt/airflow/dags/etl.py for tasks to queue
[2026-02-01T20:19:02.625+0000] {logging_mixin.py:188} INFO - [2026-02-01T20:19:02.625+0000] {dagbag.py:545} INFO - Filling up the DagBag from /opt/airflow/dags/etl.py
[2026-02-01T20:19:03.204+0000] {processor.py:840} INFO - DAG(s) 'etl_pipeline_final' retrieved from /opt/airflow/dags/etl.py
[2026-02-01T20:19:03.235+0000] {logging_mixin.py:188} INFO - [2026-02-01T20:19:03.234+0000] {dag.py:3096} INFO - Sync 1 DAGs
[2026-02-01T20:19:03.255+0000] {logging_mixin.py:188} INFO - [2026-02-01T20:19:03.255+0000] {dag.py:3954} INFO - Setting next_dagrun for etl_pipeline_final to 2026-01-31 00:00:00+00:00, run_after=2026-02-01 00:00:00+00:00
[2026-02-01T20:19:03.286+0000] {processor.py:183} INFO - Processing /opt/airflow/dags/etl.py took 0.673 seconds
[2026-02-01T20:19:40.857+0000] {processor.py:161} INFO - Started process (PID=29570) to work on /opt/airflow/dags/etl.py
[2026-02-01T20:19:40.858+0000] {processor.py:830} INFO - Processing file /opt/airflow/dags/etl.py for tasks to queue
[2026-02-01T20:19:40.861+0000] {logging_mixin.py:188} INFO - [2026-02-01T20:19:40.860+0000] {dagbag.py:545} INFO - Filling up the DagBag from /opt/airflow/dags/etl.py
[2026-02-01T20:19:41.382+0000] {processor.py:840} INFO - DAG(s) 'etl_pipeline_final' retrieved from /opt/airflow/dags/etl.py
[2026-02-01T20:19:41.410+0000] {logging_mixin.py:188} INFO - [2026-02-01T20:19:41.410+0000] {dag.py:3096} INFO - Sync 1 DAGs
[2026-02-01T20:19:41.433+0000] {logging_mixin.py:188} INFO - [2026-02-01T20:19:41.433+0000] {dag.py:3954} INFO - Setting next_dagrun for etl_pipeline_final to 2026-01-31 00:00:00+00:00, run_after=2026-02-01 00:00:00+00:00
[2026-02-01T20:19:41.459+0000] {processor.py:183} INFO - Processing /opt/airflow/dags/etl.py took 0.610 seconds
[2026-02-01T20:20:12.341+0000] {processor.py:161} INFO - Started process (PID=29600) to work on /opt/airflow/dags/etl.py
[2026-02-01T20:20:12.344+0000] {processor.py:830} INFO - Processing file /opt/airflow/dags/etl.py for tasks to queue
[2026-02-01T20:20:12.347+0000] {logging_mixin.py:188} INFO - [2026-02-01T20:20:12.347+0000] {dagbag.py:545} INFO - Filling up the DagBag from /opt/airflow/dags/etl.py
[2026-02-01T20:20:13.098+0000] {processor.py:840} INFO - DAG(s) 'etl_pipeline_final' retrieved from /opt/airflow/dags/etl.py
[2026-02-01T20:20:13.132+0000] {logging_mixin.py:188} INFO - [2026-02-01T20:20:13.132+0000] {dag.py:3096} INFO - Sync 1 DAGs
[2026-02-01T20:20:13.164+0000] {logging_mixin.py:188} INFO - [2026-02-01T20:20:13.164+0000] {dag.py:3954} INFO - Setting next_dagrun for etl_pipeline_final to 2026-01-31 00:00:00+00:00, run_after=2026-02-01 00:00:00+00:00
[2026-02-01T20:20:13.196+0000] {processor.py:183} INFO - Processing /opt/airflow/dags/etl.py took 0.866 seconds
[2026-02-01T20:20:43.808+0000] {processor.py:161} INFO - Started process (PID=29637) to work on /opt/airflow/dags/etl.py
[2026-02-01T20:20:43.809+0000] {processor.py:830} INFO - Processing file /opt/airflow/dags/etl.py for tasks to queue
[2026-02-01T20:20:43.811+0000] {logging_mixin.py:188} INFO - [2026-02-01T20:20:43.810+0000] {dagbag.py:545} INFO - Filling up the DagBag from /opt/airflow/dags/etl.py
[2026-02-01T20:20:44.186+0000] {processor.py:840} INFO - DAG(s) 'etl_pipeline_final' retrieved from /opt/airflow/dags/etl.py
[2026-02-01T20:20:44.208+0000] {logging_mixin.py:188} INFO - [2026-02-01T20:20:44.206+0000] {dag.py:3096} INFO - Sync 1 DAGs
[2026-02-01T20:20:44.226+0000] {logging_mixin.py:188} INFO - [2026-02-01T20:20:44.226+0000] {dag.py:3954} INFO - Setting next_dagrun for etl_pipeline_final to 2026-01-31 00:00:00+00:00, run_after=2026-02-01 00:00:00+00:00
[2026-02-01T20:20:44.245+0000] {processor.py:183} INFO - Processing /opt/airflow/dags/etl.py took 0.442 seconds
[2026-02-01T20:21:15.838+0000] {processor.py:161} INFO - Started process (PID=29684) to work on /opt/airflow/dags/etl.py
[2026-02-01T20:21:15.843+0000] {processor.py:830} INFO - Processing file /opt/airflow/dags/etl.py for tasks to queue
[2026-02-01T20:21:15.851+0000] {logging_mixin.py:188} INFO - [2026-02-01T20:21:15.850+0000] {dagbag.py:545} INFO - Filling up the DagBag from /opt/airflow/dags/etl.py
[2026-02-01T20:21:17.394+0000] {processor.py:840} INFO - DAG(s) 'etl_pipeline_final' retrieved from /opt/airflow/dags/etl.py
[2026-02-01T20:21:17.432+0000] {logging_mixin.py:188} INFO - [2026-02-01T20:21:17.431+0000] {dag.py:3096} INFO - Sync 1 DAGs
[2026-02-01T20:21:17.473+0000] {logging_mixin.py:188} INFO - [2026-02-01T20:21:17.473+0000] {dag.py:3954} INFO - Setting next_dagrun for etl_pipeline_final to 2026-01-31 00:00:00+00:00, run_after=2026-02-01 00:00:00+00:00
[2026-02-01T20:21:17.522+0000] {processor.py:183} INFO - Processing /opt/airflow/dags/etl.py took 1.705 seconds
[2026-02-01T20:21:49.413+0000] {processor.py:161} INFO - Started process (PID=29731) to work on /opt/airflow/dags/etl.py
[2026-02-01T20:21:49.414+0000] {processor.py:830} INFO - Processing file /opt/airflow/dags/etl.py for tasks to queue
[2026-02-01T20:21:49.417+0000] {logging_mixin.py:188} INFO - [2026-02-01T20:21:49.417+0000] {dagbag.py:545} INFO - Filling up the DagBag from /opt/airflow/dags/etl.py
[2026-02-01T20:21:50.117+0000] {processor.py:840} INFO - DAG(s) 'etl_pipeline_final' retrieved from /opt/airflow/dags/etl.py
[2026-02-01T20:21:50.156+0000] {logging_mixin.py:188} INFO - [2026-02-01T20:21:50.154+0000] {dag.py:3096} INFO - Sync 1 DAGs
[2026-02-01T20:21:50.185+0000] {logging_mixin.py:188} INFO - [2026-02-01T20:21:50.185+0000] {dag.py:3954} INFO - Setting next_dagrun for etl_pipeline_final to 2026-01-31 00:00:00+00:00, run_after=2026-02-01 00:00:00+00:00
[2026-02-01T20:21:50.217+0000] {processor.py:183} INFO - Processing /opt/airflow/dags/etl.py took 0.812 seconds
[2026-02-01T20:22:22.220+0000] {processor.py:161} INFO - Started process (PID=29778) to work on /opt/airflow/dags/etl.py
[2026-02-01T20:22:22.224+0000] {processor.py:830} INFO - Processing file /opt/airflow/dags/etl.py for tasks to queue
[2026-02-01T20:22:22.232+0000] {logging_mixin.py:188} INFO - [2026-02-01T20:22:22.231+0000] {dagbag.py:545} INFO - Filling up the DagBag from /opt/airflow/dags/etl.py
[2026-02-01T20:22:23.335+0000] {processor.py:840} INFO - DAG(s) 'etl_pipeline_final' retrieved from /opt/airflow/dags/etl.py
[2026-02-01T20:22:23.385+0000] {logging_mixin.py:188} INFO - [2026-02-01T20:22:23.383+0000] {dag.py:3096} INFO - Sync 1 DAGs
[2026-02-01T20:22:23.421+0000] {logging_mixin.py:188} INFO - [2026-02-01T20:22:23.421+0000] {dag.py:3954} INFO - Setting next_dagrun for etl_pipeline_final to 2026-01-31 00:00:00+00:00, run_after=2026-02-01 00:00:00+00:00
[2026-02-01T20:22:23.460+0000] {processor.py:183} INFO - Processing /opt/airflow/dags/etl.py took 1.254 seconds
[2026-02-01T20:22:55.318+0000] {processor.py:161} INFO - Started process (PID=29825) to work on /opt/airflow/dags/etl.py
[2026-02-01T20:22:55.320+0000] {processor.py:830} INFO - Processing file /opt/airflow/dags/etl.py for tasks to queue
[2026-02-01T20:22:55.322+0000] {logging_mixin.py:188} INFO - [2026-02-01T20:22:55.322+0000] {dagbag.py:545} INFO - Filling up the DagBag from /opt/airflow/dags/etl.py
[2026-02-01T20:22:55.969+0000] {processor.py:840} INFO - DAG(s) 'etl_pipeline_final' retrieved from /opt/airflow/dags/etl.py
[2026-02-01T20:22:56.005+0000] {logging_mixin.py:188} INFO - [2026-02-01T20:22:56.004+0000] {dag.py:3096} INFO - Sync 1 DAGs
[2026-02-01T20:22:56.038+0000] {logging_mixin.py:188} INFO - [2026-02-01T20:22:56.038+0000] {dag.py:3954} INFO - Setting next_dagrun for etl_pipeline_final to 2026-01-31 00:00:00+00:00, run_after=2026-02-01 00:00:00+00:00
[2026-02-01T20:22:56.071+0000] {processor.py:183} INFO - Processing /opt/airflow/dags/etl.py took 0.764 seconds
[2026-02-01T20:23:28.785+0000] {processor.py:161} INFO - Started process (PID=29872) to work on /opt/airflow/dags/etl.py
[2026-02-01T20:23:28.786+0000] {processor.py:830} INFO - Processing file /opt/airflow/dags/etl.py for tasks to queue
[2026-02-01T20:23:28.788+0000] {logging_mixin.py:188} INFO - [2026-02-01T20:23:28.787+0000] {dagbag.py:545} INFO - Filling up the DagBag from /opt/airflow/dags/etl.py
[2026-02-01T20:23:29.223+0000] {processor.py:840} INFO - DAG(s) 'etl_pipeline_final' retrieved from /opt/airflow/dags/etl.py
[2026-02-01T20:23:29.247+0000] {logging_mixin.py:188} INFO - [2026-02-01T20:23:29.246+0000] {dag.py:3096} INFO - Sync 1 DAGs
[2026-02-01T20:23:29.268+0000] {logging_mixin.py:188} INFO - [2026-02-01T20:23:29.268+0000] {dag.py:3954} INFO - Setting next_dagrun for etl_pipeline_final to 2026-01-31 00:00:00+00:00, run_after=2026-02-01 00:00:00+00:00
[2026-02-01T20:23:29.295+0000] {processor.py:183} INFO - Processing /opt/airflow/dags/etl.py took 0.516 seconds
[2026-02-01T20:24:02.429+0000] {processor.py:161} INFO - Started process (PID=29919) to work on /opt/airflow/dags/etl.py
[2026-02-01T20:24:02.430+0000] {processor.py:830} INFO - Processing file /opt/airflow/dags/etl.py for tasks to queue
[2026-02-01T20:24:02.432+0000] {logging_mixin.py:188} INFO - [2026-02-01T20:24:02.432+0000] {dagbag.py:545} INFO - Filling up the DagBag from /opt/airflow/dags/etl.py
[2026-02-01T20:24:02.997+0000] {processor.py:840} INFO - DAG(s) 'etl_pipeline_final' retrieved from /opt/airflow/dags/etl.py
[2026-02-01T20:24:03.044+0000] {logging_mixin.py:188} INFO - [2026-02-01T20:24:03.041+0000] {dag.py:3096} INFO - Sync 1 DAGs
[2026-02-01T20:24:03.082+0000] {logging_mixin.py:188} INFO - [2026-02-01T20:24:03.082+0000] {dag.py:3954} INFO - Setting next_dagrun for etl_pipeline_final to 2026-01-31 00:00:00+00:00, run_after=2026-02-01 00:00:00+00:00
[2026-02-01T20:24:03.121+0000] {processor.py:183} INFO - Processing /opt/airflow/dags/etl.py took 0.700 seconds
[2026-02-01T20:24:36.210+0000] {processor.py:161} INFO - Started process (PID=29961) to work on /opt/airflow/dags/etl.py
[2026-02-01T20:24:36.216+0000] {processor.py:830} INFO - Processing file /opt/airflow/dags/etl.py for tasks to queue
[2026-02-01T20:24:36.218+0000] {logging_mixin.py:188} INFO - [2026-02-01T20:24:36.218+0000] {dagbag.py:545} INFO - Filling up the DagBag from /opt/airflow/dags/etl.py
[2026-02-01T20:24:37.112+0000] {processor.py:840} INFO - DAG(s) 'etl_pipeline_final' retrieved from /opt/airflow/dags/etl.py
[2026-02-01T20:24:37.158+0000] {logging_mixin.py:188} INFO - [2026-02-01T20:24:37.158+0000] {dag.py:3096} INFO - Sync 1 DAGs
[2026-02-01T20:24:37.190+0000] {logging_mixin.py:188} INFO - [2026-02-01T20:24:37.189+0000] {dag.py:3954} INFO - Setting next_dagrun for etl_pipeline_final to 2026-01-31 00:00:00+00:00, run_after=2026-02-01 00:00:00+00:00
[2026-02-01T20:24:37.224+0000] {processor.py:183} INFO - Processing /opt/airflow/dags/etl.py took 1.024 seconds
[2026-02-01T20:25:09.268+0000] {processor.py:161} INFO - Started process (PID=29995) to work on /opt/airflow/dags/etl.py
[2026-02-01T20:25:09.269+0000] {processor.py:830} INFO - Processing file /opt/airflow/dags/etl.py for tasks to queue
[2026-02-01T20:25:09.272+0000] {logging_mixin.py:188} INFO - [2026-02-01T20:25:09.271+0000] {dagbag.py:545} INFO - Filling up the DagBag from /opt/airflow/dags/etl.py
[2026-02-01T20:25:10.026+0000] {processor.py:840} INFO - DAG(s) 'etl_pipeline_final' retrieved from /opt/airflow/dags/etl.py
[2026-02-01T20:25:10.070+0000] {logging_mixin.py:188} INFO - [2026-02-01T20:25:10.070+0000] {dag.py:3096} INFO - Sync 1 DAGs
[2026-02-01T20:25:10.107+0000] {logging_mixin.py:188} INFO - [2026-02-01T20:25:10.107+0000] {dag.py:3954} INFO - Setting next_dagrun for etl_pipeline_final to 2026-01-31 00:00:00+00:00, run_after=2026-02-01 00:00:00+00:00
[2026-02-01T20:25:10.142+0000] {processor.py:183} INFO - Processing /opt/airflow/dags/etl.py took 0.883 seconds
[2026-02-01T20:25:42.069+0000] {processor.py:161} INFO - Started process (PID=30037) to work on /opt/airflow/dags/etl.py
[2026-02-01T20:25:42.072+0000] {processor.py:830} INFO - Processing file /opt/airflow/dags/etl.py for tasks to queue
[2026-02-01T20:25:42.074+0000] {logging_mixin.py:188} INFO - [2026-02-01T20:25:42.074+0000] {dagbag.py:545} INFO - Filling up the DagBag from /opt/airflow/dags/etl.py
[2026-02-01T20:25:42.573+0000] {processor.py:840} INFO - DAG(s) 'etl_pipeline_final' retrieved from /opt/airflow/dags/etl.py
[2026-02-01T20:25:42.608+0000] {logging_mixin.py:188} INFO - [2026-02-01T20:25:42.607+0000] {dag.py:3096} INFO - Sync 1 DAGs
[2026-02-01T20:25:42.636+0000] {logging_mixin.py:188} INFO - [2026-02-01T20:25:42.636+0000] {dag.py:3954} INFO - Setting next_dagrun for etl_pipeline_final to 2026-01-31 00:00:00+00:00, run_after=2026-02-01 00:00:00+00:00
[2026-02-01T20:25:42.671+0000] {processor.py:183} INFO - Processing /opt/airflow/dags/etl.py took 0.609 seconds
[2026-02-01T20:26:15.653+0000] {processor.py:161} INFO - Started process (PID=30081) to work on /opt/airflow/dags/etl.py
[2026-02-01T20:26:15.656+0000] {processor.py:830} INFO - Processing file /opt/airflow/dags/etl.py for tasks to queue
[2026-02-01T20:26:15.662+0000] {logging_mixin.py:188} INFO - [2026-02-01T20:26:15.661+0000] {dagbag.py:545} INFO - Filling up the DagBag from /opt/airflow/dags/etl.py
[2026-02-01T20:26:16.876+0000] {processor.py:840} INFO - DAG(s) 'etl_pipeline_final' retrieved from /opt/airflow/dags/etl.py
[2026-02-01T20:26:16.921+0000] {logging_mixin.py:188} INFO - [2026-02-01T20:26:16.920+0000] {dag.py:3096} INFO - Sync 1 DAGs
[2026-02-01T20:26:16.957+0000] {logging_mixin.py:188} INFO - [2026-02-01T20:26:16.957+0000] {dag.py:3954} INFO - Setting next_dagrun for etl_pipeline_final to 2026-01-31 00:00:00+00:00, run_after=2026-02-01 00:00:00+00:00
[2026-02-01T20:26:16.992+0000] {processor.py:183} INFO - Processing /opt/airflow/dags/etl.py took 1.353 seconds
[2026-02-01T20:26:48.947+0000] {processor.py:161} INFO - Started process (PID=30125) to work on /opt/airflow/dags/etl.py
[2026-02-01T20:26:48.951+0000] {processor.py:830} INFO - Processing file /opt/airflow/dags/etl.py for tasks to queue
[2026-02-01T20:26:48.954+0000] {logging_mixin.py:188} INFO - [2026-02-01T20:26:48.953+0000] {dagbag.py:545} INFO - Filling up the DagBag from /opt/airflow/dags/etl.py
[2026-02-01T20:26:49.453+0000] {processor.py:840} INFO - DAG(s) 'etl_pipeline_final' retrieved from /opt/airflow/dags/etl.py
[2026-02-01T20:26:49.483+0000] {logging_mixin.py:188} INFO - [2026-02-01T20:26:49.481+0000] {dag.py:3096} INFO - Sync 1 DAGs
[2026-02-01T20:26:49.504+0000] {logging_mixin.py:188} INFO - [2026-02-01T20:26:49.504+0000] {dag.py:3954} INFO - Setting next_dagrun for etl_pipeline_final to 2026-01-31 00:00:00+00:00, run_after=2026-02-01 00:00:00+00:00
[2026-02-01T20:26:49.525+0000] {processor.py:183} INFO - Processing /opt/airflow/dags/etl.py took 0.584 seconds
[2026-02-01T20:27:22.094+0000] {processor.py:161} INFO - Started process (PID=30172) to work on /opt/airflow/dags/etl.py
[2026-02-01T20:27:22.096+0000] {processor.py:830} INFO - Processing file /opt/airflow/dags/etl.py for tasks to queue
[2026-02-01T20:27:22.099+0000] {logging_mixin.py:188} INFO - [2026-02-01T20:27:22.098+0000] {dagbag.py:545} INFO - Filling up the DagBag from /opt/airflow/dags/etl.py
[2026-02-01T20:27:22.847+0000] {processor.py:840} INFO - DAG(s) 'etl_pipeline_final' retrieved from /opt/airflow/dags/etl.py
[2026-02-01T20:27:22.893+0000] {logging_mixin.py:188} INFO - [2026-02-01T20:27:22.892+0000] {dag.py:3096} INFO - Sync 1 DAGs
[2026-02-01T20:27:22.937+0000] {logging_mixin.py:188} INFO - [2026-02-01T20:27:22.937+0000] {dag.py:3954} INFO - Setting next_dagrun for etl_pipeline_final to 2026-01-31 00:00:00+00:00, run_after=2026-02-01 00:00:00+00:00
[2026-02-01T20:27:22.972+0000] {processor.py:183} INFO - Processing /opt/airflow/dags/etl.py took 0.890 seconds
[2026-02-01T20:27:55.672+0000] {processor.py:161} INFO - Started process (PID=30219) to work on /opt/airflow/dags/etl.py
[2026-02-01T20:27:55.675+0000] {processor.py:830} INFO - Processing file /opt/airflow/dags/etl.py for tasks to queue
[2026-02-01T20:27:55.679+0000] {logging_mixin.py:188} INFO - [2026-02-01T20:27:55.678+0000] {dagbag.py:545} INFO - Filling up the DagBag from /opt/airflow/dags/etl.py
[2026-02-01T20:27:56.152+0000] {processor.py:840} INFO - DAG(s) 'etl_pipeline_final' retrieved from /opt/airflow/dags/etl.py
[2026-02-01T20:27:56.174+0000] {logging_mixin.py:188} INFO - [2026-02-01T20:27:56.173+0000] {dag.py:3096} INFO - Sync 1 DAGs
[2026-02-01T20:27:56.193+0000] {logging_mixin.py:188} INFO - [2026-02-01T20:27:56.193+0000] {dag.py:3954} INFO - Setting next_dagrun for etl_pipeline_final to 2026-01-31 00:00:00+00:00, run_after=2026-02-01 00:00:00+00:00
[2026-02-01T20:27:56.215+0000] {processor.py:183} INFO - Processing /opt/airflow/dags/etl.py took 0.552 seconds
[2026-02-01T20:28:29.382+0000] {processor.py:161} INFO - Started process (PID=30266) to work on /opt/airflow/dags/etl.py
[2026-02-01T20:28:29.385+0000] {processor.py:830} INFO - Processing file /opt/airflow/dags/etl.py for tasks to queue
[2026-02-01T20:28:29.386+0000] {logging_mixin.py:188} INFO - [2026-02-01T20:28:29.386+0000] {dagbag.py:545} INFO - Filling up the DagBag from /opt/airflow/dags/etl.py
[2026-02-01T20:28:29.756+0000] {processor.py:840} INFO - DAG(s) 'etl_pipeline_final' retrieved from /opt/airflow/dags/etl.py
[2026-02-01T20:28:29.778+0000] {logging_mixin.py:188} INFO - [2026-02-01T20:28:29.777+0000] {dag.py:3096} INFO - Sync 1 DAGs
[2026-02-01T20:28:29.799+0000] {logging_mixin.py:188} INFO - [2026-02-01T20:28:29.799+0000] {dag.py:3954} INFO - Setting next_dagrun for etl_pipeline_final to 2026-01-31 00:00:00+00:00, run_after=2026-02-01 00:00:00+00:00
[2026-02-01T20:28:29.820+0000] {processor.py:183} INFO - Processing /opt/airflow/dags/etl.py took 0.443 seconds
[2026-02-01T20:29:02.277+0000] {processor.py:161} INFO - Started process (PID=30313) to work on /opt/airflow/dags/etl.py
[2026-02-01T20:29:02.277+0000] {processor.py:830} INFO - Processing file /opt/airflow/dags/etl.py for tasks to queue
[2026-02-01T20:29:02.280+0000] {logging_mixin.py:188} INFO - [2026-02-01T20:29:02.279+0000] {dagbag.py:545} INFO - Filling up the DagBag from /opt/airflow/dags/etl.py
[2026-02-01T20:29:02.755+0000] {processor.py:840} INFO - DAG(s) 'etl_pipeline_final' retrieved from /opt/airflow/dags/etl.py
[2026-02-01T20:29:02.778+0000] {logging_mixin.py:188} INFO - [2026-02-01T20:29:02.777+0000] {dag.py:3096} INFO - Sync 1 DAGs
[2026-02-01T20:29:02.795+0000] {logging_mixin.py:188} INFO - [2026-02-01T20:29:02.795+0000] {dag.py:3954} INFO - Setting next_dagrun for etl_pipeline_final to 2026-01-31 00:00:00+00:00, run_after=2026-02-01 00:00:00+00:00
[2026-02-01T20:29:02.814+0000] {processor.py:183} INFO - Processing /opt/airflow/dags/etl.py took 0.543 seconds
[2026-02-01T20:29:35.723+0000] {processor.py:161} INFO - Started process (PID=30360) to work on /opt/airflow/dags/etl.py
[2026-02-01T20:29:35.725+0000] {processor.py:830} INFO - Processing file /opt/airflow/dags/etl.py for tasks to queue
[2026-02-01T20:29:35.727+0000] {logging_mixin.py:188} INFO - [2026-02-01T20:29:35.727+0000] {dagbag.py:545} INFO - Filling up the DagBag from /opt/airflow/dags/etl.py
[2026-02-01T20:29:36.304+0000] {processor.py:840} INFO - DAG(s) 'etl_pipeline_final' retrieved from /opt/airflow/dags/etl.py
[2026-02-01T20:29:36.342+0000] {logging_mixin.py:188} INFO - [2026-02-01T20:29:36.341+0000] {dag.py:3096} INFO - Sync 1 DAGs
[2026-02-01T20:29:36.375+0000] {logging_mixin.py:188} INFO - [2026-02-01T20:29:36.375+0000] {dag.py:3954} INFO - Setting next_dagrun for etl_pipeline_final to 2026-01-31 00:00:00+00:00, run_after=2026-02-01 00:00:00+00:00
[2026-02-01T20:29:36.410+0000] {processor.py:183} INFO - Processing /opt/airflow/dags/etl.py took 0.695 seconds
[2026-02-01T20:30:09.191+0000] {processor.py:161} INFO - Started process (PID=30407) to work on /opt/airflow/dags/etl.py
[2026-02-01T20:30:09.192+0000] {processor.py:830} INFO - Processing file /opt/airflow/dags/etl.py for tasks to queue
[2026-02-01T20:30:09.194+0000] {logging_mixin.py:188} INFO - [2026-02-01T20:30:09.193+0000] {dagbag.py:545} INFO - Filling up the DagBag from /opt/airflow/dags/etl.py
[2026-02-01T20:30:09.563+0000] {processor.py:840} INFO - DAG(s) 'etl_pipeline_final' retrieved from /opt/airflow/dags/etl.py
[2026-02-01T20:30:09.600+0000] {logging_mixin.py:188} INFO - [2026-02-01T20:30:09.598+0000] {dag.py:3096} INFO - Sync 1 DAGs
[2026-02-01T20:30:09.618+0000] {logging_mixin.py:188} INFO - [2026-02-01T20:30:09.618+0000] {dag.py:3954} INFO - Setting next_dagrun for etl_pipeline_final to 2026-01-31 00:00:00+00:00, run_after=2026-02-01 00:00:00+00:00
[2026-02-01T20:30:09.636+0000] {processor.py:183} INFO - Processing /opt/airflow/dags/etl.py took 0.450 seconds
[2026-02-01T20:30:42.174+0000] {processor.py:161} INFO - Started process (PID=30454) to work on /opt/airflow/dags/etl.py
[2026-02-01T20:30:42.176+0000] {processor.py:830} INFO - Processing file /opt/airflow/dags/etl.py for tasks to queue
[2026-02-01T20:30:42.177+0000] {logging_mixin.py:188} INFO - [2026-02-01T20:30:42.177+0000] {dagbag.py:545} INFO - Filling up the DagBag from /opt/airflow/dags/etl.py
[2026-02-01T20:30:42.546+0000] {processor.py:840} INFO - DAG(s) 'etl_pipeline_final' retrieved from /opt/airflow/dags/etl.py
[2026-02-01T20:30:42.568+0000] {logging_mixin.py:188} INFO - [2026-02-01T20:30:42.568+0000] {dag.py:3096} INFO - Sync 1 DAGs
[2026-02-01T20:30:42.585+0000] {logging_mixin.py:188} INFO - [2026-02-01T20:30:42.585+0000] {dag.py:3954} INFO - Setting next_dagrun for etl_pipeline_final to 2026-01-31 00:00:00+00:00, run_after=2026-02-01 00:00:00+00:00
[2026-02-01T20:30:42.601+0000] {processor.py:183} INFO - Processing /opt/airflow/dags/etl.py took 0.432 seconds
[2026-02-01T20:31:16.277+0000] {processor.py:161} INFO - Started process (PID=30501) to work on /opt/airflow/dags/etl.py
[2026-02-01T20:31:16.280+0000] {processor.py:830} INFO - Processing file /opt/airflow/dags/etl.py for tasks to queue
[2026-02-01T20:31:16.292+0000] {logging_mixin.py:188} INFO - [2026-02-01T20:31:16.288+0000] {dagbag.py:545} INFO - Filling up the DagBag from /opt/airflow/dags/etl.py
[2026-02-01T20:31:17.579+0000] {processor.py:840} INFO - DAG(s) 'etl_pipeline_final' retrieved from /opt/airflow/dags/etl.py
[2026-02-01T20:31:17.615+0000] {logging_mixin.py:188} INFO - [2026-02-01T20:31:17.614+0000] {dag.py:3096} INFO - Sync 1 DAGs
[2026-02-01T20:31:17.646+0000] {logging_mixin.py:188} INFO - [2026-02-01T20:31:17.645+0000] {dag.py:3954} INFO - Setting next_dagrun for etl_pipeline_final to 2026-01-31 00:00:00+00:00, run_after=2026-02-01 00:00:00+00:00
[2026-02-01T20:31:17.683+0000] {processor.py:183} INFO - Processing /opt/airflow/dags/etl.py took 1.440 seconds
[2026-02-01T20:31:49.233+0000] {processor.py:161} INFO - Started process (PID=30546) to work on /opt/airflow/dags/etl.py
[2026-02-01T20:31:49.236+0000] {processor.py:830} INFO - Processing file /opt/airflow/dags/etl.py for tasks to queue
[2026-02-01T20:31:49.237+0000] {logging_mixin.py:188} INFO - [2026-02-01T20:31:49.237+0000] {dagbag.py:545} INFO - Filling up the DagBag from /opt/airflow/dags/etl.py
[2026-02-01T20:31:49.650+0000] {processor.py:840} INFO - DAG(s) 'etl_pipeline_final' retrieved from /opt/airflow/dags/etl.py
[2026-02-01T20:31:49.669+0000] {logging_mixin.py:188} INFO - [2026-02-01T20:31:49.669+0000] {dag.py:3096} INFO - Sync 1 DAGs
[2026-02-01T20:31:49.685+0000] {logging_mixin.py:188} INFO - [2026-02-01T20:31:49.685+0000] {dag.py:3954} INFO - Setting next_dagrun for etl_pipeline_final to 2026-01-31 00:00:00+00:00, run_after=2026-02-01 00:00:00+00:00
[2026-02-01T20:31:49.704+0000] {processor.py:183} INFO - Processing /opt/airflow/dags/etl.py took 0.479 seconds
[2026-02-01T20:32:22.730+0000] {processor.py:161} INFO - Started process (PID=30577) to work on /opt/airflow/dags/etl.py
[2026-02-01T20:32:22.731+0000] {processor.py:830} INFO - Processing file /opt/airflow/dags/etl.py for tasks to queue
[2026-02-01T20:32:22.732+0000] {logging_mixin.py:188} INFO - [2026-02-01T20:32:22.732+0000] {dagbag.py:545} INFO - Filling up the DagBag from /opt/airflow/dags/etl.py
[2026-02-01T20:32:23.165+0000] {processor.py:840} INFO - DAG(s) 'etl_pipeline_final' retrieved from /opt/airflow/dags/etl.py
[2026-02-01T20:32:23.197+0000] {logging_mixin.py:188} INFO - [2026-02-01T20:32:23.197+0000] {dag.py:3096} INFO - Sync 1 DAGs
[2026-02-01T20:32:23.231+0000] {logging_mixin.py:188} INFO - [2026-02-01T20:32:23.231+0000] {dag.py:3954} INFO - Setting next_dagrun for etl_pipeline_final to 2026-01-31 00:00:00+00:00, run_after=2026-02-01 00:00:00+00:00
[2026-02-01T20:32:23.263+0000] {processor.py:183} INFO - Processing /opt/airflow/dags/etl.py took 0.538 seconds
[2026-02-01T20:32:55.624+0000] {processor.py:161} INFO - Started process (PID=30621) to work on /opt/airflow/dags/etl.py
[2026-02-01T20:32:55.627+0000] {processor.py:830} INFO - Processing file /opt/airflow/dags/etl.py for tasks to queue
[2026-02-01T20:32:55.630+0000] {logging_mixin.py:188} INFO - [2026-02-01T20:32:55.629+0000] {dagbag.py:545} INFO - Filling up the DagBag from /opt/airflow/dags/etl.py
[2026-02-01T20:32:56.225+0000] {processor.py:840} INFO - DAG(s) 'etl_pipeline_final' retrieved from /opt/airflow/dags/etl.py
[2026-02-01T20:32:56.264+0000] {logging_mixin.py:188} INFO - [2026-02-01T20:32:56.262+0000] {dag.py:3096} INFO - Sync 1 DAGs
[2026-02-01T20:32:56.288+0000] {logging_mixin.py:188} INFO - [2026-02-01T20:32:56.288+0000] {dag.py:3954} INFO - Setting next_dagrun for etl_pipeline_final to 2026-01-31 00:00:00+00:00, run_after=2026-02-01 00:00:00+00:00
[2026-02-01T20:32:56.325+0000] {processor.py:183} INFO - Processing /opt/airflow/dags/etl.py took 0.710 seconds
[2026-02-01T20:33:29.005+0000] {processor.py:161} INFO - Started process (PID=30668) to work on /opt/airflow/dags/etl.py
[2026-02-01T20:33:29.006+0000] {processor.py:830} INFO - Processing file /opt/airflow/dags/etl.py for tasks to queue
[2026-02-01T20:33:29.007+0000] {logging_mixin.py:188} INFO - [2026-02-01T20:33:29.007+0000] {dagbag.py:545} INFO - Filling up the DagBag from /opt/airflow/dags/etl.py
[2026-02-01T20:33:29.364+0000] {processor.py:840} INFO - DAG(s) 'etl_pipeline_final' retrieved from /opt/airflow/dags/etl.py
[2026-02-01T20:33:29.386+0000] {logging_mixin.py:188} INFO - [2026-02-01T20:33:29.385+0000] {dag.py:3096} INFO - Sync 1 DAGs
[2026-02-01T20:33:29.402+0000] {logging_mixin.py:188} INFO - [2026-02-01T20:33:29.402+0000] {dag.py:3954} INFO - Setting next_dagrun for etl_pipeline_final to 2026-01-31 00:00:00+00:00, run_after=2026-02-01 00:00:00+00:00
[2026-02-01T20:33:29.422+0000] {processor.py:183} INFO - Processing /opt/airflow/dags/etl.py took 0.422 seconds
[2026-02-01T20:34:02.409+0000] {processor.py:161} INFO - Started process (PID=30715) to work on /opt/airflow/dags/etl.py
[2026-02-01T20:34:02.410+0000] {processor.py:830} INFO - Processing file /opt/airflow/dags/etl.py for tasks to queue
[2026-02-01T20:34:02.412+0000] {logging_mixin.py:188} INFO - [2026-02-01T20:34:02.412+0000] {dagbag.py:545} INFO - Filling up the DagBag from /opt/airflow/dags/etl.py
[2026-02-01T20:34:02.782+0000] {processor.py:840} INFO - DAG(s) 'etl_pipeline_final' retrieved from /opt/airflow/dags/etl.py
[2026-02-01T20:34:02.804+0000] {logging_mixin.py:188} INFO - [2026-02-01T20:34:02.803+0000] {dag.py:3096} INFO - Sync 1 DAGs
[2026-02-01T20:34:02.825+0000] {logging_mixin.py:188} INFO - [2026-02-01T20:34:02.825+0000] {dag.py:3954} INFO - Setting next_dagrun for etl_pipeline_final to 2026-01-31 00:00:00+00:00, run_after=2026-02-01 00:00:00+00:00
[2026-02-01T20:34:02.846+0000] {processor.py:183} INFO - Processing /opt/airflow/dags/etl.py took 0.441 seconds
[2026-02-01T20:34:35.773+0000] {processor.py:161} INFO - Started process (PID=30762) to work on /opt/airflow/dags/etl.py
[2026-02-01T20:34:35.774+0000] {processor.py:830} INFO - Processing file /opt/airflow/dags/etl.py for tasks to queue
[2026-02-01T20:34:35.777+0000] {logging_mixin.py:188} INFO - [2026-02-01T20:34:35.776+0000] {dagbag.py:545} INFO - Filling up the DagBag from /opt/airflow/dags/etl.py
[2026-02-01T20:34:36.461+0000] {processor.py:840} INFO - DAG(s) 'etl_pipeline_final' retrieved from /opt/airflow/dags/etl.py
[2026-02-01T20:34:36.496+0000] {logging_mixin.py:188} INFO - [2026-02-01T20:34:36.495+0000] {dag.py:3096} INFO - Sync 1 DAGs
[2026-02-01T20:34:36.523+0000] {logging_mixin.py:188} INFO - [2026-02-01T20:34:36.523+0000] {dag.py:3954} INFO - Setting next_dagrun for etl_pipeline_final to 2026-01-31 00:00:00+00:00, run_after=2026-02-01 00:00:00+00:00
[2026-02-01T20:34:36.555+0000] {processor.py:183} INFO - Processing /opt/airflow/dags/etl.py took 0.789 seconds
[2026-02-01T20:35:09.180+0000] {processor.py:161} INFO - Started process (PID=30809) to work on /opt/airflow/dags/etl.py
[2026-02-01T20:35:09.184+0000] {processor.py:830} INFO - Processing file /opt/airflow/dags/etl.py for tasks to queue
[2026-02-01T20:35:09.186+0000] {logging_mixin.py:188} INFO - [2026-02-01T20:35:09.185+0000] {dagbag.py:545} INFO - Filling up the DagBag from /opt/airflow/dags/etl.py
[2026-02-01T20:35:09.587+0000] {processor.py:840} INFO - DAG(s) 'etl_pipeline_final' retrieved from /opt/airflow/dags/etl.py
[2026-02-01T20:35:09.606+0000] {logging_mixin.py:188} INFO - [2026-02-01T20:35:09.606+0000] {dag.py:3096} INFO - Sync 1 DAGs
[2026-02-01T20:35:09.625+0000] {logging_mixin.py:188} INFO - [2026-02-01T20:35:09.625+0000] {dag.py:3954} INFO - Setting next_dagrun for etl_pipeline_final to 2026-01-31 00:00:00+00:00, run_after=2026-02-01 00:00:00+00:00
[2026-02-01T20:35:09.646+0000] {processor.py:183} INFO - Processing /opt/airflow/dags/etl.py took 0.472 seconds
[2026-02-01T20:35:43.156+0000] {processor.py:161} INFO - Started process (PID=30856) to work on /opt/airflow/dags/etl.py
[2026-02-01T20:35:43.157+0000] {processor.py:830} INFO - Processing file /opt/airflow/dags/etl.py for tasks to queue
[2026-02-01T20:35:43.159+0000] {logging_mixin.py:188} INFO - [2026-02-01T20:35:43.158+0000] {dagbag.py:545} INFO - Filling up the DagBag from /opt/airflow/dags/etl.py
[2026-02-01T20:35:43.715+0000] {processor.py:840} INFO - DAG(s) 'etl_pipeline_final' retrieved from /opt/airflow/dags/etl.py
[2026-02-01T20:35:43.745+0000] {logging_mixin.py:188} INFO - [2026-02-01T20:35:43.744+0000] {dag.py:3096} INFO - Sync 1 DAGs
[2026-02-01T20:35:43.771+0000] {logging_mixin.py:188} INFO - [2026-02-01T20:35:43.771+0000] {dag.py:3954} INFO - Setting next_dagrun for etl_pipeline_final to 2026-01-31 00:00:00+00:00, run_after=2026-02-01 00:00:00+00:00
[2026-02-01T20:35:43.798+0000] {processor.py:183} INFO - Processing /opt/airflow/dags/etl.py took 0.648 seconds
[2026-02-01T20:36:15.840+0000] {processor.py:161} INFO - Started process (PID=30903) to work on /opt/airflow/dags/etl.py
[2026-02-01T20:36:15.843+0000] {processor.py:830} INFO - Processing file /opt/airflow/dags/etl.py for tasks to queue
[2026-02-01T20:36:15.845+0000] {logging_mixin.py:188} INFO - [2026-02-01T20:36:15.845+0000] {dagbag.py:545} INFO - Filling up the DagBag from /opt/airflow/dags/etl.py
[2026-02-01T20:36:16.282+0000] {processor.py:840} INFO - DAG(s) 'etl_pipeline_final' retrieved from /opt/airflow/dags/etl.py
[2026-02-01T20:36:16.306+0000] {logging_mixin.py:188} INFO - [2026-02-01T20:36:16.304+0000] {dag.py:3096} INFO - Sync 1 DAGs
[2026-02-01T20:36:16.326+0000] {logging_mixin.py:188} INFO - [2026-02-01T20:36:16.326+0000] {dag.py:3954} INFO - Setting next_dagrun for etl_pipeline_final to 2026-01-31 00:00:00+00:00, run_after=2026-02-01 00:00:00+00:00
[2026-02-01T20:36:16.349+0000] {processor.py:183} INFO - Processing /opt/airflow/dags/etl.py took 0.515 seconds
[2026-02-01T20:36:48.974+0000] {processor.py:161} INFO - Started process (PID=30951) to work on /opt/airflow/dags/etl.py
[2026-02-01T20:36:48.975+0000] {processor.py:830} INFO - Processing file /opt/airflow/dags/etl.py for tasks to queue
[2026-02-01T20:36:48.976+0000] {logging_mixin.py:188} INFO - [2026-02-01T20:36:48.976+0000] {dagbag.py:545} INFO - Filling up the DagBag from /opt/airflow/dags/etl.py
[2026-02-01T20:36:49.317+0000] {processor.py:840} INFO - DAG(s) 'etl_pipeline_final' retrieved from /opt/airflow/dags/etl.py
[2026-02-01T20:36:49.336+0000] {logging_mixin.py:188} INFO - [2026-02-01T20:36:49.336+0000] {dag.py:3096} INFO - Sync 1 DAGs
[2026-02-01T20:36:49.351+0000] {logging_mixin.py:188} INFO - [2026-02-01T20:36:49.351+0000] {dag.py:3954} INFO - Setting next_dagrun for etl_pipeline_final to 2026-01-31 00:00:00+00:00, run_after=2026-02-01 00:00:00+00:00
[2026-02-01T20:36:49.366+0000] {processor.py:183} INFO - Processing /opt/airflow/dags/etl.py took 0.398 seconds
[2026-02-01T20:37:22.285+0000] {processor.py:161} INFO - Started process (PID=30998) to work on /opt/airflow/dags/etl.py
[2026-02-01T20:37:22.289+0000] {processor.py:830} INFO - Processing file /opt/airflow/dags/etl.py for tasks to queue
[2026-02-01T20:37:22.291+0000] {logging_mixin.py:188} INFO - [2026-02-01T20:37:22.290+0000] {dagbag.py:545} INFO - Filling up the DagBag from /opt/airflow/dags/etl.py
[2026-02-01T20:37:22.702+0000] {processor.py:840} INFO - DAG(s) 'etl_pipeline_final' retrieved from /opt/airflow/dags/etl.py
[2026-02-01T20:37:22.725+0000] {logging_mixin.py:188} INFO - [2026-02-01T20:37:22.725+0000] {dag.py:3096} INFO - Sync 1 DAGs
[2026-02-01T20:37:22.745+0000] {logging_mixin.py:188} INFO - [2026-02-01T20:37:22.744+0000] {dag.py:3954} INFO - Setting next_dagrun for etl_pipeline_final to 2026-01-31 00:00:00+00:00, run_after=2026-02-01 00:00:00+00:00
[2026-02-01T20:37:22.765+0000] {processor.py:183} INFO - Processing /opt/airflow/dags/etl.py took 0.486 seconds
[2026-02-01T20:37:56.443+0000] {processor.py:161} INFO - Started process (PID=31045) to work on /opt/airflow/dags/etl.py
[2026-02-01T20:37:56.445+0000] {processor.py:830} INFO - Processing file /opt/airflow/dags/etl.py for tasks to queue
[2026-02-01T20:37:56.457+0000] {logging_mixin.py:188} INFO - [2026-02-01T20:37:56.451+0000] {dagbag.py:545} INFO - Filling up the DagBag from /opt/airflow/dags/etl.py
[2026-02-01T20:37:57.756+0000] {processor.py:840} INFO - DAG(s) 'etl_pipeline_final' retrieved from /opt/airflow/dags/etl.py
[2026-02-01T20:37:57.809+0000] {logging_mixin.py:188} INFO - [2026-02-01T20:37:57.808+0000] {dag.py:3096} INFO - Sync 1 DAGs
[2026-02-01T20:37:57.866+0000] {logging_mixin.py:188} INFO - [2026-02-01T20:37:57.866+0000] {dag.py:3954} INFO - Setting next_dagrun for etl_pipeline_final to 2026-01-31 00:00:00+00:00, run_after=2026-02-01 00:00:00+00:00
[2026-02-01T20:37:57.913+0000] {processor.py:183} INFO - Processing /opt/airflow/dags/etl.py took 1.490 seconds
[2026-02-01T20:38:28.978+0000] {processor.py:161} INFO - Started process (PID=31092) to work on /opt/airflow/dags/etl.py
[2026-02-01T20:38:28.980+0000] {processor.py:830} INFO - Processing file /opt/airflow/dags/etl.py for tasks to queue
[2026-02-01T20:38:28.981+0000] {logging_mixin.py:188} INFO - [2026-02-01T20:38:28.981+0000] {dagbag.py:545} INFO - Filling up the DagBag from /opt/airflow/dags/etl.py
[2026-02-01T20:38:29.448+0000] {processor.py:840} INFO - DAG(s) 'etl_pipeline_final' retrieved from /opt/airflow/dags/etl.py
[2026-02-01T20:38:29.478+0000] {logging_mixin.py:188} INFO - [2026-02-01T20:38:29.477+0000] {dag.py:3096} INFO - Sync 1 DAGs
[2026-02-01T20:38:29.502+0000] {logging_mixin.py:188} INFO - [2026-02-01T20:38:29.502+0000] {dag.py:3954} INFO - Setting next_dagrun for etl_pipeline_final to 2026-01-31 00:00:00+00:00, run_after=2026-02-01 00:00:00+00:00
[2026-02-01T20:38:29.526+0000] {processor.py:183} INFO - Processing /opt/airflow/dags/etl.py took 0.555 seconds
[2026-02-01T20:39:02.555+0000] {processor.py:161} INFO - Started process (PID=31140) to work on /opt/airflow/dags/etl.py
[2026-02-01T20:39:02.556+0000] {processor.py:830} INFO - Processing file /opt/airflow/dags/etl.py for tasks to queue
[2026-02-01T20:39:02.558+0000] {logging_mixin.py:188} INFO - [2026-02-01T20:39:02.557+0000] {dagbag.py:545} INFO - Filling up the DagBag from /opt/airflow/dags/etl.py
[2026-02-01T20:39:02.987+0000] {processor.py:840} INFO - DAG(s) 'etl_pipeline_final' retrieved from /opt/airflow/dags/etl.py
[2026-02-01T20:39:03.014+0000] {logging_mixin.py:188} INFO - [2026-02-01T20:39:03.013+0000] {dag.py:3096} INFO - Sync 1 DAGs
[2026-02-01T20:39:03.043+0000] {logging_mixin.py:188} INFO - [2026-02-01T20:39:03.042+0000] {dag.py:3954} INFO - Setting next_dagrun for etl_pipeline_final to 2026-01-31 00:00:00+00:00, run_after=2026-02-01 00:00:00+00:00
[2026-02-01T20:39:03.070+0000] {processor.py:183} INFO - Processing /opt/airflow/dags/etl.py took 0.520 seconds
[2026-02-01T20:39:35.738+0000] {processor.py:161} INFO - Started process (PID=31187) to work on /opt/airflow/dags/etl.py
[2026-02-01T20:39:35.741+0000] {processor.py:830} INFO - Processing file /opt/airflow/dags/etl.py for tasks to queue
[2026-02-01T20:39:35.743+0000] {logging_mixin.py:188} INFO - [2026-02-01T20:39:35.743+0000] {dagbag.py:545} INFO - Filling up the DagBag from /opt/airflow/dags/etl.py
[2026-02-01T20:39:36.355+0000] {processor.py:840} INFO - DAG(s) 'etl_pipeline_final' retrieved from /opt/airflow/dags/etl.py
[2026-02-01T20:39:36.399+0000] {logging_mixin.py:188} INFO - [2026-02-01T20:39:36.398+0000] {dag.py:3096} INFO - Sync 1 DAGs
[2026-02-01T20:39:36.431+0000] {logging_mixin.py:188} INFO - [2026-02-01T20:39:36.431+0000] {dag.py:3954} INFO - Setting next_dagrun for etl_pipeline_final to 2026-01-31 00:00:00+00:00, run_after=2026-02-01 00:00:00+00:00
[2026-02-01T20:39:36.464+0000] {processor.py:183} INFO - Processing /opt/airflow/dags/etl.py took 0.734 seconds
[2026-02-01T20:40:09.236+0000] {processor.py:161} INFO - Started process (PID=31216) to work on /opt/airflow/dags/etl.py
[2026-02-01T20:40:09.237+0000] {processor.py:830} INFO - Processing file /opt/airflow/dags/etl.py for tasks to queue
[2026-02-01T20:40:09.239+0000] {logging_mixin.py:188} INFO - [2026-02-01T20:40:09.239+0000] {dagbag.py:545} INFO - Filling up the DagBag from /opt/airflow/dags/etl.py
[2026-02-01T20:40:09.835+0000] {processor.py:840} INFO - DAG(s) 'etl_pipeline_final' retrieved from /opt/airflow/dags/etl.py
[2026-02-01T20:40:09.867+0000] {logging_mixin.py:188} INFO - [2026-02-01T20:40:09.866+0000] {dag.py:3096} INFO - Sync 1 DAGs
[2026-02-01T20:40:09.903+0000] {logging_mixin.py:188} INFO - [2026-02-01T20:40:09.903+0000] {dag.py:3954} INFO - Setting next_dagrun for etl_pipeline_final to 2026-01-31 00:00:00+00:00, run_after=2026-02-01 00:00:00+00:00
[2026-02-01T20:40:09.934+0000] {processor.py:183} INFO - Processing /opt/airflow/dags/etl.py took 0.704 seconds
[2026-02-01T20:40:42.365+0000] {processor.py:161} INFO - Started process (PID=31261) to work on /opt/airflow/dags/etl.py
[2026-02-01T20:40:42.368+0000] {processor.py:830} INFO - Processing file /opt/airflow/dags/etl.py for tasks to queue
[2026-02-01T20:40:42.371+0000] {logging_mixin.py:188} INFO - [2026-02-01T20:40:42.370+0000] {dagbag.py:545} INFO - Filling up the DagBag from /opt/airflow/dags/etl.py
[2026-02-01T20:40:42.815+0000] {processor.py:840} INFO - DAG(s) 'etl_pipeline_final' retrieved from /opt/airflow/dags/etl.py
[2026-02-01T20:40:42.848+0000] {logging_mixin.py:188} INFO - [2026-02-01T20:40:42.846+0000] {dag.py:3096} INFO - Sync 1 DAGs
[2026-02-01T20:40:42.870+0000] {logging_mixin.py:188} INFO - [2026-02-01T20:40:42.869+0000] {dag.py:3954} INFO - Setting next_dagrun for etl_pipeline_final to 2026-01-31 00:00:00+00:00, run_after=2026-02-01 00:00:00+00:00
[2026-02-01T20:40:42.893+0000] {processor.py:183} INFO - Processing /opt/airflow/dags/etl.py took 0.534 seconds
[2026-02-01T20:41:15.697+0000] {processor.py:161} INFO - Started process (PID=31308) to work on /opt/airflow/dags/etl.py
[2026-02-01T20:41:15.698+0000] {processor.py:830} INFO - Processing file /opt/airflow/dags/etl.py for tasks to queue
[2026-02-01T20:41:15.702+0000] {logging_mixin.py:188} INFO - [2026-02-01T20:41:15.701+0000] {dagbag.py:545} INFO - Filling up the DagBag from /opt/airflow/dags/etl.py
[2026-02-01T20:41:17.745+0000] {processor.py:840} INFO - DAG(s) 'etl_pipeline_final' retrieved from /opt/airflow/dags/etl.py
[2026-02-01T20:41:17.849+0000] {logging_mixin.py:188} INFO - [2026-02-01T20:41:17.848+0000] {dag.py:3096} INFO - Sync 1 DAGs
[2026-02-01T20:41:17.917+0000] {logging_mixin.py:188} INFO - [2026-02-01T20:41:17.917+0000] {dag.py:3954} INFO - Setting next_dagrun for etl_pipeline_final to 2026-01-31 00:00:00+00:00, run_after=2026-02-01 00:00:00+00:00
[2026-02-01T20:41:17.987+0000] {processor.py:183} INFO - Processing /opt/airflow/dags/etl.py took 2.307 seconds
[2026-02-01T20:41:49.198+0000] {processor.py:161} INFO - Started process (PID=31355) to work on /opt/airflow/dags/etl.py
[2026-02-01T20:41:49.200+0000] {processor.py:830} INFO - Processing file /opt/airflow/dags/etl.py for tasks to queue
[2026-02-01T20:41:49.201+0000] {logging_mixin.py:188} INFO - [2026-02-01T20:41:49.201+0000] {dagbag.py:545} INFO - Filling up the DagBag from /opt/airflow/dags/etl.py
[2026-02-01T20:41:49.750+0000] {processor.py:840} INFO - DAG(s) 'etl_pipeline_final' retrieved from /opt/airflow/dags/etl.py
[2026-02-01T20:41:49.780+0000] {logging_mixin.py:188} INFO - [2026-02-01T20:41:49.779+0000] {dag.py:3096} INFO - Sync 1 DAGs
[2026-02-01T20:41:49.808+0000] {logging_mixin.py:188} INFO - [2026-02-01T20:41:49.807+0000] {dag.py:3954} INFO - Setting next_dagrun for etl_pipeline_final to 2026-01-31 00:00:00+00:00, run_after=2026-02-01 00:00:00+00:00
[2026-02-01T20:41:49.831+0000] {processor.py:183} INFO - Processing /opt/airflow/dags/etl.py took 0.640 seconds
[2026-02-01T20:42:22.763+0000] {processor.py:161} INFO - Started process (PID=31402) to work on /opt/airflow/dags/etl.py
[2026-02-01T20:42:22.764+0000] {processor.py:830} INFO - Processing file /opt/airflow/dags/etl.py for tasks to queue
[2026-02-01T20:42:22.766+0000] {logging_mixin.py:188} INFO - [2026-02-01T20:42:22.766+0000] {dagbag.py:545} INFO - Filling up the DagBag from /opt/airflow/dags/etl.py
[2026-02-01T20:42:23.287+0000] {processor.py:840} INFO - DAG(s) 'etl_pipeline_final' retrieved from /opt/airflow/dags/etl.py
[2026-02-01T20:42:23.328+0000] {logging_mixin.py:188} INFO - [2026-02-01T20:42:23.327+0000] {dag.py:3096} INFO - Sync 1 DAGs
[2026-02-01T20:42:23.366+0000] {logging_mixin.py:188} INFO - [2026-02-01T20:42:23.366+0000] {dag.py:3954} INFO - Setting next_dagrun for etl_pipeline_final to 2026-01-31 00:00:00+00:00, run_after=2026-02-01 00:00:00+00:00
[2026-02-01T20:42:23.397+0000] {processor.py:183} INFO - Processing /opt/airflow/dags/etl.py took 0.641 seconds
[2026-02-01T20:42:56.022+0000] {processor.py:161} INFO - Started process (PID=31449) to work on /opt/airflow/dags/etl.py
[2026-02-01T20:42:56.024+0000] {processor.py:830} INFO - Processing file /opt/airflow/dags/etl.py for tasks to queue
[2026-02-01T20:42:56.027+0000] {logging_mixin.py:188} INFO - [2026-02-01T20:42:56.026+0000] {dagbag.py:545} INFO - Filling up the DagBag from /opt/airflow/dags/etl.py
[2026-02-01T20:42:56.569+0000] {processor.py:840} INFO - DAG(s) 'etl_pipeline_final' retrieved from /opt/airflow/dags/etl.py
[2026-02-01T20:42:56.600+0000] {logging_mixin.py:188} INFO - [2026-02-01T20:42:56.599+0000] {dag.py:3096} INFO - Sync 1 DAGs
[2026-02-01T20:42:56.622+0000] {logging_mixin.py:188} INFO - [2026-02-01T20:42:56.622+0000] {dag.py:3954} INFO - Setting next_dagrun for etl_pipeline_final to 2026-01-31 00:00:00+00:00, run_after=2026-02-01 00:00:00+00:00
[2026-02-01T20:42:56.649+0000] {processor.py:183} INFO - Processing /opt/airflow/dags/etl.py took 0.633 seconds
[2026-02-01T20:43:29.412+0000] {processor.py:161} INFO - Started process (PID=31496) to work on /opt/airflow/dags/etl.py
[2026-02-01T20:43:29.413+0000] {processor.py:830} INFO - Processing file /opt/airflow/dags/etl.py for tasks to queue
[2026-02-01T20:43:29.415+0000] {logging_mixin.py:188} INFO - [2026-02-01T20:43:29.415+0000] {dagbag.py:545} INFO - Filling up the DagBag from /opt/airflow/dags/etl.py
[2026-02-01T20:43:29.959+0000] {processor.py:840} INFO - DAG(s) 'etl_pipeline_final' retrieved from /opt/airflow/dags/etl.py
[2026-02-01T20:43:29.992+0000] {logging_mixin.py:188} INFO - [2026-02-01T20:43:29.991+0000] {dag.py:3096} INFO - Sync 1 DAGs
[2026-02-01T20:43:30.017+0000] {logging_mixin.py:188} INFO - [2026-02-01T20:43:30.017+0000] {dag.py:3954} INFO - Setting next_dagrun for etl_pipeline_final to 2026-01-31 00:00:00+00:00, run_after=2026-02-01 00:00:00+00:00
[2026-02-01T20:43:30.044+0000] {processor.py:183} INFO - Processing /opt/airflow/dags/etl.py took 0.638 seconds
[2026-02-01T20:44:02.743+0000] {processor.py:161} INFO - Started process (PID=31539) to work on /opt/airflow/dags/etl.py
[2026-02-01T20:44:02.744+0000] {processor.py:830} INFO - Processing file /opt/airflow/dags/etl.py for tasks to queue
[2026-02-01T20:44:02.746+0000] {logging_mixin.py:188} INFO - [2026-02-01T20:44:02.746+0000] {dagbag.py:545} INFO - Filling up the DagBag from /opt/airflow/dags/etl.py
[2026-02-01T20:44:03.201+0000] {processor.py:840} INFO - DAG(s) 'etl_pipeline_final' retrieved from /opt/airflow/dags/etl.py
[2026-02-01T20:44:03.231+0000] {logging_mixin.py:188} INFO - [2026-02-01T20:44:03.231+0000] {dag.py:3096} INFO - Sync 1 DAGs
[2026-02-01T20:44:03.258+0000] {logging_mixin.py:188} INFO - [2026-02-01T20:44:03.258+0000] {dag.py:3954} INFO - Setting next_dagrun for etl_pipeline_final to 2026-01-31 00:00:00+00:00, run_after=2026-02-01 00:00:00+00:00
[2026-02-01T20:44:03.284+0000] {processor.py:183} INFO - Processing /opt/airflow/dags/etl.py took 0.548 seconds
[2026-02-01T20:44:36.287+0000] {processor.py:161} INFO - Started process (PID=31572) to work on /opt/airflow/dags/etl.py
[2026-02-01T20:44:36.288+0000] {processor.py:830} INFO - Processing file /opt/airflow/dags/etl.py for tasks to queue
[2026-02-01T20:44:36.290+0000] {logging_mixin.py:188} INFO - [2026-02-01T20:44:36.290+0000] {dagbag.py:545} INFO - Filling up the DagBag from /opt/airflow/dags/etl.py
[2026-02-01T20:44:37.144+0000] {processor.py:840} INFO - DAG(s) 'etl_pipeline_final' retrieved from /opt/airflow/dags/etl.py
[2026-02-01T20:44:37.203+0000] {logging_mixin.py:188} INFO - [2026-02-01T20:44:37.202+0000] {dag.py:3096} INFO - Sync 1 DAGs
[2026-02-01T20:44:37.250+0000] {logging_mixin.py:188} INFO - [2026-02-01T20:44:37.249+0000] {dag.py:3954} INFO - Setting next_dagrun for etl_pipeline_final to 2026-01-31 00:00:00+00:00, run_after=2026-02-01 00:00:00+00:00
[2026-02-01T20:44:37.292+0000] {processor.py:183} INFO - Processing /opt/airflow/dags/etl.py took 1.014 seconds
[2026-02-01T20:45:09.280+0000] {processor.py:161} INFO - Started process (PID=31616) to work on /opt/airflow/dags/etl.py
[2026-02-01T20:45:09.283+0000] {processor.py:830} INFO - Processing file /opt/airflow/dags/etl.py for tasks to queue
[2026-02-01T20:45:09.284+0000] {logging_mixin.py:188} INFO - [2026-02-01T20:45:09.284+0000] {dagbag.py:545} INFO - Filling up the DagBag from /opt/airflow/dags/etl.py
[2026-02-01T20:45:09.739+0000] {processor.py:840} INFO - DAG(s) 'etl_pipeline_final' retrieved from /opt/airflow/dags/etl.py
[2026-02-01T20:45:09.761+0000] {logging_mixin.py:188} INFO - [2026-02-01T20:45:09.761+0000] {dag.py:3096} INFO - Sync 1 DAGs
[2026-02-01T20:45:09.779+0000] {logging_mixin.py:188} INFO - [2026-02-01T20:45:09.778+0000] {dag.py:3954} INFO - Setting next_dagrun for etl_pipeline_final to 2026-01-31 00:00:00+00:00, run_after=2026-02-01 00:00:00+00:00
[2026-02-01T20:45:09.796+0000] {processor.py:183} INFO - Processing /opt/airflow/dags/etl.py took 0.522 seconds
[2026-02-01T20:45:42.471+0000] {processor.py:161} INFO - Started process (PID=31662) to work on /opt/airflow/dags/etl.py
[2026-02-01T20:45:42.471+0000] {processor.py:830} INFO - Processing file /opt/airflow/dags/etl.py for tasks to queue
[2026-02-01T20:45:42.473+0000] {logging_mixin.py:188} INFO - [2026-02-01T20:45:42.473+0000] {dagbag.py:545} INFO - Filling up the DagBag from /opt/airflow/dags/etl.py
[2026-02-01T20:45:42.829+0000] {processor.py:840} INFO - DAG(s) 'etl_pipeline_final' retrieved from /opt/airflow/dags/etl.py
[2026-02-01T20:45:42.854+0000] {logging_mixin.py:188} INFO - [2026-02-01T20:45:42.852+0000] {dag.py:3096} INFO - Sync 1 DAGs
[2026-02-01T20:45:42.872+0000] {logging_mixin.py:188} INFO - [2026-02-01T20:45:42.872+0000] {dag.py:3954} INFO - Setting next_dagrun for etl_pipeline_final to 2026-01-31 00:00:00+00:00, run_after=2026-02-01 00:00:00+00:00
[2026-02-01T20:45:42.892+0000] {processor.py:183} INFO - Processing /opt/airflow/dags/etl.py took 0.426 seconds
[2026-02-01T20:46:15.956+0000] {processor.py:161} INFO - Started process (PID=31709) to work on /opt/airflow/dags/etl.py
[2026-02-01T20:46:15.958+0000] {processor.py:830} INFO - Processing file /opt/airflow/dags/etl.py for tasks to queue
[2026-02-01T20:46:15.960+0000] {logging_mixin.py:188} INFO - [2026-02-01T20:46:15.959+0000] {dagbag.py:545} INFO - Filling up the DagBag from /opt/airflow/dags/etl.py
[2026-02-01T20:46:16.326+0000] {processor.py:840} INFO - DAG(s) 'etl_pipeline_final' retrieved from /opt/airflow/dags/etl.py
[2026-02-01T20:46:16.354+0000] {logging_mixin.py:188} INFO - [2026-02-01T20:46:16.353+0000] {dag.py:3096} INFO - Sync 1 DAGs
[2026-02-01T20:46:16.372+0000] {logging_mixin.py:188} INFO - [2026-02-01T20:46:16.372+0000] {dag.py:3954} INFO - Setting next_dagrun for etl_pipeline_final to 2026-01-31 00:00:00+00:00, run_after=2026-02-01 00:00:00+00:00
[2026-02-01T20:46:16.394+0000] {processor.py:183} INFO - Processing /opt/airflow/dags/etl.py took 0.443 seconds
[2026-02-01T20:46:49.325+0000] {processor.py:161} INFO - Started process (PID=31756) to work on /opt/airflow/dags/etl.py
[2026-02-01T20:46:49.326+0000] {processor.py:830} INFO - Processing file /opt/airflow/dags/etl.py for tasks to queue
[2026-02-01T20:46:49.327+0000] {logging_mixin.py:188} INFO - [2026-02-01T20:46:49.327+0000] {dagbag.py:545} INFO - Filling up the DagBag from /opt/airflow/dags/etl.py
[2026-02-01T20:46:49.694+0000] {processor.py:840} INFO - DAG(s) 'etl_pipeline_final' retrieved from /opt/airflow/dags/etl.py
[2026-02-01T20:46:49.717+0000] {logging_mixin.py:188} INFO - [2026-02-01T20:46:49.716+0000] {dag.py:3096} INFO - Sync 1 DAGs
[2026-02-01T20:46:49.733+0000] {logging_mixin.py:188} INFO - [2026-02-01T20:46:49.732+0000] {dag.py:3954} INFO - Setting next_dagrun for etl_pipeline_final to 2026-01-31 00:00:00+00:00, run_after=2026-02-01 00:00:00+00:00
[2026-02-01T20:46:49.748+0000] {processor.py:183} INFO - Processing /opt/airflow/dags/etl.py took 0.429 seconds
[2026-02-01T20:47:22.763+0000] {processor.py:161} INFO - Started process (PID=31803) to work on /opt/airflow/dags/etl.py
[2026-02-01T20:47:22.765+0000] {processor.py:830} INFO - Processing file /opt/airflow/dags/etl.py for tasks to queue
[2026-02-01T20:47:22.769+0000] {logging_mixin.py:188} INFO - [2026-02-01T20:47:22.769+0000] {dagbag.py:545} INFO - Filling up the DagBag from /opt/airflow/dags/etl.py
[2026-02-01T20:47:23.166+0000] {processor.py:840} INFO - DAG(s) 'etl_pipeline_final' retrieved from /opt/airflow/dags/etl.py
[2026-02-01T20:47:23.198+0000] {logging_mixin.py:188} INFO - [2026-02-01T20:47:23.197+0000] {dag.py:3096} INFO - Sync 1 DAGs
[2026-02-01T20:47:23.218+0000] {logging_mixin.py:188} INFO - [2026-02-01T20:47:23.218+0000] {dag.py:3954} INFO - Setting next_dagrun for etl_pipeline_final to 2026-01-31 00:00:00+00:00, run_after=2026-02-01 00:00:00+00:00
[2026-02-01T20:47:23.239+0000] {processor.py:183} INFO - Processing /opt/airflow/dags/etl.py took 0.481 seconds
[2026-02-01T20:47:55.949+0000] {processor.py:161} INFO - Started process (PID=31847) to work on /opt/airflow/dags/etl.py
[2026-02-01T20:47:55.950+0000] {processor.py:830} INFO - Processing file /opt/airflow/dags/etl.py for tasks to queue
[2026-02-01T20:47:55.954+0000] {logging_mixin.py:188} INFO - [2026-02-01T20:47:55.953+0000] {dagbag.py:545} INFO - Filling up the DagBag from /opt/airflow/dags/etl.py
[2026-02-01T20:47:56.813+0000] {processor.py:840} INFO - DAG(s) 'etl_pipeline_final' retrieved from /opt/airflow/dags/etl.py
[2026-02-01T20:47:56.857+0000] {logging_mixin.py:188} INFO - [2026-02-01T20:47:56.856+0000] {dag.py:3096} INFO - Sync 1 DAGs
[2026-02-01T20:47:56.906+0000] {logging_mixin.py:188} INFO - [2026-02-01T20:47:56.905+0000] {dag.py:3954} INFO - Setting next_dagrun for etl_pipeline_final to 2026-01-31 00:00:00+00:00, run_after=2026-02-01 00:00:00+00:00
[2026-02-01T20:47:56.944+0000] {processor.py:183} INFO - Processing /opt/airflow/dags/etl.py took 1.008 seconds
[2026-02-01T20:48:29.444+0000] {processor.py:161} INFO - Started process (PID=31891) to work on /opt/airflow/dags/etl.py
[2026-02-01T20:48:29.448+0000] {processor.py:830} INFO - Processing file /opt/airflow/dags/etl.py for tasks to queue
[2026-02-01T20:48:29.450+0000] {logging_mixin.py:188} INFO - [2026-02-01T20:48:29.450+0000] {dagbag.py:545} INFO - Filling up the DagBag from /opt/airflow/dags/etl.py
[2026-02-01T20:48:30.223+0000] {processor.py:840} INFO - DAG(s) 'etl_pipeline_final' retrieved from /opt/airflow/dags/etl.py
[2026-02-01T20:48:30.265+0000] {logging_mixin.py:188} INFO - [2026-02-01T20:48:30.264+0000] {dag.py:3096} INFO - Sync 1 DAGs
[2026-02-01T20:48:30.308+0000] {logging_mixin.py:188} INFO - [2026-02-01T20:48:30.308+0000] {dag.py:3954} INFO - Setting next_dagrun for etl_pipeline_final to 2026-01-31 00:00:00+00:00, run_after=2026-02-01 00:00:00+00:00
[2026-02-01T20:48:30.353+0000] {processor.py:183} INFO - Processing /opt/airflow/dags/etl.py took 0.917 seconds
[2026-02-01T20:49:02.614+0000] {processor.py:161} INFO - Started process (PID=31936) to work on /opt/airflow/dags/etl.py
[2026-02-01T20:49:02.615+0000] {processor.py:830} INFO - Processing file /opt/airflow/dags/etl.py for tasks to queue
[2026-02-01T20:49:02.616+0000] {logging_mixin.py:188} INFO - [2026-02-01T20:49:02.616+0000] {dagbag.py:545} INFO - Filling up the DagBag from /opt/airflow/dags/etl.py
[2026-02-01T20:49:02.981+0000] {processor.py:840} INFO - DAG(s) 'etl_pipeline_final' retrieved from /opt/airflow/dags/etl.py
[2026-02-01T20:49:03.022+0000] {logging_mixin.py:188} INFO - [2026-02-01T20:49:03.020+0000] {dag.py:3096} INFO - Sync 1 DAGs
[2026-02-01T20:49:03.038+0000] {logging_mixin.py:188} INFO - [2026-02-01T20:49:03.038+0000] {dag.py:3954} INFO - Setting next_dagrun for etl_pipeline_final to 2026-01-31 00:00:00+00:00, run_after=2026-02-01 00:00:00+00:00
[2026-02-01T20:49:03.056+0000] {processor.py:183} INFO - Processing /opt/airflow/dags/etl.py took 0.447 seconds
[2026-02-01T20:49:36.443+0000] {processor.py:161} INFO - Started process (PID=31983) to work on /opt/airflow/dags/etl.py
[2026-02-01T20:49:36.446+0000] {processor.py:830} INFO - Processing file /opt/airflow/dags/etl.py for tasks to queue
[2026-02-01T20:49:36.447+0000] {logging_mixin.py:188} INFO - [2026-02-01T20:49:36.447+0000] {dagbag.py:545} INFO - Filling up the DagBag from /opt/airflow/dags/etl.py
[2026-02-01T20:49:36.917+0000] {processor.py:840} INFO - DAG(s) 'etl_pipeline_final' retrieved from /opt/airflow/dags/etl.py
[2026-02-01T20:49:36.941+0000] {logging_mixin.py:188} INFO - [2026-02-01T20:49:36.941+0000] {dag.py:3096} INFO - Sync 1 DAGs
[2026-02-01T20:49:36.959+0000] {logging_mixin.py:188} INFO - [2026-02-01T20:49:36.959+0000] {dag.py:3954} INFO - Setting next_dagrun for etl_pipeline_final to 2026-01-31 00:00:00+00:00, run_after=2026-02-01 00:00:00+00:00
[2026-02-01T20:49:36.978+0000] {processor.py:183} INFO - Processing /opt/airflow/dags/etl.py took 0.540 seconds
[2026-02-01T20:50:10.073+0000] {processor.py:161} INFO - Started process (PID=32030) to work on /opt/airflow/dags/etl.py
[2026-02-01T20:50:10.074+0000] {processor.py:830} INFO - Processing file /opt/airflow/dags/etl.py for tasks to queue
[2026-02-01T20:50:10.076+0000] {logging_mixin.py:188} INFO - [2026-02-01T20:50:10.075+0000] {dagbag.py:545} INFO - Filling up the DagBag from /opt/airflow/dags/etl.py
[2026-02-01T20:50:10.477+0000] {processor.py:840} INFO - DAG(s) 'etl_pipeline_final' retrieved from /opt/airflow/dags/etl.py
[2026-02-01T20:50:10.501+0000] {logging_mixin.py:188} INFO - [2026-02-01T20:50:10.501+0000] {dag.py:3096} INFO - Sync 1 DAGs
[2026-02-01T20:50:10.521+0000] {logging_mixin.py:188} INFO - [2026-02-01T20:50:10.520+0000] {dag.py:3954} INFO - Setting next_dagrun for etl_pipeline_final to 2026-01-31 00:00:00+00:00, run_after=2026-02-01 00:00:00+00:00
[2026-02-01T20:50:10.537+0000] {processor.py:183} INFO - Processing /opt/airflow/dags/etl.py took 0.470 seconds
[2026-02-01T20:50:42.706+0000] {processor.py:161} INFO - Started process (PID=32077) to work on /opt/airflow/dags/etl.py
[2026-02-01T20:50:42.708+0000] {processor.py:830} INFO - Processing file /opt/airflow/dags/etl.py for tasks to queue
[2026-02-01T20:50:42.710+0000] {logging_mixin.py:188} INFO - [2026-02-01T20:50:42.710+0000] {dagbag.py:545} INFO - Filling up the DagBag from /opt/airflow/dags/etl.py
[2026-02-01T20:50:43.093+0000] {processor.py:840} INFO - DAG(s) 'etl_pipeline_final' retrieved from /opt/airflow/dags/etl.py
[2026-02-01T20:50:43.117+0000] {logging_mixin.py:188} INFO - [2026-02-01T20:50:43.116+0000] {dag.py:3096} INFO - Sync 1 DAGs
[2026-02-01T20:50:43.134+0000] {logging_mixin.py:188} INFO - [2026-02-01T20:50:43.134+0000] {dag.py:3954} INFO - Setting next_dagrun for etl_pipeline_final to 2026-01-31 00:00:00+00:00, run_after=2026-02-01 00:00:00+00:00
[2026-02-01T20:50:43.156+0000] {processor.py:183} INFO - Processing /opt/airflow/dags/etl.py took 0.454 seconds
[2026-02-01T20:51:16.337+0000] {processor.py:161} INFO - Started process (PID=32122) to work on /opt/airflow/dags/etl.py
[2026-02-01T20:51:16.338+0000] {processor.py:830} INFO - Processing file /opt/airflow/dags/etl.py for tasks to queue
[2026-02-01T20:51:16.341+0000] {logging_mixin.py:188} INFO - [2026-02-01T20:51:16.341+0000] {dagbag.py:545} INFO - Filling up the DagBag from /opt/airflow/dags/etl.py
[2026-02-01T20:51:17.294+0000] {processor.py:840} INFO - DAG(s) 'etl_pipeline_final' retrieved from /opt/airflow/dags/etl.py
[2026-02-01T20:51:17.372+0000] {logging_mixin.py:188} INFO - [2026-02-01T20:51:17.371+0000] {dag.py:3096} INFO - Sync 1 DAGs
[2026-02-01T20:51:17.435+0000] {logging_mixin.py:188} INFO - [2026-02-01T20:51:17.435+0000] {dag.py:3954} INFO - Setting next_dagrun for etl_pipeline_final to 2026-01-31 00:00:00+00:00, run_after=2026-02-01 00:00:00+00:00
[2026-02-01T20:51:17.493+0000] {processor.py:183} INFO - Processing /opt/airflow/dags/etl.py took 1.169 seconds
[2026-02-01T20:51:49.323+0000] {processor.py:161} INFO - Started process (PID=32153) to work on /opt/airflow/dags/etl.py
[2026-02-01T20:51:49.325+0000] {processor.py:830} INFO - Processing file /opt/airflow/dags/etl.py for tasks to queue
[2026-02-01T20:51:49.328+0000] {logging_mixin.py:188} INFO - [2026-02-01T20:51:49.328+0000] {dagbag.py:545} INFO - Filling up the DagBag from /opt/airflow/dags/etl.py
[2026-02-01T20:51:49.954+0000] {processor.py:840} INFO - DAG(s) 'etl_pipeline_final' retrieved from /opt/airflow/dags/etl.py
[2026-02-01T20:51:50.006+0000] {logging_mixin.py:188} INFO - [2026-02-01T20:51:50.006+0000] {dag.py:3096} INFO - Sync 1 DAGs
[2026-02-01T20:51:50.044+0000] {logging_mixin.py:188} INFO - [2026-02-01T20:51:50.044+0000] {dag.py:3954} INFO - Setting next_dagrun for etl_pipeline_final to 2026-01-31 00:00:00+00:00, run_after=2026-02-01 00:00:00+00:00
[2026-02-01T20:51:50.078+0000] {processor.py:183} INFO - Processing /opt/airflow/dags/etl.py took 0.762 seconds
[2026-02-01T20:52:22.773+0000] {processor.py:161} INFO - Started process (PID=32197) to work on /opt/airflow/dags/etl.py
[2026-02-01T20:52:22.774+0000] {processor.py:830} INFO - Processing file /opt/airflow/dags/etl.py for tasks to queue
[2026-02-01T20:52:22.775+0000] {logging_mixin.py:188} INFO - [2026-02-01T20:52:22.775+0000] {dagbag.py:545} INFO - Filling up the DagBag from /opt/airflow/dags/etl.py
[2026-02-01T20:52:23.182+0000] {processor.py:840} INFO - DAG(s) 'etl_pipeline_final' retrieved from /opt/airflow/dags/etl.py
[2026-02-01T20:52:23.205+0000] {logging_mixin.py:188} INFO - [2026-02-01T20:52:23.205+0000] {dag.py:3096} INFO - Sync 1 DAGs
[2026-02-01T20:52:23.223+0000] {logging_mixin.py:188} INFO - [2026-02-01T20:52:23.223+0000] {dag.py:3954} INFO - Setting next_dagrun for etl_pipeline_final to 2026-01-31 00:00:00+00:00, run_after=2026-02-01 00:00:00+00:00
[2026-02-01T20:52:23.241+0000] {processor.py:183} INFO - Processing /opt/airflow/dags/etl.py took 0.474 seconds
[2026-02-01T20:52:56.450+0000] {processor.py:161} INFO - Started process (PID=32245) to work on /opt/airflow/dags/etl.py
[2026-02-01T20:52:56.453+0000] {processor.py:830} INFO - Processing file /opt/airflow/dags/etl.py for tasks to queue
[2026-02-01T20:52:56.455+0000] {logging_mixin.py:188} INFO - [2026-02-01T20:52:56.455+0000] {dagbag.py:545} INFO - Filling up the DagBag from /opt/airflow/dags/etl.py
[2026-02-01T20:52:56.964+0000] {processor.py:840} INFO - DAG(s) 'etl_pipeline_final' retrieved from /opt/airflow/dags/etl.py
[2026-02-01T20:52:56.994+0000] {logging_mixin.py:188} INFO - [2026-02-01T20:52:56.993+0000] {dag.py:3096} INFO - Sync 1 DAGs
[2026-02-01T20:52:57.016+0000] {logging_mixin.py:188} INFO - [2026-02-01T20:52:57.016+0000] {dag.py:3954} INFO - Setting next_dagrun for etl_pipeline_final to 2026-01-31 00:00:00+00:00, run_after=2026-02-01 00:00:00+00:00
[2026-02-01T20:52:57.044+0000] {processor.py:183} INFO - Processing /opt/airflow/dags/etl.py took 0.599 seconds
[2026-02-01T20:53:29.297+0000] {processor.py:161} INFO - Started process (PID=32292) to work on /opt/airflow/dags/etl.py
[2026-02-01T20:53:29.298+0000] {processor.py:830} INFO - Processing file /opt/airflow/dags/etl.py for tasks to queue
[2026-02-01T20:53:29.300+0000] {logging_mixin.py:188} INFO - [2026-02-01T20:53:29.299+0000] {dagbag.py:545} INFO - Filling up the DagBag from /opt/airflow/dags/etl.py
[2026-02-01T20:53:29.773+0000] {processor.py:840} INFO - DAG(s) 'etl_pipeline_final' retrieved from /opt/airflow/dags/etl.py
[2026-02-01T20:53:29.801+0000] {logging_mixin.py:188} INFO - [2026-02-01T20:53:29.800+0000] {dag.py:3096} INFO - Sync 1 DAGs
[2026-02-01T20:53:29.821+0000] {logging_mixin.py:188} INFO - [2026-02-01T20:53:29.821+0000] {dag.py:3954} INFO - Setting next_dagrun for etl_pipeline_final to 2026-01-31 00:00:00+00:00, run_after=2026-02-01 00:00:00+00:00
[2026-02-01T20:53:29.848+0000] {processor.py:183} INFO - Processing /opt/airflow/dags/etl.py took 0.557 seconds
[2026-02-01T20:54:02.957+0000] {processor.py:161} INFO - Started process (PID=32339) to work on /opt/airflow/dags/etl.py
[2026-02-01T20:54:02.959+0000] {processor.py:830} INFO - Processing file /opt/airflow/dags/etl.py for tasks to queue
[2026-02-01T20:54:02.961+0000] {logging_mixin.py:188} INFO - [2026-02-01T20:54:02.961+0000] {dagbag.py:545} INFO - Filling up the DagBag from /opt/airflow/dags/etl.py
[2026-02-01T20:54:03.523+0000] {processor.py:840} INFO - DAG(s) 'etl_pipeline_final' retrieved from /opt/airflow/dags/etl.py
[2026-02-01T20:54:03.563+0000] {logging_mixin.py:188} INFO - [2026-02-01T20:54:03.562+0000] {dag.py:3096} INFO - Sync 1 DAGs
[2026-02-01T20:54:03.597+0000] {logging_mixin.py:188} INFO - [2026-02-01T20:54:03.597+0000] {dag.py:3954} INFO - Setting next_dagrun for etl_pipeline_final to 2026-01-31 00:00:00+00:00, run_after=2026-02-01 00:00:00+00:00
[2026-02-01T20:54:03.642+0000] {processor.py:183} INFO - Processing /opt/airflow/dags/etl.py took 0.692 seconds
[2026-02-01T20:54:36.194+0000] {processor.py:161} INFO - Started process (PID=32387) to work on /opt/airflow/dags/etl.py
[2026-02-01T20:54:36.196+0000] {processor.py:830} INFO - Processing file /opt/airflow/dags/etl.py for tasks to queue
[2026-02-01T20:54:36.199+0000] {logging_mixin.py:188} INFO - [2026-02-01T20:54:36.198+0000] {dagbag.py:545} INFO - Filling up the DagBag from /opt/airflow/dags/etl.py
[2026-02-01T20:54:36.728+0000] {processor.py:840} INFO - DAG(s) 'etl_pipeline_final' retrieved from /opt/airflow/dags/etl.py
[2026-02-01T20:54:36.764+0000] {logging_mixin.py:188} INFO - [2026-02-01T20:54:36.764+0000] {dag.py:3096} INFO - Sync 1 DAGs
[2026-02-01T20:54:36.795+0000] {logging_mixin.py:188} INFO - [2026-02-01T20:54:36.795+0000] {dag.py:3954} INFO - Setting next_dagrun for etl_pipeline_final to 2026-01-31 00:00:00+00:00, run_after=2026-02-01 00:00:00+00:00
[2026-02-01T20:54:36.828+0000] {processor.py:183} INFO - Processing /opt/airflow/dags/etl.py took 0.640 seconds
[2026-02-01T20:55:09.467+0000] {processor.py:161} INFO - Started process (PID=32434) to work on /opt/airflow/dags/etl.py
[2026-02-01T20:55:09.470+0000] {processor.py:830} INFO - Processing file /opt/airflow/dags/etl.py for tasks to queue
[2026-02-01T20:55:09.473+0000] {logging_mixin.py:188} INFO - [2026-02-01T20:55:09.472+0000] {dagbag.py:545} INFO - Filling up the DagBag from /opt/airflow/dags/etl.py
[2026-02-01T20:55:10.091+0000] {processor.py:840} INFO - DAG(s) 'etl_pipeline_final' retrieved from /opt/airflow/dags/etl.py
[2026-02-01T20:55:10.131+0000] {logging_mixin.py:188} INFO - [2026-02-01T20:55:10.129+0000] {dag.py:3096} INFO - Sync 1 DAGs
[2026-02-01T20:55:10.160+0000] {logging_mixin.py:188} INFO - [2026-02-01T20:55:10.160+0000] {dag.py:3954} INFO - Setting next_dagrun for etl_pipeline_final to 2026-01-31 00:00:00+00:00, run_after=2026-02-01 00:00:00+00:00
[2026-02-01T20:55:10.191+0000] {processor.py:183} INFO - Processing /opt/airflow/dags/etl.py took 0.734 seconds
[2026-02-01T20:55:42.780+0000] {processor.py:161} INFO - Started process (PID=32481) to work on /opt/airflow/dags/etl.py
[2026-02-01T20:55:42.781+0000] {processor.py:830} INFO - Processing file /opt/airflow/dags/etl.py for tasks to queue
[2026-02-01T20:55:42.784+0000] {logging_mixin.py:188} INFO - [2026-02-01T20:55:42.783+0000] {dagbag.py:545} INFO - Filling up the DagBag from /opt/airflow/dags/etl.py
[2026-02-01T20:55:43.258+0000] {processor.py:840} INFO - DAG(s) 'etl_pipeline_final' retrieved from /opt/airflow/dags/etl.py
[2026-02-01T20:55:43.286+0000] {logging_mixin.py:188} INFO - [2026-02-01T20:55:43.285+0000] {dag.py:3096} INFO - Sync 1 DAGs
[2026-02-01T20:55:43.309+0000] {logging_mixin.py:188} INFO - [2026-02-01T20:55:43.309+0000] {dag.py:3954} INFO - Setting next_dagrun for etl_pipeline_final to 2026-01-31 00:00:00+00:00, run_after=2026-02-01 00:00:00+00:00
[2026-02-01T20:55:43.333+0000] {processor.py:183} INFO - Processing /opt/airflow/dags/etl.py took 0.558 seconds
[2026-02-01T20:56:16.426+0000] {processor.py:161} INFO - Started process (PID=32529) to work on /opt/airflow/dags/etl.py
[2026-02-01T20:56:16.428+0000] {processor.py:830} INFO - Processing file /opt/airflow/dags/etl.py for tasks to queue
[2026-02-01T20:56:16.430+0000] {logging_mixin.py:188} INFO - [2026-02-01T20:56:16.430+0000] {dagbag.py:545} INFO - Filling up the DagBag from /opt/airflow/dags/etl.py
[2026-02-01T20:56:17.024+0000] {processor.py:840} INFO - DAG(s) 'etl_pipeline_final' retrieved from /opt/airflow/dags/etl.py
[2026-02-01T20:56:17.079+0000] {logging_mixin.py:188} INFO - [2026-02-01T20:56:17.077+0000] {dag.py:3096} INFO - Sync 1 DAGs
[2026-02-01T20:56:17.111+0000] {logging_mixin.py:188} INFO - [2026-02-01T20:56:17.110+0000] {dag.py:3954} INFO - Setting next_dagrun for etl_pipeline_final to 2026-01-31 00:00:00+00:00, run_after=2026-02-01 00:00:00+00:00
[2026-02-01T20:56:17.137+0000] {processor.py:183} INFO - Processing /opt/airflow/dags/etl.py took 0.718 seconds
[2026-02-01T20:56:49.800+0000] {processor.py:161} INFO - Started process (PID=32572) to work on /opt/airflow/dags/etl.py
[2026-02-01T20:56:49.801+0000] {processor.py:830} INFO - Processing file /opt/airflow/dags/etl.py for tasks to queue
[2026-02-01T20:56:49.804+0000] {logging_mixin.py:188} INFO - [2026-02-01T20:56:49.804+0000] {dagbag.py:545} INFO - Filling up the DagBag from /opt/airflow/dags/etl.py
[2026-02-01T20:56:50.479+0000] {processor.py:840} INFO - DAG(s) 'etl_pipeline_final' retrieved from /opt/airflow/dags/etl.py
[2026-02-01T20:56:50.519+0000] {logging_mixin.py:188} INFO - [2026-02-01T20:56:50.518+0000] {dag.py:3096} INFO - Sync 1 DAGs
[2026-02-01T20:56:50.552+0000] {logging_mixin.py:188} INFO - [2026-02-01T20:56:50.552+0000] {dag.py:3954} INFO - Setting next_dagrun for etl_pipeline_final to 2026-01-31 00:00:00+00:00, run_after=2026-02-01 00:00:00+00:00
[2026-02-01T20:56:50.585+0000] {processor.py:183} INFO - Processing /opt/airflow/dags/etl.py took 0.793 seconds
[2026-02-01T20:57:22.678+0000] {processor.py:161} INFO - Started process (PID=32606) to work on /opt/airflow/dags/etl.py
[2026-02-01T20:57:22.681+0000] {processor.py:830} INFO - Processing file /opt/airflow/dags/etl.py for tasks to queue
[2026-02-01T20:57:22.683+0000] {logging_mixin.py:188} INFO - [2026-02-01T20:57:22.683+0000] {dagbag.py:545} INFO - Filling up the DagBag from /opt/airflow/dags/etl.py
[2026-02-01T20:57:23.265+0000] {processor.py:840} INFO - DAG(s) 'etl_pipeline_final' retrieved from /opt/airflow/dags/etl.py
[2026-02-01T20:57:23.306+0000] {logging_mixin.py:188} INFO - [2026-02-01T20:57:23.305+0000] {dag.py:3096} INFO - Sync 1 DAGs
[2026-02-01T20:57:23.334+0000] {logging_mixin.py:188} INFO - [2026-02-01T20:57:23.334+0000] {dag.py:3954} INFO - Setting next_dagrun for etl_pipeline_final to 2026-01-31 00:00:00+00:00, run_after=2026-02-01 00:00:00+00:00
[2026-02-01T20:57:23.365+0000] {processor.py:183} INFO - Processing /opt/airflow/dags/etl.py took 0.696 seconds
[2026-02-01T20:57:56.110+0000] {processor.py:161} INFO - Started process (PID=32651) to work on /opt/airflow/dags/etl.py
[2026-02-01T20:57:56.111+0000] {processor.py:830} INFO - Processing file /opt/airflow/dags/etl.py for tasks to queue
[2026-02-01T20:57:56.116+0000] {logging_mixin.py:188} INFO - [2026-02-01T20:57:56.115+0000] {dagbag.py:545} INFO - Filling up the DagBag from /opt/airflow/dags/etl.py
[2026-02-01T20:57:57.266+0000] {processor.py:840} INFO - DAG(s) 'etl_pipeline_final' retrieved from /opt/airflow/dags/etl.py
[2026-02-01T20:57:57.338+0000] {logging_mixin.py:188} INFO - [2026-02-01T20:57:57.332+0000] {dag.py:3096} INFO - Sync 1 DAGs
[2026-02-01T20:57:57.400+0000] {logging_mixin.py:188} INFO - [2026-02-01T20:57:57.400+0000] {dag.py:3954} INFO - Setting next_dagrun for etl_pipeline_final to 2026-01-31 00:00:00+00:00, run_after=2026-02-01 00:00:00+00:00
[2026-02-01T20:57:57.444+0000] {processor.py:183} INFO - Processing /opt/airflow/dags/etl.py took 1.350 seconds
[2026-02-01T20:58:29.691+0000] {processor.py:161} INFO - Started process (PID=32698) to work on /opt/airflow/dags/etl.py
[2026-02-01T20:58:29.693+0000] {processor.py:830} INFO - Processing file /opt/airflow/dags/etl.py for tasks to queue
[2026-02-01T20:58:29.695+0000] {logging_mixin.py:188} INFO - [2026-02-01T20:58:29.695+0000] {dagbag.py:545} INFO - Filling up the DagBag from /opt/airflow/dags/etl.py
[2026-02-01T20:58:30.263+0000] {processor.py:840} INFO - DAG(s) 'etl_pipeline_final' retrieved from /opt/airflow/dags/etl.py
[2026-02-01T20:58:30.295+0000] {logging_mixin.py:188} INFO - [2026-02-01T20:58:30.293+0000] {dag.py:3096} INFO - Sync 1 DAGs
[2026-02-01T20:58:30.318+0000] {logging_mixin.py:188} INFO - [2026-02-01T20:58:30.318+0000] {dag.py:3954} INFO - Setting next_dagrun for etl_pipeline_final to 2026-01-31 00:00:00+00:00, run_after=2026-02-01 00:00:00+00:00
[2026-02-01T20:58:30.345+0000] {processor.py:183} INFO - Processing /opt/airflow/dags/etl.py took 0.665 seconds
[2026-02-01T20:59:03.261+0000] {processor.py:161} INFO - Started process (PID=32746) to work on /opt/airflow/dags/etl.py
[2026-02-01T20:59:03.261+0000] {processor.py:830} INFO - Processing file /opt/airflow/dags/etl.py for tasks to queue
[2026-02-01T20:59:03.263+0000] {logging_mixin.py:188} INFO - [2026-02-01T20:59:03.263+0000] {dagbag.py:545} INFO - Filling up the DagBag from /opt/airflow/dags/etl.py
[2026-02-01T20:59:03.684+0000] {processor.py:840} INFO - DAG(s) 'etl_pipeline_final' retrieved from /opt/airflow/dags/etl.py
[2026-02-01T20:59:03.710+0000] {logging_mixin.py:188} INFO - [2026-02-01T20:59:03.709+0000] {dag.py:3096} INFO - Sync 1 DAGs
[2026-02-01T20:59:03.736+0000] {logging_mixin.py:188} INFO - [2026-02-01T20:59:03.735+0000] {dag.py:3954} INFO - Setting next_dagrun for etl_pipeline_final to 2026-01-31 00:00:00+00:00, run_after=2026-02-01 00:00:00+00:00
[2026-02-01T20:59:03.759+0000] {processor.py:183} INFO - Processing /opt/airflow/dags/etl.py took 0.504 seconds
[2026-02-01T20:59:36.539+0000] {processor.py:161} INFO - Started process (PID=32793) to work on /opt/airflow/dags/etl.py
[2026-02-01T20:59:36.541+0000] {processor.py:830} INFO - Processing file /opt/airflow/dags/etl.py for tasks to queue
[2026-02-01T20:59:36.544+0000] {logging_mixin.py:188} INFO - [2026-02-01T20:59:36.543+0000] {dagbag.py:545} INFO - Filling up the DagBag from /opt/airflow/dags/etl.py
[2026-02-01T20:59:37.071+0000] {processor.py:840} INFO - DAG(s) 'etl_pipeline_final' retrieved from /opt/airflow/dags/etl.py
[2026-02-01T20:59:37.107+0000] {logging_mixin.py:188} INFO - [2026-02-01T20:59:37.106+0000] {dag.py:3096} INFO - Sync 1 DAGs
[2026-02-01T20:59:37.133+0000] {logging_mixin.py:188} INFO - [2026-02-01T20:59:37.133+0000] {dag.py:3954} INFO - Setting next_dagrun for etl_pipeline_final to 2026-01-31 00:00:00+00:00, run_after=2026-02-01 00:00:00+00:00
[2026-02-01T20:59:37.158+0000] {processor.py:183} INFO - Processing /opt/airflow/dags/etl.py took 0.625 seconds
[2026-02-01T21:00:09.729+0000] {processor.py:161} INFO - Started process (PID=32836) to work on /opt/airflow/dags/etl.py
[2026-02-01T21:00:09.737+0000] {processor.py:830} INFO - Processing file /opt/airflow/dags/etl.py for tasks to queue
[2026-02-01T21:00:09.752+0000] {logging_mixin.py:188} INFO - [2026-02-01T21:00:09.742+0000] {dagbag.py:545} INFO - Filling up the DagBag from /opt/airflow/dags/etl.py
[2026-02-01T21:00:10.608+0000] {processor.py:840} INFO - DAG(s) 'etl_pipeline_final' retrieved from /opt/airflow/dags/etl.py
[2026-02-01T21:00:10.658+0000] {logging_mixin.py:188} INFO - [2026-02-01T21:00:10.656+0000] {dag.py:3096} INFO - Sync 1 DAGs
[2026-02-01T21:00:10.692+0000] {logging_mixin.py:188} INFO - [2026-02-01T21:00:10.692+0000] {dag.py:3954} INFO - Setting next_dagrun for etl_pipeline_final to 2026-01-31 00:00:00+00:00, run_after=2026-02-01 00:00:00+00:00
[2026-02-01T21:00:10.729+0000] {processor.py:183} INFO - Processing /opt/airflow/dags/etl.py took 1.019 seconds
[2026-02-01T21:00:42.774+0000] {processor.py:161} INFO - Started process (PID=32882) to work on /opt/airflow/dags/etl.py
[2026-02-01T21:00:42.776+0000] {processor.py:830} INFO - Processing file /opt/airflow/dags/etl.py for tasks to queue
[2026-02-01T21:00:42.782+0000] {logging_mixin.py:188} INFO - [2026-02-01T21:00:42.780+0000] {dagbag.py:545} INFO - Filling up the DagBag from /opt/airflow/dags/etl.py
[2026-02-01T21:00:43.272+0000] {processor.py:840} INFO - DAG(s) 'etl_pipeline_final' retrieved from /opt/airflow/dags/etl.py
[2026-02-01T21:00:43.305+0000] {logging_mixin.py:188} INFO - [2026-02-01T21:00:43.304+0000] {dag.py:3096} INFO - Sync 1 DAGs
[2026-02-01T21:00:43.335+0000] {logging_mixin.py:188} INFO - [2026-02-01T21:00:43.335+0000] {dag.py:3954} INFO - Setting next_dagrun for etl_pipeline_final to 2026-01-31 00:00:00+00:00, run_after=2026-02-01 00:00:00+00:00
[2026-02-01T21:00:43.366+0000] {processor.py:183} INFO - Processing /opt/airflow/dags/etl.py took 0.600 seconds
[2026-02-01T21:01:16.925+0000] {processor.py:161} INFO - Started process (PID=32929) to work on /opt/airflow/dags/etl.py
[2026-02-01T21:01:16.927+0000] {processor.py:830} INFO - Processing file /opt/airflow/dags/etl.py for tasks to queue
[2026-02-01T21:01:16.933+0000] {logging_mixin.py:188} INFO - [2026-02-01T21:01:16.932+0000] {dagbag.py:545} INFO - Filling up the DagBag from /opt/airflow/dags/etl.py
[2026-02-01T21:01:18.150+0000] {processor.py:840} INFO - DAG(s) 'etl_pipeline_final' retrieved from /opt/airflow/dags/etl.py
[2026-02-01T21:01:18.194+0000] {logging_mixin.py:188} INFO - [2026-02-01T21:01:18.193+0000] {dag.py:3096} INFO - Sync 1 DAGs
[2026-02-01T21:01:18.225+0000] {logging_mixin.py:188} INFO - [2026-02-01T21:01:18.225+0000] {dag.py:3954} INFO - Setting next_dagrun for etl_pipeline_final to 2026-01-31 00:00:00+00:00, run_after=2026-02-01 00:00:00+00:00
[2026-02-01T21:01:18.259+0000] {processor.py:183} INFO - Processing /opt/airflow/dags/etl.py took 1.347 seconds
[2026-02-01T21:01:49.644+0000] {processor.py:161} INFO - Started process (PID=32968) to work on /opt/airflow/dags/etl.py
[2026-02-01T21:01:49.648+0000] {processor.py:830} INFO - Processing file /opt/airflow/dags/etl.py for tasks to queue
[2026-02-01T21:01:49.651+0000] {logging_mixin.py:188} INFO - [2026-02-01T21:01:49.650+0000] {dagbag.py:545} INFO - Filling up the DagBag from /opt/airflow/dags/etl.py
[2026-02-01T21:01:50.219+0000] {processor.py:840} INFO - DAG(s) 'etl_pipeline_final' retrieved from /opt/airflow/dags/etl.py
[2026-02-01T21:01:50.260+0000] {logging_mixin.py:188} INFO - [2026-02-01T21:01:50.259+0000] {dag.py:3096} INFO - Sync 1 DAGs
[2026-02-01T21:01:50.292+0000] {logging_mixin.py:188} INFO - [2026-02-01T21:01:50.292+0000] {dag.py:3954} INFO - Setting next_dagrun for etl_pipeline_final to 2026-01-31 00:00:00+00:00, run_after=2026-02-01 00:00:00+00:00
[2026-02-01T21:01:50.325+0000] {processor.py:183} INFO - Processing /opt/airflow/dags/etl.py took 0.687 seconds
[2026-02-01T21:02:23.122+0000] {processor.py:161} INFO - Started process (PID=33001) to work on /opt/airflow/dags/etl.py
[2026-02-01T21:02:23.122+0000] {processor.py:830} INFO - Processing file /opt/airflow/dags/etl.py for tasks to queue
[2026-02-01T21:02:23.124+0000] {logging_mixin.py:188} INFO - [2026-02-01T21:02:23.124+0000] {dagbag.py:545} INFO - Filling up the DagBag from /opt/airflow/dags/etl.py
[2026-02-01T21:02:23.593+0000] {processor.py:840} INFO - DAG(s) 'etl_pipeline_final' retrieved from /opt/airflow/dags/etl.py
[2026-02-01T21:02:23.625+0000] {logging_mixin.py:188} INFO - [2026-02-01T21:02:23.624+0000] {dag.py:3096} INFO - Sync 1 DAGs
[2026-02-01T21:02:23.648+0000] {logging_mixin.py:188} INFO - [2026-02-01T21:02:23.647+0000] {dag.py:3954} INFO - Setting next_dagrun for etl_pipeline_final to 2026-01-31 00:00:00+00:00, run_after=2026-02-01 00:00:00+00:00
[2026-02-01T21:02:23.676+0000] {processor.py:183} INFO - Processing /opt/airflow/dags/etl.py took 0.561 seconds
[2026-02-01T21:02:56.713+0000] {processor.py:161} INFO - Started process (PID=33046) to work on /opt/airflow/dags/etl.py
[2026-02-01T21:02:56.715+0000] {processor.py:830} INFO - Processing file /opt/airflow/dags/etl.py for tasks to queue
[2026-02-01T21:02:56.717+0000] {logging_mixin.py:188} INFO - [2026-02-01T21:02:56.717+0000] {dagbag.py:545} INFO - Filling up the DagBag from /opt/airflow/dags/etl.py
[2026-02-01T21:02:57.382+0000] {processor.py:840} INFO - DAG(s) 'etl_pipeline_final' retrieved from /opt/airflow/dags/etl.py
[2026-02-01T21:02:57.433+0000] {logging_mixin.py:188} INFO - [2026-02-01T21:02:57.432+0000] {dag.py:3096} INFO - Sync 1 DAGs
[2026-02-01T21:02:57.473+0000] {logging_mixin.py:188} INFO - [2026-02-01T21:02:57.472+0000] {dag.py:3954} INFO - Setting next_dagrun for etl_pipeline_final to 2026-01-31 00:00:00+00:00, run_after=2026-02-01 00:00:00+00:00
[2026-02-01T21:02:57.513+0000] {processor.py:183} INFO - Processing /opt/airflow/dags/etl.py took 0.807 seconds
[2026-02-01T21:03:29.469+0000] {processor.py:161} INFO - Started process (PID=33093) to work on /opt/airflow/dags/etl.py
[2026-02-01T21:03:29.469+0000] {processor.py:830} INFO - Processing file /opt/airflow/dags/etl.py for tasks to queue
[2026-02-01T21:03:29.471+0000] {logging_mixin.py:188} INFO - [2026-02-01T21:03:29.471+0000] {dagbag.py:545} INFO - Filling up the DagBag from /opt/airflow/dags/etl.py
[2026-02-01T21:03:29.906+0000] {processor.py:840} INFO - DAG(s) 'etl_pipeline_final' retrieved from /opt/airflow/dags/etl.py
[2026-02-01T21:03:29.935+0000] {logging_mixin.py:188} INFO - [2026-02-01T21:03:29.934+0000] {dag.py:3096} INFO - Sync 1 DAGs
[2026-02-01T21:03:29.954+0000] {logging_mixin.py:188} INFO - [2026-02-01T21:03:29.954+0000] {dag.py:3954} INFO - Setting next_dagrun for etl_pipeline_final to 2026-01-31 00:00:00+00:00, run_after=2026-02-01 00:00:00+00:00
[2026-02-01T21:03:29.979+0000] {processor.py:183} INFO - Processing /opt/airflow/dags/etl.py took 0.516 seconds
[2026-02-01T21:04:02.948+0000] {processor.py:161} INFO - Started process (PID=33140) to work on /opt/airflow/dags/etl.py
[2026-02-01T21:04:02.950+0000] {processor.py:830} INFO - Processing file /opt/airflow/dags/etl.py for tasks to queue
[2026-02-01T21:04:02.952+0000] {logging_mixin.py:188} INFO - [2026-02-01T21:04:02.952+0000] {dagbag.py:545} INFO - Filling up the DagBag from /opt/airflow/dags/etl.py
[2026-02-01T21:04:03.358+0000] {processor.py:840} INFO - DAG(s) 'etl_pipeline_final' retrieved from /opt/airflow/dags/etl.py
[2026-02-01T21:04:03.382+0000] {logging_mixin.py:188} INFO - [2026-02-01T21:04:03.382+0000] {dag.py:3096} INFO - Sync 1 DAGs
[2026-02-01T21:04:03.401+0000] {logging_mixin.py:188} INFO - [2026-02-01T21:04:03.401+0000] {dag.py:3954} INFO - Setting next_dagrun for etl_pipeline_final to 2026-01-31 00:00:00+00:00, run_after=2026-02-01 00:00:00+00:00
[2026-02-01T21:04:03.419+0000] {processor.py:183} INFO - Processing /opt/airflow/dags/etl.py took 0.478 seconds
[2026-02-01T21:04:36.418+0000] {processor.py:161} INFO - Started process (PID=33187) to work on /opt/airflow/dags/etl.py
[2026-02-01T21:04:36.419+0000] {processor.py:830} INFO - Processing file /opt/airflow/dags/etl.py for tasks to queue
[2026-02-01T21:04:36.421+0000] {logging_mixin.py:188} INFO - [2026-02-01T21:04:36.421+0000] {dagbag.py:545} INFO - Filling up the DagBag from /opt/airflow/dags/etl.py
[2026-02-01T21:04:36.781+0000] {processor.py:840} INFO - DAG(s) 'etl_pipeline_final' retrieved from /opt/airflow/dags/etl.py
[2026-02-01T21:04:36.809+0000] {logging_mixin.py:188} INFO - [2026-02-01T21:04:36.809+0000] {dag.py:3096} INFO - Sync 1 DAGs
[2026-02-01T21:04:36.829+0000] {logging_mixin.py:188} INFO - [2026-02-01T21:04:36.829+0000] {dag.py:3954} INFO - Setting next_dagrun for etl_pipeline_final to 2026-01-31 00:00:00+00:00, run_after=2026-02-01 00:00:00+00:00
[2026-02-01T21:04:36.849+0000] {processor.py:183} INFO - Processing /opt/airflow/dags/etl.py took 0.436 seconds
[2026-02-01T21:05:09.528+0000] {processor.py:161} INFO - Started process (PID=33234) to work on /opt/airflow/dags/etl.py
[2026-02-01T21:05:09.532+0000] {processor.py:830} INFO - Processing file /opt/airflow/dags/etl.py for tasks to queue
[2026-02-01T21:05:09.534+0000] {logging_mixin.py:188} INFO - [2026-02-01T21:05:09.533+0000] {dagbag.py:545} INFO - Filling up the DagBag from /opt/airflow/dags/etl.py
[2026-02-01T21:05:09.968+0000] {processor.py:840} INFO - DAG(s) 'etl_pipeline_final' retrieved from /opt/airflow/dags/etl.py
[2026-02-01T21:05:09.996+0000] {logging_mixin.py:188} INFO - [2026-02-01T21:05:09.995+0000] {dag.py:3096} INFO - Sync 1 DAGs
[2026-02-01T21:05:10.014+0000] {logging_mixin.py:188} INFO - [2026-02-01T21:05:10.013+0000] {dag.py:3954} INFO - Setting next_dagrun for etl_pipeline_final to 2026-01-31 00:00:00+00:00, run_after=2026-02-01 00:00:00+00:00
[2026-02-01T21:05:10.038+0000] {processor.py:183} INFO - Processing /opt/airflow/dags/etl.py took 0.515 seconds
[2026-02-01T21:05:42.899+0000] {processor.py:161} INFO - Started process (PID=33281) to work on /opt/airflow/dags/etl.py
[2026-02-01T21:05:42.900+0000] {processor.py:830} INFO - Processing file /opt/airflow/dags/etl.py for tasks to queue
[2026-02-01T21:05:42.902+0000] {logging_mixin.py:188} INFO - [2026-02-01T21:05:42.902+0000] {dagbag.py:545} INFO - Filling up the DagBag from /opt/airflow/dags/etl.py
[2026-02-01T21:05:43.406+0000] {processor.py:840} INFO - DAG(s) 'etl_pipeline_final' retrieved from /opt/airflow/dags/etl.py
[2026-02-01T21:05:43.434+0000] {logging_mixin.py:188} INFO - [2026-02-01T21:05:43.434+0000] {dag.py:3096} INFO - Sync 1 DAGs
[2026-02-01T21:05:43.457+0000] {logging_mixin.py:188} INFO - [2026-02-01T21:05:43.457+0000] {dag.py:3954} INFO - Setting next_dagrun for etl_pipeline_final to 2026-01-31 00:00:00+00:00, run_after=2026-02-01 00:00:00+00:00
[2026-02-01T21:05:43.479+0000] {processor.py:183} INFO - Processing /opt/airflow/dags/etl.py took 0.590 seconds
[2026-02-01T21:06:16.289+0000] {processor.py:161} INFO - Started process (PID=33328) to work on /opt/airflow/dags/etl.py
[2026-02-01T21:06:16.292+0000] {processor.py:830} INFO - Processing file /opt/airflow/dags/etl.py for tasks to queue
[2026-02-01T21:06:16.295+0000] {logging_mixin.py:188} INFO - [2026-02-01T21:06:16.295+0000] {dagbag.py:545} INFO - Filling up the DagBag from /opt/airflow/dags/etl.py
[2026-02-01T21:06:16.789+0000] {processor.py:840} INFO - DAG(s) 'etl_pipeline_final' retrieved from /opt/airflow/dags/etl.py
[2026-02-01T21:06:16.827+0000] {logging_mixin.py:188} INFO - [2026-02-01T21:06:16.827+0000] {dag.py:3096} INFO - Sync 1 DAGs
[2026-02-01T21:06:16.846+0000] {logging_mixin.py:188} INFO - [2026-02-01T21:06:16.846+0000] {dag.py:3954} INFO - Setting next_dagrun for etl_pipeline_final to 2026-01-31 00:00:00+00:00, run_after=2026-02-01 00:00:00+00:00
[2026-02-01T21:06:16.878+0000] {processor.py:183} INFO - Processing /opt/airflow/dags/etl.py took 0.595 seconds
[2026-02-01T21:06:49.781+0000] {processor.py:161} INFO - Started process (PID=33375) to work on /opt/airflow/dags/etl.py
[2026-02-01T21:06:49.785+0000] {processor.py:830} INFO - Processing file /opt/airflow/dags/etl.py for tasks to queue
[2026-02-01T21:06:49.789+0000] {logging_mixin.py:188} INFO - [2026-02-01T21:06:49.789+0000] {dagbag.py:545} INFO - Filling up the DagBag from /opt/airflow/dags/etl.py
[2026-02-01T21:06:50.320+0000] {processor.py:840} INFO - DAG(s) 'etl_pipeline_final' retrieved from /opt/airflow/dags/etl.py
[2026-02-01T21:06:50.354+0000] {logging_mixin.py:188} INFO - [2026-02-01T21:06:50.353+0000] {dag.py:3096} INFO - Sync 1 DAGs
[2026-02-01T21:06:50.382+0000] {logging_mixin.py:188} INFO - [2026-02-01T21:06:50.382+0000] {dag.py:3954} INFO - Setting next_dagrun for etl_pipeline_final to 2026-01-31 00:00:00+00:00, run_after=2026-02-01 00:00:00+00:00
[2026-02-01T21:06:50.412+0000] {processor.py:183} INFO - Processing /opt/airflow/dags/etl.py took 0.640 seconds
[2026-02-01T21:07:23.345+0000] {processor.py:161} INFO - Started process (PID=33422) to work on /opt/airflow/dags/etl.py
[2026-02-01T21:07:23.348+0000] {processor.py:830} INFO - Processing file /opt/airflow/dags/etl.py for tasks to queue
[2026-02-01T21:07:23.350+0000] {logging_mixin.py:188} INFO - [2026-02-01T21:07:23.349+0000] {dagbag.py:545} INFO - Filling up the DagBag from /opt/airflow/dags/etl.py
[2026-02-01T21:07:23.734+0000] {processor.py:840} INFO - DAG(s) 'etl_pipeline_final' retrieved from /opt/airflow/dags/etl.py
[2026-02-01T21:07:23.772+0000] {logging_mixin.py:188} INFO - [2026-02-01T21:07:23.771+0000] {dag.py:3096} INFO - Sync 1 DAGs
[2026-02-01T21:07:23.790+0000] {logging_mixin.py:188} INFO - [2026-02-01T21:07:23.790+0000] {dag.py:3954} INFO - Setting next_dagrun for etl_pipeline_final to 2026-01-31 00:00:00+00:00, run_after=2026-02-01 00:00:00+00:00
[2026-02-01T21:07:23.807+0000] {processor.py:183} INFO - Processing /opt/airflow/dags/etl.py took 0.470 seconds
[2026-02-01T21:07:54.575+0000] {processor.py:161} INFO - Started process (PID=33465) to work on /opt/airflow/dags/etl.py
[2026-02-01T21:07:54.578+0000] {processor.py:830} INFO - Processing file /opt/airflow/dags/etl.py for tasks to queue
[2026-02-01T21:07:54.580+0000] {logging_mixin.py:188} INFO - [2026-02-01T21:07:54.580+0000] {dagbag.py:545} INFO - Filling up the DagBag from /opt/airflow/dags/etl.py
[2026-02-01T21:07:55.151+0000] {processor.py:840} INFO - DAG(s) 'etl_pipeline_final' retrieved from /opt/airflow/dags/etl.py
[2026-02-01T21:07:55.189+0000] {logging_mixin.py:188} INFO - [2026-02-01T21:07:55.187+0000] {dag.py:3096} INFO - Sync 1 DAGs
[2026-02-01T21:07:55.218+0000] {logging_mixin.py:188} INFO - [2026-02-01T21:07:55.217+0000] {dag.py:3954} INFO - Setting next_dagrun for etl_pipeline_final to 2026-01-31 00:00:00+00:00, run_after=2026-02-01 00:00:00+00:00
[2026-02-01T21:07:55.252+0000] {processor.py:183} INFO - Processing /opt/airflow/dags/etl.py took 0.683 seconds
[2026-02-01T21:08:25.440+0000] {processor.py:161} INFO - Started process (PID=33495) to work on /opt/airflow/dags/etl.py
[2026-02-01T21:08:25.441+0000] {processor.py:830} INFO - Processing file /opt/airflow/dags/etl.py for tasks to queue
[2026-02-01T21:08:25.442+0000] {logging_mixin.py:188} INFO - [2026-02-01T21:08:25.442+0000] {dagbag.py:545} INFO - Filling up the DagBag from /opt/airflow/dags/etl.py
[2026-02-01T21:08:25.821+0000] {processor.py:840} INFO - DAG(s) 'etl_pipeline_final' retrieved from /opt/airflow/dags/etl.py
[2026-02-01T21:08:25.846+0000] {logging_mixin.py:188} INFO - [2026-02-01T21:08:25.845+0000] {dag.py:3096} INFO - Sync 1 DAGs
[2026-02-01T21:08:25.863+0000] {logging_mixin.py:188} INFO - [2026-02-01T21:08:25.862+0000] {dag.py:3954} INFO - Setting next_dagrun for etl_pipeline_final to 2026-01-31 00:00:00+00:00, run_after=2026-02-01 00:00:00+00:00
[2026-02-01T21:08:25.883+0000] {processor.py:183} INFO - Processing /opt/airflow/dags/etl.py took 0.448 seconds
[2026-02-01T21:08:56.125+0000] {processor.py:161} INFO - Started process (PID=33542) to work on /opt/airflow/dags/etl.py
[2026-02-01T21:08:56.128+0000] {processor.py:830} INFO - Processing file /opt/airflow/dags/etl.py for tasks to queue
[2026-02-01T21:08:56.129+0000] {logging_mixin.py:188} INFO - [2026-02-01T21:08:56.129+0000] {dagbag.py:545} INFO - Filling up the DagBag from /opt/airflow/dags/etl.py
[2026-02-01T21:08:56.503+0000] {processor.py:840} INFO - DAG(s) 'etl_pipeline_final' retrieved from /opt/airflow/dags/etl.py
[2026-02-01T21:08:56.531+0000] {logging_mixin.py:188} INFO - [2026-02-01T21:08:56.530+0000] {dag.py:3096} INFO - Sync 1 DAGs
[2026-02-01T21:08:56.553+0000] {logging_mixin.py:188} INFO - [2026-02-01T21:08:56.553+0000] {dag.py:3954} INFO - Setting next_dagrun for etl_pipeline_final to 2026-01-31 00:00:00+00:00, run_after=2026-02-01 00:00:00+00:00
[2026-02-01T21:08:56.573+0000] {processor.py:183} INFO - Processing /opt/airflow/dags/etl.py took 0.453 seconds
[2026-02-01T21:09:26.758+0000] {processor.py:161} INFO - Started process (PID=33589) to work on /opt/airflow/dags/etl.py
[2026-02-01T21:09:26.759+0000] {processor.py:830} INFO - Processing file /opt/airflow/dags/etl.py for tasks to queue
[2026-02-01T21:09:26.760+0000] {logging_mixin.py:188} INFO - [2026-02-01T21:09:26.760+0000] {dagbag.py:545} INFO - Filling up the DagBag from /opt/airflow/dags/etl.py
[2026-02-01T21:09:27.184+0000] {processor.py:840} INFO - DAG(s) 'etl_pipeline_final' retrieved from /opt/airflow/dags/etl.py
[2026-02-01T21:09:27.216+0000] {logging_mixin.py:188} INFO - [2026-02-01T21:09:27.215+0000] {dag.py:3096} INFO - Sync 1 DAGs
[2026-02-01T21:09:27.240+0000] {logging_mixin.py:188} INFO - [2026-02-01T21:09:27.240+0000] {dag.py:3954} INFO - Setting next_dagrun for etl_pipeline_final to 2026-01-31 00:00:00+00:00, run_after=2026-02-01 00:00:00+00:00
[2026-02-01T21:09:27.262+0000] {processor.py:183} INFO - Processing /opt/airflow/dags/etl.py took 0.509 seconds
[2026-02-01T21:09:57.770+0000] {processor.py:161} INFO - Started process (PID=33636) to work on /opt/airflow/dags/etl.py
[2026-02-01T21:09:57.775+0000] {processor.py:830} INFO - Processing file /opt/airflow/dags/etl.py for tasks to queue
[2026-02-01T21:09:57.782+0000] {logging_mixin.py:188} INFO - [2026-02-01T21:09:57.781+0000] {dagbag.py:545} INFO - Filling up the DagBag from /opt/airflow/dags/etl.py
[2026-02-01T21:09:58.715+0000] {processor.py:840} INFO - DAG(s) 'etl_pipeline_final' retrieved from /opt/airflow/dags/etl.py
[2026-02-01T21:09:58.767+0000] {logging_mixin.py:188} INFO - [2026-02-01T21:09:58.766+0000] {dag.py:3096} INFO - Sync 1 DAGs
[2026-02-01T21:09:58.813+0000] {logging_mixin.py:188} INFO - [2026-02-01T21:09:58.813+0000] {dag.py:3954} INFO - Setting next_dagrun for etl_pipeline_final to 2026-01-31 00:00:00+00:00, run_after=2026-02-01 00:00:00+00:00
[2026-02-01T21:09:58.852+0000] {processor.py:183} INFO - Processing /opt/airflow/dags/etl.py took 1.098 seconds
[2026-02-01T21:10:29.245+0000] {processor.py:161} INFO - Started process (PID=33683) to work on /opt/airflow/dags/etl.py
[2026-02-01T21:10:29.245+0000] {processor.py:830} INFO - Processing file /opt/airflow/dags/etl.py for tasks to queue
[2026-02-01T21:10:29.247+0000] {logging_mixin.py:188} INFO - [2026-02-01T21:10:29.246+0000] {dagbag.py:545} INFO - Filling up the DagBag from /opt/airflow/dags/etl.py
[2026-02-01T21:10:29.605+0000] {processor.py:840} INFO - DAG(s) 'etl_pipeline_final' retrieved from /opt/airflow/dags/etl.py
[2026-02-01T21:10:29.624+0000] {logging_mixin.py:188} INFO - [2026-02-01T21:10:29.624+0000] {dag.py:3096} INFO - Sync 1 DAGs
[2026-02-01T21:10:29.641+0000] {logging_mixin.py:188} INFO - [2026-02-01T21:10:29.641+0000] {dag.py:3954} INFO - Setting next_dagrun for etl_pipeline_final to 2026-01-31 00:00:00+00:00, run_after=2026-02-01 00:00:00+00:00
[2026-02-01T21:10:29.663+0000] {processor.py:183} INFO - Processing /opt/airflow/dags/etl.py took 0.423 seconds
[2026-02-01T21:10:59.929+0000] {processor.py:161} INFO - Started process (PID=33728) to work on /opt/airflow/dags/etl.py
[2026-02-01T21:10:59.942+0000] {processor.py:830} INFO - Processing file /opt/airflow/dags/etl.py for tasks to queue
[2026-02-01T21:10:59.945+0000] {logging_mixin.py:188} INFO - [2026-02-01T21:10:59.944+0000] {dagbag.py:545} INFO - Filling up the DagBag from /opt/airflow/dags/etl.py
[2026-02-01T21:11:00.475+0000] {processor.py:840} INFO - DAG(s) 'etl_pipeline_final' retrieved from /opt/airflow/dags/etl.py
[2026-02-01T21:11:00.506+0000] {logging_mixin.py:188} INFO - [2026-02-01T21:11:00.504+0000] {dag.py:3096} INFO - Sync 1 DAGs
[2026-02-01T21:11:00.530+0000] {logging_mixin.py:188} INFO - [2026-02-01T21:11:00.530+0000] {dag.py:3954} INFO - Setting next_dagrun for etl_pipeline_final to 2026-01-31 00:00:00+00:00, run_after=2026-02-01 00:00:00+00:00
[2026-02-01T21:11:00.563+0000] {processor.py:183} INFO - Processing /opt/airflow/dags/etl.py took 0.642 seconds
[2026-02-01T21:11:30.917+0000] {processor.py:161} INFO - Started process (PID=33769) to work on /opt/airflow/dags/etl.py
[2026-02-01T21:11:30.918+0000] {processor.py:830} INFO - Processing file /opt/airflow/dags/etl.py for tasks to queue
[2026-02-01T21:11:30.920+0000] {logging_mixin.py:188} INFO - [2026-02-01T21:11:30.920+0000] {dagbag.py:545} INFO - Filling up the DagBag from /opt/airflow/dags/etl.py
[2026-02-01T21:11:31.373+0000] {processor.py:840} INFO - DAG(s) 'etl_pipeline_final' retrieved from /opt/airflow/dags/etl.py
[2026-02-01T21:11:31.400+0000] {logging_mixin.py:188} INFO - [2026-02-01T21:11:31.399+0000] {dag.py:3096} INFO - Sync 1 DAGs
[2026-02-01T21:11:31.421+0000] {logging_mixin.py:188} INFO - [2026-02-01T21:11:31.420+0000] {dag.py:3954} INFO - Setting next_dagrun for etl_pipeline_final to 2026-01-31 00:00:00+00:00, run_after=2026-02-01 00:00:00+00:00
[2026-02-01T21:11:31.440+0000] {processor.py:183} INFO - Processing /opt/airflow/dags/etl.py took 0.531 seconds
[2026-02-01T21:12:02.066+0000] {processor.py:161} INFO - Started process (PID=33813) to work on /opt/airflow/dags/etl.py
[2026-02-01T21:12:02.069+0000] {processor.py:830} INFO - Processing file /opt/airflow/dags/etl.py for tasks to queue
[2026-02-01T21:12:02.073+0000] {logging_mixin.py:188} INFO - [2026-02-01T21:12:02.073+0000] {dagbag.py:545} INFO - Filling up the DagBag from /opt/airflow/dags/etl.py
[2026-02-01T21:12:02.787+0000] {processor.py:840} INFO - DAG(s) 'etl_pipeline_final' retrieved from /opt/airflow/dags/etl.py
[2026-02-01T21:12:02.821+0000] {logging_mixin.py:188} INFO - [2026-02-01T21:12:02.821+0000] {dag.py:3096} INFO - Sync 1 DAGs
[2026-02-01T21:12:02.848+0000] {logging_mixin.py:188} INFO - [2026-02-01T21:12:02.848+0000] {dag.py:3954} INFO - Setting next_dagrun for etl_pipeline_final to 2026-01-31 00:00:00+00:00, run_after=2026-02-01 00:00:00+00:00
[2026-02-01T21:12:02.880+0000] {processor.py:183} INFO - Processing /opt/airflow/dags/etl.py took 0.823 seconds
[2026-02-01T21:12:32.988+0000] {processor.py:161} INFO - Started process (PID=33834) to work on /opt/airflow/dags/etl.py
[2026-02-01T21:12:32.989+0000] {processor.py:830} INFO - Processing file /opt/airflow/dags/etl.py for tasks to queue
[2026-02-01T21:12:32.991+0000] {logging_mixin.py:188} INFO - [2026-02-01T21:12:32.991+0000] {dagbag.py:545} INFO - Filling up the DagBag from /opt/airflow/dags/etl.py
[2026-02-01T21:12:33.638+0000] {processor.py:840} INFO - DAG(s) 'etl_pipeline_final' retrieved from /opt/airflow/dags/etl.py
[2026-02-01T21:12:33.697+0000] {logging_mixin.py:188} INFO - [2026-02-01T21:12:33.695+0000] {dag.py:3096} INFO - Sync 1 DAGs
[2026-02-01T21:12:33.739+0000] {logging_mixin.py:188} INFO - [2026-02-01T21:12:33.739+0000] {dag.py:3954} INFO - Setting next_dagrun for etl_pipeline_final to 2026-01-31 00:00:00+00:00, run_after=2026-02-01 00:00:00+00:00
[2026-02-01T21:12:33.787+0000] {processor.py:183} INFO - Processing /opt/airflow/dags/etl.py took 0.809 seconds
[2026-02-01T21:13:04.415+0000] {processor.py:161} INFO - Started process (PID=33877) to work on /opt/airflow/dags/etl.py
[2026-02-01T21:13:04.419+0000] {processor.py:830} INFO - Processing file /opt/airflow/dags/etl.py for tasks to queue
[2026-02-01T21:13:04.423+0000] {logging_mixin.py:188} INFO - [2026-02-01T21:13:04.421+0000] {dagbag.py:545} INFO - Filling up the DagBag from /opt/airflow/dags/etl.py
[2026-02-01T21:13:05.196+0000] {processor.py:840} INFO - DAG(s) 'etl_pipeline_final' retrieved from /opt/airflow/dags/etl.py
[2026-02-01T21:13:05.236+0000] {logging_mixin.py:188} INFO - [2026-02-01T21:13:05.235+0000] {dag.py:3096} INFO - Sync 1 DAGs
[2026-02-01T21:13:05.270+0000] {logging_mixin.py:188} INFO - [2026-02-01T21:13:05.269+0000] {dag.py:3954} INFO - Setting next_dagrun for etl_pipeline_final to 2026-01-31 00:00:00+00:00, run_after=2026-02-01 00:00:00+00:00
[2026-02-01T21:13:05.302+0000] {processor.py:183} INFO - Processing /opt/airflow/dags/etl.py took 0.905 seconds
[2026-02-01T21:13:35.597+0000] {processor.py:161} INFO - Started process (PID=33924) to work on /opt/airflow/dags/etl.py
[2026-02-01T21:13:35.597+0000] {processor.py:830} INFO - Processing file /opt/airflow/dags/etl.py for tasks to queue
[2026-02-01T21:13:35.600+0000] {logging_mixin.py:188} INFO - [2026-02-01T21:13:35.599+0000] {dagbag.py:545} INFO - Filling up the DagBag from /opt/airflow/dags/etl.py
[2026-02-01T21:13:36.052+0000] {processor.py:840} INFO - DAG(s) 'etl_pipeline_final' retrieved from /opt/airflow/dags/etl.py
[2026-02-01T21:13:36.077+0000] {logging_mixin.py:188} INFO - [2026-02-01T21:13:36.076+0000] {dag.py:3096} INFO - Sync 1 DAGs
[2026-02-01T21:13:36.098+0000] {logging_mixin.py:188} INFO - [2026-02-01T21:13:36.097+0000] {dag.py:3954} INFO - Setting next_dagrun for etl_pipeline_final to 2026-01-31 00:00:00+00:00, run_after=2026-02-01 00:00:00+00:00
[2026-02-01T21:13:36.120+0000] {processor.py:183} INFO - Processing /opt/airflow/dags/etl.py took 0.537 seconds
[2026-02-01T21:14:06.382+0000] {processor.py:161} INFO - Started process (PID=33971) to work on /opt/airflow/dags/etl.py
[2026-02-01T21:14:06.384+0000] {processor.py:830} INFO - Processing file /opt/airflow/dags/etl.py for tasks to queue
[2026-02-01T21:14:06.386+0000] {logging_mixin.py:188} INFO - [2026-02-01T21:14:06.386+0000] {dagbag.py:545} INFO - Filling up the DagBag from /opt/airflow/dags/etl.py
[2026-02-01T21:14:06.867+0000] {processor.py:840} INFO - DAG(s) 'etl_pipeline_final' retrieved from /opt/airflow/dags/etl.py
[2026-02-01T21:14:06.912+0000] {logging_mixin.py:188} INFO - [2026-02-01T21:14:06.911+0000] {dag.py:3096} INFO - Sync 1 DAGs
[2026-02-01T21:14:06.942+0000] {logging_mixin.py:188} INFO - [2026-02-01T21:14:06.942+0000] {dag.py:3954} INFO - Setting next_dagrun for etl_pipeline_final to 2026-01-31 00:00:00+00:00, run_after=2026-02-01 00:00:00+00:00
[2026-02-01T21:14:06.976+0000] {processor.py:183} INFO - Processing /opt/airflow/dags/etl.py took 0.602 seconds
[2026-02-01T21:14:37.104+0000] {processor.py:161} INFO - Started process (PID=34018) to work on /opt/airflow/dags/etl.py
[2026-02-01T21:14:37.105+0000] {processor.py:830} INFO - Processing file /opt/airflow/dags/etl.py for tasks to queue
[2026-02-01T21:14:37.106+0000] {logging_mixin.py:188} INFO - [2026-02-01T21:14:37.106+0000] {dagbag.py:545} INFO - Filling up the DagBag from /opt/airflow/dags/etl.py
[2026-02-01T21:14:37.506+0000] {processor.py:840} INFO - DAG(s) 'etl_pipeline_final' retrieved from /opt/airflow/dags/etl.py
[2026-02-01T21:14:37.532+0000] {logging_mixin.py:188} INFO - [2026-02-01T21:14:37.531+0000] {dag.py:3096} INFO - Sync 1 DAGs
[2026-02-01T21:14:37.550+0000] {logging_mixin.py:188} INFO - [2026-02-01T21:14:37.550+0000] {dag.py:3954} INFO - Setting next_dagrun for etl_pipeline_final to 2026-01-31 00:00:00+00:00, run_after=2026-02-01 00:00:00+00:00
[2026-02-01T21:14:37.568+0000] {processor.py:183} INFO - Processing /opt/airflow/dags/etl.py took 0.470 seconds
[2026-02-01T21:15:09.965+0000] {processor.py:161} INFO - Started process (PID=34060) to work on /opt/airflow/dags/etl.py
[2026-02-01T21:15:09.968+0000] {processor.py:830} INFO - Processing file /opt/airflow/dags/etl.py for tasks to queue
[2026-02-01T21:15:09.971+0000] {logging_mixin.py:188} INFO - [2026-02-01T21:15:09.970+0000] {dagbag.py:545} INFO - Filling up the DagBag from /opt/airflow/dags/etl.py
[2026-02-01T21:15:10.535+0000] {processor.py:840} INFO - DAG(s) 'etl_pipeline_final' retrieved from /opt/airflow/dags/etl.py
[2026-02-01T21:15:10.573+0000] {logging_mixin.py:188} INFO - [2026-02-01T21:15:10.571+0000] {dag.py:3096} INFO - Sync 1 DAGs
[2026-02-01T21:15:10.599+0000] {logging_mixin.py:188} INFO - [2026-02-01T21:15:10.599+0000] {dag.py:3954} INFO - Setting next_dagrun for etl_pipeline_final to 2026-01-31 00:00:00+00:00, run_after=2026-02-01 00:00:00+00:00
[2026-02-01T21:15:10.630+0000] {processor.py:183} INFO - Processing /opt/airflow/dags/etl.py took 0.673 seconds
[2026-02-01T21:15:43.437+0000] {processor.py:161} INFO - Started process (PID=34094) to work on /opt/airflow/dags/etl.py
[2026-02-01T21:15:43.438+0000] {processor.py:830} INFO - Processing file /opt/airflow/dags/etl.py for tasks to queue
[2026-02-01T21:15:43.441+0000] {logging_mixin.py:188} INFO - [2026-02-01T21:15:43.440+0000] {dagbag.py:545} INFO - Filling up the DagBag from /opt/airflow/dags/etl.py
[2026-02-01T21:15:44.488+0000] {processor.py:840} INFO - DAG(s) 'etl_pipeline_final' retrieved from /opt/airflow/dags/etl.py
[2026-02-01T21:15:44.549+0000] {logging_mixin.py:188} INFO - [2026-02-01T21:15:44.548+0000] {dag.py:3096} INFO - Sync 1 DAGs
[2026-02-01T21:15:44.599+0000] {logging_mixin.py:188} INFO - [2026-02-01T21:15:44.598+0000] {dag.py:3954} INFO - Setting next_dagrun for etl_pipeline_final to 2026-01-31 00:00:00+00:00, run_after=2026-02-01 00:00:00+00:00
[2026-02-01T21:15:44.653+0000] {processor.py:183} INFO - Processing /opt/airflow/dags/etl.py took 1.230 seconds
[2026-02-01T21:16:16.409+0000] {processor.py:161} INFO - Started process (PID=34138) to work on /opt/airflow/dags/etl.py
[2026-02-01T21:16:16.410+0000] {processor.py:830} INFO - Processing file /opt/airflow/dags/etl.py for tasks to queue
[2026-02-01T21:16:16.411+0000] {logging_mixin.py:188} INFO - [2026-02-01T21:16:16.411+0000] {dagbag.py:545} INFO - Filling up the DagBag from /opt/airflow/dags/etl.py
[2026-02-01T21:16:16.788+0000] {processor.py:840} INFO - DAG(s) 'etl_pipeline_final' retrieved from /opt/airflow/dags/etl.py
[2026-02-01T21:16:16.808+0000] {logging_mixin.py:188} INFO - [2026-02-01T21:16:16.808+0000] {dag.py:3096} INFO - Sync 1 DAGs
[2026-02-01T21:16:16.824+0000] {logging_mixin.py:188} INFO - [2026-02-01T21:16:16.824+0000] {dag.py:3954} INFO - Setting next_dagrun for etl_pipeline_final to 2026-01-31 00:00:00+00:00, run_after=2026-02-01 00:00:00+00:00
[2026-02-01T21:16:16.846+0000] {processor.py:183} INFO - Processing /opt/airflow/dags/etl.py took 0.444 seconds
[2026-02-01T21:16:50.103+0000] {processor.py:161} INFO - Started process (PID=34185) to work on /opt/airflow/dags/etl.py
[2026-02-01T21:16:50.104+0000] {processor.py:830} INFO - Processing file /opt/airflow/dags/etl.py for tasks to queue
[2026-02-01T21:16:50.106+0000] {logging_mixin.py:188} INFO - [2026-02-01T21:16:50.106+0000] {dagbag.py:545} INFO - Filling up the DagBag from /opt/airflow/dags/etl.py
[2026-02-01T21:16:50.676+0000] {processor.py:840} INFO - DAG(s) 'etl_pipeline_final' retrieved from /opt/airflow/dags/etl.py
[2026-02-01T21:16:50.704+0000] {logging_mixin.py:188} INFO - [2026-02-01T21:16:50.703+0000] {dag.py:3096} INFO - Sync 1 DAGs
[2026-02-01T21:16:50.728+0000] {logging_mixin.py:188} INFO - [2026-02-01T21:16:50.727+0000] {dag.py:3954} INFO - Setting next_dagrun for etl_pipeline_final to 2026-01-31 00:00:00+00:00, run_after=2026-02-01 00:00:00+00:00
[2026-02-01T21:16:50.756+0000] {processor.py:183} INFO - Processing /opt/airflow/dags/etl.py took 0.660 seconds
[2026-02-01T21:17:23.400+0000] {processor.py:161} INFO - Started process (PID=34232) to work on /opt/airflow/dags/etl.py
[2026-02-01T21:17:23.402+0000] {processor.py:830} INFO - Processing file /opt/airflow/dags/etl.py for tasks to queue
[2026-02-01T21:17:23.403+0000] {logging_mixin.py:188} INFO - [2026-02-01T21:17:23.403+0000] {dagbag.py:545} INFO - Filling up the DagBag from /opt/airflow/dags/etl.py
[2026-02-01T21:17:23.702+0000] {processor.py:840} INFO - DAG(s) 'etl_pipeline_final' retrieved from /opt/airflow/dags/etl.py
[2026-02-01T21:17:23.719+0000] {logging_mixin.py:188} INFO - [2026-02-01T21:17:23.718+0000] {dag.py:3096} INFO - Sync 1 DAGs
[2026-02-01T21:17:23.732+0000] {logging_mixin.py:188} INFO - [2026-02-01T21:17:23.732+0000] {dag.py:3954} INFO - Setting next_dagrun for etl_pipeline_final to 2026-01-31 00:00:00+00:00, run_after=2026-02-01 00:00:00+00:00
[2026-02-01T21:17:23.747+0000] {processor.py:183} INFO - Processing /opt/airflow/dags/etl.py took 0.352 seconds
[2026-02-01T21:17:56.854+0000] {processor.py:161} INFO - Started process (PID=34279) to work on /opt/airflow/dags/etl.py
[2026-02-01T21:17:56.855+0000] {processor.py:830} INFO - Processing file /opt/airflow/dags/etl.py for tasks to queue
[2026-02-01T21:17:56.857+0000] {logging_mixin.py:188} INFO - [2026-02-01T21:17:56.856+0000] {dagbag.py:545} INFO - Filling up the DagBag from /opt/airflow/dags/etl.py
[2026-02-01T21:17:57.167+0000] {processor.py:840} INFO - DAG(s) 'etl_pipeline_final' retrieved from /opt/airflow/dags/etl.py
[2026-02-01T21:17:57.190+0000] {logging_mixin.py:188} INFO - [2026-02-01T21:17:57.189+0000] {dag.py:3096} INFO - Sync 1 DAGs
[2026-02-01T21:17:57.211+0000] {logging_mixin.py:188} INFO - [2026-02-01T21:17:57.211+0000] {dag.py:3954} INFO - Setting next_dagrun for etl_pipeline_final to 2026-01-31 00:00:00+00:00, run_after=2026-02-01 00:00:00+00:00
[2026-02-01T21:17:57.228+0000] {processor.py:183} INFO - Processing /opt/airflow/dags/etl.py took 0.378 seconds
[2026-02-01T21:18:29.973+0000] {processor.py:161} INFO - Started process (PID=34326) to work on /opt/airflow/dags/etl.py
[2026-02-01T21:18:29.975+0000] {processor.py:830} INFO - Processing file /opt/airflow/dags/etl.py for tasks to queue
[2026-02-01T21:18:29.977+0000] {logging_mixin.py:188} INFO - [2026-02-01T21:18:29.976+0000] {dagbag.py:545} INFO - Filling up the DagBag from /opt/airflow/dags/etl.py
[2026-02-01T21:18:30.450+0000] {processor.py:840} INFO - DAG(s) 'etl_pipeline_final' retrieved from /opt/airflow/dags/etl.py
[2026-02-01T21:18:30.475+0000] {logging_mixin.py:188} INFO - [2026-02-01T21:18:30.474+0000] {dag.py:3096} INFO - Sync 1 DAGs
[2026-02-01T21:18:30.494+0000] {logging_mixin.py:188} INFO - [2026-02-01T21:18:30.493+0000] {dag.py:3954} INFO - Setting next_dagrun for etl_pipeline_final to 2026-01-31 00:00:00+00:00, run_after=2026-02-01 00:00:00+00:00
[2026-02-01T21:18:30.519+0000] {processor.py:183} INFO - Processing /opt/airflow/dags/etl.py took 0.551 seconds
[2026-02-01T21:19:03.358+0000] {processor.py:161} INFO - Started process (PID=34373) to work on /opt/airflow/dags/etl.py
[2026-02-01T21:19:03.359+0000] {processor.py:830} INFO - Processing file /opt/airflow/dags/etl.py for tasks to queue
[2026-02-01T21:19:03.360+0000] {logging_mixin.py:188} INFO - [2026-02-01T21:19:03.360+0000] {dagbag.py:545} INFO - Filling up the DagBag from /opt/airflow/dags/etl.py
[2026-02-01T21:19:03.696+0000] {processor.py:840} INFO - DAG(s) 'etl_pipeline_final' retrieved from /opt/airflow/dags/etl.py
[2026-02-01T21:19:03.716+0000] {logging_mixin.py:188} INFO - [2026-02-01T21:19:03.715+0000] {dag.py:3096} INFO - Sync 1 DAGs
[2026-02-01T21:19:03.730+0000] {logging_mixin.py:188} INFO - [2026-02-01T21:19:03.730+0000] {dag.py:3954} INFO - Setting next_dagrun for etl_pipeline_final to 2026-01-31 00:00:00+00:00, run_after=2026-02-01 00:00:00+00:00
[2026-02-01T21:19:03.745+0000] {processor.py:183} INFO - Processing /opt/airflow/dags/etl.py took 0.392 seconds
[2026-02-01T21:19:36.606+0000] {processor.py:161} INFO - Started process (PID=34420) to work on /opt/airflow/dags/etl.py
[2026-02-01T21:19:36.608+0000] {processor.py:830} INFO - Processing file /opt/airflow/dags/etl.py for tasks to queue
[2026-02-01T21:19:36.610+0000] {logging_mixin.py:188} INFO - [2026-02-01T21:19:36.609+0000] {dagbag.py:545} INFO - Filling up the DagBag from /opt/airflow/dags/etl.py
[2026-02-01T21:19:36.891+0000] {processor.py:840} INFO - DAG(s) 'etl_pipeline_final' retrieved from /opt/airflow/dags/etl.py
[2026-02-01T21:19:36.906+0000] {logging_mixin.py:188} INFO - [2026-02-01T21:19:36.905+0000] {dag.py:3096} INFO - Sync 1 DAGs
[2026-02-01T21:19:36.918+0000] {logging_mixin.py:188} INFO - [2026-02-01T21:19:36.918+0000] {dag.py:3954} INFO - Setting next_dagrun for etl_pipeline_final to 2026-01-31 00:00:00+00:00, run_after=2026-02-01 00:00:00+00:00
[2026-02-01T21:19:36.930+0000] {processor.py:183} INFO - Processing /opt/airflow/dags/etl.py took 0.328 seconds
[2026-02-01T21:20:10.220+0000] {processor.py:161} INFO - Started process (PID=34467) to work on /opt/airflow/dags/etl.py
[2026-02-01T21:20:10.221+0000] {processor.py:830} INFO - Processing file /opt/airflow/dags/etl.py for tasks to queue
[2026-02-01T21:20:10.223+0000] {logging_mixin.py:188} INFO - [2026-02-01T21:20:10.223+0000] {dagbag.py:545} INFO - Filling up the DagBag from /opt/airflow/dags/etl.py
[2026-02-01T21:20:10.649+0000] {processor.py:840} INFO - DAG(s) 'etl_pipeline_final' retrieved from /opt/airflow/dags/etl.py
[2026-02-01T21:20:10.675+0000] {logging_mixin.py:188} INFO - [2026-02-01T21:20:10.674+0000] {dag.py:3096} INFO - Sync 1 DAGs
[2026-02-01T21:20:10.696+0000] {logging_mixin.py:188} INFO - [2026-02-01T21:20:10.696+0000] {dag.py:3954} INFO - Setting next_dagrun for etl_pipeline_final to 2026-01-31 00:00:00+00:00, run_after=2026-02-01 00:00:00+00:00
[2026-02-01T21:20:10.715+0000] {processor.py:183} INFO - Processing /opt/airflow/dags/etl.py took 0.503 seconds
[2026-02-01T21:20:43.251+0000] {processor.py:161} INFO - Started process (PID=34514) to work on /opt/airflow/dags/etl.py
[2026-02-01T21:20:43.253+0000] {processor.py:830} INFO - Processing file /opt/airflow/dags/etl.py for tasks to queue
[2026-02-01T21:20:43.255+0000] {logging_mixin.py:188} INFO - [2026-02-01T21:20:43.255+0000] {dagbag.py:545} INFO - Filling up the DagBag from /opt/airflow/dags/etl.py
[2026-02-01T21:20:43.547+0000] {processor.py:840} INFO - DAG(s) 'etl_pipeline_final' retrieved from /opt/airflow/dags/etl.py
[2026-02-01T21:20:43.566+0000] {logging_mixin.py:188} INFO - [2026-02-01T21:20:43.566+0000] {dag.py:3096} INFO - Sync 1 DAGs
[2026-02-01T21:20:43.580+0000] {logging_mixin.py:188} INFO - [2026-02-01T21:20:43.580+0000] {dag.py:3954} INFO - Setting next_dagrun for etl_pipeline_final to 2026-01-31 00:00:00+00:00, run_after=2026-02-01 00:00:00+00:00
[2026-02-01T21:20:43.593+0000] {processor.py:183} INFO - Processing /opt/airflow/dags/etl.py took 0.347 seconds
[2026-02-01T21:21:16.817+0000] {processor.py:161} INFO - Started process (PID=34561) to work on /opt/airflow/dags/etl.py
[2026-02-01T21:21:16.818+0000] {processor.py:830} INFO - Processing file /opt/airflow/dags/etl.py for tasks to queue
[2026-02-01T21:21:16.820+0000] {logging_mixin.py:188} INFO - [2026-02-01T21:21:16.820+0000] {dagbag.py:545} INFO - Filling up the DagBag from /opt/airflow/dags/etl.py
[2026-02-01T21:21:17.304+0000] {processor.py:840} INFO - DAG(s) 'etl_pipeline_final' retrieved from /opt/airflow/dags/etl.py
[2026-02-01T21:21:17.335+0000] {logging_mixin.py:188} INFO - [2026-02-01T21:21:17.334+0000] {dag.py:3096} INFO - Sync 1 DAGs
[2026-02-01T21:21:17.355+0000] {logging_mixin.py:188} INFO - [2026-02-01T21:21:17.354+0000] {dag.py:3954} INFO - Setting next_dagrun for etl_pipeline_final to 2026-01-31 00:00:00+00:00, run_after=2026-02-01 00:00:00+00:00
[2026-02-01T21:21:17.380+0000] {processor.py:183} INFO - Processing /opt/airflow/dags/etl.py took 0.573 seconds
[2026-02-01T21:21:50.519+0000] {processor.py:161} INFO - Started process (PID=34608) to work on /opt/airflow/dags/etl.py
[2026-02-01T21:21:50.522+0000] {processor.py:830} INFO - Processing file /opt/airflow/dags/etl.py for tasks to queue
[2026-02-01T21:21:50.524+0000] {logging_mixin.py:188} INFO - [2026-02-01T21:21:50.524+0000] {dagbag.py:545} INFO - Filling up the DagBag from /opt/airflow/dags/etl.py
[2026-02-01T21:21:50.880+0000] {processor.py:840} INFO - DAG(s) 'etl_pipeline_final' retrieved from /opt/airflow/dags/etl.py
[2026-02-01T21:21:50.897+0000] {logging_mixin.py:188} INFO - [2026-02-01T21:21:50.897+0000] {dag.py:3096} INFO - Sync 1 DAGs
[2026-02-01T21:21:50.915+0000] {logging_mixin.py:188} INFO - [2026-02-01T21:21:50.914+0000] {dag.py:3954} INFO - Setting next_dagrun for etl_pipeline_final to 2026-01-31 00:00:00+00:00, run_after=2026-02-01 00:00:00+00:00
[2026-02-01T21:21:50.932+0000] {processor.py:183} INFO - Processing /opt/airflow/dags/etl.py took 0.418 seconds
[2026-02-01T21:22:23.282+0000] {processor.py:161} INFO - Started process (PID=34655) to work on /opt/airflow/dags/etl.py
[2026-02-01T21:22:23.282+0000] {processor.py:830} INFO - Processing file /opt/airflow/dags/etl.py for tasks to queue
[2026-02-01T21:22:23.284+0000] {logging_mixin.py:188} INFO - [2026-02-01T21:22:23.284+0000] {dagbag.py:545} INFO - Filling up the DagBag from /opt/airflow/dags/etl.py
[2026-02-01T21:22:23.550+0000] {processor.py:840} INFO - DAG(s) 'etl_pipeline_final' retrieved from /opt/airflow/dags/etl.py
[2026-02-01T21:22:23.567+0000] {logging_mixin.py:188} INFO - [2026-02-01T21:22:23.567+0000] {dag.py:3096} INFO - Sync 1 DAGs
[2026-02-01T21:22:23.579+0000] {logging_mixin.py:188} INFO - [2026-02-01T21:22:23.579+0000] {dag.py:3954} INFO - Setting next_dagrun for etl_pipeline_final to 2026-01-31 00:00:00+00:00, run_after=2026-02-01 00:00:00+00:00
[2026-02-01T21:22:23.592+0000] {processor.py:183} INFO - Processing /opt/airflow/dags/etl.py took 0.314 seconds
[2026-02-01T21:22:56.831+0000] {processor.py:161} INFO - Started process (PID=34702) to work on /opt/airflow/dags/etl.py
[2026-02-01T21:22:56.833+0000] {processor.py:830} INFO - Processing file /opt/airflow/dags/etl.py for tasks to queue
[2026-02-01T21:22:56.835+0000] {logging_mixin.py:188} INFO - [2026-02-01T21:22:56.834+0000] {dagbag.py:545} INFO - Filling up the DagBag from /opt/airflow/dags/etl.py
[2026-02-01T21:22:57.138+0000] {processor.py:840} INFO - DAG(s) 'etl_pipeline_final' retrieved from /opt/airflow/dags/etl.py
[2026-02-01T21:22:57.159+0000] {logging_mixin.py:188} INFO - [2026-02-01T21:22:57.158+0000] {dag.py:3096} INFO - Sync 1 DAGs
[2026-02-01T21:22:57.176+0000] {logging_mixin.py:188} INFO - [2026-02-01T21:22:57.176+0000] {dag.py:3954} INFO - Setting next_dagrun for etl_pipeline_final to 2026-01-31 00:00:00+00:00, run_after=2026-02-01 00:00:00+00:00
[2026-02-01T21:22:57.189+0000] {processor.py:183} INFO - Processing /opt/airflow/dags/etl.py took 0.362 seconds
[2026-02-01T21:23:30.329+0000] {processor.py:161} INFO - Started process (PID=34749) to work on /opt/airflow/dags/etl.py
[2026-02-01T21:23:30.330+0000] {processor.py:830} INFO - Processing file /opt/airflow/dags/etl.py for tasks to queue
[2026-02-01T21:23:30.331+0000] {logging_mixin.py:188} INFO - [2026-02-01T21:23:30.331+0000] {dagbag.py:545} INFO - Filling up the DagBag from /opt/airflow/dags/etl.py
[2026-02-01T21:23:30.668+0000] {processor.py:840} INFO - DAG(s) 'etl_pipeline_final' retrieved from /opt/airflow/dags/etl.py
[2026-02-01T21:23:30.693+0000] {logging_mixin.py:188} INFO - [2026-02-01T21:23:30.691+0000] {dag.py:3096} INFO - Sync 1 DAGs
[2026-02-01T21:23:30.709+0000] {logging_mixin.py:188} INFO - [2026-02-01T21:23:30.709+0000] {dag.py:3954} INFO - Setting next_dagrun for etl_pipeline_final to 2026-01-31 00:00:00+00:00, run_after=2026-02-01 00:00:00+00:00
[2026-02-01T21:23:30.727+0000] {processor.py:183} INFO - Processing /opt/airflow/dags/etl.py took 0.402 seconds
[2026-02-01T21:24:03.960+0000] {processor.py:161} INFO - Started process (PID=34796) to work on /opt/airflow/dags/etl.py
[2026-02-01T21:24:03.961+0000] {processor.py:830} INFO - Processing file /opt/airflow/dags/etl.py for tasks to queue
[2026-02-01T21:24:03.962+0000] {logging_mixin.py:188} INFO - [2026-02-01T21:24:03.962+0000] {dagbag.py:545} INFO - Filling up the DagBag from /opt/airflow/dags/etl.py
[2026-02-01T21:24:04.241+0000] {processor.py:840} INFO - DAG(s) 'etl_pipeline_final' retrieved from /opt/airflow/dags/etl.py
[2026-02-01T21:24:04.260+0000] {logging_mixin.py:188} INFO - [2026-02-01T21:24:04.260+0000] {dag.py:3096} INFO - Sync 1 DAGs
[2026-02-01T21:24:04.273+0000] {logging_mixin.py:188} INFO - [2026-02-01T21:24:04.273+0000] {dag.py:3954} INFO - Setting next_dagrun for etl_pipeline_final to 2026-01-31 00:00:00+00:00, run_after=2026-02-01 00:00:00+00:00
[2026-02-01T21:24:04.291+0000] {processor.py:183} INFO - Processing /opt/airflow/dags/etl.py took 0.336 seconds
[2026-02-01T21:24:36.773+0000] {processor.py:161} INFO - Started process (PID=34844) to work on /opt/airflow/dags/etl.py
[2026-02-01T21:24:36.774+0000] {processor.py:830} INFO - Processing file /opt/airflow/dags/etl.py for tasks to queue
[2026-02-01T21:24:36.775+0000] {logging_mixin.py:188} INFO - [2026-02-01T21:24:36.775+0000] {dagbag.py:545} INFO - Filling up the DagBag from /opt/airflow/dags/etl.py
[2026-02-01T21:24:37.042+0000] {processor.py:840} INFO - DAG(s) 'etl_pipeline_final' retrieved from /opt/airflow/dags/etl.py
[2026-02-01T21:24:37.058+0000] {logging_mixin.py:188} INFO - [2026-02-01T21:24:37.058+0000] {dag.py:3096} INFO - Sync 1 DAGs
[2026-02-01T21:24:37.070+0000] {logging_mixin.py:188} INFO - [2026-02-01T21:24:37.069+0000] {dag.py:3954} INFO - Setting next_dagrun for etl_pipeline_final to 2026-01-31 00:00:00+00:00, run_after=2026-02-01 00:00:00+00:00
[2026-02-01T21:24:37.082+0000] {processor.py:183} INFO - Processing /opt/airflow/dags/etl.py took 0.313 seconds
[2026-02-01T21:25:09.911+0000] {processor.py:161} INFO - Started process (PID=34891) to work on /opt/airflow/dags/etl.py
[2026-02-01T21:25:09.914+0000] {processor.py:830} INFO - Processing file /opt/airflow/dags/etl.py for tasks to queue
[2026-02-01T21:25:09.915+0000] {logging_mixin.py:188} INFO - [2026-02-01T21:25:09.915+0000] {dagbag.py:545} INFO - Filling up the DagBag from /opt/airflow/dags/etl.py
[2026-02-01T21:25:10.195+0000] {processor.py:840} INFO - DAG(s) 'etl_pipeline_final' retrieved from /opt/airflow/dags/etl.py
[2026-02-01T21:25:10.213+0000] {logging_mixin.py:188} INFO - [2026-02-01T21:25:10.213+0000] {dag.py:3096} INFO - Sync 1 DAGs
[2026-02-01T21:25:10.228+0000] {logging_mixin.py:188} INFO - [2026-02-01T21:25:10.228+0000] {dag.py:3954} INFO - Setting next_dagrun for etl_pipeline_final to 2026-01-31 00:00:00+00:00, run_after=2026-02-01 00:00:00+00:00
[2026-02-01T21:25:10.242+0000] {processor.py:183} INFO - Processing /opt/airflow/dags/etl.py took 0.335 seconds
[2026-02-01T21:25:43.727+0000] {processor.py:161} INFO - Started process (PID=34938) to work on /opt/airflow/dags/etl.py
[2026-02-01T21:25:43.727+0000] {processor.py:830} INFO - Processing file /opt/airflow/dags/etl.py for tasks to queue
[2026-02-01T21:25:43.728+0000] {logging_mixin.py:188} INFO - [2026-02-01T21:25:43.728+0000] {dagbag.py:545} INFO - Filling up the DagBag from /opt/airflow/dags/etl.py
[2026-02-01T21:25:43.998+0000] {processor.py:840} INFO - DAG(s) 'etl_pipeline_final' retrieved from /opt/airflow/dags/etl.py
[2026-02-01T21:25:44.012+0000] {logging_mixin.py:188} INFO - [2026-02-01T21:25:44.012+0000] {dag.py:3096} INFO - Sync 1 DAGs
[2026-02-01T21:25:44.025+0000] {logging_mixin.py:188} INFO - [2026-02-01T21:25:44.024+0000] {dag.py:3954} INFO - Setting next_dagrun for etl_pipeline_final to 2026-01-31 00:00:00+00:00, run_after=2026-02-01 00:00:00+00:00
[2026-02-01T21:25:44.039+0000] {processor.py:183} INFO - Processing /opt/airflow/dags/etl.py took 0.317 seconds
[2026-02-01T21:26:16.831+0000] {processor.py:161} INFO - Started process (PID=34985) to work on /opt/airflow/dags/etl.py
[2026-02-01T21:26:16.834+0000] {processor.py:830} INFO - Processing file /opt/airflow/dags/etl.py for tasks to queue
[2026-02-01T21:26:16.835+0000] {logging_mixin.py:188} INFO - [2026-02-01T21:26:16.835+0000] {dagbag.py:545} INFO - Filling up the DagBag from /opt/airflow/dags/etl.py
[2026-02-01T21:26:17.126+0000] {processor.py:840} INFO - DAG(s) 'etl_pipeline_final' retrieved from /opt/airflow/dags/etl.py
[2026-02-01T21:26:17.149+0000] {logging_mixin.py:188} INFO - [2026-02-01T21:26:17.148+0000] {dag.py:3096} INFO - Sync 1 DAGs
[2026-02-01T21:26:17.163+0000] {logging_mixin.py:188} INFO - [2026-02-01T21:26:17.163+0000] {dag.py:3954} INFO - Setting next_dagrun for etl_pipeline_final to 2026-01-31 00:00:00+00:00, run_after=2026-02-01 00:00:00+00:00
[2026-02-01T21:26:17.193+0000] {processor.py:183} INFO - Processing /opt/airflow/dags/etl.py took 0.366 seconds
[2026-02-01T21:26:49.999+0000] {processor.py:161} INFO - Started process (PID=35032) to work on /opt/airflow/dags/etl.py
[2026-02-01T21:26:49.999+0000] {processor.py:830} INFO - Processing file /opt/airflow/dags/etl.py for tasks to queue
[2026-02-01T21:26:50.001+0000] {logging_mixin.py:188} INFO - [2026-02-01T21:26:50.000+0000] {dagbag.py:545} INFO - Filling up the DagBag from /opt/airflow/dags/etl.py
[2026-02-01T21:26:50.302+0000] {processor.py:840} INFO - DAG(s) 'etl_pipeline_final' retrieved from /opt/airflow/dags/etl.py
[2026-02-01T21:26:50.323+0000] {logging_mixin.py:188} INFO - [2026-02-01T21:26:50.321+0000] {dag.py:3096} INFO - Sync 1 DAGs
[2026-02-01T21:26:50.339+0000] {logging_mixin.py:188} INFO - [2026-02-01T21:26:50.339+0000] {dag.py:3954} INFO - Setting next_dagrun for etl_pipeline_final to 2026-01-31 00:00:00+00:00, run_after=2026-02-01 00:00:00+00:00
[2026-02-01T21:26:50.358+0000] {processor.py:183} INFO - Processing /opt/airflow/dags/etl.py took 0.364 seconds
[2026-02-01T21:27:23.566+0000] {processor.py:161} INFO - Started process (PID=35079) to work on /opt/airflow/dags/etl.py
[2026-02-01T21:27:23.567+0000] {processor.py:830} INFO - Processing file /opt/airflow/dags/etl.py for tasks to queue
[2026-02-01T21:27:23.570+0000] {logging_mixin.py:188} INFO - [2026-02-01T21:27:23.569+0000] {dagbag.py:545} INFO - Filling up the DagBag from /opt/airflow/dags/etl.py
[2026-02-01T21:27:23.892+0000] {processor.py:840} INFO - DAG(s) 'etl_pipeline_final' retrieved from /opt/airflow/dags/etl.py
[2026-02-01T21:27:23.911+0000] {logging_mixin.py:188} INFO - [2026-02-01T21:27:23.910+0000] {dag.py:3096} INFO - Sync 1 DAGs
[2026-02-01T21:27:23.927+0000] {logging_mixin.py:188} INFO - [2026-02-01T21:27:23.927+0000] {dag.py:3954} INFO - Setting next_dagrun for etl_pipeline_final to 2026-01-31 00:00:00+00:00, run_after=2026-02-01 00:00:00+00:00
[2026-02-01T21:27:23.942+0000] {processor.py:183} INFO - Processing /opt/airflow/dags/etl.py took 0.381 seconds
[2026-02-01T21:27:57.392+0000] {processor.py:161} INFO - Started process (PID=35126) to work on /opt/airflow/dags/etl.py
[2026-02-01T21:27:57.392+0000] {processor.py:830} INFO - Processing file /opt/airflow/dags/etl.py for tasks to queue
[2026-02-01T21:27:57.394+0000] {logging_mixin.py:188} INFO - [2026-02-01T21:27:57.394+0000] {dagbag.py:545} INFO - Filling up the DagBag from /opt/airflow/dags/etl.py
[2026-02-01T21:27:57.792+0000] {processor.py:840} INFO - DAG(s) 'etl_pipeline_final' retrieved from /opt/airflow/dags/etl.py
[2026-02-01T21:27:57.822+0000] {logging_mixin.py:188} INFO - [2026-02-01T21:27:57.822+0000] {dag.py:3096} INFO - Sync 1 DAGs
[2026-02-01T21:27:57.846+0000] {logging_mixin.py:188} INFO - [2026-02-01T21:27:57.846+0000] {dag.py:3954} INFO - Setting next_dagrun for etl_pipeline_final to 2026-01-31 00:00:00+00:00, run_after=2026-02-01 00:00:00+00:00
[2026-02-01T21:27:57.875+0000] {processor.py:183} INFO - Processing /opt/airflow/dags/etl.py took 0.488 seconds
[2026-02-01T21:28:30.171+0000] {processor.py:161} INFO - Started process (PID=35173) to work on /opt/airflow/dags/etl.py
[2026-02-01T21:28:30.172+0000] {processor.py:830} INFO - Processing file /opt/airflow/dags/etl.py for tasks to queue
[2026-02-01T21:28:30.174+0000] {logging_mixin.py:188} INFO - [2026-02-01T21:28:30.174+0000] {dagbag.py:545} INFO - Filling up the DagBag from /opt/airflow/dags/etl.py
[2026-02-01T21:28:30.548+0000] {processor.py:840} INFO - DAG(s) 'etl_pipeline_final' retrieved from /opt/airflow/dags/etl.py
[2026-02-01T21:28:30.580+0000] {logging_mixin.py:188} INFO - [2026-02-01T21:28:30.579+0000] {dag.py:3096} INFO - Sync 1 DAGs
[2026-02-01T21:28:30.603+0000] {logging_mixin.py:188} INFO - [2026-02-01T21:28:30.603+0000] {dag.py:3954} INFO - Setting next_dagrun for etl_pipeline_final to 2026-01-31 00:00:00+00:00, run_after=2026-02-01 00:00:00+00:00
[2026-02-01T21:28:30.627+0000] {processor.py:183} INFO - Processing /opt/airflow/dags/etl.py took 0.462 seconds
[2026-02-01T21:29:03.890+0000] {processor.py:161} INFO - Started process (PID=35216) to work on /opt/airflow/dags/etl.py
[2026-02-01T21:29:03.890+0000] {processor.py:830} INFO - Processing file /opt/airflow/dags/etl.py for tasks to queue
[2026-02-01T21:29:03.893+0000] {logging_mixin.py:188} INFO - [2026-02-01T21:29:03.892+0000] {dagbag.py:545} INFO - Filling up the DagBag from /opt/airflow/dags/etl.py
[2026-02-01T21:29:04.370+0000] {processor.py:840} INFO - DAG(s) 'etl_pipeline_final' retrieved from /opt/airflow/dags/etl.py
[2026-02-01T21:29:04.400+0000] {logging_mixin.py:188} INFO - [2026-02-01T21:29:04.400+0000] {dag.py:3096} INFO - Sync 1 DAGs
[2026-02-01T21:29:04.421+0000] {logging_mixin.py:188} INFO - [2026-02-01T21:29:04.421+0000] {dag.py:3954} INFO - Setting next_dagrun for etl_pipeline_final to 2026-01-31 00:00:00+00:00, run_after=2026-02-01 00:00:00+00:00
[2026-02-01T21:29:04.451+0000] {processor.py:183} INFO - Processing /opt/airflow/dags/etl.py took 0.567 seconds
[2026-02-01T21:29:37.151+0000] {processor.py:161} INFO - Started process (PID=35249) to work on /opt/airflow/dags/etl.py
[2026-02-01T21:29:37.153+0000] {processor.py:830} INFO - Processing file /opt/airflow/dags/etl.py for tasks to queue
[2026-02-01T21:29:37.155+0000] {logging_mixin.py:188} INFO - [2026-02-01T21:29:37.155+0000] {dagbag.py:545} INFO - Filling up the DagBag from /opt/airflow/dags/etl.py
[2026-02-01T21:29:37.646+0000] {processor.py:840} INFO - DAG(s) 'etl_pipeline_final' retrieved from /opt/airflow/dags/etl.py
[2026-02-01T21:29:37.682+0000] {logging_mixin.py:188} INFO - [2026-02-01T21:29:37.681+0000] {dag.py:3096} INFO - Sync 1 DAGs
[2026-02-01T21:29:37.709+0000] {logging_mixin.py:188} INFO - [2026-02-01T21:29:37.708+0000] {dag.py:3954} INFO - Setting next_dagrun for etl_pipeline_final to 2026-01-31 00:00:00+00:00, run_after=2026-02-01 00:00:00+00:00
[2026-02-01T21:29:37.739+0000] {processor.py:183} INFO - Processing /opt/airflow/dags/etl.py took 0.596 seconds
[2026-02-01T21:30:10.075+0000] {processor.py:161} INFO - Started process (PID=35293) to work on /opt/airflow/dags/etl.py
[2026-02-01T21:30:10.077+0000] {processor.py:830} INFO - Processing file /opt/airflow/dags/etl.py for tasks to queue
[2026-02-01T21:30:10.079+0000] {logging_mixin.py:188} INFO - [2026-02-01T21:30:10.079+0000] {dagbag.py:545} INFO - Filling up the DagBag from /opt/airflow/dags/etl.py
[2026-02-01T21:30:10.462+0000] {processor.py:840} INFO - DAG(s) 'etl_pipeline_final' retrieved from /opt/airflow/dags/etl.py
[2026-02-01T21:30:10.487+0000] {logging_mixin.py:188} INFO - [2026-02-01T21:30:10.486+0000] {dag.py:3096} INFO - Sync 1 DAGs
[2026-02-01T21:30:10.506+0000] {logging_mixin.py:188} INFO - [2026-02-01T21:30:10.505+0000] {dag.py:3954} INFO - Setting next_dagrun for etl_pipeline_final to 2026-01-31 00:00:00+00:00, run_after=2026-02-01 00:00:00+00:00
[2026-02-01T21:30:10.523+0000] {processor.py:183} INFO - Processing /opt/airflow/dags/etl.py took 0.455 seconds
[2026-02-01T21:30:43.392+0000] {processor.py:161} INFO - Started process (PID=35340) to work on /opt/airflow/dags/etl.py
[2026-02-01T21:30:43.394+0000] {processor.py:830} INFO - Processing file /opt/airflow/dags/etl.py for tasks to queue
[2026-02-01T21:30:43.396+0000] {logging_mixin.py:188} INFO - [2026-02-01T21:30:43.396+0000] {dagbag.py:545} INFO - Filling up the DagBag from /opt/airflow/dags/etl.py
[2026-02-01T21:30:43.784+0000] {processor.py:840} INFO - DAG(s) 'etl_pipeline_final' retrieved from /opt/airflow/dags/etl.py
[2026-02-01T21:30:43.808+0000] {logging_mixin.py:188} INFO - [2026-02-01T21:30:43.808+0000] {dag.py:3096} INFO - Sync 1 DAGs
[2026-02-01T21:30:43.827+0000] {logging_mixin.py:188} INFO - [2026-02-01T21:30:43.827+0000] {dag.py:3954} INFO - Setting next_dagrun for etl_pipeline_final to 2026-01-31 00:00:00+00:00, run_after=2026-02-01 00:00:00+00:00
[2026-02-01T21:30:43.848+0000] {processor.py:183} INFO - Processing /opt/airflow/dags/etl.py took 0.461 seconds
[2026-02-01T21:31:16.759+0000] {processor.py:161} INFO - Started process (PID=35387) to work on /opt/airflow/dags/etl.py
[2026-02-01T21:31:16.760+0000] {processor.py:830} INFO - Processing file /opt/airflow/dags/etl.py for tasks to queue
[2026-02-01T21:31:16.762+0000] {logging_mixin.py:188} INFO - [2026-02-01T21:31:16.762+0000] {dagbag.py:545} INFO - Filling up the DagBag from /opt/airflow/dags/etl.py
[2026-02-01T21:31:17.188+0000] {processor.py:840} INFO - DAG(s) 'etl_pipeline_final' retrieved from /opt/airflow/dags/etl.py
[2026-02-01T21:31:17.217+0000] {logging_mixin.py:188} INFO - [2026-02-01T21:31:17.217+0000] {dag.py:3096} INFO - Sync 1 DAGs
[2026-02-01T21:31:17.238+0000] {logging_mixin.py:188} INFO - [2026-02-01T21:31:17.237+0000] {dag.py:3954} INFO - Setting next_dagrun for etl_pipeline_final to 2026-01-31 00:00:00+00:00, run_after=2026-02-01 00:00:00+00:00
[2026-02-01T21:31:17.259+0000] {processor.py:183} INFO - Processing /opt/airflow/dags/etl.py took 0.506 seconds
[2026-02-01T21:31:50.188+0000] {processor.py:161} INFO - Started process (PID=35434) to work on /opt/airflow/dags/etl.py
[2026-02-01T21:31:50.189+0000] {processor.py:830} INFO - Processing file /opt/airflow/dags/etl.py for tasks to queue
[2026-02-01T21:31:50.190+0000] {logging_mixin.py:188} INFO - [2026-02-01T21:31:50.190+0000] {dagbag.py:545} INFO - Filling up the DagBag from /opt/airflow/dags/etl.py
[2026-02-01T21:31:50.568+0000] {processor.py:840} INFO - DAG(s) 'etl_pipeline_final' retrieved from /opt/airflow/dags/etl.py
[2026-02-01T21:31:50.591+0000] {logging_mixin.py:188} INFO - [2026-02-01T21:31:50.590+0000] {dag.py:3096} INFO - Sync 1 DAGs
[2026-02-01T21:31:50.609+0000] {logging_mixin.py:188} INFO - [2026-02-01T21:31:50.609+0000] {dag.py:3954} INFO - Setting next_dagrun for etl_pipeline_final to 2026-01-31 00:00:00+00:00, run_after=2026-02-01 00:00:00+00:00
[2026-02-01T21:31:50.632+0000] {processor.py:183} INFO - Processing /opt/airflow/dags/etl.py took 0.450 seconds
[2026-02-01T21:32:23.805+0000] {processor.py:161} INFO - Started process (PID=35481) to work on /opt/airflow/dags/etl.py
[2026-02-01T21:32:23.806+0000] {processor.py:830} INFO - Processing file /opt/airflow/dags/etl.py for tasks to queue
[2026-02-01T21:32:23.808+0000] {logging_mixin.py:188} INFO - [2026-02-01T21:32:23.808+0000] {dagbag.py:545} INFO - Filling up the DagBag from /opt/airflow/dags/etl.py
[2026-02-01T21:32:24.235+0000] {processor.py:840} INFO - DAG(s) 'etl_pipeline_final' retrieved from /opt/airflow/dags/etl.py
[2026-02-01T21:32:24.260+0000] {logging_mixin.py:188} INFO - [2026-02-01T21:32:24.260+0000] {dag.py:3096} INFO - Sync 1 DAGs
[2026-02-01T21:32:24.281+0000] {logging_mixin.py:188} INFO - [2026-02-01T21:32:24.281+0000] {dag.py:3954} INFO - Setting next_dagrun for etl_pipeline_final to 2026-01-31 00:00:00+00:00, run_after=2026-02-01 00:00:00+00:00
[2026-02-01T21:32:24.306+0000] {processor.py:183} INFO - Processing /opt/airflow/dags/etl.py took 0.507 seconds
[2026-02-01T21:32:57.186+0000] {processor.py:161} INFO - Started process (PID=35528) to work on /opt/airflow/dags/etl.py
[2026-02-01T21:32:57.188+0000] {processor.py:830} INFO - Processing file /opt/airflow/dags/etl.py for tasks to queue
[2026-02-01T21:32:57.189+0000] {logging_mixin.py:188} INFO - [2026-02-01T21:32:57.189+0000] {dagbag.py:545} INFO - Filling up the DagBag from /opt/airflow/dags/etl.py
[2026-02-01T21:32:57.506+0000] {processor.py:840} INFO - DAG(s) 'etl_pipeline_final' retrieved from /opt/airflow/dags/etl.py
[2026-02-01T21:32:57.528+0000] {logging_mixin.py:188} INFO - [2026-02-01T21:32:57.528+0000] {dag.py:3096} INFO - Sync 1 DAGs
[2026-02-01T21:32:57.545+0000] {logging_mixin.py:188} INFO - [2026-02-01T21:32:57.545+0000] {dag.py:3954} INFO - Setting next_dagrun for etl_pipeline_final to 2026-01-31 00:00:00+00:00, run_after=2026-02-01 00:00:00+00:00
[2026-02-01T21:32:57.561+0000] {processor.py:183} INFO - Processing /opt/airflow/dags/etl.py took 0.379 seconds
[2026-02-01T21:33:30.439+0000] {processor.py:161} INFO - Started process (PID=35574) to work on /opt/airflow/dags/etl.py
[2026-02-01T21:33:30.439+0000] {processor.py:830} INFO - Processing file /opt/airflow/dags/etl.py for tasks to queue
[2026-02-01T21:33:30.440+0000] {logging_mixin.py:188} INFO - [2026-02-01T21:33:30.440+0000] {dagbag.py:545} INFO - Filling up the DagBag from /opt/airflow/dags/etl.py
[2026-02-01T21:33:30.754+0000] {processor.py:840} INFO - DAG(s) 'etl_pipeline_final' retrieved from /opt/airflow/dags/etl.py
[2026-02-01T21:33:30.782+0000] {logging_mixin.py:188} INFO - [2026-02-01T21:33:30.780+0000] {dag.py:3096} INFO - Sync 1 DAGs
[2026-02-01T21:33:30.802+0000] {logging_mixin.py:188} INFO - [2026-02-01T21:33:30.802+0000] {dag.py:3954} INFO - Setting next_dagrun for etl_pipeline_final to 2026-01-31 00:00:00+00:00, run_after=2026-02-01 00:00:00+00:00
[2026-02-01T21:33:30.819+0000] {processor.py:183} INFO - Processing /opt/airflow/dags/etl.py took 0.384 seconds
[2026-02-01T21:34:03.690+0000] {processor.py:161} INFO - Started process (PID=35621) to work on /opt/airflow/dags/etl.py
[2026-02-01T21:34:03.691+0000] {processor.py:830} INFO - Processing file /opt/airflow/dags/etl.py for tasks to queue
[2026-02-01T21:34:03.693+0000] {logging_mixin.py:188} INFO - [2026-02-01T21:34:03.692+0000] {dagbag.py:545} INFO - Filling up the DagBag from /opt/airflow/dags/etl.py
[2026-02-01T21:34:03.969+0000] {processor.py:840} INFO - DAG(s) 'etl_pipeline_final' retrieved from /opt/airflow/dags/etl.py
[2026-02-01T21:34:03.989+0000] {logging_mixin.py:188} INFO - [2026-02-01T21:34:03.988+0000] {dag.py:3096} INFO - Sync 1 DAGs
[2026-02-01T21:34:04.001+0000] {logging_mixin.py:188} INFO - [2026-02-01T21:34:04.001+0000] {dag.py:3954} INFO - Setting next_dagrun for etl_pipeline_final to 2026-01-31 00:00:00+00:00, run_after=2026-02-01 00:00:00+00:00
[2026-02-01T21:34:04.016+0000] {processor.py:183} INFO - Processing /opt/airflow/dags/etl.py took 0.331 seconds
[2026-02-01T21:34:37.306+0000] {processor.py:161} INFO - Started process (PID=35668) to work on /opt/airflow/dags/etl.py
[2026-02-01T21:34:37.306+0000] {processor.py:830} INFO - Processing file /opt/airflow/dags/etl.py for tasks to queue
[2026-02-01T21:34:37.308+0000] {logging_mixin.py:188} INFO - [2026-02-01T21:34:37.307+0000] {dagbag.py:545} INFO - Filling up the DagBag from /opt/airflow/dags/etl.py
[2026-02-01T21:34:37.596+0000] {processor.py:840} INFO - DAG(s) 'etl_pipeline_final' retrieved from /opt/airflow/dags/etl.py
[2026-02-01T21:34:37.616+0000] {logging_mixin.py:188} INFO - [2026-02-01T21:34:37.615+0000] {dag.py:3096} INFO - Sync 1 DAGs
[2026-02-01T21:34:37.629+0000] {logging_mixin.py:188} INFO - [2026-02-01T21:34:37.629+0000] {dag.py:3954} INFO - Setting next_dagrun for etl_pipeline_final to 2026-01-31 00:00:00+00:00, run_after=2026-02-01 00:00:00+00:00
[2026-02-01T21:34:37.645+0000] {processor.py:183} INFO - Processing /opt/airflow/dags/etl.py took 0.343 seconds
[2026-02-01T21:35:10.167+0000] {processor.py:161} INFO - Started process (PID=35715) to work on /opt/airflow/dags/etl.py
[2026-02-01T21:35:10.169+0000] {processor.py:830} INFO - Processing file /opt/airflow/dags/etl.py for tasks to queue
[2026-02-01T21:35:10.171+0000] {logging_mixin.py:188} INFO - [2026-02-01T21:35:10.171+0000] {dagbag.py:545} INFO - Filling up the DagBag from /opt/airflow/dags/etl.py
[2026-02-01T21:35:10.631+0000] {processor.py:840} INFO - DAG(s) 'etl_pipeline_final' retrieved from /opt/airflow/dags/etl.py
[2026-02-01T21:35:10.662+0000] {logging_mixin.py:188} INFO - [2026-02-01T21:35:10.661+0000] {dag.py:3096} INFO - Sync 1 DAGs
[2026-02-01T21:35:10.688+0000] {logging_mixin.py:188} INFO - [2026-02-01T21:35:10.687+0000] {dag.py:3954} INFO - Setting next_dagrun for etl_pipeline_final to 2026-01-31 00:00:00+00:00, run_after=2026-02-01 00:00:00+00:00
[2026-02-01T21:35:10.711+0000] {processor.py:183} INFO - Processing /opt/airflow/dags/etl.py took 0.551 seconds
[2026-02-01T21:35:43.605+0000] {processor.py:161} INFO - Started process (PID=35765) to work on /opt/airflow/dags/etl.py
[2026-02-01T21:35:43.605+0000] {processor.py:830} INFO - Processing file /opt/airflow/dags/etl.py for tasks to queue
[2026-02-01T21:35:43.607+0000] {logging_mixin.py:188} INFO - [2026-02-01T21:35:43.607+0000] {dagbag.py:545} INFO - Filling up the DagBag from /opt/airflow/dags/etl.py
[2026-02-01T21:35:43.971+0000] {processor.py:840} INFO - DAG(s) 'etl_pipeline_final' retrieved from /opt/airflow/dags/etl.py
[2026-02-01T21:35:43.995+0000] {logging_mixin.py:188} INFO - [2026-02-01T21:35:43.994+0000] {dag.py:3096} INFO - Sync 1 DAGs
[2026-02-01T21:35:44.016+0000] {logging_mixin.py:188} INFO - [2026-02-01T21:35:44.015+0000] {dag.py:3954} INFO - Setting next_dagrun for etl_pipeline_final to 2026-01-31 00:00:00+00:00, run_after=2026-02-01 00:00:00+00:00
[2026-02-01T21:35:44.043+0000] {processor.py:183} INFO - Processing /opt/airflow/dags/etl.py took 0.443 seconds
[2026-02-01T21:36:16.948+0000] {processor.py:161} INFO - Started process (PID=35812) to work on /opt/airflow/dags/etl.py
[2026-02-01T21:36:16.950+0000] {processor.py:830} INFO - Processing file /opt/airflow/dags/etl.py for tasks to queue
[2026-02-01T21:36:16.953+0000] {logging_mixin.py:188} INFO - [2026-02-01T21:36:16.952+0000] {dagbag.py:545} INFO - Filling up the DagBag from /opt/airflow/dags/etl.py
[2026-02-01T21:36:17.509+0000] {processor.py:840} INFO - DAG(s) 'etl_pipeline_final' retrieved from /opt/airflow/dags/etl.py
[2026-02-01T21:36:17.545+0000] {logging_mixin.py:188} INFO - [2026-02-01T21:36:17.544+0000] {dag.py:3096} INFO - Sync 1 DAGs
[2026-02-01T21:36:17.572+0000] {logging_mixin.py:188} INFO - [2026-02-01T21:36:17.571+0000] {dag.py:3954} INFO - Setting next_dagrun for etl_pipeline_final to 2026-01-31 00:00:00+00:00, run_after=2026-02-01 00:00:00+00:00
[2026-02-01T21:36:17.604+0000] {processor.py:183} INFO - Processing /opt/airflow/dags/etl.py took 0.662 seconds
[2026-02-01T21:36:50.934+0000] {processor.py:161} INFO - Started process (PID=35859) to work on /opt/airflow/dags/etl.py
[2026-02-01T21:36:50.935+0000] {processor.py:830} INFO - Processing file /opt/airflow/dags/etl.py for tasks to queue
[2026-02-01T21:36:50.936+0000] {logging_mixin.py:188} INFO - [2026-02-01T21:36:50.936+0000] {dagbag.py:545} INFO - Filling up the DagBag from /opt/airflow/dags/etl.py
[2026-02-01T21:36:51.262+0000] {processor.py:840} INFO - DAG(s) 'etl_pipeline_final' retrieved from /opt/airflow/dags/etl.py
[2026-02-01T21:36:51.280+0000] {logging_mixin.py:188} INFO - [2026-02-01T21:36:51.280+0000] {dag.py:3096} INFO - Sync 1 DAGs
[2026-02-01T21:36:51.294+0000] {logging_mixin.py:188} INFO - [2026-02-01T21:36:51.294+0000] {dag.py:3954} INFO - Setting next_dagrun for etl_pipeline_final to 2026-01-31 00:00:00+00:00, run_after=2026-02-01 00:00:00+00:00
[2026-02-01T21:36:51.316+0000] {processor.py:183} INFO - Processing /opt/airflow/dags/etl.py took 0.387 seconds
[2026-02-01T21:37:23.884+0000] {processor.py:161} INFO - Started process (PID=35907) to work on /opt/airflow/dags/etl.py
[2026-02-01T21:37:23.886+0000] {processor.py:830} INFO - Processing file /opt/airflow/dags/etl.py for tasks to queue
[2026-02-01T21:37:23.887+0000] {logging_mixin.py:188} INFO - [2026-02-01T21:37:23.887+0000] {dagbag.py:545} INFO - Filling up the DagBag from /opt/airflow/dags/etl.py
[2026-02-01T21:37:24.239+0000] {processor.py:840} INFO - DAG(s) 'etl_pipeline_final' retrieved from /opt/airflow/dags/etl.py
[2026-02-01T21:37:24.274+0000] {logging_mixin.py:188} INFO - [2026-02-01T21:37:24.273+0000] {dag.py:3096} INFO - Sync 1 DAGs
[2026-02-01T21:37:24.294+0000] {logging_mixin.py:188} INFO - [2026-02-01T21:37:24.294+0000] {dag.py:3954} INFO - Setting next_dagrun for etl_pipeline_final to 2026-01-31 00:00:00+00:00, run_after=2026-02-01 00:00:00+00:00
[2026-02-01T21:37:24.316+0000] {processor.py:183} INFO - Processing /opt/airflow/dags/etl.py took 0.436 seconds
[2026-02-01T21:37:56.991+0000] {processor.py:161} INFO - Started process (PID=35954) to work on /opt/airflow/dags/etl.py
[2026-02-01T21:37:56.992+0000] {processor.py:830} INFO - Processing file /opt/airflow/dags/etl.py for tasks to queue
[2026-02-01T21:37:56.993+0000] {logging_mixin.py:188} INFO - [2026-02-01T21:37:56.993+0000] {dagbag.py:545} INFO - Filling up the DagBag from /opt/airflow/dags/etl.py
[2026-02-01T21:37:57.307+0000] {processor.py:840} INFO - DAG(s) 'etl_pipeline_final' retrieved from /opt/airflow/dags/etl.py
[2026-02-01T21:37:57.327+0000] {logging_mixin.py:188} INFO - [2026-02-01T21:37:57.326+0000] {dag.py:3096} INFO - Sync 1 DAGs
[2026-02-01T21:37:57.339+0000] {logging_mixin.py:188} INFO - [2026-02-01T21:37:57.339+0000] {dag.py:3954} INFO - Setting next_dagrun for etl_pipeline_final to 2026-01-31 00:00:00+00:00, run_after=2026-02-01 00:00:00+00:00
[2026-02-01T21:37:57.354+0000] {processor.py:183} INFO - Processing /opt/airflow/dags/etl.py took 0.368 seconds
[2026-02-01T21:38:30.523+0000] {processor.py:161} INFO - Started process (PID=36000) to work on /opt/airflow/dags/etl.py
[2026-02-01T21:38:30.526+0000] {processor.py:830} INFO - Processing file /opt/airflow/dags/etl.py for tasks to queue
[2026-02-01T21:38:30.527+0000] {logging_mixin.py:188} INFO - [2026-02-01T21:38:30.527+0000] {dagbag.py:545} INFO - Filling up the DagBag from /opt/airflow/dags/etl.py
[2026-02-01T21:38:30.938+0000] {processor.py:840} INFO - DAG(s) 'etl_pipeline_final' retrieved from /opt/airflow/dags/etl.py
[2026-02-01T21:38:30.962+0000] {logging_mixin.py:188} INFO - [2026-02-01T21:38:30.962+0000] {dag.py:3096} INFO - Sync 1 DAGs
[2026-02-01T21:38:30.983+0000] {logging_mixin.py:188} INFO - [2026-02-01T21:38:30.982+0000] {dag.py:3954} INFO - Setting next_dagrun for etl_pipeline_final to 2026-01-31 00:00:00+00:00, run_after=2026-02-01 00:00:00+00:00
[2026-02-01T21:38:31.006+0000] {processor.py:183} INFO - Processing /opt/airflow/dags/etl.py took 0.489 seconds
[2026-02-01T21:39:04.029+0000] {processor.py:161} INFO - Started process (PID=36048) to work on /opt/airflow/dags/etl.py
[2026-02-01T21:39:04.029+0000] {processor.py:830} INFO - Processing file /opt/airflow/dags/etl.py for tasks to queue
[2026-02-01T21:39:04.031+0000] {logging_mixin.py:188} INFO - [2026-02-01T21:39:04.030+0000] {dagbag.py:545} INFO - Filling up the DagBag from /opt/airflow/dags/etl.py
[2026-02-01T21:39:04.332+0000] {processor.py:840} INFO - DAG(s) 'etl_pipeline_final' retrieved from /opt/airflow/dags/etl.py
[2026-02-01T21:39:04.352+0000] {logging_mixin.py:188} INFO - [2026-02-01T21:39:04.351+0000] {dag.py:3096} INFO - Sync 1 DAGs
[2026-02-01T21:39:04.367+0000] {logging_mixin.py:188} INFO - [2026-02-01T21:39:04.367+0000] {dag.py:3954} INFO - Setting next_dagrun for etl_pipeline_final to 2026-01-31 00:00:00+00:00, run_after=2026-02-01 00:00:00+00:00
[2026-02-01T21:39:04.384+0000] {processor.py:183} INFO - Processing /opt/airflow/dags/etl.py took 0.360 seconds
[2026-02-01T21:39:37.434+0000] {processor.py:161} INFO - Started process (PID=36095) to work on /opt/airflow/dags/etl.py
[2026-02-01T21:39:37.436+0000] {processor.py:830} INFO - Processing file /opt/airflow/dags/etl.py for tasks to queue
[2026-02-01T21:39:37.437+0000] {logging_mixin.py:188} INFO - [2026-02-01T21:39:37.437+0000] {dagbag.py:545} INFO - Filling up the DagBag from /opt/airflow/dags/etl.py
[2026-02-01T21:39:37.756+0000] {processor.py:840} INFO - DAG(s) 'etl_pipeline_final' retrieved from /opt/airflow/dags/etl.py
[2026-02-01T21:39:37.774+0000] {logging_mixin.py:188} INFO - [2026-02-01T21:39:37.774+0000] {dag.py:3096} INFO - Sync 1 DAGs
[2026-02-01T21:39:37.787+0000] {logging_mixin.py:188} INFO - [2026-02-01T21:39:37.787+0000] {dag.py:3954} INFO - Setting next_dagrun for etl_pipeline_final to 2026-01-31 00:00:00+00:00, run_after=2026-02-01 00:00:00+00:00
[2026-02-01T21:39:37.803+0000] {processor.py:183} INFO - Processing /opt/airflow/dags/etl.py took 0.373 seconds
[2026-02-01T21:40:10.308+0000] {processor.py:161} INFO - Started process (PID=36142) to work on /opt/airflow/dags/etl.py
[2026-02-01T21:40:10.308+0000] {processor.py:830} INFO - Processing file /opt/airflow/dags/etl.py for tasks to queue
[2026-02-01T21:40:10.310+0000] {logging_mixin.py:188} INFO - [2026-02-01T21:40:10.310+0000] {dagbag.py:545} INFO - Filling up the DagBag from /opt/airflow/dags/etl.py
[2026-02-01T21:40:10.604+0000] {processor.py:840} INFO - DAG(s) 'etl_pipeline_final' retrieved from /opt/airflow/dags/etl.py
[2026-02-01T21:40:10.623+0000] {logging_mixin.py:188} INFO - [2026-02-01T21:40:10.623+0000] {dag.py:3096} INFO - Sync 1 DAGs
[2026-02-01T21:40:10.636+0000] {logging_mixin.py:188} INFO - [2026-02-01T21:40:10.636+0000] {dag.py:3954} INFO - Setting next_dagrun for etl_pipeline_final to 2026-01-31 00:00:00+00:00, run_after=2026-02-01 00:00:00+00:00
[2026-02-01T21:40:10.653+0000] {processor.py:183} INFO - Processing /opt/airflow/dags/etl.py took 0.350 seconds
[2026-02-01T21:40:43.676+0000] {processor.py:161} INFO - Started process (PID=36189) to work on /opt/airflow/dags/etl.py
[2026-02-01T21:40:43.677+0000] {processor.py:830} INFO - Processing file /opt/airflow/dags/etl.py for tasks to queue
[2026-02-01T21:40:43.679+0000] {logging_mixin.py:188} INFO - [2026-02-01T21:40:43.679+0000] {dagbag.py:545} INFO - Filling up the DagBag from /opt/airflow/dags/etl.py
[2026-02-01T21:40:44.022+0000] {processor.py:840} INFO - DAG(s) 'etl_pipeline_final' retrieved from /opt/airflow/dags/etl.py
[2026-02-01T21:40:44.044+0000] {logging_mixin.py:188} INFO - [2026-02-01T21:40:44.043+0000] {dag.py:3096} INFO - Sync 1 DAGs
[2026-02-01T21:40:44.062+0000] {logging_mixin.py:188} INFO - [2026-02-01T21:40:44.062+0000] {dag.py:3954} INFO - Setting next_dagrun for etl_pipeline_final to 2026-01-31 00:00:00+00:00, run_after=2026-02-01 00:00:00+00:00
[2026-02-01T21:40:44.082+0000] {processor.py:183} INFO - Processing /opt/airflow/dags/etl.py took 0.411 seconds
[2026-02-01T21:41:17.248+0000] {processor.py:161} INFO - Started process (PID=36236) to work on /opt/airflow/dags/etl.py
[2026-02-01T21:41:17.249+0000] {processor.py:830} INFO - Processing file /opt/airflow/dags/etl.py for tasks to queue
[2026-02-01T21:41:17.250+0000] {logging_mixin.py:188} INFO - [2026-02-01T21:41:17.250+0000] {dagbag.py:545} INFO - Filling up the DagBag from /opt/airflow/dags/etl.py
[2026-02-01T21:41:17.620+0000] {processor.py:840} INFO - DAG(s) 'etl_pipeline_final' retrieved from /opt/airflow/dags/etl.py
[2026-02-01T21:41:17.649+0000] {logging_mixin.py:188} INFO - [2026-02-01T21:41:17.648+0000] {dag.py:3096} INFO - Sync 1 DAGs
[2026-02-01T21:41:17.667+0000] {logging_mixin.py:188} INFO - [2026-02-01T21:41:17.667+0000] {dag.py:3954} INFO - Setting next_dagrun for etl_pipeline_final to 2026-01-31 00:00:00+00:00, run_after=2026-02-01 00:00:00+00:00
[2026-02-01T21:41:17.687+0000] {processor.py:183} INFO - Processing /opt/airflow/dags/etl.py took 0.444 seconds
[2026-02-01T21:41:50.634+0000] {processor.py:161} INFO - Started process (PID=36283) to work on /opt/airflow/dags/etl.py
[2026-02-01T21:41:50.635+0000] {processor.py:830} INFO - Processing file /opt/airflow/dags/etl.py for tasks to queue
[2026-02-01T21:41:50.637+0000] {logging_mixin.py:188} INFO - [2026-02-01T21:41:50.637+0000] {dagbag.py:545} INFO - Filling up the DagBag from /opt/airflow/dags/etl.py
[2026-02-01T21:41:50.948+0000] {processor.py:840} INFO - DAG(s) 'etl_pipeline_final' retrieved from /opt/airflow/dags/etl.py
[2026-02-01T21:41:50.968+0000] {logging_mixin.py:188} INFO - [2026-02-01T21:41:50.967+0000] {dag.py:3096} INFO - Sync 1 DAGs
[2026-02-01T21:41:50.983+0000] {logging_mixin.py:188} INFO - [2026-02-01T21:41:50.983+0000] {dag.py:3954} INFO - Setting next_dagrun for etl_pipeline_final to 2026-01-31 00:00:00+00:00, run_after=2026-02-01 00:00:00+00:00
[2026-02-01T21:41:51.002+0000] {processor.py:183} INFO - Processing /opt/airflow/dags/etl.py took 0.372 seconds
[2026-02-01T21:42:23.959+0000] {processor.py:161} INFO - Started process (PID=36330) to work on /opt/airflow/dags/etl.py
[2026-02-01T21:42:23.960+0000] {processor.py:830} INFO - Processing file /opt/airflow/dags/etl.py for tasks to queue
[2026-02-01T21:42:23.961+0000] {logging_mixin.py:188} INFO - [2026-02-01T21:42:23.961+0000] {dagbag.py:545} INFO - Filling up the DagBag from /opt/airflow/dags/etl.py
[2026-02-01T21:42:24.315+0000] {processor.py:840} INFO - DAG(s) 'etl_pipeline_final' retrieved from /opt/airflow/dags/etl.py
[2026-02-01T21:42:24.343+0000] {logging_mixin.py:188} INFO - [2026-02-01T21:42:24.343+0000] {dag.py:3096} INFO - Sync 1 DAGs
[2026-02-01T21:42:24.361+0000] {logging_mixin.py:188} INFO - [2026-02-01T21:42:24.361+0000] {dag.py:3954} INFO - Setting next_dagrun for etl_pipeline_final to 2026-01-31 00:00:00+00:00, run_after=2026-02-01 00:00:00+00:00
[2026-02-01T21:42:24.380+0000] {processor.py:183} INFO - Processing /opt/airflow/dags/etl.py took 0.426 seconds
[2026-02-01T21:42:56.999+0000] {processor.py:161} INFO - Started process (PID=36377) to work on /opt/airflow/dags/etl.py
[2026-02-01T21:42:57.001+0000] {processor.py:830} INFO - Processing file /opt/airflow/dags/etl.py for tasks to queue
[2026-02-01T21:42:57.003+0000] {logging_mixin.py:188} INFO - [2026-02-01T21:42:57.003+0000] {dagbag.py:545} INFO - Filling up the DagBag from /opt/airflow/dags/etl.py
[2026-02-01T21:42:57.520+0000] {processor.py:840} INFO - DAG(s) 'etl_pipeline_final' retrieved from /opt/airflow/dags/etl.py
[2026-02-01T21:42:57.560+0000] {logging_mixin.py:188} INFO - [2026-02-01T21:42:57.559+0000] {dag.py:3096} INFO - Sync 1 DAGs
[2026-02-01T21:42:57.589+0000] {logging_mixin.py:188} INFO - [2026-02-01T21:42:57.588+0000] {dag.py:3954} INFO - Setting next_dagrun for etl_pipeline_final to 2026-01-31 00:00:00+00:00, run_after=2026-02-01 00:00:00+00:00
[2026-02-01T21:42:57.620+0000] {processor.py:183} INFO - Processing /opt/airflow/dags/etl.py took 0.627 seconds
[2026-02-01T21:43:31.160+0000] {processor.py:161} INFO - Started process (PID=36424) to work on /opt/airflow/dags/etl.py
[2026-02-01T21:43:31.161+0000] {processor.py:830} INFO - Processing file /opt/airflow/dags/etl.py for tasks to queue
[2026-02-01T21:43:31.162+0000] {logging_mixin.py:188} INFO - [2026-02-01T21:43:31.162+0000] {dagbag.py:545} INFO - Filling up the DagBag from /opt/airflow/dags/etl.py
[2026-02-01T21:43:31.630+0000] {processor.py:840} INFO - DAG(s) 'etl_pipeline_final' retrieved from /opt/airflow/dags/etl.py
[2026-02-01T21:43:31.669+0000] {logging_mixin.py:188} INFO - [2026-02-01T21:43:31.668+0000] {dag.py:3096} INFO - Sync 1 DAGs
[2026-02-01T21:43:31.693+0000] {logging_mixin.py:188} INFO - [2026-02-01T21:43:31.693+0000] {dag.py:3954} INFO - Setting next_dagrun for etl_pipeline_final to 2026-01-31 00:00:00+00:00, run_after=2026-02-01 00:00:00+00:00
[2026-02-01T21:43:31.720+0000] {processor.py:183} INFO - Processing /opt/airflow/dags/etl.py took 0.565 seconds
[2026-02-01T21:44:04.515+0000] {processor.py:161} INFO - Started process (PID=36472) to work on /opt/airflow/dags/etl.py
[2026-02-01T21:44:04.517+0000] {processor.py:830} INFO - Processing file /opt/airflow/dags/etl.py for tasks to queue
[2026-02-01T21:44:04.518+0000] {logging_mixin.py:188} INFO - [2026-02-01T21:44:04.518+0000] {dagbag.py:545} INFO - Filling up the DagBag from /opt/airflow/dags/etl.py
[2026-02-01T21:44:04.859+0000] {processor.py:840} INFO - DAG(s) 'etl_pipeline_final' retrieved from /opt/airflow/dags/etl.py
[2026-02-01T21:44:04.894+0000] {logging_mixin.py:188} INFO - [2026-02-01T21:44:04.893+0000] {dag.py:3096} INFO - Sync 1 DAGs
[2026-02-01T21:44:04.919+0000] {logging_mixin.py:188} INFO - [2026-02-01T21:44:04.919+0000] {dag.py:3954} INFO - Setting next_dagrun for etl_pipeline_final to 2026-01-31 00:00:00+00:00, run_after=2026-02-01 00:00:00+00:00
[2026-02-01T21:44:04.948+0000] {processor.py:183} INFO - Processing /opt/airflow/dags/etl.py took 0.437 seconds
[2026-02-01T21:44:37.784+0000] {processor.py:161} INFO - Started process (PID=36519) to work on /opt/airflow/dags/etl.py
[2026-02-01T21:44:37.785+0000] {processor.py:830} INFO - Processing file /opt/airflow/dags/etl.py for tasks to queue
[2026-02-01T21:44:37.786+0000] {logging_mixin.py:188} INFO - [2026-02-01T21:44:37.786+0000] {dagbag.py:545} INFO - Filling up the DagBag from /opt/airflow/dags/etl.py
[2026-02-01T21:44:38.280+0000] {processor.py:840} INFO - DAG(s) 'etl_pipeline_final' retrieved from /opt/airflow/dags/etl.py
[2026-02-01T21:44:38.311+0000] {logging_mixin.py:188} INFO - [2026-02-01T21:44:38.310+0000] {dag.py:3096} INFO - Sync 1 DAGs
[2026-02-01T21:44:38.337+0000] {logging_mixin.py:188} INFO - [2026-02-01T21:44:38.336+0000] {dag.py:3954} INFO - Setting next_dagrun for etl_pipeline_final to 2026-01-31 00:00:00+00:00, run_after=2026-02-01 00:00:00+00:00
[2026-02-01T21:44:38.362+0000] {processor.py:183} INFO - Processing /opt/airflow/dags/etl.py took 0.583 seconds
[2026-02-01T21:45:11.012+0000] {processor.py:161} INFO - Started process (PID=36566) to work on /opt/airflow/dags/etl.py
[2026-02-01T21:45:11.013+0000] {processor.py:830} INFO - Processing file /opt/airflow/dags/etl.py for tasks to queue
[2026-02-01T21:45:11.014+0000] {logging_mixin.py:188} INFO - [2026-02-01T21:45:11.014+0000] {dagbag.py:545} INFO - Filling up the DagBag from /opt/airflow/dags/etl.py
[2026-02-01T21:45:11.521+0000] {processor.py:840} INFO - DAG(s) 'etl_pipeline_final' retrieved from /opt/airflow/dags/etl.py
[2026-02-01T21:45:11.556+0000] {logging_mixin.py:188} INFO - [2026-02-01T21:45:11.555+0000] {dag.py:3096} INFO - Sync 1 DAGs
[2026-02-01T21:45:11.582+0000] {logging_mixin.py:188} INFO - [2026-02-01T21:45:11.582+0000] {dag.py:3954} INFO - Setting next_dagrun for etl_pipeline_final to 2026-01-31 00:00:00+00:00, run_after=2026-02-01 00:00:00+00:00
[2026-02-01T21:45:11.608+0000] {processor.py:183} INFO - Processing /opt/airflow/dags/etl.py took 0.601 seconds
[2026-02-01T21:45:44.934+0000] {processor.py:161} INFO - Started process (PID=36614) to work on /opt/airflow/dags/etl.py
[2026-02-01T21:45:44.935+0000] {processor.py:830} INFO - Processing file /opt/airflow/dags/etl.py for tasks to queue
[2026-02-01T21:45:44.937+0000] {logging_mixin.py:188} INFO - [2026-02-01T21:45:44.937+0000] {dagbag.py:545} INFO - Filling up the DagBag from /opt/airflow/dags/etl.py
[2026-02-01T21:45:45.399+0000] {processor.py:840} INFO - DAG(s) 'etl_pipeline_final' retrieved from /opt/airflow/dags/etl.py
[2026-02-01T21:45:45.432+0000] {logging_mixin.py:188} INFO - [2026-02-01T21:45:45.431+0000] {dag.py:3096} INFO - Sync 1 DAGs
[2026-02-01T21:45:45.457+0000] {logging_mixin.py:188} INFO - [2026-02-01T21:45:45.457+0000] {dag.py:3954} INFO - Setting next_dagrun for etl_pipeline_final to 2026-01-31 00:00:00+00:00, run_after=2026-02-01 00:00:00+00:00
[2026-02-01T21:45:45.485+0000] {processor.py:183} INFO - Processing /opt/airflow/dags/etl.py took 0.561 seconds
[2026-02-01T21:46:20.506+0000] {processor.py:161} INFO - Started process (PID=36658) to work on /opt/airflow/dags/etl.py
[2026-02-01T21:46:20.508+0000] {processor.py:830} INFO - Processing file /opt/airflow/dags/etl.py for tasks to queue
[2026-02-01T21:46:20.512+0000] {logging_mixin.py:188} INFO - [2026-02-01T21:46:20.512+0000] {dagbag.py:545} INFO - Filling up the DagBag from /opt/airflow/dags/etl.py
[2026-02-01T21:46:21.036+0000] {processor.py:840} INFO - DAG(s) 'etl_pipeline_final' retrieved from /opt/airflow/dags/etl.py
[2026-02-01T21:46:21.066+0000] {logging_mixin.py:188} INFO - [2026-02-01T21:46:21.065+0000] {dag.py:3096} INFO - Sync 1 DAGs
[2026-02-01T21:46:21.096+0000] {logging_mixin.py:188} INFO - [2026-02-01T21:46:21.096+0000] {dag.py:3954} INFO - Setting next_dagrun for etl_pipeline_final to 2026-01-31 00:00:00+00:00, run_after=2026-02-01 00:00:00+00:00
[2026-02-01T21:46:21.131+0000] {processor.py:183} INFO - Processing /opt/airflow/dags/etl.py took 0.635 seconds
[2026-02-01T21:46:51.202+0000] {processor.py:161} INFO - Started process (PID=36687) to work on /opt/airflow/dags/etl.py
[2026-02-01T21:46:51.202+0000] {processor.py:830} INFO - Processing file /opt/airflow/dags/etl.py for tasks to queue
[2026-02-01T21:46:51.204+0000] {logging_mixin.py:188} INFO - [2026-02-01T21:46:51.204+0000] {dagbag.py:545} INFO - Filling up the DagBag from /opt/airflow/dags/etl.py
[2026-02-01T21:46:51.726+0000] {processor.py:840} INFO - DAG(s) 'etl_pipeline_final' retrieved from /opt/airflow/dags/etl.py
[2026-02-01T21:46:51.761+0000] {logging_mixin.py:188} INFO - [2026-02-01T21:46:51.760+0000] {dag.py:3096} INFO - Sync 1 DAGs
[2026-02-01T21:46:51.787+0000] {logging_mixin.py:188} INFO - [2026-02-01T21:46:51.787+0000] {dag.py:3954} INFO - Setting next_dagrun for etl_pipeline_final to 2026-01-31 00:00:00+00:00, run_after=2026-02-01 00:00:00+00:00
[2026-02-01T21:46:51.822+0000] {processor.py:183} INFO - Processing /opt/airflow/dags/etl.py took 0.625 seconds
[2026-02-01T21:47:24.199+0000] {processor.py:161} INFO - Started process (PID=36733) to work on /opt/airflow/dags/etl.py
[2026-02-01T21:47:24.201+0000] {processor.py:830} INFO - Processing file /opt/airflow/dags/etl.py for tasks to queue
[2026-02-01T21:47:24.202+0000] {logging_mixin.py:188} INFO - [2026-02-01T21:47:24.202+0000] {dagbag.py:545} INFO - Filling up the DagBag from /opt/airflow/dags/etl.py
[2026-02-01T21:47:24.678+0000] {processor.py:840} INFO - DAG(s) 'etl_pipeline_final' retrieved from /opt/airflow/dags/etl.py
[2026-02-01T21:47:24.707+0000] {logging_mixin.py:188} INFO - [2026-02-01T21:47:24.707+0000] {dag.py:3096} INFO - Sync 1 DAGs
[2026-02-01T21:47:24.729+0000] {logging_mixin.py:188} INFO - [2026-02-01T21:47:24.729+0000] {dag.py:3954} INFO - Setting next_dagrun for etl_pipeline_final to 2026-01-31 00:00:00+00:00, run_after=2026-02-01 00:00:00+00:00
[2026-02-01T21:47:24.755+0000] {processor.py:183} INFO - Processing /opt/airflow/dags/etl.py took 0.561 seconds
[2026-02-01T21:47:57.119+0000] {processor.py:161} INFO - Started process (PID=36780) to work on /opt/airflow/dags/etl.py
[2026-02-01T21:47:57.120+0000] {processor.py:830} INFO - Processing file /opt/airflow/dags/etl.py for tasks to queue
[2026-02-01T21:47:57.123+0000] {logging_mixin.py:188} INFO - [2026-02-01T21:47:57.122+0000] {dagbag.py:545} INFO - Filling up the DagBag from /opt/airflow/dags/etl.py
[2026-02-01T21:47:57.557+0000] {processor.py:840} INFO - DAG(s) 'etl_pipeline_final' retrieved from /opt/airflow/dags/etl.py
[2026-02-01T21:47:57.593+0000] {logging_mixin.py:188} INFO - [2026-02-01T21:47:57.592+0000] {dag.py:3096} INFO - Sync 1 DAGs
[2026-02-01T21:47:57.622+0000] {logging_mixin.py:188} INFO - [2026-02-01T21:47:57.621+0000] {dag.py:3954} INFO - Setting next_dagrun for etl_pipeline_final to 2026-01-31 00:00:00+00:00, run_after=2026-02-01 00:00:00+00:00
[2026-02-01T21:47:57.648+0000] {processor.py:183} INFO - Processing /opt/airflow/dags/etl.py took 0.536 seconds
[2026-02-01T21:48:30.413+0000] {processor.py:161} INFO - Started process (PID=36827) to work on /opt/airflow/dags/etl.py
[2026-02-01T21:48:30.415+0000] {processor.py:830} INFO - Processing file /opt/airflow/dags/etl.py for tasks to queue
[2026-02-01T21:48:30.416+0000] {logging_mixin.py:188} INFO - [2026-02-01T21:48:30.416+0000] {dagbag.py:545} INFO - Filling up the DagBag from /opt/airflow/dags/etl.py
[2026-02-01T21:48:30.777+0000] {processor.py:840} INFO - DAG(s) 'etl_pipeline_final' retrieved from /opt/airflow/dags/etl.py
[2026-02-01T21:48:30.801+0000] {logging_mixin.py:188} INFO - [2026-02-01T21:48:30.801+0000] {dag.py:3096} INFO - Sync 1 DAGs
[2026-02-01T21:48:30.824+0000] {logging_mixin.py:188} INFO - [2026-02-01T21:48:30.824+0000] {dag.py:3954} INFO - Setting next_dagrun for etl_pipeline_final to 2026-01-31 00:00:00+00:00, run_after=2026-02-01 00:00:00+00:00
[2026-02-01T21:48:30.853+0000] {processor.py:183} INFO - Processing /opt/airflow/dags/etl.py took 0.444 seconds
[2026-02-01T21:49:03.917+0000] {processor.py:161} INFO - Started process (PID=36874) to work on /opt/airflow/dags/etl.py
[2026-02-01T21:49:03.918+0000] {processor.py:830} INFO - Processing file /opt/airflow/dags/etl.py for tasks to queue
[2026-02-01T21:49:03.919+0000] {logging_mixin.py:188} INFO - [2026-02-01T21:49:03.919+0000] {dagbag.py:545} INFO - Filling up the DagBag from /opt/airflow/dags/etl.py
[2026-02-01T21:49:04.352+0000] {processor.py:840} INFO - DAG(s) 'etl_pipeline_final' retrieved from /opt/airflow/dags/etl.py
[2026-02-01T21:49:04.379+0000] {logging_mixin.py:188} INFO - [2026-02-01T21:49:04.378+0000] {dag.py:3096} INFO - Sync 1 DAGs
[2026-02-01T21:49:04.402+0000] {logging_mixin.py:188} INFO - [2026-02-01T21:49:04.402+0000] {dag.py:3954} INFO - Setting next_dagrun for etl_pipeline_final to 2026-01-31 00:00:00+00:00, run_after=2026-02-01 00:00:00+00:00
[2026-02-01T21:49:04.424+0000] {processor.py:183} INFO - Processing /opt/airflow/dags/etl.py took 0.511 seconds
[2026-02-01T21:49:37.410+0000] {processor.py:161} INFO - Started process (PID=36921) to work on /opt/airflow/dags/etl.py
[2026-02-01T21:49:37.411+0000] {processor.py:830} INFO - Processing file /opt/airflow/dags/etl.py for tasks to queue
[2026-02-01T21:49:37.414+0000] {logging_mixin.py:188} INFO - [2026-02-01T21:49:37.414+0000] {dagbag.py:545} INFO - Filling up the DagBag from /opt/airflow/dags/etl.py
[2026-02-01T21:49:37.908+0000] {processor.py:840} INFO - DAG(s) 'etl_pipeline_final' retrieved from /opt/airflow/dags/etl.py
[2026-02-01T21:49:37.944+0000] {logging_mixin.py:188} INFO - [2026-02-01T21:49:37.943+0000] {dag.py:3096} INFO - Sync 1 DAGs
[2026-02-01T21:49:37.972+0000] {logging_mixin.py:188} INFO - [2026-02-01T21:49:37.972+0000] {dag.py:3954} INFO - Setting next_dagrun for etl_pipeline_final to 2026-01-31 00:00:00+00:00, run_after=2026-02-01 00:00:00+00:00
[2026-02-01T21:49:38.005+0000] {processor.py:183} INFO - Processing /opt/airflow/dags/etl.py took 0.604 seconds
[2026-02-01T21:50:10.787+0000] {processor.py:161} INFO - Started process (PID=36968) to work on /opt/airflow/dags/etl.py
[2026-02-01T21:50:10.789+0000] {processor.py:830} INFO - Processing file /opt/airflow/dags/etl.py for tasks to queue
[2026-02-01T21:50:10.792+0000] {logging_mixin.py:188} INFO - [2026-02-01T21:50:10.791+0000] {dagbag.py:545} INFO - Filling up the DagBag from /opt/airflow/dags/etl.py
[2026-02-01T21:50:11.254+0000] {processor.py:840} INFO - DAG(s) 'etl_pipeline_final' retrieved from /opt/airflow/dags/etl.py
[2026-02-01T21:50:11.281+0000] {logging_mixin.py:188} INFO - [2026-02-01T21:50:11.281+0000] {dag.py:3096} INFO - Sync 1 DAGs
[2026-02-01T21:50:11.300+0000] {logging_mixin.py:188} INFO - [2026-02-01T21:50:11.300+0000] {dag.py:3954} INFO - Setting next_dagrun for etl_pipeline_final to 2026-01-31 00:00:00+00:00, run_after=2026-02-01 00:00:00+00:00
[2026-02-01T21:50:11.323+0000] {processor.py:183} INFO - Processing /opt/airflow/dags/etl.py took 0.547 seconds
[2026-02-01T21:50:44.453+0000] {processor.py:161} INFO - Started process (PID=37015) to work on /opt/airflow/dags/etl.py
[2026-02-01T21:50:44.455+0000] {processor.py:830} INFO - Processing file /opt/airflow/dags/etl.py for tasks to queue
[2026-02-01T21:50:44.458+0000] {logging_mixin.py:188} INFO - [2026-02-01T21:50:44.457+0000] {dagbag.py:545} INFO - Filling up the DagBag from /opt/airflow/dags/etl.py
[2026-02-01T21:50:44.852+0000] {processor.py:840} INFO - DAG(s) 'etl_pipeline_final' retrieved from /opt/airflow/dags/etl.py
[2026-02-01T21:50:44.886+0000] {logging_mixin.py:188} INFO - [2026-02-01T21:50:44.886+0000] {dag.py:3096} INFO - Sync 1 DAGs
[2026-02-01T21:50:44.908+0000] {logging_mixin.py:188} INFO - [2026-02-01T21:50:44.908+0000] {dag.py:3954} INFO - Setting next_dagrun for etl_pipeline_final to 2026-01-31 00:00:00+00:00, run_after=2026-02-01 00:00:00+00:00
[2026-02-01T21:50:44.934+0000] {processor.py:183} INFO - Processing /opt/airflow/dags/etl.py took 0.486 seconds
[2026-02-01T21:51:17.624+0000] {processor.py:161} INFO - Started process (PID=37062) to work on /opt/airflow/dags/etl.py
[2026-02-01T21:51:17.625+0000] {processor.py:830} INFO - Processing file /opt/airflow/dags/etl.py for tasks to queue
[2026-02-01T21:51:17.627+0000] {logging_mixin.py:188} INFO - [2026-02-01T21:51:17.626+0000] {dagbag.py:545} INFO - Filling up the DagBag from /opt/airflow/dags/etl.py
[2026-02-01T21:51:18.005+0000] {processor.py:840} INFO - DAG(s) 'etl_pipeline_final' retrieved from /opt/airflow/dags/etl.py
[2026-02-01T21:51:18.042+0000] {logging_mixin.py:188} INFO - [2026-02-01T21:51:18.042+0000] {dag.py:3096} INFO - Sync 1 DAGs
[2026-02-01T21:51:18.072+0000] {logging_mixin.py:188} INFO - [2026-02-01T21:51:18.072+0000] {dag.py:3954} INFO - Setting next_dagrun for etl_pipeline_final to 2026-01-31 00:00:00+00:00, run_after=2026-02-01 00:00:00+00:00
[2026-02-01T21:51:18.114+0000] {processor.py:183} INFO - Processing /opt/airflow/dags/etl.py took 0.494 seconds
[2026-02-01T21:51:50.618+0000] {processor.py:161} INFO - Started process (PID=37109) to work on /opt/airflow/dags/etl.py
[2026-02-01T21:51:50.619+0000] {processor.py:830} INFO - Processing file /opt/airflow/dags/etl.py for tasks to queue
[2026-02-01T21:51:50.621+0000] {logging_mixin.py:188} INFO - [2026-02-01T21:51:50.621+0000] {dagbag.py:545} INFO - Filling up the DagBag from /opt/airflow/dags/etl.py
[2026-02-01T21:51:50.936+0000] {processor.py:840} INFO - DAG(s) 'etl_pipeline_final' retrieved from /opt/airflow/dags/etl.py
[2026-02-01T21:51:50.955+0000] {logging_mixin.py:188} INFO - [2026-02-01T21:51:50.955+0000] {dag.py:3096} INFO - Sync 1 DAGs
[2026-02-01T21:51:50.973+0000] {logging_mixin.py:188} INFO - [2026-02-01T21:51:50.973+0000] {dag.py:3954} INFO - Setting next_dagrun for etl_pipeline_final to 2026-01-31 00:00:00+00:00, run_after=2026-02-01 00:00:00+00:00
[2026-02-01T21:51:50.993+0000] {processor.py:183} INFO - Processing /opt/airflow/dags/etl.py took 0.380 seconds
[2026-02-01T21:52:23.860+0000] {processor.py:161} INFO - Started process (PID=37155) to work on /opt/airflow/dags/etl.py
[2026-02-01T21:52:23.860+0000] {processor.py:830} INFO - Processing file /opt/airflow/dags/etl.py for tasks to queue
[2026-02-01T21:52:23.861+0000] {logging_mixin.py:188} INFO - [2026-02-01T21:52:23.861+0000] {dagbag.py:545} INFO - Filling up the DagBag from /opt/airflow/dags/etl.py
[2026-02-01T21:52:24.220+0000] {processor.py:840} INFO - DAG(s) 'etl_pipeline_final' retrieved from /opt/airflow/dags/etl.py
[2026-02-01T21:52:24.243+0000] {logging_mixin.py:188} INFO - [2026-02-01T21:52:24.242+0000] {dag.py:3096} INFO - Sync 1 DAGs
[2026-02-01T21:52:24.259+0000] {logging_mixin.py:188} INFO - [2026-02-01T21:52:24.259+0000] {dag.py:3954} INFO - Setting next_dagrun for etl_pipeline_final to 2026-01-31 00:00:00+00:00, run_after=2026-02-01 00:00:00+00:00
[2026-02-01T21:52:24.275+0000] {processor.py:183} INFO - Processing /opt/airflow/dags/etl.py took 0.420 seconds
[2026-02-01T21:52:57.738+0000] {processor.py:161} INFO - Started process (PID=37202) to work on /opt/airflow/dags/etl.py
[2026-02-01T21:52:57.740+0000] {processor.py:830} INFO - Processing file /opt/airflow/dags/etl.py for tasks to queue
[2026-02-01T21:52:57.743+0000] {logging_mixin.py:188} INFO - [2026-02-01T21:52:57.743+0000] {dagbag.py:545} INFO - Filling up the DagBag from /opt/airflow/dags/etl.py
[2026-02-01T21:52:58.103+0000] {processor.py:840} INFO - DAG(s) 'etl_pipeline_final' retrieved from /opt/airflow/dags/etl.py
[2026-02-01T21:52:58.125+0000] {logging_mixin.py:188} INFO - [2026-02-01T21:52:58.123+0000] {dag.py:3096} INFO - Sync 1 DAGs
[2026-02-01T21:52:58.141+0000] {logging_mixin.py:188} INFO - [2026-02-01T21:52:58.140+0000] {dag.py:3954} INFO - Setting next_dagrun for etl_pipeline_final to 2026-01-31 00:00:00+00:00, run_after=2026-02-01 00:00:00+00:00
[2026-02-01T21:52:58.162+0000] {processor.py:183} INFO - Processing /opt/airflow/dags/etl.py took 0.434 seconds
[2026-02-01T21:53:30.689+0000] {processor.py:161} INFO - Started process (PID=37248) to work on /opt/airflow/dags/etl.py
[2026-02-01T21:53:30.690+0000] {processor.py:830} INFO - Processing file /opt/airflow/dags/etl.py for tasks to queue
[2026-02-01T21:53:30.692+0000] {logging_mixin.py:188} INFO - [2026-02-01T21:53:30.692+0000] {dagbag.py:545} INFO - Filling up the DagBag from /opt/airflow/dags/etl.py
[2026-02-01T21:53:31.027+0000] {processor.py:840} INFO - DAG(s) 'etl_pipeline_final' retrieved from /opt/airflow/dags/etl.py
[2026-02-01T21:53:31.056+0000] {logging_mixin.py:188} INFO - [2026-02-01T21:53:31.055+0000] {dag.py:3096} INFO - Sync 1 DAGs
[2026-02-01T21:53:31.082+0000] {logging_mixin.py:188} INFO - [2026-02-01T21:53:31.081+0000] {dag.py:3954} INFO - Setting next_dagrun for etl_pipeline_final to 2026-01-31 00:00:00+00:00, run_after=2026-02-01 00:00:00+00:00
[2026-02-01T21:53:31.108+0000] {processor.py:183} INFO - Processing /opt/airflow/dags/etl.py took 0.425 seconds
[2026-02-01T21:54:03.932+0000] {processor.py:161} INFO - Started process (PID=37296) to work on /opt/airflow/dags/etl.py
[2026-02-01T21:54:03.932+0000] {processor.py:830} INFO - Processing file /opt/airflow/dags/etl.py for tasks to queue
[2026-02-01T21:54:03.934+0000] {logging_mixin.py:188} INFO - [2026-02-01T21:54:03.933+0000] {dagbag.py:545} INFO - Filling up the DagBag from /opt/airflow/dags/etl.py
[2026-02-01T21:54:04.295+0000] {processor.py:840} INFO - DAG(s) 'etl_pipeline_final' retrieved from /opt/airflow/dags/etl.py
[2026-02-01T21:54:04.319+0000] {logging_mixin.py:188} INFO - [2026-02-01T21:54:04.318+0000] {dag.py:3096} INFO - Sync 1 DAGs
[2026-02-01T21:54:04.337+0000] {logging_mixin.py:188} INFO - [2026-02-01T21:54:04.337+0000] {dag.py:3954} INFO - Setting next_dagrun for etl_pipeline_final to 2026-01-31 00:00:00+00:00, run_after=2026-02-01 00:00:00+00:00
[2026-02-01T21:54:04.359+0000] {processor.py:183} INFO - Processing /opt/airflow/dags/etl.py took 0.432 seconds
[2026-02-01T21:54:37.665+0000] {processor.py:161} INFO - Started process (PID=37343) to work on /opt/airflow/dags/etl.py
[2026-02-01T21:54:37.666+0000] {processor.py:830} INFO - Processing file /opt/airflow/dags/etl.py for tasks to queue
[2026-02-01T21:54:37.667+0000] {logging_mixin.py:188} INFO - [2026-02-01T21:54:37.667+0000] {dagbag.py:545} INFO - Filling up the DagBag from /opt/airflow/dags/etl.py
[2026-02-01T21:54:38.048+0000] {processor.py:840} INFO - DAG(s) 'etl_pipeline_final' retrieved from /opt/airflow/dags/etl.py
[2026-02-01T21:54:38.071+0000] {logging_mixin.py:188} INFO - [2026-02-01T21:54:38.070+0000] {dag.py:3096} INFO - Sync 1 DAGs
[2026-02-01T21:54:38.093+0000] {logging_mixin.py:188} INFO - [2026-02-01T21:54:38.092+0000] {dag.py:3954} INFO - Setting next_dagrun for etl_pipeline_final to 2026-01-31 00:00:00+00:00, run_after=2026-02-01 00:00:00+00:00
[2026-02-01T21:54:38.119+0000] {processor.py:183} INFO - Processing /opt/airflow/dags/etl.py took 0.458 seconds
[2026-02-01T21:55:11.028+0000] {processor.py:161} INFO - Started process (PID=37390) to work on /opt/airflow/dags/etl.py
[2026-02-01T21:55:11.030+0000] {processor.py:830} INFO - Processing file /opt/airflow/dags/etl.py for tasks to queue
[2026-02-01T21:55:11.031+0000] {logging_mixin.py:188} INFO - [2026-02-01T21:55:11.031+0000] {dagbag.py:545} INFO - Filling up the DagBag from /opt/airflow/dags/etl.py
[2026-02-01T21:55:11.380+0000] {processor.py:840} INFO - DAG(s) 'etl_pipeline_final' retrieved from /opt/airflow/dags/etl.py
[2026-02-01T21:55:11.398+0000] {logging_mixin.py:188} INFO - [2026-02-01T21:55:11.398+0000] {dag.py:3096} INFO - Sync 1 DAGs
[2026-02-01T21:55:11.413+0000] {logging_mixin.py:188} INFO - [2026-02-01T21:55:11.413+0000] {dag.py:3954} INFO - Setting next_dagrun for etl_pipeline_final to 2026-01-31 00:00:00+00:00, run_after=2026-02-01 00:00:00+00:00
[2026-02-01T21:55:11.435+0000] {processor.py:183} INFO - Processing /opt/airflow/dags/etl.py took 0.411 seconds
[2026-02-01T21:55:44.194+0000] {processor.py:161} INFO - Started process (PID=37437) to work on /opt/airflow/dags/etl.py
[2026-02-01T21:55:44.194+0000] {processor.py:830} INFO - Processing file /opt/airflow/dags/etl.py for tasks to queue
[2026-02-01T21:55:44.197+0000] {logging_mixin.py:188} INFO - [2026-02-01T21:55:44.197+0000] {dagbag.py:545} INFO - Filling up the DagBag from /opt/airflow/dags/etl.py
[2026-02-01T21:55:44.552+0000] {processor.py:840} INFO - DAG(s) 'etl_pipeline_final' retrieved from /opt/airflow/dags/etl.py
[2026-02-01T21:55:44.576+0000] {logging_mixin.py:188} INFO - [2026-02-01T21:55:44.575+0000] {dag.py:3096} INFO - Sync 1 DAGs
[2026-02-01T21:55:44.595+0000] {logging_mixin.py:188} INFO - [2026-02-01T21:55:44.595+0000] {dag.py:3954} INFO - Setting next_dagrun for etl_pipeline_final to 2026-01-31 00:00:00+00:00, run_after=2026-02-01 00:00:00+00:00
[2026-02-01T21:55:44.612+0000] {processor.py:183} INFO - Processing /opt/airflow/dags/etl.py took 0.423 seconds
[2026-02-01T21:56:18.114+0000] {processor.py:161} INFO - Started process (PID=37484) to work on /opt/airflow/dags/etl.py
[2026-02-01T21:56:18.117+0000] {processor.py:830} INFO - Processing file /opt/airflow/dags/etl.py for tasks to queue
[2026-02-01T21:56:18.120+0000] {logging_mixin.py:188} INFO - [2026-02-01T21:56:18.120+0000] {dagbag.py:545} INFO - Filling up the DagBag from /opt/airflow/dags/etl.py
[2026-02-01T21:56:18.577+0000] {processor.py:840} INFO - DAG(s) 'etl_pipeline_final' retrieved from /opt/airflow/dags/etl.py
[2026-02-01T21:56:18.607+0000] {logging_mixin.py:188} INFO - [2026-02-01T21:56:18.606+0000] {dag.py:3096} INFO - Sync 1 DAGs
[2026-02-01T21:56:18.630+0000] {logging_mixin.py:188} INFO - [2026-02-01T21:56:18.630+0000] {dag.py:3954} INFO - Setting next_dagrun for etl_pipeline_final to 2026-01-31 00:00:00+00:00, run_after=2026-02-01 00:00:00+00:00
[2026-02-01T21:56:18.658+0000] {processor.py:183} INFO - Processing /opt/airflow/dags/etl.py took 0.558 seconds
[2026-02-01T21:56:50.700+0000] {processor.py:161} INFO - Started process (PID=37531) to work on /opt/airflow/dags/etl.py
[2026-02-01T21:56:50.700+0000] {processor.py:830} INFO - Processing file /opt/airflow/dags/etl.py for tasks to queue
[2026-02-01T21:56:50.701+0000] {logging_mixin.py:188} INFO - [2026-02-01T21:56:50.701+0000] {dagbag.py:545} INFO - Filling up the DagBag from /opt/airflow/dags/etl.py
[2026-02-01T21:56:51.027+0000] {processor.py:840} INFO - DAG(s) 'etl_pipeline_final' retrieved from /opt/airflow/dags/etl.py
[2026-02-01T21:56:51.057+0000] {logging_mixin.py:188} INFO - [2026-02-01T21:56:51.056+0000] {dag.py:3096} INFO - Sync 1 DAGs
[2026-02-01T21:56:51.079+0000] {logging_mixin.py:188} INFO - [2026-02-01T21:56:51.079+0000] {dag.py:3954} INFO - Setting next_dagrun for etl_pipeline_final to 2026-01-31 00:00:00+00:00, run_after=2026-02-01 00:00:00+00:00
[2026-02-01T21:56:51.105+0000] {processor.py:183} INFO - Processing /opt/airflow/dags/etl.py took 0.409 seconds
[2026-02-01T21:57:24.631+0000] {processor.py:161} INFO - Started process (PID=37579) to work on /opt/airflow/dags/etl.py
[2026-02-01T21:57:24.634+0000] {processor.py:830} INFO - Processing file /opt/airflow/dags/etl.py for tasks to queue
[2026-02-01T21:57:24.636+0000] {logging_mixin.py:188} INFO - [2026-02-01T21:57:24.636+0000] {dagbag.py:545} INFO - Filling up the DagBag from /opt/airflow/dags/etl.py
[2026-02-01T21:57:25.158+0000] {processor.py:840} INFO - DAG(s) 'etl_pipeline_final' retrieved from /opt/airflow/dags/etl.py
[2026-02-01T21:57:25.193+0000] {logging_mixin.py:188} INFO - [2026-02-01T21:57:25.192+0000] {dag.py:3096} INFO - Sync 1 DAGs
[2026-02-01T21:57:25.223+0000] {logging_mixin.py:188} INFO - [2026-02-01T21:57:25.223+0000] {dag.py:3954} INFO - Setting next_dagrun for etl_pipeline_final to 2026-01-31 00:00:00+00:00, run_after=2026-02-01 00:00:00+00:00
[2026-02-01T21:57:25.253+0000] {processor.py:183} INFO - Processing /opt/airflow/dags/etl.py took 0.628 seconds
[2026-02-01T21:57:57.470+0000] {processor.py:161} INFO - Started process (PID=37627) to work on /opt/airflow/dags/etl.py
[2026-02-01T21:57:57.470+0000] {processor.py:830} INFO - Processing file /opt/airflow/dags/etl.py for tasks to queue
[2026-02-01T21:57:57.472+0000] {logging_mixin.py:188} INFO - [2026-02-01T21:57:57.471+0000] {dagbag.py:545} INFO - Filling up the DagBag from /opt/airflow/dags/etl.py
[2026-02-01T21:57:57.844+0000] {processor.py:840} INFO - DAG(s) 'etl_pipeline_final' retrieved from /opt/airflow/dags/etl.py
[2026-02-01T21:57:57.877+0000] {logging_mixin.py:188} INFO - [2026-02-01T21:57:57.876+0000] {dag.py:3096} INFO - Sync 1 DAGs
[2026-02-01T21:57:57.905+0000] {logging_mixin.py:188} INFO - [2026-02-01T21:57:57.905+0000] {dag.py:3954} INFO - Setting next_dagrun for etl_pipeline_final to 2026-01-31 00:00:00+00:00, run_after=2026-02-01 00:00:00+00:00
[2026-02-01T21:57:57.933+0000] {processor.py:183} INFO - Processing /opt/airflow/dags/etl.py took 0.468 seconds
[2026-02-01T21:58:30.796+0000] {processor.py:161} INFO - Started process (PID=37674) to work on /opt/airflow/dags/etl.py
[2026-02-01T21:58:30.797+0000] {processor.py:830} INFO - Processing file /opt/airflow/dags/etl.py for tasks to queue
[2026-02-01T21:58:30.800+0000] {logging_mixin.py:188} INFO - [2026-02-01T21:58:30.799+0000] {dagbag.py:545} INFO - Filling up the DagBag from /opt/airflow/dags/etl.py
[2026-02-01T21:58:31.094+0000] {processor.py:840} INFO - DAG(s) 'etl_pipeline_final' retrieved from /opt/airflow/dags/etl.py
[2026-02-01T21:58:31.113+0000] {logging_mixin.py:188} INFO - [2026-02-01T21:58:31.112+0000] {dag.py:3096} INFO - Sync 1 DAGs
[2026-02-01T21:58:31.126+0000] {logging_mixin.py:188} INFO - [2026-02-01T21:58:31.126+0000] {dag.py:3954} INFO - Setting next_dagrun for etl_pipeline_final to 2026-01-31 00:00:00+00:00, run_after=2026-02-01 00:00:00+00:00
[2026-02-01T21:58:31.146+0000] {processor.py:183} INFO - Processing /opt/airflow/dags/etl.py took 0.354 seconds
[2026-02-01T21:59:04.280+0000] {processor.py:161} INFO - Started process (PID=37721) to work on /opt/airflow/dags/etl.py
[2026-02-01T21:59:04.281+0000] {processor.py:830} INFO - Processing file /opt/airflow/dags/etl.py for tasks to queue
[2026-02-01T21:59:04.282+0000] {logging_mixin.py:188} INFO - [2026-02-01T21:59:04.282+0000] {dagbag.py:545} INFO - Filling up the DagBag from /opt/airflow/dags/etl.py
[2026-02-01T21:59:04.660+0000] {processor.py:840} INFO - DAG(s) 'etl_pipeline_final' retrieved from /opt/airflow/dags/etl.py
[2026-02-01T21:59:04.691+0000] {logging_mixin.py:188} INFO - [2026-02-01T21:59:04.690+0000] {dag.py:3096} INFO - Sync 1 DAGs
[2026-02-01T21:59:04.714+0000] {logging_mixin.py:188} INFO - [2026-02-01T21:59:04.713+0000] {dag.py:3954} INFO - Setting next_dagrun for etl_pipeline_final to 2026-01-31 00:00:00+00:00, run_after=2026-02-01 00:00:00+00:00
[2026-02-01T21:59:04.737+0000] {processor.py:183} INFO - Processing /opt/airflow/dags/etl.py took 0.461 seconds
[2026-02-01T21:59:37.304+0000] {processor.py:161} INFO - Started process (PID=37768) to work on /opt/airflow/dags/etl.py
[2026-02-01T21:59:37.307+0000] {processor.py:830} INFO - Processing file /opt/airflow/dags/etl.py for tasks to queue
[2026-02-01T21:59:37.308+0000] {logging_mixin.py:188} INFO - [2026-02-01T21:59:37.308+0000] {dagbag.py:545} INFO - Filling up the DagBag from /opt/airflow/dags/etl.py
[2026-02-01T21:59:37.623+0000] {processor.py:840} INFO - DAG(s) 'etl_pipeline_final' retrieved from /opt/airflow/dags/etl.py
[2026-02-01T21:59:37.642+0000] {logging_mixin.py:188} INFO - [2026-02-01T21:59:37.640+0000] {dag.py:3096} INFO - Sync 1 DAGs
[2026-02-01T21:59:37.660+0000] {logging_mixin.py:188} INFO - [2026-02-01T21:59:37.660+0000] {dag.py:3954} INFO - Setting next_dagrun for etl_pipeline_final to 2026-01-31 00:00:00+00:00, run_after=2026-02-01 00:00:00+00:00
[2026-02-01T21:59:37.678+0000] {processor.py:183} INFO - Processing /opt/airflow/dags/etl.py took 0.378 seconds
[2026-02-01T22:00:10.972+0000] {processor.py:161} INFO - Started process (PID=37815) to work on /opt/airflow/dags/etl.py
[2026-02-01T22:00:10.973+0000] {processor.py:830} INFO - Processing file /opt/airflow/dags/etl.py for tasks to queue
[2026-02-01T22:00:10.974+0000] {logging_mixin.py:188} INFO - [2026-02-01T22:00:10.974+0000] {dagbag.py:545} INFO - Filling up the DagBag from /opt/airflow/dags/etl.py
[2026-02-01T22:00:11.343+0000] {processor.py:840} INFO - DAG(s) 'etl_pipeline_final' retrieved from /opt/airflow/dags/etl.py
[2026-02-01T22:00:11.369+0000] {logging_mixin.py:188} INFO - [2026-02-01T22:00:11.369+0000] {dag.py:3096} INFO - Sync 1 DAGs
[2026-02-01T22:00:11.388+0000] {logging_mixin.py:188} INFO - [2026-02-01T22:00:11.388+0000] {dag.py:3954} INFO - Setting next_dagrun for etl_pipeline_final to 2026-01-31 00:00:00+00:00, run_after=2026-02-01 00:00:00+00:00
[2026-02-01T22:00:11.409+0000] {processor.py:183} INFO - Processing /opt/airflow/dags/etl.py took 0.442 seconds
[2026-02-01T22:00:44.462+0000] {processor.py:161} INFO - Started process (PID=37862) to work on /opt/airflow/dags/etl.py
[2026-02-01T22:00:44.464+0000] {processor.py:830} INFO - Processing file /opt/airflow/dags/etl.py for tasks to queue
[2026-02-01T22:00:44.465+0000] {logging_mixin.py:188} INFO - [2026-02-01T22:00:44.465+0000] {dagbag.py:545} INFO - Filling up the DagBag from /opt/airflow/dags/etl.py
[2026-02-01T22:00:44.778+0000] {processor.py:840} INFO - DAG(s) 'etl_pipeline_final' retrieved from /opt/airflow/dags/etl.py
[2026-02-01T22:00:44.794+0000] {logging_mixin.py:188} INFO - [2026-02-01T22:00:44.794+0000] {dag.py:3096} INFO - Sync 1 DAGs
[2026-02-01T22:00:44.809+0000] {logging_mixin.py:188} INFO - [2026-02-01T22:00:44.809+0000] {dag.py:3954} INFO - Setting next_dagrun for etl_pipeline_final to 2026-01-31 00:00:00+00:00, run_after=2026-02-01 00:00:00+00:00
[2026-02-01T22:00:44.824+0000] {processor.py:183} INFO - Processing /opt/airflow/dags/etl.py took 0.370 seconds
[2026-02-01T22:01:17.518+0000] {processor.py:161} INFO - Started process (PID=37909) to work on /opt/airflow/dags/etl.py
[2026-02-01T22:01:17.520+0000] {processor.py:830} INFO - Processing file /opt/airflow/dags/etl.py for tasks to queue
[2026-02-01T22:01:17.525+0000] {logging_mixin.py:188} INFO - [2026-02-01T22:01:17.524+0000] {dagbag.py:545} INFO - Filling up the DagBag from /opt/airflow/dags/etl.py
[2026-02-01T22:01:18.289+0000] {processor.py:840} INFO - DAG(s) 'etl_pipeline_final' retrieved from /opt/airflow/dags/etl.py
[2026-02-01T22:01:18.334+0000] {logging_mixin.py:188} INFO - [2026-02-01T22:01:18.333+0000] {dag.py:3096} INFO - Sync 1 DAGs
[2026-02-01T22:01:18.377+0000] {logging_mixin.py:188} INFO - [2026-02-01T22:01:18.377+0000] {dag.py:3954} INFO - Setting next_dagrun for etl_pipeline_final to 2026-01-31 00:00:00+00:00, run_after=2026-02-01 00:00:00+00:00
[2026-02-01T22:01:18.410+0000] {processor.py:183} INFO - Processing /opt/airflow/dags/etl.py took 0.909 seconds
[2026-02-01T22:01:48.585+0000] {processor.py:161} INFO - Started process (PID=37953) to work on /opt/airflow/dags/etl.py
[2026-02-01T22:01:48.587+0000] {processor.py:830} INFO - Processing file /opt/airflow/dags/etl.py for tasks to queue
[2026-02-01T22:01:48.589+0000] {logging_mixin.py:188} INFO - [2026-02-01T22:01:48.588+0000] {dagbag.py:545} INFO - Filling up the DagBag from /opt/airflow/dags/etl.py
[2026-02-01T22:01:49.037+0000] {processor.py:840} INFO - DAG(s) 'etl_pipeline_final' retrieved from /opt/airflow/dags/etl.py
[2026-02-01T22:01:49.066+0000] {logging_mixin.py:188} INFO - [2026-02-01T22:01:49.065+0000] {dag.py:3096} INFO - Sync 1 DAGs
[2026-02-01T22:01:49.085+0000] {logging_mixin.py:188} INFO - [2026-02-01T22:01:49.085+0000] {dag.py:3954} INFO - Setting next_dagrun for etl_pipeline_final to 2026-01-31 00:00:00+00:00, run_after=2026-02-01 00:00:00+00:00
[2026-02-01T22:01:49.107+0000] {processor.py:183} INFO - Processing /opt/airflow/dags/etl.py took 0.528 seconds
[2026-02-01T22:02:19.759+0000] {processor.py:161} INFO - Started process (PID=37996) to work on /opt/airflow/dags/etl.py
[2026-02-01T22:02:19.761+0000] {processor.py:830} INFO - Processing file /opt/airflow/dags/etl.py for tasks to queue
[2026-02-01T22:02:19.762+0000] {logging_mixin.py:188} INFO - [2026-02-01T22:02:19.762+0000] {dagbag.py:545} INFO - Filling up the DagBag from /opt/airflow/dags/etl.py
[2026-02-01T22:02:20.254+0000] {processor.py:840} INFO - DAG(s) 'etl_pipeline_final' retrieved from /opt/airflow/dags/etl.py
[2026-02-01T22:02:20.286+0000] {logging_mixin.py:188} INFO - [2026-02-01T22:02:20.285+0000] {dag.py:3096} INFO - Sync 1 DAGs
[2026-02-01T22:02:20.312+0000] {logging_mixin.py:188} INFO - [2026-02-01T22:02:20.312+0000] {dag.py:3954} INFO - Setting next_dagrun for etl_pipeline_final to 2026-01-31 00:00:00+00:00, run_after=2026-02-01 00:00:00+00:00
[2026-02-01T22:02:20.341+0000] {processor.py:183} INFO - Processing /opt/airflow/dags/etl.py took 0.589 seconds
[2026-02-01T22:02:50.639+0000] {processor.py:161} INFO - Started process (PID=38029) to work on /opt/airflow/dags/etl.py
[2026-02-01T22:02:50.642+0000] {processor.py:830} INFO - Processing file /opt/airflow/dags/etl.py for tasks to queue
[2026-02-01T22:02:50.645+0000] {logging_mixin.py:188} INFO - [2026-02-01T22:02:50.645+0000] {dagbag.py:545} INFO - Filling up the DagBag from /opt/airflow/dags/etl.py
[2026-02-01T22:02:51.217+0000] {processor.py:840} INFO - DAG(s) 'etl_pipeline_final' retrieved from /opt/airflow/dags/etl.py
[2026-02-01T22:02:51.254+0000] {logging_mixin.py:188} INFO - [2026-02-01T22:02:51.253+0000] {dag.py:3096} INFO - Sync 1 DAGs
[2026-02-01T22:02:51.283+0000] {logging_mixin.py:188} INFO - [2026-02-01T22:02:51.283+0000] {dag.py:3954} INFO - Setting next_dagrun for etl_pipeline_final to 2026-01-31 00:00:00+00:00, run_after=2026-02-01 00:00:00+00:00
[2026-02-01T22:02:51.311+0000] {processor.py:183} INFO - Processing /opt/airflow/dags/etl.py took 0.683 seconds
[2026-02-01T22:03:21.448+0000] {processor.py:161} INFO - Started process (PID=38073) to work on /opt/airflow/dags/etl.py
[2026-02-01T22:03:21.449+0000] {processor.py:830} INFO - Processing file /opt/airflow/dags/etl.py for tasks to queue
[2026-02-01T22:03:21.451+0000] {logging_mixin.py:188} INFO - [2026-02-01T22:03:21.450+0000] {dagbag.py:545} INFO - Filling up the DagBag from /opt/airflow/dags/etl.py
[2026-02-01T22:03:21.907+0000] {processor.py:840} INFO - DAG(s) 'etl_pipeline_final' retrieved from /opt/airflow/dags/etl.py
[2026-02-01T22:03:21.933+0000] {logging_mixin.py:188} INFO - [2026-02-01T22:03:21.933+0000] {dag.py:3096} INFO - Sync 1 DAGs
[2026-02-01T22:03:21.951+0000] {logging_mixin.py:188} INFO - [2026-02-01T22:03:21.951+0000] {dag.py:3954} INFO - Setting next_dagrun for etl_pipeline_final to 2026-01-31 00:00:00+00:00, run_after=2026-02-01 00:00:00+00:00
[2026-02-01T22:03:21.979+0000] {processor.py:183} INFO - Processing /opt/airflow/dags/etl.py took 0.539 seconds
[2026-02-01T22:03:52.936+0000] {processor.py:161} INFO - Started process (PID=38120) to work on /opt/airflow/dags/etl.py
[2026-02-01T22:03:52.938+0000] {processor.py:830} INFO - Processing file /opt/airflow/dags/etl.py for tasks to queue
[2026-02-01T22:03:52.940+0000] {logging_mixin.py:188} INFO - [2026-02-01T22:03:52.939+0000] {dagbag.py:545} INFO - Filling up the DagBag from /opt/airflow/dags/etl.py
[2026-02-01T22:03:53.266+0000] {processor.py:840} INFO - DAG(s) 'etl_pipeline_final' retrieved from /opt/airflow/dags/etl.py
[2026-02-01T22:03:53.288+0000] {logging_mixin.py:188} INFO - [2026-02-01T22:03:53.287+0000] {dag.py:3096} INFO - Sync 1 DAGs
[2026-02-01T22:03:53.305+0000] {logging_mixin.py:188} INFO - [2026-02-01T22:03:53.305+0000] {dag.py:3954} INFO - Setting next_dagrun for etl_pipeline_final to 2026-01-31 00:00:00+00:00, run_after=2026-02-01 00:00:00+00:00
[2026-02-01T22:03:53.324+0000] {processor.py:183} INFO - Processing /opt/airflow/dags/etl.py took 0.392 seconds
[2026-02-01T22:04:23.926+0000] {processor.py:161} INFO - Started process (PID=38167) to work on /opt/airflow/dags/etl.py
[2026-02-01T22:04:23.926+0000] {processor.py:830} INFO - Processing file /opt/airflow/dags/etl.py for tasks to queue
[2026-02-01T22:04:23.928+0000] {logging_mixin.py:188} INFO - [2026-02-01T22:04:23.927+0000] {dagbag.py:545} INFO - Filling up the DagBag from /opt/airflow/dags/etl.py
[2026-02-01T22:04:24.285+0000] {processor.py:840} INFO - DAG(s) 'etl_pipeline_final' retrieved from /opt/airflow/dags/etl.py
[2026-02-01T22:04:24.310+0000] {logging_mixin.py:188} INFO - [2026-02-01T22:04:24.309+0000] {dag.py:3096} INFO - Sync 1 DAGs
[2026-02-01T22:04:24.333+0000] {logging_mixin.py:188} INFO - [2026-02-01T22:04:24.333+0000] {dag.py:3954} INFO - Setting next_dagrun for etl_pipeline_final to 2026-01-31 00:00:00+00:00, run_after=2026-02-01 00:00:00+00:00
[2026-02-01T22:04:24.353+0000] {processor.py:183} INFO - Processing /opt/airflow/dags/etl.py took 0.432 seconds
[2026-02-01T22:04:54.732+0000] {processor.py:161} INFO - Started process (PID=38215) to work on /opt/airflow/dags/etl.py
[2026-02-01T22:04:54.736+0000] {processor.py:830} INFO - Processing file /opt/airflow/dags/etl.py for tasks to queue
[2026-02-01T22:04:54.737+0000] {logging_mixin.py:188} INFO - [2026-02-01T22:04:54.737+0000] {dagbag.py:545} INFO - Filling up the DagBag from /opt/airflow/dags/etl.py
[2026-02-01T22:04:55.096+0000] {processor.py:840} INFO - DAG(s) 'etl_pipeline_final' retrieved from /opt/airflow/dags/etl.py
[2026-02-01T22:04:55.124+0000] {logging_mixin.py:188} INFO - [2026-02-01T22:04:55.123+0000] {dag.py:3096} INFO - Sync 1 DAGs
[2026-02-01T22:04:55.145+0000] {logging_mixin.py:188} INFO - [2026-02-01T22:04:55.144+0000] {dag.py:3954} INFO - Setting next_dagrun for etl_pipeline_final to 2026-01-31 00:00:00+00:00, run_after=2026-02-01 00:00:00+00:00
[2026-02-01T22:04:55.167+0000] {processor.py:183} INFO - Processing /opt/airflow/dags/etl.py took 0.443 seconds
[2026-02-01T22:05:25.991+0000] {processor.py:161} INFO - Started process (PID=38256) to work on /opt/airflow/dags/etl.py
[2026-02-01T22:05:25.991+0000] {processor.py:830} INFO - Processing file /opt/airflow/dags/etl.py for tasks to queue
[2026-02-01T22:05:25.993+0000] {logging_mixin.py:188} INFO - [2026-02-01T22:05:25.993+0000] {dagbag.py:545} INFO - Filling up the DagBag from /opt/airflow/dags/etl.py
[2026-02-01T22:05:26.406+0000] {processor.py:840} INFO - DAG(s) 'etl_pipeline_final' retrieved from /opt/airflow/dags/etl.py
[2026-02-01T22:05:26.427+0000] {logging_mixin.py:188} INFO - [2026-02-01T22:05:26.425+0000] {dag.py:3096} INFO - Sync 1 DAGs
[2026-02-01T22:05:26.443+0000] {logging_mixin.py:188} INFO - [2026-02-01T22:05:26.443+0000] {dag.py:3954} INFO - Setting next_dagrun for etl_pipeline_final to 2026-01-31 00:00:00+00:00, run_after=2026-02-01 00:00:00+00:00
[2026-02-01T22:05:26.466+0000] {processor.py:183} INFO - Processing /opt/airflow/dags/etl.py took 0.482 seconds
[2026-02-01T22:05:56.798+0000] {processor.py:161} INFO - Started process (PID=38299) to work on /opt/airflow/dags/etl.py
[2026-02-01T22:05:56.802+0000] {processor.py:830} INFO - Processing file /opt/airflow/dags/etl.py for tasks to queue
[2026-02-01T22:05:56.806+0000] {logging_mixin.py:188} INFO - [2026-02-01T22:05:56.805+0000] {dagbag.py:545} INFO - Filling up the DagBag from /opt/airflow/dags/etl.py
[2026-02-01T22:05:57.339+0000] {processor.py:840} INFO - DAG(s) 'etl_pipeline_final' retrieved from /opt/airflow/dags/etl.py
[2026-02-01T22:05:57.377+0000] {logging_mixin.py:188} INFO - [2026-02-01T22:05:57.376+0000] {dag.py:3096} INFO - Sync 1 DAGs
[2026-02-01T22:05:57.405+0000] {logging_mixin.py:188} INFO - [2026-02-01T22:05:57.405+0000] {dag.py:3954} INFO - Setting next_dagrun for etl_pipeline_final to 2026-01-31 00:00:00+00:00, run_after=2026-02-01 00:00:00+00:00
[2026-02-01T22:05:57.437+0000] {processor.py:183} INFO - Processing /opt/airflow/dags/etl.py took 0.649 seconds
[2026-02-01T22:06:27.513+0000] {processor.py:161} INFO - Started process (PID=38330) to work on /opt/airflow/dags/etl.py
[2026-02-01T22:06:27.514+0000] {processor.py:830} INFO - Processing file /opt/airflow/dags/etl.py for tasks to queue
[2026-02-01T22:06:27.515+0000] {logging_mixin.py:188} INFO - [2026-02-01T22:06:27.515+0000] {dagbag.py:545} INFO - Filling up the DagBag from /opt/airflow/dags/etl.py
[2026-02-01T22:06:27.818+0000] {processor.py:840} INFO - DAG(s) 'etl_pipeline_final' retrieved from /opt/airflow/dags/etl.py
[2026-02-01T22:06:27.837+0000] {logging_mixin.py:188} INFO - [2026-02-01T22:06:27.836+0000] {dag.py:3096} INFO - Sync 1 DAGs
[2026-02-01T22:06:27.853+0000] {logging_mixin.py:188} INFO - [2026-02-01T22:06:27.853+0000] {dag.py:3954} INFO - Setting next_dagrun for etl_pipeline_final to 2026-01-31 00:00:00+00:00, run_after=2026-02-01 00:00:00+00:00
[2026-02-01T22:06:27.871+0000] {processor.py:183} INFO - Processing /opt/airflow/dags/etl.py took 0.364 seconds
[2026-02-01T22:06:58.136+0000] {processor.py:161} INFO - Started process (PID=38372) to work on /opt/airflow/dags/etl.py
[2026-02-01T22:06:58.137+0000] {processor.py:830} INFO - Processing file /opt/airflow/dags/etl.py for tasks to queue
[2026-02-01T22:06:58.138+0000] {logging_mixin.py:188} INFO - [2026-02-01T22:06:58.138+0000] {dagbag.py:545} INFO - Filling up the DagBag from /opt/airflow/dags/etl.py
[2026-02-01T22:06:58.451+0000] {processor.py:840} INFO - DAG(s) 'etl_pipeline_final' retrieved from /opt/airflow/dags/etl.py
[2026-02-01T22:06:58.473+0000] {logging_mixin.py:188} INFO - [2026-02-01T22:06:58.473+0000] {dag.py:3096} INFO - Sync 1 DAGs
[2026-02-01T22:06:58.495+0000] {logging_mixin.py:188} INFO - [2026-02-01T22:06:58.495+0000] {dag.py:3954} INFO - Setting next_dagrun for etl_pipeline_final to 2026-01-31 00:00:00+00:00, run_after=2026-02-01 00:00:00+00:00
[2026-02-01T22:06:58.514+0000] {processor.py:183} INFO - Processing /opt/airflow/dags/etl.py took 0.382 seconds
[2026-02-01T22:07:28.653+0000] {processor.py:161} INFO - Started process (PID=38416) to work on /opt/airflow/dags/etl.py
[2026-02-01T22:07:28.654+0000] {processor.py:830} INFO - Processing file /opt/airflow/dags/etl.py for tasks to queue
[2026-02-01T22:07:28.655+0000] {logging_mixin.py:188} INFO - [2026-02-01T22:07:28.655+0000] {dagbag.py:545} INFO - Filling up the DagBag from /opt/airflow/dags/etl.py
[2026-02-01T22:07:28.930+0000] {processor.py:840} INFO - DAG(s) 'etl_pipeline_final' retrieved from /opt/airflow/dags/etl.py
[2026-02-01T22:07:28.946+0000] {logging_mixin.py:188} INFO - [2026-02-01T22:07:28.946+0000] {dag.py:3096} INFO - Sync 1 DAGs
[2026-02-01T22:07:28.961+0000] {logging_mixin.py:188} INFO - [2026-02-01T22:07:28.961+0000] {dag.py:3954} INFO - Setting next_dagrun for etl_pipeline_final to 2026-01-31 00:00:00+00:00, run_after=2026-02-01 00:00:00+00:00
[2026-02-01T22:07:28.975+0000] {processor.py:183} INFO - Processing /opt/airflow/dags/etl.py took 0.326 seconds
[2026-02-01T22:07:59.948+0000] {processor.py:161} INFO - Started process (PID=38463) to work on /opt/airflow/dags/etl.py
[2026-02-01T22:07:59.951+0000] {processor.py:830} INFO - Processing file /opt/airflow/dags/etl.py for tasks to queue
[2026-02-01T22:07:59.952+0000] {logging_mixin.py:188} INFO - [2026-02-01T22:07:59.952+0000] {dagbag.py:545} INFO - Filling up the DagBag from /opt/airflow/dags/etl.py
[2026-02-01T22:08:00.247+0000] {processor.py:840} INFO - DAG(s) 'etl_pipeline_final' retrieved from /opt/airflow/dags/etl.py
[2026-02-01T22:08:00.265+0000] {logging_mixin.py:188} INFO - [2026-02-01T22:08:00.265+0000] {dag.py:3096} INFO - Sync 1 DAGs
[2026-02-01T22:08:00.282+0000] {logging_mixin.py:188} INFO - [2026-02-01T22:08:00.281+0000] {dag.py:3954} INFO - Setting next_dagrun for etl_pipeline_final to 2026-01-31 00:00:00+00:00, run_after=2026-02-01 00:00:00+00:00
[2026-02-01T22:08:00.297+0000] {processor.py:183} INFO - Processing /opt/airflow/dags/etl.py took 0.353 seconds
[2026-02-01T22:08:30.768+0000] {processor.py:161} INFO - Started process (PID=38507) to work on /opt/airflow/dags/etl.py
[2026-02-01T22:08:30.769+0000] {processor.py:830} INFO - Processing file /opt/airflow/dags/etl.py for tasks to queue
[2026-02-01T22:08:30.770+0000] {logging_mixin.py:188} INFO - [2026-02-01T22:08:30.770+0000] {dagbag.py:545} INFO - Filling up the DagBag from /opt/airflow/dags/etl.py
[2026-02-01T22:08:31.057+0000] {processor.py:840} INFO - DAG(s) 'etl_pipeline_final' retrieved from /opt/airflow/dags/etl.py
[2026-02-01T22:08:31.076+0000] {logging_mixin.py:188} INFO - [2026-02-01T22:08:31.075+0000] {dag.py:3096} INFO - Sync 1 DAGs
[2026-02-01T22:08:31.091+0000] {logging_mixin.py:188} INFO - [2026-02-01T22:08:31.091+0000] {dag.py:3954} INFO - Setting next_dagrun for etl_pipeline_final to 2026-01-31 00:00:00+00:00, run_after=2026-02-01 00:00:00+00:00
[2026-02-01T22:08:31.107+0000] {processor.py:183} INFO - Processing /opt/airflow/dags/etl.py took 0.343 seconds
[2026-02-01T22:09:04.589+0000] {processor.py:161} INFO - Started process (PID=38554) to work on /opt/airflow/dags/etl.py
[2026-02-01T22:09:04.591+0000] {processor.py:830} INFO - Processing file /opt/airflow/dags/etl.py for tasks to queue
[2026-02-01T22:09:04.594+0000] {logging_mixin.py:188} INFO - [2026-02-01T22:09:04.594+0000] {dagbag.py:545} INFO - Filling up the DagBag from /opt/airflow/dags/etl.py
[2026-02-01T22:09:04.904+0000] {processor.py:840} INFO - DAG(s) 'etl_pipeline_final' retrieved from /opt/airflow/dags/etl.py
[2026-02-01T22:09:04.928+0000] {logging_mixin.py:188} INFO - [2026-02-01T22:09:04.927+0000] {dag.py:3096} INFO - Sync 1 DAGs
[2026-02-01T22:09:04.942+0000] {logging_mixin.py:188} INFO - [2026-02-01T22:09:04.942+0000] {dag.py:3954} INFO - Setting next_dagrun for etl_pipeline_final to 2026-01-31 00:00:00+00:00, run_after=2026-02-01 00:00:00+00:00
[2026-02-01T22:09:04.959+0000] {processor.py:183} INFO - Processing /opt/airflow/dags/etl.py took 0.377 seconds
[2026-02-01T22:09:37.489+0000] {processor.py:161} INFO - Started process (PID=38600) to work on /opt/airflow/dags/etl.py
[2026-02-01T22:09:37.490+0000] {processor.py:830} INFO - Processing file /opt/airflow/dags/etl.py for tasks to queue
[2026-02-01T22:09:37.492+0000] {logging_mixin.py:188} INFO - [2026-02-01T22:09:37.492+0000] {dagbag.py:545} INFO - Filling up the DagBag from /opt/airflow/dags/etl.py
[2026-02-01T22:09:37.913+0000] {processor.py:840} INFO - DAG(s) 'etl_pipeline_final' retrieved from /opt/airflow/dags/etl.py
[2026-02-01T22:09:37.934+0000] {logging_mixin.py:188} INFO - [2026-02-01T22:09:37.933+0000] {dag.py:3096} INFO - Sync 1 DAGs
[2026-02-01T22:09:37.951+0000] {logging_mixin.py:188} INFO - [2026-02-01T22:09:37.951+0000] {dag.py:3954} INFO - Setting next_dagrun for etl_pipeline_final to 2026-01-31 00:00:00+00:00, run_after=2026-02-01 00:00:00+00:00
[2026-02-01T22:09:37.967+0000] {processor.py:183} INFO - Processing /opt/airflow/dags/etl.py took 0.485 seconds
[2026-02-01T22:10:11.396+0000] {processor.py:161} INFO - Started process (PID=38648) to work on /opt/airflow/dags/etl.py
[2026-02-01T22:10:11.398+0000] {processor.py:830} INFO - Processing file /opt/airflow/dags/etl.py for tasks to queue
[2026-02-01T22:10:11.399+0000] {logging_mixin.py:188} INFO - [2026-02-01T22:10:11.398+0000] {dagbag.py:545} INFO - Filling up the DagBag from /opt/airflow/dags/etl.py
[2026-02-01T22:10:11.684+0000] {processor.py:840} INFO - DAG(s) 'etl_pipeline_final' retrieved from /opt/airflow/dags/etl.py
[2026-02-01T22:10:11.701+0000] {logging_mixin.py:188} INFO - [2026-02-01T22:10:11.701+0000] {dag.py:3096} INFO - Sync 1 DAGs
[2026-02-01T22:10:11.714+0000] {logging_mixin.py:188} INFO - [2026-02-01T22:10:11.714+0000] {dag.py:3954} INFO - Setting next_dagrun for etl_pipeline_final to 2026-01-31 00:00:00+00:00, run_after=2026-02-01 00:00:00+00:00
[2026-02-01T22:10:11.727+0000] {processor.py:183} INFO - Processing /opt/airflow/dags/etl.py took 0.335 seconds
[2026-02-01T22:10:44.323+0000] {processor.py:161} INFO - Started process (PID=38695) to work on /opt/airflow/dags/etl.py
[2026-02-01T22:10:44.323+0000] {processor.py:830} INFO - Processing file /opt/airflow/dags/etl.py for tasks to queue
[2026-02-01T22:10:44.325+0000] {logging_mixin.py:188} INFO - [2026-02-01T22:10:44.324+0000] {dagbag.py:545} INFO - Filling up the DagBag from /opt/airflow/dags/etl.py
[2026-02-01T22:10:44.637+0000] {processor.py:840} INFO - DAG(s) 'etl_pipeline_final' retrieved from /opt/airflow/dags/etl.py
[2026-02-01T22:10:44.665+0000] {logging_mixin.py:188} INFO - [2026-02-01T22:10:44.664+0000] {dag.py:3096} INFO - Sync 1 DAGs
[2026-02-01T22:10:44.689+0000] {logging_mixin.py:188} INFO - [2026-02-01T22:10:44.689+0000] {dag.py:3954} INFO - Setting next_dagrun for etl_pipeline_final to 2026-01-31 00:00:00+00:00, run_after=2026-02-01 00:00:00+00:00
[2026-02-01T22:10:44.715+0000] {processor.py:183} INFO - Processing /opt/airflow/dags/etl.py took 0.396 seconds
[2026-02-01T22:11:17.829+0000] {processor.py:161} INFO - Started process (PID=38743) to work on /opt/airflow/dags/etl.py
[2026-02-01T22:11:17.832+0000] {processor.py:830} INFO - Processing file /opt/airflow/dags/etl.py for tasks to queue
[2026-02-01T22:11:17.834+0000] {logging_mixin.py:188} INFO - [2026-02-01T22:11:17.834+0000] {dagbag.py:545} INFO - Filling up the DagBag from /opt/airflow/dags/etl.py
[2026-02-01T22:11:18.603+0000] {processor.py:840} INFO - DAG(s) 'etl_pipeline_final' retrieved from /opt/airflow/dags/etl.py
[2026-02-01T22:11:18.638+0000] {logging_mixin.py:188} INFO - [2026-02-01T22:11:18.638+0000] {dag.py:3096} INFO - Sync 1 DAGs
[2026-02-01T22:11:18.666+0000] {logging_mixin.py:188} INFO - [2026-02-01T22:11:18.666+0000] {dag.py:3954} INFO - Setting next_dagrun for etl_pipeline_final to 2026-01-31 00:00:00+00:00, run_after=2026-02-01 00:00:00+00:00
[2026-02-01T22:11:18.699+0000] {processor.py:183} INFO - Processing /opt/airflow/dags/etl.py took 0.885 seconds
[2026-02-01T22:11:51.346+0000] {processor.py:161} INFO - Started process (PID=38790) to work on /opt/airflow/dags/etl.py
[2026-02-01T22:11:51.346+0000] {processor.py:830} INFO - Processing file /opt/airflow/dags/etl.py for tasks to queue
[2026-02-01T22:11:51.347+0000] {logging_mixin.py:188} INFO - [2026-02-01T22:11:51.347+0000] {dagbag.py:545} INFO - Filling up the DagBag from /opt/airflow/dags/etl.py
[2026-02-01T22:11:51.668+0000] {processor.py:840} INFO - DAG(s) 'etl_pipeline_final' retrieved from /opt/airflow/dags/etl.py
[2026-02-01T22:11:51.689+0000] {logging_mixin.py:188} INFO - [2026-02-01T22:11:51.688+0000] {dag.py:3096} INFO - Sync 1 DAGs
[2026-02-01T22:11:51.707+0000] {logging_mixin.py:188} INFO - [2026-02-01T22:11:51.707+0000] {dag.py:3954} INFO - Setting next_dagrun for etl_pipeline_final to 2026-01-31 00:00:00+00:00, run_after=2026-02-01 00:00:00+00:00
[2026-02-01T22:11:51.725+0000] {processor.py:183} INFO - Processing /opt/airflow/dags/etl.py took 0.384 seconds
[2026-02-01T22:12:24.590+0000] {processor.py:161} INFO - Started process (PID=38837) to work on /opt/airflow/dags/etl.py
[2026-02-01T22:12:24.591+0000] {processor.py:830} INFO - Processing file /opt/airflow/dags/etl.py for tasks to queue
[2026-02-01T22:12:24.592+0000] {logging_mixin.py:188} INFO - [2026-02-01T22:12:24.591+0000] {dagbag.py:545} INFO - Filling up the DagBag from /opt/airflow/dags/etl.py
[2026-02-01T22:12:24.920+0000] {processor.py:840} INFO - DAG(s) 'etl_pipeline_final' retrieved from /opt/airflow/dags/etl.py
[2026-02-01T22:12:24.949+0000] {logging_mixin.py:188} INFO - [2026-02-01T22:12:24.949+0000] {dag.py:3096} INFO - Sync 1 DAGs
[2026-02-01T22:12:24.981+0000] {logging_mixin.py:188} INFO - [2026-02-01T22:12:24.981+0000] {dag.py:3954} INFO - Setting next_dagrun for etl_pipeline_final to 2026-01-31 00:00:00+00:00, run_after=2026-02-01 00:00:00+00:00
[2026-02-01T22:12:25.005+0000] {processor.py:183} INFO - Processing /opt/airflow/dags/etl.py took 0.419 seconds
[2026-02-01T22:13:00.356+0000] {processor.py:161} INFO - Started process (PID=38891) to work on /opt/airflow/dags/etl.py
[2026-02-01T22:13:00.356+0000] {processor.py:830} INFO - Processing file /opt/airflow/dags/etl.py for tasks to queue
[2026-02-01T22:13:00.359+0000] {logging_mixin.py:188} INFO - [2026-02-01T22:13:00.358+0000] {dagbag.py:545} INFO - Filling up the DagBag from /opt/airflow/dags/etl.py
[2026-02-01T22:13:00.779+0000] {processor.py:840} INFO - DAG(s) 'etl_pipeline_final' retrieved from /opt/airflow/dags/etl.py
[2026-02-01T22:13:00.802+0000] {logging_mixin.py:188} INFO - [2026-02-01T22:13:00.802+0000] {dag.py:3096} INFO - Sync 1 DAGs
[2026-02-01T22:13:00.821+0000] {logging_mixin.py:188} INFO - [2026-02-01T22:13:00.821+0000] {dag.py:3954} INFO - Setting next_dagrun for etl_pipeline_final to 2026-01-31 00:00:00+00:00, run_after=2026-02-01 00:00:00+00:00
[2026-02-01T22:13:00.839+0000] {processor.py:183} INFO - Processing /opt/airflow/dags/etl.py took 0.490 seconds
[2026-02-01T22:13:32.470+0000] {processor.py:161} INFO - Started process (PID=38938) to work on /opt/airflow/dags/etl.py
[2026-02-01T22:13:32.472+0000] {processor.py:830} INFO - Processing file /opt/airflow/dags/etl.py for tasks to queue
[2026-02-01T22:13:32.474+0000] {logging_mixin.py:188} INFO - [2026-02-01T22:13:32.474+0000] {dagbag.py:545} INFO - Filling up the DagBag from /opt/airflow/dags/etl.py
[2026-02-01T22:13:32.935+0000] {processor.py:840} INFO - DAG(s) 'etl_pipeline_final' retrieved from /opt/airflow/dags/etl.py
[2026-02-01T22:13:32.974+0000] {logging_mixin.py:188} INFO - [2026-02-01T22:13:32.974+0000] {dag.py:3096} INFO - Sync 1 DAGs
[2026-02-01T22:13:33.005+0000] {logging_mixin.py:188} INFO - [2026-02-01T22:13:33.005+0000] {dag.py:3954} INFO - Setting next_dagrun for etl_pipeline_final to 2026-01-31 00:00:00+00:00, run_after=2026-02-01 00:00:00+00:00
[2026-02-01T22:13:33.034+0000] {processor.py:183} INFO - Processing /opt/airflow/dags/etl.py took 0.570 seconds
[2026-02-01T22:14:06.422+0000] {processor.py:161} INFO - Started process (PID=38985) to work on /opt/airflow/dags/etl.py
[2026-02-01T22:14:06.423+0000] {processor.py:830} INFO - Processing file /opt/airflow/dags/etl.py for tasks to queue
[2026-02-01T22:14:06.425+0000] {logging_mixin.py:188} INFO - [2026-02-01T22:14:06.425+0000] {dagbag.py:545} INFO - Filling up the DagBag from /opt/airflow/dags/etl.py
[2026-02-01T22:14:06.913+0000] {processor.py:840} INFO - DAG(s) 'etl_pipeline_final' retrieved from /opt/airflow/dags/etl.py
[2026-02-01T22:14:06.938+0000] {logging_mixin.py:188} INFO - [2026-02-01T22:14:06.937+0000] {dag.py:3096} INFO - Sync 1 DAGs
[2026-02-01T22:14:06.958+0000] {logging_mixin.py:188} INFO - [2026-02-01T22:14:06.958+0000] {dag.py:3954} INFO - Setting next_dagrun for etl_pipeline_final to 2026-01-31 00:00:00+00:00, run_after=2026-02-01 00:00:00+00:00
[2026-02-01T22:14:06.981+0000] {processor.py:183} INFO - Processing /opt/airflow/dags/etl.py took 0.565 seconds
[2026-02-01T22:14:40.187+0000] {processor.py:161} INFO - Started process (PID=39032) to work on /opt/airflow/dags/etl.py
[2026-02-01T22:14:40.189+0000] {processor.py:830} INFO - Processing file /opt/airflow/dags/etl.py for tasks to queue
[2026-02-01T22:14:40.192+0000] {logging_mixin.py:188} INFO - [2026-02-01T22:14:40.191+0000] {dagbag.py:545} INFO - Filling up the DagBag from /opt/airflow/dags/etl.py
[2026-02-01T22:14:40.620+0000] {processor.py:840} INFO - DAG(s) 'etl_pipeline_final' retrieved from /opt/airflow/dags/etl.py
[2026-02-01T22:14:40.657+0000] {logging_mixin.py:188} INFO - [2026-02-01T22:14:40.656+0000] {dag.py:3096} INFO - Sync 1 DAGs
[2026-02-01T22:14:40.695+0000] {logging_mixin.py:188} INFO - [2026-02-01T22:14:40.695+0000] {dag.py:3954} INFO - Setting next_dagrun for etl_pipeline_final to 2026-01-31 00:00:00+00:00, run_after=2026-02-01 00:00:00+00:00
[2026-02-01T22:14:40.719+0000] {processor.py:183} INFO - Processing /opt/airflow/dags/etl.py took 0.539 seconds
[2026-02-01T22:15:13.227+0000] {processor.py:161} INFO - Started process (PID=39079) to work on /opt/airflow/dags/etl.py
[2026-02-01T22:15:13.228+0000] {processor.py:830} INFO - Processing file /opt/airflow/dags/etl.py for tasks to queue
[2026-02-01T22:15:13.230+0000] {logging_mixin.py:188} INFO - [2026-02-01T22:15:13.230+0000] {dagbag.py:545} INFO - Filling up the DagBag from /opt/airflow/dags/etl.py
[2026-02-01T22:15:13.663+0000] {processor.py:840} INFO - DAG(s) 'etl_pipeline_final' retrieved from /opt/airflow/dags/etl.py
[2026-02-01T22:15:13.687+0000] {logging_mixin.py:188} INFO - [2026-02-01T22:15:13.685+0000] {dag.py:3096} INFO - Sync 1 DAGs
[2026-02-01T22:15:13.706+0000] {logging_mixin.py:188} INFO - [2026-02-01T22:15:13.705+0000] {dag.py:3954} INFO - Setting next_dagrun for etl_pipeline_final to 2026-01-31 00:00:00+00:00, run_after=2026-02-01 00:00:00+00:00
[2026-02-01T22:15:13.724+0000] {processor.py:183} INFO - Processing /opt/airflow/dags/etl.py took 0.507 seconds
[2026-02-01T22:15:45.970+0000] {processor.py:161} INFO - Started process (PID=39126) to work on /opt/airflow/dags/etl.py
[2026-02-01T22:15:45.972+0000] {processor.py:830} INFO - Processing file /opt/airflow/dags/etl.py for tasks to queue
[2026-02-01T22:15:45.975+0000] {logging_mixin.py:188} INFO - [2026-02-01T22:15:45.974+0000] {dagbag.py:545} INFO - Filling up the DagBag from /opt/airflow/dags/etl.py
[2026-02-01T22:15:46.441+0000] {processor.py:840} INFO - DAG(s) 'etl_pipeline_final' retrieved from /opt/airflow/dags/etl.py
[2026-02-01T22:15:46.473+0000] {logging_mixin.py:188} INFO - [2026-02-01T22:15:46.472+0000] {dag.py:3096} INFO - Sync 1 DAGs
[2026-02-01T22:15:46.492+0000] {logging_mixin.py:188} INFO - [2026-02-01T22:15:46.492+0000] {dag.py:3954} INFO - Setting next_dagrun for etl_pipeline_final to 2026-01-31 00:00:00+00:00, run_after=2026-02-01 00:00:00+00:00
[2026-02-01T22:15:46.515+0000] {processor.py:183} INFO - Processing /opt/airflow/dags/etl.py took 0.553 seconds
[2026-02-01T22:16:19.931+0000] {processor.py:161} INFO - Started process (PID=39173) to work on /opt/airflow/dags/etl.py
[2026-02-01T22:16:19.932+0000] {processor.py:830} INFO - Processing file /opt/airflow/dags/etl.py for tasks to queue
[2026-02-01T22:16:19.934+0000] {logging_mixin.py:188} INFO - [2026-02-01T22:16:19.934+0000] {dagbag.py:545} INFO - Filling up the DagBag from /opt/airflow/dags/etl.py
[2026-02-01T22:16:20.349+0000] {processor.py:840} INFO - DAG(s) 'etl_pipeline_final' retrieved from /opt/airflow/dags/etl.py
[2026-02-01T22:16:20.374+0000] {logging_mixin.py:188} INFO - [2026-02-01T22:16:20.373+0000] {dag.py:3096} INFO - Sync 1 DAGs
[2026-02-01T22:16:20.393+0000] {logging_mixin.py:188} INFO - [2026-02-01T22:16:20.393+0000] {dag.py:3954} INFO - Setting next_dagrun for etl_pipeline_final to 2026-01-31 00:00:00+00:00, run_after=2026-02-01 00:00:00+00:00
[2026-02-01T22:16:20.421+0000] {processor.py:183} INFO - Processing /opt/airflow/dags/etl.py took 0.500 seconds
[2026-02-01T22:16:52.788+0000] {processor.py:161} INFO - Started process (PID=39220) to work on /opt/airflow/dags/etl.py
[2026-02-01T22:16:52.791+0000] {processor.py:830} INFO - Processing file /opt/airflow/dags/etl.py for tasks to queue
[2026-02-01T22:16:52.796+0000] {logging_mixin.py:188} INFO - [2026-02-01T22:16:52.795+0000] {dagbag.py:545} INFO - Filling up the DagBag from /opt/airflow/dags/etl.py
[2026-02-01T22:16:53.313+0000] {processor.py:840} INFO - DAG(s) 'etl_pipeline_final' retrieved from /opt/airflow/dags/etl.py
[2026-02-01T22:16:53.342+0000] {logging_mixin.py:188} INFO - [2026-02-01T22:16:53.341+0000] {dag.py:3096} INFO - Sync 1 DAGs
[2026-02-01T22:16:53.365+0000] {logging_mixin.py:188} INFO - [2026-02-01T22:16:53.365+0000] {dag.py:3954} INFO - Setting next_dagrun for etl_pipeline_final to 2026-01-31 00:00:00+00:00, run_after=2026-02-01 00:00:00+00:00
[2026-02-01T22:16:53.392+0000] {processor.py:183} INFO - Processing /opt/airflow/dags/etl.py took 0.613 seconds
[2026-02-01T22:17:27.069+0000] {processor.py:161} INFO - Started process (PID=39267) to work on /opt/airflow/dags/etl.py
[2026-02-01T22:17:27.070+0000] {processor.py:830} INFO - Processing file /opt/airflow/dags/etl.py for tasks to queue
[2026-02-01T22:17:27.071+0000] {logging_mixin.py:188} INFO - [2026-02-01T22:17:27.071+0000] {dagbag.py:545} INFO - Filling up the DagBag from /opt/airflow/dags/etl.py
[2026-02-01T22:17:27.561+0000] {processor.py:840} INFO - DAG(s) 'etl_pipeline_final' retrieved from /opt/airflow/dags/etl.py
[2026-02-01T22:17:27.594+0000] {logging_mixin.py:188} INFO - [2026-02-01T22:17:27.593+0000] {dag.py:3096} INFO - Sync 1 DAGs
[2026-02-01T22:17:27.622+0000] {logging_mixin.py:188} INFO - [2026-02-01T22:17:27.621+0000] {dag.py:3954} INFO - Setting next_dagrun for etl_pipeline_final to 2026-01-31 00:00:00+00:00, run_after=2026-02-01 00:00:00+00:00
[2026-02-01T22:17:27.649+0000] {processor.py:183} INFO - Processing /opt/airflow/dags/etl.py took 0.587 seconds
[2026-02-01T22:18:00.931+0000] {processor.py:161} INFO - Started process (PID=39314) to work on /opt/airflow/dags/etl.py
[2026-02-01T22:18:00.934+0000] {processor.py:830} INFO - Processing file /opt/airflow/dags/etl.py for tasks to queue
[2026-02-01T22:18:00.938+0000] {logging_mixin.py:188} INFO - [2026-02-01T22:18:00.937+0000] {dagbag.py:545} INFO - Filling up the DagBag from /opt/airflow/dags/etl.py
[2026-02-01T22:18:01.531+0000] {processor.py:840} INFO - DAG(s) 'etl_pipeline_final' retrieved from /opt/airflow/dags/etl.py
[2026-02-01T22:18:01.565+0000] {logging_mixin.py:188} INFO - [2026-02-01T22:18:01.564+0000] {dag.py:3096} INFO - Sync 1 DAGs
[2026-02-01T22:18:01.603+0000] {logging_mixin.py:188} INFO - [2026-02-01T22:18:01.603+0000] {dag.py:3954} INFO - Setting next_dagrun for etl_pipeline_final to 2026-01-31 00:00:00+00:00, run_after=2026-02-01 00:00:00+00:00
[2026-02-01T22:18:01.633+0000] {processor.py:183} INFO - Processing /opt/airflow/dags/etl.py took 0.715 seconds
[2026-02-01T22:18:33.761+0000] {processor.py:161} INFO - Started process (PID=39361) to work on /opt/airflow/dags/etl.py
[2026-02-01T22:18:33.762+0000] {processor.py:830} INFO - Processing file /opt/airflow/dags/etl.py for tasks to queue
[2026-02-01T22:18:33.764+0000] {logging_mixin.py:188} INFO - [2026-02-01T22:18:33.764+0000] {dagbag.py:545} INFO - Filling up the DagBag from /opt/airflow/dags/etl.py
[2026-02-01T22:18:34.206+0000] {processor.py:840} INFO - DAG(s) 'etl_pipeline_final' retrieved from /opt/airflow/dags/etl.py
[2026-02-01T22:18:34.241+0000] {logging_mixin.py:188} INFO - [2026-02-01T22:18:34.237+0000] {dag.py:3096} INFO - Sync 1 DAGs
[2026-02-01T22:18:34.267+0000] {logging_mixin.py:188} INFO - [2026-02-01T22:18:34.267+0000] {dag.py:3954} INFO - Setting next_dagrun for etl_pipeline_final to 2026-01-31 00:00:00+00:00, run_after=2026-02-01 00:00:00+00:00
[2026-02-01T22:18:34.302+0000] {processor.py:183} INFO - Processing /opt/airflow/dags/etl.py took 0.547 seconds
[2026-02-01T22:19:07.624+0000] {processor.py:161} INFO - Started process (PID=39388) to work on /opt/airflow/dags/etl.py
[2026-02-01T22:19:07.637+0000] {processor.py:830} INFO - Processing file /opt/airflow/dags/etl.py for tasks to queue
[2026-02-01T22:19:07.647+0000] {logging_mixin.py:188} INFO - [2026-02-01T22:19:07.647+0000] {dagbag.py:545} INFO - Filling up the DagBag from /opt/airflow/dags/etl.py
[2026-02-01T22:19:08.346+0000] {processor.py:840} INFO - DAG(s) 'etl_pipeline_final' retrieved from /opt/airflow/dags/etl.py
[2026-02-01T22:19:08.378+0000] {logging_mixin.py:188} INFO - [2026-02-01T22:19:08.377+0000] {dag.py:3096} INFO - Sync 1 DAGs
[2026-02-01T22:19:08.404+0000] {logging_mixin.py:188} INFO - [2026-02-01T22:19:08.404+0000] {dag.py:3954} INFO - Setting next_dagrun for etl_pipeline_final to 2026-01-31 00:00:00+00:00, run_after=2026-02-01 00:00:00+00:00
[2026-02-01T22:19:08.434+0000] {processor.py:183} INFO - Processing /opt/airflow/dags/etl.py took 0.820 seconds
[2026-02-01T22:19:38.615+0000] {processor.py:161} INFO - Started process (PID=39428) to work on /opt/airflow/dags/etl.py
[2026-02-01T22:19:38.616+0000] {processor.py:830} INFO - Processing file /opt/airflow/dags/etl.py for tasks to queue
[2026-02-01T22:19:38.617+0000] {logging_mixin.py:188} INFO - [2026-02-01T22:19:38.617+0000] {dagbag.py:545} INFO - Filling up the DagBag from /opt/airflow/dags/etl.py
[2026-02-01T22:19:39.131+0000] {processor.py:840} INFO - DAG(s) 'etl_pipeline_final' retrieved from /opt/airflow/dags/etl.py
[2026-02-01T22:19:39.162+0000] {logging_mixin.py:188} INFO - [2026-02-01T22:19:39.162+0000] {dag.py:3096} INFO - Sync 1 DAGs
[2026-02-01T22:19:39.191+0000] {logging_mixin.py:188} INFO - [2026-02-01T22:19:39.190+0000] {dag.py:3954} INFO - Setting next_dagrun for etl_pipeline_final to 2026-01-31 00:00:00+00:00, run_after=2026-02-01 00:00:00+00:00
[2026-02-01T22:19:39.224+0000] {processor.py:183} INFO - Processing /opt/airflow/dags/etl.py took 0.616 seconds
[2026-02-01T22:20:09.895+0000] {processor.py:161} INFO - Started process (PID=39471) to work on /opt/airflow/dags/etl.py
[2026-02-01T22:20:09.897+0000] {processor.py:830} INFO - Processing file /opt/airflow/dags/etl.py for tasks to queue
[2026-02-01T22:20:09.898+0000] {logging_mixin.py:188} INFO - [2026-02-01T22:20:09.898+0000] {dagbag.py:545} INFO - Filling up the DagBag from /opt/airflow/dags/etl.py
[2026-02-01T22:20:10.276+0000] {processor.py:840} INFO - DAG(s) 'etl_pipeline_final' retrieved from /opt/airflow/dags/etl.py
[2026-02-01T22:20:10.297+0000] {logging_mixin.py:188} INFO - [2026-02-01T22:20:10.296+0000] {dag.py:3096} INFO - Sync 1 DAGs
[2026-02-01T22:20:10.312+0000] {logging_mixin.py:188} INFO - [2026-02-01T22:20:10.312+0000] {dag.py:3954} INFO - Setting next_dagrun for etl_pipeline_final to 2026-01-31 00:00:00+00:00, run_after=2026-02-01 00:00:00+00:00
[2026-02-01T22:20:10.331+0000] {processor.py:183} INFO - Processing /opt/airflow/dags/etl.py took 0.442 seconds
[2026-02-01T22:20:40.529+0000] {processor.py:161} INFO - Started process (PID=39518) to work on /opt/airflow/dags/etl.py
[2026-02-01T22:20:40.531+0000] {processor.py:830} INFO - Processing file /opt/airflow/dags/etl.py for tasks to queue
[2026-02-01T22:20:40.533+0000] {logging_mixin.py:188} INFO - [2026-02-01T22:20:40.533+0000] {dagbag.py:545} INFO - Filling up the DagBag from /opt/airflow/dags/etl.py
[2026-02-01T22:20:40.921+0000] {processor.py:840} INFO - DAG(s) 'etl_pipeline_final' retrieved from /opt/airflow/dags/etl.py
[2026-02-01T22:20:40.944+0000] {logging_mixin.py:188} INFO - [2026-02-01T22:20:40.943+0000] {dag.py:3096} INFO - Sync 1 DAGs
[2026-02-01T22:20:40.959+0000] {logging_mixin.py:188} INFO - [2026-02-01T22:20:40.959+0000] {dag.py:3954} INFO - Setting next_dagrun for etl_pipeline_final to 2026-01-31 00:00:00+00:00, run_after=2026-02-01 00:00:00+00:00
[2026-02-01T22:20:40.981+0000] {processor.py:183} INFO - Processing /opt/airflow/dags/etl.py took 0.470 seconds
[2026-02-01T22:21:11.064+0000] {processor.py:161} INFO - Started process (PID=39565) to work on /opt/airflow/dags/etl.py
[2026-02-01T22:21:11.067+0000] {processor.py:830} INFO - Processing file /opt/airflow/dags/etl.py for tasks to queue
[2026-02-01T22:21:11.069+0000] {logging_mixin.py:188} INFO - [2026-02-01T22:21:11.068+0000] {dagbag.py:545} INFO - Filling up the DagBag from /opt/airflow/dags/etl.py
[2026-02-01T22:21:11.387+0000] {processor.py:840} INFO - DAG(s) 'etl_pipeline_final' retrieved from /opt/airflow/dags/etl.py
[2026-02-01T22:21:11.405+0000] {logging_mixin.py:188} INFO - [2026-02-01T22:21:11.404+0000] {dag.py:3096} INFO - Sync 1 DAGs
[2026-02-01T22:21:11.421+0000] {logging_mixin.py:188} INFO - [2026-02-01T22:21:11.421+0000] {dag.py:3954} INFO - Setting next_dagrun for etl_pipeline_final to 2026-01-31 00:00:00+00:00, run_after=2026-02-01 00:00:00+00:00
[2026-02-01T22:21:11.436+0000] {processor.py:183} INFO - Processing /opt/airflow/dags/etl.py took 0.377 seconds
[2026-02-01T22:21:41.896+0000] {processor.py:161} INFO - Started process (PID=39612) to work on /opt/airflow/dags/etl.py
[2026-02-01T22:21:41.896+0000] {processor.py:830} INFO - Processing file /opt/airflow/dags/etl.py for tasks to queue
[2026-02-01T22:21:41.898+0000] {logging_mixin.py:188} INFO - [2026-02-01T22:21:41.897+0000] {dagbag.py:545} INFO - Filling up the DagBag from /opt/airflow/dags/etl.py
[2026-02-01T22:21:42.218+0000] {processor.py:840} INFO - DAG(s) 'etl_pipeline_final' retrieved from /opt/airflow/dags/etl.py
[2026-02-01T22:21:42.241+0000] {logging_mixin.py:188} INFO - [2026-02-01T22:21:42.239+0000] {dag.py:3096} INFO - Sync 1 DAGs
[2026-02-01T22:21:42.257+0000] {logging_mixin.py:188} INFO - [2026-02-01T22:21:42.256+0000] {dag.py:3954} INFO - Setting next_dagrun for etl_pipeline_final to 2026-01-31 00:00:00+00:00, run_after=2026-02-01 00:00:00+00:00
[2026-02-01T22:21:42.273+0000] {processor.py:183} INFO - Processing /opt/airflow/dags/etl.py took 0.382 seconds
[2026-02-01T22:22:12.647+0000] {processor.py:161} INFO - Started process (PID=39659) to work on /opt/airflow/dags/etl.py
[2026-02-01T22:22:12.649+0000] {processor.py:830} INFO - Processing file /opt/airflow/dags/etl.py for tasks to queue
[2026-02-01T22:22:12.651+0000] {logging_mixin.py:188} INFO - [2026-02-01T22:22:12.651+0000] {dagbag.py:545} INFO - Filling up the DagBag from /opt/airflow/dags/etl.py
[2026-02-01T22:22:13.021+0000] {processor.py:840} INFO - DAG(s) 'etl_pipeline_final' retrieved from /opt/airflow/dags/etl.py
[2026-02-01T22:22:13.043+0000] {logging_mixin.py:188} INFO - [2026-02-01T22:22:13.043+0000] {dag.py:3096} INFO - Sync 1 DAGs
[2026-02-01T22:22:13.059+0000] {logging_mixin.py:188} INFO - [2026-02-01T22:22:13.059+0000] {dag.py:3954} INFO - Setting next_dagrun for etl_pipeline_final to 2026-01-31 00:00:00+00:00, run_after=2026-02-01 00:00:00+00:00
[2026-02-01T22:22:13.076+0000] {processor.py:183} INFO - Processing /opt/airflow/dags/etl.py took 0.433 seconds
[2026-02-01T22:22:43.256+0000] {processor.py:161} INFO - Started process (PID=39700) to work on /opt/airflow/dags/etl.py
[2026-02-01T22:22:43.257+0000] {processor.py:830} INFO - Processing file /opt/airflow/dags/etl.py for tasks to queue
[2026-02-01T22:22:43.258+0000] {logging_mixin.py:188} INFO - [2026-02-01T22:22:43.258+0000] {dagbag.py:545} INFO - Filling up the DagBag from /opt/airflow/dags/etl.py
[2026-02-01T22:22:43.543+0000] {processor.py:840} INFO - DAG(s) 'etl_pipeline_final' retrieved from /opt/airflow/dags/etl.py
[2026-02-01T22:22:43.561+0000] {logging_mixin.py:188} INFO - [2026-02-01T22:22:43.561+0000] {dag.py:3096} INFO - Sync 1 DAGs
[2026-02-01T22:22:43.578+0000] {logging_mixin.py:188} INFO - [2026-02-01T22:22:43.577+0000] {dag.py:3954} INFO - Setting next_dagrun for etl_pipeline_final to 2026-01-31 00:00:00+00:00, run_after=2026-02-01 00:00:00+00:00
[2026-02-01T22:22:43.591+0000] {processor.py:183} INFO - Processing /opt/airflow/dags/etl.py took 0.339 seconds
[2026-02-01T22:23:13.863+0000] {processor.py:161} INFO - Started process (PID=39747) to work on /opt/airflow/dags/etl.py
[2026-02-01T22:23:13.865+0000] {processor.py:830} INFO - Processing file /opt/airflow/dags/etl.py for tasks to queue
[2026-02-01T22:23:13.867+0000] {logging_mixin.py:188} INFO - [2026-02-01T22:23:13.867+0000] {dagbag.py:545} INFO - Filling up the DagBag from /opt/airflow/dags/etl.py
[2026-02-01T22:23:14.297+0000] {processor.py:840} INFO - DAG(s) 'etl_pipeline_final' retrieved from /opt/airflow/dags/etl.py
[2026-02-01T22:23:14.318+0000] {logging_mixin.py:188} INFO - [2026-02-01T22:23:14.318+0000] {dag.py:3096} INFO - Sync 1 DAGs
[2026-02-01T22:23:14.338+0000] {logging_mixin.py:188} INFO - [2026-02-01T22:23:14.337+0000] {dag.py:3954} INFO - Setting next_dagrun for etl_pipeline_final to 2026-01-31 00:00:00+00:00, run_after=2026-02-01 00:00:00+00:00
[2026-02-01T22:23:14.362+0000] {processor.py:183} INFO - Processing /opt/airflow/dags/etl.py took 0.506 seconds
[2026-02-01T22:23:44.415+0000] {processor.py:161} INFO - Started process (PID=39777) to work on /opt/airflow/dags/etl.py
[2026-02-01T22:23:44.416+0000] {processor.py:830} INFO - Processing file /opt/airflow/dags/etl.py for tasks to queue
[2026-02-01T22:23:44.417+0000] {logging_mixin.py:188} INFO - [2026-02-01T22:23:44.416+0000] {dagbag.py:545} INFO - Filling up the DagBag from /opt/airflow/dags/etl.py
[2026-02-01T22:23:44.800+0000] {processor.py:840} INFO - DAG(s) 'etl_pipeline_final' retrieved from /opt/airflow/dags/etl.py
[2026-02-01T22:23:44.829+0000] {logging_mixin.py:188} INFO - [2026-02-01T22:23:44.828+0000] {dag.py:3096} INFO - Sync 1 DAGs
[2026-02-01T22:23:44.851+0000] {logging_mixin.py:188} INFO - [2026-02-01T22:23:44.851+0000] {dag.py:3954} INFO - Setting next_dagrun for etl_pipeline_final to 2026-01-31 00:00:00+00:00, run_after=2026-02-01 00:00:00+00:00
[2026-02-01T22:23:44.875+0000] {processor.py:183} INFO - Processing /opt/airflow/dags/etl.py took 0.464 seconds
[2026-02-01T22:24:15.451+0000] {processor.py:161} INFO - Started process (PID=39820) to work on /opt/airflow/dags/etl.py
[2026-02-01T22:24:15.453+0000] {processor.py:830} INFO - Processing file /opt/airflow/dags/etl.py for tasks to queue
[2026-02-01T22:24:15.455+0000] {logging_mixin.py:188} INFO - [2026-02-01T22:24:15.454+0000] {dagbag.py:545} INFO - Filling up the DagBag from /opt/airflow/dags/etl.py
[2026-02-01T22:24:15.746+0000] {processor.py:840} INFO - DAG(s) 'etl_pipeline_final' retrieved from /opt/airflow/dags/etl.py
[2026-02-01T22:24:15.760+0000] {logging_mixin.py:188} INFO - [2026-02-01T22:24:15.760+0000] {dag.py:3096} INFO - Sync 1 DAGs
[2026-02-01T22:24:15.774+0000] {logging_mixin.py:188} INFO - [2026-02-01T22:24:15.774+0000] {dag.py:3954} INFO - Setting next_dagrun for etl_pipeline_final to 2026-01-31 00:00:00+00:00, run_after=2026-02-01 00:00:00+00:00
[2026-02-01T22:24:15.788+0000] {processor.py:183} INFO - Processing /opt/airflow/dags/etl.py took 0.341 seconds
[2026-02-01T22:24:46.312+0000] {processor.py:161} INFO - Started process (PID=39867) to work on /opt/airflow/dags/etl.py
[2026-02-01T22:24:46.313+0000] {processor.py:830} INFO - Processing file /opt/airflow/dags/etl.py for tasks to queue
[2026-02-01T22:24:46.314+0000] {logging_mixin.py:188} INFO - [2026-02-01T22:24:46.314+0000] {dagbag.py:545} INFO - Filling up the DagBag from /opt/airflow/dags/etl.py
[2026-02-01T22:24:46.580+0000] {processor.py:840} INFO - DAG(s) 'etl_pipeline_final' retrieved from /opt/airflow/dags/etl.py
[2026-02-01T22:24:46.596+0000] {logging_mixin.py:188} INFO - [2026-02-01T22:24:46.595+0000] {dag.py:3096} INFO - Sync 1 DAGs
[2026-02-01T22:24:46.608+0000] {logging_mixin.py:188} INFO - [2026-02-01T22:24:46.607+0000] {dag.py:3954} INFO - Setting next_dagrun for etl_pipeline_final to 2026-01-31 00:00:00+00:00, run_after=2026-02-01 00:00:00+00:00
[2026-02-01T22:24:46.621+0000] {processor.py:183} INFO - Processing /opt/airflow/dags/etl.py took 0.312 seconds
[2026-02-01T22:25:17.004+0000] {processor.py:161} INFO - Started process (PID=39914) to work on /opt/airflow/dags/etl.py
[2026-02-01T22:25:17.007+0000] {processor.py:830} INFO - Processing file /opt/airflow/dags/etl.py for tasks to queue
[2026-02-01T22:25:17.008+0000] {logging_mixin.py:188} INFO - [2026-02-01T22:25:17.008+0000] {dagbag.py:545} INFO - Filling up the DagBag from /opt/airflow/dags/etl.py
[2026-02-01T22:25:17.401+0000] {processor.py:840} INFO - DAG(s) 'etl_pipeline_final' retrieved from /opt/airflow/dags/etl.py
[2026-02-01T22:25:17.428+0000] {logging_mixin.py:188} INFO - [2026-02-01T22:25:17.427+0000] {dag.py:3096} INFO - Sync 1 DAGs
[2026-02-01T22:25:17.448+0000] {logging_mixin.py:188} INFO - [2026-02-01T22:25:17.448+0000] {dag.py:3954} INFO - Setting next_dagrun for etl_pipeline_final to 2026-01-31 00:00:00+00:00, run_after=2026-02-01 00:00:00+00:00
[2026-02-01T22:25:17.475+0000] {processor.py:183} INFO - Processing /opt/airflow/dags/etl.py took 0.477 seconds
[2026-02-01T22:25:47.711+0000] {processor.py:161} INFO - Started process (PID=39961) to work on /opt/airflow/dags/etl.py
[2026-02-01T22:25:47.711+0000] {processor.py:830} INFO - Processing file /opt/airflow/dags/etl.py for tasks to queue
[2026-02-01T22:25:47.712+0000] {logging_mixin.py:188} INFO - [2026-02-01T22:25:47.712+0000] {dagbag.py:545} INFO - Filling up the DagBag from /opt/airflow/dags/etl.py
[2026-02-01T22:25:48.080+0000] {processor.py:840} INFO - DAG(s) 'etl_pipeline_final' retrieved from /opt/airflow/dags/etl.py
[2026-02-01T22:25:48.103+0000] {logging_mixin.py:188} INFO - [2026-02-01T22:25:48.103+0000] {dag.py:3096} INFO - Sync 1 DAGs
[2026-02-01T22:25:48.123+0000] {logging_mixin.py:188} INFO - [2026-02-01T22:25:48.123+0000] {dag.py:3954} INFO - Setting next_dagrun for etl_pipeline_final to 2026-01-31 00:00:00+00:00, run_after=2026-02-01 00:00:00+00:00
[2026-02-01T22:25:48.146+0000] {processor.py:183} INFO - Processing /opt/airflow/dags/etl.py took 0.440 seconds
[2026-02-01T22:26:20.850+0000] {processor.py:161} INFO - Started process (PID=40003) to work on /opt/airflow/dags/etl.py
[2026-02-01T22:26:20.853+0000] {processor.py:830} INFO - Processing file /opt/airflow/dags/etl.py for tasks to queue
[2026-02-01T22:26:20.856+0000] {logging_mixin.py:188} INFO - [2026-02-01T22:26:20.855+0000] {dagbag.py:545} INFO - Filling up the DagBag from /opt/airflow/dags/etl.py
[2026-02-01T22:26:21.376+0000] {processor.py:840} INFO - DAG(s) 'etl_pipeline_final' retrieved from /opt/airflow/dags/etl.py
[2026-02-01T22:26:21.402+0000] {logging_mixin.py:188} INFO - [2026-02-01T22:26:21.401+0000] {dag.py:3096} INFO - Sync 1 DAGs
[2026-02-01T22:26:21.426+0000] {logging_mixin.py:188} INFO - [2026-02-01T22:26:21.426+0000] {dag.py:3954} INFO - Setting next_dagrun for etl_pipeline_final to 2026-01-31 00:00:00+00:00, run_after=2026-02-01 00:00:00+00:00
[2026-02-01T22:26:21.452+0000] {processor.py:183} INFO - Processing /opt/airflow/dags/etl.py took 0.610 seconds
[2026-02-01T22:26:51.506+0000] {processor.py:161} INFO - Started process (PID=40043) to work on /opt/airflow/dags/etl.py
[2026-02-01T22:26:51.507+0000] {processor.py:830} INFO - Processing file /opt/airflow/dags/etl.py for tasks to queue
[2026-02-01T22:26:51.508+0000] {logging_mixin.py:188} INFO - [2026-02-01T22:26:51.508+0000] {dagbag.py:545} INFO - Filling up the DagBag from /opt/airflow/dags/etl.py
[2026-02-01T22:26:51.853+0000] {processor.py:840} INFO - DAG(s) 'etl_pipeline_final' retrieved from /opt/airflow/dags/etl.py
[2026-02-01T22:26:51.880+0000] {logging_mixin.py:188} INFO - [2026-02-01T22:26:51.880+0000] {dag.py:3096} INFO - Sync 1 DAGs
[2026-02-01T22:26:51.902+0000] {logging_mixin.py:188} INFO - [2026-02-01T22:26:51.902+0000] {dag.py:3954} INFO - Setting next_dagrun for etl_pipeline_final to 2026-01-31 00:00:00+00:00, run_after=2026-02-01 00:00:00+00:00
[2026-02-01T22:26:51.929+0000] {processor.py:183} INFO - Processing /opt/airflow/dags/etl.py took 0.427 seconds
[2026-02-01T22:27:24.727+0000] {processor.py:161} INFO - Started process (PID=40090) to work on /opt/airflow/dags/etl.py
[2026-02-01T22:27:24.730+0000] {processor.py:830} INFO - Processing file /opt/airflow/dags/etl.py for tasks to queue
[2026-02-01T22:27:24.732+0000] {logging_mixin.py:188} INFO - [2026-02-01T22:27:24.731+0000] {dagbag.py:545} INFO - Filling up the DagBag from /opt/airflow/dags/etl.py
[2026-02-01T22:27:24.991+0000] {processor.py:840} INFO - DAG(s) 'etl_pipeline_final' retrieved from /opt/airflow/dags/etl.py
[2026-02-01T22:27:25.010+0000] {logging_mixin.py:188} INFO - [2026-02-01T22:27:25.009+0000] {dag.py:3096} INFO - Sync 1 DAGs
[2026-02-01T22:27:25.024+0000] {logging_mixin.py:188} INFO - [2026-02-01T22:27:25.023+0000] {dag.py:3954} INFO - Setting next_dagrun for etl_pipeline_final to 2026-01-31 00:00:00+00:00, run_after=2026-02-01 00:00:00+00:00
[2026-02-01T22:27:25.039+0000] {processor.py:183} INFO - Processing /opt/airflow/dags/etl.py took 0.320 seconds
[2026-02-01T22:27:59.832+0000] {processor.py:161} INFO - Started process (PID=40144) to work on /opt/airflow/dags/etl.py
[2026-02-01T22:27:59.833+0000] {processor.py:830} INFO - Processing file /opt/airflow/dags/etl.py for tasks to queue
[2026-02-01T22:27:59.835+0000] {logging_mixin.py:188} INFO - [2026-02-01T22:27:59.834+0000] {dagbag.py:545} INFO - Filling up the DagBag from /opt/airflow/dags/etl.py
[2026-02-01T22:28:00.225+0000] {processor.py:840} INFO - DAG(s) 'etl_pipeline_final' retrieved from /opt/airflow/dags/etl.py
[2026-02-01T22:28:00.251+0000] {logging_mixin.py:188} INFO - [2026-02-01T22:28:00.250+0000] {dag.py:3096} INFO - Sync 1 DAGs
[2026-02-01T22:28:00.269+0000] {logging_mixin.py:188} INFO - [2026-02-01T22:28:00.269+0000] {dag.py:3954} INFO - Setting next_dagrun for etl_pipeline_final to 2026-01-31 00:00:00+00:00, run_after=2026-02-01 00:00:00+00:00
[2026-02-01T22:28:00.288+0000] {processor.py:183} INFO - Processing /opt/airflow/dags/etl.py took 0.461 seconds
[2026-02-01T22:28:33.016+0000] {processor.py:161} INFO - Started process (PID=40191) to work on /opt/airflow/dags/etl.py
[2026-02-01T22:28:33.016+0000] {processor.py:830} INFO - Processing file /opt/airflow/dags/etl.py for tasks to queue
[2026-02-01T22:28:33.020+0000] {logging_mixin.py:188} INFO - [2026-02-01T22:28:33.019+0000] {dagbag.py:545} INFO - Filling up the DagBag from /opt/airflow/dags/etl.py
[2026-02-01T22:28:33.517+0000] {processor.py:840} INFO - DAG(s) 'etl_pipeline_final' retrieved from /opt/airflow/dags/etl.py
[2026-02-01T22:28:33.551+0000] {logging_mixin.py:188} INFO - [2026-02-01T22:28:33.551+0000] {dag.py:3096} INFO - Sync 1 DAGs
[2026-02-01T22:28:33.573+0000] {logging_mixin.py:188} INFO - [2026-02-01T22:28:33.573+0000] {dag.py:3954} INFO - Setting next_dagrun for etl_pipeline_final to 2026-01-31 00:00:00+00:00, run_after=2026-02-01 00:00:00+00:00
[2026-02-01T22:28:33.596+0000] {processor.py:183} INFO - Processing /opt/airflow/dags/etl.py took 0.586 seconds
[2026-02-01T22:29:06.289+0000] {processor.py:161} INFO - Started process (PID=40238) to work on /opt/airflow/dags/etl.py
[2026-02-01T22:29:06.292+0000] {processor.py:830} INFO - Processing file /opt/airflow/dags/etl.py for tasks to queue
[2026-02-01T22:29:06.294+0000] {logging_mixin.py:188} INFO - [2026-02-01T22:29:06.294+0000] {dagbag.py:545} INFO - Filling up the DagBag from /opt/airflow/dags/etl.py
[2026-02-01T22:29:06.657+0000] {processor.py:840} INFO - DAG(s) 'etl_pipeline_final' retrieved from /opt/airflow/dags/etl.py
[2026-02-01T22:29:06.686+0000] {logging_mixin.py:188} INFO - [2026-02-01T22:29:06.686+0000] {dag.py:3096} INFO - Sync 1 DAGs
[2026-02-01T22:29:06.705+0000] {logging_mixin.py:188} INFO - [2026-02-01T22:29:06.705+0000] {dag.py:3954} INFO - Setting next_dagrun for etl_pipeline_final to 2026-01-31 00:00:00+00:00, run_after=2026-02-01 00:00:00+00:00
[2026-02-01T22:29:06.725+0000] {processor.py:183} INFO - Processing /opt/airflow/dags/etl.py took 0.442 seconds
[2026-02-01T22:29:39.762+0000] {processor.py:161} INFO - Started process (PID=40285) to work on /opt/airflow/dags/etl.py
[2026-02-01T22:29:39.763+0000] {processor.py:830} INFO - Processing file /opt/airflow/dags/etl.py for tasks to queue
[2026-02-01T22:29:39.764+0000] {logging_mixin.py:188} INFO - [2026-02-01T22:29:39.763+0000] {dagbag.py:545} INFO - Filling up the DagBag from /opt/airflow/dags/etl.py
[2026-02-01T22:29:40.066+0000] {processor.py:840} INFO - DAG(s) 'etl_pipeline_final' retrieved from /opt/airflow/dags/etl.py
[2026-02-01T22:29:40.090+0000] {logging_mixin.py:188} INFO - [2026-02-01T22:29:40.090+0000] {dag.py:3096} INFO - Sync 1 DAGs
[2026-02-01T22:29:40.104+0000] {logging_mixin.py:188} INFO - [2026-02-01T22:29:40.104+0000] {dag.py:3954} INFO - Setting next_dagrun for etl_pipeline_final to 2026-01-31 00:00:00+00:00, run_after=2026-02-01 00:00:00+00:00
[2026-02-01T22:29:40.121+0000] {processor.py:183} INFO - Processing /opt/airflow/dags/etl.py took 0.364 seconds
[2026-02-01T22:30:12.998+0000] {processor.py:161} INFO - Started process (PID=40332) to work on /opt/airflow/dags/etl.py
[2026-02-01T22:30:13.000+0000] {processor.py:830} INFO - Processing file /opt/airflow/dags/etl.py for tasks to queue
[2026-02-01T22:30:13.001+0000] {logging_mixin.py:188} INFO - [2026-02-01T22:30:13.001+0000] {dagbag.py:545} INFO - Filling up the DagBag from /opt/airflow/dags/etl.py
[2026-02-01T22:30:13.279+0000] {processor.py:840} INFO - DAG(s) 'etl_pipeline_final' retrieved from /opt/airflow/dags/etl.py
[2026-02-01T22:30:13.299+0000] {logging_mixin.py:188} INFO - [2026-02-01T22:30:13.299+0000] {dag.py:3096} INFO - Sync 1 DAGs
[2026-02-01T22:30:13.314+0000] {logging_mixin.py:188} INFO - [2026-02-01T22:30:13.314+0000] {dag.py:3954} INFO - Setting next_dagrun for etl_pipeline_final to 2026-01-31 00:00:00+00:00, run_after=2026-02-01 00:00:00+00:00
[2026-02-01T22:30:13.327+0000] {processor.py:183} INFO - Processing /opt/airflow/dags/etl.py took 0.333 seconds
[2026-02-01T22:30:46.194+0000] {processor.py:161} INFO - Started process (PID=40379) to work on /opt/airflow/dags/etl.py
[2026-02-01T22:30:46.194+0000] {processor.py:830} INFO - Processing file /opt/airflow/dags/etl.py for tasks to queue
[2026-02-01T22:30:46.196+0000] {logging_mixin.py:188} INFO - [2026-02-01T22:30:46.195+0000] {dagbag.py:545} INFO - Filling up the DagBag from /opt/airflow/dags/etl.py
[2026-02-01T22:30:46.492+0000] {processor.py:840} INFO - DAG(s) 'etl_pipeline_final' retrieved from /opt/airflow/dags/etl.py
[2026-02-01T22:30:46.510+0000] {logging_mixin.py:188} INFO - [2026-02-01T22:30:46.510+0000] {dag.py:3096} INFO - Sync 1 DAGs
[2026-02-01T22:30:46.524+0000] {logging_mixin.py:188} INFO - [2026-02-01T22:30:46.524+0000] {dag.py:3954} INFO - Setting next_dagrun for etl_pipeline_final to 2026-01-31 00:00:00+00:00, run_after=2026-02-01 00:00:00+00:00
[2026-02-01T22:30:46.539+0000] {processor.py:183} INFO - Processing /opt/airflow/dags/etl.py took 0.351 seconds
[2026-02-01T22:31:20.323+0000] {processor.py:161} INFO - Started process (PID=40426) to work on /opt/airflow/dags/etl.py
[2026-02-01T22:31:20.326+0000] {processor.py:830} INFO - Processing file /opt/airflow/dags/etl.py for tasks to queue
[2026-02-01T22:31:20.328+0000] {logging_mixin.py:188} INFO - [2026-02-01T22:31:20.327+0000] {dagbag.py:545} INFO - Filling up the DagBag from /opt/airflow/dags/etl.py
[2026-02-01T22:31:20.767+0000] {processor.py:840} INFO - DAG(s) 'etl_pipeline_final' retrieved from /opt/airflow/dags/etl.py
[2026-02-01T22:31:20.805+0000] {logging_mixin.py:188} INFO - [2026-02-01T22:31:20.804+0000] {dag.py:3096} INFO - Sync 1 DAGs
[2026-02-01T22:31:20.830+0000] {logging_mixin.py:188} INFO - [2026-02-01T22:31:20.829+0000] {dag.py:3954} INFO - Setting next_dagrun for etl_pipeline_final to 2026-01-31 00:00:00+00:00, run_after=2026-02-01 00:00:00+00:00
[2026-02-01T22:31:20.858+0000] {processor.py:183} INFO - Processing /opt/airflow/dags/etl.py took 0.546 seconds
[2026-02-01T22:31:52.868+0000] {processor.py:161} INFO - Started process (PID=40473) to work on /opt/airflow/dags/etl.py
[2026-02-01T22:31:52.869+0000] {processor.py:830} INFO - Processing file /opt/airflow/dags/etl.py for tasks to queue
[2026-02-01T22:31:52.870+0000] {logging_mixin.py:188} INFO - [2026-02-01T22:31:52.870+0000] {dagbag.py:545} INFO - Filling up the DagBag from /opt/airflow/dags/etl.py
[2026-02-01T22:31:53.151+0000] {processor.py:840} INFO - DAG(s) 'etl_pipeline_final' retrieved from /opt/airflow/dags/etl.py
[2026-02-01T22:31:53.167+0000] {logging_mixin.py:188} INFO - [2026-02-01T22:31:53.167+0000] {dag.py:3096} INFO - Sync 1 DAGs
[2026-02-01T22:31:53.180+0000] {logging_mixin.py:188} INFO - [2026-02-01T22:31:53.180+0000] {dag.py:3954} INFO - Setting next_dagrun for etl_pipeline_final to 2026-01-31 00:00:00+00:00, run_after=2026-02-01 00:00:00+00:00
[2026-02-01T22:31:53.195+0000] {processor.py:183} INFO - Processing /opt/airflow/dags/etl.py took 0.332 seconds
[2026-02-01T22:32:26.181+0000] {processor.py:161} INFO - Started process (PID=40520) to work on /opt/airflow/dags/etl.py
[2026-02-01T22:32:26.183+0000] {processor.py:830} INFO - Processing file /opt/airflow/dags/etl.py for tasks to queue
[2026-02-01T22:32:26.184+0000] {logging_mixin.py:188} INFO - [2026-02-01T22:32:26.184+0000] {dagbag.py:545} INFO - Filling up the DagBag from /opt/airflow/dags/etl.py
[2026-02-01T22:32:26.466+0000] {processor.py:840} INFO - DAG(s) 'etl_pipeline_final' retrieved from /opt/airflow/dags/etl.py
[2026-02-01T22:32:26.482+0000] {logging_mixin.py:188} INFO - [2026-02-01T22:32:26.481+0000] {dag.py:3096} INFO - Sync 1 DAGs
[2026-02-01T22:32:26.495+0000] {logging_mixin.py:188} INFO - [2026-02-01T22:32:26.495+0000] {dag.py:3954} INFO - Setting next_dagrun for etl_pipeline_final to 2026-01-31 00:00:00+00:00, run_after=2026-02-01 00:00:00+00:00
[2026-02-01T22:32:26.508+0000] {processor.py:183} INFO - Processing /opt/airflow/dags/etl.py took 0.332 seconds
[2026-02-01T22:32:59.606+0000] {processor.py:161} INFO - Started process (PID=40567) to work on /opt/airflow/dags/etl.py
[2026-02-01T22:32:59.607+0000] {processor.py:830} INFO - Processing file /opt/airflow/dags/etl.py for tasks to queue
[2026-02-01T22:32:59.609+0000] {logging_mixin.py:188} INFO - [2026-02-01T22:32:59.608+0000] {dagbag.py:545} INFO - Filling up the DagBag from /opt/airflow/dags/etl.py
[2026-02-01T22:32:59.968+0000] {processor.py:840} INFO - DAG(s) 'etl_pipeline_final' retrieved from /opt/airflow/dags/etl.py
[2026-02-01T22:32:59.991+0000] {logging_mixin.py:188} INFO - [2026-02-01T22:32:59.990+0000] {dag.py:3096} INFO - Sync 1 DAGs
[2026-02-01T22:33:00.010+0000] {logging_mixin.py:188} INFO - [2026-02-01T22:33:00.009+0000] {dag.py:3954} INFO - Setting next_dagrun for etl_pipeline_final to 2026-01-31 00:00:00+00:00, run_after=2026-02-01 00:00:00+00:00
[2026-02-01T22:33:00.035+0000] {processor.py:183} INFO - Processing /opt/airflow/dags/etl.py took 0.435 seconds
[2026-02-01T22:33:33.044+0000] {processor.py:161} INFO - Started process (PID=40614) to work on /opt/airflow/dags/etl.py
[2026-02-01T22:33:33.046+0000] {processor.py:830} INFO - Processing file /opt/airflow/dags/etl.py for tasks to queue
[2026-02-01T22:33:33.049+0000] {logging_mixin.py:188} INFO - [2026-02-01T22:33:33.049+0000] {dagbag.py:545} INFO - Filling up the DagBag from /opt/airflow/dags/etl.py
[2026-02-01T22:33:33.424+0000] {processor.py:840} INFO - DAG(s) 'etl_pipeline_final' retrieved from /opt/airflow/dags/etl.py
[2026-02-01T22:33:33.449+0000] {logging_mixin.py:188} INFO - [2026-02-01T22:33:33.448+0000] {dag.py:3096} INFO - Sync 1 DAGs
[2026-02-01T22:33:33.469+0000] {logging_mixin.py:188} INFO - [2026-02-01T22:33:33.469+0000] {dag.py:3954} INFO - Setting next_dagrun for etl_pipeline_final to 2026-01-31 00:00:00+00:00, run_after=2026-02-01 00:00:00+00:00
[2026-02-01T22:33:33.496+0000] {processor.py:183} INFO - Processing /opt/airflow/dags/etl.py took 0.457 seconds
[2026-02-01T22:34:06.561+0000] {processor.py:161} INFO - Started process (PID=40661) to work on /opt/airflow/dags/etl.py
[2026-02-01T22:34:06.562+0000] {processor.py:830} INFO - Processing file /opt/airflow/dags/etl.py for tasks to queue
[2026-02-01T22:34:06.564+0000] {logging_mixin.py:188} INFO - [2026-02-01T22:34:06.564+0000] {dagbag.py:545} INFO - Filling up the DagBag from /opt/airflow/dags/etl.py
[2026-02-01T22:34:07.036+0000] {processor.py:840} INFO - DAG(s) 'etl_pipeline_final' retrieved from /opt/airflow/dags/etl.py
[2026-02-01T22:34:07.068+0000] {logging_mixin.py:188} INFO - [2026-02-01T22:34:07.067+0000] {dag.py:3096} INFO - Sync 1 DAGs
[2026-02-01T22:34:07.094+0000] {logging_mixin.py:188} INFO - [2026-02-01T22:34:07.094+0000] {dag.py:3954} INFO - Setting next_dagrun for etl_pipeline_final to 2026-01-31 00:00:00+00:00, run_after=2026-02-01 00:00:00+00:00
[2026-02-01T22:34:07.120+0000] {processor.py:183} INFO - Processing /opt/airflow/dags/etl.py took 0.565 seconds
[2026-02-01T22:34:41.138+0000] {processor.py:161} INFO - Started process (PID=40708) to work on /opt/airflow/dags/etl.py
[2026-02-01T22:34:41.140+0000] {processor.py:830} INFO - Processing file /opt/airflow/dags/etl.py for tasks to queue
[2026-02-01T22:34:41.142+0000] {logging_mixin.py:188} INFO - [2026-02-01T22:34:41.142+0000] {dagbag.py:545} INFO - Filling up the DagBag from /opt/airflow/dags/etl.py
[2026-02-01T22:34:41.623+0000] {processor.py:840} INFO - DAG(s) 'etl_pipeline_final' retrieved from /opt/airflow/dags/etl.py
[2026-02-01T22:34:41.655+0000] {logging_mixin.py:188} INFO - [2026-02-01T22:34:41.654+0000] {dag.py:3096} INFO - Sync 1 DAGs
[2026-02-01T22:34:41.675+0000] {logging_mixin.py:188} INFO - [2026-02-01T22:34:41.675+0000] {dag.py:3954} INFO - Setting next_dagrun for etl_pipeline_final to 2026-01-31 00:00:00+00:00, run_after=2026-02-01 00:00:00+00:00
[2026-02-01T22:34:41.697+0000] {processor.py:183} INFO - Processing /opt/airflow/dags/etl.py took 0.568 seconds
[2026-02-01T22:35:14.075+0000] {processor.py:161} INFO - Started process (PID=40755) to work on /opt/airflow/dags/etl.py
[2026-02-01T22:35:14.076+0000] {processor.py:830} INFO - Processing file /opt/airflow/dags/etl.py for tasks to queue
[2026-02-01T22:35:14.077+0000] {logging_mixin.py:188} INFO - [2026-02-01T22:35:14.077+0000] {dagbag.py:545} INFO - Filling up the DagBag from /opt/airflow/dags/etl.py
[2026-02-01T22:35:14.506+0000] {processor.py:840} INFO - DAG(s) 'etl_pipeline_final' retrieved from /opt/airflow/dags/etl.py
[2026-02-01T22:35:14.532+0000] {logging_mixin.py:188} INFO - [2026-02-01T22:35:14.531+0000] {dag.py:3096} INFO - Sync 1 DAGs
[2026-02-01T22:35:14.549+0000] {logging_mixin.py:188} INFO - [2026-02-01T22:35:14.549+0000] {dag.py:3954} INFO - Setting next_dagrun for etl_pipeline_final to 2026-01-31 00:00:00+00:00, run_after=2026-02-01 00:00:00+00:00
[2026-02-01T22:35:14.568+0000] {processor.py:183} INFO - Processing /opt/airflow/dags/etl.py took 0.500 seconds
[2026-02-01T22:35:44.648+0000] {processor.py:161} INFO - Started process (PID=40795) to work on /opt/airflow/dags/etl.py
[2026-02-01T22:35:44.649+0000] {processor.py:830} INFO - Processing file /opt/airflow/dags/etl.py for tasks to queue
[2026-02-01T22:35:44.651+0000] {logging_mixin.py:188} INFO - [2026-02-01T22:35:44.651+0000] {dagbag.py:545} INFO - Filling up the DagBag from /opt/airflow/dags/etl.py
[2026-02-01T22:35:45.005+0000] {processor.py:840} INFO - DAG(s) 'etl_pipeline_final' retrieved from /opt/airflow/dags/etl.py
[2026-02-01T22:35:45.037+0000] {logging_mixin.py:188} INFO - [2026-02-01T22:35:45.036+0000] {dag.py:3096} INFO - Sync 1 DAGs
[2026-02-01T22:35:45.059+0000] {logging_mixin.py:188} INFO - [2026-02-01T22:35:45.058+0000] {dag.py:3954} INFO - Setting next_dagrun for etl_pipeline_final to 2026-01-31 00:00:00+00:00, run_after=2026-02-01 00:00:00+00:00
[2026-02-01T22:35:45.080+0000] {processor.py:183} INFO - Processing /opt/airflow/dags/etl.py took 0.436 seconds
[2026-02-01T22:36:18.097+0000] {processor.py:161} INFO - Started process (PID=40842) to work on /opt/airflow/dags/etl.py
[2026-02-01T22:36:18.098+0000] {processor.py:830} INFO - Processing file /opt/airflow/dags/etl.py for tasks to queue
[2026-02-01T22:36:18.100+0000] {logging_mixin.py:188} INFO - [2026-02-01T22:36:18.100+0000] {dagbag.py:545} INFO - Filling up the DagBag from /opt/airflow/dags/etl.py
[2026-02-01T22:36:18.549+0000] {processor.py:840} INFO - DAG(s) 'etl_pipeline_final' retrieved from /opt/airflow/dags/etl.py
[2026-02-01T22:36:18.591+0000] {logging_mixin.py:188} INFO - [2026-02-01T22:36:18.590+0000] {dag.py:3096} INFO - Sync 1 DAGs
[2026-02-01T22:36:18.622+0000] {logging_mixin.py:188} INFO - [2026-02-01T22:36:18.621+0000] {dag.py:3954} INFO - Setting next_dagrun for etl_pipeline_final to 2026-01-31 00:00:00+00:00, run_after=2026-02-01 00:00:00+00:00
[2026-02-01T22:36:18.655+0000] {processor.py:183} INFO - Processing /opt/airflow/dags/etl.py took 0.564 seconds
[2026-02-01T22:36:51.778+0000] {processor.py:161} INFO - Started process (PID=40890) to work on /opt/airflow/dags/etl.py
[2026-02-01T22:36:51.779+0000] {processor.py:830} INFO - Processing file /opt/airflow/dags/etl.py for tasks to queue
[2026-02-01T22:36:51.783+0000] {logging_mixin.py:188} INFO - [2026-02-01T22:36:51.783+0000] {dagbag.py:545} INFO - Filling up the DagBag from /opt/airflow/dags/etl.py
[2026-02-01T22:36:52.293+0000] {processor.py:840} INFO - DAG(s) 'etl_pipeline_final' retrieved from /opt/airflow/dags/etl.py
[2026-02-01T22:36:52.317+0000] {logging_mixin.py:188} INFO - [2026-02-01T22:36:52.317+0000] {dag.py:3096} INFO - Sync 1 DAGs
[2026-02-01T22:36:52.339+0000] {logging_mixin.py:188} INFO - [2026-02-01T22:36:52.338+0000] {dag.py:3954} INFO - Setting next_dagrun for etl_pipeline_final to 2026-01-31 00:00:00+00:00, run_after=2026-02-01 00:00:00+00:00
[2026-02-01T22:36:52.364+0000] {processor.py:183} INFO - Processing /opt/airflow/dags/etl.py took 0.592 seconds
[2026-02-01T22:37:24.854+0000] {processor.py:161} INFO - Started process (PID=40937) to work on /opt/airflow/dags/etl.py
[2026-02-01T22:37:24.854+0000] {processor.py:830} INFO - Processing file /opt/airflow/dags/etl.py for tasks to queue
[2026-02-01T22:37:24.856+0000] {logging_mixin.py:188} INFO - [2026-02-01T22:37:24.856+0000] {dagbag.py:545} INFO - Filling up the DagBag from /opt/airflow/dags/etl.py
[2026-02-01T22:37:25.235+0000] {processor.py:840} INFO - DAG(s) 'etl_pipeline_final' retrieved from /opt/airflow/dags/etl.py
[2026-02-01T22:37:25.267+0000] {logging_mixin.py:188} INFO - [2026-02-01T22:37:25.266+0000] {dag.py:3096} INFO - Sync 1 DAGs
[2026-02-01T22:37:25.292+0000] {logging_mixin.py:188} INFO - [2026-02-01T22:37:25.292+0000] {dag.py:3954} INFO - Setting next_dagrun for etl_pipeline_final to 2026-01-31 00:00:00+00:00, run_after=2026-02-01 00:00:00+00:00
[2026-02-01T22:37:25.320+0000] {processor.py:183} INFO - Processing /opt/airflow/dags/etl.py took 0.471 seconds
[2026-02-01T22:37:58.417+0000] {processor.py:161} INFO - Started process (PID=40983) to work on /opt/airflow/dags/etl.py
[2026-02-01T22:37:58.418+0000] {processor.py:830} INFO - Processing file /opt/airflow/dags/etl.py for tasks to queue
[2026-02-01T22:37:58.421+0000] {logging_mixin.py:188} INFO - [2026-02-01T22:37:58.421+0000] {dagbag.py:545} INFO - Filling up the DagBag from /opt/airflow/dags/etl.py
[2026-02-01T22:37:58.855+0000] {processor.py:840} INFO - DAG(s) 'etl_pipeline_final' retrieved from /opt/airflow/dags/etl.py
[2026-02-01T22:37:58.900+0000] {logging_mixin.py:188} INFO - [2026-02-01T22:37:58.899+0000] {dag.py:3096} INFO - Sync 1 DAGs
[2026-02-01T22:37:58.941+0000] {logging_mixin.py:188} INFO - [2026-02-01T22:37:58.941+0000] {dag.py:3954} INFO - Setting next_dagrun for etl_pipeline_final to 2026-01-31 00:00:00+00:00, run_after=2026-02-01 00:00:00+00:00
[2026-02-01T22:37:58.977+0000] {processor.py:183} INFO - Processing /opt/airflow/dags/etl.py took 0.565 seconds
[2026-02-01T22:38:31.454+0000] {processor.py:161} INFO - Started process (PID=41030) to work on /opt/airflow/dags/etl.py
[2026-02-01T22:38:31.454+0000] {processor.py:830} INFO - Processing file /opt/airflow/dags/etl.py for tasks to queue
[2026-02-01T22:38:31.457+0000] {logging_mixin.py:188} INFO - [2026-02-01T22:38:31.456+0000] {dagbag.py:545} INFO - Filling up the DagBag from /opt/airflow/dags/etl.py
[2026-02-01T22:38:31.839+0000] {processor.py:840} INFO - DAG(s) 'etl_pipeline_final' retrieved from /opt/airflow/dags/etl.py
[2026-02-01T22:38:31.864+0000] {logging_mixin.py:188} INFO - [2026-02-01T22:38:31.863+0000] {dag.py:3096} INFO - Sync 1 DAGs
[2026-02-01T22:38:31.885+0000] {logging_mixin.py:188} INFO - [2026-02-01T22:38:31.885+0000] {dag.py:3954} INFO - Setting next_dagrun for etl_pipeline_final to 2026-01-31 00:00:00+00:00, run_after=2026-02-01 00:00:00+00:00
[2026-02-01T22:38:31.909+0000] {processor.py:183} INFO - Processing /opt/airflow/dags/etl.py took 0.461 seconds
[2026-02-01T22:39:04.883+0000] {processor.py:161} INFO - Started process (PID=41077) to work on /opt/airflow/dags/etl.py
[2026-02-01T22:39:04.884+0000] {processor.py:830} INFO - Processing file /opt/airflow/dags/etl.py for tasks to queue
[2026-02-01T22:39:04.885+0000] {logging_mixin.py:188} INFO - [2026-02-01T22:39:04.884+0000] {dagbag.py:545} INFO - Filling up the DagBag from /opt/airflow/dags/etl.py
[2026-02-01T22:39:05.174+0000] {processor.py:840} INFO - DAG(s) 'etl_pipeline_final' retrieved from /opt/airflow/dags/etl.py
[2026-02-01T22:39:05.193+0000] {logging_mixin.py:188} INFO - [2026-02-01T22:39:05.193+0000] {dag.py:3096} INFO - Sync 1 DAGs
[2026-02-01T22:39:05.208+0000] {logging_mixin.py:188} INFO - [2026-02-01T22:39:05.207+0000] {dag.py:3954} INFO - Setting next_dagrun for etl_pipeline_final to 2026-01-31 00:00:00+00:00, run_after=2026-02-01 00:00:00+00:00
[2026-02-01T22:39:05.229+0000] {processor.py:183} INFO - Processing /opt/airflow/dags/etl.py took 0.350 seconds
[2026-02-01T22:39:38.216+0000] {processor.py:161} INFO - Started process (PID=41124) to work on /opt/airflow/dags/etl.py
[2026-02-01T22:39:38.216+0000] {processor.py:830} INFO - Processing file /opt/airflow/dags/etl.py for tasks to queue
[2026-02-01T22:39:38.217+0000] {logging_mixin.py:188} INFO - [2026-02-01T22:39:38.217+0000] {dagbag.py:545} INFO - Filling up the DagBag from /opt/airflow/dags/etl.py
[2026-02-01T22:39:38.504+0000] {processor.py:840} INFO - DAG(s) 'etl_pipeline_final' retrieved from /opt/airflow/dags/etl.py
[2026-02-01T22:39:38.525+0000] {logging_mixin.py:188} INFO - [2026-02-01T22:39:38.524+0000] {dag.py:3096} INFO - Sync 1 DAGs
[2026-02-01T22:39:38.539+0000] {logging_mixin.py:188} INFO - [2026-02-01T22:39:38.538+0000] {dag.py:3954} INFO - Setting next_dagrun for etl_pipeline_final to 2026-01-31 00:00:00+00:00, run_after=2026-02-01 00:00:00+00:00
[2026-02-01T22:39:38.554+0000] {processor.py:183} INFO - Processing /opt/airflow/dags/etl.py took 0.343 seconds
[2026-02-01T22:40:13.072+0000] {processor.py:161} INFO - Started process (PID=41179) to work on /opt/airflow/dags/etl.py
[2026-02-01T22:40:13.074+0000] {processor.py:830} INFO - Processing file /opt/airflow/dags/etl.py for tasks to queue
[2026-02-01T22:40:13.077+0000] {logging_mixin.py:188} INFO - [2026-02-01T22:40:13.076+0000] {dagbag.py:545} INFO - Filling up the DagBag from /opt/airflow/dags/etl.py
[2026-02-01T22:40:13.427+0000] {processor.py:840} INFO - DAG(s) 'etl_pipeline_final' retrieved from /opt/airflow/dags/etl.py
[2026-02-01T22:40:13.448+0000] {logging_mixin.py:188} INFO - [2026-02-01T22:40:13.448+0000] {dag.py:3096} INFO - Sync 1 DAGs
[2026-02-01T22:40:13.466+0000] {logging_mixin.py:188} INFO - [2026-02-01T22:40:13.466+0000] {dag.py:3954} INFO - Setting next_dagrun for etl_pipeline_final to 2026-01-31 00:00:00+00:00, run_after=2026-02-01 00:00:00+00:00
[2026-02-01T22:40:13.484+0000] {processor.py:183} INFO - Processing /opt/airflow/dags/etl.py took 0.416 seconds
[2026-02-01T22:40:44.591+0000] {processor.py:161} INFO - Started process (PID=41226) to work on /opt/airflow/dags/etl.py
[2026-02-01T22:40:44.592+0000] {processor.py:830} INFO - Processing file /opt/airflow/dags/etl.py for tasks to queue
[2026-02-01T22:40:44.594+0000] {logging_mixin.py:188} INFO - [2026-02-01T22:40:44.594+0000] {dagbag.py:545} INFO - Filling up the DagBag from /opt/airflow/dags/etl.py
[2026-02-01T22:40:44.964+0000] {processor.py:840} INFO - DAG(s) 'etl_pipeline_final' retrieved from /opt/airflow/dags/etl.py
[2026-02-01T22:40:44.985+0000] {logging_mixin.py:188} INFO - [2026-02-01T22:40:44.983+0000] {dag.py:3096} INFO - Sync 1 DAGs
[2026-02-01T22:40:44.999+0000] {logging_mixin.py:188} INFO - [2026-02-01T22:40:44.998+0000] {dag.py:3954} INFO - Setting next_dagrun for etl_pipeline_final to 2026-01-31 00:00:00+00:00, run_after=2026-02-01 00:00:00+00:00
[2026-02-01T22:40:45.013+0000] {processor.py:183} INFO - Processing /opt/airflow/dags/etl.py took 0.427 seconds
[2026-02-01T22:41:15.077+0000] {processor.py:161} INFO - Started process (PID=41266) to work on /opt/airflow/dags/etl.py
[2026-02-01T22:41:15.078+0000] {processor.py:830} INFO - Processing file /opt/airflow/dags/etl.py for tasks to queue
[2026-02-01T22:41:15.080+0000] {logging_mixin.py:188} INFO - [2026-02-01T22:41:15.079+0000] {dagbag.py:545} INFO - Filling up the DagBag from /opt/airflow/dags/etl.py
[2026-02-01T22:41:15.409+0000] {processor.py:840} INFO - DAG(s) 'etl_pipeline_final' retrieved from /opt/airflow/dags/etl.py
[2026-02-01T22:41:15.429+0000] {logging_mixin.py:188} INFO - [2026-02-01T22:41:15.429+0000] {dag.py:3096} INFO - Sync 1 DAGs
[2026-02-01T22:41:15.443+0000] {logging_mixin.py:188} INFO - [2026-02-01T22:41:15.443+0000] {dag.py:3954} INFO - Setting next_dagrun for etl_pipeline_final to 2026-01-31 00:00:00+00:00, run_after=2026-02-01 00:00:00+00:00
[2026-02-01T22:41:15.459+0000] {processor.py:183} INFO - Processing /opt/airflow/dags/etl.py took 0.386 seconds
[2026-02-01T22:41:45.842+0000] {processor.py:161} INFO - Started process (PID=41310) to work on /opt/airflow/dags/etl.py
[2026-02-01T22:41:45.842+0000] {processor.py:830} INFO - Processing file /opt/airflow/dags/etl.py for tasks to queue
[2026-02-01T22:41:45.843+0000] {logging_mixin.py:188} INFO - [2026-02-01T22:41:45.843+0000] {dagbag.py:545} INFO - Filling up the DagBag from /opt/airflow/dags/etl.py
[2026-02-01T22:41:46.178+0000] {processor.py:840} INFO - DAG(s) 'etl_pipeline_final' retrieved from /opt/airflow/dags/etl.py
[2026-02-01T22:41:46.198+0000] {logging_mixin.py:188} INFO - [2026-02-01T22:41:46.198+0000] {dag.py:3096} INFO - Sync 1 DAGs
[2026-02-01T22:41:46.213+0000] {logging_mixin.py:188} INFO - [2026-02-01T22:41:46.213+0000] {dag.py:3954} INFO - Setting next_dagrun for etl_pipeline_final to 2026-01-31 00:00:00+00:00, run_after=2026-02-01 00:00:00+00:00
[2026-02-01T22:41:46.231+0000] {processor.py:183} INFO - Processing /opt/airflow/dags/etl.py took 0.394 seconds
[2026-02-01T22:42:16.496+0000] {processor.py:161} INFO - Started process (PID=41340) to work on /opt/airflow/dags/etl.py
[2026-02-01T22:42:16.499+0000] {processor.py:830} INFO - Processing file /opt/airflow/dags/etl.py for tasks to queue
[2026-02-01T22:42:16.502+0000] {logging_mixin.py:188} INFO - [2026-02-01T22:42:16.502+0000] {dagbag.py:545} INFO - Filling up the DagBag from /opt/airflow/dags/etl.py
[2026-02-01T22:42:16.996+0000] {processor.py:840} INFO - DAG(s) 'etl_pipeline_final' retrieved from /opt/airflow/dags/etl.py
[2026-02-01T22:42:17.035+0000] {logging_mixin.py:188} INFO - [2026-02-01T22:42:17.034+0000] {dag.py:3096} INFO - Sync 1 DAGs
[2026-02-01T22:42:17.066+0000] {logging_mixin.py:188} INFO - [2026-02-01T22:42:17.066+0000] {dag.py:3954} INFO - Setting next_dagrun for etl_pipeline_final to 2026-01-31 00:00:00+00:00, run_after=2026-02-01 00:00:00+00:00
[2026-02-01T22:42:17.092+0000] {processor.py:183} INFO - Processing /opt/airflow/dags/etl.py took 0.604 seconds
[2026-02-01T22:42:47.622+0000] {processor.py:161} INFO - Started process (PID=41383) to work on /opt/airflow/dags/etl.py
[2026-02-01T22:42:47.623+0000] {processor.py:830} INFO - Processing file /opt/airflow/dags/etl.py for tasks to queue
[2026-02-01T22:42:47.624+0000] {logging_mixin.py:188} INFO - [2026-02-01T22:42:47.624+0000] {dagbag.py:545} INFO - Filling up the DagBag from /opt/airflow/dags/etl.py
[2026-02-01T22:42:47.886+0000] {processor.py:840} INFO - DAG(s) 'etl_pipeline_final' retrieved from /opt/airflow/dags/etl.py
[2026-02-01T22:42:47.900+0000] {logging_mixin.py:188} INFO - [2026-02-01T22:42:47.900+0000] {dag.py:3096} INFO - Sync 1 DAGs
[2026-02-01T22:42:47.911+0000] {logging_mixin.py:188} INFO - [2026-02-01T22:42:47.911+0000] {dag.py:3954} INFO - Setting next_dagrun for etl_pipeline_final to 2026-01-31 00:00:00+00:00, run_after=2026-02-01 00:00:00+00:00
[2026-02-01T22:42:47.925+0000] {processor.py:183} INFO - Processing /opt/airflow/dags/etl.py took 0.307 seconds
[2026-02-01T22:43:17.953+0000] {processor.py:161} INFO - Started process (PID=41424) to work on /opt/airflow/dags/etl.py
[2026-02-01T22:43:17.955+0000] {processor.py:830} INFO - Processing file /opt/airflow/dags/etl.py for tasks to queue
[2026-02-01T22:43:17.957+0000] {logging_mixin.py:188} INFO - [2026-02-01T22:43:17.956+0000] {dagbag.py:545} INFO - Filling up the DagBag from /opt/airflow/dags/etl.py
[2026-02-01T22:43:18.208+0000] {processor.py:840} INFO - DAG(s) 'etl_pipeline_final' retrieved from /opt/airflow/dags/etl.py
[2026-02-01T22:43:18.221+0000] {logging_mixin.py:188} INFO - [2026-02-01T22:43:18.221+0000] {dag.py:3096} INFO - Sync 1 DAGs
[2026-02-01T22:43:18.233+0000] {logging_mixin.py:188} INFO - [2026-02-01T22:43:18.233+0000] {dag.py:3954} INFO - Setting next_dagrun for etl_pipeline_final to 2026-01-31 00:00:00+00:00, run_after=2026-02-01 00:00:00+00:00
[2026-02-01T22:43:18.246+0000] {processor.py:183} INFO - Processing /opt/airflow/dags/etl.py took 0.298 seconds
[2026-02-01T22:43:48.983+0000] {processor.py:161} INFO - Started process (PID=41471) to work on /opt/airflow/dags/etl.py
[2026-02-01T22:43:48.983+0000] {processor.py:830} INFO - Processing file /opt/airflow/dags/etl.py for tasks to queue
[2026-02-01T22:43:48.984+0000] {logging_mixin.py:188} INFO - [2026-02-01T22:43:48.984+0000] {dagbag.py:545} INFO - Filling up the DagBag from /opt/airflow/dags/etl.py
[2026-02-01T22:43:49.238+0000] {processor.py:840} INFO - DAG(s) 'etl_pipeline_final' retrieved from /opt/airflow/dags/etl.py
[2026-02-01T22:43:49.252+0000] {logging_mixin.py:188} INFO - [2026-02-01T22:43:49.252+0000] {dag.py:3096} INFO - Sync 1 DAGs
[2026-02-01T22:43:49.264+0000] {logging_mixin.py:188} INFO - [2026-02-01T22:43:49.264+0000] {dag.py:3954} INFO - Setting next_dagrun for etl_pipeline_final to 2026-01-31 00:00:00+00:00, run_after=2026-02-01 00:00:00+00:00
[2026-02-01T22:43:49.278+0000] {processor.py:183} INFO - Processing /opt/airflow/dags/etl.py took 0.299 seconds
[2026-02-01T22:44:19.836+0000] {processor.py:161} INFO - Started process (PID=41518) to work on /opt/airflow/dags/etl.py
[2026-02-01T22:44:19.838+0000] {processor.py:830} INFO - Processing file /opt/airflow/dags/etl.py for tasks to queue
[2026-02-01T22:44:19.839+0000] {logging_mixin.py:188} INFO - [2026-02-01T22:44:19.839+0000] {dagbag.py:545} INFO - Filling up the DagBag from /opt/airflow/dags/etl.py
[2026-02-01T22:44:20.100+0000] {processor.py:840} INFO - DAG(s) 'etl_pipeline_final' retrieved from /opt/airflow/dags/etl.py
[2026-02-01T22:44:20.117+0000] {logging_mixin.py:188} INFO - [2026-02-01T22:44:20.116+0000] {dag.py:3096} INFO - Sync 1 DAGs
[2026-02-01T22:44:20.127+0000] {logging_mixin.py:188} INFO - [2026-02-01T22:44:20.127+0000] {dag.py:3954} INFO - Setting next_dagrun for etl_pipeline_final to 2026-01-31 00:00:00+00:00, run_after=2026-02-01 00:00:00+00:00
[2026-02-01T22:44:20.139+0000] {processor.py:183} INFO - Processing /opt/airflow/dags/etl.py took 0.308 seconds
[2026-02-01T22:44:50.748+0000] {processor.py:161} INFO - Started process (PID=41565) to work on /opt/airflow/dags/etl.py
[2026-02-01T22:44:50.748+0000] {processor.py:830} INFO - Processing file /opt/airflow/dags/etl.py for tasks to queue
[2026-02-01T22:44:50.750+0000] {logging_mixin.py:188} INFO - [2026-02-01T22:44:50.750+0000] {dagbag.py:545} INFO - Filling up the DagBag from /opt/airflow/dags/etl.py
[2026-02-01T22:44:51.014+0000] {processor.py:840} INFO - DAG(s) 'etl_pipeline_final' retrieved from /opt/airflow/dags/etl.py
[2026-02-01T22:44:51.029+0000] {logging_mixin.py:188} INFO - [2026-02-01T22:44:51.028+0000] {dag.py:3096} INFO - Sync 1 DAGs
[2026-02-01T22:44:51.040+0000] {logging_mixin.py:188} INFO - [2026-02-01T22:44:51.040+0000] {dag.py:3954} INFO - Setting next_dagrun for etl_pipeline_final to 2026-01-31 00:00:00+00:00, run_after=2026-02-01 00:00:00+00:00
[2026-02-01T22:44:51.051+0000] {processor.py:183} INFO - Processing /opt/airflow/dags/etl.py took 0.308 seconds
[2026-02-01T22:45:21.356+0000] {processor.py:161} INFO - Started process (PID=41612) to work on /opt/airflow/dags/etl.py
[2026-02-01T22:45:21.358+0000] {processor.py:830} INFO - Processing file /opt/airflow/dags/etl.py for tasks to queue
[2026-02-01T22:45:21.359+0000] {logging_mixin.py:188} INFO - [2026-02-01T22:45:21.359+0000] {dagbag.py:545} INFO - Filling up the DagBag from /opt/airflow/dags/etl.py
[2026-02-01T22:45:21.620+0000] {processor.py:840} INFO - DAG(s) 'etl_pipeline_final' retrieved from /opt/airflow/dags/etl.py
[2026-02-01T22:45:21.634+0000] {logging_mixin.py:188} INFO - [2026-02-01T22:45:21.634+0000] {dag.py:3096} INFO - Sync 1 DAGs
[2026-02-01T22:45:21.646+0000] {logging_mixin.py:188} INFO - [2026-02-01T22:45:21.645+0000] {dag.py:3954} INFO - Setting next_dagrun for etl_pipeline_final to 2026-01-31 00:00:00+00:00, run_after=2026-02-01 00:00:00+00:00
[2026-02-01T22:45:21.656+0000] {processor.py:183} INFO - Processing /opt/airflow/dags/etl.py took 0.305 seconds
[2026-02-01T22:45:51.954+0000] {processor.py:161} INFO - Started process (PID=41659) to work on /opt/airflow/dags/etl.py
[2026-02-01T22:45:51.955+0000] {processor.py:830} INFO - Processing file /opt/airflow/dags/etl.py for tasks to queue
[2026-02-01T22:45:51.956+0000] {logging_mixin.py:188} INFO - [2026-02-01T22:45:51.956+0000] {dagbag.py:545} INFO - Filling up the DagBag from /opt/airflow/dags/etl.py
[2026-02-01T22:45:52.218+0000] {processor.py:840} INFO - DAG(s) 'etl_pipeline_final' retrieved from /opt/airflow/dags/etl.py
[2026-02-01T22:45:52.233+0000] {logging_mixin.py:188} INFO - [2026-02-01T22:45:52.233+0000] {dag.py:3096} INFO - Sync 1 DAGs
[2026-02-01T22:45:52.244+0000] {logging_mixin.py:188} INFO - [2026-02-01T22:45:52.244+0000] {dag.py:3954} INFO - Setting next_dagrun for etl_pipeline_final to 2026-01-31 00:00:00+00:00, run_after=2026-02-01 00:00:00+00:00
[2026-02-01T22:45:52.257+0000] {processor.py:183} INFO - Processing /opt/airflow/dags/etl.py took 0.307 seconds
[2026-02-01T22:46:22.839+0000] {processor.py:161} INFO - Started process (PID=41706) to work on /opt/airflow/dags/etl.py
[2026-02-01T22:46:22.841+0000] {processor.py:830} INFO - Processing file /opt/airflow/dags/etl.py for tasks to queue
[2026-02-01T22:46:22.842+0000] {logging_mixin.py:188} INFO - [2026-02-01T22:46:22.842+0000] {dagbag.py:545} INFO - Filling up the DagBag from /opt/airflow/dags/etl.py
[2026-02-01T22:46:23.099+0000] {processor.py:840} INFO - DAG(s) 'etl_pipeline_final' retrieved from /opt/airflow/dags/etl.py
[2026-02-01T22:46:23.114+0000] {logging_mixin.py:188} INFO - [2026-02-01T22:46:23.113+0000] {dag.py:3096} INFO - Sync 1 DAGs
[2026-02-01T22:46:23.127+0000] {logging_mixin.py:188} INFO - [2026-02-01T22:46:23.127+0000] {dag.py:3954} INFO - Setting next_dagrun for etl_pipeline_final to 2026-01-31 00:00:00+00:00, run_after=2026-02-01 00:00:00+00:00
[2026-02-01T22:46:23.139+0000] {processor.py:183} INFO - Processing /opt/airflow/dags/etl.py took 0.303 seconds
[2026-02-01T22:46:53.215+0000] {processor.py:161} INFO - Started process (PID=41750) to work on /opt/airflow/dags/etl.py
[2026-02-01T22:46:53.216+0000] {processor.py:830} INFO - Processing file /opt/airflow/dags/etl.py for tasks to queue
[2026-02-01T22:46:53.218+0000] {logging_mixin.py:188} INFO - [2026-02-01T22:46:53.217+0000] {dagbag.py:545} INFO - Filling up the DagBag from /opt/airflow/dags/etl.py
[2026-02-01T22:46:53.569+0000] {processor.py:840} INFO - DAG(s) 'etl_pipeline_final' retrieved from /opt/airflow/dags/etl.py
[2026-02-01T22:46:53.589+0000] {logging_mixin.py:188} INFO - [2026-02-01T22:46:53.588+0000] {dag.py:3096} INFO - Sync 1 DAGs
[2026-02-01T22:46:53.608+0000] {logging_mixin.py:188} INFO - [2026-02-01T22:46:53.608+0000] {dag.py:3954} INFO - Setting next_dagrun for etl_pipeline_final to 2026-01-31 00:00:00+00:00, run_after=2026-02-01 00:00:00+00:00
[2026-02-01T22:46:53.629+0000] {processor.py:183} INFO - Processing /opt/airflow/dags/etl.py took 0.419 seconds
[2026-02-01T22:47:26.592+0000] {processor.py:161} INFO - Started process (PID=41797) to work on /opt/airflow/dags/etl.py
[2026-02-01T22:47:26.593+0000] {processor.py:830} INFO - Processing file /opt/airflow/dags/etl.py for tasks to queue
[2026-02-01T22:47:26.595+0000] {logging_mixin.py:188} INFO - [2026-02-01T22:47:26.594+0000] {dagbag.py:545} INFO - Filling up the DagBag from /opt/airflow/dags/etl.py
[2026-02-01T22:47:26.901+0000] {processor.py:840} INFO - DAG(s) 'etl_pipeline_final' retrieved from /opt/airflow/dags/etl.py
[2026-02-01T22:47:26.921+0000] {logging_mixin.py:188} INFO - [2026-02-01T22:47:26.920+0000] {dag.py:3096} INFO - Sync 1 DAGs
[2026-02-01T22:47:26.934+0000] {logging_mixin.py:188} INFO - [2026-02-01T22:47:26.934+0000] {dag.py:3954} INFO - Setting next_dagrun for etl_pipeline_final to 2026-01-31 00:00:00+00:00, run_after=2026-02-01 00:00:00+00:00
[2026-02-01T22:47:26.951+0000] {processor.py:183} INFO - Processing /opt/airflow/dags/etl.py took 0.365 seconds
[2026-02-01T22:48:00.012+0000] {processor.py:161} INFO - Started process (PID=41844) to work on /opt/airflow/dags/etl.py
[2026-02-01T22:48:00.013+0000] {processor.py:830} INFO - Processing file /opt/airflow/dags/etl.py for tasks to queue
[2026-02-01T22:48:00.014+0000] {logging_mixin.py:188} INFO - [2026-02-01T22:48:00.014+0000] {dagbag.py:545} INFO - Filling up the DagBag from /opt/airflow/dags/etl.py
[2026-02-01T22:48:00.300+0000] {processor.py:840} INFO - DAG(s) 'etl_pipeline_final' retrieved from /opt/airflow/dags/etl.py
[2026-02-01T22:48:00.316+0000] {logging_mixin.py:188} INFO - [2026-02-01T22:48:00.315+0000] {dag.py:3096} INFO - Sync 1 DAGs
[2026-02-01T22:48:00.330+0000] {logging_mixin.py:188} INFO - [2026-02-01T22:48:00.329+0000] {dag.py:3954} INFO - Setting next_dagrun for etl_pipeline_final to 2026-01-31 00:00:00+00:00, run_after=2026-02-01 00:00:00+00:00
[2026-02-01T22:48:00.344+0000] {processor.py:183} INFO - Processing /opt/airflow/dags/etl.py took 0.336 seconds
[2026-02-01T22:48:33.219+0000] {processor.py:161} INFO - Started process (PID=41891) to work on /opt/airflow/dags/etl.py
[2026-02-01T22:48:33.221+0000] {processor.py:830} INFO - Processing file /opt/airflow/dags/etl.py for tasks to queue
[2026-02-01T22:48:33.222+0000] {logging_mixin.py:188} INFO - [2026-02-01T22:48:33.222+0000] {dagbag.py:545} INFO - Filling up the DagBag from /opt/airflow/dags/etl.py
[2026-02-01T22:48:33.496+0000] {processor.py:840} INFO - DAG(s) 'etl_pipeline_final' retrieved from /opt/airflow/dags/etl.py
[2026-02-01T22:48:33.514+0000] {logging_mixin.py:188} INFO - [2026-02-01T22:48:33.513+0000] {dag.py:3096} INFO - Sync 1 DAGs
[2026-02-01T22:48:33.526+0000] {logging_mixin.py:188} INFO - [2026-02-01T22:48:33.526+0000] {dag.py:3954} INFO - Setting next_dagrun for etl_pipeline_final to 2026-01-31 00:00:00+00:00, run_after=2026-02-01 00:00:00+00:00
[2026-02-01T22:48:33.540+0000] {processor.py:183} INFO - Processing /opt/airflow/dags/etl.py took 0.326 seconds
[2026-02-01T22:49:06.396+0000] {processor.py:161} INFO - Started process (PID=41938) to work on /opt/airflow/dags/etl.py
[2026-02-01T22:49:06.397+0000] {processor.py:830} INFO - Processing file /opt/airflow/dags/etl.py for tasks to queue
[2026-02-01T22:49:06.398+0000] {logging_mixin.py:188} INFO - [2026-02-01T22:49:06.397+0000] {dagbag.py:545} INFO - Filling up the DagBag from /opt/airflow/dags/etl.py
[2026-02-01T22:49:06.690+0000] {processor.py:840} INFO - DAG(s) 'etl_pipeline_final' retrieved from /opt/airflow/dags/etl.py
[2026-02-01T22:49:06.707+0000] {logging_mixin.py:188} INFO - [2026-02-01T22:49:06.707+0000] {dag.py:3096} INFO - Sync 1 DAGs
[2026-02-01T22:49:06.720+0000] {logging_mixin.py:188} INFO - [2026-02-01T22:49:06.720+0000] {dag.py:3954} INFO - Setting next_dagrun for etl_pipeline_final to 2026-01-31 00:00:00+00:00, run_after=2026-02-01 00:00:00+00:00
[2026-02-01T22:49:06.735+0000] {processor.py:183} INFO - Processing /opt/airflow/dags/etl.py took 0.343 seconds
[2026-02-01T22:49:40.119+0000] {processor.py:161} INFO - Started process (PID=41985) to work on /opt/airflow/dags/etl.py
[2026-02-01T22:49:40.121+0000] {processor.py:830} INFO - Processing file /opt/airflow/dags/etl.py for tasks to queue
[2026-02-01T22:49:40.122+0000] {logging_mixin.py:188} INFO - [2026-02-01T22:49:40.122+0000] {dagbag.py:545} INFO - Filling up the DagBag from /opt/airflow/dags/etl.py
[2026-02-01T22:49:40.401+0000] {processor.py:840} INFO - DAG(s) 'etl_pipeline_final' retrieved from /opt/airflow/dags/etl.py
[2026-02-01T22:49:40.419+0000] {logging_mixin.py:188} INFO - [2026-02-01T22:49:40.419+0000] {dag.py:3096} INFO - Sync 1 DAGs
[2026-02-01T22:49:40.434+0000] {logging_mixin.py:188} INFO - [2026-02-01T22:49:40.434+0000] {dag.py:3954} INFO - Setting next_dagrun for etl_pipeline_final to 2026-01-31 00:00:00+00:00, run_after=2026-02-01 00:00:00+00:00
[2026-02-01T22:49:40.446+0000] {processor.py:183} INFO - Processing /opt/airflow/dags/etl.py took 0.332 seconds
[2026-02-01T22:50:13.392+0000] {processor.py:161} INFO - Started process (PID=42032) to work on /opt/airflow/dags/etl.py
[2026-02-01T22:50:13.392+0000] {processor.py:830} INFO - Processing file /opt/airflow/dags/etl.py for tasks to queue
[2026-02-01T22:50:13.393+0000] {logging_mixin.py:188} INFO - [2026-02-01T22:50:13.393+0000] {dagbag.py:545} INFO - Filling up the DagBag from /opt/airflow/dags/etl.py
[2026-02-01T22:50:13.674+0000] {processor.py:840} INFO - DAG(s) 'etl_pipeline_final' retrieved from /opt/airflow/dags/etl.py
[2026-02-01T22:50:13.691+0000] {logging_mixin.py:188} INFO - [2026-02-01T22:50:13.691+0000] {dag.py:3096} INFO - Sync 1 DAGs
[2026-02-01T22:50:13.707+0000] {logging_mixin.py:188} INFO - [2026-02-01T22:50:13.707+0000] {dag.py:3954} INFO - Setting next_dagrun for etl_pipeline_final to 2026-01-31 00:00:00+00:00, run_after=2026-02-01 00:00:00+00:00
[2026-02-01T22:50:13.723+0000] {processor.py:183} INFO - Processing /opt/airflow/dags/etl.py took 0.336 seconds
[2026-02-01T22:50:46.615+0000] {processor.py:161} INFO - Started process (PID=42079) to work on /opt/airflow/dags/etl.py
[2026-02-01T22:50:46.617+0000] {processor.py:830} INFO - Processing file /opt/airflow/dags/etl.py for tasks to queue
[2026-02-01T22:50:46.618+0000] {logging_mixin.py:188} INFO - [2026-02-01T22:50:46.618+0000] {dagbag.py:545} INFO - Filling up the DagBag from /opt/airflow/dags/etl.py
[2026-02-01T22:50:46.895+0000] {processor.py:840} INFO - DAG(s) 'etl_pipeline_final' retrieved from /opt/airflow/dags/etl.py
[2026-02-01T22:50:46.913+0000] {logging_mixin.py:188} INFO - [2026-02-01T22:50:46.912+0000] {dag.py:3096} INFO - Sync 1 DAGs
[2026-02-01T22:50:46.926+0000] {logging_mixin.py:188} INFO - [2026-02-01T22:50:46.926+0000] {dag.py:3954} INFO - Setting next_dagrun for etl_pipeline_final to 2026-01-31 00:00:00+00:00, run_after=2026-02-01 00:00:00+00:00
[2026-02-01T22:50:46.938+0000] {processor.py:183} INFO - Processing /opt/airflow/dags/etl.py took 0.329 seconds
[2026-02-01T22:51:20.218+0000] {processor.py:161} INFO - Started process (PID=42126) to work on /opt/airflow/dags/etl.py
[2026-02-01T22:51:20.219+0000] {processor.py:830} INFO - Processing file /opt/airflow/dags/etl.py for tasks to queue
[2026-02-01T22:51:20.220+0000] {logging_mixin.py:188} INFO - [2026-02-01T22:51:20.220+0000] {dagbag.py:545} INFO - Filling up the DagBag from /opt/airflow/dags/etl.py
[2026-02-01T22:51:20.528+0000] {processor.py:840} INFO - DAG(s) 'etl_pipeline_final' retrieved from /opt/airflow/dags/etl.py
[2026-02-01T22:51:20.545+0000] {logging_mixin.py:188} INFO - [2026-02-01T22:51:20.545+0000] {dag.py:3096} INFO - Sync 1 DAGs
[2026-02-01T22:51:20.560+0000] {logging_mixin.py:188} INFO - [2026-02-01T22:51:20.559+0000] {dag.py:3954} INFO - Setting next_dagrun for etl_pipeline_final to 2026-01-31 00:00:00+00:00, run_after=2026-02-01 00:00:00+00:00
[2026-02-01T22:51:20.577+0000] {processor.py:183} INFO - Processing /opt/airflow/dags/etl.py took 0.364 seconds
[2026-02-01T22:51:53.448+0000] {processor.py:161} INFO - Started process (PID=42173) to work on /opt/airflow/dags/etl.py
[2026-02-01T22:51:53.451+0000] {processor.py:830} INFO - Processing file /opt/airflow/dags/etl.py for tasks to queue
[2026-02-01T22:51:53.452+0000] {logging_mixin.py:188} INFO - [2026-02-01T22:51:53.452+0000] {dagbag.py:545} INFO - Filling up the DagBag from /opt/airflow/dags/etl.py
[2026-02-01T22:51:53.758+0000] {processor.py:840} INFO - DAG(s) 'etl_pipeline_final' retrieved from /opt/airflow/dags/etl.py
[2026-02-01T22:51:53.775+0000] {logging_mixin.py:188} INFO - [2026-02-01T22:51:53.775+0000] {dag.py:3096} INFO - Sync 1 DAGs
[2026-02-01T22:51:53.788+0000] {logging_mixin.py:188} INFO - [2026-02-01T22:51:53.788+0000] {dag.py:3954} INFO - Setting next_dagrun for etl_pipeline_final to 2026-01-31 00:00:00+00:00, run_after=2026-02-01 00:00:00+00:00
[2026-02-01T22:51:53.803+0000] {processor.py:183} INFO - Processing /opt/airflow/dags/etl.py took 0.362 seconds
[2026-02-01T22:52:26.737+0000] {processor.py:161} INFO - Started process (PID=42220) to work on /opt/airflow/dags/etl.py
[2026-02-01T22:52:26.737+0000] {processor.py:830} INFO - Processing file /opt/airflow/dags/etl.py for tasks to queue
[2026-02-01T22:52:26.739+0000] {logging_mixin.py:188} INFO - [2026-02-01T22:52:26.739+0000] {dagbag.py:545} INFO - Filling up the DagBag from /opt/airflow/dags/etl.py
[2026-02-01T22:52:27.055+0000] {processor.py:840} INFO - DAG(s) 'etl_pipeline_final' retrieved from /opt/airflow/dags/etl.py
[2026-02-01T22:52:27.074+0000] {logging_mixin.py:188} INFO - [2026-02-01T22:52:27.074+0000] {dag.py:3096} INFO - Sync 1 DAGs
[2026-02-01T22:52:27.089+0000] {logging_mixin.py:188} INFO - [2026-02-01T22:52:27.089+0000] {dag.py:3954} INFO - Setting next_dagrun for etl_pipeline_final to 2026-01-31 00:00:00+00:00, run_after=2026-02-01 00:00:00+00:00
[2026-02-01T22:52:27.104+0000] {processor.py:183} INFO - Processing /opt/airflow/dags/etl.py took 0.372 seconds
[2026-02-01T22:53:00.101+0000] {processor.py:161} INFO - Started process (PID=42267) to work on /opt/airflow/dags/etl.py
[2026-02-01T22:53:00.103+0000] {processor.py:830} INFO - Processing file /opt/airflow/dags/etl.py for tasks to queue
[2026-02-01T22:53:00.104+0000] {logging_mixin.py:188} INFO - [2026-02-01T22:53:00.104+0000] {dagbag.py:545} INFO - Filling up the DagBag from /opt/airflow/dags/etl.py
[2026-02-01T22:53:00.500+0000] {processor.py:840} INFO - DAG(s) 'etl_pipeline_final' retrieved from /opt/airflow/dags/etl.py
[2026-02-01T22:53:00.524+0000] {logging_mixin.py:188} INFO - [2026-02-01T22:53:00.523+0000] {dag.py:3096} INFO - Sync 1 DAGs
[2026-02-01T22:53:00.545+0000] {logging_mixin.py:188} INFO - [2026-02-01T22:53:00.545+0000] {dag.py:3954} INFO - Setting next_dagrun for etl_pipeline_final to 2026-01-31 00:00:00+00:00, run_after=2026-02-01 00:00:00+00:00
[2026-02-01T22:53:00.565+0000] {processor.py:183} INFO - Processing /opt/airflow/dags/etl.py took 0.469 seconds
[2026-02-01T22:53:33.660+0000] {processor.py:161} INFO - Started process (PID=42314) to work on /opt/airflow/dags/etl.py
[2026-02-01T22:53:33.660+0000] {processor.py:830} INFO - Processing file /opt/airflow/dags/etl.py for tasks to queue
[2026-02-01T22:53:33.662+0000] {logging_mixin.py:188} INFO - [2026-02-01T22:53:33.662+0000] {dagbag.py:545} INFO - Filling up the DagBag from /opt/airflow/dags/etl.py
[2026-02-01T22:53:34.047+0000] {processor.py:840} INFO - DAG(s) 'etl_pipeline_final' retrieved from /opt/airflow/dags/etl.py
[2026-02-01T22:53:34.072+0000] {logging_mixin.py:188} INFO - [2026-02-01T22:53:34.070+0000] {dag.py:3096} INFO - Sync 1 DAGs
[2026-02-01T22:53:34.094+0000] {logging_mixin.py:188} INFO - [2026-02-01T22:53:34.093+0000] {dag.py:3954} INFO - Setting next_dagrun for etl_pipeline_final to 2026-01-31 00:00:00+00:00, run_after=2026-02-01 00:00:00+00:00
[2026-02-01T22:53:34.115+0000] {processor.py:183} INFO - Processing /opt/airflow/dags/etl.py took 0.461 seconds
[2026-02-01T22:54:07.475+0000] {processor.py:161} INFO - Started process (PID=42361) to work on /opt/airflow/dags/etl.py
[2026-02-01T22:54:07.478+0000] {processor.py:830} INFO - Processing file /opt/airflow/dags/etl.py for tasks to queue
[2026-02-01T22:54:07.480+0000] {logging_mixin.py:188} INFO - [2026-02-01T22:54:07.479+0000] {dagbag.py:545} INFO - Filling up the DagBag from /opt/airflow/dags/etl.py
[2026-02-01T22:54:07.823+0000] {processor.py:840} INFO - DAG(s) 'etl_pipeline_final' retrieved from /opt/airflow/dags/etl.py
[2026-02-01T22:54:07.845+0000] {logging_mixin.py:188} INFO - [2026-02-01T22:54:07.845+0000] {dag.py:3096} INFO - Sync 1 DAGs
[2026-02-01T22:54:07.860+0000] {logging_mixin.py:188} INFO - [2026-02-01T22:54:07.860+0000] {dag.py:3954} INFO - Setting next_dagrun for etl_pipeline_final to 2026-01-31 00:00:00+00:00, run_after=2026-02-01 00:00:00+00:00
[2026-02-01T22:54:07.876+0000] {processor.py:183} INFO - Processing /opt/airflow/dags/etl.py took 0.408 seconds
[2026-02-01T22:54:40.403+0000] {processor.py:161} INFO - Started process (PID=42409) to work on /opt/airflow/dags/etl.py
[2026-02-01T22:54:40.404+0000] {processor.py:830} INFO - Processing file /opt/airflow/dags/etl.py for tasks to queue
[2026-02-01T22:54:40.407+0000] {logging_mixin.py:188} INFO - [2026-02-01T22:54:40.406+0000] {dagbag.py:545} INFO - Filling up the DagBag from /opt/airflow/dags/etl.py
[2026-02-01T22:54:40.822+0000] {processor.py:840} INFO - DAG(s) 'etl_pipeline_final' retrieved from /opt/airflow/dags/etl.py
[2026-02-01T22:54:40.846+0000] {logging_mixin.py:188} INFO - [2026-02-01T22:54:40.845+0000] {dag.py:3096} INFO - Sync 1 DAGs
[2026-02-01T22:54:40.863+0000] {logging_mixin.py:188} INFO - [2026-02-01T22:54:40.863+0000] {dag.py:3954} INFO - Setting next_dagrun for etl_pipeline_final to 2026-01-31 00:00:00+00:00, run_after=2026-02-01 00:00:00+00:00
[2026-02-01T22:54:40.884+0000] {processor.py:183} INFO - Processing /opt/airflow/dags/etl.py took 0.487 seconds
[2026-02-01T22:55:13.286+0000] {processor.py:161} INFO - Started process (PID=42456) to work on /opt/airflow/dags/etl.py
[2026-02-01T22:55:13.289+0000] {processor.py:830} INFO - Processing file /opt/airflow/dags/etl.py for tasks to queue
[2026-02-01T22:55:13.290+0000] {logging_mixin.py:188} INFO - [2026-02-01T22:55:13.290+0000] {dagbag.py:545} INFO - Filling up the DagBag from /opt/airflow/dags/etl.py
[2026-02-01T22:55:13.613+0000] {processor.py:840} INFO - DAG(s) 'etl_pipeline_final' retrieved from /opt/airflow/dags/etl.py
[2026-02-01T22:55:13.630+0000] {logging_mixin.py:188} INFO - [2026-02-01T22:55:13.630+0000] {dag.py:3096} INFO - Sync 1 DAGs
[2026-02-01T22:55:13.645+0000] {logging_mixin.py:188} INFO - [2026-02-01T22:55:13.645+0000] {dag.py:3954} INFO - Setting next_dagrun for etl_pipeline_final to 2026-01-31 00:00:00+00:00, run_after=2026-02-01 00:00:00+00:00
[2026-02-01T22:55:13.659+0000] {processor.py:183} INFO - Processing /opt/airflow/dags/etl.py took 0.379 seconds
[2026-02-01T22:55:46.627+0000] {processor.py:161} INFO - Started process (PID=42503) to work on /opt/airflow/dags/etl.py
[2026-02-01T22:55:46.628+0000] {processor.py:830} INFO - Processing file /opt/airflow/dags/etl.py for tasks to queue
[2026-02-01T22:55:46.629+0000] {logging_mixin.py:188} INFO - [2026-02-01T22:55:46.629+0000] {dagbag.py:545} INFO - Filling up the DagBag from /opt/airflow/dags/etl.py
[2026-02-01T22:55:46.908+0000] {processor.py:840} INFO - DAG(s) 'etl_pipeline_final' retrieved from /opt/airflow/dags/etl.py
[2026-02-01T22:55:46.926+0000] {logging_mixin.py:188} INFO - [2026-02-01T22:55:46.925+0000] {dag.py:3096} INFO - Sync 1 DAGs
[2026-02-01T22:55:46.940+0000] {logging_mixin.py:188} INFO - [2026-02-01T22:55:46.940+0000] {dag.py:3954} INFO - Setting next_dagrun for etl_pipeline_final to 2026-01-31 00:00:00+00:00, run_after=2026-02-01 00:00:00+00:00
[2026-02-01T22:55:46.956+0000] {processor.py:183} INFO - Processing /opt/airflow/dags/etl.py took 0.334 seconds
[2026-02-01T22:56:20.032+0000] {processor.py:161} INFO - Started process (PID=42550) to work on /opt/airflow/dags/etl.py
[2026-02-01T22:56:20.034+0000] {processor.py:830} INFO - Processing file /opt/airflow/dags/etl.py for tasks to queue
[2026-02-01T22:56:20.036+0000] {logging_mixin.py:188} INFO - [2026-02-01T22:56:20.035+0000] {dagbag.py:545} INFO - Filling up the DagBag from /opt/airflow/dags/etl.py
[2026-02-01T22:56:20.306+0000] {processor.py:840} INFO - DAG(s) 'etl_pipeline_final' retrieved from /opt/airflow/dags/etl.py
[2026-02-01T22:56:20.323+0000] {logging_mixin.py:188} INFO - [2026-02-01T22:56:20.322+0000] {dag.py:3096} INFO - Sync 1 DAGs
[2026-02-01T22:56:20.337+0000] {logging_mixin.py:188} INFO - [2026-02-01T22:56:20.336+0000] {dag.py:3954} INFO - Setting next_dagrun for etl_pipeline_final to 2026-01-31 00:00:00+00:00, run_after=2026-02-01 00:00:00+00:00
[2026-02-01T22:56:20.351+0000] {processor.py:183} INFO - Processing /opt/airflow/dags/etl.py took 0.323 seconds
[2026-02-01T22:56:53.566+0000] {processor.py:161} INFO - Started process (PID=42597) to work on /opt/airflow/dags/etl.py
[2026-02-01T22:56:53.566+0000] {processor.py:830} INFO - Processing file /opt/airflow/dags/etl.py for tasks to queue
[2026-02-01T22:56:53.567+0000] {logging_mixin.py:188} INFO - [2026-02-01T22:56:53.567+0000] {dagbag.py:545} INFO - Filling up the DagBag from /opt/airflow/dags/etl.py
[2026-02-01T22:56:53.910+0000] {processor.py:840} INFO - DAG(s) 'etl_pipeline_final' retrieved from /opt/airflow/dags/etl.py
[2026-02-01T22:56:53.932+0000] {logging_mixin.py:188} INFO - [2026-02-01T22:56:53.932+0000] {dag.py:3096} INFO - Sync 1 DAGs
[2026-02-01T22:56:53.948+0000] {logging_mixin.py:188} INFO - [2026-02-01T22:56:53.947+0000] {dag.py:3954} INFO - Setting next_dagrun for etl_pipeline_final to 2026-01-31 00:00:00+00:00, run_after=2026-02-01 00:00:00+00:00
[2026-02-01T22:56:53.963+0000] {processor.py:183} INFO - Processing /opt/airflow/dags/etl.py took 0.403 seconds
[2026-02-01T22:57:26.793+0000] {processor.py:161} INFO - Started process (PID=42644) to work on /opt/airflow/dags/etl.py
[2026-02-01T22:57:26.795+0000] {processor.py:830} INFO - Processing file /opt/airflow/dags/etl.py for tasks to queue
[2026-02-01T22:57:26.796+0000] {logging_mixin.py:188} INFO - [2026-02-01T22:57:26.796+0000] {dagbag.py:545} INFO - Filling up the DagBag from /opt/airflow/dags/etl.py
[2026-02-01T22:57:27.077+0000] {processor.py:840} INFO - DAG(s) 'etl_pipeline_final' retrieved from /opt/airflow/dags/etl.py
[2026-02-01T22:57:27.094+0000] {logging_mixin.py:188} INFO - [2026-02-01T22:57:27.093+0000] {dag.py:3096} INFO - Sync 1 DAGs
[2026-02-01T22:57:27.106+0000] {logging_mixin.py:188} INFO - [2026-02-01T22:57:27.106+0000] {dag.py:3954} INFO - Setting next_dagrun for etl_pipeline_final to 2026-01-31 00:00:00+00:00, run_after=2026-02-01 00:00:00+00:00
[2026-02-01T22:57:27.124+0000] {processor.py:183} INFO - Processing /opt/airflow/dags/etl.py took 0.335 seconds
[2026-02-01T22:58:00.128+0000] {processor.py:161} INFO - Started process (PID=42691) to work on /opt/airflow/dags/etl.py
[2026-02-01T22:58:00.128+0000] {processor.py:830} INFO - Processing file /opt/airflow/dags/etl.py for tasks to queue
[2026-02-01T22:58:00.129+0000] {logging_mixin.py:188} INFO - [2026-02-01T22:58:00.129+0000] {dagbag.py:545} INFO - Filling up the DagBag from /opt/airflow/dags/etl.py
[2026-02-01T22:58:00.405+0000] {processor.py:840} INFO - DAG(s) 'etl_pipeline_final' retrieved from /opt/airflow/dags/etl.py
[2026-02-01T22:58:00.421+0000] {logging_mixin.py:188} INFO - [2026-02-01T22:58:00.421+0000] {dag.py:3096} INFO - Sync 1 DAGs
[2026-02-01T22:58:00.434+0000] {logging_mixin.py:188} INFO - [2026-02-01T22:58:00.434+0000] {dag.py:3954} INFO - Setting next_dagrun for etl_pipeline_final to 2026-01-31 00:00:00+00:00, run_after=2026-02-01 00:00:00+00:00
[2026-02-01T22:58:00.446+0000] {processor.py:183} INFO - Processing /opt/airflow/dags/etl.py took 0.324 seconds
[2026-02-01T22:58:33.331+0000] {processor.py:161} INFO - Started process (PID=42738) to work on /opt/airflow/dags/etl.py
[2026-02-01T22:58:33.334+0000] {processor.py:830} INFO - Processing file /opt/airflow/dags/etl.py for tasks to queue
[2026-02-01T22:58:33.335+0000] {logging_mixin.py:188} INFO - [2026-02-01T22:58:33.335+0000] {dagbag.py:545} INFO - Filling up the DagBag from /opt/airflow/dags/etl.py
[2026-02-01T22:58:33.627+0000] {processor.py:840} INFO - DAG(s) 'etl_pipeline_final' retrieved from /opt/airflow/dags/etl.py
[2026-02-01T22:58:33.645+0000] {logging_mixin.py:188} INFO - [2026-02-01T22:58:33.644+0000] {dag.py:3096} INFO - Sync 1 DAGs
[2026-02-01T22:58:33.657+0000] {logging_mixin.py:188} INFO - [2026-02-01T22:58:33.657+0000] {dag.py:3954} INFO - Setting next_dagrun for etl_pipeline_final to 2026-01-31 00:00:00+00:00, run_after=2026-02-01 00:00:00+00:00
[2026-02-01T22:58:33.670+0000] {processor.py:183} INFO - Processing /opt/airflow/dags/etl.py took 0.343 seconds
[2026-02-01T22:59:06.514+0000] {processor.py:161} INFO - Started process (PID=42785) to work on /opt/airflow/dags/etl.py
[2026-02-01T22:59:06.515+0000] {processor.py:830} INFO - Processing file /opt/airflow/dags/etl.py for tasks to queue
[2026-02-01T22:59:06.516+0000] {logging_mixin.py:188} INFO - [2026-02-01T22:59:06.516+0000] {dagbag.py:545} INFO - Filling up the DagBag from /opt/airflow/dags/etl.py
[2026-02-01T22:59:06.784+0000] {processor.py:840} INFO - DAG(s) 'etl_pipeline_final' retrieved from /opt/airflow/dags/etl.py
[2026-02-01T22:59:06.800+0000] {logging_mixin.py:188} INFO - [2026-02-01T22:59:06.800+0000] {dag.py:3096} INFO - Sync 1 DAGs
[2026-02-01T22:59:06.813+0000] {logging_mixin.py:188} INFO - [2026-02-01T22:59:06.813+0000] {dag.py:3954} INFO - Setting next_dagrun for etl_pipeline_final to 2026-01-31 00:00:00+00:00, run_after=2026-02-01 00:00:00+00:00
[2026-02-01T22:59:06.828+0000] {processor.py:183} INFO - Processing /opt/airflow/dags/etl.py took 0.317 seconds
[2026-02-01T22:59:40.227+0000] {processor.py:161} INFO - Started process (PID=42832) to work on /opt/airflow/dags/etl.py
[2026-02-01T22:59:40.229+0000] {processor.py:830} INFO - Processing file /opt/airflow/dags/etl.py for tasks to queue
[2026-02-01T22:59:40.231+0000] {logging_mixin.py:188} INFO - [2026-02-01T22:59:40.230+0000] {dagbag.py:545} INFO - Filling up the DagBag from /opt/airflow/dags/etl.py
[2026-02-01T22:59:40.538+0000] {processor.py:840} INFO - DAG(s) 'etl_pipeline_final' retrieved from /opt/airflow/dags/etl.py
[2026-02-01T22:59:40.555+0000] {logging_mixin.py:188} INFO - [2026-02-01T22:59:40.555+0000] {dag.py:3096} INFO - Sync 1 DAGs
[2026-02-01T22:59:40.570+0000] {logging_mixin.py:188} INFO - [2026-02-01T22:59:40.569+0000] {dag.py:3954} INFO - Setting next_dagrun for etl_pipeline_final to 2026-01-31 00:00:00+00:00, run_after=2026-02-01 00:00:00+00:00
[2026-02-01T22:59:40.587+0000] {processor.py:183} INFO - Processing /opt/airflow/dags/etl.py took 0.364 seconds
[2026-02-01T23:00:13.491+0000] {processor.py:161} INFO - Started process (PID=42879) to work on /opt/airflow/dags/etl.py
[2026-02-01T23:00:13.491+0000] {processor.py:830} INFO - Processing file /opt/airflow/dags/etl.py for tasks to queue
[2026-02-01T23:00:13.493+0000] {logging_mixin.py:188} INFO - [2026-02-01T23:00:13.493+0000] {dagbag.py:545} INFO - Filling up the DagBag from /opt/airflow/dags/etl.py
[2026-02-01T23:00:13.769+0000] {processor.py:840} INFO - DAG(s) 'etl_pipeline_final' retrieved from /opt/airflow/dags/etl.py
[2026-02-01T23:00:13.787+0000] {logging_mixin.py:188} INFO - [2026-02-01T23:00:13.785+0000] {dag.py:3096} INFO - Sync 1 DAGs
[2026-02-01T23:00:13.801+0000] {logging_mixin.py:188} INFO - [2026-02-01T23:00:13.801+0000] {dag.py:3954} INFO - Setting next_dagrun for etl_pipeline_final to 2026-01-31 00:00:00+00:00, run_after=2026-02-01 00:00:00+00:00
[2026-02-01T23:00:13.814+0000] {processor.py:183} INFO - Processing /opt/airflow/dags/etl.py took 0.328 seconds
[2026-02-01T23:00:46.792+0000] {processor.py:161} INFO - Started process (PID=42926) to work on /opt/airflow/dags/etl.py
[2026-02-01T23:00:46.795+0000] {processor.py:830} INFO - Processing file /opt/airflow/dags/etl.py for tasks to queue
[2026-02-01T23:00:46.796+0000] {logging_mixin.py:188} INFO - [2026-02-01T23:00:46.796+0000] {dagbag.py:545} INFO - Filling up the DagBag from /opt/airflow/dags/etl.py
[2026-02-01T23:00:47.077+0000] {processor.py:840} INFO - DAG(s) 'etl_pipeline_final' retrieved from /opt/airflow/dags/etl.py
[2026-02-01T23:00:47.095+0000] {logging_mixin.py:188} INFO - [2026-02-01T23:00:47.095+0000] {dag.py:3096} INFO - Sync 1 DAGs
[2026-02-01T23:00:47.109+0000] {logging_mixin.py:188} INFO - [2026-02-01T23:00:47.109+0000] {dag.py:3954} INFO - Setting next_dagrun for etl_pipeline_final to 2026-01-31 00:00:00+00:00, run_after=2026-02-01 00:00:00+00:00
[2026-02-01T23:00:47.123+0000] {processor.py:183} INFO - Processing /opt/airflow/dags/etl.py took 0.336 seconds
[2026-02-01T23:01:18.134+0000] {processor.py:161} INFO - Started process (PID=42973) to work on /opt/airflow/dags/etl.py
[2026-02-01T23:01:18.135+0000] {processor.py:830} INFO - Processing file /opt/airflow/dags/etl.py for tasks to queue
[2026-02-01T23:01:18.136+0000] {logging_mixin.py:188} INFO - [2026-02-01T23:01:18.136+0000] {dagbag.py:545} INFO - Filling up the DagBag from /opt/airflow/dags/etl.py
[2026-02-01T23:01:18.420+0000] {processor.py:840} INFO - DAG(s) 'etl_pipeline_final' retrieved from /opt/airflow/dags/etl.py
[2026-02-01T23:01:18.439+0000] {logging_mixin.py:188} INFO - [2026-02-01T23:01:18.438+0000] {dag.py:3096} INFO - Sync 1 DAGs
[2026-02-01T23:01:18.454+0000] {logging_mixin.py:188} INFO - [2026-02-01T23:01:18.454+0000] {dag.py:3954} INFO - Setting next_dagrun for etl_pipeline_final to 2026-01-31 00:00:00+00:00, run_after=2026-02-01 00:00:00+00:00
[2026-02-01T23:01:18.468+0000] {processor.py:183} INFO - Processing /opt/airflow/dags/etl.py took 0.338 seconds
[2026-02-01T23:01:53.563+0000] {processor.py:161} INFO - Started process (PID=43020) to work on /opt/airflow/dags/etl.py
[2026-02-01T23:01:53.565+0000] {processor.py:830} INFO - Processing file /opt/airflow/dags/etl.py for tasks to queue
[2026-02-01T23:01:53.566+0000] {logging_mixin.py:188} INFO - [2026-02-01T23:01:53.566+0000] {dagbag.py:545} INFO - Filling up the DagBag from /opt/airflow/dags/etl.py
[2026-02-01T23:01:53.890+0000] {processor.py:840} INFO - DAG(s) 'etl_pipeline_final' retrieved from /opt/airflow/dags/etl.py
[2026-02-01T23:01:53.911+0000] {logging_mixin.py:188} INFO - [2026-02-01T23:01:53.910+0000] {dag.py:3096} INFO - Sync 1 DAGs
[2026-02-01T23:01:53.926+0000] {logging_mixin.py:188} INFO - [2026-02-01T23:01:53.925+0000] {dag.py:3954} INFO - Setting next_dagrun for etl_pipeline_final to 2026-01-31 00:00:00+00:00, run_after=2026-02-01 00:00:00+00:00
[2026-02-01T23:01:53.943+0000] {processor.py:183} INFO - Processing /opt/airflow/dags/etl.py took 0.385 seconds
[2026-02-01T23:02:25.289+0000] {processor.py:161} INFO - Started process (PID=43067) to work on /opt/airflow/dags/etl.py
[2026-02-01T23:02:25.290+0000] {processor.py:830} INFO - Processing file /opt/airflow/dags/etl.py for tasks to queue
[2026-02-01T23:02:25.292+0000] {logging_mixin.py:188} INFO - [2026-02-01T23:02:25.292+0000] {dagbag.py:545} INFO - Filling up the DagBag from /opt/airflow/dags/etl.py
[2026-02-01T23:02:25.603+0000] {processor.py:840} INFO - DAG(s) 'etl_pipeline_final' retrieved from /opt/airflow/dags/etl.py
[2026-02-01T23:02:25.621+0000] {logging_mixin.py:188} INFO - [2026-02-01T23:02:25.621+0000] {dag.py:3096} INFO - Sync 1 DAGs
[2026-02-01T23:02:25.637+0000] {logging_mixin.py:188} INFO - [2026-02-01T23:02:25.637+0000] {dag.py:3954} INFO - Setting next_dagrun for etl_pipeline_final to 2026-01-31 00:00:00+00:00, run_after=2026-02-01 00:00:00+00:00
[2026-02-01T23:02:25.653+0000] {processor.py:183} INFO - Processing /opt/airflow/dags/etl.py took 0.370 seconds
[2026-02-01T23:02:55.864+0000] {processor.py:161} INFO - Started process (PID=43108) to work on /opt/airflow/dags/etl.py
[2026-02-01T23:02:55.866+0000] {processor.py:830} INFO - Processing file /opt/airflow/dags/etl.py for tasks to queue
[2026-02-01T23:02:55.867+0000] {logging_mixin.py:188} INFO - [2026-02-01T23:02:55.867+0000] {dagbag.py:545} INFO - Filling up the DagBag from /opt/airflow/dags/etl.py
[2026-02-01T23:02:56.139+0000] {processor.py:840} INFO - DAG(s) 'etl_pipeline_final' retrieved from /opt/airflow/dags/etl.py
[2026-02-01T23:02:56.155+0000] {logging_mixin.py:188} INFO - [2026-02-01T23:02:56.155+0000] {dag.py:3096} INFO - Sync 1 DAGs
[2026-02-01T23:02:56.168+0000] {logging_mixin.py:188} INFO - [2026-02-01T23:02:56.168+0000] {dag.py:3954} INFO - Setting next_dagrun for etl_pipeline_final to 2026-01-31 00:00:00+00:00, run_after=2026-02-01 00:00:00+00:00
[2026-02-01T23:02:56.183+0000] {processor.py:183} INFO - Processing /opt/airflow/dags/etl.py took 0.322 seconds
[2026-02-01T23:03:26.443+0000] {processor.py:161} INFO - Started process (PID=43151) to work on /opt/airflow/dags/etl.py
[2026-02-01T23:03:26.444+0000] {processor.py:830} INFO - Processing file /opt/airflow/dags/etl.py for tasks to queue
[2026-02-01T23:03:26.445+0000] {logging_mixin.py:188} INFO - [2026-02-01T23:03:26.445+0000] {dagbag.py:545} INFO - Filling up the DagBag from /opt/airflow/dags/etl.py
[2026-02-01T23:03:26.689+0000] {processor.py:840} INFO - DAG(s) 'etl_pipeline_final' retrieved from /opt/airflow/dags/etl.py
[2026-02-01T23:03:26.705+0000] {logging_mixin.py:188} INFO - [2026-02-01T23:03:26.704+0000] {dag.py:3096} INFO - Sync 1 DAGs
[2026-02-01T23:03:26.716+0000] {logging_mixin.py:188} INFO - [2026-02-01T23:03:26.716+0000] {dag.py:3954} INFO - Setting next_dagrun for etl_pipeline_final to 2026-01-31 00:00:00+00:00, run_after=2026-02-01 00:00:00+00:00
[2026-02-01T23:03:26.727+0000] {processor.py:183} INFO - Processing /opt/airflow/dags/etl.py took 0.288 seconds
[2026-02-01T23:03:59.513+0000] {processor.py:161} INFO - Started process (PID=43200) to work on /opt/airflow/dags/etl.py
[2026-02-01T23:03:59.514+0000] {processor.py:830} INFO - Processing file /opt/airflow/dags/etl.py for tasks to queue
[2026-02-01T23:03:59.515+0000] {logging_mixin.py:188} INFO - [2026-02-01T23:03:59.515+0000] {dagbag.py:545} INFO - Filling up the DagBag from /opt/airflow/dags/etl.py
[2026-02-01T23:03:59.789+0000] {processor.py:840} INFO - DAG(s) 'etl_pipeline_final' retrieved from /opt/airflow/dags/etl.py
[2026-02-01T23:03:59.809+0000] {logging_mixin.py:188} INFO - [2026-02-01T23:03:59.808+0000] {dag.py:3096} INFO - Sync 1 DAGs
[2026-02-01T23:03:59.822+0000] {logging_mixin.py:188} INFO - [2026-02-01T23:03:59.821+0000] {dag.py:3954} INFO - Setting next_dagrun for etl_pipeline_final to 2026-01-31 00:00:00+00:00, run_after=2026-02-01 00:00:00+00:00
[2026-02-01T23:03:59.837+0000] {processor.py:183} INFO - Processing /opt/airflow/dags/etl.py took 0.328 seconds
[2026-02-01T23:04:32.240+0000] {processor.py:161} INFO - Started process (PID=43248) to work on /opt/airflow/dags/etl.py
[2026-02-01T23:04:32.241+0000] {processor.py:830} INFO - Processing file /opt/airflow/dags/etl.py for tasks to queue
[2026-02-01T23:04:32.242+0000] {logging_mixin.py:188} INFO - [2026-02-01T23:04:32.241+0000] {dagbag.py:545} INFO - Filling up the DagBag from /opt/airflow/dags/etl.py
[2026-02-01T23:04:32.532+0000] {processor.py:840} INFO - DAG(s) 'etl_pipeline_final' retrieved from /opt/airflow/dags/etl.py
[2026-02-01T23:04:32.552+0000] {logging_mixin.py:188} INFO - [2026-02-01T23:04:32.552+0000] {dag.py:3096} INFO - Sync 1 DAGs
[2026-02-01T23:04:32.565+0000] {logging_mixin.py:188} INFO - [2026-02-01T23:04:32.565+0000] {dag.py:3954} INFO - Setting next_dagrun for etl_pipeline_final to 2026-01-31 00:00:00+00:00, run_after=2026-02-01 00:00:00+00:00
[2026-02-01T23:04:32.578+0000] {processor.py:183} INFO - Processing /opt/airflow/dags/etl.py took 0.342 seconds
[2026-02-01T23:05:07.211+0000] {processor.py:161} INFO - Started process (PID=43302) to work on /opt/airflow/dags/etl.py
[2026-02-01T23:05:07.213+0000] {processor.py:830} INFO - Processing file /opt/airflow/dags/etl.py for tasks to queue
[2026-02-01T23:05:07.215+0000] {logging_mixin.py:188} INFO - [2026-02-01T23:05:07.215+0000] {dagbag.py:545} INFO - Filling up the DagBag from /opt/airflow/dags/etl.py
[2026-02-01T23:05:07.506+0000] {processor.py:840} INFO - DAG(s) 'etl_pipeline_final' retrieved from /opt/airflow/dags/etl.py
[2026-02-01T23:05:07.522+0000] {logging_mixin.py:188} INFO - [2026-02-01T23:05:07.522+0000] {dag.py:3096} INFO - Sync 1 DAGs
[2026-02-01T23:05:07.534+0000] {logging_mixin.py:188} INFO - [2026-02-01T23:05:07.533+0000] {dag.py:3954} INFO - Setting next_dagrun for etl_pipeline_final to 2026-01-31 00:00:00+00:00, run_after=2026-02-01 00:00:00+00:00
[2026-02-01T23:05:07.549+0000] {processor.py:183} INFO - Processing /opt/airflow/dags/etl.py took 0.341 seconds
[2026-02-01T23:05:40.654+0000] {processor.py:161} INFO - Started process (PID=43349) to work on /opt/airflow/dags/etl.py
[2026-02-01T23:05:40.655+0000] {processor.py:830} INFO - Processing file /opt/airflow/dags/etl.py for tasks to queue
[2026-02-01T23:05:40.657+0000] {logging_mixin.py:188} INFO - [2026-02-01T23:05:40.657+0000] {dagbag.py:545} INFO - Filling up the DagBag from /opt/airflow/dags/etl.py
[2026-02-01T23:05:40.991+0000] {processor.py:840} INFO - DAG(s) 'etl_pipeline_final' retrieved from /opt/airflow/dags/etl.py
[2026-02-01T23:05:41.011+0000] {logging_mixin.py:188} INFO - [2026-02-01T23:05:41.011+0000] {dag.py:3096} INFO - Sync 1 DAGs
[2026-02-01T23:05:41.031+0000] {logging_mixin.py:188} INFO - [2026-02-01T23:05:41.030+0000] {dag.py:3954} INFO - Setting next_dagrun for etl_pipeline_final to 2026-01-31 00:00:00+00:00, run_after=2026-02-01 00:00:00+00:00
[2026-02-01T23:05:41.050+0000] {processor.py:183} INFO - Processing /opt/airflow/dags/etl.py took 0.400 seconds
[2026-02-01T23:06:13.351+0000] {processor.py:161} INFO - Started process (PID=43396) to work on /opt/airflow/dags/etl.py
[2026-02-01T23:06:13.353+0000] {processor.py:830} INFO - Processing file /opt/airflow/dags/etl.py for tasks to queue
[2026-02-01T23:06:13.355+0000] {logging_mixin.py:188} INFO - [2026-02-01T23:06:13.354+0000] {dagbag.py:545} INFO - Filling up the DagBag from /opt/airflow/dags/etl.py
[2026-02-01T23:06:13.630+0000] {processor.py:840} INFO - DAG(s) 'etl_pipeline_final' retrieved from /opt/airflow/dags/etl.py
[2026-02-01T23:06:13.651+0000] {logging_mixin.py:188} INFO - [2026-02-01T23:06:13.651+0000] {dag.py:3096} INFO - Sync 1 DAGs
[2026-02-01T23:06:13.667+0000] {logging_mixin.py:188} INFO - [2026-02-01T23:06:13.667+0000] {dag.py:3954} INFO - Setting next_dagrun for etl_pipeline_final to 2026-01-31 00:00:00+00:00, run_after=2026-02-01 00:00:00+00:00
[2026-02-01T23:06:13.682+0000] {processor.py:183} INFO - Processing /opt/airflow/dags/etl.py took 0.334 seconds
[2026-02-01T23:06:46.976+0000] {processor.py:161} INFO - Started process (PID=43443) to work on /opt/airflow/dags/etl.py
[2026-02-01T23:06:46.976+0000] {processor.py:830} INFO - Processing file /opt/airflow/dags/etl.py for tasks to queue
[2026-02-01T23:06:46.977+0000] {logging_mixin.py:188} INFO - [2026-02-01T23:06:46.977+0000] {dagbag.py:545} INFO - Filling up the DagBag from /opt/airflow/dags/etl.py
[2026-02-01T23:06:47.255+0000] {processor.py:840} INFO - DAG(s) 'etl_pipeline_final' retrieved from /opt/airflow/dags/etl.py
[2026-02-01T23:06:47.272+0000] {logging_mixin.py:188} INFO - [2026-02-01T23:06:47.271+0000] {dag.py:3096} INFO - Sync 1 DAGs
[2026-02-01T23:06:47.284+0000] {logging_mixin.py:188} INFO - [2026-02-01T23:06:47.283+0000] {dag.py:3954} INFO - Setting next_dagrun for etl_pipeline_final to 2026-01-31 00:00:00+00:00, run_after=2026-02-01 00:00:00+00:00
[2026-02-01T23:06:47.298+0000] {processor.py:183} INFO - Processing /opt/airflow/dags/etl.py took 0.327 seconds
[2026-02-01T23:07:20.484+0000] {processor.py:161} INFO - Started process (PID=43490) to work on /opt/airflow/dags/etl.py
[2026-02-01T23:07:20.486+0000] {processor.py:830} INFO - Processing file /opt/airflow/dags/etl.py for tasks to queue
[2026-02-01T23:07:20.487+0000] {logging_mixin.py:188} INFO - [2026-02-01T23:07:20.487+0000] {dagbag.py:545} INFO - Filling up the DagBag from /opt/airflow/dags/etl.py
[2026-02-01T23:07:20.751+0000] {processor.py:840} INFO - DAG(s) 'etl_pipeline_final' retrieved from /opt/airflow/dags/etl.py
[2026-02-01T23:07:20.768+0000] {logging_mixin.py:188} INFO - [2026-02-01T23:07:20.767+0000] {dag.py:3096} INFO - Sync 1 DAGs
[2026-02-01T23:07:20.780+0000] {logging_mixin.py:188} INFO - [2026-02-01T23:07:20.780+0000] {dag.py:3954} INFO - Setting next_dagrun for etl_pipeline_final to 2026-01-31 00:00:00+00:00, run_after=2026-02-01 00:00:00+00:00
[2026-02-01T23:07:20.792+0000] {processor.py:183} INFO - Processing /opt/airflow/dags/etl.py took 0.312 seconds
[2026-02-01T23:07:53.786+0000] {processor.py:161} INFO - Started process (PID=43537) to work on /opt/airflow/dags/etl.py
[2026-02-01T23:07:53.787+0000] {processor.py:830} INFO - Processing file /opt/airflow/dags/etl.py for tasks to queue
[2026-02-01T23:07:53.789+0000] {logging_mixin.py:188} INFO - [2026-02-01T23:07:53.789+0000] {dagbag.py:545} INFO - Filling up the DagBag from /opt/airflow/dags/etl.py
[2026-02-01T23:07:54.147+0000] {processor.py:840} INFO - DAG(s) 'etl_pipeline_final' retrieved from /opt/airflow/dags/etl.py
[2026-02-01T23:07:54.175+0000] {logging_mixin.py:188} INFO - [2026-02-01T23:07:54.174+0000] {dag.py:3096} INFO - Sync 1 DAGs
[2026-02-01T23:07:54.195+0000] {logging_mixin.py:188} INFO - [2026-02-01T23:07:54.195+0000] {dag.py:3954} INFO - Setting next_dagrun for etl_pipeline_final to 2026-01-31 00:00:00+00:00, run_after=2026-02-01 00:00:00+00:00
[2026-02-01T23:07:54.214+0000] {processor.py:183} INFO - Processing /opt/airflow/dags/etl.py took 0.436 seconds
[2026-02-01T23:08:27.260+0000] {processor.py:161} INFO - Started process (PID=43584) to work on /opt/airflow/dags/etl.py
[2026-02-01T23:08:27.262+0000] {processor.py:830} INFO - Processing file /opt/airflow/dags/etl.py for tasks to queue
[2026-02-01T23:08:27.264+0000] {logging_mixin.py:188} INFO - [2026-02-01T23:08:27.264+0000] {dagbag.py:545} INFO - Filling up the DagBag from /opt/airflow/dags/etl.py
[2026-02-01T23:08:27.640+0000] {processor.py:840} INFO - DAG(s) 'etl_pipeline_final' retrieved from /opt/airflow/dags/etl.py
[2026-02-01T23:08:27.664+0000] {logging_mixin.py:188} INFO - [2026-02-01T23:08:27.663+0000] {dag.py:3096} INFO - Sync 1 DAGs
[2026-02-01T23:08:27.682+0000] {logging_mixin.py:188} INFO - [2026-02-01T23:08:27.682+0000] {dag.py:3954} INFO - Setting next_dagrun for etl_pipeline_final to 2026-01-31 00:00:00+00:00, run_after=2026-02-01 00:00:00+00:00
[2026-02-01T23:08:27.703+0000] {processor.py:183} INFO - Processing /opt/airflow/dags/etl.py took 0.448 seconds
[2026-02-01T23:09:01.117+0000] {processor.py:161} INFO - Started process (PID=43631) to work on /opt/airflow/dags/etl.py
[2026-02-01T23:09:01.118+0000] {processor.py:830} INFO - Processing file /opt/airflow/dags/etl.py for tasks to queue
[2026-02-01T23:09:01.120+0000] {logging_mixin.py:188} INFO - [2026-02-01T23:09:01.119+0000] {dagbag.py:545} INFO - Filling up the DagBag from /opt/airflow/dags/etl.py
[2026-02-01T23:09:01.527+0000] {processor.py:840} INFO - DAG(s) 'etl_pipeline_final' retrieved from /opt/airflow/dags/etl.py
[2026-02-01T23:09:01.548+0000] {logging_mixin.py:188} INFO - [2026-02-01T23:09:01.547+0000] {dag.py:3096} INFO - Sync 1 DAGs
[2026-02-01T23:09:01.566+0000] {logging_mixin.py:188} INFO - [2026-02-01T23:09:01.566+0000] {dag.py:3954} INFO - Setting next_dagrun for etl_pipeline_final to 2026-01-31 00:00:00+00:00, run_after=2026-02-01 00:00:00+00:00
[2026-02-01T23:09:01.584+0000] {processor.py:183} INFO - Processing /opt/airflow/dags/etl.py took 0.475 seconds
[2026-02-01T23:09:33.821+0000] {processor.py:161} INFO - Started process (PID=43678) to work on /opt/airflow/dags/etl.py
[2026-02-01T23:09:33.823+0000] {processor.py:830} INFO - Processing file /opt/airflow/dags/etl.py for tasks to queue
[2026-02-01T23:09:33.825+0000] {logging_mixin.py:188} INFO - [2026-02-01T23:09:33.825+0000] {dagbag.py:545} INFO - Filling up the DagBag from /opt/airflow/dags/etl.py
[2026-02-01T23:09:34.192+0000] {processor.py:840} INFO - DAG(s) 'etl_pipeline_final' retrieved from /opt/airflow/dags/etl.py
[2026-02-01T23:09:34.214+0000] {logging_mixin.py:188} INFO - [2026-02-01T23:09:34.214+0000] {dag.py:3096} INFO - Sync 1 DAGs
[2026-02-01T23:09:34.234+0000] {logging_mixin.py:188} INFO - [2026-02-01T23:09:34.233+0000] {dag.py:3954} INFO - Setting next_dagrun for etl_pipeline_final to 2026-01-31 00:00:00+00:00, run_after=2026-02-01 00:00:00+00:00
[2026-02-01T23:09:34.254+0000] {processor.py:183} INFO - Processing /opt/airflow/dags/etl.py took 0.439 seconds
[2026-02-01T23:10:07.738+0000] {processor.py:161} INFO - Started process (PID=43725) to work on /opt/airflow/dags/etl.py
[2026-02-01T23:10:07.740+0000] {processor.py:830} INFO - Processing file /opt/airflow/dags/etl.py for tasks to queue
[2026-02-01T23:10:07.742+0000] {logging_mixin.py:188} INFO - [2026-02-01T23:10:07.741+0000] {dagbag.py:545} INFO - Filling up the DagBag from /opt/airflow/dags/etl.py
[2026-02-01T23:10:08.125+0000] {processor.py:840} INFO - DAG(s) 'etl_pipeline_final' retrieved from /opt/airflow/dags/etl.py
[2026-02-01T23:10:08.148+0000] {logging_mixin.py:188} INFO - [2026-02-01T23:10:08.147+0000] {dag.py:3096} INFO - Sync 1 DAGs
[2026-02-01T23:10:08.165+0000] {logging_mixin.py:188} INFO - [2026-02-01T23:10:08.165+0000] {dag.py:3954} INFO - Setting next_dagrun for etl_pipeline_final to 2026-01-31 00:00:00+00:00, run_after=2026-02-01 00:00:00+00:00
[2026-02-01T23:10:08.184+0000] {processor.py:183} INFO - Processing /opt/airflow/dags/etl.py took 0.452 seconds
[2026-02-01T23:10:40.794+0000] {processor.py:161} INFO - Started process (PID=43772) to work on /opt/airflow/dags/etl.py
[2026-02-01T23:10:40.796+0000] {processor.py:830} INFO - Processing file /opt/airflow/dags/etl.py for tasks to queue
[2026-02-01T23:10:40.799+0000] {logging_mixin.py:188} INFO - [2026-02-01T23:10:40.798+0000] {dagbag.py:545} INFO - Filling up the DagBag from /opt/airflow/dags/etl.py
[2026-02-01T23:10:41.187+0000] {processor.py:840} INFO - DAG(s) 'etl_pipeline_final' retrieved from /opt/airflow/dags/etl.py
[2026-02-01T23:10:41.211+0000] {logging_mixin.py:188} INFO - [2026-02-01T23:10:41.210+0000] {dag.py:3096} INFO - Sync 1 DAGs
[2026-02-01T23:10:41.228+0000] {logging_mixin.py:188} INFO - [2026-02-01T23:10:41.228+0000] {dag.py:3954} INFO - Setting next_dagrun for etl_pipeline_final to 2026-01-31 00:00:00+00:00, run_after=2026-02-01 00:00:00+00:00
[2026-02-01T23:10:41.245+0000] {processor.py:183} INFO - Processing /opt/airflow/dags/etl.py took 0.458 seconds
[2026-02-01T23:11:14.730+0000] {processor.py:161} INFO - Started process (PID=43819) to work on /opt/airflow/dags/etl.py
[2026-02-01T23:11:14.731+0000] {processor.py:830} INFO - Processing file /opt/airflow/dags/etl.py for tasks to queue
[2026-02-01T23:11:14.733+0000] {logging_mixin.py:188} INFO - [2026-02-01T23:11:14.733+0000] {dagbag.py:545} INFO - Filling up the DagBag from /opt/airflow/dags/etl.py
[2026-02-01T23:11:15.166+0000] {processor.py:840} INFO - DAG(s) 'etl_pipeline_final' retrieved from /opt/airflow/dags/etl.py
[2026-02-01T23:11:15.193+0000] {logging_mixin.py:188} INFO - [2026-02-01T23:11:15.192+0000] {dag.py:3096} INFO - Sync 1 DAGs
[2026-02-01T23:11:15.217+0000] {logging_mixin.py:188} INFO - [2026-02-01T23:11:15.216+0000] {dag.py:3954} INFO - Setting next_dagrun for etl_pipeline_final to 2026-01-31 00:00:00+00:00, run_after=2026-02-01 00:00:00+00:00
[2026-02-01T23:11:15.241+0000] {processor.py:183} INFO - Processing /opt/airflow/dags/etl.py took 0.517 seconds
[2026-02-01T23:11:46.837+0000] {processor.py:161} INFO - Started process (PID=43866) to work on /opt/airflow/dags/etl.py
[2026-02-01T23:11:46.837+0000] {processor.py:830} INFO - Processing file /opt/airflow/dags/etl.py for tasks to queue
[2026-02-01T23:11:46.839+0000] {logging_mixin.py:188} INFO - [2026-02-01T23:11:46.839+0000] {dagbag.py:545} INFO - Filling up the DagBag from /opt/airflow/dags/etl.py
[2026-02-01T23:11:47.106+0000] {processor.py:840} INFO - DAG(s) 'etl_pipeline_final' retrieved from /opt/airflow/dags/etl.py
[2026-02-01T23:11:47.123+0000] {logging_mixin.py:188} INFO - [2026-02-01T23:11:47.123+0000] {dag.py:3096} INFO - Sync 1 DAGs
[2026-02-01T23:11:47.137+0000] {logging_mixin.py:188} INFO - [2026-02-01T23:11:47.137+0000] {dag.py:3954} INFO - Setting next_dagrun for etl_pipeline_final to 2026-01-31 00:00:00+00:00, run_after=2026-02-01 00:00:00+00:00
[2026-02-01T23:11:47.155+0000] {processor.py:183} INFO - Processing /opt/airflow/dags/etl.py took 0.322 seconds
[2026-02-01T23:12:20.121+0000] {processor.py:161} INFO - Started process (PID=43913) to work on /opt/airflow/dags/etl.py
[2026-02-01T23:12:20.122+0000] {processor.py:830} INFO - Processing file /opt/airflow/dags/etl.py for tasks to queue
[2026-02-01T23:12:20.123+0000] {logging_mixin.py:188} INFO - [2026-02-01T23:12:20.123+0000] {dagbag.py:545} INFO - Filling up the DagBag from /opt/airflow/dags/etl.py
[2026-02-01T23:12:20.517+0000] {processor.py:840} INFO - DAG(s) 'etl_pipeline_final' retrieved from /opt/airflow/dags/etl.py
[2026-02-01T23:12:20.538+0000] {logging_mixin.py:188} INFO - [2026-02-01T23:12:20.537+0000] {dag.py:3096} INFO - Sync 1 DAGs
[2026-02-01T23:12:20.553+0000] {logging_mixin.py:188} INFO - [2026-02-01T23:12:20.553+0000] {dag.py:3954} INFO - Setting next_dagrun for etl_pipeline_final to 2026-01-31 00:00:00+00:00, run_after=2026-02-01 00:00:00+00:00
[2026-02-01T23:12:20.572+0000] {processor.py:183} INFO - Processing /opt/airflow/dags/etl.py took 0.455 seconds
[2026-02-01T23:12:53.462+0000] {processor.py:161} INFO - Started process (PID=43960) to work on /opt/airflow/dags/etl.py
[2026-02-01T23:12:53.463+0000] {processor.py:830} INFO - Processing file /opt/airflow/dags/etl.py for tasks to queue
[2026-02-01T23:12:53.464+0000] {logging_mixin.py:188} INFO - [2026-02-01T23:12:53.464+0000] {dagbag.py:545} INFO - Filling up the DagBag from /opt/airflow/dags/etl.py
[2026-02-01T23:12:53.762+0000] {processor.py:840} INFO - DAG(s) 'etl_pipeline_final' retrieved from /opt/airflow/dags/etl.py
[2026-02-01T23:12:53.779+0000] {logging_mixin.py:188} INFO - [2026-02-01T23:12:53.779+0000] {dag.py:3096} INFO - Sync 1 DAGs
[2026-02-01T23:12:53.793+0000] {logging_mixin.py:188} INFO - [2026-02-01T23:12:53.792+0000] {dag.py:3954} INFO - Setting next_dagrun for etl_pipeline_final to 2026-01-31 00:00:00+00:00, run_after=2026-02-01 00:00:00+00:00
[2026-02-01T23:12:53.808+0000] {processor.py:183} INFO - Processing /opt/airflow/dags/etl.py took 0.352 seconds
[2026-02-01T23:13:27.140+0000] {processor.py:161} INFO - Started process (PID=44007) to work on /opt/airflow/dags/etl.py
[2026-02-01T23:13:27.142+0000] {processor.py:830} INFO - Processing file /opt/airflow/dags/etl.py for tasks to queue
[2026-02-01T23:13:27.143+0000] {logging_mixin.py:188} INFO - [2026-02-01T23:13:27.143+0000] {dagbag.py:545} INFO - Filling up the DagBag from /opt/airflow/dags/etl.py
[2026-02-01T23:13:27.414+0000] {processor.py:840} INFO - DAG(s) 'etl_pipeline_final' retrieved from /opt/airflow/dags/etl.py
[2026-02-01T23:13:27.434+0000] {logging_mixin.py:188} INFO - [2026-02-01T23:13:27.434+0000] {dag.py:3096} INFO - Sync 1 DAGs
[2026-02-01T23:13:27.448+0000] {logging_mixin.py:188} INFO - [2026-02-01T23:13:27.448+0000] {dag.py:3954} INFO - Setting next_dagrun for etl_pipeline_final to 2026-01-31 00:00:00+00:00, run_after=2026-02-01 00:00:00+00:00
[2026-02-01T23:13:27.464+0000] {processor.py:183} INFO - Processing /opt/airflow/dags/etl.py took 0.328 seconds
[2026-02-01T23:14:00.356+0000] {processor.py:161} INFO - Started process (PID=44054) to work on /opt/airflow/dags/etl.py
[2026-02-01T23:14:00.356+0000] {processor.py:830} INFO - Processing file /opt/airflow/dags/etl.py for tasks to queue
[2026-02-01T23:14:00.358+0000] {logging_mixin.py:188} INFO - [2026-02-01T23:14:00.357+0000] {dagbag.py:545} INFO - Filling up the DagBag from /opt/airflow/dags/etl.py
[2026-02-01T23:14:00.685+0000] {processor.py:840} INFO - DAG(s) 'etl_pipeline_final' retrieved from /opt/airflow/dags/etl.py
[2026-02-01T23:14:00.707+0000] {logging_mixin.py:188} INFO - [2026-02-01T23:14:00.706+0000] {dag.py:3096} INFO - Sync 1 DAGs
[2026-02-01T23:14:00.721+0000] {logging_mixin.py:188} INFO - [2026-02-01T23:14:00.721+0000] {dag.py:3954} INFO - Setting next_dagrun for etl_pipeline_final to 2026-01-31 00:00:00+00:00, run_after=2026-02-01 00:00:00+00:00
[2026-02-01T23:14:00.737+0000] {processor.py:183} INFO - Processing /opt/airflow/dags/etl.py took 0.387 seconds
[2026-02-01T23:14:33.815+0000] {processor.py:161} INFO - Started process (PID=44101) to work on /opt/airflow/dags/etl.py
[2026-02-01T23:14:33.817+0000] {processor.py:830} INFO - Processing file /opt/airflow/dags/etl.py for tasks to queue
[2026-02-01T23:14:33.820+0000] {logging_mixin.py:188} INFO - [2026-02-01T23:14:33.819+0000] {dagbag.py:545} INFO - Filling up the DagBag from /opt/airflow/dags/etl.py
[2026-02-01T23:14:34.165+0000] {processor.py:840} INFO - DAG(s) 'etl_pipeline_final' retrieved from /opt/airflow/dags/etl.py
[2026-02-01T23:14:34.185+0000] {logging_mixin.py:188} INFO - [2026-02-01T23:14:34.184+0000] {dag.py:3096} INFO - Sync 1 DAGs
[2026-02-01T23:14:34.202+0000] {logging_mixin.py:188} INFO - [2026-02-01T23:14:34.201+0000] {dag.py:3954} INFO - Setting next_dagrun for etl_pipeline_final to 2026-01-31 00:00:00+00:00, run_after=2026-02-01 00:00:00+00:00
[2026-02-01T23:14:34.218+0000] {processor.py:183} INFO - Processing /opt/airflow/dags/etl.py took 0.408 seconds
[2026-02-01T23:15:07.420+0000] {processor.py:161} INFO - Started process (PID=44148) to work on /opt/airflow/dags/etl.py
[2026-02-01T23:15:07.421+0000] {processor.py:830} INFO - Processing file /opt/airflow/dags/etl.py for tasks to queue
[2026-02-01T23:15:07.422+0000] {logging_mixin.py:188} INFO - [2026-02-01T23:15:07.422+0000] {dagbag.py:545} INFO - Filling up the DagBag from /opt/airflow/dags/etl.py
[2026-02-01T23:15:07.686+0000] {processor.py:840} INFO - DAG(s) 'etl_pipeline_final' retrieved from /opt/airflow/dags/etl.py
[2026-02-01T23:15:07.702+0000] {logging_mixin.py:188} INFO - [2026-02-01T23:15:07.702+0000] {dag.py:3096} INFO - Sync 1 DAGs
[2026-02-01T23:15:07.715+0000] {logging_mixin.py:188} INFO - [2026-02-01T23:15:07.715+0000] {dag.py:3954} INFO - Setting next_dagrun for etl_pipeline_final to 2026-01-31 00:00:00+00:00, run_after=2026-02-01 00:00:00+00:00
[2026-02-01T23:15:07.729+0000] {processor.py:183} INFO - Processing /opt/airflow/dags/etl.py took 0.314 seconds
[2026-02-01T23:15:40.891+0000] {processor.py:161} INFO - Started process (PID=44195) to work on /opt/airflow/dags/etl.py
[2026-02-01T23:15:40.893+0000] {processor.py:830} INFO - Processing file /opt/airflow/dags/etl.py for tasks to queue
[2026-02-01T23:15:40.895+0000] {logging_mixin.py:188} INFO - [2026-02-01T23:15:40.894+0000] {dagbag.py:545} INFO - Filling up the DagBag from /opt/airflow/dags/etl.py
[2026-02-01T23:15:41.232+0000] {processor.py:840} INFO - DAG(s) 'etl_pipeline_final' retrieved from /opt/airflow/dags/etl.py
[2026-02-01T23:15:41.255+0000] {logging_mixin.py:188} INFO - [2026-02-01T23:15:41.255+0000] {dag.py:3096} INFO - Sync 1 DAGs
[2026-02-01T23:15:41.273+0000] {logging_mixin.py:188} INFO - [2026-02-01T23:15:41.273+0000] {dag.py:3954} INFO - Setting next_dagrun for etl_pipeline_final to 2026-01-31 00:00:00+00:00, run_after=2026-02-01 00:00:00+00:00
[2026-02-01T23:15:41.295+0000] {processor.py:183} INFO - Processing /opt/airflow/dags/etl.py took 0.409 seconds
[2026-02-01T23:16:13.492+0000] {processor.py:161} INFO - Started process (PID=44242) to work on /opt/airflow/dags/etl.py
[2026-02-01T23:16:13.492+0000] {processor.py:830} INFO - Processing file /opt/airflow/dags/etl.py for tasks to queue
[2026-02-01T23:16:13.494+0000] {logging_mixin.py:188} INFO - [2026-02-01T23:16:13.494+0000] {dagbag.py:545} INFO - Filling up the DagBag from /opt/airflow/dags/etl.py
[2026-02-01T23:16:13.762+0000] {processor.py:840} INFO - DAG(s) 'etl_pipeline_final' retrieved from /opt/airflow/dags/etl.py
[2026-02-01T23:16:13.779+0000] {logging_mixin.py:188} INFO - [2026-02-01T23:16:13.778+0000] {dag.py:3096} INFO - Sync 1 DAGs
[2026-02-01T23:16:13.792+0000] {logging_mixin.py:188} INFO - [2026-02-01T23:16:13.792+0000] {dag.py:3954} INFO - Setting next_dagrun for etl_pipeline_final to 2026-01-31 00:00:00+00:00, run_after=2026-02-01 00:00:00+00:00
[2026-02-01T23:16:13.808+0000] {processor.py:183} INFO - Processing /opt/airflow/dags/etl.py took 0.320 seconds
[2026-02-01T23:16:47.184+0000] {processor.py:161} INFO - Started process (PID=44289) to work on /opt/airflow/dags/etl.py
[2026-02-01T23:16:47.186+0000] {processor.py:830} INFO - Processing file /opt/airflow/dags/etl.py for tasks to queue
[2026-02-01T23:16:47.187+0000] {logging_mixin.py:188} INFO - [2026-02-01T23:16:47.187+0000] {dagbag.py:545} INFO - Filling up the DagBag from /opt/airflow/dags/etl.py
[2026-02-01T23:16:47.470+0000] {processor.py:840} INFO - DAG(s) 'etl_pipeline_final' retrieved from /opt/airflow/dags/etl.py
[2026-02-01T23:16:47.488+0000] {logging_mixin.py:188} INFO - [2026-02-01T23:16:47.488+0000] {dag.py:3096} INFO - Sync 1 DAGs
[2026-02-01T23:16:47.501+0000] {logging_mixin.py:188} INFO - [2026-02-01T23:16:47.501+0000] {dag.py:3954} INFO - Setting next_dagrun for etl_pipeline_final to 2026-01-31 00:00:00+00:00, run_after=2026-02-01 00:00:00+00:00
[2026-02-01T23:16:47.514+0000] {processor.py:183} INFO - Processing /opt/airflow/dags/etl.py took 0.334 seconds
[2026-02-01T23:17:20.651+0000] {processor.py:161} INFO - Started process (PID=44336) to work on /opt/airflow/dags/etl.py
[2026-02-01T23:17:20.652+0000] {processor.py:830} INFO - Processing file /opt/airflow/dags/etl.py for tasks to queue
[2026-02-01T23:17:20.653+0000] {logging_mixin.py:188} INFO - [2026-02-01T23:17:20.653+0000] {dagbag.py:545} INFO - Filling up the DagBag from /opt/airflow/dags/etl.py
[2026-02-01T23:17:20.968+0000] {processor.py:840} INFO - DAG(s) 'etl_pipeline_final' retrieved from /opt/airflow/dags/etl.py
[2026-02-01T23:17:20.984+0000] {logging_mixin.py:188} INFO - [2026-02-01T23:17:20.984+0000] {dag.py:3096} INFO - Sync 1 DAGs
[2026-02-01T23:17:20.998+0000] {logging_mixin.py:188} INFO - [2026-02-01T23:17:20.998+0000] {dag.py:3954} INFO - Setting next_dagrun for etl_pipeline_final to 2026-01-31 00:00:00+00:00, run_after=2026-02-01 00:00:00+00:00
[2026-02-01T23:17:21.013+0000] {processor.py:183} INFO - Processing /opt/airflow/dags/etl.py took 0.371 seconds
[2026-02-01T23:17:54.293+0000] {processor.py:161} INFO - Started process (PID=44383) to work on /opt/airflow/dags/etl.py
[2026-02-01T23:17:54.296+0000] {processor.py:830} INFO - Processing file /opt/airflow/dags/etl.py for tasks to queue
[2026-02-01T23:17:54.297+0000] {logging_mixin.py:188} INFO - [2026-02-01T23:17:54.297+0000] {dagbag.py:545} INFO - Filling up the DagBag from /opt/airflow/dags/etl.py
[2026-02-01T23:17:54.642+0000] {processor.py:840} INFO - DAG(s) 'etl_pipeline_final' retrieved from /opt/airflow/dags/etl.py
[2026-02-01T23:17:54.674+0000] {logging_mixin.py:188} INFO - [2026-02-01T23:17:54.674+0000] {dag.py:3096} INFO - Sync 1 DAGs
[2026-02-01T23:17:54.686+0000] {logging_mixin.py:188} INFO - [2026-02-01T23:17:54.686+0000] {dag.py:3954} INFO - Setting next_dagrun for etl_pipeline_final to 2026-01-31 00:00:00+00:00, run_after=2026-02-01 00:00:00+00:00
[2026-02-01T23:17:54.700+0000] {processor.py:183} INFO - Processing /opt/airflow/dags/etl.py took 0.415 seconds
[2026-02-01T23:18:27.039+0000] {processor.py:161} INFO - Started process (PID=44431) to work on /opt/airflow/dags/etl.py
[2026-02-01T23:18:27.039+0000] {processor.py:830} INFO - Processing file /opt/airflow/dags/etl.py for tasks to queue
[2026-02-01T23:18:27.041+0000] {logging_mixin.py:188} INFO - [2026-02-01T23:18:27.040+0000] {dagbag.py:545} INFO - Filling up the DagBag from /opt/airflow/dags/etl.py
[2026-02-01T23:18:27.323+0000] {processor.py:840} INFO - DAG(s) 'etl_pipeline_final' retrieved from /opt/airflow/dags/etl.py
[2026-02-01T23:18:27.355+0000] {logging_mixin.py:188} INFO - [2026-02-01T23:18:27.354+0000] {dag.py:3096} INFO - Sync 1 DAGs
[2026-02-01T23:18:27.367+0000] {logging_mixin.py:188} INFO - [2026-02-01T23:18:27.367+0000] {dag.py:3954} INFO - Setting next_dagrun for etl_pipeline_final to 2026-01-31 00:00:00+00:00, run_after=2026-02-01 00:00:00+00:00
[2026-02-01T23:18:27.381+0000] {processor.py:183} INFO - Processing /opt/airflow/dags/etl.py took 0.347 seconds
[2026-02-01T23:19:00.258+0000] {processor.py:161} INFO - Started process (PID=44478) to work on /opt/airflow/dags/etl.py
[2026-02-01T23:19:00.260+0000] {processor.py:830} INFO - Processing file /opt/airflow/dags/etl.py for tasks to queue
[2026-02-01T23:19:00.261+0000] {logging_mixin.py:188} INFO - [2026-02-01T23:19:00.261+0000] {dagbag.py:545} INFO - Filling up the DagBag from /opt/airflow/dags/etl.py
[2026-02-01T23:19:00.565+0000] {processor.py:840} INFO - DAG(s) 'etl_pipeline_final' retrieved from /opt/airflow/dags/etl.py
[2026-02-01T23:19:00.584+0000] {logging_mixin.py:188} INFO - [2026-02-01T23:19:00.583+0000] {dag.py:3096} INFO - Sync 1 DAGs
[2026-02-01T23:19:00.600+0000] {logging_mixin.py:188} INFO - [2026-02-01T23:19:00.600+0000] {dag.py:3954} INFO - Setting next_dagrun for etl_pipeline_final to 2026-01-31 00:00:00+00:00, run_after=2026-02-01 00:00:00+00:00
[2026-02-01T23:19:00.619+0000] {processor.py:183} INFO - Processing /opt/airflow/dags/etl.py took 0.365 seconds
[2026-02-01T23:19:33.584+0000] {processor.py:161} INFO - Started process (PID=44526) to work on /opt/airflow/dags/etl.py
[2026-02-01T23:19:33.585+0000] {processor.py:830} INFO - Processing file /opt/airflow/dags/etl.py for tasks to queue
[2026-02-01T23:19:33.586+0000] {logging_mixin.py:188} INFO - [2026-02-01T23:19:33.586+0000] {dagbag.py:545} INFO - Filling up the DagBag from /opt/airflow/dags/etl.py
[2026-02-01T23:19:33.868+0000] {processor.py:840} INFO - DAG(s) 'etl_pipeline_final' retrieved from /opt/airflow/dags/etl.py
[2026-02-01T23:19:33.885+0000] {logging_mixin.py:188} INFO - [2026-02-01T23:19:33.884+0000] {dag.py:3096} INFO - Sync 1 DAGs
[2026-02-01T23:19:33.899+0000] {logging_mixin.py:188} INFO - [2026-02-01T23:19:33.899+0000] {dag.py:3954} INFO - Setting next_dagrun for etl_pipeline_final to 2026-01-31 00:00:00+00:00, run_after=2026-02-01 00:00:00+00:00
[2026-02-01T23:19:33.914+0000] {processor.py:183} INFO - Processing /opt/airflow/dags/etl.py took 0.334 seconds
[2026-02-01T23:20:07.377+0000] {processor.py:161} INFO - Started process (PID=44573) to work on /opt/airflow/dags/etl.py
[2026-02-01T23:20:07.379+0000] {processor.py:830} INFO - Processing file /opt/airflow/dags/etl.py for tasks to queue
[2026-02-01T23:20:07.381+0000] {logging_mixin.py:188} INFO - [2026-02-01T23:20:07.381+0000] {dagbag.py:545} INFO - Filling up the DagBag from /opt/airflow/dags/etl.py
[2026-02-01T23:20:07.642+0000] {processor.py:840} INFO - DAG(s) 'etl_pipeline_final' retrieved from /opt/airflow/dags/etl.py
[2026-02-01T23:20:07.657+0000] {logging_mixin.py:188} INFO - [2026-02-01T23:20:07.657+0000] {dag.py:3096} INFO - Sync 1 DAGs
[2026-02-01T23:20:07.669+0000] {logging_mixin.py:188} INFO - [2026-02-01T23:20:07.669+0000] {dag.py:3954} INFO - Setting next_dagrun for etl_pipeline_final to 2026-01-31 00:00:00+00:00, run_after=2026-02-01 00:00:00+00:00
[2026-02-01T23:20:07.683+0000] {processor.py:183} INFO - Processing /opt/airflow/dags/etl.py took 0.309 seconds
[2026-02-01T23:20:40.330+0000] {processor.py:161} INFO - Started process (PID=44620) to work on /opt/airflow/dags/etl.py
[2026-02-01T23:20:40.330+0000] {processor.py:830} INFO - Processing file /opt/airflow/dags/etl.py for tasks to queue
[2026-02-01T23:20:40.332+0000] {logging_mixin.py:188} INFO - [2026-02-01T23:20:40.331+0000] {dagbag.py:545} INFO - Filling up the DagBag from /opt/airflow/dags/etl.py
[2026-02-01T23:20:40.618+0000] {processor.py:840} INFO - DAG(s) 'etl_pipeline_final' retrieved from /opt/airflow/dags/etl.py
[2026-02-01T23:20:40.635+0000] {logging_mixin.py:188} INFO - [2026-02-01T23:20:40.635+0000] {dag.py:3096} INFO - Sync 1 DAGs
[2026-02-01T23:20:40.649+0000] {logging_mixin.py:188} INFO - [2026-02-01T23:20:40.649+0000] {dag.py:3954} INFO - Setting next_dagrun for etl_pipeline_final to 2026-01-31 00:00:00+00:00, run_after=2026-02-01 00:00:00+00:00
[2026-02-01T23:20:40.666+0000] {processor.py:183} INFO - Processing /opt/airflow/dags/etl.py took 0.340 seconds
[2026-02-01T23:21:13.582+0000] {processor.py:161} INFO - Started process (PID=44667) to work on /opt/airflow/dags/etl.py
[2026-02-01T23:21:13.583+0000] {processor.py:830} INFO - Processing file /opt/airflow/dags/etl.py for tasks to queue
[2026-02-01T23:21:13.585+0000] {logging_mixin.py:188} INFO - [2026-02-01T23:21:13.585+0000] {dagbag.py:545} INFO - Filling up the DagBag from /opt/airflow/dags/etl.py
[2026-02-01T23:21:13.860+0000] {processor.py:840} INFO - DAG(s) 'etl_pipeline_final' retrieved from /opt/airflow/dags/etl.py
[2026-02-01T23:21:13.876+0000] {logging_mixin.py:188} INFO - [2026-02-01T23:21:13.875+0000] {dag.py:3096} INFO - Sync 1 DAGs
[2026-02-01T23:21:13.889+0000] {logging_mixin.py:188} INFO - [2026-02-01T23:21:13.889+0000] {dag.py:3954} INFO - Setting next_dagrun for etl_pipeline_final to 2026-01-31 00:00:00+00:00, run_after=2026-02-01 00:00:00+00:00
[2026-02-01T23:21:13.904+0000] {processor.py:183} INFO - Processing /opt/airflow/dags/etl.py took 0.326 seconds
[2026-02-01T23:21:47.318+0000] {processor.py:161} INFO - Started process (PID=44714) to work on /opt/airflow/dags/etl.py
[2026-02-01T23:21:47.319+0000] {processor.py:830} INFO - Processing file /opt/airflow/dags/etl.py for tasks to queue
[2026-02-01T23:21:47.321+0000] {logging_mixin.py:188} INFO - [2026-02-01T23:21:47.321+0000] {dagbag.py:545} INFO - Filling up the DagBag from /opt/airflow/dags/etl.py
[2026-02-01T23:21:47.614+0000] {processor.py:840} INFO - DAG(s) 'etl_pipeline_final' retrieved from /opt/airflow/dags/etl.py
[2026-02-01T23:21:47.630+0000] {logging_mixin.py:188} INFO - [2026-02-01T23:21:47.630+0000] {dag.py:3096} INFO - Sync 1 DAGs
[2026-02-01T23:21:47.642+0000] {logging_mixin.py:188} INFO - [2026-02-01T23:21:47.642+0000] {dag.py:3954} INFO - Setting next_dagrun for etl_pipeline_final to 2026-01-31 00:00:00+00:00, run_after=2026-02-01 00:00:00+00:00
[2026-02-01T23:21:47.655+0000] {processor.py:183} INFO - Processing /opt/airflow/dags/etl.py took 0.341 seconds
[2026-02-01T23:22:20.619+0000] {processor.py:161} INFO - Started process (PID=44760) to work on /opt/airflow/dags/etl.py
[2026-02-01T23:22:20.621+0000] {processor.py:830} INFO - Processing file /opt/airflow/dags/etl.py for tasks to queue
[2026-02-01T23:22:20.623+0000] {logging_mixin.py:188} INFO - [2026-02-01T23:22:20.623+0000] {dagbag.py:545} INFO - Filling up the DagBag from /opt/airflow/dags/etl.py
[2026-02-01T23:22:21.063+0000] {processor.py:840} INFO - DAG(s) 'etl_pipeline_final' retrieved from /opt/airflow/dags/etl.py
[2026-02-01T23:22:21.086+0000] {logging_mixin.py:188} INFO - [2026-02-01T23:22:21.086+0000] {dag.py:3096} INFO - Sync 1 DAGs
[2026-02-01T23:22:21.104+0000] {logging_mixin.py:188} INFO - [2026-02-01T23:22:21.104+0000] {dag.py:3954} INFO - Setting next_dagrun for etl_pipeline_final to 2026-01-31 00:00:00+00:00, run_after=2026-02-01 00:00:00+00:00
[2026-02-01T23:22:21.120+0000] {processor.py:183} INFO - Processing /opt/airflow/dags/etl.py took 0.507 seconds
[2026-02-01T23:22:54.138+0000] {processor.py:161} INFO - Started process (PID=44807) to work on /opt/airflow/dags/etl.py
[2026-02-01T23:22:54.138+0000] {processor.py:830} INFO - Processing file /opt/airflow/dags/etl.py for tasks to queue
[2026-02-01T23:22:54.140+0000] {logging_mixin.py:188} INFO - [2026-02-01T23:22:54.139+0000] {dagbag.py:545} INFO - Filling up the DagBag from /opt/airflow/dags/etl.py
[2026-02-01T23:22:54.406+0000] {processor.py:840} INFO - DAG(s) 'etl_pipeline_final' retrieved from /opt/airflow/dags/etl.py
[2026-02-01T23:22:54.422+0000] {logging_mixin.py:188} INFO - [2026-02-01T23:22:54.421+0000] {dag.py:3096} INFO - Sync 1 DAGs
[2026-02-01T23:22:54.435+0000] {logging_mixin.py:188} INFO - [2026-02-01T23:22:54.435+0000] {dag.py:3954} INFO - Setting next_dagrun for etl_pipeline_final to 2026-01-31 00:00:00+00:00, run_after=2026-02-01 00:00:00+00:00
[2026-02-01T23:22:54.452+0000] {processor.py:183} INFO - Processing /opt/airflow/dags/etl.py took 0.319 seconds
[2026-02-01T23:23:27.418+0000] {processor.py:161} INFO - Started process (PID=44854) to work on /opt/airflow/dags/etl.py
[2026-02-01T23:23:27.420+0000] {processor.py:830} INFO - Processing file /opt/airflow/dags/etl.py for tasks to queue
[2026-02-01T23:23:27.422+0000] {logging_mixin.py:188} INFO - [2026-02-01T23:23:27.421+0000] {dagbag.py:545} INFO - Filling up the DagBag from /opt/airflow/dags/etl.py
[2026-02-01T23:23:27.697+0000] {processor.py:840} INFO - DAG(s) 'etl_pipeline_final' retrieved from /opt/airflow/dags/etl.py
[2026-02-01T23:23:27.714+0000] {logging_mixin.py:188} INFO - [2026-02-01T23:23:27.714+0000] {dag.py:3096} INFO - Sync 1 DAGs
[2026-02-01T23:23:27.726+0000] {logging_mixin.py:188} INFO - [2026-02-01T23:23:27.726+0000] {dag.py:3954} INFO - Setting next_dagrun for etl_pipeline_final to 2026-01-31 00:00:00+00:00, run_after=2026-02-01 00:00:00+00:00
[2026-02-01T23:23:27.737+0000] {processor.py:183} INFO - Processing /opt/airflow/dags/etl.py took 0.324 seconds
[2026-02-01T23:24:00.607+0000] {processor.py:161} INFO - Started process (PID=44901) to work on /opt/airflow/dags/etl.py
[2026-02-01T23:24:00.607+0000] {processor.py:830} INFO - Processing file /opt/airflow/dags/etl.py for tasks to queue
[2026-02-01T23:24:00.609+0000] {logging_mixin.py:188} INFO - [2026-02-01T23:24:00.609+0000] {dagbag.py:545} INFO - Filling up the DagBag from /opt/airflow/dags/etl.py
[2026-02-01T23:24:00.940+0000] {processor.py:840} INFO - DAG(s) 'etl_pipeline_final' retrieved from /opt/airflow/dags/etl.py
[2026-02-01T23:24:00.967+0000] {logging_mixin.py:188} INFO - [2026-02-01T23:24:00.966+0000] {dag.py:3096} INFO - Sync 1 DAGs
[2026-02-01T23:24:00.980+0000] {logging_mixin.py:188} INFO - [2026-02-01T23:24:00.980+0000] {dag.py:3954} INFO - Setting next_dagrun for etl_pipeline_final to 2026-01-31 00:00:00+00:00, run_after=2026-02-01 00:00:00+00:00
[2026-02-01T23:24:00.996+0000] {processor.py:183} INFO - Processing /opt/airflow/dags/etl.py took 0.395 seconds
[2026-02-01T23:24:34.031+0000] {processor.py:161} INFO - Started process (PID=44947) to work on /opt/airflow/dags/etl.py
[2026-02-01T23:24:34.033+0000] {processor.py:830} INFO - Processing file /opt/airflow/dags/etl.py for tasks to queue
[2026-02-01T23:24:34.034+0000] {logging_mixin.py:188} INFO - [2026-02-01T23:24:34.034+0000] {dagbag.py:545} INFO - Filling up the DagBag from /opt/airflow/dags/etl.py
[2026-02-01T23:24:34.332+0000] {processor.py:840} INFO - DAG(s) 'etl_pipeline_final' retrieved from /opt/airflow/dags/etl.py
[2026-02-01T23:24:34.351+0000] {logging_mixin.py:188} INFO - [2026-02-01T23:24:34.350+0000] {dag.py:3096} INFO - Sync 1 DAGs
[2026-02-01T23:24:34.365+0000] {logging_mixin.py:188} INFO - [2026-02-01T23:24:34.365+0000] {dag.py:3954} INFO - Setting next_dagrun for etl_pipeline_final to 2026-01-31 00:00:00+00:00, run_after=2026-02-01 00:00:00+00:00
[2026-02-01T23:24:34.381+0000] {processor.py:183} INFO - Processing /opt/airflow/dags/etl.py took 0.355 seconds
[2026-02-01T23:25:07.533+0000] {processor.py:161} INFO - Started process (PID=44994) to work on /opt/airflow/dags/etl.py
[2026-02-01T23:25:07.534+0000] {processor.py:830} INFO - Processing file /opt/airflow/dags/etl.py for tasks to queue
[2026-02-01T23:25:07.535+0000] {logging_mixin.py:188} INFO - [2026-02-01T23:25:07.535+0000] {dagbag.py:545} INFO - Filling up the DagBag from /opt/airflow/dags/etl.py
[2026-02-01T23:25:07.848+0000] {processor.py:840} INFO - DAG(s) 'etl_pipeline_final' retrieved from /opt/airflow/dags/etl.py
[2026-02-01T23:25:07.865+0000] {logging_mixin.py:188} INFO - [2026-02-01T23:25:07.865+0000] {dag.py:3096} INFO - Sync 1 DAGs
[2026-02-01T23:25:07.880+0000] {logging_mixin.py:188} INFO - [2026-02-01T23:25:07.880+0000] {dag.py:3954} INFO - Setting next_dagrun for etl_pipeline_final to 2026-01-31 00:00:00+00:00, run_after=2026-02-01 00:00:00+00:00
[2026-02-01T23:25:07.896+0000] {processor.py:183} INFO - Processing /opt/airflow/dags/etl.py took 0.368 seconds
[2026-02-01T23:25:41.180+0000] {processor.py:161} INFO - Started process (PID=45041) to work on /opt/airflow/dags/etl.py
[2026-02-01T23:25:41.182+0000] {processor.py:830} INFO - Processing file /opt/airflow/dags/etl.py for tasks to queue
[2026-02-01T23:25:41.184+0000] {logging_mixin.py:188} INFO - [2026-02-01T23:25:41.183+0000] {dagbag.py:545} INFO - Filling up the DagBag from /opt/airflow/dags/etl.py
[2026-02-01T23:25:41.513+0000] {processor.py:840} INFO - DAG(s) 'etl_pipeline_final' retrieved from /opt/airflow/dags/etl.py
[2026-02-01T23:25:41.529+0000] {logging_mixin.py:188} INFO - [2026-02-01T23:25:41.529+0000] {dag.py:3096} INFO - Sync 1 DAGs
[2026-02-01T23:25:41.543+0000] {logging_mixin.py:188} INFO - [2026-02-01T23:25:41.543+0000] {dag.py:3954} INFO - Setting next_dagrun for etl_pipeline_final to 2026-01-31 00:00:00+00:00, run_after=2026-02-01 00:00:00+00:00
[2026-02-01T23:25:41.557+0000] {processor.py:183} INFO - Processing /opt/airflow/dags/etl.py took 0.382 seconds
[2026-02-01T23:26:14.699+0000] {processor.py:161} INFO - Started process (PID=45088) to work on /opt/airflow/dags/etl.py
[2026-02-01T23:26:14.701+0000] {processor.py:830} INFO - Processing file /opt/airflow/dags/etl.py for tasks to queue
[2026-02-01T23:26:14.703+0000] {logging_mixin.py:188} INFO - [2026-02-01T23:26:14.703+0000] {dagbag.py:545} INFO - Filling up the DagBag from /opt/airflow/dags/etl.py
[2026-02-01T23:26:15.144+0000] {processor.py:840} INFO - DAG(s) 'etl_pipeline_final' retrieved from /opt/airflow/dags/etl.py
[2026-02-01T23:26:15.172+0000] {logging_mixin.py:188} INFO - [2026-02-01T23:26:15.171+0000] {dag.py:3096} INFO - Sync 1 DAGs
[2026-02-01T23:26:15.193+0000] {logging_mixin.py:188} INFO - [2026-02-01T23:26:15.193+0000] {dag.py:3954} INFO - Setting next_dagrun for etl_pipeline_final to 2026-01-31 00:00:00+00:00, run_after=2026-02-01 00:00:00+00:00
[2026-02-01T23:26:15.216+0000] {processor.py:183} INFO - Processing /opt/airflow/dags/etl.py took 0.524 seconds
[2026-02-01T23:26:47.372+0000] {processor.py:161} INFO - Started process (PID=45135) to work on /opt/airflow/dags/etl.py
[2026-02-01T23:26:47.373+0000] {processor.py:830} INFO - Processing file /opt/airflow/dags/etl.py for tasks to queue
[2026-02-01T23:26:47.374+0000] {logging_mixin.py:188} INFO - [2026-02-01T23:26:47.374+0000] {dagbag.py:545} INFO - Filling up the DagBag from /opt/airflow/dags/etl.py
[2026-02-01T23:26:47.719+0000] {processor.py:840} INFO - DAG(s) 'etl_pipeline_final' retrieved from /opt/airflow/dags/etl.py
[2026-02-01T23:26:47.741+0000] {logging_mixin.py:188} INFO - [2026-02-01T23:26:47.740+0000] {dag.py:3096} INFO - Sync 1 DAGs
[2026-02-01T23:26:47.758+0000] {logging_mixin.py:188} INFO - [2026-02-01T23:26:47.758+0000] {dag.py:3954} INFO - Setting next_dagrun for etl_pipeline_final to 2026-01-31 00:00:00+00:00, run_after=2026-02-01 00:00:00+00:00
[2026-02-01T23:26:47.774+0000] {processor.py:183} INFO - Processing /opt/airflow/dags/etl.py took 0.408 seconds
[2026-02-01T23:27:21.751+0000] {processor.py:161} INFO - Started process (PID=45182) to work on /opt/airflow/dags/etl.py
[2026-02-01T23:27:21.753+0000] {processor.py:830} INFO - Processing file /opt/airflow/dags/etl.py for tasks to queue
[2026-02-01T23:27:21.757+0000] {logging_mixin.py:188} INFO - [2026-02-01T23:27:21.756+0000] {dagbag.py:545} INFO - Filling up the DagBag from /opt/airflow/dags/etl.py
[2026-02-01T23:27:22.164+0000] {processor.py:840} INFO - DAG(s) 'etl_pipeline_final' retrieved from /opt/airflow/dags/etl.py
[2026-02-01T23:27:22.186+0000] {logging_mixin.py:188} INFO - [2026-02-01T23:27:22.185+0000] {dag.py:3096} INFO - Sync 1 DAGs
[2026-02-01T23:27:22.204+0000] {logging_mixin.py:188} INFO - [2026-02-01T23:27:22.203+0000] {dag.py:3954} INFO - Setting next_dagrun for etl_pipeline_final to 2026-01-31 00:00:00+00:00, run_after=2026-02-01 00:00:00+00:00
[2026-02-01T23:27:22.228+0000] {processor.py:183} INFO - Processing /opt/airflow/dags/etl.py took 0.483 seconds
[2026-02-01T23:27:54.137+0000] {processor.py:161} INFO - Started process (PID=45229) to work on /opt/airflow/dags/etl.py
[2026-02-01T23:27:54.138+0000] {processor.py:830} INFO - Processing file /opt/airflow/dags/etl.py for tasks to queue
[2026-02-01T23:27:54.141+0000] {logging_mixin.py:188} INFO - [2026-02-01T23:27:54.140+0000] {dagbag.py:545} INFO - Filling up the DagBag from /opt/airflow/dags/etl.py
[2026-02-01T23:27:54.449+0000] {processor.py:840} INFO - DAG(s) 'etl_pipeline_final' retrieved from /opt/airflow/dags/etl.py
[2026-02-01T23:27:54.467+0000] {logging_mixin.py:188} INFO - [2026-02-01T23:27:54.466+0000] {dag.py:3096} INFO - Sync 1 DAGs
[2026-02-01T23:27:54.481+0000] {logging_mixin.py:188} INFO - [2026-02-01T23:27:54.480+0000] {dag.py:3954} INFO - Setting next_dagrun for etl_pipeline_final to 2026-01-31 00:00:00+00:00, run_after=2026-02-01 00:00:00+00:00
[2026-02-01T23:27:54.497+0000] {processor.py:183} INFO - Processing /opt/airflow/dags/etl.py took 0.365 seconds
[2026-02-01T23:28:27.556+0000] {processor.py:161} INFO - Started process (PID=45276) to work on /opt/airflow/dags/etl.py
[2026-02-01T23:28:27.558+0000] {processor.py:830} INFO - Processing file /opt/airflow/dags/etl.py for tasks to queue
[2026-02-01T23:28:27.559+0000] {logging_mixin.py:188} INFO - [2026-02-01T23:28:27.559+0000] {dagbag.py:545} INFO - Filling up the DagBag from /opt/airflow/dags/etl.py
[2026-02-01T23:28:27.860+0000] {processor.py:840} INFO - DAG(s) 'etl_pipeline_final' retrieved from /opt/airflow/dags/etl.py
[2026-02-01T23:28:27.884+0000] {logging_mixin.py:188} INFO - [2026-02-01T23:28:27.884+0000] {dag.py:3096} INFO - Sync 1 DAGs
[2026-02-01T23:28:27.903+0000] {logging_mixin.py:188} INFO - [2026-02-01T23:28:27.903+0000] {dag.py:3954} INFO - Setting next_dagrun for etl_pipeline_final to 2026-01-31 00:00:00+00:00, run_after=2026-02-01 00:00:00+00:00
[2026-02-01T23:28:27.918+0000] {processor.py:183} INFO - Processing /opt/airflow/dags/etl.py took 0.366 seconds
[2026-02-01T23:29:00.807+0000] {processor.py:161} INFO - Started process (PID=45323) to work on /opt/airflow/dags/etl.py
[2026-02-01T23:29:00.807+0000] {processor.py:830} INFO - Processing file /opt/airflow/dags/etl.py for tasks to queue
[2026-02-01T23:29:00.809+0000] {logging_mixin.py:188} INFO - [2026-02-01T23:29:00.808+0000] {dagbag.py:545} INFO - Filling up the DagBag from /opt/airflow/dags/etl.py
[2026-02-01T23:29:01.199+0000] {processor.py:840} INFO - DAG(s) 'etl_pipeline_final' retrieved from /opt/airflow/dags/etl.py
[2026-02-01T23:29:01.217+0000] {logging_mixin.py:188} INFO - [2026-02-01T23:29:01.216+0000] {dag.py:3096} INFO - Sync 1 DAGs
[2026-02-01T23:29:01.237+0000] {logging_mixin.py:188} INFO - [2026-02-01T23:29:01.237+0000] {dag.py:3954} INFO - Setting next_dagrun for etl_pipeline_final to 2026-01-31 00:00:00+00:00, run_after=2026-02-01 00:00:00+00:00
[2026-02-01T23:29:01.256+0000] {processor.py:183} INFO - Processing /opt/airflow/dags/etl.py took 0.454 seconds
[2026-02-01T23:29:34.283+0000] {processor.py:161} INFO - Started process (PID=45370) to work on /opt/airflow/dags/etl.py
[2026-02-01T23:29:34.285+0000] {processor.py:830} INFO - Processing file /opt/airflow/dags/etl.py for tasks to queue
[2026-02-01T23:29:34.286+0000] {logging_mixin.py:188} INFO - [2026-02-01T23:29:34.286+0000] {dagbag.py:545} INFO - Filling up the DagBag from /opt/airflow/dags/etl.py
[2026-02-01T23:29:34.577+0000] {processor.py:840} INFO - DAG(s) 'etl_pipeline_final' retrieved from /opt/airflow/dags/etl.py
[2026-02-01T23:29:34.595+0000] {logging_mixin.py:188} INFO - [2026-02-01T23:29:34.595+0000] {dag.py:3096} INFO - Sync 1 DAGs
[2026-02-01T23:29:34.608+0000] {logging_mixin.py:188} INFO - [2026-02-01T23:29:34.608+0000] {dag.py:3954} INFO - Setting next_dagrun for etl_pipeline_final to 2026-01-31 00:00:00+00:00, run_after=2026-02-01 00:00:00+00:00
[2026-02-01T23:29:34.622+0000] {processor.py:183} INFO - Processing /opt/airflow/dags/etl.py took 0.343 seconds
[2026-02-01T23:30:07.538+0000] {processor.py:161} INFO - Started process (PID=45417) to work on /opt/airflow/dags/etl.py
[2026-02-01T23:30:07.539+0000] {processor.py:830} INFO - Processing file /opt/airflow/dags/etl.py for tasks to queue
[2026-02-01T23:30:07.540+0000] {logging_mixin.py:188} INFO - [2026-02-01T23:30:07.540+0000] {dagbag.py:545} INFO - Filling up the DagBag from /opt/airflow/dags/etl.py
[2026-02-01T23:30:07.837+0000] {processor.py:840} INFO - DAG(s) 'etl_pipeline_final' retrieved from /opt/airflow/dags/etl.py
[2026-02-01T23:30:07.855+0000] {logging_mixin.py:188} INFO - [2026-02-01T23:30:07.854+0000] {dag.py:3096} INFO - Sync 1 DAGs
[2026-02-01T23:30:07.869+0000] {logging_mixin.py:188} INFO - [2026-02-01T23:30:07.869+0000] {dag.py:3954} INFO - Setting next_dagrun for etl_pipeline_final to 2026-01-31 00:00:00+00:00, run_after=2026-02-01 00:00:00+00:00
[2026-02-01T23:30:07.887+0000] {processor.py:183} INFO - Processing /opt/airflow/dags/etl.py took 0.353 seconds
[2026-02-01T23:30:40.508+0000] {processor.py:161} INFO - Started process (PID=45464) to work on /opt/airflow/dags/etl.py
[2026-02-01T23:30:40.510+0000] {processor.py:830} INFO - Processing file /opt/airflow/dags/etl.py for tasks to queue
[2026-02-01T23:30:40.511+0000] {logging_mixin.py:188} INFO - [2026-02-01T23:30:40.511+0000] {dagbag.py:545} INFO - Filling up the DagBag from /opt/airflow/dags/etl.py
[2026-02-01T23:30:40.811+0000] {processor.py:840} INFO - DAG(s) 'etl_pipeline_final' retrieved from /opt/airflow/dags/etl.py
[2026-02-01T23:30:40.831+0000] {logging_mixin.py:188} INFO - [2026-02-01T23:30:40.831+0000] {dag.py:3096} INFO - Sync 1 DAGs
[2026-02-01T23:30:40.847+0000] {logging_mixin.py:188} INFO - [2026-02-01T23:30:40.847+0000] {dag.py:3954} INFO - Setting next_dagrun for etl_pipeline_final to 2026-01-31 00:00:00+00:00, run_after=2026-02-01 00:00:00+00:00
[2026-02-01T23:30:40.861+0000] {processor.py:183} INFO - Processing /opt/airflow/dags/etl.py took 0.357 seconds
[2026-02-01T23:31:14.085+0000] {processor.py:161} INFO - Started process (PID=45511) to work on /opt/airflow/dags/etl.py
[2026-02-01T23:31:14.086+0000] {processor.py:830} INFO - Processing file /opt/airflow/dags/etl.py for tasks to queue
[2026-02-01T23:31:14.088+0000] {logging_mixin.py:188} INFO - [2026-02-01T23:31:14.088+0000] {dagbag.py:545} INFO - Filling up the DagBag from /opt/airflow/dags/etl.py
[2026-02-01T23:31:14.357+0000] {processor.py:840} INFO - DAG(s) 'etl_pipeline_final' retrieved from /opt/airflow/dags/etl.py
[2026-02-01T23:31:14.373+0000] {logging_mixin.py:188} INFO - [2026-02-01T23:31:14.372+0000] {dag.py:3096} INFO - Sync 1 DAGs
[2026-02-01T23:31:14.387+0000] {logging_mixin.py:188} INFO - [2026-02-01T23:31:14.387+0000] {dag.py:3954} INFO - Setting next_dagrun for etl_pipeline_final to 2026-01-31 00:00:00+00:00, run_after=2026-02-01 00:00:00+00:00
[2026-02-01T23:31:14.402+0000] {processor.py:183} INFO - Processing /opt/airflow/dags/etl.py took 0.321 seconds
[2026-02-01T23:31:47.468+0000] {processor.py:161} INFO - Started process (PID=45558) to work on /opt/airflow/dags/etl.py
[2026-02-01T23:31:47.469+0000] {processor.py:830} INFO - Processing file /opt/airflow/dags/etl.py for tasks to queue
[2026-02-01T23:31:47.471+0000] {logging_mixin.py:188} INFO - [2026-02-01T23:31:47.471+0000] {dagbag.py:545} INFO - Filling up the DagBag from /opt/airflow/dags/etl.py
[2026-02-01T23:31:47.774+0000] {processor.py:840} INFO - DAG(s) 'etl_pipeline_final' retrieved from /opt/airflow/dags/etl.py
[2026-02-01T23:31:47.791+0000] {logging_mixin.py:188} INFO - [2026-02-01T23:31:47.790+0000] {dag.py:3096} INFO - Sync 1 DAGs
[2026-02-01T23:31:47.806+0000] {logging_mixin.py:188} INFO - [2026-02-01T23:31:47.806+0000] {dag.py:3954} INFO - Setting next_dagrun for etl_pipeline_final to 2026-01-31 00:00:00+00:00, run_after=2026-02-01 00:00:00+00:00
[2026-02-01T23:31:47.820+0000] {processor.py:183} INFO - Processing /opt/airflow/dags/etl.py took 0.358 seconds
[2026-02-01T23:32:20.677+0000] {processor.py:161} INFO - Started process (PID=45605) to work on /opt/airflow/dags/etl.py
[2026-02-01T23:32:20.677+0000] {processor.py:830} INFO - Processing file /opt/airflow/dags/etl.py for tasks to queue
[2026-02-01T23:32:20.680+0000] {logging_mixin.py:188} INFO - [2026-02-01T23:32:20.679+0000] {dagbag.py:545} INFO - Filling up the DagBag from /opt/airflow/dags/etl.py
[2026-02-01T23:32:20.977+0000] {processor.py:840} INFO - DAG(s) 'etl_pipeline_final' retrieved from /opt/airflow/dags/etl.py
[2026-02-01T23:32:20.995+0000] {logging_mixin.py:188} INFO - [2026-02-01T23:32:20.994+0000] {dag.py:3096} INFO - Sync 1 DAGs
[2026-02-01T23:32:21.009+0000] {logging_mixin.py:188} INFO - [2026-02-01T23:32:21.009+0000] {dag.py:3954} INFO - Setting next_dagrun for etl_pipeline_final to 2026-01-31 00:00:00+00:00, run_after=2026-02-01 00:00:00+00:00
[2026-02-01T23:32:21.025+0000] {processor.py:183} INFO - Processing /opt/airflow/dags/etl.py took 0.353 seconds
[2026-02-01T23:32:53.921+0000] {processor.py:161} INFO - Started process (PID=45652) to work on /opt/airflow/dags/etl.py
[2026-02-01T23:32:53.923+0000] {processor.py:830} INFO - Processing file /opt/airflow/dags/etl.py for tasks to queue
[2026-02-01T23:32:53.924+0000] {logging_mixin.py:188} INFO - [2026-02-01T23:32:53.924+0000] {dagbag.py:545} INFO - Filling up the DagBag from /opt/airflow/dags/etl.py
[2026-02-01T23:32:54.210+0000] {processor.py:840} INFO - DAG(s) 'etl_pipeline_final' retrieved from /opt/airflow/dags/etl.py
[2026-02-01T23:32:54.232+0000] {logging_mixin.py:188} INFO - [2026-02-01T23:32:54.231+0000] {dag.py:3096} INFO - Sync 1 DAGs
[2026-02-01T23:32:54.246+0000] {logging_mixin.py:188} INFO - [2026-02-01T23:32:54.246+0000] {dag.py:3954} INFO - Setting next_dagrun for etl_pipeline_final to 2026-01-31 00:00:00+00:00, run_after=2026-02-01 00:00:00+00:00
[2026-02-01T23:32:54.261+0000] {processor.py:183} INFO - Processing /opt/airflow/dags/etl.py took 0.345 seconds
[2026-02-01T23:33:27.496+0000] {processor.py:161} INFO - Started process (PID=45699) to work on /opt/airflow/dags/etl.py
[2026-02-01T23:33:27.496+0000] {processor.py:830} INFO - Processing file /opt/airflow/dags/etl.py for tasks to queue
[2026-02-01T23:33:27.498+0000] {logging_mixin.py:188} INFO - [2026-02-01T23:33:27.497+0000] {dagbag.py:545} INFO - Filling up the DagBag from /opt/airflow/dags/etl.py
[2026-02-01T23:33:27.772+0000] {processor.py:840} INFO - DAG(s) 'etl_pipeline_final' retrieved from /opt/airflow/dags/etl.py
[2026-02-01T23:33:27.789+0000] {logging_mixin.py:188} INFO - [2026-02-01T23:33:27.789+0000] {dag.py:3096} INFO - Sync 1 DAGs
[2026-02-01T23:33:27.803+0000] {logging_mixin.py:188} INFO - [2026-02-01T23:33:27.803+0000] {dag.py:3954} INFO - Setting next_dagrun for etl_pipeline_final to 2026-01-31 00:00:00+00:00, run_after=2026-02-01 00:00:00+00:00
[2026-02-01T23:33:27.819+0000] {processor.py:183} INFO - Processing /opt/airflow/dags/etl.py took 0.327 seconds
[2026-02-01T23:34:00.704+0000] {processor.py:161} INFO - Started process (PID=45746) to work on /opt/airflow/dags/etl.py
[2026-02-01T23:34:00.705+0000] {processor.py:830} INFO - Processing file /opt/airflow/dags/etl.py for tasks to queue
[2026-02-01T23:34:00.707+0000] {logging_mixin.py:188} INFO - [2026-02-01T23:34:00.707+0000] {dagbag.py:545} INFO - Filling up the DagBag from /opt/airflow/dags/etl.py
[2026-02-01T23:34:00.968+0000] {processor.py:840} INFO - DAG(s) 'etl_pipeline_final' retrieved from /opt/airflow/dags/etl.py
[2026-02-01T23:34:00.985+0000] {logging_mixin.py:188} INFO - [2026-02-01T23:34:00.984+0000] {dag.py:3096} INFO - Sync 1 DAGs
[2026-02-01T23:34:00.998+0000] {logging_mixin.py:188} INFO - [2026-02-01T23:34:00.997+0000] {dag.py:3954} INFO - Setting next_dagrun for etl_pipeline_final to 2026-01-31 00:00:00+00:00, run_after=2026-02-01 00:00:00+00:00
[2026-02-01T23:34:01.012+0000] {processor.py:183} INFO - Processing /opt/airflow/dags/etl.py took 0.313 seconds
[2026-02-01T23:34:33.947+0000] {processor.py:161} INFO - Started process (PID=45793) to work on /opt/airflow/dags/etl.py
[2026-02-01T23:34:33.949+0000] {processor.py:830} INFO - Processing file /opt/airflow/dags/etl.py for tasks to queue
[2026-02-01T23:34:33.951+0000] {logging_mixin.py:188} INFO - [2026-02-01T23:34:33.951+0000] {dagbag.py:545} INFO - Filling up the DagBag from /opt/airflow/dags/etl.py
[2026-02-01T23:34:34.240+0000] {processor.py:840} INFO - DAG(s) 'etl_pipeline_final' retrieved from /opt/airflow/dags/etl.py
[2026-02-01T23:34:34.259+0000] {logging_mixin.py:188} INFO - [2026-02-01T23:34:34.258+0000] {dag.py:3096} INFO - Sync 1 DAGs
[2026-02-01T23:34:34.274+0000] {logging_mixin.py:188} INFO - [2026-02-01T23:34:34.274+0000] {dag.py:3954} INFO - Setting next_dagrun for etl_pipeline_final to 2026-01-31 00:00:00+00:00, run_after=2026-02-01 00:00:00+00:00
[2026-02-01T23:34:34.290+0000] {processor.py:183} INFO - Processing /opt/airflow/dags/etl.py took 0.348 seconds
[2026-02-01T23:35:07.660+0000] {processor.py:161} INFO - Started process (PID=45840) to work on /opt/airflow/dags/etl.py
[2026-02-01T23:35:07.661+0000] {processor.py:830} INFO - Processing file /opt/airflow/dags/etl.py for tasks to queue
[2026-02-01T23:35:07.662+0000] {logging_mixin.py:188} INFO - [2026-02-01T23:35:07.662+0000] {dagbag.py:545} INFO - Filling up the DagBag from /opt/airflow/dags/etl.py
[2026-02-01T23:35:07.936+0000] {processor.py:840} INFO - DAG(s) 'etl_pipeline_final' retrieved from /opt/airflow/dags/etl.py
[2026-02-01T23:35:07.955+0000] {logging_mixin.py:188} INFO - [2026-02-01T23:35:07.954+0000] {dag.py:3096} INFO - Sync 1 DAGs
[2026-02-01T23:35:07.969+0000] {logging_mixin.py:188} INFO - [2026-02-01T23:35:07.969+0000] {dag.py:3954} INFO - Setting next_dagrun for etl_pipeline_final to 2026-01-31 00:00:00+00:00, run_after=2026-02-01 00:00:00+00:00
[2026-02-01T23:35:07.982+0000] {processor.py:183} INFO - Processing /opt/airflow/dags/etl.py took 0.328 seconds
[2026-02-01T23:35:40.597+0000] {processor.py:161} INFO - Started process (PID=45887) to work on /opt/airflow/dags/etl.py
[2026-02-01T23:35:40.598+0000] {processor.py:830} INFO - Processing file /opt/airflow/dags/etl.py for tasks to queue
[2026-02-01T23:35:40.600+0000] {logging_mixin.py:188} INFO - [2026-02-01T23:35:40.599+0000] {dagbag.py:545} INFO - Filling up the DagBag from /opt/airflow/dags/etl.py
[2026-02-01T23:35:40.867+0000] {processor.py:840} INFO - DAG(s) 'etl_pipeline_final' retrieved from /opt/airflow/dags/etl.py
[2026-02-01T23:35:40.886+0000] {logging_mixin.py:188} INFO - [2026-02-01T23:35:40.886+0000] {dag.py:3096} INFO - Sync 1 DAGs
[2026-02-01T23:35:40.902+0000] {logging_mixin.py:188} INFO - [2026-02-01T23:35:40.902+0000] {dag.py:3954} INFO - Setting next_dagrun for etl_pipeline_final to 2026-01-31 00:00:00+00:00, run_after=2026-02-01 00:00:00+00:00
[2026-02-01T23:35:40.917+0000] {processor.py:183} INFO - Processing /opt/airflow/dags/etl.py took 0.324 seconds
[2026-02-01T23:36:14.370+0000] {processor.py:161} INFO - Started process (PID=45934) to work on /opt/airflow/dags/etl.py
[2026-02-01T23:36:14.371+0000] {processor.py:830} INFO - Processing file /opt/airflow/dags/etl.py for tasks to queue
[2026-02-01T23:36:14.372+0000] {logging_mixin.py:188} INFO - [2026-02-01T23:36:14.372+0000] {dagbag.py:545} INFO - Filling up the DagBag from /opt/airflow/dags/etl.py
[2026-02-01T23:36:14.651+0000] {processor.py:840} INFO - DAG(s) 'etl_pipeline_final' retrieved from /opt/airflow/dags/etl.py
[2026-02-01T23:36:14.668+0000] {logging_mixin.py:188} INFO - [2026-02-01T23:36:14.668+0000] {dag.py:3096} INFO - Sync 1 DAGs
[2026-02-01T23:36:14.680+0000] {logging_mixin.py:188} INFO - [2026-02-01T23:36:14.680+0000] {dag.py:3954} INFO - Setting next_dagrun for etl_pipeline_final to 2026-01-31 00:00:00+00:00, run_after=2026-02-01 00:00:00+00:00
[2026-02-01T23:36:14.695+0000] {processor.py:183} INFO - Processing /opt/airflow/dags/etl.py took 0.329 seconds
[2026-02-01T23:36:47.665+0000] {processor.py:161} INFO - Started process (PID=45981) to work on /opt/airflow/dags/etl.py
[2026-02-01T23:36:47.667+0000] {processor.py:830} INFO - Processing file /opt/airflow/dags/etl.py for tasks to queue
[2026-02-01T23:36:47.669+0000] {logging_mixin.py:188} INFO - [2026-02-01T23:36:47.669+0000] {dagbag.py:545} INFO - Filling up the DagBag from /opt/airflow/dags/etl.py
[2026-02-01T23:36:47.975+0000] {processor.py:840} INFO - DAG(s) 'etl_pipeline_final' retrieved from /opt/airflow/dags/etl.py
[2026-02-01T23:36:48.000+0000] {logging_mixin.py:188} INFO - [2026-02-01T23:36:47.999+0000] {dag.py:3096} INFO - Sync 1 DAGs
[2026-02-01T23:36:48.018+0000] {logging_mixin.py:188} INFO - [2026-02-01T23:36:48.018+0000] {dag.py:3954} INFO - Setting next_dagrun for etl_pipeline_final to 2026-01-31 00:00:00+00:00, run_after=2026-02-01 00:00:00+00:00
[2026-02-01T23:36:48.035+0000] {processor.py:183} INFO - Processing /opt/airflow/dags/etl.py took 0.374 seconds
[2026-02-01T23:37:20.934+0000] {processor.py:161} INFO - Started process (PID=46028) to work on /opt/airflow/dags/etl.py
[2026-02-01T23:37:20.935+0000] {processor.py:830} INFO - Processing file /opt/airflow/dags/etl.py for tasks to queue
[2026-02-01T23:37:20.936+0000] {logging_mixin.py:188} INFO - [2026-02-01T23:37:20.936+0000] {dagbag.py:545} INFO - Filling up the DagBag from /opt/airflow/dags/etl.py
[2026-02-01T23:37:21.205+0000] {processor.py:840} INFO - DAG(s) 'etl_pipeline_final' retrieved from /opt/airflow/dags/etl.py
[2026-02-01T23:37:21.222+0000] {logging_mixin.py:188} INFO - [2026-02-01T23:37:21.222+0000] {dag.py:3096} INFO - Sync 1 DAGs
[2026-02-01T23:37:21.236+0000] {logging_mixin.py:188} INFO - [2026-02-01T23:37:21.236+0000] {dag.py:3954} INFO - Setting next_dagrun for etl_pipeline_final to 2026-01-31 00:00:00+00:00, run_after=2026-02-01 00:00:00+00:00
[2026-02-01T23:37:21.249+0000] {processor.py:183} INFO - Processing /opt/airflow/dags/etl.py took 0.319 seconds
[2026-02-01T23:37:54.172+0000] {processor.py:161} INFO - Started process (PID=46075) to work on /opt/airflow/dags/etl.py
[2026-02-01T23:37:54.174+0000] {processor.py:830} INFO - Processing file /opt/airflow/dags/etl.py for tasks to queue
[2026-02-01T23:37:54.177+0000] {logging_mixin.py:188} INFO - [2026-02-01T23:37:54.176+0000] {dagbag.py:545} INFO - Filling up the DagBag from /opt/airflow/dags/etl.py
[2026-02-01T23:37:54.442+0000] {processor.py:840} INFO - DAG(s) 'etl_pipeline_final' retrieved from /opt/airflow/dags/etl.py
[2026-02-01T23:37:54.458+0000] {logging_mixin.py:188} INFO - [2026-02-01T23:37:54.457+0000] {dag.py:3096} INFO - Sync 1 DAGs
[2026-02-01T23:37:54.471+0000] {logging_mixin.py:188} INFO - [2026-02-01T23:37:54.471+0000] {dag.py:3954} INFO - Setting next_dagrun for etl_pipeline_final to 2026-01-31 00:00:00+00:00, run_after=2026-02-01 00:00:00+00:00
[2026-02-01T23:37:54.483+0000] {processor.py:183} INFO - Processing /opt/airflow/dags/etl.py took 0.316 seconds
[2026-02-01T23:38:27.463+0000] {processor.py:161} INFO - Started process (PID=46122) to work on /opt/airflow/dags/etl.py
[2026-02-01T23:38:27.464+0000] {processor.py:830} INFO - Processing file /opt/airflow/dags/etl.py for tasks to queue
[2026-02-01T23:38:27.465+0000] {logging_mixin.py:188} INFO - [2026-02-01T23:38:27.465+0000] {dagbag.py:545} INFO - Filling up the DagBag from /opt/airflow/dags/etl.py
[2026-02-01T23:38:27.789+0000] {processor.py:840} INFO - DAG(s) 'etl_pipeline_final' retrieved from /opt/airflow/dags/etl.py
[2026-02-01T23:38:27.805+0000] {logging_mixin.py:188} INFO - [2026-02-01T23:38:27.805+0000] {dag.py:3096} INFO - Sync 1 DAGs
[2026-02-01T23:38:27.817+0000] {logging_mixin.py:188} INFO - [2026-02-01T23:38:27.817+0000] {dag.py:3954} INFO - Setting next_dagrun for etl_pipeline_final to 2026-01-31 00:00:00+00:00, run_after=2026-02-01 00:00:00+00:00
[2026-02-01T23:38:27.829+0000] {processor.py:183} INFO - Processing /opt/airflow/dags/etl.py took 0.370 seconds
[2026-02-01T23:39:00.906+0000] {processor.py:161} INFO - Started process (PID=46169) to work on /opt/airflow/dags/etl.py
[2026-02-01T23:39:00.908+0000] {processor.py:830} INFO - Processing file /opt/airflow/dags/etl.py for tasks to queue
[2026-02-01T23:39:00.910+0000] {logging_mixin.py:188} INFO - [2026-02-01T23:39:00.910+0000] {dagbag.py:545} INFO - Filling up the DagBag from /opt/airflow/dags/etl.py
[2026-02-01T23:39:01.247+0000] {processor.py:840} INFO - DAG(s) 'etl_pipeline_final' retrieved from /opt/airflow/dags/etl.py
[2026-02-01T23:39:01.270+0000] {logging_mixin.py:188} INFO - [2026-02-01T23:39:01.270+0000] {dag.py:3096} INFO - Sync 1 DAGs
[2026-02-01T23:39:01.292+0000] {logging_mixin.py:188} INFO - [2026-02-01T23:39:01.291+0000] {dag.py:3954} INFO - Setting next_dagrun for etl_pipeline_final to 2026-01-31 00:00:00+00:00, run_after=2026-02-01 00:00:00+00:00
[2026-02-01T23:39:01.310+0000] {processor.py:183} INFO - Processing /opt/airflow/dags/etl.py took 0.411 seconds
[2026-02-01T23:39:34.258+0000] {processor.py:161} INFO - Started process (PID=46216) to work on /opt/airflow/dags/etl.py
[2026-02-01T23:39:34.259+0000] {processor.py:830} INFO - Processing file /opt/airflow/dags/etl.py for tasks to queue
[2026-02-01T23:39:34.260+0000] {logging_mixin.py:188} INFO - [2026-02-01T23:39:34.260+0000] {dagbag.py:545} INFO - Filling up the DagBag from /opt/airflow/dags/etl.py
[2026-02-01T23:39:34.538+0000] {processor.py:840} INFO - DAG(s) 'etl_pipeline_final' retrieved from /opt/airflow/dags/etl.py
[2026-02-01T23:39:34.557+0000] {logging_mixin.py:188} INFO - [2026-02-01T23:39:34.557+0000] {dag.py:3096} INFO - Sync 1 DAGs
[2026-02-01T23:39:34.571+0000] {logging_mixin.py:188} INFO - [2026-02-01T23:39:34.570+0000] {dag.py:3954} INFO - Setting next_dagrun for etl_pipeline_final to 2026-01-31 00:00:00+00:00, run_after=2026-02-01 00:00:00+00:00
[2026-02-01T23:39:34.581+0000] {processor.py:183} INFO - Processing /opt/airflow/dags/etl.py took 0.332 seconds
[2026-02-01T23:40:07.477+0000] {processor.py:161} INFO - Started process (PID=46263) to work on /opt/airflow/dags/etl.py
[2026-02-01T23:40:07.479+0000] {processor.py:830} INFO - Processing file /opt/airflow/dags/etl.py for tasks to queue
[2026-02-01T23:40:07.480+0000] {logging_mixin.py:188} INFO - [2026-02-01T23:40:07.480+0000] {dagbag.py:545} INFO - Filling up the DagBag from /opt/airflow/dags/etl.py
[2026-02-01T23:40:07.749+0000] {processor.py:840} INFO - DAG(s) 'etl_pipeline_final' retrieved from /opt/airflow/dags/etl.py
[2026-02-01T23:40:07.767+0000] {logging_mixin.py:188} INFO - [2026-02-01T23:40:07.766+0000] {dag.py:3096} INFO - Sync 1 DAGs
[2026-02-01T23:40:07.780+0000] {logging_mixin.py:188} INFO - [2026-02-01T23:40:07.780+0000] {dag.py:3954} INFO - Setting next_dagrun for etl_pipeline_final to 2026-01-31 00:00:00+00:00, run_after=2026-02-01 00:00:00+00:00
[2026-02-01T23:40:07.794+0000] {processor.py:183} INFO - Processing /opt/airflow/dags/etl.py took 0.321 seconds
[2026-02-01T23:40:41.030+0000] {processor.py:161} INFO - Started process (PID=46310) to work on /opt/airflow/dags/etl.py
[2026-02-01T23:40:41.030+0000] {processor.py:830} INFO - Processing file /opt/airflow/dags/etl.py for tasks to queue
[2026-02-01T23:40:41.031+0000] {logging_mixin.py:188} INFO - [2026-02-01T23:40:41.031+0000] {dagbag.py:545} INFO - Filling up the DagBag from /opt/airflow/dags/etl.py
[2026-02-01T23:40:41.323+0000] {processor.py:840} INFO - DAG(s) 'etl_pipeline_final' retrieved from /opt/airflow/dags/etl.py
[2026-02-01T23:40:41.338+0000] {logging_mixin.py:188} INFO - [2026-02-01T23:40:41.338+0000] {dag.py:3096} INFO - Sync 1 DAGs
[2026-02-01T23:40:41.351+0000] {logging_mixin.py:188} INFO - [2026-02-01T23:40:41.351+0000] {dag.py:3954} INFO - Setting next_dagrun for etl_pipeline_final to 2026-01-31 00:00:00+00:00, run_after=2026-02-01 00:00:00+00:00
[2026-02-01T23:40:41.364+0000] {processor.py:183} INFO - Processing /opt/airflow/dags/etl.py took 0.339 seconds
[2026-02-01T23:41:14.404+0000] {processor.py:161} INFO - Started process (PID=46357) to work on /opt/airflow/dags/etl.py
[2026-02-01T23:41:14.406+0000] {processor.py:830} INFO - Processing file /opt/airflow/dags/etl.py for tasks to queue
[2026-02-01T23:41:14.408+0000] {logging_mixin.py:188} INFO - [2026-02-01T23:41:14.408+0000] {dagbag.py:545} INFO - Filling up the DagBag from /opt/airflow/dags/etl.py
[2026-02-01T23:41:14.717+0000] {processor.py:840} INFO - DAG(s) 'etl_pipeline_final' retrieved from /opt/airflow/dags/etl.py
[2026-02-01T23:41:14.737+0000] {logging_mixin.py:188} INFO - [2026-02-01T23:41:14.736+0000] {dag.py:3096} INFO - Sync 1 DAGs
[2026-02-01T23:41:14.751+0000] {logging_mixin.py:188} INFO - [2026-02-01T23:41:14.751+0000] {dag.py:3954} INFO - Setting next_dagrun for etl_pipeline_final to 2026-01-31 00:00:00+00:00, run_after=2026-02-01 00:00:00+00:00
[2026-02-01T23:41:14.767+0000] {processor.py:183} INFO - Processing /opt/airflow/dags/etl.py took 0.368 seconds
[2026-02-01T23:41:47.830+0000] {processor.py:161} INFO - Started process (PID=46404) to work on /opt/airflow/dags/etl.py
[2026-02-01T23:41:47.831+0000] {processor.py:830} INFO - Processing file /opt/airflow/dags/etl.py for tasks to queue
[2026-02-01T23:41:47.833+0000] {logging_mixin.py:188} INFO - [2026-02-01T23:41:47.832+0000] {dagbag.py:545} INFO - Filling up the DagBag from /opt/airflow/dags/etl.py
[2026-02-01T23:41:48.151+0000] {processor.py:840} INFO - DAG(s) 'etl_pipeline_final' retrieved from /opt/airflow/dags/etl.py
[2026-02-01T23:41:48.168+0000] {logging_mixin.py:188} INFO - [2026-02-01T23:41:48.167+0000] {dag.py:3096} INFO - Sync 1 DAGs
[2026-02-01T23:41:48.184+0000] {logging_mixin.py:188} INFO - [2026-02-01T23:41:48.184+0000] {dag.py:3954} INFO - Setting next_dagrun for etl_pipeline_final to 2026-01-31 00:00:00+00:00, run_after=2026-02-01 00:00:00+00:00
[2026-02-01T23:41:48.200+0000] {processor.py:183} INFO - Processing /opt/airflow/dags/etl.py took 0.374 seconds
[2026-02-01T23:42:21.147+0000] {processor.py:161} INFO - Started process (PID=46452) to work on /opt/airflow/dags/etl.py
[2026-02-01T23:42:21.149+0000] {processor.py:830} INFO - Processing file /opt/airflow/dags/etl.py for tasks to queue
[2026-02-01T23:42:21.150+0000] {logging_mixin.py:188} INFO - [2026-02-01T23:42:21.150+0000] {dagbag.py:545} INFO - Filling up the DagBag from /opt/airflow/dags/etl.py
[2026-02-01T23:42:21.539+0000] {processor.py:840} INFO - DAG(s) 'etl_pipeline_final' retrieved from /opt/airflow/dags/etl.py
[2026-02-01T23:42:21.564+0000] {logging_mixin.py:188} INFO - [2026-02-01T23:42:21.562+0000] {dag.py:3096} INFO - Sync 1 DAGs
[2026-02-01T23:42:21.581+0000] {logging_mixin.py:188} INFO - [2026-02-01T23:42:21.581+0000] {dag.py:3954} INFO - Setting next_dagrun for etl_pipeline_final to 2026-01-31 00:00:00+00:00, run_after=2026-02-01 00:00:00+00:00
[2026-02-01T23:42:21.604+0000] {processor.py:183} INFO - Processing /opt/airflow/dags/etl.py took 0.462 seconds
[2026-02-01T23:42:54.902+0000] {processor.py:161} INFO - Started process (PID=46499) to work on /opt/airflow/dags/etl.py
[2026-02-01T23:42:54.903+0000] {processor.py:830} INFO - Processing file /opt/airflow/dags/etl.py for tasks to queue
[2026-02-01T23:42:54.905+0000] {logging_mixin.py:188} INFO - [2026-02-01T23:42:54.905+0000] {dagbag.py:545} INFO - Filling up the DagBag from /opt/airflow/dags/etl.py
[2026-02-01T23:42:55.263+0000] {processor.py:840} INFO - DAG(s) 'etl_pipeline_final' retrieved from /opt/airflow/dags/etl.py
[2026-02-01T23:42:55.287+0000] {logging_mixin.py:188} INFO - [2026-02-01T23:42:55.286+0000] {dag.py:3096} INFO - Sync 1 DAGs
[2026-02-01T23:42:55.306+0000] {logging_mixin.py:188} INFO - [2026-02-01T23:42:55.305+0000] {dag.py:3954} INFO - Setting next_dagrun for etl_pipeline_final to 2026-01-31 00:00:00+00:00, run_after=2026-02-01 00:00:00+00:00
[2026-02-01T23:42:55.322+0000] {processor.py:183} INFO - Processing /opt/airflow/dags/etl.py took 0.426 seconds
[2026-02-01T23:43:28.174+0000] {processor.py:161} INFO - Started process (PID=46546) to work on /opt/airflow/dags/etl.py
[2026-02-01T23:43:28.177+0000] {processor.py:830} INFO - Processing file /opt/airflow/dags/etl.py for tasks to queue
[2026-02-01T23:43:28.180+0000] {logging_mixin.py:188} INFO - [2026-02-01T23:43:28.179+0000] {dagbag.py:545} INFO - Filling up the DagBag from /opt/airflow/dags/etl.py
[2026-02-01T23:43:28.541+0000] {processor.py:840} INFO - DAG(s) 'etl_pipeline_final' retrieved from /opt/airflow/dags/etl.py
[2026-02-01T23:43:28.562+0000] {logging_mixin.py:188} INFO - [2026-02-01T23:43:28.562+0000] {dag.py:3096} INFO - Sync 1 DAGs
[2026-02-01T23:43:28.582+0000] {logging_mixin.py:188} INFO - [2026-02-01T23:43:28.582+0000] {dag.py:3954} INFO - Setting next_dagrun for etl_pipeline_final to 2026-01-31 00:00:00+00:00, run_after=2026-02-01 00:00:00+00:00
[2026-02-01T23:43:28.601+0000] {processor.py:183} INFO - Processing /opt/airflow/dags/etl.py took 0.432 seconds
[2026-02-01T23:44:02.326+0000] {processor.py:161} INFO - Started process (PID=46593) to work on /opt/airflow/dags/etl.py
[2026-02-01T23:44:02.326+0000] {processor.py:830} INFO - Processing file /opt/airflow/dags/etl.py for tasks to queue
[2026-02-01T23:44:02.328+0000] {logging_mixin.py:188} INFO - [2026-02-01T23:44:02.328+0000] {dagbag.py:545} INFO - Filling up the DagBag from /opt/airflow/dags/etl.py
[2026-02-01T23:44:02.736+0000] {processor.py:840} INFO - DAG(s) 'etl_pipeline_final' retrieved from /opt/airflow/dags/etl.py
[2026-02-01T23:44:02.760+0000] {logging_mixin.py:188} INFO - [2026-02-01T23:44:02.760+0000] {dag.py:3096} INFO - Sync 1 DAGs
[2026-02-01T23:44:02.783+0000] {logging_mixin.py:188} INFO - [2026-02-01T23:44:02.783+0000] {dag.py:3954} INFO - Setting next_dagrun for etl_pipeline_final to 2026-01-31 00:00:00+00:00, run_after=2026-02-01 00:00:00+00:00
[2026-02-01T23:44:02.801+0000] {processor.py:183} INFO - Processing /opt/airflow/dags/etl.py took 0.481 seconds
[2026-02-01T23:44:35.433+0000] {processor.py:161} INFO - Started process (PID=46640) to work on /opt/airflow/dags/etl.py
[2026-02-01T23:44:35.435+0000] {processor.py:830} INFO - Processing file /opt/airflow/dags/etl.py for tasks to queue
[2026-02-01T23:44:35.437+0000] {logging_mixin.py:188} INFO - [2026-02-01T23:44:35.437+0000] {dagbag.py:545} INFO - Filling up the DagBag from /opt/airflow/dags/etl.py
[2026-02-01T23:44:35.852+0000] {processor.py:840} INFO - DAG(s) 'etl_pipeline_final' retrieved from /opt/airflow/dags/etl.py
[2026-02-01T23:44:35.876+0000] {logging_mixin.py:188} INFO - [2026-02-01T23:44:35.876+0000] {dag.py:3096} INFO - Sync 1 DAGs
[2026-02-01T23:44:35.897+0000] {logging_mixin.py:188} INFO - [2026-02-01T23:44:35.897+0000] {dag.py:3954} INFO - Setting next_dagrun for etl_pipeline_final to 2026-01-31 00:00:00+00:00, run_after=2026-02-01 00:00:00+00:00
[2026-02-01T23:44:35.916+0000] {processor.py:183} INFO - Processing /opt/airflow/dags/etl.py took 0.490 seconds
[2026-02-01T23:45:07.081+0000] {processor.py:161} INFO - Started process (PID=46687) to work on /opt/airflow/dags/etl.py
[2026-02-01T23:45:07.081+0000] {processor.py:830} INFO - Processing file /opt/airflow/dags/etl.py for tasks to queue
[2026-02-01T23:45:07.083+0000] {logging_mixin.py:188} INFO - [2026-02-01T23:45:07.082+0000] {dagbag.py:545} INFO - Filling up the DagBag from /opt/airflow/dags/etl.py
[2026-02-01T23:45:07.418+0000] {processor.py:840} INFO - DAG(s) 'etl_pipeline_final' retrieved from /opt/airflow/dags/etl.py
[2026-02-01T23:45:07.437+0000] {logging_mixin.py:188} INFO - [2026-02-01T23:45:07.436+0000] {dag.py:3096} INFO - Sync 1 DAGs
[2026-02-01T23:45:07.453+0000] {logging_mixin.py:188} INFO - [2026-02-01T23:45:07.453+0000] {dag.py:3954} INFO - Setting next_dagrun for etl_pipeline_final to 2026-01-31 00:00:00+00:00, run_after=2026-02-01 00:00:00+00:00
[2026-02-01T23:45:07.473+0000] {processor.py:183} INFO - Processing /opt/airflow/dags/etl.py took 0.397 seconds
[2026-02-01T23:45:41.387+0000] {processor.py:161} INFO - Started process (PID=46734) to work on /opt/airflow/dags/etl.py
[2026-02-01T23:45:41.389+0000] {processor.py:830} INFO - Processing file /opt/airflow/dags/etl.py for tasks to queue
[2026-02-01T23:45:41.391+0000] {logging_mixin.py:188} INFO - [2026-02-01T23:45:41.391+0000] {dagbag.py:545} INFO - Filling up the DagBag from /opt/airflow/dags/etl.py
[2026-02-01T23:45:41.821+0000] {processor.py:840} INFO - DAG(s) 'etl_pipeline_final' retrieved from /opt/airflow/dags/etl.py
[2026-02-01T23:45:41.850+0000] {logging_mixin.py:188} INFO - [2026-02-01T23:45:41.850+0000] {dag.py:3096} INFO - Sync 1 DAGs
[2026-02-01T23:45:41.867+0000] {logging_mixin.py:188} INFO - [2026-02-01T23:45:41.866+0000] {dag.py:3954} INFO - Setting next_dagrun for etl_pipeline_final to 2026-01-31 00:00:00+00:00, run_after=2026-02-01 00:00:00+00:00
[2026-02-01T23:45:41.890+0000] {processor.py:183} INFO - Processing /opt/airflow/dags/etl.py took 0.509 seconds
[2026-02-01T23:46:13.391+0000] {processor.py:161} INFO - Started process (PID=46781) to work on /opt/airflow/dags/etl.py
[2026-02-01T23:46:13.392+0000] {processor.py:830} INFO - Processing file /opt/airflow/dags/etl.py for tasks to queue
[2026-02-01T23:46:13.394+0000] {logging_mixin.py:188} INFO - [2026-02-01T23:46:13.394+0000] {dagbag.py:545} INFO - Filling up the DagBag from /opt/airflow/dags/etl.py
[2026-02-01T23:46:13.827+0000] {processor.py:840} INFO - DAG(s) 'etl_pipeline_final' retrieved from /opt/airflow/dags/etl.py
[2026-02-01T23:46:13.854+0000] {logging_mixin.py:188} INFO - [2026-02-01T23:46:13.853+0000] {dag.py:3096} INFO - Sync 1 DAGs
[2026-02-01T23:46:13.880+0000] {logging_mixin.py:188} INFO - [2026-02-01T23:46:13.880+0000] {dag.py:3954} INFO - Setting next_dagrun for etl_pipeline_final to 2026-01-31 00:00:00+00:00, run_after=2026-02-01 00:00:00+00:00
[2026-02-01T23:46:13.904+0000] {processor.py:183} INFO - Processing /opt/airflow/dags/etl.py took 0.521 seconds
[2026-02-01T23:46:43.992+0000] {processor.py:161} INFO - Started process (PID=46821) to work on /opt/airflow/dags/etl.py
[2026-02-01T23:46:43.994+0000] {processor.py:830} INFO - Processing file /opt/airflow/dags/etl.py for tasks to queue
[2026-02-01T23:46:43.995+0000] {logging_mixin.py:188} INFO - [2026-02-01T23:46:43.995+0000] {dagbag.py:545} INFO - Filling up the DagBag from /opt/airflow/dags/etl.py
[2026-02-01T23:46:44.355+0000] {processor.py:840} INFO - DAG(s) 'etl_pipeline_final' retrieved from /opt/airflow/dags/etl.py
[2026-02-01T23:46:44.376+0000] {logging_mixin.py:188} INFO - [2026-02-01T23:46:44.375+0000] {dag.py:3096} INFO - Sync 1 DAGs
[2026-02-01T23:46:44.391+0000] {logging_mixin.py:188} INFO - [2026-02-01T23:46:44.391+0000] {dag.py:3954} INFO - Setting next_dagrun for etl_pipeline_final to 2026-01-31 00:00:00+00:00, run_after=2026-02-01 00:00:00+00:00
[2026-02-01T23:46:44.411+0000] {processor.py:183} INFO - Processing /opt/airflow/dags/etl.py took 0.424 seconds
[2026-02-01T23:47:14.709+0000] {processor.py:161} INFO - Started process (PID=46865) to work on /opt/airflow/dags/etl.py
[2026-02-01T23:47:14.709+0000] {processor.py:830} INFO - Processing file /opt/airflow/dags/etl.py for tasks to queue
[2026-02-01T23:47:14.711+0000] {logging_mixin.py:188} INFO - [2026-02-01T23:47:14.711+0000] {dagbag.py:545} INFO - Filling up the DagBag from /opt/airflow/dags/etl.py
[2026-02-01T23:47:15.026+0000] {processor.py:840} INFO - DAG(s) 'etl_pipeline_final' retrieved from /opt/airflow/dags/etl.py
[2026-02-01T23:47:15.042+0000] {logging_mixin.py:188} INFO - [2026-02-01T23:47:15.041+0000] {dag.py:3096} INFO - Sync 1 DAGs
[2026-02-01T23:47:15.056+0000] {logging_mixin.py:188} INFO - [2026-02-01T23:47:15.056+0000] {dag.py:3954} INFO - Setting next_dagrun for etl_pipeline_final to 2026-01-31 00:00:00+00:00, run_after=2026-02-01 00:00:00+00:00
[2026-02-01T23:47:15.069+0000] {processor.py:183} INFO - Processing /opt/airflow/dags/etl.py took 0.365 seconds
[2026-02-01T23:47:47.325+0000] {processor.py:161} INFO - Started process (PID=46912) to work on /opt/airflow/dags/etl.py
[2026-02-01T23:47:47.328+0000] {processor.py:830} INFO - Processing file /opt/airflow/dags/etl.py for tasks to queue
[2026-02-01T23:47:47.329+0000] {logging_mixin.py:188} INFO - [2026-02-01T23:47:47.329+0000] {dagbag.py:545} INFO - Filling up the DagBag from /opt/airflow/dags/etl.py
[2026-02-01T23:47:47.604+0000] {processor.py:840} INFO - DAG(s) 'etl_pipeline_final' retrieved from /opt/airflow/dags/etl.py
[2026-02-01T23:47:47.625+0000] {logging_mixin.py:188} INFO - [2026-02-01T23:47:47.624+0000] {dag.py:3096} INFO - Sync 1 DAGs
[2026-02-01T23:47:47.639+0000] {logging_mixin.py:188} INFO - [2026-02-01T23:47:47.639+0000] {dag.py:3954} INFO - Setting next_dagrun for etl_pipeline_final to 2026-01-31 00:00:00+00:00, run_after=2026-02-01 00:00:00+00:00
[2026-02-01T23:47:47.656+0000] {processor.py:183} INFO - Processing /opt/airflow/dags/etl.py took 0.336 seconds
[2026-02-01T23:48:20.586+0000] {processor.py:161} INFO - Started process (PID=46962) to work on /opt/airflow/dags/etl.py
[2026-02-01T23:48:20.586+0000] {processor.py:830} INFO - Processing file /opt/airflow/dags/etl.py for tasks to queue
[2026-02-01T23:48:20.587+0000] {logging_mixin.py:188} INFO - [2026-02-01T23:48:20.587+0000] {dagbag.py:545} INFO - Filling up the DagBag from /opt/airflow/dags/etl.py
[2026-02-01T23:48:20.886+0000] {processor.py:840} INFO - DAG(s) 'etl_pipeline_final' retrieved from /opt/airflow/dags/etl.py
[2026-02-01T23:48:20.906+0000] {logging_mixin.py:188} INFO - [2026-02-01T23:48:20.905+0000] {dag.py:3096} INFO - Sync 1 DAGs
[2026-02-01T23:48:20.922+0000] {logging_mixin.py:188} INFO - [2026-02-01T23:48:20.922+0000] {dag.py:3954} INFO - Setting next_dagrun for etl_pipeline_final to 2026-01-31 00:00:00+00:00, run_after=2026-02-01 00:00:00+00:00
[2026-02-01T23:48:20.939+0000] {processor.py:183} INFO - Processing /opt/airflow/dags/etl.py took 0.357 seconds
[2026-02-01T23:48:54.422+0000] {processor.py:161} INFO - Started process (PID=47009) to work on /opt/airflow/dags/etl.py
[2026-02-01T23:48:54.426+0000] {processor.py:830} INFO - Processing file /opt/airflow/dags/etl.py for tasks to queue
[2026-02-01T23:48:54.428+0000] {logging_mixin.py:188} INFO - [2026-02-01T23:48:54.428+0000] {dagbag.py:545} INFO - Filling up the DagBag from /opt/airflow/dags/etl.py
[2026-02-01T23:48:54.751+0000] {processor.py:840} INFO - DAG(s) 'etl_pipeline_final' retrieved from /opt/airflow/dags/etl.py
[2026-02-01T23:48:54.770+0000] {logging_mixin.py:188} INFO - [2026-02-01T23:48:54.769+0000] {dag.py:3096} INFO - Sync 1 DAGs
[2026-02-01T23:48:54.785+0000] {logging_mixin.py:188} INFO - [2026-02-01T23:48:54.785+0000] {dag.py:3954} INFO - Setting next_dagrun for etl_pipeline_final to 2026-01-31 00:00:00+00:00, run_after=2026-02-01 00:00:00+00:00
[2026-02-01T23:48:54.802+0000] {processor.py:183} INFO - Processing /opt/airflow/dags/etl.py took 0.385 seconds
[2026-02-01T23:49:26.915+0000] {processor.py:161} INFO - Started process (PID=47056) to work on /opt/airflow/dags/etl.py
[2026-02-01T23:49:26.916+0000] {processor.py:830} INFO - Processing file /opt/airflow/dags/etl.py for tasks to queue
[2026-02-01T23:49:26.917+0000] {logging_mixin.py:188} INFO - [2026-02-01T23:49:26.916+0000] {dagbag.py:545} INFO - Filling up the DagBag from /opt/airflow/dags/etl.py
[2026-02-01T23:49:27.218+0000] {processor.py:840} INFO - DAG(s) 'etl_pipeline_final' retrieved from /opt/airflow/dags/etl.py
[2026-02-01T23:49:27.240+0000] {logging_mixin.py:188} INFO - [2026-02-01T23:49:27.239+0000] {dag.py:3096} INFO - Sync 1 DAGs
[2026-02-01T23:49:27.255+0000] {logging_mixin.py:188} INFO - [2026-02-01T23:49:27.254+0000] {dag.py:3954} INFO - Setting next_dagrun for etl_pipeline_final to 2026-01-31 00:00:00+00:00, run_after=2026-02-01 00:00:00+00:00
[2026-02-01T23:49:27.273+0000] {processor.py:183} INFO - Processing /opt/airflow/dags/etl.py took 0.362 seconds
[2026-02-01T23:50:00.787+0000] {processor.py:161} INFO - Started process (PID=47103) to work on /opt/airflow/dags/etl.py
[2026-02-01T23:50:00.788+0000] {processor.py:830} INFO - Processing file /opt/airflow/dags/etl.py for tasks to queue
[2026-02-01T23:50:00.789+0000] {logging_mixin.py:188} INFO - [2026-02-01T23:50:00.789+0000] {dagbag.py:545} INFO - Filling up the DagBag from /opt/airflow/dags/etl.py
[2026-02-01T23:50:01.075+0000] {processor.py:840} INFO - DAG(s) 'etl_pipeline_final' retrieved from /opt/airflow/dags/etl.py
[2026-02-01T23:50:01.095+0000] {logging_mixin.py:188} INFO - [2026-02-01T23:50:01.095+0000] {dag.py:3096} INFO - Sync 1 DAGs
[2026-02-01T23:50:01.111+0000] {logging_mixin.py:188} INFO - [2026-02-01T23:50:01.111+0000] {dag.py:3954} INFO - Setting next_dagrun for etl_pipeline_final to 2026-01-31 00:00:00+00:00, run_after=2026-02-01 00:00:00+00:00
[2026-02-01T23:50:01.125+0000] {processor.py:183} INFO - Processing /opt/airflow/dags/etl.py took 0.342 seconds
[2026-02-01T23:50:33.660+0000] {processor.py:161} INFO - Started process (PID=47151) to work on /opt/airflow/dags/etl.py
[2026-02-01T23:50:33.661+0000] {processor.py:830} INFO - Processing file /opt/airflow/dags/etl.py for tasks to queue
[2026-02-01T23:50:33.663+0000] {logging_mixin.py:188} INFO - [2026-02-01T23:50:33.663+0000] {dagbag.py:545} INFO - Filling up the DagBag from /opt/airflow/dags/etl.py
[2026-02-01T23:50:34.030+0000] {processor.py:840} INFO - DAG(s) 'etl_pipeline_final' retrieved from /opt/airflow/dags/etl.py
[2026-02-01T23:50:34.055+0000] {logging_mixin.py:188} INFO - [2026-02-01T23:50:34.055+0000] {dag.py:3096} INFO - Sync 1 DAGs
[2026-02-01T23:50:34.076+0000] {logging_mixin.py:188} INFO - [2026-02-01T23:50:34.075+0000] {dag.py:3954} INFO - Setting next_dagrun for etl_pipeline_final to 2026-01-31 00:00:00+00:00, run_after=2026-02-01 00:00:00+00:00
[2026-02-01T23:50:34.096+0000] {processor.py:183} INFO - Processing /opt/airflow/dags/etl.py took 0.440 seconds
[2026-02-01T23:51:07.098+0000] {processor.py:161} INFO - Started process (PID=47198) to work on /opt/airflow/dags/etl.py
[2026-02-01T23:51:07.101+0000] {processor.py:830} INFO - Processing file /opt/airflow/dags/etl.py for tasks to queue
[2026-02-01T23:51:07.113+0000] {logging_mixin.py:188} INFO - [2026-02-01T23:51:07.112+0000] {dagbag.py:545} INFO - Filling up the DagBag from /opt/airflow/dags/etl.py
[2026-02-01T23:51:08.162+0000] {processor.py:840} INFO - DAG(s) 'etl_pipeline_final' retrieved from /opt/airflow/dags/etl.py
[2026-02-01T23:51:08.196+0000] {logging_mixin.py:188} INFO - [2026-02-01T23:51:08.195+0000] {dag.py:3096} INFO - Sync 1 DAGs
[2026-02-01T23:51:08.227+0000] {logging_mixin.py:188} INFO - [2026-02-01T23:51:08.227+0000] {dag.py:3954} INFO - Setting next_dagrun for etl_pipeline_final to 2026-01-31 00:00:00+00:00, run_after=2026-02-01 00:00:00+00:00
[2026-02-01T23:51:08.255+0000] {processor.py:183} INFO - Processing /opt/airflow/dags/etl.py took 1.179 seconds
[2026-02-01T23:51:40.559+0000] {processor.py:161} INFO - Started process (PID=47245) to work on /opt/airflow/dags/etl.py
[2026-02-01T23:51:40.560+0000] {processor.py:830} INFO - Processing file /opt/airflow/dags/etl.py for tasks to queue
[2026-02-01T23:51:40.561+0000] {logging_mixin.py:188} INFO - [2026-02-01T23:51:40.561+0000] {dagbag.py:545} INFO - Filling up the DagBag from /opt/airflow/dags/etl.py
[2026-02-01T23:51:40.879+0000] {processor.py:840} INFO - DAG(s) 'etl_pipeline_final' retrieved from /opt/airflow/dags/etl.py
[2026-02-01T23:51:40.899+0000] {logging_mixin.py:188} INFO - [2026-02-01T23:51:40.899+0000] {dag.py:3096} INFO - Sync 1 DAGs
[2026-02-01T23:51:40.915+0000] {logging_mixin.py:188} INFO - [2026-02-01T23:51:40.915+0000] {dag.py:3954} INFO - Setting next_dagrun for etl_pipeline_final to 2026-01-31 00:00:00+00:00, run_after=2026-02-01 00:00:00+00:00
[2026-02-01T23:51:40.933+0000] {processor.py:183} INFO - Processing /opt/airflow/dags/etl.py took 0.378 seconds
[2026-02-01T23:52:13.817+0000] {processor.py:161} INFO - Started process (PID=47292) to work on /opt/airflow/dags/etl.py
[2026-02-01T23:52:13.819+0000] {processor.py:830} INFO - Processing file /opt/airflow/dags/etl.py for tasks to queue
[2026-02-01T23:52:13.822+0000] {logging_mixin.py:188} INFO - [2026-02-01T23:52:13.822+0000] {dagbag.py:545} INFO - Filling up the DagBag from /opt/airflow/dags/etl.py
[2026-02-01T23:52:14.225+0000] {processor.py:840} INFO - DAG(s) 'etl_pipeline_final' retrieved from /opt/airflow/dags/etl.py
[2026-02-01T23:52:14.251+0000] {logging_mixin.py:188} INFO - [2026-02-01T23:52:14.250+0000] {dag.py:3096} INFO - Sync 1 DAGs
[2026-02-01T23:52:14.270+0000] {logging_mixin.py:188} INFO - [2026-02-01T23:52:14.270+0000] {dag.py:3954} INFO - Setting next_dagrun for etl_pipeline_final to 2026-01-31 00:00:00+00:00, run_after=2026-02-01 00:00:00+00:00
[2026-02-01T23:52:14.290+0000] {processor.py:183} INFO - Processing /opt/airflow/dags/etl.py took 0.481 seconds
[2026-02-01T23:52:47.793+0000] {processor.py:161} INFO - Started process (PID=47339) to work on /opt/airflow/dags/etl.py
[2026-02-01T23:52:47.795+0000] {processor.py:830} INFO - Processing file /opt/airflow/dags/etl.py for tasks to queue
[2026-02-01T23:52:47.798+0000] {logging_mixin.py:188} INFO - [2026-02-01T23:52:47.798+0000] {dagbag.py:545} INFO - Filling up the DagBag from /opt/airflow/dags/etl.py
[2026-02-01T23:52:48.274+0000] {processor.py:840} INFO - DAG(s) 'etl_pipeline_final' retrieved from /opt/airflow/dags/etl.py
[2026-02-01T23:52:48.305+0000] {logging_mixin.py:188} INFO - [2026-02-01T23:52:48.304+0000] {dag.py:3096} INFO - Sync 1 DAGs
[2026-02-01T23:52:48.327+0000] {logging_mixin.py:188} INFO - [2026-02-01T23:52:48.326+0000] {dag.py:3954} INFO - Setting next_dagrun for etl_pipeline_final to 2026-01-31 00:00:00+00:00, run_after=2026-02-01 00:00:00+00:00
[2026-02-01T23:52:48.358+0000] {processor.py:183} INFO - Processing /opt/airflow/dags/etl.py took 0.574 seconds
[2026-02-01T23:53:20.486+0000] {processor.py:161} INFO - Started process (PID=47386) to work on /opt/airflow/dags/etl.py
[2026-02-01T23:53:20.489+0000] {processor.py:830} INFO - Processing file /opt/airflow/dags/etl.py for tasks to queue
[2026-02-01T23:53:20.492+0000] {logging_mixin.py:188} INFO - [2026-02-01T23:53:20.492+0000] {dagbag.py:545} INFO - Filling up the DagBag from /opt/airflow/dags/etl.py
[2026-02-01T23:53:21.057+0000] {processor.py:840} INFO - DAG(s) 'etl_pipeline_final' retrieved from /opt/airflow/dags/etl.py
[2026-02-01T23:53:21.096+0000] {logging_mixin.py:188} INFO - [2026-02-01T23:53:21.095+0000] {dag.py:3096} INFO - Sync 1 DAGs
[2026-02-01T23:53:21.126+0000] {logging_mixin.py:188} INFO - [2026-02-01T23:53:21.125+0000] {dag.py:3954} INFO - Setting next_dagrun for etl_pipeline_final to 2026-01-31 00:00:00+00:00, run_after=2026-02-01 00:00:00+00:00
[2026-02-01T23:53:21.164+0000] {processor.py:183} INFO - Processing /opt/airflow/dags/etl.py took 0.684 seconds
[2026-02-01T23:53:53.996+0000] {processor.py:161} INFO - Started process (PID=47434) to work on /opt/airflow/dags/etl.py
[2026-02-01T23:53:53.997+0000] {processor.py:830} INFO - Processing file /opt/airflow/dags/etl.py for tasks to queue
[2026-02-01T23:53:53.999+0000] {logging_mixin.py:188} INFO - [2026-02-01T23:53:53.999+0000] {dagbag.py:545} INFO - Filling up the DagBag from /opt/airflow/dags/etl.py
[2026-02-01T23:53:54.412+0000] {processor.py:840} INFO - DAG(s) 'etl_pipeline_final' retrieved from /opt/airflow/dags/etl.py
[2026-02-01T23:53:54.445+0000] {logging_mixin.py:188} INFO - [2026-02-01T23:53:54.444+0000] {dag.py:3096} INFO - Sync 1 DAGs
[2026-02-01T23:53:54.472+0000] {logging_mixin.py:188} INFO - [2026-02-01T23:53:54.471+0000] {dag.py:3954} INFO - Setting next_dagrun for etl_pipeline_final to 2026-01-31 00:00:00+00:00, run_after=2026-02-01 00:00:00+00:00
[2026-02-01T23:53:54.496+0000] {processor.py:183} INFO - Processing /opt/airflow/dags/etl.py took 0.506 seconds
[2026-02-01T23:54:28.574+0000] {processor.py:161} INFO - Started process (PID=47478) to work on /opt/airflow/dags/etl.py
[2026-02-01T23:54:28.581+0000] {processor.py:830} INFO - Processing file /opt/airflow/dags/etl.py for tasks to queue
[2026-02-01T23:54:28.584+0000] {logging_mixin.py:188} INFO - [2026-02-01T23:54:28.584+0000] {dagbag.py:545} INFO - Filling up the DagBag from /opt/airflow/dags/etl.py
[2026-02-01T23:54:28.915+0000] {processor.py:840} INFO - DAG(s) 'etl_pipeline_final' retrieved from /opt/airflow/dags/etl.py
[2026-02-01T23:54:28.932+0000] {logging_mixin.py:188} INFO - [2026-02-01T23:54:28.932+0000] {dag.py:3096} INFO - Sync 1 DAGs
[2026-02-01T23:54:28.948+0000] {logging_mixin.py:188} INFO - [2026-02-01T23:54:28.948+0000] {dag.py:3954} INFO - Setting next_dagrun for etl_pipeline_final to 2026-01-31 00:00:00+00:00, run_after=2026-02-01 00:00:00+00:00
[2026-02-01T23:54:28.966+0000] {processor.py:183} INFO - Processing /opt/airflow/dags/etl.py took 0.398 seconds
[2026-02-01T23:55:02.152+0000] {processor.py:161} INFO - Started process (PID=47525) to work on /opt/airflow/dags/etl.py
[2026-02-01T23:55:02.153+0000] {processor.py:830} INFO - Processing file /opt/airflow/dags/etl.py for tasks to queue
[2026-02-01T23:55:02.156+0000] {logging_mixin.py:188} INFO - [2026-02-01T23:55:02.155+0000] {dagbag.py:545} INFO - Filling up the DagBag from /opt/airflow/dags/etl.py
[2026-02-01T23:55:02.632+0000] {processor.py:840} INFO - DAG(s) 'etl_pipeline_final' retrieved from /opt/airflow/dags/etl.py
[2026-02-01T23:55:02.668+0000] {logging_mixin.py:188} INFO - [2026-02-01T23:55:02.666+0000] {dag.py:3096} INFO - Sync 1 DAGs
[2026-02-01T23:55:02.695+0000] {logging_mixin.py:188} INFO - [2026-02-01T23:55:02.695+0000] {dag.py:3954} INFO - Setting next_dagrun for etl_pipeline_final to 2026-01-31 00:00:00+00:00, run_after=2026-02-01 00:00:00+00:00
[2026-02-01T23:55:02.726+0000] {processor.py:183} INFO - Processing /opt/airflow/dags/etl.py took 0.578 seconds
[2026-02-01T23:55:33.745+0000] {processor.py:161} INFO - Started process (PID=47553) to work on /opt/airflow/dags/etl.py
[2026-02-01T23:55:33.746+0000] {processor.py:830} INFO - Processing file /opt/airflow/dags/etl.py for tasks to queue
[2026-02-01T23:55:33.747+0000] {logging_mixin.py:188} INFO - [2026-02-01T23:55:33.746+0000] {dagbag.py:545} INFO - Filling up the DagBag from /opt/airflow/dags/etl.py
[2026-02-01T23:55:34.045+0000] {processor.py:840} INFO - DAG(s) 'etl_pipeline_final' retrieved from /opt/airflow/dags/etl.py
[2026-02-01T23:55:34.065+0000] {logging_mixin.py:188} INFO - [2026-02-01T23:55:34.064+0000] {dag.py:3096} INFO - Sync 1 DAGs
[2026-02-01T23:55:34.078+0000] {logging_mixin.py:188} INFO - [2026-02-01T23:55:34.078+0000] {dag.py:3954} INFO - Setting next_dagrun for etl_pipeline_final to 2026-01-31 00:00:00+00:00, run_after=2026-02-01 00:00:00+00:00
[2026-02-01T23:55:34.095+0000] {processor.py:183} INFO - Processing /opt/airflow/dags/etl.py took 0.355 seconds
[2026-02-01T23:56:07.232+0000] {processor.py:161} INFO - Started process (PID=47600) to work on /opt/airflow/dags/etl.py
[2026-02-01T23:56:07.232+0000] {processor.py:830} INFO - Processing file /opt/airflow/dags/etl.py for tasks to queue
[2026-02-01T23:56:07.234+0000] {logging_mixin.py:188} INFO - [2026-02-01T23:56:07.233+0000] {dagbag.py:545} INFO - Filling up the DagBag from /opt/airflow/dags/etl.py
[2026-02-01T23:56:07.566+0000] {processor.py:840} INFO - DAG(s) 'etl_pipeline_final' retrieved from /opt/airflow/dags/etl.py
[2026-02-01T23:56:07.591+0000] {logging_mixin.py:188} INFO - [2026-02-01T23:56:07.591+0000] {dag.py:3096} INFO - Sync 1 DAGs
[2026-02-01T23:56:07.607+0000] {logging_mixin.py:188} INFO - [2026-02-01T23:56:07.607+0000] {dag.py:3954} INFO - Setting next_dagrun for etl_pipeline_final to 2026-01-31 00:00:00+00:00, run_after=2026-02-01 00:00:00+00:00
[2026-02-01T23:56:07.626+0000] {processor.py:183} INFO - Processing /opt/airflow/dags/etl.py took 0.400 seconds
[2026-02-01T23:56:41.124+0000] {processor.py:161} INFO - Started process (PID=47647) to work on /opt/airflow/dags/etl.py
[2026-02-01T23:56:41.126+0000] {processor.py:830} INFO - Processing file /opt/airflow/dags/etl.py for tasks to queue
[2026-02-01T23:56:41.127+0000] {logging_mixin.py:188} INFO - [2026-02-01T23:56:41.127+0000] {dagbag.py:545} INFO - Filling up the DagBag from /opt/airflow/dags/etl.py
[2026-02-01T23:56:41.411+0000] {processor.py:840} INFO - DAG(s) 'etl_pipeline_final' retrieved from /opt/airflow/dags/etl.py
[2026-02-01T23:56:41.427+0000] {logging_mixin.py:188} INFO - [2026-02-01T23:56:41.426+0000] {dag.py:3096} INFO - Sync 1 DAGs
[2026-02-01T23:56:41.440+0000] {logging_mixin.py:188} INFO - [2026-02-01T23:56:41.440+0000] {dag.py:3954} INFO - Setting next_dagrun for etl_pipeline_final to 2026-01-31 00:00:00+00:00, run_after=2026-02-01 00:00:00+00:00
[2026-02-01T23:56:41.455+0000] {processor.py:183} INFO - Processing /opt/airflow/dags/etl.py took 0.336 seconds
[2026-02-01T23:57:14.046+0000] {processor.py:161} INFO - Started process (PID=47694) to work on /opt/airflow/dags/etl.py
[2026-02-01T23:57:14.047+0000] {processor.py:830} INFO - Processing file /opt/airflow/dags/etl.py for tasks to queue
[2026-02-01T23:57:14.048+0000] {logging_mixin.py:188} INFO - [2026-02-01T23:57:14.048+0000] {dagbag.py:545} INFO - Filling up the DagBag from /opt/airflow/dags/etl.py
[2026-02-01T23:57:14.353+0000] {processor.py:840} INFO - DAG(s) 'etl_pipeline_final' retrieved from /opt/airflow/dags/etl.py
[2026-02-01T23:57:14.375+0000] {logging_mixin.py:188} INFO - [2026-02-01T23:57:14.375+0000] {dag.py:3096} INFO - Sync 1 DAGs
[2026-02-01T23:57:14.392+0000] {logging_mixin.py:188} INFO - [2026-02-01T23:57:14.392+0000] {dag.py:3954} INFO - Setting next_dagrun for etl_pipeline_final to 2026-01-31 00:00:00+00:00, run_after=2026-02-01 00:00:00+00:00
[2026-02-01T23:57:14.411+0000] {processor.py:183} INFO - Processing /opt/airflow/dags/etl.py took 0.369 seconds
[2026-02-01T23:57:47.186+0000] {processor.py:161} INFO - Started process (PID=47741) to work on /opt/airflow/dags/etl.py
[2026-02-01T23:57:47.187+0000] {processor.py:830} INFO - Processing file /opt/airflow/dags/etl.py for tasks to queue
[2026-02-01T23:57:47.188+0000] {logging_mixin.py:188} INFO - [2026-02-01T23:57:47.188+0000] {dagbag.py:545} INFO - Filling up the DagBag from /opt/airflow/dags/etl.py
[2026-02-01T23:57:47.827+0000] {processor.py:840} INFO - DAG(s) 'etl_pipeline_final' retrieved from /opt/airflow/dags/etl.py
[2026-02-01T23:57:47.892+0000] {logging_mixin.py:188} INFO - [2026-02-01T23:57:47.890+0000] {dag.py:3096} INFO - Sync 1 DAGs
[2026-02-01T23:57:47.927+0000] {logging_mixin.py:188} INFO - [2026-02-01T23:57:47.927+0000] {dag.py:3954} INFO - Setting next_dagrun for etl_pipeline_final to 2026-01-31 00:00:00+00:00, run_after=2026-02-01 00:00:00+00:00
[2026-02-01T23:57:47.960+0000] {processor.py:183} INFO - Processing /opt/airflow/dags/etl.py took 0.779 seconds
[2026-02-01T23:58:20.490+0000] {processor.py:161} INFO - Started process (PID=47788) to work on /opt/airflow/dags/etl.py
[2026-02-01T23:58:20.494+0000] {processor.py:830} INFO - Processing file /opt/airflow/dags/etl.py for tasks to queue
[2026-02-01T23:58:20.497+0000] {logging_mixin.py:188} INFO - [2026-02-01T23:58:20.497+0000] {dagbag.py:545} INFO - Filling up the DagBag from /opt/airflow/dags/etl.py
[2026-02-01T23:58:21.116+0000] {processor.py:840} INFO - DAG(s) 'etl_pipeline_final' retrieved from /opt/airflow/dags/etl.py
[2026-02-01T23:58:21.148+0000] {logging_mixin.py:188} INFO - [2026-02-01T23:58:21.147+0000] {dag.py:3096} INFO - Sync 1 DAGs
[2026-02-01T23:58:21.176+0000] {logging_mixin.py:188} INFO - [2026-02-01T23:58:21.175+0000] {dag.py:3954} INFO - Setting next_dagrun for etl_pipeline_final to 2026-01-31 00:00:00+00:00, run_after=2026-02-01 00:00:00+00:00
[2026-02-01T23:58:21.204+0000] {processor.py:183} INFO - Processing /opt/airflow/dags/etl.py took 0.723 seconds
[2026-02-01T23:58:53.780+0000] {processor.py:161} INFO - Started process (PID=47835) to work on /opt/airflow/dags/etl.py
[2026-02-01T23:58:53.781+0000] {processor.py:830} INFO - Processing file /opt/airflow/dags/etl.py for tasks to queue
[2026-02-01T23:58:53.783+0000] {logging_mixin.py:188} INFO - [2026-02-01T23:58:53.783+0000] {dagbag.py:545} INFO - Filling up the DagBag from /opt/airflow/dags/etl.py
[2026-02-01T23:58:54.177+0000] {processor.py:840} INFO - DAG(s) 'etl_pipeline_final' retrieved from /opt/airflow/dags/etl.py
[2026-02-01T23:58:54.205+0000] {logging_mixin.py:188} INFO - [2026-02-01T23:58:54.204+0000] {dag.py:3096} INFO - Sync 1 DAGs
[2026-02-01T23:58:54.227+0000] {logging_mixin.py:188} INFO - [2026-02-01T23:58:54.226+0000] {dag.py:3954} INFO - Setting next_dagrun for etl_pipeline_final to 2026-01-31 00:00:00+00:00, run_after=2026-02-01 00:00:00+00:00
[2026-02-01T23:58:54.248+0000] {processor.py:183} INFO - Processing /opt/airflow/dags/etl.py took 0.473 seconds
[2026-02-01T23:59:27.302+0000] {processor.py:161} INFO - Started process (PID=47882) to work on /opt/airflow/dags/etl.py
[2026-02-01T23:59:27.303+0000] {processor.py:830} INFO - Processing file /opt/airflow/dags/etl.py for tasks to queue
[2026-02-01T23:59:27.305+0000] {logging_mixin.py:188} INFO - [2026-02-01T23:59:27.305+0000] {dagbag.py:545} INFO - Filling up the DagBag from /opt/airflow/dags/etl.py
[2026-02-01T23:59:27.829+0000] {processor.py:840} INFO - DAG(s) 'etl_pipeline_final' retrieved from /opt/airflow/dags/etl.py
[2026-02-01T23:59:27.873+0000] {logging_mixin.py:188} INFO - [2026-02-01T23:59:27.872+0000] {dag.py:3096} INFO - Sync 1 DAGs
[2026-02-01T23:59:27.901+0000] {logging_mixin.py:188} INFO - [2026-02-01T23:59:27.900+0000] {dag.py:3954} INFO - Setting next_dagrun for etl_pipeline_final to 2026-01-31 00:00:00+00:00, run_after=2026-02-01 00:00:00+00:00
[2026-02-01T23:59:27.929+0000] {processor.py:183} INFO - Processing /opt/airflow/dags/etl.py took 0.631 seconds
