[2026-02-01T18:05:34.910+0000] {processor.py:161} INFO - Started process (PID=18431) to work on /opt/airflow/dags/feature_store.py
[2026-02-01T18:05:34.912+0000] {processor.py:830} INFO - Processing file /opt/airflow/dags/feature_store.py for tasks to queue
[2026-02-01T18:05:34.919+0000] {logging_mixin.py:188} INFO - [2026-02-01T18:05:34.917+0000] {dagbag.py:545} INFO - Filling up the DagBag from /opt/airflow/dags/feature_store.py
[2026-02-01T18:05:43.647+0000] {logging_mixin.py:188} WARNING - /opt/airflow/dags/feature_store.py:64 RemovedInAirflow3Warning: Param `schedule_interval` is deprecated and will be removed in a future release. Please use `schedule` instead.
[2026-02-01T18:05:43.671+0000] {processor.py:840} INFO - DAG(s) 'feature_store_cre' retrieved from /opt/airflow/dags/feature_store.py
[2026-02-01T18:05:43.739+0000] {logging_mixin.py:188} INFO - [2026-02-01T18:05:43.738+0000] {dag.py:3096} INFO - Sync 1 DAGs
[2026-02-01T18:05:43.818+0000] {logging_mixin.py:188} INFO - [2026-02-01T18:05:43.818+0000] {dag.py:3954} INFO - Setting next_dagrun for feature_store_cre to 2026-01-31 00:00:00+00:00, run_after=2026-02-01 00:00:00+00:00
[2026-02-01T18:05:43.905+0000] {processor.py:183} INFO - Processing /opt/airflow/dags/feature_store.py took 9.019 seconds
[2026-02-01T18:06:14.055+0000] {processor.py:161} INFO - Started process (PID=18478) to work on /opt/airflow/dags/feature_store.py
[2026-02-01T18:06:14.057+0000] {processor.py:830} INFO - Processing file /opt/airflow/dags/feature_store.py for tasks to queue
[2026-02-01T18:06:14.064+0000] {logging_mixin.py:188} INFO - [2026-02-01T18:06:14.063+0000] {dagbag.py:545} INFO - Filling up the DagBag from /opt/airflow/dags/feature_store.py
[2026-02-01T18:06:20.113+0000] {logging_mixin.py:188} WARNING - /opt/airflow/dags/feature_store.py:64 RemovedInAirflow3Warning: Param `schedule_interval` is deprecated and will be removed in a future release. Please use `schedule` instead.
[2026-02-01T18:06:20.122+0000] {processor.py:840} INFO - DAG(s) 'feature_store_cre' retrieved from /opt/airflow/dags/feature_store.py
[2026-02-01T18:06:20.154+0000] {logging_mixin.py:188} INFO - [2026-02-01T18:06:20.153+0000] {dag.py:3096} INFO - Sync 1 DAGs
[2026-02-01T18:06:20.179+0000] {logging_mixin.py:188} INFO - [2026-02-01T18:06:20.178+0000] {dag.py:3954} INFO - Setting next_dagrun for feature_store_cre to 2026-01-31 00:00:00+00:00, run_after=2026-02-01 00:00:00+00:00
[2026-02-01T18:06:20.208+0000] {processor.py:183} INFO - Processing /opt/airflow/dags/feature_store.py took 4.545 seconds
[2026-02-01T18:06:51.164+0000] {processor.py:161} INFO - Started process (PID=18525) to work on /opt/airflow/dags/feature_store.py
[2026-02-01T18:06:51.165+0000] {processor.py:830} INFO - Processing file /opt/airflow/dags/feature_store.py for tasks to queue
[2026-02-01T18:06:51.167+0000] {logging_mixin.py:188} INFO - [2026-02-01T18:06:51.166+0000] {dagbag.py:545} INFO - Filling up the DagBag from /opt/airflow/dags/feature_store.py
[2026-02-01T18:06:53.660+0000] {logging_mixin.py:188} WARNING - /opt/airflow/dags/feature_store.py:64 RemovedInAirflow3Warning: Param `schedule_interval` is deprecated and will be removed in a future release. Please use `schedule` instead.
[2026-02-01T18:06:53.666+0000] {processor.py:840} INFO - DAG(s) 'feature_store_cre' retrieved from /opt/airflow/dags/feature_store.py
[2026-02-01T18:06:53.693+0000] {logging_mixin.py:188} INFO - [2026-02-01T18:06:53.692+0000] {dag.py:3096} INFO - Sync 1 DAGs
[2026-02-01T18:06:53.712+0000] {logging_mixin.py:188} INFO - [2026-02-01T18:06:53.712+0000] {dag.py:3954} INFO - Setting next_dagrun for feature_store_cre to 2026-01-31 00:00:00+00:00, run_after=2026-02-01 00:00:00+00:00
[2026-02-01T18:06:53.733+0000] {processor.py:183} INFO - Processing /opt/airflow/dags/feature_store.py took 2.576 seconds
[2026-02-01T18:07:24.413+0000] {processor.py:161} INFO - Started process (PID=18572) to work on /opt/airflow/dags/feature_store.py
[2026-02-01T18:07:24.416+0000] {processor.py:830} INFO - Processing file /opt/airflow/dags/feature_store.py for tasks to queue
[2026-02-01T18:07:24.419+0000] {logging_mixin.py:188} INFO - [2026-02-01T18:07:24.419+0000] {dagbag.py:545} INFO - Filling up the DagBag from /opt/airflow/dags/feature_store.py
[2026-02-01T18:07:26.962+0000] {logging_mixin.py:188} WARNING - /opt/airflow/dags/feature_store.py:64 RemovedInAirflow3Warning: Param `schedule_interval` is deprecated and will be removed in a future release. Please use `schedule` instead.
[2026-02-01T18:07:26.966+0000] {processor.py:840} INFO - DAG(s) 'feature_store_cre' retrieved from /opt/airflow/dags/feature_store.py
[2026-02-01T18:07:26.983+0000] {logging_mixin.py:188} INFO - [2026-02-01T18:07:26.983+0000] {dag.py:3096} INFO - Sync 1 DAGs
[2026-02-01T18:07:26.998+0000] {logging_mixin.py:188} INFO - [2026-02-01T18:07:26.998+0000] {dag.py:3954} INFO - Setting next_dagrun for feature_store_cre to 2026-01-31 00:00:00+00:00, run_after=2026-02-01 00:00:00+00:00
[2026-02-01T18:07:27.014+0000] {processor.py:183} INFO - Processing /opt/airflow/dags/feature_store.py took 2.619 seconds
[2026-02-01T18:07:57.807+0000] {processor.py:161} INFO - Started process (PID=18619) to work on /opt/airflow/dags/feature_store.py
[2026-02-01T18:07:57.808+0000] {processor.py:830} INFO - Processing file /opt/airflow/dags/feature_store.py for tasks to queue
[2026-02-01T18:07:57.811+0000] {logging_mixin.py:188} INFO - [2026-02-01T18:07:57.810+0000] {dagbag.py:545} INFO - Filling up the DagBag from /opt/airflow/dags/feature_store.py
[2026-02-01T18:08:01.324+0000] {logging_mixin.py:188} WARNING - /opt/airflow/dags/feature_store.py:64 RemovedInAirflow3Warning: Param `schedule_interval` is deprecated and will be removed in a future release. Please use `schedule` instead.
[2026-02-01T18:08:01.345+0000] {processor.py:840} INFO - DAG(s) 'feature_store_cre' retrieved from /opt/airflow/dags/feature_store.py
[2026-02-01T18:08:01.399+0000] {logging_mixin.py:188} INFO - [2026-02-01T18:08:01.398+0000] {dag.py:3096} INFO - Sync 1 DAGs
[2026-02-01T18:08:01.437+0000] {logging_mixin.py:188} INFO - [2026-02-01T18:08:01.437+0000] {dag.py:3954} INFO - Setting next_dagrun for feature_store_cre to 2026-01-31 00:00:00+00:00, run_after=2026-02-01 00:00:00+00:00
[2026-02-01T18:08:01.470+0000] {processor.py:183} INFO - Processing /opt/airflow/dags/feature_store.py took 3.671 seconds
[2026-02-01T18:08:31.520+0000] {processor.py:161} INFO - Started process (PID=18672) to work on /opt/airflow/dags/feature_store.py
[2026-02-01T18:08:31.522+0000] {processor.py:830} INFO - Processing file /opt/airflow/dags/feature_store.py for tasks to queue
[2026-02-01T18:08:31.523+0000] {logging_mixin.py:188} INFO - [2026-02-01T18:08:31.523+0000] {dagbag.py:545} INFO - Filling up the DagBag from /opt/airflow/dags/feature_store.py
[2026-02-01T18:08:33.570+0000] {logging_mixin.py:188} WARNING - /opt/airflow/dags/feature_store.py:64 RemovedInAirflow3Warning: Param `schedule_interval` is deprecated and will be removed in a future release. Please use `schedule` instead.
[2026-02-01T18:08:33.575+0000] {processor.py:840} INFO - DAG(s) 'feature_store_cre' retrieved from /opt/airflow/dags/feature_store.py
[2026-02-01T18:08:33.596+0000] {logging_mixin.py:188} INFO - [2026-02-01T18:08:33.596+0000] {dag.py:3096} INFO - Sync 1 DAGs
[2026-02-01T18:08:33.612+0000] {logging_mixin.py:188} INFO - [2026-02-01T18:08:33.612+0000] {dag.py:3954} INFO - Setting next_dagrun for feature_store_cre to 2026-01-31 00:00:00+00:00, run_after=2026-02-01 00:00:00+00:00
[2026-02-01T18:08:33.628+0000] {processor.py:183} INFO - Processing /opt/airflow/dags/feature_store.py took 2.113 seconds
[2026-02-01T18:09:04.085+0000] {processor.py:161} INFO - Started process (PID=18713) to work on /opt/airflow/dags/feature_store.py
[2026-02-01T18:09:04.085+0000] {processor.py:830} INFO - Processing file /opt/airflow/dags/feature_store.py for tasks to queue
[2026-02-01T18:09:04.087+0000] {logging_mixin.py:188} INFO - [2026-02-01T18:09:04.087+0000] {dagbag.py:545} INFO - Filling up the DagBag from /opt/airflow/dags/feature_store.py
[2026-02-01T18:09:06.763+0000] {logging_mixin.py:188} WARNING - /opt/airflow/dags/feature_store.py:64 RemovedInAirflow3Warning: Param `schedule_interval` is deprecated and will be removed in a future release. Please use `schedule` instead.
[2026-02-01T18:09:06.770+0000] {processor.py:840} INFO - DAG(s) 'feature_store_cre' retrieved from /opt/airflow/dags/feature_store.py
[2026-02-01T18:09:06.797+0000] {logging_mixin.py:188} INFO - [2026-02-01T18:09:06.796+0000] {dag.py:3096} INFO - Sync 1 DAGs
[2026-02-01T18:09:06.820+0000] {logging_mixin.py:188} INFO - [2026-02-01T18:09:06.820+0000] {dag.py:3954} INFO - Setting next_dagrun for feature_store_cre to 2026-01-31 00:00:00+00:00, run_after=2026-02-01 00:00:00+00:00
[2026-02-01T18:09:06.848+0000] {processor.py:183} INFO - Processing /opt/airflow/dags/feature_store.py took 2.769 seconds
[2026-02-01T18:09:37.824+0000] {processor.py:161} INFO - Started process (PID=18760) to work on /opt/airflow/dags/feature_store.py
[2026-02-01T18:09:37.825+0000] {processor.py:830} INFO - Processing file /opt/airflow/dags/feature_store.py for tasks to queue
[2026-02-01T18:09:37.828+0000] {logging_mixin.py:188} INFO - [2026-02-01T18:09:37.827+0000] {dagbag.py:545} INFO - Filling up the DagBag from /opt/airflow/dags/feature_store.py
[2026-02-01T18:09:40.060+0000] {logging_mixin.py:188} WARNING - /opt/airflow/dags/feature_store.py:64 RemovedInAirflow3Warning: Param `schedule_interval` is deprecated and will be removed in a future release. Please use `schedule` instead.
[2026-02-01T18:09:40.064+0000] {processor.py:840} INFO - DAG(s) 'feature_store_cre' retrieved from /opt/airflow/dags/feature_store.py
[2026-02-01T18:09:40.081+0000] {logging_mixin.py:188} INFO - [2026-02-01T18:09:40.081+0000] {dag.py:3096} INFO - Sync 1 DAGs
[2026-02-01T18:09:40.097+0000] {logging_mixin.py:188} INFO - [2026-02-01T18:09:40.097+0000] {dag.py:3954} INFO - Setting next_dagrun for feature_store_cre to 2026-01-31 00:00:00+00:00, run_after=2026-02-01 00:00:00+00:00
[2026-02-01T18:09:40.113+0000] {processor.py:183} INFO - Processing /opt/airflow/dags/feature_store.py took 2.295 seconds
[2026-02-01T18:10:10.595+0000] {processor.py:161} INFO - Started process (PID=18807) to work on /opt/airflow/dags/feature_store.py
[2026-02-01T18:10:10.596+0000] {processor.py:830} INFO - Processing file /opt/airflow/dags/feature_store.py for tasks to queue
[2026-02-01T18:10:10.598+0000] {logging_mixin.py:188} INFO - [2026-02-01T18:10:10.597+0000] {dagbag.py:545} INFO - Filling up the DagBag from /opt/airflow/dags/feature_store.py
[2026-02-01T18:10:12.410+0000] {logging_mixin.py:188} WARNING - /opt/airflow/dags/feature_store.py:64 RemovedInAirflow3Warning: Param `schedule_interval` is deprecated and will be removed in a future release. Please use `schedule` instead.
[2026-02-01T18:10:12.414+0000] {processor.py:840} INFO - DAG(s) 'feature_store_cre' retrieved from /opt/airflow/dags/feature_store.py
[2026-02-01T18:10:12.431+0000] {logging_mixin.py:188} INFO - [2026-02-01T18:10:12.430+0000] {dag.py:3096} INFO - Sync 1 DAGs
[2026-02-01T18:10:12.448+0000] {logging_mixin.py:188} INFO - [2026-02-01T18:10:12.448+0000] {dag.py:3954} INFO - Setting next_dagrun for feature_store_cre to 2026-01-31 00:00:00+00:00, run_after=2026-02-01 00:00:00+00:00
[2026-02-01T18:10:12.464+0000] {processor.py:183} INFO - Processing /opt/airflow/dags/feature_store.py took 1.873 seconds
[2026-02-01T18:10:44.329+0000] {processor.py:161} INFO - Started process (PID=18854) to work on /opt/airflow/dags/feature_store.py
[2026-02-01T18:10:44.332+0000] {processor.py:830} INFO - Processing file /opt/airflow/dags/feature_store.py for tasks to queue
[2026-02-01T18:10:44.335+0000] {logging_mixin.py:188} INFO - [2026-02-01T18:10:44.334+0000] {dagbag.py:545} INFO - Filling up the DagBag from /opt/airflow/dags/feature_store.py
[2026-02-01T18:10:46.113+0000] {logging_mixin.py:188} WARNING - /opt/airflow/dags/feature_store.py:64 RemovedInAirflow3Warning: Param `schedule_interval` is deprecated and will be removed in a future release. Please use `schedule` instead.
[2026-02-01T18:10:46.118+0000] {processor.py:840} INFO - DAG(s) 'feature_store_cre' retrieved from /opt/airflow/dags/feature_store.py
[2026-02-01T18:10:46.140+0000] {logging_mixin.py:188} INFO - [2026-02-01T18:10:46.139+0000] {dag.py:3096} INFO - Sync 1 DAGs
[2026-02-01T18:10:46.158+0000] {logging_mixin.py:188} INFO - [2026-02-01T18:10:46.158+0000] {dag.py:3954} INFO - Setting next_dagrun for feature_store_cre to 2026-01-31 00:00:00+00:00, run_after=2026-02-01 00:00:00+00:00
[2026-02-01T18:10:46.177+0000] {processor.py:183} INFO - Processing /opt/airflow/dags/feature_store.py took 1.853 seconds
[2026-02-01T18:11:17.360+0000] {processor.py:161} INFO - Started process (PID=18901) to work on /opt/airflow/dags/feature_store.py
[2026-02-01T18:11:17.360+0000] {processor.py:830} INFO - Processing file /opt/airflow/dags/feature_store.py for tasks to queue
[2026-02-01T18:11:17.362+0000] {logging_mixin.py:188} INFO - [2026-02-01T18:11:17.361+0000] {dagbag.py:545} INFO - Filling up the DagBag from /opt/airflow/dags/feature_store.py
[2026-02-01T18:11:19.594+0000] {logging_mixin.py:188} WARNING - /opt/airflow/dags/feature_store.py:64 RemovedInAirflow3Warning: Param `schedule_interval` is deprecated and will be removed in a future release. Please use `schedule` instead.
[2026-02-01T18:11:19.602+0000] {processor.py:840} INFO - DAG(s) 'feature_store_cre' retrieved from /opt/airflow/dags/feature_store.py
[2026-02-01T18:11:19.633+0000] {logging_mixin.py:188} INFO - [2026-02-01T18:11:19.633+0000] {dag.py:3096} INFO - Sync 1 DAGs
[2026-02-01T18:11:19.666+0000] {logging_mixin.py:188} INFO - [2026-02-01T18:11:19.665+0000] {dag.py:3954} INFO - Setting next_dagrun for feature_store_cre to 2026-01-31 00:00:00+00:00, run_after=2026-02-01 00:00:00+00:00
[2026-02-01T18:11:19.697+0000] {processor.py:183} INFO - Processing /opt/airflow/dags/feature_store.py took 2.342 seconds
[2026-02-01T18:11:50.744+0000] {processor.py:161} INFO - Started process (PID=18949) to work on /opt/airflow/dags/feature_store.py
[2026-02-01T18:11:50.746+0000] {processor.py:830} INFO - Processing file /opt/airflow/dags/feature_store.py for tasks to queue
[2026-02-01T18:11:50.748+0000] {logging_mixin.py:188} INFO - [2026-02-01T18:11:50.748+0000] {dagbag.py:545} INFO - Filling up the DagBag from /opt/airflow/dags/feature_store.py
[2026-02-01T18:11:52.994+0000] {logging_mixin.py:188} WARNING - /opt/airflow/dags/feature_store.py:64 RemovedInAirflow3Warning: Param `schedule_interval` is deprecated and will be removed in a future release. Please use `schedule` instead.
[2026-02-01T18:11:52.999+0000] {processor.py:840} INFO - DAG(s) 'feature_store_cre' retrieved from /opt/airflow/dags/feature_store.py
[2026-02-01T18:11:53.021+0000] {logging_mixin.py:188} INFO - [2026-02-01T18:11:53.021+0000] {dag.py:3096} INFO - Sync 1 DAGs
[2026-02-01T18:11:53.038+0000] {logging_mixin.py:188} INFO - [2026-02-01T18:11:53.038+0000] {dag.py:3954} INFO - Setting next_dagrun for feature_store_cre to 2026-01-31 00:00:00+00:00, run_after=2026-02-01 00:00:00+00:00
[2026-02-01T18:11:53.059+0000] {processor.py:183} INFO - Processing /opt/airflow/dags/feature_store.py took 2.322 seconds
[2026-02-01T18:12:23.910+0000] {processor.py:161} INFO - Started process (PID=18978) to work on /opt/airflow/dags/feature_store.py
[2026-02-01T18:12:23.911+0000] {processor.py:830} INFO - Processing file /opt/airflow/dags/feature_store.py for tasks to queue
[2026-02-01T18:12:23.914+0000] {logging_mixin.py:188} INFO - [2026-02-01T18:12:23.913+0000] {dagbag.py:545} INFO - Filling up the DagBag from /opt/airflow/dags/feature_store.py
[2026-02-01T18:12:26.514+0000] {logging_mixin.py:188} WARNING - /opt/airflow/dags/feature_store.py:64 RemovedInAirflow3Warning: Param `schedule_interval` is deprecated and will be removed in a future release. Please use `schedule` instead.
[2026-02-01T18:12:26.523+0000] {processor.py:840} INFO - DAG(s) 'feature_store_cre' retrieved from /opt/airflow/dags/feature_store.py
[2026-02-01T18:12:26.561+0000] {logging_mixin.py:188} INFO - [2026-02-01T18:12:26.561+0000] {dag.py:3096} INFO - Sync 1 DAGs
[2026-02-01T18:12:26.600+0000] {logging_mixin.py:188} INFO - [2026-02-01T18:12:26.600+0000] {dag.py:3954} INFO - Setting next_dagrun for feature_store_cre to 2026-01-31 00:00:00+00:00, run_after=2026-02-01 00:00:00+00:00
[2026-02-01T18:12:26.637+0000] {processor.py:183} INFO - Processing /opt/airflow/dags/feature_store.py took 2.733 seconds
[2026-02-01T18:12:57.956+0000] {processor.py:161} INFO - Started process (PID=19022) to work on /opt/airflow/dags/feature_store.py
[2026-02-01T18:12:57.959+0000] {processor.py:830} INFO - Processing file /opt/airflow/dags/feature_store.py for tasks to queue
[2026-02-01T18:12:57.961+0000] {logging_mixin.py:188} INFO - [2026-02-01T18:12:57.960+0000] {dagbag.py:545} INFO - Filling up the DagBag from /opt/airflow/dags/feature_store.py
[2026-02-01T18:12:59.396+0000] {logging_mixin.py:188} WARNING - /opt/airflow/dags/feature_store.py:64 RemovedInAirflow3Warning: Param `schedule_interval` is deprecated and will be removed in a future release. Please use `schedule` instead.
[2026-02-01T18:12:59.400+0000] {processor.py:840} INFO - DAG(s) 'feature_store_cre' retrieved from /opt/airflow/dags/feature_store.py
[2026-02-01T18:12:59.426+0000] {logging_mixin.py:188} INFO - [2026-02-01T18:12:59.425+0000] {dag.py:3096} INFO - Sync 1 DAGs
[2026-02-01T18:12:59.448+0000] {logging_mixin.py:188} INFO - [2026-02-01T18:12:59.448+0000] {dag.py:3954} INFO - Setting next_dagrun for feature_store_cre to 2026-01-31 00:00:00+00:00, run_after=2026-02-01 00:00:00+00:00
[2026-02-01T18:12:59.474+0000] {processor.py:183} INFO - Processing /opt/airflow/dags/feature_store.py took 1.522 seconds
[2026-02-01T18:13:29.840+0000] {processor.py:161} INFO - Started process (PID=19075) to work on /opt/airflow/dags/feature_store.py
[2026-02-01T18:13:29.841+0000] {processor.py:830} INFO - Processing file /opt/airflow/dags/feature_store.py for tasks to queue
[2026-02-01T18:13:29.842+0000] {logging_mixin.py:188} INFO - [2026-02-01T18:13:29.842+0000] {dagbag.py:545} INFO - Filling up the DagBag from /opt/airflow/dags/feature_store.py
[2026-02-01T18:13:31.140+0000] {logging_mixin.py:188} WARNING - /opt/airflow/dags/feature_store.py:64 RemovedInAirflow3Warning: Param `schedule_interval` is deprecated and will be removed in a future release. Please use `schedule` instead.
[2026-02-01T18:13:31.143+0000] {processor.py:840} INFO - DAG(s) 'feature_store_cre' retrieved from /opt/airflow/dags/feature_store.py
[2026-02-01T18:13:31.158+0000] {logging_mixin.py:188} INFO - [2026-02-01T18:13:31.158+0000] {dag.py:3096} INFO - Sync 1 DAGs
[2026-02-01T18:13:31.170+0000] {logging_mixin.py:188} INFO - [2026-02-01T18:13:31.170+0000] {dag.py:3954} INFO - Setting next_dagrun for feature_store_cre to 2026-01-31 00:00:00+00:00, run_after=2026-02-01 00:00:00+00:00
[2026-02-01T18:13:31.186+0000] {processor.py:183} INFO - Processing /opt/airflow/dags/feature_store.py took 1.350 seconds
[2026-02-01T18:14:01.718+0000] {processor.py:161} INFO - Started process (PID=19122) to work on /opt/airflow/dags/feature_store.py
[2026-02-01T18:14:01.720+0000] {processor.py:830} INFO - Processing file /opt/airflow/dags/feature_store.py for tasks to queue
[2026-02-01T18:14:01.722+0000] {logging_mixin.py:188} INFO - [2026-02-01T18:14:01.722+0000] {dagbag.py:545} INFO - Filling up the DagBag from /opt/airflow/dags/feature_store.py
[2026-02-01T18:14:03.089+0000] {logging_mixin.py:188} WARNING - /opt/airflow/dags/feature_store.py:64 RemovedInAirflow3Warning: Param `schedule_interval` is deprecated and will be removed in a future release. Please use `schedule` instead.
[2026-02-01T18:14:03.092+0000] {processor.py:840} INFO - DAG(s) 'feature_store_cre' retrieved from /opt/airflow/dags/feature_store.py
[2026-02-01T18:14:03.111+0000] {logging_mixin.py:188} INFO - [2026-02-01T18:14:03.110+0000] {dag.py:3096} INFO - Sync 1 DAGs
[2026-02-01T18:14:03.126+0000] {logging_mixin.py:188} INFO - [2026-02-01T18:14:03.125+0000] {dag.py:3954} INFO - Setting next_dagrun for feature_store_cre to 2026-01-31 00:00:00+00:00, run_after=2026-02-01 00:00:00+00:00
[2026-02-01T18:14:03.140+0000] {processor.py:183} INFO - Processing /opt/airflow/dags/feature_store.py took 1.427 seconds
[2026-02-01T18:14:33.280+0000] {processor.py:161} INFO - Started process (PID=19169) to work on /opt/airflow/dags/feature_store.py
[2026-02-01T18:14:33.281+0000] {processor.py:830} INFO - Processing file /opt/airflow/dags/feature_store.py for tasks to queue
[2026-02-01T18:14:33.282+0000] {logging_mixin.py:188} INFO - [2026-02-01T18:14:33.282+0000] {dagbag.py:545} INFO - Filling up the DagBag from /opt/airflow/dags/feature_store.py
[2026-02-01T18:14:34.850+0000] {logging_mixin.py:188} WARNING - /opt/airflow/dags/feature_store.py:64 RemovedInAirflow3Warning: Param `schedule_interval` is deprecated and will be removed in a future release. Please use `schedule` instead.
[2026-02-01T18:14:34.855+0000] {processor.py:840} INFO - DAG(s) 'feature_store_cre' retrieved from /opt/airflow/dags/feature_store.py
[2026-02-01T18:14:34.873+0000] {logging_mixin.py:188} INFO - [2026-02-01T18:14:34.872+0000] {dag.py:3096} INFO - Sync 1 DAGs
[2026-02-01T18:14:34.888+0000] {logging_mixin.py:188} INFO - [2026-02-01T18:14:34.887+0000] {dag.py:3954} INFO - Setting next_dagrun for feature_store_cre to 2026-01-31 00:00:00+00:00, run_after=2026-02-01 00:00:00+00:00
[2026-02-01T18:14:34.916+0000] {processor.py:183} INFO - Processing /opt/airflow/dags/feature_store.py took 1.642 seconds
[2026-02-01T18:15:05.382+0000] {processor.py:161} INFO - Started process (PID=19216) to work on /opt/airflow/dags/feature_store.py
[2026-02-01T18:15:05.385+0000] {processor.py:830} INFO - Processing file /opt/airflow/dags/feature_store.py for tasks to queue
[2026-02-01T18:15:05.391+0000] {logging_mixin.py:188} INFO - [2026-02-01T18:15:05.388+0000] {dagbag.py:545} INFO - Filling up the DagBag from /opt/airflow/dags/feature_store.py
[2026-02-01T18:15:08.804+0000] {logging_mixin.py:188} WARNING - /opt/airflow/dags/feature_store.py:64 RemovedInAirflow3Warning: Param `schedule_interval` is deprecated and will be removed in a future release. Please use `schedule` instead.
[2026-02-01T18:15:08.809+0000] {processor.py:840} INFO - DAG(s) 'feature_store_cre' retrieved from /opt/airflow/dags/feature_store.py
[2026-02-01T18:15:08.830+0000] {logging_mixin.py:188} INFO - [2026-02-01T18:15:08.829+0000] {dag.py:3096} INFO - Sync 1 DAGs
[2026-02-01T18:15:08.848+0000] {logging_mixin.py:188} INFO - [2026-02-01T18:15:08.848+0000] {dag.py:3954} INFO - Setting next_dagrun for feature_store_cre to 2026-01-31 00:00:00+00:00, run_after=2026-02-01 00:00:00+00:00
[2026-02-01T18:15:08.887+0000] {processor.py:183} INFO - Processing /opt/airflow/dags/feature_store.py took 3.520 seconds
[2026-02-01T18:15:39.426+0000] {processor.py:161} INFO - Started process (PID=19263) to work on /opt/airflow/dags/feature_store.py
[2026-02-01T18:15:39.427+0000] {processor.py:830} INFO - Processing file /opt/airflow/dags/feature_store.py for tasks to queue
[2026-02-01T18:15:39.429+0000] {logging_mixin.py:188} INFO - [2026-02-01T18:15:39.428+0000] {dagbag.py:545} INFO - Filling up the DagBag from /opt/airflow/dags/feature_store.py
[2026-02-01T18:15:40.920+0000] {logging_mixin.py:188} WARNING - /opt/airflow/dags/feature_store.py:64 RemovedInAirflow3Warning: Param `schedule_interval` is deprecated and will be removed in a future release. Please use `schedule` instead.
[2026-02-01T18:15:40.923+0000] {processor.py:840} INFO - DAG(s) 'feature_store_cre' retrieved from /opt/airflow/dags/feature_store.py
[2026-02-01T18:15:40.940+0000] {logging_mixin.py:188} INFO - [2026-02-01T18:15:40.940+0000] {dag.py:3096} INFO - Sync 1 DAGs
[2026-02-01T18:15:40.954+0000] {logging_mixin.py:188} INFO - [2026-02-01T18:15:40.954+0000] {dag.py:3954} INFO - Setting next_dagrun for feature_store_cre to 2026-01-31 00:00:00+00:00, run_after=2026-02-01 00:00:00+00:00
[2026-02-01T18:15:40.995+0000] {processor.py:183} INFO - Processing /opt/airflow/dags/feature_store.py took 1.574 seconds
[2026-02-01T18:16:12.651+0000] {processor.py:161} INFO - Started process (PID=19310) to work on /opt/airflow/dags/feature_store.py
[2026-02-01T18:16:12.654+0000] {processor.py:830} INFO - Processing file /opt/airflow/dags/feature_store.py for tasks to queue
[2026-02-01T18:16:12.656+0000] {logging_mixin.py:188} INFO - [2026-02-01T18:16:12.656+0000] {dagbag.py:545} INFO - Filling up the DagBag from /opt/airflow/dags/feature_store.py
[2026-02-01T18:16:15.839+0000] {logging_mixin.py:188} WARNING - /opt/airflow/dags/feature_store.py:64 RemovedInAirflow3Warning: Param `schedule_interval` is deprecated and will be removed in a future release. Please use `schedule` instead.
[2026-02-01T18:16:15.845+0000] {processor.py:840} INFO - DAG(s) 'feature_store_cre' retrieved from /opt/airflow/dags/feature_store.py
[2026-02-01T18:16:15.880+0000] {logging_mixin.py:188} INFO - [2026-02-01T18:16:15.879+0000] {dag.py:3096} INFO - Sync 1 DAGs
[2026-02-01T18:16:15.900+0000] {logging_mixin.py:188} INFO - [2026-02-01T18:16:15.900+0000] {dag.py:3954} INFO - Setting next_dagrun for feature_store_cre to 2026-01-31 00:00:00+00:00, run_after=2026-02-01 00:00:00+00:00
[2026-02-01T18:16:15.935+0000] {processor.py:183} INFO - Processing /opt/airflow/dags/feature_store.py took 3.296 seconds
[2026-02-01T18:16:46.695+0000] {processor.py:161} INFO - Started process (PID=19357) to work on /opt/airflow/dags/feature_store.py
[2026-02-01T18:16:46.695+0000] {processor.py:830} INFO - Processing file /opt/airflow/dags/feature_store.py for tasks to queue
[2026-02-01T18:16:46.697+0000] {logging_mixin.py:188} INFO - [2026-02-01T18:16:46.696+0000] {dagbag.py:545} INFO - Filling up the DagBag from /opt/airflow/dags/feature_store.py
[2026-02-01T18:16:48.329+0000] {logging_mixin.py:188} WARNING - /opt/airflow/dags/feature_store.py:64 RemovedInAirflow3Warning: Param `schedule_interval` is deprecated and will be removed in a future release. Please use `schedule` instead.
[2026-02-01T18:16:48.336+0000] {processor.py:840} INFO - DAG(s) 'feature_store_cre' retrieved from /opt/airflow/dags/feature_store.py
[2026-02-01T18:16:48.358+0000] {logging_mixin.py:188} INFO - [2026-02-01T18:16:48.358+0000] {dag.py:3096} INFO - Sync 1 DAGs
[2026-02-01T18:16:48.377+0000] {logging_mixin.py:188} INFO - [2026-02-01T18:16:48.377+0000] {dag.py:3954} INFO - Setting next_dagrun for feature_store_cre to 2026-01-31 00:00:00+00:00, run_after=2026-02-01 00:00:00+00:00
[2026-02-01T18:16:48.423+0000] {processor.py:183} INFO - Processing /opt/airflow/dags/feature_store.py took 1.733 seconds
[2026-02-01T18:17:19.146+0000] {processor.py:161} INFO - Started process (PID=19404) to work on /opt/airflow/dags/feature_store.py
[2026-02-01T18:17:19.147+0000] {processor.py:830} INFO - Processing file /opt/airflow/dags/feature_store.py for tasks to queue
[2026-02-01T18:17:19.149+0000] {logging_mixin.py:188} INFO - [2026-02-01T18:17:19.148+0000] {dagbag.py:545} INFO - Filling up the DagBag from /opt/airflow/dags/feature_store.py
[2026-02-01T18:17:20.551+0000] {logging_mixin.py:188} WARNING - /opt/airflow/dags/feature_store.py:64 RemovedInAirflow3Warning: Param `schedule_interval` is deprecated and will be removed in a future release. Please use `schedule` instead.
[2026-02-01T18:17:20.554+0000] {processor.py:840} INFO - DAG(s) 'feature_store_cre' retrieved from /opt/airflow/dags/feature_store.py
[2026-02-01T18:17:20.570+0000] {logging_mixin.py:188} INFO - [2026-02-01T18:17:20.570+0000] {dag.py:3096} INFO - Sync 1 DAGs
[2026-02-01T18:17:20.582+0000] {logging_mixin.py:188} INFO - [2026-02-01T18:17:20.582+0000] {dag.py:3954} INFO - Setting next_dagrun for feature_store_cre to 2026-01-31 00:00:00+00:00, run_after=2026-02-01 00:00:00+00:00
[2026-02-01T18:17:20.596+0000] {processor.py:183} INFO - Processing /opt/airflow/dags/feature_store.py took 1.454 seconds
[2026-02-01T18:17:52.416+0000] {processor.py:161} INFO - Started process (PID=19451) to work on /opt/airflow/dags/feature_store.py
[2026-02-01T18:17:52.455+0000] {processor.py:830} INFO - Processing file /opt/airflow/dags/feature_store.py for tasks to queue
[2026-02-01T18:17:52.458+0000] {logging_mixin.py:188} INFO - [2026-02-01T18:17:52.457+0000] {dagbag.py:545} INFO - Filling up the DagBag from /opt/airflow/dags/feature_store.py
[2026-02-01T18:17:53.971+0000] {logging_mixin.py:188} WARNING - /opt/airflow/dags/feature_store.py:64 RemovedInAirflow3Warning: Param `schedule_interval` is deprecated and will be removed in a future release. Please use `schedule` instead.
[2026-02-01T18:17:53.974+0000] {processor.py:840} INFO - DAG(s) 'feature_store_cre' retrieved from /opt/airflow/dags/feature_store.py
[2026-02-01T18:17:53.987+0000] {logging_mixin.py:188} INFO - [2026-02-01T18:17:53.986+0000] {dag.py:3096} INFO - Sync 1 DAGs
[2026-02-01T18:17:53.997+0000] {logging_mixin.py:188} INFO - [2026-02-01T18:17:53.997+0000] {dag.py:3954} INFO - Setting next_dagrun for feature_store_cre to 2026-01-31 00:00:00+00:00, run_after=2026-02-01 00:00:00+00:00
[2026-02-01T18:17:54.008+0000] {processor.py:183} INFO - Processing /opt/airflow/dags/feature_store.py took 1.596 seconds
[2026-02-01T18:18:26.283+0000] {processor.py:161} INFO - Started process (PID=19498) to work on /opt/airflow/dags/feature_store.py
[2026-02-01T18:18:26.284+0000] {processor.py:830} INFO - Processing file /opt/airflow/dags/feature_store.py for tasks to queue
[2026-02-01T18:18:26.285+0000] {logging_mixin.py:188} INFO - [2026-02-01T18:18:26.285+0000] {dagbag.py:545} INFO - Filling up the DagBag from /opt/airflow/dags/feature_store.py
[2026-02-01T18:18:27.716+0000] {logging_mixin.py:188} WARNING - /opt/airflow/dags/feature_store.py:64 RemovedInAirflow3Warning: Param `schedule_interval` is deprecated and will be removed in a future release. Please use `schedule` instead.
[2026-02-01T18:18:27.721+0000] {processor.py:840} INFO - DAG(s) 'feature_store_cre' retrieved from /opt/airflow/dags/feature_store.py
[2026-02-01T18:18:27.737+0000] {logging_mixin.py:188} INFO - [2026-02-01T18:18:27.737+0000] {dag.py:3096} INFO - Sync 1 DAGs
[2026-02-01T18:18:27.749+0000] {logging_mixin.py:188} INFO - [2026-02-01T18:18:27.748+0000] {dag.py:3954} INFO - Setting next_dagrun for feature_store_cre to 2026-01-31 00:00:00+00:00, run_after=2026-02-01 00:00:00+00:00
[2026-02-01T18:18:27.762+0000] {processor.py:183} INFO - Processing /opt/airflow/dags/feature_store.py took 1.484 seconds
[2026-02-01T18:18:59.680+0000] {processor.py:161} INFO - Started process (PID=19545) to work on /opt/airflow/dags/feature_store.py
[2026-02-01T18:18:59.681+0000] {processor.py:830} INFO - Processing file /opt/airflow/dags/feature_store.py for tasks to queue
[2026-02-01T18:18:59.682+0000] {logging_mixin.py:188} INFO - [2026-02-01T18:18:59.682+0000] {dagbag.py:545} INFO - Filling up the DagBag from /opt/airflow/dags/feature_store.py
[2026-02-01T18:19:01.094+0000] {logging_mixin.py:188} WARNING - /opt/airflow/dags/feature_store.py:64 RemovedInAirflow3Warning: Param `schedule_interval` is deprecated and will be removed in a future release. Please use `schedule` instead.
[2026-02-01T18:19:01.097+0000] {processor.py:840} INFO - DAG(s) 'feature_store_cre' retrieved from /opt/airflow/dags/feature_store.py
[2026-02-01T18:19:01.110+0000] {logging_mixin.py:188} INFO - [2026-02-01T18:19:01.109+0000] {dag.py:3096} INFO - Sync 1 DAGs
[2026-02-01T18:19:01.122+0000] {logging_mixin.py:188} INFO - [2026-02-01T18:19:01.122+0000] {dag.py:3954} INFO - Setting next_dagrun for feature_store_cre to 2026-01-31 00:00:00+00:00, run_after=2026-02-01 00:00:00+00:00
[2026-02-01T18:19:01.136+0000] {processor.py:183} INFO - Processing /opt/airflow/dags/feature_store.py took 1.461 seconds
[2026-02-01T18:19:32.621+0000] {processor.py:161} INFO - Started process (PID=19591) to work on /opt/airflow/dags/feature_store.py
[2026-02-01T18:19:32.623+0000] {processor.py:830} INFO - Processing file /opt/airflow/dags/feature_store.py for tasks to queue
[2026-02-01T18:19:32.624+0000] {logging_mixin.py:188} INFO - [2026-02-01T18:19:32.624+0000] {dagbag.py:545} INFO - Filling up the DagBag from /opt/airflow/dags/feature_store.py
[2026-02-01T18:19:33.944+0000] {logging_mixin.py:188} WARNING - /opt/airflow/dags/feature_store.py:64 RemovedInAirflow3Warning: Param `schedule_interval` is deprecated and will be removed in a future release. Please use `schedule` instead.
[2026-02-01T18:19:33.948+0000] {processor.py:840} INFO - DAG(s) 'feature_store_cre' retrieved from /opt/airflow/dags/feature_store.py
[2026-02-01T18:19:33.963+0000] {logging_mixin.py:188} INFO - [2026-02-01T18:19:33.963+0000] {dag.py:3096} INFO - Sync 1 DAGs
[2026-02-01T18:19:33.978+0000] {logging_mixin.py:188} INFO - [2026-02-01T18:19:33.977+0000] {dag.py:3954} INFO - Setting next_dagrun for feature_store_cre to 2026-01-31 00:00:00+00:00, run_after=2026-02-01 00:00:00+00:00
[2026-02-01T18:19:33.992+0000] {processor.py:183} INFO - Processing /opt/airflow/dags/feature_store.py took 1.375 seconds
[2026-02-01T18:20:06.503+0000] {processor.py:161} INFO - Started process (PID=19638) to work on /opt/airflow/dags/feature_store.py
[2026-02-01T18:20:06.504+0000] {processor.py:830} INFO - Processing file /opt/airflow/dags/feature_store.py for tasks to queue
[2026-02-01T18:20:06.506+0000] {logging_mixin.py:188} INFO - [2026-02-01T18:20:06.505+0000] {dagbag.py:545} INFO - Filling up the DagBag from /opt/airflow/dags/feature_store.py
[2026-02-01T18:20:08.033+0000] {logging_mixin.py:188} WARNING - /opt/airflow/dags/feature_store.py:64 RemovedInAirflow3Warning: Param `schedule_interval` is deprecated and will be removed in a future release. Please use `schedule` instead.
[2026-02-01T18:20:08.038+0000] {processor.py:840} INFO - DAG(s) 'feature_store_cre' retrieved from /opt/airflow/dags/feature_store.py
[2026-02-01T18:20:08.057+0000] {logging_mixin.py:188} INFO - [2026-02-01T18:20:08.057+0000] {dag.py:3096} INFO - Sync 1 DAGs
[2026-02-01T18:20:08.072+0000] {logging_mixin.py:188} INFO - [2026-02-01T18:20:08.072+0000] {dag.py:3954} INFO - Setting next_dagrun for feature_store_cre to 2026-01-31 00:00:00+00:00, run_after=2026-02-01 00:00:00+00:00
[2026-02-01T18:20:08.086+0000] {processor.py:183} INFO - Processing /opt/airflow/dags/feature_store.py took 1.586 seconds
[2026-02-01T18:20:39.235+0000] {processor.py:161} INFO - Started process (PID=19685) to work on /opt/airflow/dags/feature_store.py
[2026-02-01T18:20:39.258+0000] {processor.py:830} INFO - Processing file /opt/airflow/dags/feature_store.py for tasks to queue
[2026-02-01T18:20:39.260+0000] {logging_mixin.py:188} INFO - [2026-02-01T18:20:39.260+0000] {dagbag.py:545} INFO - Filling up the DagBag from /opt/airflow/dags/feature_store.py
[2026-02-01T18:20:40.655+0000] {logging_mixin.py:188} WARNING - /opt/airflow/dags/feature_store.py:64 RemovedInAirflow3Warning: Param `schedule_interval` is deprecated and will be removed in a future release. Please use `schedule` instead.
[2026-02-01T18:20:40.658+0000] {processor.py:840} INFO - DAG(s) 'feature_store_cre' retrieved from /opt/airflow/dags/feature_store.py
[2026-02-01T18:20:40.671+0000] {logging_mixin.py:188} INFO - [2026-02-01T18:20:40.671+0000] {dag.py:3096} INFO - Sync 1 DAGs
[2026-02-01T18:20:40.683+0000] {logging_mixin.py:188} INFO - [2026-02-01T18:20:40.683+0000] {dag.py:3954} INFO - Setting next_dagrun for feature_store_cre to 2026-01-31 00:00:00+00:00, run_after=2026-02-01 00:00:00+00:00
[2026-02-01T18:20:40.699+0000] {processor.py:183} INFO - Processing /opt/airflow/dags/feature_store.py took 1.469 seconds
[2026-02-01T18:21:12.502+0000] {processor.py:161} INFO - Started process (PID=19733) to work on /opt/airflow/dags/feature_store.py
[2026-02-01T18:21:12.503+0000] {processor.py:830} INFO - Processing file /opt/airflow/dags/feature_store.py for tasks to queue
[2026-02-01T18:21:12.504+0000] {logging_mixin.py:188} INFO - [2026-02-01T18:21:12.504+0000] {dagbag.py:545} INFO - Filling up the DagBag from /opt/airflow/dags/feature_store.py
[2026-02-01T18:21:14.011+0000] {logging_mixin.py:188} WARNING - /opt/airflow/dags/feature_store.py:64 RemovedInAirflow3Warning: Param `schedule_interval` is deprecated and will be removed in a future release. Please use `schedule` instead.
[2026-02-01T18:21:14.014+0000] {processor.py:840} INFO - DAG(s) 'feature_store_cre' retrieved from /opt/airflow/dags/feature_store.py
[2026-02-01T18:21:14.030+0000] {logging_mixin.py:188} INFO - [2026-02-01T18:21:14.029+0000] {dag.py:3096} INFO - Sync 1 DAGs
[2026-02-01T18:21:14.042+0000] {logging_mixin.py:188} INFO - [2026-02-01T18:21:14.042+0000] {dag.py:3954} INFO - Setting next_dagrun for feature_store_cre to 2026-01-31 00:00:00+00:00, run_after=2026-02-01 00:00:00+00:00
[2026-02-01T18:21:14.056+0000] {processor.py:183} INFO - Processing /opt/airflow/dags/feature_store.py took 1.559 seconds
[2026-02-01T18:21:46.494+0000] {processor.py:161} INFO - Started process (PID=19780) to work on /opt/airflow/dags/feature_store.py
[2026-02-01T18:21:46.496+0000] {processor.py:830} INFO - Processing file /opt/airflow/dags/feature_store.py for tasks to queue
[2026-02-01T18:21:46.497+0000] {logging_mixin.py:188} INFO - [2026-02-01T18:21:46.497+0000] {dagbag.py:545} INFO - Filling up the DagBag from /opt/airflow/dags/feature_store.py
[2026-02-01T18:21:48.688+0000] {logging_mixin.py:188} WARNING - /opt/airflow/dags/feature_store.py:64 RemovedInAirflow3Warning: Param `schedule_interval` is deprecated and will be removed in a future release. Please use `schedule` instead.
[2026-02-01T18:21:48.694+0000] {processor.py:840} INFO - DAG(s) 'feature_store_cre' retrieved from /opt/airflow/dags/feature_store.py
[2026-02-01T18:21:48.728+0000] {logging_mixin.py:188} INFO - [2026-02-01T18:21:48.727+0000] {dag.py:3096} INFO - Sync 1 DAGs
[2026-02-01T18:21:48.761+0000] {logging_mixin.py:188} INFO - [2026-02-01T18:21:48.760+0000] {dag.py:3954} INFO - Setting next_dagrun for feature_store_cre to 2026-01-31 00:00:00+00:00, run_after=2026-02-01 00:00:00+00:00
[2026-02-01T18:21:48.794+0000] {processor.py:183} INFO - Processing /opt/airflow/dags/feature_store.py took 2.307 seconds
[2026-02-01T18:22:19.893+0000] {processor.py:161} INFO - Started process (PID=19827) to work on /opt/airflow/dags/feature_store.py
[2026-02-01T18:22:19.894+0000] {processor.py:830} INFO - Processing file /opt/airflow/dags/feature_store.py for tasks to queue
[2026-02-01T18:22:19.895+0000] {logging_mixin.py:188} INFO - [2026-02-01T18:22:19.895+0000] {dagbag.py:545} INFO - Filling up the DagBag from /opt/airflow/dags/feature_store.py
[2026-02-01T18:22:21.342+0000] {logging_mixin.py:188} WARNING - /opt/airflow/dags/feature_store.py:64 RemovedInAirflow3Warning: Param `schedule_interval` is deprecated and will be removed in a future release. Please use `schedule` instead.
[2026-02-01T18:22:21.345+0000] {processor.py:840} INFO - DAG(s) 'feature_store_cre' retrieved from /opt/airflow/dags/feature_store.py
[2026-02-01T18:22:21.360+0000] {logging_mixin.py:188} INFO - [2026-02-01T18:22:21.359+0000] {dag.py:3096} INFO - Sync 1 DAGs
[2026-02-01T18:22:21.372+0000] {logging_mixin.py:188} INFO - [2026-02-01T18:22:21.372+0000] {dag.py:3954} INFO - Setting next_dagrun for feature_store_cre to 2026-01-31 00:00:00+00:00, run_after=2026-02-01 00:00:00+00:00
[2026-02-01T18:22:21.387+0000] {processor.py:183} INFO - Processing /opt/airflow/dags/feature_store.py took 1.500 seconds
[2026-02-01T18:22:52.832+0000] {processor.py:161} INFO - Started process (PID=19874) to work on /opt/airflow/dags/feature_store.py
[2026-02-01T18:22:52.834+0000] {processor.py:830} INFO - Processing file /opt/airflow/dags/feature_store.py for tasks to queue
[2026-02-01T18:22:52.835+0000] {logging_mixin.py:188} INFO - [2026-02-01T18:22:52.835+0000] {dagbag.py:545} INFO - Filling up the DagBag from /opt/airflow/dags/feature_store.py
[2026-02-01T18:22:54.235+0000] {logging_mixin.py:188} WARNING - /opt/airflow/dags/feature_store.py:64 RemovedInAirflow3Warning: Param `schedule_interval` is deprecated and will be removed in a future release. Please use `schedule` instead.
[2026-02-01T18:22:54.239+0000] {processor.py:840} INFO - DAG(s) 'feature_store_cre' retrieved from /opt/airflow/dags/feature_store.py
[2026-02-01T18:22:54.253+0000] {logging_mixin.py:188} INFO - [2026-02-01T18:22:54.253+0000] {dag.py:3096} INFO - Sync 1 DAGs
[2026-02-01T18:22:54.267+0000] {logging_mixin.py:188} INFO - [2026-02-01T18:22:54.266+0000] {dag.py:3954} INFO - Setting next_dagrun for feature_store_cre to 2026-01-31 00:00:00+00:00, run_after=2026-02-01 00:00:00+00:00
[2026-02-01T18:22:54.282+0000] {processor.py:183} INFO - Processing /opt/airflow/dags/feature_store.py took 1.454 seconds
[2026-02-01T18:23:26.439+0000] {processor.py:161} INFO - Started process (PID=19921) to work on /opt/airflow/dags/feature_store.py
[2026-02-01T18:23:26.439+0000] {processor.py:830} INFO - Processing file /opt/airflow/dags/feature_store.py for tasks to queue
[2026-02-01T18:23:26.441+0000] {logging_mixin.py:188} INFO - [2026-02-01T18:23:26.441+0000] {dagbag.py:545} INFO - Filling up the DagBag from /opt/airflow/dags/feature_store.py
[2026-02-01T18:23:27.942+0000] {logging_mixin.py:188} WARNING - /opt/airflow/dags/feature_store.py:64 RemovedInAirflow3Warning: Param `schedule_interval` is deprecated and will be removed in a future release. Please use `schedule` instead.
[2026-02-01T18:23:27.946+0000] {processor.py:840} INFO - DAG(s) 'feature_store_cre' retrieved from /opt/airflow/dags/feature_store.py
[2026-02-01T18:23:27.965+0000] {logging_mixin.py:188} INFO - [2026-02-01T18:23:27.964+0000] {dag.py:3096} INFO - Sync 1 DAGs
[2026-02-01T18:23:27.980+0000] {logging_mixin.py:188} INFO - [2026-02-01T18:23:27.980+0000] {dag.py:3954} INFO - Setting next_dagrun for feature_store_cre to 2026-01-31 00:00:00+00:00, run_after=2026-02-01 00:00:00+00:00
[2026-02-01T18:23:27.999+0000] {processor.py:183} INFO - Processing /opt/airflow/dags/feature_store.py took 1.565 seconds
[2026-02-01T18:23:59.415+0000] {processor.py:161} INFO - Started process (PID=19971) to work on /opt/airflow/dags/feature_store.py
[2026-02-01T18:23:59.416+0000] {processor.py:830} INFO - Processing file /opt/airflow/dags/feature_store.py for tasks to queue
[2026-02-01T18:23:59.417+0000] {logging_mixin.py:188} INFO - [2026-02-01T18:23:59.417+0000] {dagbag.py:545} INFO - Filling up the DagBag from /opt/airflow/dags/feature_store.py
[2026-02-01T18:24:01.143+0000] {logging_mixin.py:188} WARNING - /opt/airflow/dags/feature_store.py:64 RemovedInAirflow3Warning: Param `schedule_interval` is deprecated and will be removed in a future release. Please use `schedule` instead.
[2026-02-01T18:24:01.148+0000] {processor.py:840} INFO - DAG(s) 'feature_store_cre' retrieved from /opt/airflow/dags/feature_store.py
[2026-02-01T18:24:01.169+0000] {logging_mixin.py:188} INFO - [2026-02-01T18:24:01.168+0000] {dag.py:3096} INFO - Sync 1 DAGs
[2026-02-01T18:24:01.189+0000] {logging_mixin.py:188} INFO - [2026-02-01T18:24:01.189+0000] {dag.py:3954} INFO - Setting next_dagrun for feature_store_cre to 2026-01-31 00:00:00+00:00, run_after=2026-02-01 00:00:00+00:00
[2026-02-01T18:24:01.208+0000] {processor.py:183} INFO - Processing /opt/airflow/dags/feature_store.py took 1.798 seconds
[2026-02-01T18:24:33.109+0000] {processor.py:161} INFO - Started process (PID=20018) to work on /opt/airflow/dags/feature_store.py
[2026-02-01T18:24:33.110+0000] {processor.py:830} INFO - Processing file /opt/airflow/dags/feature_store.py for tasks to queue
[2026-02-01T18:24:33.113+0000] {logging_mixin.py:188} INFO - [2026-02-01T18:24:33.112+0000] {dagbag.py:545} INFO - Filling up the DagBag from /opt/airflow/dags/feature_store.py
[2026-02-01T18:24:35.379+0000] {logging_mixin.py:188} WARNING - /opt/airflow/dags/feature_store.py:64 RemovedInAirflow3Warning: Param `schedule_interval` is deprecated and will be removed in a future release. Please use `schedule` instead.
[2026-02-01T18:24:35.383+0000] {processor.py:840} INFO - DAG(s) 'feature_store_cre' retrieved from /opt/airflow/dags/feature_store.py
[2026-02-01T18:24:35.407+0000] {logging_mixin.py:188} INFO - [2026-02-01T18:24:35.407+0000] {dag.py:3096} INFO - Sync 1 DAGs
[2026-02-01T18:24:35.429+0000] {logging_mixin.py:188} INFO - [2026-02-01T18:24:35.429+0000] {dag.py:3954} INFO - Setting next_dagrun for feature_store_cre to 2026-01-31 00:00:00+00:00, run_after=2026-02-01 00:00:00+00:00
[2026-02-01T18:24:35.452+0000] {processor.py:183} INFO - Processing /opt/airflow/dags/feature_store.py took 2.348 seconds
[2026-02-01T18:25:06.515+0000] {processor.py:161} INFO - Started process (PID=20065) to work on /opt/airflow/dags/feature_store.py
[2026-02-01T18:25:06.516+0000] {processor.py:830} INFO - Processing file /opt/airflow/dags/feature_store.py for tasks to queue
[2026-02-01T18:25:06.519+0000] {logging_mixin.py:188} INFO - [2026-02-01T18:25:06.518+0000] {dagbag.py:545} INFO - Filling up the DagBag from /opt/airflow/dags/feature_store.py
[2026-02-01T18:25:09.440+0000] {logging_mixin.py:188} WARNING - /opt/airflow/dags/feature_store.py:64 RemovedInAirflow3Warning: Param `schedule_interval` is deprecated and will be removed in a future release. Please use `schedule` instead.
[2026-02-01T18:25:09.453+0000] {processor.py:840} INFO - DAG(s) 'feature_store_cre' retrieved from /opt/airflow/dags/feature_store.py
[2026-02-01T18:25:09.531+0000] {logging_mixin.py:188} INFO - [2026-02-01T18:25:09.531+0000] {dag.py:3096} INFO - Sync 1 DAGs
[2026-02-01T18:25:09.574+0000] {logging_mixin.py:188} INFO - [2026-02-01T18:25:09.574+0000] {dag.py:3954} INFO - Setting next_dagrun for feature_store_cre to 2026-01-31 00:00:00+00:00, run_after=2026-02-01 00:00:00+00:00
[2026-02-01T18:25:09.616+0000] {processor.py:183} INFO - Processing /opt/airflow/dags/feature_store.py took 3.108 seconds
[2026-02-01T18:25:40.106+0000] {processor.py:161} INFO - Started process (PID=20109) to work on /opt/airflow/dags/feature_store.py
[2026-02-01T18:25:40.107+0000] {processor.py:830} INFO - Processing file /opt/airflow/dags/feature_store.py for tasks to queue
[2026-02-01T18:25:40.108+0000] {logging_mixin.py:188} INFO - [2026-02-01T18:25:40.108+0000] {dagbag.py:545} INFO - Filling up the DagBag from /opt/airflow/dags/feature_store.py
[2026-02-01T18:25:41.738+0000] {logging_mixin.py:188} WARNING - /opt/airflow/dags/feature_store.py:64 RemovedInAirflow3Warning: Param `schedule_interval` is deprecated and will be removed in a future release. Please use `schedule` instead.
[2026-02-01T18:25:41.743+0000] {processor.py:840} INFO - DAG(s) 'feature_store_cre' retrieved from /opt/airflow/dags/feature_store.py
[2026-02-01T18:25:41.764+0000] {logging_mixin.py:188} INFO - [2026-02-01T18:25:41.763+0000] {dag.py:3096} INFO - Sync 1 DAGs
[2026-02-01T18:25:41.781+0000] {logging_mixin.py:188} INFO - [2026-02-01T18:25:41.781+0000] {dag.py:3954} INFO - Setting next_dagrun for feature_store_cre to 2026-01-31 00:00:00+00:00, run_after=2026-02-01 00:00:00+00:00
[2026-02-01T18:25:41.801+0000] {processor.py:183} INFO - Processing /opt/airflow/dags/feature_store.py took 1.700 seconds
[2026-02-01T18:26:12.625+0000] {processor.py:161} INFO - Started process (PID=20156) to work on /opt/airflow/dags/feature_store.py
[2026-02-01T18:26:12.627+0000] {processor.py:830} INFO - Processing file /opt/airflow/dags/feature_store.py for tasks to queue
[2026-02-01T18:26:12.630+0000] {logging_mixin.py:188} INFO - [2026-02-01T18:26:12.630+0000] {dagbag.py:545} INFO - Filling up the DagBag from /opt/airflow/dags/feature_store.py
[2026-02-01T18:26:15.882+0000] {logging_mixin.py:188} WARNING - /opt/airflow/dags/feature_store.py:64 RemovedInAirflow3Warning: Param `schedule_interval` is deprecated and will be removed in a future release. Please use `schedule` instead.
[2026-02-01T18:26:15.893+0000] {processor.py:840} INFO - DAG(s) 'feature_store_cre' retrieved from /opt/airflow/dags/feature_store.py
[2026-02-01T18:26:15.928+0000] {logging_mixin.py:188} INFO - [2026-02-01T18:26:15.927+0000] {dag.py:3096} INFO - Sync 1 DAGs
[2026-02-01T18:26:15.959+0000] {logging_mixin.py:188} INFO - [2026-02-01T18:26:15.959+0000] {dag.py:3954} INFO - Setting next_dagrun for feature_store_cre to 2026-01-31 00:00:00+00:00, run_after=2026-02-01 00:00:00+00:00
[2026-02-01T18:26:15.992+0000] {processor.py:183} INFO - Processing /opt/airflow/dags/feature_store.py took 3.375 seconds
[2026-02-01T18:26:46.502+0000] {processor.py:161} INFO - Started process (PID=20203) to work on /opt/airflow/dags/feature_store.py
[2026-02-01T18:26:46.504+0000] {processor.py:830} INFO - Processing file /opt/airflow/dags/feature_store.py for tasks to queue
[2026-02-01T18:26:46.506+0000] {logging_mixin.py:188} INFO - [2026-02-01T18:26:46.505+0000] {dagbag.py:545} INFO - Filling up the DagBag from /opt/airflow/dags/feature_store.py
[2026-02-01T18:26:49.257+0000] {logging_mixin.py:188} WARNING - /opt/airflow/dags/feature_store.py:64 RemovedInAirflow3Warning: Param `schedule_interval` is deprecated and will be removed in a future release. Please use `schedule` instead.
[2026-02-01T18:26:49.266+0000] {processor.py:840} INFO - DAG(s) 'feature_store_cre' retrieved from /opt/airflow/dags/feature_store.py
[2026-02-01T18:26:49.298+0000] {logging_mixin.py:188} INFO - [2026-02-01T18:26:49.297+0000] {dag.py:3096} INFO - Sync 1 DAGs
[2026-02-01T18:26:49.324+0000] {logging_mixin.py:188} INFO - [2026-02-01T18:26:49.324+0000] {dag.py:3954} INFO - Setting next_dagrun for feature_store_cre to 2026-01-31 00:00:00+00:00, run_after=2026-02-01 00:00:00+00:00
[2026-02-01T18:26:49.351+0000] {processor.py:183} INFO - Processing /opt/airflow/dags/feature_store.py took 2.855 seconds
[2026-02-01T18:27:19.406+0000] {processor.py:161} INFO - Started process (PID=20250) to work on /opt/airflow/dags/feature_store.py
[2026-02-01T18:27:19.407+0000] {processor.py:830} INFO - Processing file /opt/airflow/dags/feature_store.py for tasks to queue
[2026-02-01T18:27:19.409+0000] {logging_mixin.py:188} INFO - [2026-02-01T18:27:19.408+0000] {dagbag.py:545} INFO - Filling up the DagBag from /opt/airflow/dags/feature_store.py
[2026-02-01T18:27:21.258+0000] {logging_mixin.py:188} WARNING - /opt/airflow/dags/feature_store.py:64 RemovedInAirflow3Warning: Param `schedule_interval` is deprecated and will be removed in a future release. Please use `schedule` instead.
[2026-02-01T18:27:21.262+0000] {processor.py:840} INFO - DAG(s) 'feature_store_cre' retrieved from /opt/airflow/dags/feature_store.py
[2026-02-01T18:27:21.277+0000] {logging_mixin.py:188} INFO - [2026-02-01T18:27:21.277+0000] {dag.py:3096} INFO - Sync 1 DAGs
[2026-02-01T18:27:21.292+0000] {logging_mixin.py:188} INFO - [2026-02-01T18:27:21.292+0000] {dag.py:3954} INFO - Setting next_dagrun for feature_store_cre to 2026-01-31 00:00:00+00:00, run_after=2026-02-01 00:00:00+00:00
[2026-02-01T18:27:21.307+0000] {processor.py:183} INFO - Processing /opt/airflow/dags/feature_store.py took 1.905 seconds
[2026-02-01T18:27:52.795+0000] {processor.py:161} INFO - Started process (PID=20297) to work on /opt/airflow/dags/feature_store.py
[2026-02-01T18:27:52.795+0000] {processor.py:830} INFO - Processing file /opt/airflow/dags/feature_store.py for tasks to queue
[2026-02-01T18:27:52.797+0000] {logging_mixin.py:188} INFO - [2026-02-01T18:27:52.797+0000] {dagbag.py:545} INFO - Filling up the DagBag from /opt/airflow/dags/feature_store.py
[2026-02-01T18:27:54.666+0000] {logging_mixin.py:188} WARNING - /opt/airflow/dags/feature_store.py:64 RemovedInAirflow3Warning: Param `schedule_interval` is deprecated and will be removed in a future release. Please use `schedule` instead.
[2026-02-01T18:27:54.672+0000] {processor.py:840} INFO - DAG(s) 'feature_store_cre' retrieved from /opt/airflow/dags/feature_store.py
[2026-02-01T18:27:54.696+0000] {logging_mixin.py:188} INFO - [2026-02-01T18:27:54.696+0000] {dag.py:3096} INFO - Sync 1 DAGs
[2026-02-01T18:27:54.715+0000] {logging_mixin.py:188} INFO - [2026-02-01T18:27:54.715+0000] {dag.py:3954} INFO - Setting next_dagrun for feature_store_cre to 2026-01-31 00:00:00+00:00, run_after=2026-02-01 00:00:00+00:00
[2026-02-01T18:27:54.735+0000] {processor.py:183} INFO - Processing /opt/airflow/dags/feature_store.py took 1.945 seconds
[2026-02-01T18:28:26.624+0000] {processor.py:161} INFO - Started process (PID=20347) to work on /opt/airflow/dags/feature_store.py
[2026-02-01T18:28:26.624+0000] {processor.py:830} INFO - Processing file /opt/airflow/dags/feature_store.py for tasks to queue
[2026-02-01T18:28:26.626+0000] {logging_mixin.py:188} INFO - [2026-02-01T18:28:26.625+0000] {dagbag.py:545} INFO - Filling up the DagBag from /opt/airflow/dags/feature_store.py
[2026-02-01T18:28:28.462+0000] {logging_mixin.py:188} WARNING - /opt/airflow/dags/feature_store.py:64 RemovedInAirflow3Warning: Param `schedule_interval` is deprecated and will be removed in a future release. Please use `schedule` instead.
[2026-02-01T18:28:28.467+0000] {processor.py:840} INFO - DAG(s) 'feature_store_cre' retrieved from /opt/airflow/dags/feature_store.py
[2026-02-01T18:28:28.490+0000] {logging_mixin.py:188} INFO - [2026-02-01T18:28:28.490+0000] {dag.py:3096} INFO - Sync 1 DAGs
[2026-02-01T18:28:28.509+0000] {logging_mixin.py:188} INFO - [2026-02-01T18:28:28.508+0000] {dag.py:3954} INFO - Setting next_dagrun for feature_store_cre to 2026-01-31 00:00:00+00:00, run_after=2026-02-01 00:00:00+00:00
[2026-02-01T18:28:28.530+0000] {processor.py:183} INFO - Processing /opt/airflow/dags/feature_store.py took 1.911 seconds
[2026-02-01T18:28:59.332+0000] {processor.py:161} INFO - Started process (PID=20393) to work on /opt/airflow/dags/feature_store.py
[2026-02-01T18:28:59.333+0000] {processor.py:830} INFO - Processing file /opt/airflow/dags/feature_store.py for tasks to queue
[2026-02-01T18:28:59.334+0000] {logging_mixin.py:188} INFO - [2026-02-01T18:28:59.334+0000] {dagbag.py:545} INFO - Filling up the DagBag from /opt/airflow/dags/feature_store.py
[2026-02-01T18:29:01.140+0000] {logging_mixin.py:188} WARNING - /opt/airflow/dags/feature_store.py:64 RemovedInAirflow3Warning: Param `schedule_interval` is deprecated and will be removed in a future release. Please use `schedule` instead.
[2026-02-01T18:29:01.145+0000] {processor.py:840} INFO - DAG(s) 'feature_store_cre' retrieved from /opt/airflow/dags/feature_store.py
[2026-02-01T18:29:01.171+0000] {logging_mixin.py:188} INFO - [2026-02-01T18:29:01.171+0000] {dag.py:3096} INFO - Sync 1 DAGs
[2026-02-01T18:29:01.193+0000] {logging_mixin.py:188} INFO - [2026-02-01T18:29:01.193+0000] {dag.py:3954} INFO - Setting next_dagrun for feature_store_cre to 2026-01-31 00:00:00+00:00, run_after=2026-02-01 00:00:00+00:00
[2026-02-01T18:29:01.217+0000] {processor.py:183} INFO - Processing /opt/airflow/dags/feature_store.py took 1.889 seconds
[2026-02-01T18:29:33.191+0000] {processor.py:161} INFO - Started process (PID=20441) to work on /opt/airflow/dags/feature_store.py
[2026-02-01T18:29:33.192+0000] {processor.py:830} INFO - Processing file /opt/airflow/dags/feature_store.py for tasks to queue
[2026-02-01T18:29:33.193+0000] {logging_mixin.py:188} INFO - [2026-02-01T18:29:33.193+0000] {dagbag.py:545} INFO - Filling up the DagBag from /opt/airflow/dags/feature_store.py
[2026-02-01T18:29:34.493+0000] {logging_mixin.py:188} WARNING - /opt/airflow/dags/feature_store.py:64 RemovedInAirflow3Warning: Param `schedule_interval` is deprecated and will be removed in a future release. Please use `schedule` instead.
[2026-02-01T18:29:34.496+0000] {processor.py:840} INFO - DAG(s) 'feature_store_cre' retrieved from /opt/airflow/dags/feature_store.py
[2026-02-01T18:29:34.514+0000] {logging_mixin.py:188} INFO - [2026-02-01T18:29:34.514+0000] {dag.py:3096} INFO - Sync 1 DAGs
[2026-02-01T18:29:34.528+0000] {logging_mixin.py:188} INFO - [2026-02-01T18:29:34.528+0000] {dag.py:3954} INFO - Setting next_dagrun for feature_store_cre to 2026-01-31 00:00:00+00:00, run_after=2026-02-01 00:00:00+00:00
[2026-02-01T18:29:34.542+0000] {processor.py:183} INFO - Processing /opt/airflow/dags/feature_store.py took 1.355 seconds
[2026-02-01T18:30:06.365+0000] {processor.py:161} INFO - Started process (PID=20488) to work on /opt/airflow/dags/feature_store.py
[2026-02-01T18:30:06.367+0000] {processor.py:830} INFO - Processing file /opt/airflow/dags/feature_store.py for tasks to queue
[2026-02-01T18:30:06.369+0000] {logging_mixin.py:188} INFO - [2026-02-01T18:30:06.369+0000] {dagbag.py:545} INFO - Filling up the DagBag from /opt/airflow/dags/feature_store.py
[2026-02-01T18:30:07.806+0000] {logging_mixin.py:188} WARNING - /opt/airflow/dags/feature_store.py:64 RemovedInAirflow3Warning: Param `schedule_interval` is deprecated and will be removed in a future release. Please use `schedule` instead.
[2026-02-01T18:30:07.809+0000] {processor.py:840} INFO - DAG(s) 'feature_store_cre' retrieved from /opt/airflow/dags/feature_store.py
[2026-02-01T18:30:07.825+0000] {logging_mixin.py:188} INFO - [2026-02-01T18:30:07.825+0000] {dag.py:3096} INFO - Sync 1 DAGs
[2026-02-01T18:30:07.839+0000] {logging_mixin.py:188} INFO - [2026-02-01T18:30:07.838+0000] {dag.py:3954} INFO - Setting next_dagrun for feature_store_cre to 2026-01-31 00:00:00+00:00, run_after=2026-02-01 00:00:00+00:00
[2026-02-01T18:30:07.853+0000] {processor.py:183} INFO - Processing /opt/airflow/dags/feature_store.py took 1.492 seconds
[2026-02-01T18:30:39.690+0000] {processor.py:161} INFO - Started process (PID=20535) to work on /opt/airflow/dags/feature_store.py
[2026-02-01T18:30:39.690+0000] {processor.py:830} INFO - Processing file /opt/airflow/dags/feature_store.py for tasks to queue
[2026-02-01T18:30:39.692+0000] {logging_mixin.py:188} INFO - [2026-02-01T18:30:39.691+0000] {dagbag.py:545} INFO - Filling up the DagBag from /opt/airflow/dags/feature_store.py
[2026-02-01T18:30:41.102+0000] {logging_mixin.py:188} WARNING - /opt/airflow/dags/feature_store.py:64 RemovedInAirflow3Warning: Param `schedule_interval` is deprecated and will be removed in a future release. Please use `schedule` instead.
[2026-02-01T18:30:41.106+0000] {processor.py:840} INFO - DAG(s) 'feature_store_cre' retrieved from /opt/airflow/dags/feature_store.py
[2026-02-01T18:30:41.122+0000] {logging_mixin.py:188} INFO - [2026-02-01T18:30:41.122+0000] {dag.py:3096} INFO - Sync 1 DAGs
[2026-02-01T18:30:41.136+0000] {logging_mixin.py:188} INFO - [2026-02-01T18:30:41.135+0000] {dag.py:3954} INFO - Setting next_dagrun for feature_store_cre to 2026-01-31 00:00:00+00:00, run_after=2026-02-01 00:00:00+00:00
[2026-02-01T18:30:41.152+0000] {processor.py:183} INFO - Processing /opt/airflow/dags/feature_store.py took 1.467 seconds
[2026-02-01T18:31:12.952+0000] {processor.py:161} INFO - Started process (PID=20582) to work on /opt/airflow/dags/feature_store.py
[2026-02-01T18:31:12.952+0000] {processor.py:830} INFO - Processing file /opt/airflow/dags/feature_store.py for tasks to queue
[2026-02-01T18:31:12.953+0000] {logging_mixin.py:188} INFO - [2026-02-01T18:31:12.953+0000] {dagbag.py:545} INFO - Filling up the DagBag from /opt/airflow/dags/feature_store.py
[2026-02-01T18:31:14.314+0000] {logging_mixin.py:188} WARNING - /opt/airflow/dags/feature_store.py:64 RemovedInAirflow3Warning: Param `schedule_interval` is deprecated and will be removed in a future release. Please use `schedule` instead.
[2026-02-01T18:31:14.317+0000] {processor.py:840} INFO - DAG(s) 'feature_store_cre' retrieved from /opt/airflow/dags/feature_store.py
[2026-02-01T18:31:14.336+0000] {logging_mixin.py:188} INFO - [2026-02-01T18:31:14.335+0000] {dag.py:3096} INFO - Sync 1 DAGs
[2026-02-01T18:31:14.349+0000] {logging_mixin.py:188} INFO - [2026-02-01T18:31:14.349+0000] {dag.py:3954} INFO - Setting next_dagrun for feature_store_cre to 2026-01-31 00:00:00+00:00, run_after=2026-02-01 00:00:00+00:00
[2026-02-01T18:31:14.367+0000] {processor.py:183} INFO - Processing /opt/airflow/dags/feature_store.py took 1.420 seconds
[2026-02-01T18:31:46.203+0000] {processor.py:161} INFO - Started process (PID=20629) to work on /opt/airflow/dags/feature_store.py
[2026-02-01T18:31:46.204+0000] {processor.py:830} INFO - Processing file /opt/airflow/dags/feature_store.py for tasks to queue
[2026-02-01T18:31:46.205+0000] {logging_mixin.py:188} INFO - [2026-02-01T18:31:46.205+0000] {dagbag.py:545} INFO - Filling up the DagBag from /opt/airflow/dags/feature_store.py
[2026-02-01T18:31:47.601+0000] {logging_mixin.py:188} WARNING - /opt/airflow/dags/feature_store.py:64 RemovedInAirflow3Warning: Param `schedule_interval` is deprecated and will be removed in a future release. Please use `schedule` instead.
[2026-02-01T18:31:47.607+0000] {processor.py:840} INFO - DAG(s) 'feature_store_cre' retrieved from /opt/airflow/dags/feature_store.py
[2026-02-01T18:31:47.625+0000] {logging_mixin.py:188} INFO - [2026-02-01T18:31:47.625+0000] {dag.py:3096} INFO - Sync 1 DAGs
[2026-02-01T18:31:47.640+0000] {logging_mixin.py:188} INFO - [2026-02-01T18:31:47.640+0000] {dag.py:3954} INFO - Setting next_dagrun for feature_store_cre to 2026-01-31 00:00:00+00:00, run_after=2026-02-01 00:00:00+00:00
[2026-02-01T18:31:47.654+0000] {processor.py:183} INFO - Processing /opt/airflow/dags/feature_store.py took 1.455 seconds
[2026-02-01T18:32:19.441+0000] {processor.py:161} INFO - Started process (PID=20676) to work on /opt/airflow/dags/feature_store.py
[2026-02-01T18:32:19.441+0000] {processor.py:830} INFO - Processing file /opt/airflow/dags/feature_store.py for tasks to queue
[2026-02-01T18:32:19.442+0000] {logging_mixin.py:188} INFO - [2026-02-01T18:32:19.442+0000] {dagbag.py:545} INFO - Filling up the DagBag from /opt/airflow/dags/feature_store.py
[2026-02-01T18:32:20.851+0000] {logging_mixin.py:188} WARNING - /opt/airflow/dags/feature_store.py:64 RemovedInAirflow3Warning: Param `schedule_interval` is deprecated and will be removed in a future release. Please use `schedule` instead.
[2026-02-01T18:32:20.854+0000] {processor.py:840} INFO - DAG(s) 'feature_store_cre' retrieved from /opt/airflow/dags/feature_store.py
[2026-02-01T18:32:20.871+0000] {logging_mixin.py:188} INFO - [2026-02-01T18:32:20.870+0000] {dag.py:3096} INFO - Sync 1 DAGs
[2026-02-01T18:32:20.888+0000] {logging_mixin.py:188} INFO - [2026-02-01T18:32:20.888+0000] {dag.py:3954} INFO - Setting next_dagrun for feature_store_cre to 2026-01-31 00:00:00+00:00, run_after=2026-02-01 00:00:00+00:00
[2026-02-01T18:32:20.902+0000] {processor.py:183} INFO - Processing /opt/airflow/dags/feature_store.py took 1.465 seconds
[2026-02-01T18:32:52.696+0000] {processor.py:161} INFO - Started process (PID=20723) to work on /opt/airflow/dags/feature_store.py
[2026-02-01T18:32:52.697+0000] {processor.py:830} INFO - Processing file /opt/airflow/dags/feature_store.py for tasks to queue
[2026-02-01T18:32:52.698+0000] {logging_mixin.py:188} INFO - [2026-02-01T18:32:52.698+0000] {dagbag.py:545} INFO - Filling up the DagBag from /opt/airflow/dags/feature_store.py
[2026-02-01T18:32:54.069+0000] {logging_mixin.py:188} WARNING - /opt/airflow/dags/feature_store.py:64 RemovedInAirflow3Warning: Param `schedule_interval` is deprecated and will be removed in a future release. Please use `schedule` instead.
[2026-02-01T18:32:54.072+0000] {processor.py:840} INFO - DAG(s) 'feature_store_cre' retrieved from /opt/airflow/dags/feature_store.py
[2026-02-01T18:32:54.087+0000] {logging_mixin.py:188} INFO - [2026-02-01T18:32:54.087+0000] {dag.py:3096} INFO - Sync 1 DAGs
[2026-02-01T18:32:54.101+0000] {logging_mixin.py:188} INFO - [2026-02-01T18:32:54.101+0000] {dag.py:3954} INFO - Setting next_dagrun for feature_store_cre to 2026-01-31 00:00:00+00:00, run_after=2026-02-01 00:00:00+00:00
[2026-02-01T18:32:54.119+0000] {processor.py:183} INFO - Processing /opt/airflow/dags/feature_store.py took 1.427 seconds
[2026-02-01T18:33:26.571+0000] {processor.py:161} INFO - Started process (PID=20770) to work on /opt/airflow/dags/feature_store.py
[2026-02-01T18:33:26.571+0000] {processor.py:830} INFO - Processing file /opt/airflow/dags/feature_store.py for tasks to queue
[2026-02-01T18:33:26.573+0000] {logging_mixin.py:188} INFO - [2026-02-01T18:33:26.572+0000] {dagbag.py:545} INFO - Filling up the DagBag from /opt/airflow/dags/feature_store.py
[2026-02-01T18:33:27.911+0000] {logging_mixin.py:188} WARNING - /opt/airflow/dags/feature_store.py:64 RemovedInAirflow3Warning: Param `schedule_interval` is deprecated and will be removed in a future release. Please use `schedule` instead.
[2026-02-01T18:33:27.914+0000] {processor.py:840} INFO - DAG(s) 'feature_store_cre' retrieved from /opt/airflow/dags/feature_store.py
[2026-02-01T18:33:27.930+0000] {logging_mixin.py:188} INFO - [2026-02-01T18:33:27.930+0000] {dag.py:3096} INFO - Sync 1 DAGs
[2026-02-01T18:33:27.946+0000] {logging_mixin.py:188} INFO - [2026-02-01T18:33:27.946+0000] {dag.py:3954} INFO - Setting next_dagrun for feature_store_cre to 2026-01-31 00:00:00+00:00, run_after=2026-02-01 00:00:00+00:00
[2026-02-01T18:33:27.959+0000] {processor.py:183} INFO - Processing /opt/airflow/dags/feature_store.py took 1.393 seconds
[2026-02-01T18:33:59.789+0000] {processor.py:161} INFO - Started process (PID=20817) to work on /opt/airflow/dags/feature_store.py
[2026-02-01T18:33:59.791+0000] {processor.py:830} INFO - Processing file /opt/airflow/dags/feature_store.py for tasks to queue
[2026-02-01T18:33:59.793+0000] {logging_mixin.py:188} INFO - [2026-02-01T18:33:59.793+0000] {dagbag.py:545} INFO - Filling up the DagBag from /opt/airflow/dags/feature_store.py
[2026-02-01T18:34:01.438+0000] {logging_mixin.py:188} WARNING - /opt/airflow/dags/feature_store.py:64 RemovedInAirflow3Warning: Param `schedule_interval` is deprecated and will be removed in a future release. Please use `schedule` instead.
[2026-02-01T18:34:01.441+0000] {processor.py:840} INFO - DAG(s) 'feature_store_cre' retrieved from /opt/airflow/dags/feature_store.py
[2026-02-01T18:34:01.463+0000] {logging_mixin.py:188} INFO - [2026-02-01T18:34:01.463+0000] {dag.py:3096} INFO - Sync 1 DAGs
[2026-02-01T18:34:01.481+0000] {logging_mixin.py:188} INFO - [2026-02-01T18:34:01.480+0000] {dag.py:3954} INFO - Setting next_dagrun for feature_store_cre to 2026-01-31 00:00:00+00:00, run_after=2026-02-01 00:00:00+00:00
[2026-02-01T18:34:01.503+0000] {processor.py:183} INFO - Processing /opt/airflow/dags/feature_store.py took 1.718 seconds
[2026-02-01T18:34:33.418+0000] {processor.py:161} INFO - Started process (PID=20864) to work on /opt/airflow/dags/feature_store.py
[2026-02-01T18:34:33.418+0000] {processor.py:830} INFO - Processing file /opt/airflow/dags/feature_store.py for tasks to queue
[2026-02-01T18:34:33.419+0000] {logging_mixin.py:188} INFO - [2026-02-01T18:34:33.419+0000] {dagbag.py:545} INFO - Filling up the DagBag from /opt/airflow/dags/feature_store.py
[2026-02-01T18:34:34.672+0000] {logging_mixin.py:188} WARNING - /opt/airflow/dags/feature_store.py:64 RemovedInAirflow3Warning: Param `schedule_interval` is deprecated and will be removed in a future release. Please use `schedule` instead.
[2026-02-01T18:34:34.676+0000] {processor.py:840} INFO - DAG(s) 'feature_store_cre' retrieved from /opt/airflow/dags/feature_store.py
[2026-02-01T18:34:34.692+0000] {logging_mixin.py:188} INFO - [2026-02-01T18:34:34.692+0000] {dag.py:3096} INFO - Sync 1 DAGs
[2026-02-01T18:34:34.704+0000] {logging_mixin.py:188} INFO - [2026-02-01T18:34:34.704+0000] {dag.py:3954} INFO - Setting next_dagrun for feature_store_cre to 2026-01-31 00:00:00+00:00, run_after=2026-02-01 00:00:00+00:00
[2026-02-01T18:34:34.721+0000] {processor.py:183} INFO - Processing /opt/airflow/dags/feature_store.py took 1.308 seconds
[2026-02-01T18:35:06.524+0000] {processor.py:161} INFO - Started process (PID=20911) to work on /opt/airflow/dags/feature_store.py
[2026-02-01T18:35:06.525+0000] {processor.py:830} INFO - Processing file /opt/airflow/dags/feature_store.py for tasks to queue
[2026-02-01T18:35:06.527+0000] {logging_mixin.py:188} INFO - [2026-02-01T18:35:06.526+0000] {dagbag.py:545} INFO - Filling up the DagBag from /opt/airflow/dags/feature_store.py
[2026-02-01T18:35:08.066+0000] {logging_mixin.py:188} WARNING - /opt/airflow/dags/feature_store.py:64 RemovedInAirflow3Warning: Param `schedule_interval` is deprecated and will be removed in a future release. Please use `schedule` instead.
[2026-02-01T18:35:08.071+0000] {processor.py:840} INFO - DAG(s) 'feature_store_cre' retrieved from /opt/airflow/dags/feature_store.py
[2026-02-01T18:35:08.090+0000] {logging_mixin.py:188} INFO - [2026-02-01T18:35:08.090+0000] {dag.py:3096} INFO - Sync 1 DAGs
[2026-02-01T18:35:08.105+0000] {logging_mixin.py:188} INFO - [2026-02-01T18:35:08.105+0000] {dag.py:3954} INFO - Setting next_dagrun for feature_store_cre to 2026-01-31 00:00:00+00:00, run_after=2026-02-01 00:00:00+00:00
[2026-02-01T18:35:08.124+0000] {processor.py:183} INFO - Processing /opt/airflow/dags/feature_store.py took 1.605 seconds
[2026-02-01T18:35:40.021+0000] {processor.py:161} INFO - Started process (PID=20958) to work on /opt/airflow/dags/feature_store.py
[2026-02-01T18:35:40.022+0000] {processor.py:830} INFO - Processing file /opt/airflow/dags/feature_store.py for tasks to queue
[2026-02-01T18:35:40.023+0000] {logging_mixin.py:188} INFO - [2026-02-01T18:35:40.023+0000] {dagbag.py:545} INFO - Filling up the DagBag from /opt/airflow/dags/feature_store.py
[2026-02-01T18:35:41.647+0000] {logging_mixin.py:188} WARNING - /opt/airflow/dags/feature_store.py:64 RemovedInAirflow3Warning: Param `schedule_interval` is deprecated and will be removed in a future release. Please use `schedule` instead.
[2026-02-01T18:35:41.651+0000] {processor.py:840} INFO - DAG(s) 'feature_store_cre' retrieved from /opt/airflow/dags/feature_store.py
[2026-02-01T18:35:41.666+0000] {logging_mixin.py:188} INFO - [2026-02-01T18:35:41.666+0000] {dag.py:3096} INFO - Sync 1 DAGs
[2026-02-01T18:35:41.679+0000] {logging_mixin.py:188} INFO - [2026-02-01T18:35:41.679+0000] {dag.py:3954} INFO - Setting next_dagrun for feature_store_cre to 2026-01-31 00:00:00+00:00, run_after=2026-02-01 00:00:00+00:00
[2026-02-01T18:35:41.694+0000] {processor.py:183} INFO - Processing /opt/airflow/dags/feature_store.py took 1.677 seconds
[2026-02-01T18:36:13.494+0000] {processor.py:161} INFO - Started process (PID=21005) to work on /opt/airflow/dags/feature_store.py
[2026-02-01T18:36:13.495+0000] {processor.py:830} INFO - Processing file /opt/airflow/dags/feature_store.py for tasks to queue
[2026-02-01T18:36:13.496+0000] {logging_mixin.py:188} INFO - [2026-02-01T18:36:13.495+0000] {dagbag.py:545} INFO - Filling up the DagBag from /opt/airflow/dags/feature_store.py
[2026-02-01T18:36:14.823+0000] {logging_mixin.py:188} WARNING - /opt/airflow/dags/feature_store.py:64 RemovedInAirflow3Warning: Param `schedule_interval` is deprecated and will be removed in a future release. Please use `schedule` instead.
[2026-02-01T18:36:14.826+0000] {processor.py:840} INFO - DAG(s) 'feature_store_cre' retrieved from /opt/airflow/dags/feature_store.py
[2026-02-01T18:36:14.843+0000] {logging_mixin.py:188} INFO - [2026-02-01T18:36:14.842+0000] {dag.py:3096} INFO - Sync 1 DAGs
[2026-02-01T18:36:14.857+0000] {logging_mixin.py:188} INFO - [2026-02-01T18:36:14.857+0000] {dag.py:3954} INFO - Setting next_dagrun for feature_store_cre to 2026-01-31 00:00:00+00:00, run_after=2026-02-01 00:00:00+00:00
[2026-02-01T18:36:14.873+0000] {processor.py:183} INFO - Processing /opt/airflow/dags/feature_store.py took 1.384 seconds
[2026-02-01T18:36:46.738+0000] {processor.py:161} INFO - Started process (PID=21052) to work on /opt/airflow/dags/feature_store.py
[2026-02-01T18:36:46.738+0000] {processor.py:830} INFO - Processing file /opt/airflow/dags/feature_store.py for tasks to queue
[2026-02-01T18:36:46.739+0000] {logging_mixin.py:188} INFO - [2026-02-01T18:36:46.739+0000] {dagbag.py:545} INFO - Filling up the DagBag from /opt/airflow/dags/feature_store.py
[2026-02-01T18:36:48.020+0000] {logging_mixin.py:188} WARNING - /opt/airflow/dags/feature_store.py:64 RemovedInAirflow3Warning: Param `schedule_interval` is deprecated and will be removed in a future release. Please use `schedule` instead.
[2026-02-01T18:36:48.023+0000] {processor.py:840} INFO - DAG(s) 'feature_store_cre' retrieved from /opt/airflow/dags/feature_store.py
[2026-02-01T18:36:48.041+0000] {logging_mixin.py:188} INFO - [2026-02-01T18:36:48.040+0000] {dag.py:3096} INFO - Sync 1 DAGs
[2026-02-01T18:36:48.054+0000] {logging_mixin.py:188} INFO - [2026-02-01T18:36:48.054+0000] {dag.py:3954} INFO - Setting next_dagrun for feature_store_cre to 2026-01-31 00:00:00+00:00, run_after=2026-02-01 00:00:00+00:00
[2026-02-01T18:36:48.068+0000] {processor.py:183} INFO - Processing /opt/airflow/dags/feature_store.py took 1.334 seconds
[2026-02-01T18:37:19.865+0000] {processor.py:161} INFO - Started process (PID=21099) to work on /opt/airflow/dags/feature_store.py
[2026-02-01T18:37:19.866+0000] {processor.py:830} INFO - Processing file /opt/airflow/dags/feature_store.py for tasks to queue
[2026-02-01T18:37:19.867+0000] {logging_mixin.py:188} INFO - [2026-02-01T18:37:19.867+0000] {dagbag.py:545} INFO - Filling up the DagBag from /opt/airflow/dags/feature_store.py
[2026-02-01T18:37:21.302+0000] {logging_mixin.py:188} WARNING - /opt/airflow/dags/feature_store.py:64 RemovedInAirflow3Warning: Param `schedule_interval` is deprecated and will be removed in a future release. Please use `schedule` instead.
[2026-02-01T18:37:21.306+0000] {processor.py:840} INFO - DAG(s) 'feature_store_cre' retrieved from /opt/airflow/dags/feature_store.py
[2026-02-01T18:37:21.323+0000] {logging_mixin.py:188} INFO - [2026-02-01T18:37:21.322+0000] {dag.py:3096} INFO - Sync 1 DAGs
[2026-02-01T18:37:21.336+0000] {logging_mixin.py:188} INFO - [2026-02-01T18:37:21.336+0000] {dag.py:3954} INFO - Setting next_dagrun for feature_store_cre to 2026-01-31 00:00:00+00:00, run_after=2026-02-01 00:00:00+00:00
[2026-02-01T18:37:21.358+0000] {processor.py:183} INFO - Processing /opt/airflow/dags/feature_store.py took 1.496 seconds
[2026-02-01T18:37:53.161+0000] {processor.py:161} INFO - Started process (PID=21146) to work on /opt/airflow/dags/feature_store.py
[2026-02-01T18:37:53.162+0000] {processor.py:830} INFO - Processing file /opt/airflow/dags/feature_store.py for tasks to queue
[2026-02-01T18:37:53.163+0000] {logging_mixin.py:188} INFO - [2026-02-01T18:37:53.163+0000] {dagbag.py:545} INFO - Filling up the DagBag from /opt/airflow/dags/feature_store.py
[2026-02-01T18:37:54.522+0000] {logging_mixin.py:188} WARNING - /opt/airflow/dags/feature_store.py:64 RemovedInAirflow3Warning: Param `schedule_interval` is deprecated and will be removed in a future release. Please use `schedule` instead.
[2026-02-01T18:37:54.525+0000] {processor.py:840} INFO - DAG(s) 'feature_store_cre' retrieved from /opt/airflow/dags/feature_store.py
[2026-02-01T18:37:54.542+0000] {logging_mixin.py:188} INFO - [2026-02-01T18:37:54.542+0000] {dag.py:3096} INFO - Sync 1 DAGs
[2026-02-01T18:37:54.556+0000] {logging_mixin.py:188} INFO - [2026-02-01T18:37:54.556+0000] {dag.py:3954} INFO - Setting next_dagrun for feature_store_cre to 2026-01-31 00:00:00+00:00, run_after=2026-02-01 00:00:00+00:00
[2026-02-01T18:37:54.571+0000] {processor.py:183} INFO - Processing /opt/airflow/dags/feature_store.py took 1.414 seconds
[2026-02-01T18:38:26.398+0000] {processor.py:161} INFO - Started process (PID=21193) to work on /opt/airflow/dags/feature_store.py
[2026-02-01T18:38:26.399+0000] {processor.py:830} INFO - Processing file /opt/airflow/dags/feature_store.py for tasks to queue
[2026-02-01T18:38:26.400+0000] {logging_mixin.py:188} INFO - [2026-02-01T18:38:26.399+0000] {dagbag.py:545} INFO - Filling up the DagBag from /opt/airflow/dags/feature_store.py
[2026-02-01T18:38:27.698+0000] {logging_mixin.py:188} WARNING - /opt/airflow/dags/feature_store.py:64 RemovedInAirflow3Warning: Param `schedule_interval` is deprecated and will be removed in a future release. Please use `schedule` instead.
[2026-02-01T18:38:27.702+0000] {processor.py:840} INFO - DAG(s) 'feature_store_cre' retrieved from /opt/airflow/dags/feature_store.py
[2026-02-01T18:38:27.721+0000] {logging_mixin.py:188} INFO - [2026-02-01T18:38:27.721+0000] {dag.py:3096} INFO - Sync 1 DAGs
[2026-02-01T18:38:27.735+0000] {logging_mixin.py:188} INFO - [2026-02-01T18:38:27.735+0000] {dag.py:3954} INFO - Setting next_dagrun for feature_store_cre to 2026-01-31 00:00:00+00:00, run_after=2026-02-01 00:00:00+00:00
[2026-02-01T18:38:27.752+0000] {processor.py:183} INFO - Processing /opt/airflow/dags/feature_store.py took 1.358 seconds
[2026-02-01T18:38:59.583+0000] {processor.py:161} INFO - Started process (PID=21240) to work on /opt/airflow/dags/feature_store.py
[2026-02-01T18:38:59.584+0000] {processor.py:830} INFO - Processing file /opt/airflow/dags/feature_store.py for tasks to queue
[2026-02-01T18:38:59.586+0000] {logging_mixin.py:188} INFO - [2026-02-01T18:38:59.585+0000] {dagbag.py:545} INFO - Filling up the DagBag from /opt/airflow/dags/feature_store.py
[2026-02-01T18:39:00.944+0000] {logging_mixin.py:188} WARNING - /opt/airflow/dags/feature_store.py:64 RemovedInAirflow3Warning: Param `schedule_interval` is deprecated and will be removed in a future release. Please use `schedule` instead.
[2026-02-01T18:39:00.948+0000] {processor.py:840} INFO - DAG(s) 'feature_store_cre' retrieved from /opt/airflow/dags/feature_store.py
[2026-02-01T18:39:00.966+0000] {logging_mixin.py:188} INFO - [2026-02-01T18:39:00.966+0000] {dag.py:3096} INFO - Sync 1 DAGs
[2026-02-01T18:39:00.981+0000] {logging_mixin.py:188} INFO - [2026-02-01T18:39:00.981+0000] {dag.py:3954} INFO - Setting next_dagrun for feature_store_cre to 2026-01-31 00:00:00+00:00, run_after=2026-02-01 00:00:00+00:00
[2026-02-01T18:39:00.997+0000] {processor.py:183} INFO - Processing /opt/airflow/dags/feature_store.py took 1.417 seconds
[2026-02-01T18:39:33.247+0000] {processor.py:161} INFO - Started process (PID=21287) to work on /opt/airflow/dags/feature_store.py
[2026-02-01T18:39:33.247+0000] {processor.py:830} INFO - Processing file /opt/airflow/dags/feature_store.py for tasks to queue
[2026-02-01T18:39:33.248+0000] {logging_mixin.py:188} INFO - [2026-02-01T18:39:33.248+0000] {dagbag.py:545} INFO - Filling up the DagBag from /opt/airflow/dags/feature_store.py
[2026-02-01T18:39:34.560+0000] {logging_mixin.py:188} WARNING - /opt/airflow/dags/feature_store.py:64 RemovedInAirflow3Warning: Param `schedule_interval` is deprecated and will be removed in a future release. Please use `schedule` instead.
[2026-02-01T18:39:34.564+0000] {processor.py:840} INFO - DAG(s) 'feature_store_cre' retrieved from /opt/airflow/dags/feature_store.py
[2026-02-01T18:39:34.579+0000] {logging_mixin.py:188} INFO - [2026-02-01T18:39:34.579+0000] {dag.py:3096} INFO - Sync 1 DAGs
[2026-02-01T18:39:34.593+0000] {logging_mixin.py:188} INFO - [2026-02-01T18:39:34.593+0000] {dag.py:3954} INFO - Setting next_dagrun for feature_store_cre to 2026-01-31 00:00:00+00:00, run_after=2026-02-01 00:00:00+00:00
[2026-02-01T18:39:34.608+0000] {processor.py:183} INFO - Processing /opt/airflow/dags/feature_store.py took 1.365 seconds
[2026-02-01T18:40:06.406+0000] {processor.py:161} INFO - Started process (PID=21334) to work on /opt/airflow/dags/feature_store.py
[2026-02-01T18:40:06.407+0000] {processor.py:830} INFO - Processing file /opt/airflow/dags/feature_store.py for tasks to queue
[2026-02-01T18:40:06.408+0000] {logging_mixin.py:188} INFO - [2026-02-01T18:40:06.408+0000] {dagbag.py:545} INFO - Filling up the DagBag from /opt/airflow/dags/feature_store.py
[2026-02-01T18:40:07.681+0000] {logging_mixin.py:188} WARNING - /opt/airflow/dags/feature_store.py:64 RemovedInAirflow3Warning: Param `schedule_interval` is deprecated and will be removed in a future release. Please use `schedule` instead.
[2026-02-01T18:40:07.685+0000] {processor.py:840} INFO - DAG(s) 'feature_store_cre' retrieved from /opt/airflow/dags/feature_store.py
[2026-02-01T18:40:07.702+0000] {logging_mixin.py:188} INFO - [2026-02-01T18:40:07.701+0000] {dag.py:3096} INFO - Sync 1 DAGs
[2026-02-01T18:40:07.717+0000] {logging_mixin.py:188} INFO - [2026-02-01T18:40:07.716+0000] {dag.py:3954} INFO - Setting next_dagrun for feature_store_cre to 2026-01-31 00:00:00+00:00, run_after=2026-02-01 00:00:00+00:00
[2026-02-01T18:40:07.731+0000] {processor.py:183} INFO - Processing /opt/airflow/dags/feature_store.py took 1.329 seconds
[2026-02-01T18:40:39.566+0000] {processor.py:161} INFO - Started process (PID=21381) to work on /opt/airflow/dags/feature_store.py
[2026-02-01T18:40:39.567+0000] {processor.py:830} INFO - Processing file /opt/airflow/dags/feature_store.py for tasks to queue
[2026-02-01T18:40:39.568+0000] {logging_mixin.py:188} INFO - [2026-02-01T18:40:39.568+0000] {dagbag.py:545} INFO - Filling up the DagBag from /opt/airflow/dags/feature_store.py
[2026-02-01T18:40:40.906+0000] {logging_mixin.py:188} WARNING - /opt/airflow/dags/feature_store.py:64 RemovedInAirflow3Warning: Param `schedule_interval` is deprecated and will be removed in a future release. Please use `schedule` instead.
[2026-02-01T18:40:40.910+0000] {processor.py:840} INFO - DAG(s) 'feature_store_cre' retrieved from /opt/airflow/dags/feature_store.py
[2026-02-01T18:40:40.928+0000] {logging_mixin.py:188} INFO - [2026-02-01T18:40:40.928+0000] {dag.py:3096} INFO - Sync 1 DAGs
[2026-02-01T18:40:40.943+0000] {logging_mixin.py:188} INFO - [2026-02-01T18:40:40.943+0000] {dag.py:3954} INFO - Setting next_dagrun for feature_store_cre to 2026-01-31 00:00:00+00:00, run_after=2026-02-01 00:00:00+00:00
[2026-02-01T18:40:40.958+0000] {processor.py:183} INFO - Processing /opt/airflow/dags/feature_store.py took 1.396 seconds
[2026-02-01T18:41:13.441+0000] {processor.py:161} INFO - Started process (PID=21428) to work on /opt/airflow/dags/feature_store.py
[2026-02-01T18:41:13.442+0000] {processor.py:830} INFO - Processing file /opt/airflow/dags/feature_store.py for tasks to queue
[2026-02-01T18:41:13.444+0000] {logging_mixin.py:188} INFO - [2026-02-01T18:41:13.443+0000] {dagbag.py:545} INFO - Filling up the DagBag from /opt/airflow/dags/feature_store.py
[2026-02-01T18:41:14.861+0000] {logging_mixin.py:188} WARNING - /opt/airflow/dags/feature_store.py:64 RemovedInAirflow3Warning: Param `schedule_interval` is deprecated and will be removed in a future release. Please use `schedule` instead.
[2026-02-01T18:41:14.865+0000] {processor.py:840} INFO - DAG(s) 'feature_store_cre' retrieved from /opt/airflow/dags/feature_store.py
[2026-02-01T18:41:14.881+0000] {logging_mixin.py:188} INFO - [2026-02-01T18:41:14.881+0000] {dag.py:3096} INFO - Sync 1 DAGs
[2026-02-01T18:41:14.895+0000] {logging_mixin.py:188} INFO - [2026-02-01T18:41:14.894+0000] {dag.py:3954} INFO - Setting next_dagrun for feature_store_cre to 2026-01-31 00:00:00+00:00, run_after=2026-02-01 00:00:00+00:00
[2026-02-01T18:41:14.912+0000] {processor.py:183} INFO - Processing /opt/airflow/dags/feature_store.py took 1.475 seconds
[2026-02-01T18:41:46.477+0000] {processor.py:161} INFO - Started process (PID=21475) to work on /opt/airflow/dags/feature_store.py
[2026-02-01T18:41:46.478+0000] {processor.py:830} INFO - Processing file /opt/airflow/dags/feature_store.py for tasks to queue
[2026-02-01T18:41:46.479+0000] {logging_mixin.py:188} INFO - [2026-02-01T18:41:46.478+0000] {dagbag.py:545} INFO - Filling up the DagBag from /opt/airflow/dags/feature_store.py
[2026-02-01T18:41:48.048+0000] {logging_mixin.py:188} WARNING - /opt/airflow/dags/feature_store.py:64 RemovedInAirflow3Warning: Param `schedule_interval` is deprecated and will be removed in a future release. Please use `schedule` instead.
[2026-02-01T18:41:48.052+0000] {processor.py:840} INFO - DAG(s) 'feature_store_cre' retrieved from /opt/airflow/dags/feature_store.py
[2026-02-01T18:41:48.070+0000] {logging_mixin.py:188} INFO - [2026-02-01T18:41:48.069+0000] {dag.py:3096} INFO - Sync 1 DAGs
[2026-02-01T18:41:48.085+0000] {logging_mixin.py:188} INFO - [2026-02-01T18:41:48.085+0000] {dag.py:3954} INFO - Setting next_dagrun for feature_store_cre to 2026-01-31 00:00:00+00:00, run_after=2026-02-01 00:00:00+00:00
[2026-02-01T18:41:48.103+0000] {processor.py:183} INFO - Processing /opt/airflow/dags/feature_store.py took 1.630 seconds
[2026-02-01T18:42:19.599+0000] {processor.py:161} INFO - Started process (PID=21522) to work on /opt/airflow/dags/feature_store.py
[2026-02-01T18:42:19.600+0000] {processor.py:830} INFO - Processing file /opt/airflow/dags/feature_store.py for tasks to queue
[2026-02-01T18:42:19.601+0000] {logging_mixin.py:188} INFO - [2026-02-01T18:42:19.601+0000] {dagbag.py:545} INFO - Filling up the DagBag from /opt/airflow/dags/feature_store.py
[2026-02-01T18:42:21.209+0000] {logging_mixin.py:188} WARNING - /opt/airflow/dags/feature_store.py:64 RemovedInAirflow3Warning: Param `schedule_interval` is deprecated and will be removed in a future release. Please use `schedule` instead.
[2026-02-01T18:42:21.214+0000] {processor.py:840} INFO - DAG(s) 'feature_store_cre' retrieved from /opt/airflow/dags/feature_store.py
[2026-02-01T18:42:21.235+0000] {logging_mixin.py:188} INFO - [2026-02-01T18:42:21.235+0000] {dag.py:3096} INFO - Sync 1 DAGs
[2026-02-01T18:42:21.255+0000] {logging_mixin.py:188} INFO - [2026-02-01T18:42:21.255+0000] {dag.py:3954} INFO - Setting next_dagrun for feature_store_cre to 2026-01-31 00:00:00+00:00, run_after=2026-02-01 00:00:00+00:00
[2026-02-01T18:42:21.272+0000] {processor.py:183} INFO - Processing /opt/airflow/dags/feature_store.py took 1.678 seconds
[2026-02-01T18:42:53.084+0000] {processor.py:161} INFO - Started process (PID=21570) to work on /opt/airflow/dags/feature_store.py
[2026-02-01T18:42:53.084+0000] {processor.py:830} INFO - Processing file /opt/airflow/dags/feature_store.py for tasks to queue
[2026-02-01T18:42:53.086+0000] {logging_mixin.py:188} INFO - [2026-02-01T18:42:53.086+0000] {dagbag.py:545} INFO - Filling up the DagBag from /opt/airflow/dags/feature_store.py
[2026-02-01T18:42:54.615+0000] {logging_mixin.py:188} WARNING - /opt/airflow/dags/feature_store.py:64 RemovedInAirflow3Warning: Param `schedule_interval` is deprecated and will be removed in a future release. Please use `schedule` instead.
[2026-02-01T18:42:54.621+0000] {processor.py:840} INFO - DAG(s) 'feature_store_cre' retrieved from /opt/airflow/dags/feature_store.py
[2026-02-01T18:42:54.640+0000] {logging_mixin.py:188} INFO - [2026-02-01T18:42:54.639+0000] {dag.py:3096} INFO - Sync 1 DAGs
[2026-02-01T18:42:54.655+0000] {logging_mixin.py:188} INFO - [2026-02-01T18:42:54.655+0000] {dag.py:3954} INFO - Setting next_dagrun for feature_store_cre to 2026-01-31 00:00:00+00:00, run_after=2026-02-01 00:00:00+00:00
[2026-02-01T18:42:54.670+0000] {processor.py:183} INFO - Processing /opt/airflow/dags/feature_store.py took 1.593 seconds
[2026-02-01T18:43:26.461+0000] {processor.py:161} INFO - Started process (PID=21617) to work on /opt/airflow/dags/feature_store.py
[2026-02-01T18:43:26.462+0000] {processor.py:830} INFO - Processing file /opt/airflow/dags/feature_store.py for tasks to queue
[2026-02-01T18:43:26.463+0000] {logging_mixin.py:188} INFO - [2026-02-01T18:43:26.463+0000] {dagbag.py:545} INFO - Filling up the DagBag from /opt/airflow/dags/feature_store.py
[2026-02-01T18:43:28.475+0000] {logging_mixin.py:188} WARNING - /opt/airflow/dags/feature_store.py:64 RemovedInAirflow3Warning: Param `schedule_interval` is deprecated and will be removed in a future release. Please use `schedule` instead.
[2026-02-01T18:43:28.481+0000] {processor.py:840} INFO - DAG(s) 'feature_store_cre' retrieved from /opt/airflow/dags/feature_store.py
[2026-02-01T18:43:28.504+0000] {logging_mixin.py:188} INFO - [2026-02-01T18:43:28.503+0000] {dag.py:3096} INFO - Sync 1 DAGs
[2026-02-01T18:43:28.521+0000] {logging_mixin.py:188} INFO - [2026-02-01T18:43:28.521+0000] {dag.py:3954} INFO - Setting next_dagrun for feature_store_cre to 2026-01-31 00:00:00+00:00, run_after=2026-02-01 00:00:00+00:00
[2026-02-01T18:43:28.540+0000] {processor.py:183} INFO - Processing /opt/airflow/dags/feature_store.py took 2.083 seconds
[2026-02-01T18:43:59.995+0000] {processor.py:161} INFO - Started process (PID=21664) to work on /opt/airflow/dags/feature_store.py
[2026-02-01T18:43:59.996+0000] {processor.py:830} INFO - Processing file /opt/airflow/dags/feature_store.py for tasks to queue
[2026-02-01T18:43:59.998+0000] {logging_mixin.py:188} INFO - [2026-02-01T18:43:59.997+0000] {dagbag.py:545} INFO - Filling up the DagBag from /opt/airflow/dags/feature_store.py
[2026-02-01T18:44:02.009+0000] {logging_mixin.py:188} WARNING - /opt/airflow/dags/feature_store.py:64 RemovedInAirflow3Warning: Param `schedule_interval` is deprecated and will be removed in a future release. Please use `schedule` instead.
[2026-02-01T18:44:02.012+0000] {processor.py:840} INFO - DAG(s) 'feature_store_cre' retrieved from /opt/airflow/dags/feature_store.py
[2026-02-01T18:44:02.031+0000] {logging_mixin.py:188} INFO - [2026-02-01T18:44:02.030+0000] {dag.py:3096} INFO - Sync 1 DAGs
[2026-02-01T18:44:02.046+0000] {logging_mixin.py:188} INFO - [2026-02-01T18:44:02.045+0000] {dag.py:3954} INFO - Setting next_dagrun for feature_store_cre to 2026-01-31 00:00:00+00:00, run_after=2026-02-01 00:00:00+00:00
[2026-02-01T18:44:02.063+0000] {processor.py:183} INFO - Processing /opt/airflow/dags/feature_store.py took 2.073 seconds
[2026-02-01T18:44:32.951+0000] {processor.py:161} INFO - Started process (PID=21711) to work on /opt/airflow/dags/feature_store.py
[2026-02-01T18:44:32.951+0000] {processor.py:830} INFO - Processing file /opt/airflow/dags/feature_store.py for tasks to queue
[2026-02-01T18:44:32.953+0000] {logging_mixin.py:188} INFO - [2026-02-01T18:44:32.953+0000] {dagbag.py:545} INFO - Filling up the DagBag from /opt/airflow/dags/feature_store.py
[2026-02-01T18:44:34.521+0000] {logging_mixin.py:188} WARNING - /opt/airflow/dags/feature_store.py:64 RemovedInAirflow3Warning: Param `schedule_interval` is deprecated and will be removed in a future release. Please use `schedule` instead.
[2026-02-01T18:44:34.525+0000] {processor.py:840} INFO - DAG(s) 'feature_store_cre' retrieved from /opt/airflow/dags/feature_store.py
[2026-02-01T18:44:34.544+0000] {logging_mixin.py:188} INFO - [2026-02-01T18:44:34.543+0000] {dag.py:3096} INFO - Sync 1 DAGs
[2026-02-01T18:44:34.565+0000] {logging_mixin.py:188} INFO - [2026-02-01T18:44:34.564+0000] {dag.py:3954} INFO - Setting next_dagrun for feature_store_cre to 2026-01-31 00:00:00+00:00, run_after=2026-02-01 00:00:00+00:00
[2026-02-01T18:44:34.585+0000] {processor.py:183} INFO - Processing /opt/airflow/dags/feature_store.py took 1.639 seconds
[2026-02-01T18:45:06.513+0000] {processor.py:161} INFO - Started process (PID=21758) to work on /opt/airflow/dags/feature_store.py
[2026-02-01T18:45:06.514+0000] {processor.py:830} INFO - Processing file /opt/airflow/dags/feature_store.py for tasks to queue
[2026-02-01T18:45:06.515+0000] {logging_mixin.py:188} INFO - [2026-02-01T18:45:06.515+0000] {dagbag.py:545} INFO - Filling up the DagBag from /opt/airflow/dags/feature_store.py
[2026-02-01T18:45:07.898+0000] {logging_mixin.py:188} WARNING - /opt/airflow/dags/feature_store.py:64 RemovedInAirflow3Warning: Param `schedule_interval` is deprecated and will be removed in a future release. Please use `schedule` instead.
[2026-02-01T18:45:07.902+0000] {processor.py:840} INFO - DAG(s) 'feature_store_cre' retrieved from /opt/airflow/dags/feature_store.py
[2026-02-01T18:45:07.920+0000] {logging_mixin.py:188} INFO - [2026-02-01T18:45:07.920+0000] {dag.py:3096} INFO - Sync 1 DAGs
[2026-02-01T18:45:07.935+0000] {logging_mixin.py:188} INFO - [2026-02-01T18:45:07.935+0000] {dag.py:3954} INFO - Setting next_dagrun for feature_store_cre to 2026-01-31 00:00:00+00:00, run_after=2026-02-01 00:00:00+00:00
[2026-02-01T18:45:07.954+0000] {processor.py:183} INFO - Processing /opt/airflow/dags/feature_store.py took 1.445 seconds
[2026-02-01T18:45:39.798+0000] {processor.py:161} INFO - Started process (PID=21805) to work on /opt/airflow/dags/feature_store.py
[2026-02-01T18:45:39.799+0000] {processor.py:830} INFO - Processing file /opt/airflow/dags/feature_store.py for tasks to queue
[2026-02-01T18:45:39.800+0000] {logging_mixin.py:188} INFO - [2026-02-01T18:45:39.800+0000] {dagbag.py:545} INFO - Filling up the DagBag from /opt/airflow/dags/feature_store.py
[2026-02-01T18:45:41.242+0000] {logging_mixin.py:188} WARNING - /opt/airflow/dags/feature_store.py:64 RemovedInAirflow3Warning: Param `schedule_interval` is deprecated and will be removed in a future release. Please use `schedule` instead.
[2026-02-01T18:45:41.245+0000] {processor.py:840} INFO - DAG(s) 'feature_store_cre' retrieved from /opt/airflow/dags/feature_store.py
[2026-02-01T18:45:41.263+0000] {logging_mixin.py:188} INFO - [2026-02-01T18:45:41.262+0000] {dag.py:3096} INFO - Sync 1 DAGs
[2026-02-01T18:45:41.277+0000] {logging_mixin.py:188} INFO - [2026-02-01T18:45:41.277+0000] {dag.py:3954} INFO - Setting next_dagrun for feature_store_cre to 2026-01-31 00:00:00+00:00, run_after=2026-02-01 00:00:00+00:00
[2026-02-01T18:45:41.292+0000] {processor.py:183} INFO - Processing /opt/airflow/dags/feature_store.py took 1.500 seconds
[2026-02-01T18:46:13.126+0000] {processor.py:161} INFO - Started process (PID=21852) to work on /opt/airflow/dags/feature_store.py
[2026-02-01T18:46:13.127+0000] {processor.py:830} INFO - Processing file /opt/airflow/dags/feature_store.py for tasks to queue
[2026-02-01T18:46:13.128+0000] {logging_mixin.py:188} INFO - [2026-02-01T18:46:13.128+0000] {dagbag.py:545} INFO - Filling up the DagBag from /opt/airflow/dags/feature_store.py
[2026-02-01T18:46:14.808+0000] {logging_mixin.py:188} WARNING - /opt/airflow/dags/feature_store.py:64 RemovedInAirflow3Warning: Param `schedule_interval` is deprecated and will be removed in a future release. Please use `schedule` instead.
[2026-02-01T18:46:14.814+0000] {processor.py:840} INFO - DAG(s) 'feature_store_cre' retrieved from /opt/airflow/dags/feature_store.py
[2026-02-01T18:46:14.838+0000] {logging_mixin.py:188} INFO - [2026-02-01T18:46:14.838+0000] {dag.py:3096} INFO - Sync 1 DAGs
[2026-02-01T18:46:14.858+0000] {logging_mixin.py:188} INFO - [2026-02-01T18:46:14.858+0000] {dag.py:3954} INFO - Setting next_dagrun for feature_store_cre to 2026-01-31 00:00:00+00:00, run_after=2026-02-01 00:00:00+00:00
[2026-02-01T18:46:14.879+0000] {processor.py:183} INFO - Processing /opt/airflow/dags/feature_store.py took 1.758 seconds
[2026-02-01T18:46:46.786+0000] {processor.py:161} INFO - Started process (PID=21899) to work on /opt/airflow/dags/feature_store.py
[2026-02-01T18:46:46.787+0000] {processor.py:830} INFO - Processing file /opt/airflow/dags/feature_store.py for tasks to queue
[2026-02-01T18:46:46.788+0000] {logging_mixin.py:188} INFO - [2026-02-01T18:46:46.788+0000] {dagbag.py:545} INFO - Filling up the DagBag from /opt/airflow/dags/feature_store.py
[2026-02-01T18:46:48.234+0000] {logging_mixin.py:188} WARNING - /opt/airflow/dags/feature_store.py:64 RemovedInAirflow3Warning: Param `schedule_interval` is deprecated and will be removed in a future release. Please use `schedule` instead.
[2026-02-01T18:46:48.238+0000] {processor.py:840} INFO - DAG(s) 'feature_store_cre' retrieved from /opt/airflow/dags/feature_store.py
[2026-02-01T18:46:48.257+0000] {logging_mixin.py:188} INFO - [2026-02-01T18:46:48.257+0000] {dag.py:3096} INFO - Sync 1 DAGs
[2026-02-01T18:46:48.277+0000] {logging_mixin.py:188} INFO - [2026-02-01T18:46:48.276+0000] {dag.py:3954} INFO - Setting next_dagrun for feature_store_cre to 2026-01-31 00:00:00+00:00, run_after=2026-02-01 00:00:00+00:00
[2026-02-01T18:46:48.290+0000] {processor.py:183} INFO - Processing /opt/airflow/dags/feature_store.py took 1.508 seconds
[2026-02-01T18:47:20.094+0000] {processor.py:161} INFO - Started process (PID=21946) to work on /opt/airflow/dags/feature_store.py
[2026-02-01T18:47:20.095+0000] {processor.py:830} INFO - Processing file /opt/airflow/dags/feature_store.py for tasks to queue
[2026-02-01T18:47:20.096+0000] {logging_mixin.py:188} INFO - [2026-02-01T18:47:20.096+0000] {dagbag.py:545} INFO - Filling up the DagBag from /opt/airflow/dags/feature_store.py
[2026-02-01T18:47:21.666+0000] {logging_mixin.py:188} WARNING - /opt/airflow/dags/feature_store.py:64 RemovedInAirflow3Warning: Param `schedule_interval` is deprecated and will be removed in a future release. Please use `schedule` instead.
[2026-02-01T18:47:21.669+0000] {processor.py:840} INFO - DAG(s) 'feature_store_cre' retrieved from /opt/airflow/dags/feature_store.py
[2026-02-01T18:47:21.688+0000] {logging_mixin.py:188} INFO - [2026-02-01T18:47:21.687+0000] {dag.py:3096} INFO - Sync 1 DAGs
[2026-02-01T18:47:21.705+0000] {logging_mixin.py:188} INFO - [2026-02-01T18:47:21.704+0000] {dag.py:3954} INFO - Setting next_dagrun for feature_store_cre to 2026-01-31 00:00:00+00:00, run_after=2026-02-01 00:00:00+00:00
[2026-02-01T18:47:21.721+0000] {processor.py:183} INFO - Processing /opt/airflow/dags/feature_store.py took 1.631 seconds
[2026-02-01T18:47:53.646+0000] {processor.py:161} INFO - Started process (PID=21993) to work on /opt/airflow/dags/feature_store.py
[2026-02-01T18:47:53.646+0000] {processor.py:830} INFO - Processing file /opt/airflow/dags/feature_store.py for tasks to queue
[2026-02-01T18:47:53.647+0000] {logging_mixin.py:188} INFO - [2026-02-01T18:47:53.647+0000] {dagbag.py:545} INFO - Filling up the DagBag from /opt/airflow/dags/feature_store.py
[2026-02-01T18:47:54.979+0000] {logging_mixin.py:188} WARNING - /opt/airflow/dags/feature_store.py:64 RemovedInAirflow3Warning: Param `schedule_interval` is deprecated and will be removed in a future release. Please use `schedule` instead.
[2026-02-01T18:47:54.982+0000] {processor.py:840} INFO - DAG(s) 'feature_store_cre' retrieved from /opt/airflow/dags/feature_store.py
[2026-02-01T18:47:55.000+0000] {logging_mixin.py:188} INFO - [2026-02-01T18:47:54.999+0000] {dag.py:3096} INFO - Sync 1 DAGs
[2026-02-01T18:47:55.013+0000] {logging_mixin.py:188} INFO - [2026-02-01T18:47:55.013+0000] {dag.py:3954} INFO - Setting next_dagrun for feature_store_cre to 2026-01-31 00:00:00+00:00, run_after=2026-02-01 00:00:00+00:00
[2026-02-01T18:47:55.030+0000] {processor.py:183} INFO - Processing /opt/airflow/dags/feature_store.py took 1.388 seconds
[2026-02-01T18:48:26.850+0000] {processor.py:161} INFO - Started process (PID=22040) to work on /opt/airflow/dags/feature_store.py
[2026-02-01T18:48:26.851+0000] {processor.py:830} INFO - Processing file /opt/airflow/dags/feature_store.py for tasks to queue
[2026-02-01T18:48:26.853+0000] {logging_mixin.py:188} INFO - [2026-02-01T18:48:26.852+0000] {dagbag.py:545} INFO - Filling up the DagBag from /opt/airflow/dags/feature_store.py
[2026-02-01T18:48:28.214+0000] {logging_mixin.py:188} WARNING - /opt/airflow/dags/feature_store.py:64 RemovedInAirflow3Warning: Param `schedule_interval` is deprecated and will be removed in a future release. Please use `schedule` instead.
[2026-02-01T18:48:28.218+0000] {processor.py:840} INFO - DAG(s) 'feature_store_cre' retrieved from /opt/airflow/dags/feature_store.py
[2026-02-01T18:48:28.239+0000] {logging_mixin.py:188} INFO - [2026-02-01T18:48:28.238+0000] {dag.py:3096} INFO - Sync 1 DAGs
[2026-02-01T18:48:28.260+0000] {logging_mixin.py:188} INFO - [2026-02-01T18:48:28.260+0000] {dag.py:3954} INFO - Setting next_dagrun for feature_store_cre to 2026-01-31 00:00:00+00:00, run_after=2026-02-01 00:00:00+00:00
[2026-02-01T18:48:28.279+0000] {processor.py:183} INFO - Processing /opt/airflow/dags/feature_store.py took 1.433 seconds
[2026-02-01T18:49:00.099+0000] {processor.py:161} INFO - Started process (PID=22087) to work on /opt/airflow/dags/feature_store.py
[2026-02-01T18:49:00.100+0000] {processor.py:830} INFO - Processing file /opt/airflow/dags/feature_store.py for tasks to queue
[2026-02-01T18:49:00.101+0000] {logging_mixin.py:188} INFO - [2026-02-01T18:49:00.101+0000] {dagbag.py:545} INFO - Filling up the DagBag from /opt/airflow/dags/feature_store.py
[2026-02-01T18:49:01.603+0000] {logging_mixin.py:188} WARNING - /opt/airflow/dags/feature_store.py:64 RemovedInAirflow3Warning: Param `schedule_interval` is deprecated and will be removed in a future release. Please use `schedule` instead.
[2026-02-01T18:49:01.607+0000] {processor.py:840} INFO - DAG(s) 'feature_store_cre' retrieved from /opt/airflow/dags/feature_store.py
[2026-02-01T18:49:01.624+0000] {logging_mixin.py:188} INFO - [2026-02-01T18:49:01.624+0000] {dag.py:3096} INFO - Sync 1 DAGs
[2026-02-01T18:49:01.639+0000] {logging_mixin.py:188} INFO - [2026-02-01T18:49:01.638+0000] {dag.py:3954} INFO - Setting next_dagrun for feature_store_cre to 2026-01-31 00:00:00+00:00, run_after=2026-02-01 00:00:00+00:00
[2026-02-01T18:49:01.653+0000] {processor.py:183} INFO - Processing /opt/airflow/dags/feature_store.py took 1.559 seconds
[2026-02-01T18:49:33.475+0000] {processor.py:161} INFO - Started process (PID=22134) to work on /opt/airflow/dags/feature_store.py
[2026-02-01T18:49:33.476+0000] {processor.py:830} INFO - Processing file /opt/airflow/dags/feature_store.py for tasks to queue
[2026-02-01T18:49:33.477+0000] {logging_mixin.py:188} INFO - [2026-02-01T18:49:33.477+0000] {dagbag.py:545} INFO - Filling up the DagBag from /opt/airflow/dags/feature_store.py
[2026-02-01T18:49:34.788+0000] {logging_mixin.py:188} WARNING - /opt/airflow/dags/feature_store.py:64 RemovedInAirflow3Warning: Param `schedule_interval` is deprecated and will be removed in a future release. Please use `schedule` instead.
[2026-02-01T18:49:34.792+0000] {processor.py:840} INFO - DAG(s) 'feature_store_cre' retrieved from /opt/airflow/dags/feature_store.py
[2026-02-01T18:49:34.809+0000] {logging_mixin.py:188} INFO - [2026-02-01T18:49:34.809+0000] {dag.py:3096} INFO - Sync 1 DAGs
[2026-02-01T18:49:34.823+0000] {logging_mixin.py:188} INFO - [2026-02-01T18:49:34.823+0000] {dag.py:3954} INFO - Setting next_dagrun for feature_store_cre to 2026-01-31 00:00:00+00:00, run_after=2026-02-01 00:00:00+00:00
[2026-02-01T18:49:34.837+0000] {processor.py:183} INFO - Processing /opt/airflow/dags/feature_store.py took 1.366 seconds
[2026-02-01T18:50:06.646+0000] {processor.py:161} INFO - Started process (PID=22181) to work on /opt/airflow/dags/feature_store.py
[2026-02-01T18:50:06.647+0000] {processor.py:830} INFO - Processing file /opt/airflow/dags/feature_store.py for tasks to queue
[2026-02-01T18:50:06.648+0000] {logging_mixin.py:188} INFO - [2026-02-01T18:50:06.647+0000] {dagbag.py:545} INFO - Filling up the DagBag from /opt/airflow/dags/feature_store.py
[2026-02-01T18:50:07.947+0000] {logging_mixin.py:188} WARNING - /opt/airflow/dags/feature_store.py:64 RemovedInAirflow3Warning: Param `schedule_interval` is deprecated and will be removed in a future release. Please use `schedule` instead.
[2026-02-01T18:50:07.950+0000] {processor.py:840} INFO - DAG(s) 'feature_store_cre' retrieved from /opt/airflow/dags/feature_store.py
[2026-02-01T18:50:07.967+0000] {logging_mixin.py:188} INFO - [2026-02-01T18:50:07.967+0000] {dag.py:3096} INFO - Sync 1 DAGs
[2026-02-01T18:50:07.981+0000] {logging_mixin.py:188} INFO - [2026-02-01T18:50:07.981+0000] {dag.py:3954} INFO - Setting next_dagrun for feature_store_cre to 2026-01-31 00:00:00+00:00, run_after=2026-02-01 00:00:00+00:00
[2026-02-01T18:50:07.994+0000] {processor.py:183} INFO - Processing /opt/airflow/dags/feature_store.py took 1.352 seconds
[2026-02-01T18:50:39.827+0000] {processor.py:161} INFO - Started process (PID=22228) to work on /opt/airflow/dags/feature_store.py
[2026-02-01T18:50:39.828+0000] {processor.py:830} INFO - Processing file /opt/airflow/dags/feature_store.py for tasks to queue
[2026-02-01T18:50:39.830+0000] {logging_mixin.py:188} INFO - [2026-02-01T18:50:39.829+0000] {dagbag.py:545} INFO - Filling up the DagBag from /opt/airflow/dags/feature_store.py
[2026-02-01T18:50:41.144+0000] {logging_mixin.py:188} WARNING - /opt/airflow/dags/feature_store.py:64 RemovedInAirflow3Warning: Param `schedule_interval` is deprecated and will be removed in a future release. Please use `schedule` instead.
[2026-02-01T18:50:41.147+0000] {processor.py:840} INFO - DAG(s) 'feature_store_cre' retrieved from /opt/airflow/dags/feature_store.py
[2026-02-01T18:50:41.163+0000] {logging_mixin.py:188} INFO - [2026-02-01T18:50:41.163+0000] {dag.py:3096} INFO - Sync 1 DAGs
[2026-02-01T18:50:41.177+0000] {logging_mixin.py:188} INFO - [2026-02-01T18:50:41.177+0000] {dag.py:3954} INFO - Setting next_dagrun for feature_store_cre to 2026-01-31 00:00:00+00:00, run_after=2026-02-01 00:00:00+00:00
[2026-02-01T18:50:41.190+0000] {processor.py:183} INFO - Processing /opt/airflow/dags/feature_store.py took 1.367 seconds
[2026-02-01T18:51:13.389+0000] {processor.py:161} INFO - Started process (PID=22274) to work on /opt/airflow/dags/feature_store.py
[2026-02-01T18:51:13.389+0000] {processor.py:830} INFO - Processing file /opt/airflow/dags/feature_store.py for tasks to queue
[2026-02-01T18:51:13.390+0000] {logging_mixin.py:188} INFO - [2026-02-01T18:51:13.390+0000] {dagbag.py:545} INFO - Filling up the DagBag from /opt/airflow/dags/feature_store.py
[2026-02-01T18:51:14.666+0000] {logging_mixin.py:188} WARNING - /opt/airflow/dags/feature_store.py:64 RemovedInAirflow3Warning: Param `schedule_interval` is deprecated and will be removed in a future release. Please use `schedule` instead.
[2026-02-01T18:51:14.669+0000] {processor.py:840} INFO - DAG(s) 'feature_store_cre' retrieved from /opt/airflow/dags/feature_store.py
[2026-02-01T18:51:14.688+0000] {logging_mixin.py:188} INFO - [2026-02-01T18:51:14.688+0000] {dag.py:3096} INFO - Sync 1 DAGs
[2026-02-01T18:51:14.702+0000] {logging_mixin.py:188} INFO - [2026-02-01T18:51:14.702+0000] {dag.py:3954} INFO - Setting next_dagrun for feature_store_cre to 2026-01-31 00:00:00+00:00, run_after=2026-02-01 00:00:00+00:00
[2026-02-01T18:51:14.717+0000] {processor.py:183} INFO - Processing /opt/airflow/dags/feature_store.py took 1.332 seconds
[2026-02-01T18:51:46.509+0000] {processor.py:161} INFO - Started process (PID=22322) to work on /opt/airflow/dags/feature_store.py
[2026-02-01T18:51:46.510+0000] {processor.py:830} INFO - Processing file /opt/airflow/dags/feature_store.py for tasks to queue
[2026-02-01T18:51:46.511+0000] {logging_mixin.py:188} INFO - [2026-02-01T18:51:46.511+0000] {dagbag.py:545} INFO - Filling up the DagBag from /opt/airflow/dags/feature_store.py
[2026-02-01T18:51:47.876+0000] {logging_mixin.py:188} WARNING - /opt/airflow/dags/feature_store.py:64 RemovedInAirflow3Warning: Param `schedule_interval` is deprecated and will be removed in a future release. Please use `schedule` instead.
[2026-02-01T18:51:47.879+0000] {processor.py:840} INFO - DAG(s) 'feature_store_cre' retrieved from /opt/airflow/dags/feature_store.py
[2026-02-01T18:51:47.897+0000] {logging_mixin.py:188} INFO - [2026-02-01T18:51:47.897+0000] {dag.py:3096} INFO - Sync 1 DAGs
[2026-02-01T18:51:47.911+0000] {logging_mixin.py:188} INFO - [2026-02-01T18:51:47.911+0000] {dag.py:3954} INFO - Setting next_dagrun for feature_store_cre to 2026-01-31 00:00:00+00:00, run_after=2026-02-01 00:00:00+00:00
[2026-02-01T18:51:47.926+0000] {processor.py:183} INFO - Processing /opt/airflow/dags/feature_store.py took 1.421 seconds
[2026-02-01T18:52:19.808+0000] {processor.py:161} INFO - Started process (PID=22369) to work on /opt/airflow/dags/feature_store.py
[2026-02-01T18:52:19.808+0000] {processor.py:830} INFO - Processing file /opt/airflow/dags/feature_store.py for tasks to queue
[2026-02-01T18:52:19.809+0000] {logging_mixin.py:188} INFO - [2026-02-01T18:52:19.809+0000] {dagbag.py:545} INFO - Filling up the DagBag from /opt/airflow/dags/feature_store.py
[2026-02-01T18:52:21.180+0000] {logging_mixin.py:188} WARNING - /opt/airflow/dags/feature_store.py:64 RemovedInAirflow3Warning: Param `schedule_interval` is deprecated and will be removed in a future release. Please use `schedule` instead.
[2026-02-01T18:52:21.184+0000] {processor.py:840} INFO - DAG(s) 'feature_store_cre' retrieved from /opt/airflow/dags/feature_store.py
[2026-02-01T18:52:21.201+0000] {logging_mixin.py:188} INFO - [2026-02-01T18:52:21.201+0000] {dag.py:3096} INFO - Sync 1 DAGs
[2026-02-01T18:52:21.218+0000] {logging_mixin.py:188} INFO - [2026-02-01T18:52:21.218+0000] {dag.py:3954} INFO - Setting next_dagrun for feature_store_cre to 2026-01-31 00:00:00+00:00, run_after=2026-02-01 00:00:00+00:00
[2026-02-01T18:52:21.233+0000] {processor.py:183} INFO - Processing /opt/airflow/dags/feature_store.py took 1.430 seconds
[2026-02-01T18:52:53.321+0000] {processor.py:161} INFO - Started process (PID=22416) to work on /opt/airflow/dags/feature_store.py
[2026-02-01T18:52:53.322+0000] {processor.py:830} INFO - Processing file /opt/airflow/dags/feature_store.py for tasks to queue
[2026-02-01T18:52:53.324+0000] {logging_mixin.py:188} INFO - [2026-02-01T18:52:53.323+0000] {dagbag.py:545} INFO - Filling up the DagBag from /opt/airflow/dags/feature_store.py
[2026-02-01T18:52:54.670+0000] {logging_mixin.py:188} WARNING - /opt/airflow/dags/feature_store.py:64 RemovedInAirflow3Warning: Param `schedule_interval` is deprecated and will be removed in a future release. Please use `schedule` instead.
[2026-02-01T18:52:54.673+0000] {processor.py:840} INFO - DAG(s) 'feature_store_cre' retrieved from /opt/airflow/dags/feature_store.py
[2026-02-01T18:52:54.690+0000] {logging_mixin.py:188} INFO - [2026-02-01T18:52:54.689+0000] {dag.py:3096} INFO - Sync 1 DAGs
[2026-02-01T18:52:54.704+0000] {logging_mixin.py:188} INFO - [2026-02-01T18:52:54.704+0000] {dag.py:3954} INFO - Setting next_dagrun for feature_store_cre to 2026-01-31 00:00:00+00:00, run_after=2026-02-01 00:00:00+00:00
[2026-02-01T18:52:54.721+0000] {processor.py:183} INFO - Processing /opt/airflow/dags/feature_store.py took 1.405 seconds
[2026-02-01T18:53:26.535+0000] {processor.py:161} INFO - Started process (PID=22463) to work on /opt/airflow/dags/feature_store.py
[2026-02-01T18:53:26.536+0000] {processor.py:830} INFO - Processing file /opt/airflow/dags/feature_store.py for tasks to queue
[2026-02-01T18:53:26.537+0000] {logging_mixin.py:188} INFO - [2026-02-01T18:53:26.537+0000] {dagbag.py:545} INFO - Filling up the DagBag from /opt/airflow/dags/feature_store.py
[2026-02-01T18:53:27.836+0000] {logging_mixin.py:188} WARNING - /opt/airflow/dags/feature_store.py:64 RemovedInAirflow3Warning: Param `schedule_interval` is deprecated and will be removed in a future release. Please use `schedule` instead.
[2026-02-01T18:53:27.840+0000] {processor.py:840} INFO - DAG(s) 'feature_store_cre' retrieved from /opt/airflow/dags/feature_store.py
[2026-02-01T18:53:27.855+0000] {logging_mixin.py:188} INFO - [2026-02-01T18:53:27.854+0000] {dag.py:3096} INFO - Sync 1 DAGs
[2026-02-01T18:53:27.868+0000] {logging_mixin.py:188} INFO - [2026-02-01T18:53:27.868+0000] {dag.py:3954} INFO - Setting next_dagrun for feature_store_cre to 2026-01-31 00:00:00+00:00, run_after=2026-02-01 00:00:00+00:00
[2026-02-01T18:53:27.881+0000] {processor.py:183} INFO - Processing /opt/airflow/dags/feature_store.py took 1.349 seconds
[2026-02-01T18:53:59.957+0000] {processor.py:161} INFO - Started process (PID=22510) to work on /opt/airflow/dags/feature_store.py
[2026-02-01T18:53:59.958+0000] {processor.py:830} INFO - Processing file /opt/airflow/dags/feature_store.py for tasks to queue
[2026-02-01T18:53:59.960+0000] {logging_mixin.py:188} INFO - [2026-02-01T18:53:59.959+0000] {dagbag.py:545} INFO - Filling up the DagBag from /opt/airflow/dags/feature_store.py
[2026-02-01T18:54:01.331+0000] {logging_mixin.py:188} WARNING - /opt/airflow/dags/feature_store.py:64 RemovedInAirflow3Warning: Param `schedule_interval` is deprecated and will be removed in a future release. Please use `schedule` instead.
[2026-02-01T18:54:01.335+0000] {processor.py:840} INFO - DAG(s) 'feature_store_cre' retrieved from /opt/airflow/dags/feature_store.py
[2026-02-01T18:54:01.351+0000] {logging_mixin.py:188} INFO - [2026-02-01T18:54:01.350+0000] {dag.py:3096} INFO - Sync 1 DAGs
[2026-02-01T18:54:01.363+0000] {logging_mixin.py:188} INFO - [2026-02-01T18:54:01.363+0000] {dag.py:3954} INFO - Setting next_dagrun for feature_store_cre to 2026-01-31 00:00:00+00:00, run_after=2026-02-01 00:00:00+00:00
[2026-02-01T18:54:01.382+0000] {processor.py:183} INFO - Processing /opt/airflow/dags/feature_store.py took 1.429 seconds
[2026-02-01T18:54:33.230+0000] {processor.py:161} INFO - Started process (PID=22556) to work on /opt/airflow/dags/feature_store.py
[2026-02-01T18:54:33.230+0000] {processor.py:830} INFO - Processing file /opt/airflow/dags/feature_store.py for tasks to queue
[2026-02-01T18:54:33.231+0000] {logging_mixin.py:188} INFO - [2026-02-01T18:54:33.231+0000] {dagbag.py:545} INFO - Filling up the DagBag from /opt/airflow/dags/feature_store.py
[2026-02-01T18:54:34.636+0000] {logging_mixin.py:188} WARNING - /opt/airflow/dags/feature_store.py:64 RemovedInAirflow3Warning: Param `schedule_interval` is deprecated and will be removed in a future release. Please use `schedule` instead.
[2026-02-01T18:54:34.639+0000] {processor.py:840} INFO - DAG(s) 'feature_store_cre' retrieved from /opt/airflow/dags/feature_store.py
[2026-02-01T18:54:34.654+0000] {logging_mixin.py:188} INFO - [2026-02-01T18:54:34.654+0000] {dag.py:3096} INFO - Sync 1 DAGs
[2026-02-01T18:54:34.667+0000] {logging_mixin.py:188} INFO - [2026-02-01T18:54:34.667+0000] {dag.py:3954} INFO - Setting next_dagrun for feature_store_cre to 2026-01-31 00:00:00+00:00, run_after=2026-02-01 00:00:00+00:00
[2026-02-01T18:54:34.682+0000] {processor.py:183} INFO - Processing /opt/airflow/dags/feature_store.py took 1.456 seconds
[2026-02-01T18:55:06.799+0000] {processor.py:161} INFO - Started process (PID=22605) to work on /opt/airflow/dags/feature_store.py
[2026-02-01T18:55:06.800+0000] {processor.py:830} INFO - Processing file /opt/airflow/dags/feature_store.py for tasks to queue
[2026-02-01T18:55:06.801+0000] {logging_mixin.py:188} INFO - [2026-02-01T18:55:06.801+0000] {dagbag.py:545} INFO - Filling up the DagBag from /opt/airflow/dags/feature_store.py
[2026-02-01T18:55:08.290+0000] {logging_mixin.py:188} WARNING - /opt/airflow/dags/feature_store.py:64 RemovedInAirflow3Warning: Param `schedule_interval` is deprecated and will be removed in a future release. Please use `schedule` instead.
[2026-02-01T18:55:08.294+0000] {processor.py:840} INFO - DAG(s) 'feature_store_cre' retrieved from /opt/airflow/dags/feature_store.py
[2026-02-01T18:55:08.311+0000] {logging_mixin.py:188} INFO - [2026-02-01T18:55:08.311+0000] {dag.py:3096} INFO - Sync 1 DAGs
[2026-02-01T18:55:08.327+0000] {logging_mixin.py:188} INFO - [2026-02-01T18:55:08.327+0000] {dag.py:3954} INFO - Setting next_dagrun for feature_store_cre to 2026-01-31 00:00:00+00:00, run_after=2026-02-01 00:00:00+00:00
[2026-02-01T18:55:08.348+0000] {processor.py:183} INFO - Processing /opt/airflow/dags/feature_store.py took 1.553 seconds
[2026-02-01T18:55:40.241+0000] {processor.py:161} INFO - Started process (PID=22652) to work on /opt/airflow/dags/feature_store.py
[2026-02-01T18:55:40.241+0000] {processor.py:830} INFO - Processing file /opt/airflow/dags/feature_store.py for tasks to queue
[2026-02-01T18:55:40.242+0000] {logging_mixin.py:188} INFO - [2026-02-01T18:55:40.242+0000] {dagbag.py:545} INFO - Filling up the DagBag from /opt/airflow/dags/feature_store.py
[2026-02-01T18:55:41.597+0000] {logging_mixin.py:188} WARNING - /opt/airflow/dags/feature_store.py:64 RemovedInAirflow3Warning: Param `schedule_interval` is deprecated and will be removed in a future release. Please use `schedule` instead.
[2026-02-01T18:55:41.601+0000] {processor.py:840} INFO - DAG(s) 'feature_store_cre' retrieved from /opt/airflow/dags/feature_store.py
[2026-02-01T18:55:41.619+0000] {logging_mixin.py:188} INFO - [2026-02-01T18:55:41.618+0000] {dag.py:3096} INFO - Sync 1 DAGs
[2026-02-01T18:55:41.633+0000] {logging_mixin.py:188} INFO - [2026-02-01T18:55:41.633+0000] {dag.py:3954} INFO - Setting next_dagrun for feature_store_cre to 2026-01-31 00:00:00+00:00, run_after=2026-02-01 00:00:00+00:00
[2026-02-01T18:55:41.648+0000] {processor.py:183} INFO - Processing /opt/airflow/dags/feature_store.py took 1.411 seconds
[2026-02-01T18:56:13.494+0000] {processor.py:161} INFO - Started process (PID=22699) to work on /opt/airflow/dags/feature_store.py
[2026-02-01T18:56:13.495+0000] {processor.py:830} INFO - Processing file /opt/airflow/dags/feature_store.py for tasks to queue
[2026-02-01T18:56:13.496+0000] {logging_mixin.py:188} INFO - [2026-02-01T18:56:13.496+0000] {dagbag.py:545} INFO - Filling up the DagBag from /opt/airflow/dags/feature_store.py
[2026-02-01T18:56:14.868+0000] {logging_mixin.py:188} WARNING - /opt/airflow/dags/feature_store.py:64 RemovedInAirflow3Warning: Param `schedule_interval` is deprecated and will be removed in a future release. Please use `schedule` instead.
[2026-02-01T18:56:14.873+0000] {processor.py:840} INFO - DAG(s) 'feature_store_cre' retrieved from /opt/airflow/dags/feature_store.py
[2026-02-01T18:56:14.891+0000] {logging_mixin.py:188} INFO - [2026-02-01T18:56:14.890+0000] {dag.py:3096} INFO - Sync 1 DAGs
[2026-02-01T18:56:14.904+0000] {logging_mixin.py:188} INFO - [2026-02-01T18:56:14.904+0000] {dag.py:3954} INFO - Setting next_dagrun for feature_store_cre to 2026-01-31 00:00:00+00:00, run_after=2026-02-01 00:00:00+00:00
[2026-02-01T18:56:14.918+0000] {processor.py:183} INFO - Processing /opt/airflow/dags/feature_store.py took 1.428 seconds
[2026-02-01T18:56:46.744+0000] {processor.py:161} INFO - Started process (PID=22746) to work on /opt/airflow/dags/feature_store.py
[2026-02-01T18:56:46.744+0000] {processor.py:830} INFO - Processing file /opt/airflow/dags/feature_store.py for tasks to queue
[2026-02-01T18:56:46.746+0000] {logging_mixin.py:188} INFO - [2026-02-01T18:56:46.746+0000] {dagbag.py:545} INFO - Filling up the DagBag from /opt/airflow/dags/feature_store.py
[2026-02-01T18:56:48.250+0000] {logging_mixin.py:188} WARNING - /opt/airflow/dags/feature_store.py:64 RemovedInAirflow3Warning: Param `schedule_interval` is deprecated and will be removed in a future release. Please use `schedule` instead.
[2026-02-01T18:56:48.255+0000] {processor.py:840} INFO - DAG(s) 'feature_store_cre' retrieved from /opt/airflow/dags/feature_store.py
[2026-02-01T18:56:48.273+0000] {logging_mixin.py:188} INFO - [2026-02-01T18:56:48.273+0000] {dag.py:3096} INFO - Sync 1 DAGs
[2026-02-01T18:56:48.287+0000] {logging_mixin.py:188} INFO - [2026-02-01T18:56:48.287+0000] {dag.py:3954} INFO - Setting next_dagrun for feature_store_cre to 2026-01-31 00:00:00+00:00, run_after=2026-02-01 00:00:00+00:00
[2026-02-01T18:56:48.302+0000] {processor.py:183} INFO - Processing /opt/airflow/dags/feature_store.py took 1.563 seconds
[2026-02-01T18:57:20.192+0000] {processor.py:161} INFO - Started process (PID=22792) to work on /opt/airflow/dags/feature_store.py
[2026-02-01T18:57:20.193+0000] {processor.py:830} INFO - Processing file /opt/airflow/dags/feature_store.py for tasks to queue
[2026-02-01T18:57:20.194+0000] {logging_mixin.py:188} INFO - [2026-02-01T18:57:20.194+0000] {dagbag.py:545} INFO - Filling up the DagBag from /opt/airflow/dags/feature_store.py
[2026-02-01T18:57:21.550+0000] {logging_mixin.py:188} WARNING - /opt/airflow/dags/feature_store.py:64 RemovedInAirflow3Warning: Param `schedule_interval` is deprecated and will be removed in a future release. Please use `schedule` instead.
[2026-02-01T18:57:21.553+0000] {processor.py:840} INFO - DAG(s) 'feature_store_cre' retrieved from /opt/airflow/dags/feature_store.py
[2026-02-01T18:57:21.571+0000] {logging_mixin.py:188} INFO - [2026-02-01T18:57:21.570+0000] {dag.py:3096} INFO - Sync 1 DAGs
[2026-02-01T18:57:21.584+0000] {logging_mixin.py:188} INFO - [2026-02-01T18:57:21.584+0000] {dag.py:3954} INFO - Setting next_dagrun for feature_store_cre to 2026-01-31 00:00:00+00:00, run_after=2026-02-01 00:00:00+00:00
[2026-02-01T18:57:21.605+0000] {processor.py:183} INFO - Processing /opt/airflow/dags/feature_store.py took 1.417 seconds
[2026-02-01T18:57:53.502+0000] {processor.py:161} INFO - Started process (PID=22840) to work on /opt/airflow/dags/feature_store.py
[2026-02-01T18:57:53.503+0000] {processor.py:830} INFO - Processing file /opt/airflow/dags/feature_store.py for tasks to queue
[2026-02-01T18:57:53.504+0000] {logging_mixin.py:188} INFO - [2026-02-01T18:57:53.504+0000] {dagbag.py:545} INFO - Filling up the DagBag from /opt/airflow/dags/feature_store.py
[2026-02-01T18:57:55.058+0000] {logging_mixin.py:188} WARNING - /opt/airflow/dags/feature_store.py:64 RemovedInAirflow3Warning: Param `schedule_interval` is deprecated and will be removed in a future release. Please use `schedule` instead.
[2026-02-01T18:57:55.062+0000] {processor.py:840} INFO - DAG(s) 'feature_store_cre' retrieved from /opt/airflow/dags/feature_store.py
[2026-02-01T18:57:55.080+0000] {logging_mixin.py:188} INFO - [2026-02-01T18:57:55.080+0000] {dag.py:3096} INFO - Sync 1 DAGs
[2026-02-01T18:57:55.094+0000] {logging_mixin.py:188} INFO - [2026-02-01T18:57:55.094+0000] {dag.py:3954} INFO - Setting next_dagrun for feature_store_cre to 2026-01-31 00:00:00+00:00, run_after=2026-02-01 00:00:00+00:00
[2026-02-01T18:57:55.110+0000] {processor.py:183} INFO - Processing /opt/airflow/dags/feature_store.py took 1.613 seconds
[2026-02-01T18:58:26.933+0000] {processor.py:161} INFO - Started process (PID=22887) to work on /opt/airflow/dags/feature_store.py
[2026-02-01T18:58:26.934+0000] {processor.py:830} INFO - Processing file /opt/airflow/dags/feature_store.py for tasks to queue
[2026-02-01T18:58:26.935+0000] {logging_mixin.py:188} INFO - [2026-02-01T18:58:26.935+0000] {dagbag.py:545} INFO - Filling up the DagBag from /opt/airflow/dags/feature_store.py
[2026-02-01T18:58:28.410+0000] {logging_mixin.py:188} WARNING - /opt/airflow/dags/feature_store.py:64 RemovedInAirflow3Warning: Param `schedule_interval` is deprecated and will be removed in a future release. Please use `schedule` instead.
[2026-02-01T18:58:28.413+0000] {processor.py:840} INFO - DAG(s) 'feature_store_cre' retrieved from /opt/airflow/dags/feature_store.py
[2026-02-01T18:58:28.435+0000] {logging_mixin.py:188} INFO - [2026-02-01T18:58:28.434+0000] {dag.py:3096} INFO - Sync 1 DAGs
[2026-02-01T18:58:28.453+0000] {logging_mixin.py:188} INFO - [2026-02-01T18:58:28.453+0000] {dag.py:3954} INFO - Setting next_dagrun for feature_store_cre to 2026-01-31 00:00:00+00:00, run_after=2026-02-01 00:00:00+00:00
[2026-02-01T18:58:28.470+0000] {processor.py:183} INFO - Processing /opt/airflow/dags/feature_store.py took 1.542 seconds
[2026-02-01T18:58:59.957+0000] {processor.py:161} INFO - Started process (PID=22934) to work on /opt/airflow/dags/feature_store.py
[2026-02-01T18:58:59.958+0000] {processor.py:830} INFO - Processing file /opt/airflow/dags/feature_store.py for tasks to queue
[2026-02-01T18:58:59.959+0000] {logging_mixin.py:188} INFO - [2026-02-01T18:58:59.959+0000] {dagbag.py:545} INFO - Filling up the DagBag from /opt/airflow/dags/feature_store.py
[2026-02-01T18:59:01.530+0000] {logging_mixin.py:188} WARNING - /opt/airflow/dags/feature_store.py:64 RemovedInAirflow3Warning: Param `schedule_interval` is deprecated and will be removed in a future release. Please use `schedule` instead.
[2026-02-01T18:59:01.534+0000] {processor.py:840} INFO - DAG(s) 'feature_store_cre' retrieved from /opt/airflow/dags/feature_store.py
[2026-02-01T18:59:01.552+0000] {logging_mixin.py:188} INFO - [2026-02-01T18:59:01.552+0000] {dag.py:3096} INFO - Sync 1 DAGs
[2026-02-01T18:59:01.568+0000] {logging_mixin.py:188} INFO - [2026-02-01T18:59:01.568+0000] {dag.py:3954} INFO - Setting next_dagrun for feature_store_cre to 2026-01-31 00:00:00+00:00, run_after=2026-02-01 00:00:00+00:00
[2026-02-01T18:59:01.586+0000] {processor.py:183} INFO - Processing /opt/airflow/dags/feature_store.py took 1.634 seconds
[2026-02-01T18:59:33.289+0000] {processor.py:161} INFO - Started process (PID=22982) to work on /opt/airflow/dags/feature_store.py
[2026-02-01T18:59:33.290+0000] {processor.py:830} INFO - Processing file /opt/airflow/dags/feature_store.py for tasks to queue
[2026-02-01T18:59:33.292+0000] {logging_mixin.py:188} INFO - [2026-02-01T18:59:33.291+0000] {dagbag.py:545} INFO - Filling up the DagBag from /opt/airflow/dags/feature_store.py
[2026-02-01T18:59:34.805+0000] {logging_mixin.py:188} WARNING - /opt/airflow/dags/feature_store.py:64 RemovedInAirflow3Warning: Param `schedule_interval` is deprecated and will be removed in a future release. Please use `schedule` instead.
[2026-02-01T18:59:34.809+0000] {processor.py:840} INFO - DAG(s) 'feature_store_cre' retrieved from /opt/airflow/dags/feature_store.py
[2026-02-01T18:59:34.826+0000] {logging_mixin.py:188} INFO - [2026-02-01T18:59:34.825+0000] {dag.py:3096} INFO - Sync 1 DAGs
[2026-02-01T18:59:34.841+0000] {logging_mixin.py:188} INFO - [2026-02-01T18:59:34.841+0000] {dag.py:3954} INFO - Setting next_dagrun for feature_store_cre to 2026-01-31 00:00:00+00:00, run_after=2026-02-01 00:00:00+00:00
[2026-02-01T18:59:34.858+0000] {processor.py:183} INFO - Processing /opt/airflow/dags/feature_store.py took 1.573 seconds
[2026-02-01T19:00:06.646+0000] {processor.py:161} INFO - Started process (PID=23029) to work on /opt/airflow/dags/feature_store.py
[2026-02-01T19:00:06.647+0000] {processor.py:830} INFO - Processing file /opt/airflow/dags/feature_store.py for tasks to queue
[2026-02-01T19:00:06.649+0000] {logging_mixin.py:188} INFO - [2026-02-01T19:00:06.648+0000] {dagbag.py:545} INFO - Filling up the DagBag from /opt/airflow/dags/feature_store.py
[2026-02-01T19:00:08.161+0000] {logging_mixin.py:188} WARNING - /opt/airflow/dags/feature_store.py:64 RemovedInAirflow3Warning: Param `schedule_interval` is deprecated and will be removed in a future release. Please use `schedule` instead.
[2026-02-01T19:00:08.165+0000] {processor.py:840} INFO - DAG(s) 'feature_store_cre' retrieved from /opt/airflow/dags/feature_store.py
[2026-02-01T19:00:08.182+0000] {logging_mixin.py:188} INFO - [2026-02-01T19:00:08.182+0000] {dag.py:3096} INFO - Sync 1 DAGs
[2026-02-01T19:00:08.197+0000] {logging_mixin.py:188} INFO - [2026-02-01T19:00:08.197+0000] {dag.py:3954} INFO - Setting next_dagrun for feature_store_cre to 2026-01-31 00:00:00+00:00, run_after=2026-02-01 00:00:00+00:00
[2026-02-01T19:00:08.214+0000] {processor.py:183} INFO - Processing /opt/airflow/dags/feature_store.py took 1.572 seconds
[2026-02-01T19:00:40.085+0000] {processor.py:161} INFO - Started process (PID=23076) to work on /opt/airflow/dags/feature_store.py
[2026-02-01T19:00:40.086+0000] {processor.py:830} INFO - Processing file /opt/airflow/dags/feature_store.py for tasks to queue
[2026-02-01T19:00:40.088+0000] {logging_mixin.py:188} INFO - [2026-02-01T19:00:40.087+0000] {dagbag.py:545} INFO - Filling up the DagBag from /opt/airflow/dags/feature_store.py
[2026-02-01T19:00:41.688+0000] {logging_mixin.py:188} WARNING - /opt/airflow/dags/feature_store.py:64 RemovedInAirflow3Warning: Param `schedule_interval` is deprecated and will be removed in a future release. Please use `schedule` instead.
[2026-02-01T19:00:41.692+0000] {processor.py:840} INFO - DAG(s) 'feature_store_cre' retrieved from /opt/airflow/dags/feature_store.py
[2026-02-01T19:00:41.709+0000] {logging_mixin.py:188} INFO - [2026-02-01T19:00:41.709+0000] {dag.py:3096} INFO - Sync 1 DAGs
[2026-02-01T19:00:41.725+0000] {logging_mixin.py:188} INFO - [2026-02-01T19:00:41.724+0000] {dag.py:3954} INFO - Setting next_dagrun for feature_store_cre to 2026-01-31 00:00:00+00:00, run_after=2026-02-01 00:00:00+00:00
[2026-02-01T19:00:41.740+0000] {processor.py:183} INFO - Processing /opt/airflow/dags/feature_store.py took 1.659 seconds
[2026-02-01T19:01:13.594+0000] {processor.py:161} INFO - Started process (PID=23123) to work on /opt/airflow/dags/feature_store.py
[2026-02-01T19:01:13.595+0000] {processor.py:830} INFO - Processing file /opt/airflow/dags/feature_store.py for tasks to queue
[2026-02-01T19:01:13.606+0000] {logging_mixin.py:188} INFO - [2026-02-01T19:01:13.597+0000] {dagbag.py:545} INFO - Filling up the DagBag from /opt/airflow/dags/feature_store.py
[2026-02-01T19:01:15.846+0000] {logging_mixin.py:188} WARNING - /opt/airflow/dags/feature_store.py:64 RemovedInAirflow3Warning: Param `schedule_interval` is deprecated and will be removed in a future release. Please use `schedule` instead.
[2026-02-01T19:01:15.850+0000] {processor.py:840} INFO - DAG(s) 'feature_store_cre' retrieved from /opt/airflow/dags/feature_store.py
[2026-02-01T19:01:15.872+0000] {logging_mixin.py:188} INFO - [2026-02-01T19:01:15.872+0000] {dag.py:3096} INFO - Sync 1 DAGs
[2026-02-01T19:01:15.891+0000] {logging_mixin.py:188} INFO - [2026-02-01T19:01:15.891+0000] {dag.py:3954} INFO - Setting next_dagrun for feature_store_cre to 2026-01-31 00:00:00+00:00, run_after=2026-02-01 00:00:00+00:00
[2026-02-01T19:01:15.914+0000] {processor.py:183} INFO - Processing /opt/airflow/dags/feature_store.py took 2.325 seconds
[2026-02-01T19:01:46.837+0000] {processor.py:161} INFO - Started process (PID=23170) to work on /opt/airflow/dags/feature_store.py
[2026-02-01T19:01:46.838+0000] {processor.py:830} INFO - Processing file /opt/airflow/dags/feature_store.py for tasks to queue
[2026-02-01T19:01:46.839+0000] {logging_mixin.py:188} INFO - [2026-02-01T19:01:46.839+0000] {dagbag.py:545} INFO - Filling up the DagBag from /opt/airflow/dags/feature_store.py
[2026-02-01T19:01:48.144+0000] {logging_mixin.py:188} WARNING - /opt/airflow/dags/feature_store.py:64 RemovedInAirflow3Warning: Param `schedule_interval` is deprecated and will be removed in a future release. Please use `schedule` instead.
[2026-02-01T19:01:48.147+0000] {processor.py:840} INFO - DAG(s) 'feature_store_cre' retrieved from /opt/airflow/dags/feature_store.py
[2026-02-01T19:01:48.162+0000] {logging_mixin.py:188} INFO - [2026-02-01T19:01:48.162+0000] {dag.py:3096} INFO - Sync 1 DAGs
[2026-02-01T19:01:48.177+0000] {logging_mixin.py:188} INFO - [2026-02-01T19:01:48.177+0000] {dag.py:3954} INFO - Setting next_dagrun for feature_store_cre to 2026-01-31 00:00:00+00:00, run_after=2026-02-01 00:00:00+00:00
[2026-02-01T19:01:48.192+0000] {processor.py:183} INFO - Processing /opt/airflow/dags/feature_store.py took 1.359 seconds
[2026-02-01T19:02:20.053+0000] {processor.py:161} INFO - Started process (PID=23217) to work on /opt/airflow/dags/feature_store.py
[2026-02-01T19:02:20.054+0000] {processor.py:830} INFO - Processing file /opt/airflow/dags/feature_store.py for tasks to queue
[2026-02-01T19:02:20.055+0000] {logging_mixin.py:188} INFO - [2026-02-01T19:02:20.054+0000] {dagbag.py:545} INFO - Filling up the DagBag from /opt/airflow/dags/feature_store.py
[2026-02-01T19:02:21.424+0000] {logging_mixin.py:188} WARNING - /opt/airflow/dags/feature_store.py:64 RemovedInAirflow3Warning: Param `schedule_interval` is deprecated and will be removed in a future release. Please use `schedule` instead.
[2026-02-01T19:02:21.429+0000] {processor.py:840} INFO - DAG(s) 'feature_store_cre' retrieved from /opt/airflow/dags/feature_store.py
[2026-02-01T19:02:21.454+0000] {logging_mixin.py:188} INFO - [2026-02-01T19:02:21.454+0000] {dag.py:3096} INFO - Sync 1 DAGs
[2026-02-01T19:02:21.471+0000] {logging_mixin.py:188} INFO - [2026-02-01T19:02:21.470+0000] {dag.py:3954} INFO - Setting next_dagrun for feature_store_cre to 2026-01-31 00:00:00+00:00, run_after=2026-02-01 00:00:00+00:00
[2026-02-01T19:02:21.489+0000] {processor.py:183} INFO - Processing /opt/airflow/dags/feature_store.py took 1.441 seconds
[2026-02-01T19:02:53.351+0000] {processor.py:161} INFO - Started process (PID=23263) to work on /opt/airflow/dags/feature_store.py
[2026-02-01T19:02:53.352+0000] {processor.py:830} INFO - Processing file /opt/airflow/dags/feature_store.py for tasks to queue
[2026-02-01T19:02:53.353+0000] {logging_mixin.py:188} INFO - [2026-02-01T19:02:53.353+0000] {dagbag.py:545} INFO - Filling up the DagBag from /opt/airflow/dags/feature_store.py
[2026-02-01T19:02:54.725+0000] {logging_mixin.py:188} WARNING - /opt/airflow/dags/feature_store.py:64 RemovedInAirflow3Warning: Param `schedule_interval` is deprecated and will be removed in a future release. Please use `schedule` instead.
[2026-02-01T19:02:54.728+0000] {processor.py:840} INFO - DAG(s) 'feature_store_cre' retrieved from /opt/airflow/dags/feature_store.py
[2026-02-01T19:02:54.746+0000] {logging_mixin.py:188} INFO - [2026-02-01T19:02:54.746+0000] {dag.py:3096} INFO - Sync 1 DAGs
[2026-02-01T19:02:54.762+0000] {logging_mixin.py:188} INFO - [2026-02-01T19:02:54.762+0000] {dag.py:3954} INFO - Setting next_dagrun for feature_store_cre to 2026-01-31 00:00:00+00:00, run_after=2026-02-01 00:00:00+00:00
[2026-02-01T19:02:54.776+0000] {processor.py:183} INFO - Processing /opt/airflow/dags/feature_store.py took 1.429 seconds
[2026-02-01T19:03:26.969+0000] {processor.py:161} INFO - Started process (PID=23311) to work on /opt/airflow/dags/feature_store.py
[2026-02-01T19:03:26.970+0000] {processor.py:830} INFO - Processing file /opt/airflow/dags/feature_store.py for tasks to queue
[2026-02-01T19:03:26.971+0000] {logging_mixin.py:188} INFO - [2026-02-01T19:03:26.971+0000] {dagbag.py:545} INFO - Filling up the DagBag from /opt/airflow/dags/feature_store.py
[2026-02-01T19:03:28.323+0000] {logging_mixin.py:188} WARNING - /opt/airflow/dags/feature_store.py:64 RemovedInAirflow3Warning: Param `schedule_interval` is deprecated and will be removed in a future release. Please use `schedule` instead.
[2026-02-01T19:03:28.326+0000] {processor.py:840} INFO - DAG(s) 'feature_store_cre' retrieved from /opt/airflow/dags/feature_store.py
[2026-02-01T19:03:28.342+0000] {logging_mixin.py:188} INFO - [2026-02-01T19:03:28.342+0000] {dag.py:3096} INFO - Sync 1 DAGs
[2026-02-01T19:03:28.356+0000] {logging_mixin.py:188} INFO - [2026-02-01T19:03:28.356+0000] {dag.py:3954} INFO - Setting next_dagrun for feature_store_cre to 2026-01-31 00:00:00+00:00, run_after=2026-02-01 00:00:00+00:00
[2026-02-01T19:03:28.371+0000] {processor.py:183} INFO - Processing /opt/airflow/dags/feature_store.py took 1.406 seconds
[2026-02-01T19:04:00.215+0000] {processor.py:161} INFO - Started process (PID=23358) to work on /opt/airflow/dags/feature_store.py
[2026-02-01T19:04:00.216+0000] {processor.py:830} INFO - Processing file /opt/airflow/dags/feature_store.py for tasks to queue
[2026-02-01T19:04:00.217+0000] {logging_mixin.py:188} INFO - [2026-02-01T19:04:00.217+0000] {dagbag.py:545} INFO - Filling up the DagBag from /opt/airflow/dags/feature_store.py
[2026-02-01T19:04:01.604+0000] {logging_mixin.py:188} WARNING - /opt/airflow/dags/feature_store.py:64 RemovedInAirflow3Warning: Param `schedule_interval` is deprecated and will be removed in a future release. Please use `schedule` instead.
[2026-02-01T19:04:01.607+0000] {processor.py:840} INFO - DAG(s) 'feature_store_cre' retrieved from /opt/airflow/dags/feature_store.py
[2026-02-01T19:04:01.628+0000] {logging_mixin.py:188} INFO - [2026-02-01T19:04:01.627+0000] {dag.py:3096} INFO - Sync 1 DAGs
[2026-02-01T19:04:01.644+0000] {logging_mixin.py:188} INFO - [2026-02-01T19:04:01.643+0000] {dag.py:3954} INFO - Setting next_dagrun for feature_store_cre to 2026-01-31 00:00:00+00:00, run_after=2026-02-01 00:00:00+00:00
[2026-02-01T19:04:01.660+0000] {processor.py:183} INFO - Processing /opt/airflow/dags/feature_store.py took 1.449 seconds
[2026-02-01T19:04:33.480+0000] {processor.py:161} INFO - Started process (PID=23405) to work on /opt/airflow/dags/feature_store.py
[2026-02-01T19:04:33.481+0000] {processor.py:830} INFO - Processing file /opt/airflow/dags/feature_store.py for tasks to queue
[2026-02-01T19:04:33.482+0000] {logging_mixin.py:188} INFO - [2026-02-01T19:04:33.482+0000] {dagbag.py:545} INFO - Filling up the DagBag from /opt/airflow/dags/feature_store.py
[2026-02-01T19:04:34.880+0000] {logging_mixin.py:188} WARNING - /opt/airflow/dags/feature_store.py:64 RemovedInAirflow3Warning: Param `schedule_interval` is deprecated and will be removed in a future release. Please use `schedule` instead.
[2026-02-01T19:04:34.883+0000] {processor.py:840} INFO - DAG(s) 'feature_store_cre' retrieved from /opt/airflow/dags/feature_store.py
[2026-02-01T19:04:34.904+0000] {logging_mixin.py:188} INFO - [2026-02-01T19:04:34.903+0000] {dag.py:3096} INFO - Sync 1 DAGs
[2026-02-01T19:04:34.920+0000] {logging_mixin.py:188} INFO - [2026-02-01T19:04:34.920+0000] {dag.py:3954} INFO - Setting next_dagrun for feature_store_cre to 2026-01-31 00:00:00+00:00, run_after=2026-02-01 00:00:00+00:00
[2026-02-01T19:04:34.939+0000] {processor.py:183} INFO - Processing /opt/airflow/dags/feature_store.py took 1.462 seconds
[2026-02-01T19:05:06.755+0000] {processor.py:161} INFO - Started process (PID=23451) to work on /opt/airflow/dags/feature_store.py
[2026-02-01T19:05:06.756+0000] {processor.py:830} INFO - Processing file /opt/airflow/dags/feature_store.py for tasks to queue
[2026-02-01T19:05:06.758+0000] {logging_mixin.py:188} INFO - [2026-02-01T19:05:06.758+0000] {dagbag.py:545} INFO - Filling up the DagBag from /opt/airflow/dags/feature_store.py
[2026-02-01T19:05:08.147+0000] {logging_mixin.py:188} WARNING - /opt/airflow/dags/feature_store.py:64 RemovedInAirflow3Warning: Param `schedule_interval` is deprecated and will be removed in a future release. Please use `schedule` instead.
[2026-02-01T19:05:08.151+0000] {processor.py:840} INFO - DAG(s) 'feature_store_cre' retrieved from /opt/airflow/dags/feature_store.py
[2026-02-01T19:05:08.169+0000] {logging_mixin.py:188} INFO - [2026-02-01T19:05:08.169+0000] {dag.py:3096} INFO - Sync 1 DAGs
[2026-02-01T19:05:08.185+0000] {logging_mixin.py:188} INFO - [2026-02-01T19:05:08.185+0000] {dag.py:3954} INFO - Setting next_dagrun for feature_store_cre to 2026-01-31 00:00:00+00:00, run_after=2026-02-01 00:00:00+00:00
[2026-02-01T19:05:08.200+0000] {processor.py:183} INFO - Processing /opt/airflow/dags/feature_store.py took 1.451 seconds
[2026-02-01T19:05:40.780+0000] {processor.py:161} INFO - Started process (PID=23498) to work on /opt/airflow/dags/feature_store.py
[2026-02-01T19:05:40.781+0000] {processor.py:830} INFO - Processing file /opt/airflow/dags/feature_store.py for tasks to queue
[2026-02-01T19:05:40.782+0000] {logging_mixin.py:188} INFO - [2026-02-01T19:05:40.782+0000] {dagbag.py:545} INFO - Filling up the DagBag from /opt/airflow/dags/feature_store.py
[2026-02-01T19:05:42.432+0000] {logging_mixin.py:188} WARNING - /opt/airflow/dags/feature_store.py:64 RemovedInAirflow3Warning: Param `schedule_interval` is deprecated and will be removed in a future release. Please use `schedule` instead.
[2026-02-01T19:05:42.435+0000] {processor.py:840} INFO - DAG(s) 'feature_store_cre' retrieved from /opt/airflow/dags/feature_store.py
[2026-02-01T19:05:42.450+0000] {logging_mixin.py:188} INFO - [2026-02-01T19:05:42.450+0000] {dag.py:3096} INFO - Sync 1 DAGs
[2026-02-01T19:05:42.464+0000] {logging_mixin.py:188} INFO - [2026-02-01T19:05:42.464+0000] {dag.py:3954} INFO - Setting next_dagrun for feature_store_cre to 2026-01-31 00:00:00+00:00, run_after=2026-02-01 00:00:00+00:00
[2026-02-01T19:05:42.478+0000] {processor.py:183} INFO - Processing /opt/airflow/dags/feature_store.py took 1.701 seconds
[2026-02-01T19:06:13.687+0000] {processor.py:161} INFO - Started process (PID=23546) to work on /opt/airflow/dags/feature_store.py
[2026-02-01T19:06:13.688+0000] {processor.py:830} INFO - Processing file /opt/airflow/dags/feature_store.py for tasks to queue
[2026-02-01T19:06:13.689+0000] {logging_mixin.py:188} INFO - [2026-02-01T19:06:13.689+0000] {dagbag.py:545} INFO - Filling up the DagBag from /opt/airflow/dags/feature_store.py
[2026-02-01T19:06:15.036+0000] {logging_mixin.py:188} WARNING - /opt/airflow/dags/feature_store.py:64 RemovedInAirflow3Warning: Param `schedule_interval` is deprecated and will be removed in a future release. Please use `schedule` instead.
[2026-02-01T19:06:15.039+0000] {processor.py:840} INFO - DAG(s) 'feature_store_cre' retrieved from /opt/airflow/dags/feature_store.py
[2026-02-01T19:06:15.055+0000] {logging_mixin.py:188} INFO - [2026-02-01T19:06:15.055+0000] {dag.py:3096} INFO - Sync 1 DAGs
[2026-02-01T19:06:15.071+0000] {logging_mixin.py:188} INFO - [2026-02-01T19:06:15.070+0000] {dag.py:3954} INFO - Setting next_dagrun for feature_store_cre to 2026-01-31 00:00:00+00:00, run_after=2026-02-01 00:00:00+00:00
[2026-02-01T19:06:15.086+0000] {processor.py:183} INFO - Processing /opt/airflow/dags/feature_store.py took 1.403 seconds
[2026-02-01T19:06:46.894+0000] {processor.py:161} INFO - Started process (PID=23593) to work on /opt/airflow/dags/feature_store.py
[2026-02-01T19:06:46.894+0000] {processor.py:830} INFO - Processing file /opt/airflow/dags/feature_store.py for tasks to queue
[2026-02-01T19:06:46.895+0000] {logging_mixin.py:188} INFO - [2026-02-01T19:06:46.895+0000] {dagbag.py:545} INFO - Filling up the DagBag from /opt/airflow/dags/feature_store.py
[2026-02-01T19:06:48.202+0000] {logging_mixin.py:188} WARNING - /opt/airflow/dags/feature_store.py:64 RemovedInAirflow3Warning: Param `schedule_interval` is deprecated and will be removed in a future release. Please use `schedule` instead.
[2026-02-01T19:06:48.205+0000] {processor.py:840} INFO - DAG(s) 'feature_store_cre' retrieved from /opt/airflow/dags/feature_store.py
[2026-02-01T19:06:48.223+0000] {logging_mixin.py:188} INFO - [2026-02-01T19:06:48.223+0000] {dag.py:3096} INFO - Sync 1 DAGs
[2026-02-01T19:06:48.236+0000] {logging_mixin.py:188} INFO - [2026-02-01T19:06:48.236+0000] {dag.py:3954} INFO - Setting next_dagrun for feature_store_cre to 2026-01-31 00:00:00+00:00, run_after=2026-02-01 00:00:00+00:00
[2026-02-01T19:06:48.252+0000] {processor.py:183} INFO - Processing /opt/airflow/dags/feature_store.py took 1.363 seconds
[2026-02-01T19:07:20.697+0000] {processor.py:161} INFO - Started process (PID=23640) to work on /opt/airflow/dags/feature_store.py
[2026-02-01T19:07:20.699+0000] {processor.py:830} INFO - Processing file /opt/airflow/dags/feature_store.py for tasks to queue
[2026-02-01T19:07:20.701+0000] {logging_mixin.py:188} INFO - [2026-02-01T19:07:20.700+0000] {dagbag.py:545} INFO - Filling up the DagBag from /opt/airflow/dags/feature_store.py
[2026-02-01T19:07:22.244+0000] {logging_mixin.py:188} WARNING - /opt/airflow/dags/feature_store.py:64 RemovedInAirflow3Warning: Param `schedule_interval` is deprecated and will be removed in a future release. Please use `schedule` instead.
[2026-02-01T19:07:22.249+0000] {processor.py:840} INFO - DAG(s) 'feature_store_cre' retrieved from /opt/airflow/dags/feature_store.py
[2026-02-01T19:07:22.267+0000] {logging_mixin.py:188} INFO - [2026-02-01T19:07:22.266+0000] {dag.py:3096} INFO - Sync 1 DAGs
[2026-02-01T19:07:22.281+0000] {logging_mixin.py:188} INFO - [2026-02-01T19:07:22.281+0000] {dag.py:3954} INFO - Setting next_dagrun for feature_store_cre to 2026-01-31 00:00:00+00:00, run_after=2026-02-01 00:00:00+00:00
[2026-02-01T19:07:22.299+0000] {processor.py:183} INFO - Processing /opt/airflow/dags/feature_store.py took 1.606 seconds
[2026-02-01T19:07:53.762+0000] {processor.py:161} INFO - Started process (PID=23687) to work on /opt/airflow/dags/feature_store.py
[2026-02-01T19:07:53.762+0000] {processor.py:830} INFO - Processing file /opt/airflow/dags/feature_store.py for tasks to queue
[2026-02-01T19:07:53.763+0000] {logging_mixin.py:188} INFO - [2026-02-01T19:07:53.763+0000] {dagbag.py:545} INFO - Filling up the DagBag from /opt/airflow/dags/feature_store.py
[2026-02-01T19:07:55.147+0000] {logging_mixin.py:188} WARNING - /opt/airflow/dags/feature_store.py:64 RemovedInAirflow3Warning: Param `schedule_interval` is deprecated and will be removed in a future release. Please use `schedule` instead.
[2026-02-01T19:07:55.151+0000] {processor.py:840} INFO - DAG(s) 'feature_store_cre' retrieved from /opt/airflow/dags/feature_store.py
[2026-02-01T19:07:55.172+0000] {logging_mixin.py:188} INFO - [2026-02-01T19:07:55.172+0000] {dag.py:3096} INFO - Sync 1 DAGs
[2026-02-01T19:07:55.192+0000] {logging_mixin.py:188} INFO - [2026-02-01T19:07:55.192+0000] {dag.py:3954} INFO - Setting next_dagrun for feature_store_cre to 2026-01-31 00:00:00+00:00, run_after=2026-02-01 00:00:00+00:00
[2026-02-01T19:07:55.213+0000] {processor.py:183} INFO - Processing /opt/airflow/dags/feature_store.py took 1.456 seconds
[2026-02-01T19:08:27.115+0000] {processor.py:161} INFO - Started process (PID=23734) to work on /opt/airflow/dags/feature_store.py
[2026-02-01T19:08:27.117+0000] {processor.py:830} INFO - Processing file /opt/airflow/dags/feature_store.py for tasks to queue
[2026-02-01T19:08:27.118+0000] {logging_mixin.py:188} INFO - [2026-02-01T19:08:27.118+0000] {dagbag.py:545} INFO - Filling up the DagBag from /opt/airflow/dags/feature_store.py
[2026-02-01T19:08:28.525+0000] {logging_mixin.py:188} WARNING - /opt/airflow/dags/feature_store.py:64 RemovedInAirflow3Warning: Param `schedule_interval` is deprecated and will be removed in a future release. Please use `schedule` instead.
[2026-02-01T19:08:28.528+0000] {processor.py:840} INFO - DAG(s) 'feature_store_cre' retrieved from /opt/airflow/dags/feature_store.py
[2026-02-01T19:08:28.545+0000] {logging_mixin.py:188} INFO - [2026-02-01T19:08:28.545+0000] {dag.py:3096} INFO - Sync 1 DAGs
[2026-02-01T19:08:28.560+0000] {logging_mixin.py:188} INFO - [2026-02-01T19:08:28.560+0000] {dag.py:3954} INFO - Setting next_dagrun for feature_store_cre to 2026-01-31 00:00:00+00:00, run_after=2026-02-01 00:00:00+00:00
[2026-02-01T19:08:28.577+0000] {processor.py:183} INFO - Processing /opt/airflow/dags/feature_store.py took 1.466 seconds
[2026-02-01T19:09:00.492+0000] {processor.py:161} INFO - Started process (PID=23781) to work on /opt/airflow/dags/feature_store.py
[2026-02-01T19:09:00.494+0000] {processor.py:830} INFO - Processing file /opt/airflow/dags/feature_store.py for tasks to queue
[2026-02-01T19:09:00.498+0000] {logging_mixin.py:188} INFO - [2026-02-01T19:09:00.497+0000] {dagbag.py:545} INFO - Filling up the DagBag from /opt/airflow/dags/feature_store.py
[2026-02-01T19:09:05.296+0000] {logging_mixin.py:188} WARNING - /opt/airflow/dags/feature_store.py:64 RemovedInAirflow3Warning: Param `schedule_interval` is deprecated and will be removed in a future release. Please use `schedule` instead.
[2026-02-01T19:09:05.304+0000] {processor.py:840} INFO - DAG(s) 'feature_store_cre' retrieved from /opt/airflow/dags/feature_store.py
[2026-02-01T19:09:05.370+0000] {logging_mixin.py:188} INFO - [2026-02-01T19:09:05.369+0000] {dag.py:3096} INFO - Sync 1 DAGs
[2026-02-01T19:09:05.415+0000] {logging_mixin.py:188} INFO - [2026-02-01T19:09:05.415+0000] {dag.py:3954} INFO - Setting next_dagrun for feature_store_cre to 2026-01-31 00:00:00+00:00, run_after=2026-02-01 00:00:00+00:00
[2026-02-01T19:09:05.458+0000] {processor.py:183} INFO - Processing /opt/airflow/dags/feature_store.py took 4.979 seconds
[2026-02-01T19:09:35.576+0000] {processor.py:161} INFO - Started process (PID=23825) to work on /opt/airflow/dags/feature_store.py
[2026-02-01T19:09:35.579+0000] {processor.py:830} INFO - Processing file /opt/airflow/dags/feature_store.py for tasks to queue
[2026-02-01T19:09:35.581+0000] {logging_mixin.py:188} INFO - [2026-02-01T19:09:35.581+0000] {dagbag.py:545} INFO - Filling up the DagBag from /opt/airflow/dags/feature_store.py
[2026-02-01T19:09:38.341+0000] {logging_mixin.py:188} WARNING - /opt/airflow/dags/feature_store.py:64 RemovedInAirflow3Warning: Param `schedule_interval` is deprecated and will be removed in a future release. Please use `schedule` instead.
[2026-02-01T19:09:38.351+0000] {processor.py:840} INFO - DAG(s) 'feature_store_cre' retrieved from /opt/airflow/dags/feature_store.py
[2026-02-01T19:09:38.389+0000] {logging_mixin.py:188} INFO - [2026-02-01T19:09:38.388+0000] {dag.py:3096} INFO - Sync 1 DAGs
[2026-02-01T19:09:38.430+0000] {logging_mixin.py:188} INFO - [2026-02-01T19:09:38.429+0000] {dag.py:3954} INFO - Setting next_dagrun for feature_store_cre to 2026-01-31 00:00:00+00:00, run_after=2026-02-01 00:00:00+00:00
[2026-02-01T19:09:38.472+0000] {processor.py:183} INFO - Processing /opt/airflow/dags/feature_store.py took 2.901 seconds
[2026-02-01T19:10:08.654+0000] {processor.py:161} INFO - Started process (PID=23872) to work on /opt/airflow/dags/feature_store.py
[2026-02-01T19:10:08.655+0000] {processor.py:830} INFO - Processing file /opt/airflow/dags/feature_store.py for tasks to queue
[2026-02-01T19:10:08.658+0000] {logging_mixin.py:188} INFO - [2026-02-01T19:10:08.658+0000] {dagbag.py:545} INFO - Filling up the DagBag from /opt/airflow/dags/feature_store.py
[2026-02-01T19:10:11.620+0000] {logging_mixin.py:188} WARNING - /opt/airflow/dags/feature_store.py:64 RemovedInAirflow3Warning: Param `schedule_interval` is deprecated and will be removed in a future release. Please use `schedule` instead.
[2026-02-01T19:10:11.634+0000] {processor.py:840} INFO - DAG(s) 'feature_store_cre' retrieved from /opt/airflow/dags/feature_store.py
[2026-02-01T19:10:11.689+0000] {logging_mixin.py:188} INFO - [2026-02-01T19:10:11.688+0000] {dag.py:3096} INFO - Sync 1 DAGs
[2026-02-01T19:10:11.752+0000] {logging_mixin.py:188} INFO - [2026-02-01T19:10:11.752+0000] {dag.py:3954} INFO - Setting next_dagrun for feature_store_cre to 2026-01-31 00:00:00+00:00, run_after=2026-02-01 00:00:00+00:00
[2026-02-01T19:10:11.810+0000] {processor.py:183} INFO - Processing /opt/airflow/dags/feature_store.py took 3.164 seconds
[2026-02-01T19:10:41.986+0000] {processor.py:161} INFO - Started process (PID=23925) to work on /opt/airflow/dags/feature_store.py
[2026-02-01T19:10:41.988+0000] {processor.py:830} INFO - Processing file /opt/airflow/dags/feature_store.py for tasks to queue
[2026-02-01T19:10:41.991+0000] {logging_mixin.py:188} INFO - [2026-02-01T19:10:41.991+0000] {dagbag.py:545} INFO - Filling up the DagBag from /opt/airflow/dags/feature_store.py
[2026-02-01T19:10:44.205+0000] {logging_mixin.py:188} WARNING - /opt/airflow/dags/feature_store.py:64 RemovedInAirflow3Warning: Param `schedule_interval` is deprecated and will be removed in a future release. Please use `schedule` instead.
[2026-02-01T19:10:44.210+0000] {processor.py:840} INFO - DAG(s) 'feature_store_cre' retrieved from /opt/airflow/dags/feature_store.py
[2026-02-01T19:10:44.230+0000] {logging_mixin.py:188} INFO - [2026-02-01T19:10:44.229+0000] {dag.py:3096} INFO - Sync 1 DAGs
[2026-02-01T19:10:44.247+0000] {logging_mixin.py:188} INFO - [2026-02-01T19:10:44.246+0000] {dag.py:3954} INFO - Setting next_dagrun for feature_store_cre to 2026-01-31 00:00:00+00:00, run_after=2026-02-01 00:00:00+00:00
[2026-02-01T19:10:44.271+0000] {processor.py:183} INFO - Processing /opt/airflow/dags/feature_store.py took 2.291 seconds
[2026-02-01T19:11:14.582+0000] {processor.py:161} INFO - Started process (PID=23972) to work on /opt/airflow/dags/feature_store.py
[2026-02-01T19:11:14.583+0000] {processor.py:830} INFO - Processing file /opt/airflow/dags/feature_store.py for tasks to queue
[2026-02-01T19:11:14.586+0000] {logging_mixin.py:188} INFO - [2026-02-01T19:11:14.586+0000] {dagbag.py:545} INFO - Filling up the DagBag from /opt/airflow/dags/feature_store.py
[2026-02-01T19:11:16.948+0000] {logging_mixin.py:188} WARNING - /opt/airflow/dags/feature_store.py:64 RemovedInAirflow3Warning: Param `schedule_interval` is deprecated and will be removed in a future release. Please use `schedule` instead.
[2026-02-01T19:11:16.952+0000] {processor.py:840} INFO - DAG(s) 'feature_store_cre' retrieved from /opt/airflow/dags/feature_store.py
[2026-02-01T19:11:16.972+0000] {logging_mixin.py:188} INFO - [2026-02-01T19:11:16.972+0000] {dag.py:3096} INFO - Sync 1 DAGs
[2026-02-01T19:11:16.991+0000] {logging_mixin.py:188} INFO - [2026-02-01T19:11:16.990+0000] {dag.py:3954} INFO - Setting next_dagrun for feature_store_cre to 2026-01-31 00:00:00+00:00, run_after=2026-02-01 00:00:00+00:00
[2026-02-01T19:11:17.012+0000] {processor.py:183} INFO - Processing /opt/airflow/dags/feature_store.py took 2.437 seconds
[2026-02-01T19:11:47.085+0000] {processor.py:161} INFO - Started process (PID=24013) to work on /opt/airflow/dags/feature_store.py
[2026-02-01T19:11:47.087+0000] {processor.py:830} INFO - Processing file /opt/airflow/dags/feature_store.py for tasks to queue
[2026-02-01T19:11:47.088+0000] {logging_mixin.py:188} INFO - [2026-02-01T19:11:47.088+0000] {dagbag.py:545} INFO - Filling up the DagBag from /opt/airflow/dags/feature_store.py
[2026-02-01T19:11:49.091+0000] {logging_mixin.py:188} WARNING - /opt/airflow/dags/feature_store.py:64 RemovedInAirflow3Warning: Param `schedule_interval` is deprecated and will be removed in a future release. Please use `schedule` instead.
[2026-02-01T19:11:49.096+0000] {processor.py:840} INFO - DAG(s) 'feature_store_cre' retrieved from /opt/airflow/dags/feature_store.py
[2026-02-01T19:11:49.121+0000] {logging_mixin.py:188} INFO - [2026-02-01T19:11:49.121+0000] {dag.py:3096} INFO - Sync 1 DAGs
[2026-02-01T19:11:49.142+0000] {logging_mixin.py:188} INFO - [2026-02-01T19:11:49.142+0000] {dag.py:3954} INFO - Setting next_dagrun for feature_store_cre to 2026-01-31 00:00:00+00:00, run_after=2026-02-01 00:00:00+00:00
[2026-02-01T19:11:49.160+0000] {processor.py:183} INFO - Processing /opt/airflow/dags/feature_store.py took 2.081 seconds
[2026-02-01T19:12:20.320+0000] {processor.py:161} INFO - Started process (PID=24060) to work on /opt/airflow/dags/feature_store.py
[2026-02-01T19:12:20.321+0000] {processor.py:830} INFO - Processing file /opt/airflow/dags/feature_store.py for tasks to queue
[2026-02-01T19:12:20.323+0000] {logging_mixin.py:188} INFO - [2026-02-01T19:12:20.322+0000] {dagbag.py:545} INFO - Filling up the DagBag from /opt/airflow/dags/feature_store.py
[2026-02-01T19:12:22.520+0000] {logging_mixin.py:188} WARNING - /opt/airflow/dags/feature_store.py:64 RemovedInAirflow3Warning: Param `schedule_interval` is deprecated and will be removed in a future release. Please use `schedule` instead.
[2026-02-01T19:12:22.526+0000] {processor.py:840} INFO - DAG(s) 'feature_store_cre' retrieved from /opt/airflow/dags/feature_store.py
[2026-02-01T19:12:22.555+0000] {logging_mixin.py:188} INFO - [2026-02-01T19:12:22.554+0000] {dag.py:3096} INFO - Sync 1 DAGs
[2026-02-01T19:12:22.577+0000] {logging_mixin.py:188} INFO - [2026-02-01T19:12:22.577+0000] {dag.py:3954} INFO - Setting next_dagrun for feature_store_cre to 2026-01-31 00:00:00+00:00, run_after=2026-02-01 00:00:00+00:00
[2026-02-01T19:12:22.605+0000] {processor.py:183} INFO - Processing /opt/airflow/dags/feature_store.py took 2.291 seconds
[2026-02-01T19:12:54.109+0000] {processor.py:161} INFO - Started process (PID=24107) to work on /opt/airflow/dags/feature_store.py
[2026-02-01T19:12:54.112+0000] {processor.py:830} INFO - Processing file /opt/airflow/dags/feature_store.py for tasks to queue
[2026-02-01T19:12:54.114+0000] {logging_mixin.py:188} INFO - [2026-02-01T19:12:54.114+0000] {dagbag.py:545} INFO - Filling up the DagBag from /opt/airflow/dags/feature_store.py
[2026-02-01T19:12:56.626+0000] {logging_mixin.py:188} WARNING - /opt/airflow/dags/feature_store.py:64 RemovedInAirflow3Warning: Param `schedule_interval` is deprecated and will be removed in a future release. Please use `schedule` instead.
[2026-02-01T19:12:56.631+0000] {processor.py:840} INFO - DAG(s) 'feature_store_cre' retrieved from /opt/airflow/dags/feature_store.py
[2026-02-01T19:12:56.652+0000] {logging_mixin.py:188} INFO - [2026-02-01T19:12:56.652+0000] {dag.py:3096} INFO - Sync 1 DAGs
[2026-02-01T19:12:56.672+0000] {logging_mixin.py:188} INFO - [2026-02-01T19:12:56.672+0000] {dag.py:3954} INFO - Setting next_dagrun for feature_store_cre to 2026-01-31 00:00:00+00:00, run_after=2026-02-01 00:00:00+00:00
[2026-02-01T19:12:56.693+0000] {processor.py:183} INFO - Processing /opt/airflow/dags/feature_store.py took 2.594 seconds
[2026-02-01T19:13:27.264+0000] {processor.py:161} INFO - Started process (PID=24154) to work on /opt/airflow/dags/feature_store.py
[2026-02-01T19:13:27.265+0000] {processor.py:830} INFO - Processing file /opt/airflow/dags/feature_store.py for tasks to queue
[2026-02-01T19:13:27.267+0000] {logging_mixin.py:188} INFO - [2026-02-01T19:13:27.266+0000] {dagbag.py:545} INFO - Filling up the DagBag from /opt/airflow/dags/feature_store.py
[2026-02-01T19:13:29.648+0000] {logging_mixin.py:188} WARNING - /opt/airflow/dags/feature_store.py:64 RemovedInAirflow3Warning: Param `schedule_interval` is deprecated and will be removed in a future release. Please use `schedule` instead.
[2026-02-01T19:13:29.654+0000] {processor.py:840} INFO - DAG(s) 'feature_store_cre' retrieved from /opt/airflow/dags/feature_store.py
[2026-02-01T19:13:29.688+0000] {logging_mixin.py:188} INFO - [2026-02-01T19:13:29.687+0000] {dag.py:3096} INFO - Sync 1 DAGs
[2026-02-01T19:13:29.717+0000] {logging_mixin.py:188} INFO - [2026-02-01T19:13:29.717+0000] {dag.py:3954} INFO - Setting next_dagrun for feature_store_cre to 2026-01-31 00:00:00+00:00, run_after=2026-02-01 00:00:00+00:00
[2026-02-01T19:13:29.747+0000] {processor.py:183} INFO - Processing /opt/airflow/dags/feature_store.py took 2.487 seconds
[2026-02-01T19:14:00.676+0000] {processor.py:161} INFO - Started process (PID=24201) to work on /opt/airflow/dags/feature_store.py
[2026-02-01T19:14:00.679+0000] {processor.py:830} INFO - Processing file /opt/airflow/dags/feature_store.py for tasks to queue
[2026-02-01T19:14:00.682+0000] {logging_mixin.py:188} INFO - [2026-02-01T19:14:00.681+0000] {dagbag.py:545} INFO - Filling up the DagBag from /opt/airflow/dags/feature_store.py
[2026-02-01T19:14:03.774+0000] {logging_mixin.py:188} WARNING - /opt/airflow/dags/feature_store.py:64 RemovedInAirflow3Warning: Param `schedule_interval` is deprecated and will be removed in a future release. Please use `schedule` instead.
[2026-02-01T19:14:03.778+0000] {processor.py:840} INFO - DAG(s) 'feature_store_cre' retrieved from /opt/airflow/dags/feature_store.py
[2026-02-01T19:14:03.799+0000] {logging_mixin.py:188} INFO - [2026-02-01T19:14:03.799+0000] {dag.py:3096} INFO - Sync 1 DAGs
[2026-02-01T19:14:03.818+0000] {logging_mixin.py:188} INFO - [2026-02-01T19:14:03.818+0000] {dag.py:3954} INFO - Setting next_dagrun for feature_store_cre to 2026-01-31 00:00:00+00:00, run_after=2026-02-01 00:00:00+00:00
[2026-02-01T19:14:03.843+0000] {processor.py:183} INFO - Processing /opt/airflow/dags/feature_store.py took 3.173 seconds
[2026-02-01T19:14:34.012+0000] {processor.py:161} INFO - Started process (PID=24248) to work on /opt/airflow/dags/feature_store.py
[2026-02-01T19:14:34.013+0000] {processor.py:830} INFO - Processing file /opt/airflow/dags/feature_store.py for tasks to queue
[2026-02-01T19:14:34.014+0000] {logging_mixin.py:188} INFO - [2026-02-01T19:14:34.014+0000] {dagbag.py:545} INFO - Filling up the DagBag from /opt/airflow/dags/feature_store.py
[2026-02-01T19:14:36.546+0000] {logging_mixin.py:188} WARNING - /opt/airflow/dags/feature_store.py:64 RemovedInAirflow3Warning: Param `schedule_interval` is deprecated and will be removed in a future release. Please use `schedule` instead.
[2026-02-01T19:14:36.551+0000] {processor.py:840} INFO - DAG(s) 'feature_store_cre' retrieved from /opt/airflow/dags/feature_store.py
[2026-02-01T19:14:36.585+0000] {logging_mixin.py:188} INFO - [2026-02-01T19:14:36.584+0000] {dag.py:3096} INFO - Sync 1 DAGs
[2026-02-01T19:14:36.610+0000] {logging_mixin.py:188} INFO - [2026-02-01T19:14:36.610+0000] {dag.py:3954} INFO - Setting next_dagrun for feature_store_cre to 2026-01-31 00:00:00+00:00, run_after=2026-02-01 00:00:00+00:00
[2026-02-01T19:14:36.638+0000] {processor.py:183} INFO - Processing /opt/airflow/dags/feature_store.py took 2.631 seconds
[2026-02-01T19:15:07.134+0000] {processor.py:161} INFO - Started process (PID=24295) to work on /opt/airflow/dags/feature_store.py
[2026-02-01T19:15:07.137+0000] {processor.py:830} INFO - Processing file /opt/airflow/dags/feature_store.py for tasks to queue
[2026-02-01T19:15:07.140+0000] {logging_mixin.py:188} INFO - [2026-02-01T19:15:07.140+0000] {dagbag.py:545} INFO - Filling up the DagBag from /opt/airflow/dags/feature_store.py
[2026-02-01T19:15:09.596+0000] {logging_mixin.py:188} WARNING - /opt/airflow/dags/feature_store.py:64 RemovedInAirflow3Warning: Param `schedule_interval` is deprecated and will be removed in a future release. Please use `schedule` instead.
[2026-02-01T19:15:09.604+0000] {processor.py:840} INFO - DAG(s) 'feature_store_cre' retrieved from /opt/airflow/dags/feature_store.py
[2026-02-01T19:15:09.639+0000] {logging_mixin.py:188} INFO - [2026-02-01T19:15:09.638+0000] {dag.py:3096} INFO - Sync 1 DAGs
[2026-02-01T19:15:09.671+0000] {logging_mixin.py:188} INFO - [2026-02-01T19:15:09.671+0000] {dag.py:3954} INFO - Setting next_dagrun for feature_store_cre to 2026-01-31 00:00:00+00:00, run_after=2026-02-01 00:00:00+00:00
[2026-02-01T19:15:09.704+0000] {processor.py:183} INFO - Processing /opt/airflow/dags/feature_store.py took 2.576 seconds
[2026-02-01T19:15:40.474+0000] {processor.py:161} INFO - Started process (PID=24337) to work on /opt/airflow/dags/feature_store.py
[2026-02-01T19:15:40.475+0000] {processor.py:830} INFO - Processing file /opt/airflow/dags/feature_store.py for tasks to queue
[2026-02-01T19:15:40.477+0000] {logging_mixin.py:188} INFO - [2026-02-01T19:15:40.477+0000] {dagbag.py:545} INFO - Filling up the DagBag from /opt/airflow/dags/feature_store.py
[2026-02-01T19:15:44.016+0000] {logging_mixin.py:188} WARNING - /opt/airflow/dags/feature_store.py:64 RemovedInAirflow3Warning: Param `schedule_interval` is deprecated and will be removed in a future release. Please use `schedule` instead.
[2026-02-01T19:15:44.022+0000] {processor.py:840} INFO - DAG(s) 'feature_store_cre' retrieved from /opt/airflow/dags/feature_store.py
[2026-02-01T19:15:44.049+0000] {logging_mixin.py:188} INFO - [2026-02-01T19:15:44.049+0000] {dag.py:3096} INFO - Sync 1 DAGs
[2026-02-01T19:15:44.084+0000] {logging_mixin.py:188} INFO - [2026-02-01T19:15:44.083+0000] {dag.py:3954} INFO - Setting next_dagrun for feature_store_cre to 2026-01-31 00:00:00+00:00, run_after=2026-02-01 00:00:00+00:00
[2026-02-01T19:15:44.121+0000] {processor.py:183} INFO - Processing /opt/airflow/dags/feature_store.py took 3.654 seconds
[2026-02-01T19:16:14.792+0000] {processor.py:161} INFO - Started process (PID=24378) to work on /opt/airflow/dags/feature_store.py
[2026-02-01T19:16:14.795+0000] {processor.py:830} INFO - Processing file /opt/airflow/dags/feature_store.py for tasks to queue
[2026-02-01T19:16:14.798+0000] {logging_mixin.py:188} INFO - [2026-02-01T19:16:14.797+0000] {dagbag.py:545} INFO - Filling up the DagBag from /opt/airflow/dags/feature_store.py
[2026-02-01T19:16:18.503+0000] {logging_mixin.py:188} WARNING - /opt/airflow/dags/feature_store.py:64 RemovedInAirflow3Warning: Param `schedule_interval` is deprecated and will be removed in a future release. Please use `schedule` instead.
[2026-02-01T19:16:18.513+0000] {processor.py:840} INFO - DAG(s) 'feature_store_cre' retrieved from /opt/airflow/dags/feature_store.py
[2026-02-01T19:16:18.551+0000] {logging_mixin.py:188} INFO - [2026-02-01T19:16:18.550+0000] {dag.py:3096} INFO - Sync 1 DAGs
[2026-02-01T19:16:18.585+0000] {logging_mixin.py:188} INFO - [2026-02-01T19:16:18.584+0000] {dag.py:3954} INFO - Setting next_dagrun for feature_store_cre to 2026-01-31 00:00:00+00:00, run_after=2026-02-01 00:00:00+00:00
[2026-02-01T19:16:18.628+0000] {processor.py:183} INFO - Processing /opt/airflow/dags/feature_store.py took 3.844 seconds
[2026-02-01T19:16:48.732+0000] {processor.py:161} INFO - Started process (PID=24421) to work on /opt/airflow/dags/feature_store.py
[2026-02-01T19:16:48.733+0000] {processor.py:830} INFO - Processing file /opt/airflow/dags/feature_store.py for tasks to queue
[2026-02-01T19:16:48.735+0000] {logging_mixin.py:188} INFO - [2026-02-01T19:16:48.734+0000] {dagbag.py:545} INFO - Filling up the DagBag from /opt/airflow/dags/feature_store.py
[2026-02-01T19:16:51.420+0000] {logging_mixin.py:188} WARNING - /opt/airflow/dags/feature_store.py:64 RemovedInAirflow3Warning: Param `schedule_interval` is deprecated and will be removed in a future release. Please use `schedule` instead.
[2026-02-01T19:16:51.426+0000] {processor.py:840} INFO - DAG(s) 'feature_store_cre' retrieved from /opt/airflow/dags/feature_store.py
[2026-02-01T19:16:51.459+0000] {logging_mixin.py:188} INFO - [2026-02-01T19:16:51.458+0000] {dag.py:3096} INFO - Sync 1 DAGs
[2026-02-01T19:16:51.488+0000] {logging_mixin.py:188} INFO - [2026-02-01T19:16:51.488+0000] {dag.py:3954} INFO - Setting next_dagrun for feature_store_cre to 2026-01-31 00:00:00+00:00, run_after=2026-02-01 00:00:00+00:00
[2026-02-01T19:16:51.523+0000] {processor.py:183} INFO - Processing /opt/airflow/dags/feature_store.py took 2.797 seconds
[2026-02-01T19:17:21.661+0000] {processor.py:161} INFO - Started process (PID=24468) to work on /opt/airflow/dags/feature_store.py
[2026-02-01T19:17:21.664+0000] {processor.py:830} INFO - Processing file /opt/airflow/dags/feature_store.py for tasks to queue
[2026-02-01T19:17:21.666+0000] {logging_mixin.py:188} INFO - [2026-02-01T19:17:21.666+0000] {dagbag.py:545} INFO - Filling up the DagBag from /opt/airflow/dags/feature_store.py
[2026-02-01T19:17:24.729+0000] {logging_mixin.py:188} WARNING - /opt/airflow/dags/feature_store.py:64 RemovedInAirflow3Warning: Param `schedule_interval` is deprecated and will be removed in a future release. Please use `schedule` instead.
[2026-02-01T19:17:24.734+0000] {processor.py:840} INFO - DAG(s) 'feature_store_cre' retrieved from /opt/airflow/dags/feature_store.py
[2026-02-01T19:17:24.762+0000] {logging_mixin.py:188} INFO - [2026-02-01T19:17:24.761+0000] {dag.py:3096} INFO - Sync 1 DAGs
[2026-02-01T19:17:24.784+0000] {logging_mixin.py:188} INFO - [2026-02-01T19:17:24.784+0000] {dag.py:3954} INFO - Setting next_dagrun for feature_store_cre to 2026-01-31 00:00:00+00:00, run_after=2026-02-01 00:00:00+00:00
[2026-02-01T19:17:24.816+0000] {processor.py:183} INFO - Processing /opt/airflow/dags/feature_store.py took 3.163 seconds
[2026-02-01T19:17:55.689+0000] {processor.py:161} INFO - Started process (PID=24515) to work on /opt/airflow/dags/feature_store.py
[2026-02-01T19:17:55.690+0000] {processor.py:830} INFO - Processing file /opt/airflow/dags/feature_store.py for tasks to queue
[2026-02-01T19:17:55.692+0000] {logging_mixin.py:188} INFO - [2026-02-01T19:17:55.692+0000] {dagbag.py:545} INFO - Filling up the DagBag from /opt/airflow/dags/feature_store.py
[2026-02-01T19:17:57.911+0000] {logging_mixin.py:188} WARNING - /opt/airflow/dags/feature_store.py:64 RemovedInAirflow3Warning: Param `schedule_interval` is deprecated and will be removed in a future release. Please use `schedule` instead.
[2026-02-01T19:17:57.917+0000] {processor.py:840} INFO - DAG(s) 'feature_store_cre' retrieved from /opt/airflow/dags/feature_store.py
[2026-02-01T19:17:57.946+0000] {logging_mixin.py:188} INFO - [2026-02-01T19:17:57.946+0000] {dag.py:3096} INFO - Sync 1 DAGs
[2026-02-01T19:17:57.971+0000] {logging_mixin.py:188} INFO - [2026-02-01T19:17:57.971+0000] {dag.py:3954} INFO - Setting next_dagrun for feature_store_cre to 2026-01-31 00:00:00+00:00, run_after=2026-02-01 00:00:00+00:00
[2026-02-01T19:17:57.999+0000] {processor.py:183} INFO - Processing /opt/airflow/dags/feature_store.py took 2.316 seconds
[2026-02-01T19:18:28.512+0000] {processor.py:161} INFO - Started process (PID=24562) to work on /opt/airflow/dags/feature_store.py
[2026-02-01T19:18:28.516+0000] {processor.py:830} INFO - Processing file /opt/airflow/dags/feature_store.py for tasks to queue
[2026-02-01T19:18:28.522+0000] {logging_mixin.py:188} INFO - [2026-02-01T19:18:28.521+0000] {dagbag.py:545} INFO - Filling up the DagBag from /opt/airflow/dags/feature_store.py
[2026-02-01T19:18:32.344+0000] {logging_mixin.py:188} WARNING - /opt/airflow/dags/feature_store.py:64 RemovedInAirflow3Warning: Param `schedule_interval` is deprecated and will be removed in a future release. Please use `schedule` instead.
[2026-02-01T19:18:32.353+0000] {processor.py:840} INFO - DAG(s) 'feature_store_cre' retrieved from /opt/airflow/dags/feature_store.py
[2026-02-01T19:18:32.390+0000] {logging_mixin.py:188} INFO - [2026-02-01T19:18:32.389+0000] {dag.py:3096} INFO - Sync 1 DAGs
[2026-02-01T19:18:32.426+0000] {logging_mixin.py:188} INFO - [2026-02-01T19:18:32.426+0000] {dag.py:3954} INFO - Setting next_dagrun for feature_store_cre to 2026-01-31 00:00:00+00:00, run_after=2026-02-01 00:00:00+00:00
[2026-02-01T19:18:32.461+0000] {processor.py:183} INFO - Processing /opt/airflow/dags/feature_store.py took 3.958 seconds
[2026-02-01T19:19:02.612+0000] {processor.py:161} INFO - Started process (PID=24609) to work on /opt/airflow/dags/feature_store.py
[2026-02-01T19:19:02.614+0000] {processor.py:830} INFO - Processing file /opt/airflow/dags/feature_store.py for tasks to queue
[2026-02-01T19:19:02.617+0000] {logging_mixin.py:188} INFO - [2026-02-01T19:19:02.616+0000] {dagbag.py:545} INFO - Filling up the DagBag from /opt/airflow/dags/feature_store.py
[2026-02-01T19:19:05.543+0000] {logging_mixin.py:188} WARNING - /opt/airflow/dags/feature_store.py:64 RemovedInAirflow3Warning: Param `schedule_interval` is deprecated and will be removed in a future release. Please use `schedule` instead.
[2026-02-01T19:19:05.549+0000] {processor.py:840} INFO - DAG(s) 'feature_store_cre' retrieved from /opt/airflow/dags/feature_store.py
[2026-02-01T19:19:05.582+0000] {logging_mixin.py:188} INFO - [2026-02-01T19:19:05.580+0000] {dag.py:3096} INFO - Sync 1 DAGs
[2026-02-01T19:19:05.613+0000] {logging_mixin.py:188} INFO - [2026-02-01T19:19:05.613+0000] {dag.py:3954} INFO - Setting next_dagrun for feature_store_cre to 2026-01-31 00:00:00+00:00, run_after=2026-02-01 00:00:00+00:00
[2026-02-01T19:19:05.643+0000] {processor.py:183} INFO - Processing /opt/airflow/dags/feature_store.py took 3.046 seconds
[2026-02-01T19:19:36.380+0000] {processor.py:161} INFO - Started process (PID=24656) to work on /opt/airflow/dags/feature_store.py
[2026-02-01T19:19:36.384+0000] {processor.py:830} INFO - Processing file /opt/airflow/dags/feature_store.py for tasks to queue
[2026-02-01T19:19:36.388+0000] {logging_mixin.py:188} INFO - [2026-02-01T19:19:36.387+0000] {dagbag.py:545} INFO - Filling up the DagBag from /opt/airflow/dags/feature_store.py
[2026-02-01T19:19:40.174+0000] {logging_mixin.py:188} WARNING - /opt/airflow/dags/feature_store.py:64 RemovedInAirflow3Warning: Param `schedule_interval` is deprecated and will be removed in a future release. Please use `schedule` instead.
[2026-02-01T19:19:40.180+0000] {processor.py:840} INFO - DAG(s) 'feature_store_cre' retrieved from /opt/airflow/dags/feature_store.py
[2026-02-01T19:19:40.212+0000] {logging_mixin.py:188} INFO - [2026-02-01T19:19:40.212+0000] {dag.py:3096} INFO - Sync 1 DAGs
[2026-02-01T19:19:40.239+0000] {logging_mixin.py:188} INFO - [2026-02-01T19:19:40.239+0000] {dag.py:3954} INFO - Setting next_dagrun for feature_store_cre to 2026-01-31 00:00:00+00:00, run_after=2026-02-01 00:00:00+00:00
[2026-02-01T19:19:40.268+0000] {processor.py:183} INFO - Processing /opt/airflow/dags/feature_store.py took 3.899 seconds
[2026-02-01T19:20:10.738+0000] {processor.py:161} INFO - Started process (PID=24703) to work on /opt/airflow/dags/feature_store.py
[2026-02-01T19:20:10.740+0000] {processor.py:830} INFO - Processing file /opt/airflow/dags/feature_store.py for tasks to queue
[2026-02-01T19:20:10.745+0000] {logging_mixin.py:188} INFO - [2026-02-01T19:20:10.744+0000] {dagbag.py:545} INFO - Filling up the DagBag from /opt/airflow/dags/feature_store.py
[2026-02-01T19:20:14.666+0000] {logging_mixin.py:188} WARNING - /opt/airflow/dags/feature_store.py:64 RemovedInAirflow3Warning: Param `schedule_interval` is deprecated and will be removed in a future release. Please use `schedule` instead.
[2026-02-01T19:20:14.675+0000] {processor.py:840} INFO - DAG(s) 'feature_store_cre' retrieved from /opt/airflow/dags/feature_store.py
[2026-02-01T19:20:14.714+0000] {logging_mixin.py:188} INFO - [2026-02-01T19:20:14.714+0000] {dag.py:3096} INFO - Sync 1 DAGs
[2026-02-01T19:20:14.749+0000] {logging_mixin.py:188} INFO - [2026-02-01T19:20:14.748+0000] {dag.py:3954} INFO - Setting next_dagrun for feature_store_cre to 2026-01-31 00:00:00+00:00, run_after=2026-02-01 00:00:00+00:00
[2026-02-01T19:20:14.784+0000] {processor.py:183} INFO - Processing /opt/airflow/dags/feature_store.py took 4.057 seconds
[2026-02-01T19:20:45.266+0000] {processor.py:161} INFO - Started process (PID=24750) to work on /opt/airflow/dags/feature_store.py
[2026-02-01T19:20:45.269+0000] {processor.py:830} INFO - Processing file /opt/airflow/dags/feature_store.py for tasks to queue
[2026-02-01T19:20:45.271+0000] {logging_mixin.py:188} INFO - [2026-02-01T19:20:45.271+0000] {dagbag.py:545} INFO - Filling up the DagBag from /opt/airflow/dags/feature_store.py
[2026-02-01T19:20:47.415+0000] {logging_mixin.py:188} WARNING - /opt/airflow/dags/feature_store.py:64 RemovedInAirflow3Warning: Param `schedule_interval` is deprecated and will be removed in a future release. Please use `schedule` instead.
[2026-02-01T19:20:47.421+0000] {processor.py:840} INFO - DAG(s) 'feature_store_cre' retrieved from /opt/airflow/dags/feature_store.py
[2026-02-01T19:20:47.445+0000] {logging_mixin.py:188} INFO - [2026-02-01T19:20:47.445+0000] {dag.py:3096} INFO - Sync 1 DAGs
[2026-02-01T19:20:47.466+0000] {logging_mixin.py:188} INFO - [2026-02-01T19:20:47.466+0000] {dag.py:3954} INFO - Setting next_dagrun for feature_store_cre to 2026-01-31 00:00:00+00:00, run_after=2026-02-01 00:00:00+00:00
[2026-02-01T19:20:47.489+0000] {processor.py:183} INFO - Processing /opt/airflow/dags/feature_store.py took 2.229 seconds
[2026-02-01T19:21:17.827+0000] {processor.py:161} INFO - Started process (PID=24797) to work on /opt/airflow/dags/feature_store.py
[2026-02-01T19:21:17.827+0000] {processor.py:830} INFO - Processing file /opt/airflow/dags/feature_store.py for tasks to queue
[2026-02-01T19:21:17.829+0000] {logging_mixin.py:188} INFO - [2026-02-01T19:21:17.828+0000] {dagbag.py:545} INFO - Filling up the DagBag from /opt/airflow/dags/feature_store.py
[2026-02-01T19:21:20.163+0000] {logging_mixin.py:188} WARNING - /opt/airflow/dags/feature_store.py:64 RemovedInAirflow3Warning: Param `schedule_interval` is deprecated and will be removed in a future release. Please use `schedule` instead.
[2026-02-01T19:21:20.173+0000] {processor.py:840} INFO - DAG(s) 'feature_store_cre' retrieved from /opt/airflow/dags/feature_store.py
[2026-02-01T19:21:20.208+0000] {logging_mixin.py:188} INFO - [2026-02-01T19:21:20.208+0000] {dag.py:3096} INFO - Sync 1 DAGs
[2026-02-01T19:21:20.237+0000] {logging_mixin.py:188} INFO - [2026-02-01T19:21:20.236+0000] {dag.py:3954} INFO - Setting next_dagrun for feature_store_cre to 2026-01-31 00:00:00+00:00, run_after=2026-02-01 00:00:00+00:00
[2026-02-01T19:21:20.266+0000] {processor.py:183} INFO - Processing /opt/airflow/dags/feature_store.py took 2.444 seconds
[2026-02-01T19:21:51.013+0000] {processor.py:161} INFO - Started process (PID=24844) to work on /opt/airflow/dags/feature_store.py
[2026-02-01T19:21:51.015+0000] {processor.py:830} INFO - Processing file /opt/airflow/dags/feature_store.py for tasks to queue
[2026-02-01T19:21:51.017+0000] {logging_mixin.py:188} INFO - [2026-02-01T19:21:51.017+0000] {dagbag.py:545} INFO - Filling up the DagBag from /opt/airflow/dags/feature_store.py
[2026-02-01T19:21:53.606+0000] {logging_mixin.py:188} WARNING - /opt/airflow/dags/feature_store.py:64 RemovedInAirflow3Warning: Param `schedule_interval` is deprecated and will be removed in a future release. Please use `schedule` instead.
[2026-02-01T19:21:53.611+0000] {processor.py:840} INFO - DAG(s) 'feature_store_cre' retrieved from /opt/airflow/dags/feature_store.py
[2026-02-01T19:21:53.641+0000] {logging_mixin.py:188} INFO - [2026-02-01T19:21:53.641+0000] {dag.py:3096} INFO - Sync 1 DAGs
[2026-02-01T19:21:53.663+0000] {logging_mixin.py:188} INFO - [2026-02-01T19:21:53.663+0000] {dag.py:3954} INFO - Setting next_dagrun for feature_store_cre to 2026-01-31 00:00:00+00:00, run_after=2026-02-01 00:00:00+00:00
[2026-02-01T19:21:53.685+0000] {processor.py:183} INFO - Processing /opt/airflow/dags/feature_store.py took 2.678 seconds
[2026-02-01T19:22:24.097+0000] {processor.py:161} INFO - Started process (PID=24891) to work on /opt/airflow/dags/feature_store.py
[2026-02-01T19:22:24.098+0000] {processor.py:830} INFO - Processing file /opt/airflow/dags/feature_store.py for tasks to queue
[2026-02-01T19:22:24.101+0000] {logging_mixin.py:188} INFO - [2026-02-01T19:22:24.100+0000] {dagbag.py:545} INFO - Filling up the DagBag from /opt/airflow/dags/feature_store.py
[2026-02-01T19:22:26.072+0000] {logging_mixin.py:188} WARNING - /opt/airflow/dags/feature_store.py:64 RemovedInAirflow3Warning: Param `schedule_interval` is deprecated and will be removed in a future release. Please use `schedule` instead.
[2026-02-01T19:22:26.077+0000] {processor.py:840} INFO - DAG(s) 'feature_store_cre' retrieved from /opt/airflow/dags/feature_store.py
[2026-02-01T19:22:26.100+0000] {logging_mixin.py:188} INFO - [2026-02-01T19:22:26.100+0000] {dag.py:3096} INFO - Sync 1 DAGs
[2026-02-01T19:22:26.124+0000] {logging_mixin.py:188} INFO - [2026-02-01T19:22:26.123+0000] {dag.py:3954} INFO - Setting next_dagrun for feature_store_cre to 2026-01-31 00:00:00+00:00, run_after=2026-02-01 00:00:00+00:00
[2026-02-01T19:22:26.151+0000] {processor.py:183} INFO - Processing /opt/airflow/dags/feature_store.py took 2.059 seconds
[2026-02-01T19:22:56.379+0000] {processor.py:161} INFO - Started process (PID=24938) to work on /opt/airflow/dags/feature_store.py
[2026-02-01T19:22:56.382+0000] {processor.py:830} INFO - Processing file /opt/airflow/dags/feature_store.py for tasks to queue
[2026-02-01T19:22:56.384+0000] {logging_mixin.py:188} INFO - [2026-02-01T19:22:56.383+0000] {dagbag.py:545} INFO - Filling up the DagBag from /opt/airflow/dags/feature_store.py
[2026-02-01T19:22:58.351+0000] {logging_mixin.py:188} WARNING - /opt/airflow/dags/feature_store.py:64 RemovedInAirflow3Warning: Param `schedule_interval` is deprecated and will be removed in a future release. Please use `schedule` instead.
[2026-02-01T19:22:58.355+0000] {processor.py:840} INFO - DAG(s) 'feature_store_cre' retrieved from /opt/airflow/dags/feature_store.py
[2026-02-01T19:22:58.388+0000] {logging_mixin.py:188} INFO - [2026-02-01T19:22:58.387+0000] {dag.py:3096} INFO - Sync 1 DAGs
[2026-02-01T19:22:58.412+0000] {logging_mixin.py:188} INFO - [2026-02-01T19:22:58.412+0000] {dag.py:3954} INFO - Setting next_dagrun for feature_store_cre to 2026-01-31 00:00:00+00:00, run_after=2026-02-01 00:00:00+00:00
[2026-02-01T19:22:58.444+0000] {processor.py:183} INFO - Processing /opt/airflow/dags/feature_store.py took 2.070 seconds
[2026-02-01T19:23:28.884+0000] {processor.py:161} INFO - Started process (PID=24985) to work on /opt/airflow/dags/feature_store.py
[2026-02-01T19:23:28.885+0000] {processor.py:830} INFO - Processing file /opt/airflow/dags/feature_store.py for tasks to queue
[2026-02-01T19:23:28.886+0000] {logging_mixin.py:188} INFO - [2026-02-01T19:23:28.886+0000] {dagbag.py:545} INFO - Filling up the DagBag from /opt/airflow/dags/feature_store.py
[2026-02-01T19:23:30.919+0000] {logging_mixin.py:188} WARNING - /opt/airflow/dags/feature_store.py:64 RemovedInAirflow3Warning: Param `schedule_interval` is deprecated and will be removed in a future release. Please use `schedule` instead.
[2026-02-01T19:23:30.924+0000] {processor.py:840} INFO - DAG(s) 'feature_store_cre' retrieved from /opt/airflow/dags/feature_store.py
[2026-02-01T19:23:30.944+0000] {logging_mixin.py:188} INFO - [2026-02-01T19:23:30.944+0000] {dag.py:3096} INFO - Sync 1 DAGs
[2026-02-01T19:23:30.962+0000] {logging_mixin.py:188} INFO - [2026-02-01T19:23:30.961+0000] {dag.py:3954} INFO - Setting next_dagrun for feature_store_cre to 2026-01-31 00:00:00+00:00, run_after=2026-02-01 00:00:00+00:00
[2026-02-01T19:23:30.984+0000] {processor.py:183} INFO - Processing /opt/airflow/dags/feature_store.py took 2.107 seconds
[2026-02-01T19:24:01.631+0000] {processor.py:161} INFO - Started process (PID=25028) to work on /opt/airflow/dags/feature_store.py
[2026-02-01T19:24:01.634+0000] {processor.py:830} INFO - Processing file /opt/airflow/dags/feature_store.py for tasks to queue
[2026-02-01T19:24:01.638+0000] {logging_mixin.py:188} INFO - [2026-02-01T19:24:01.637+0000] {dagbag.py:545} INFO - Filling up the DagBag from /opt/airflow/dags/feature_store.py
[2026-02-01T19:24:04.607+0000] {logging_mixin.py:188} WARNING - /opt/airflow/dags/feature_store.py:64 RemovedInAirflow3Warning: Param `schedule_interval` is deprecated and will be removed in a future release. Please use `schedule` instead.
[2026-02-01T19:24:04.614+0000] {processor.py:840} INFO - DAG(s) 'feature_store_cre' retrieved from /opt/airflow/dags/feature_store.py
[2026-02-01T19:24:04.637+0000] {logging_mixin.py:188} INFO - [2026-02-01T19:24:04.636+0000] {dag.py:3096} INFO - Sync 1 DAGs
[2026-02-01T19:24:04.657+0000] {logging_mixin.py:188} INFO - [2026-02-01T19:24:04.657+0000] {dag.py:3954} INFO - Setting next_dagrun for feature_store_cre to 2026-01-31 00:00:00+00:00, run_after=2026-02-01 00:00:00+00:00
[2026-02-01T19:24:04.679+0000] {processor.py:183} INFO - Processing /opt/airflow/dags/feature_store.py took 3.057 seconds
[2026-02-01T19:24:35.154+0000] {processor.py:161} INFO - Started process (PID=25062) to work on /opt/airflow/dags/feature_store.py
[2026-02-01T19:24:35.155+0000] {processor.py:830} INFO - Processing file /opt/airflow/dags/feature_store.py for tasks to queue
[2026-02-01T19:24:35.157+0000] {logging_mixin.py:188} INFO - [2026-02-01T19:24:35.157+0000] {dagbag.py:545} INFO - Filling up the DagBag from /opt/airflow/dags/feature_store.py
[2026-02-01T19:24:37.872+0000] {logging_mixin.py:188} WARNING - /opt/airflow/dags/feature_store.py:64 RemovedInAirflow3Warning: Param `schedule_interval` is deprecated and will be removed in a future release. Please use `schedule` instead.
[2026-02-01T19:24:37.879+0000] {processor.py:840} INFO - DAG(s) 'feature_store_cre' retrieved from /opt/airflow/dags/feature_store.py
[2026-02-01T19:24:37.916+0000] {logging_mixin.py:188} INFO - [2026-02-01T19:24:37.915+0000] {dag.py:3096} INFO - Sync 1 DAGs
[2026-02-01T19:24:37.949+0000] {logging_mixin.py:188} INFO - [2026-02-01T19:24:37.949+0000] {dag.py:3954} INFO - Setting next_dagrun for feature_store_cre to 2026-01-31 00:00:00+00:00, run_after=2026-02-01 00:00:00+00:00
[2026-02-01T19:24:37.981+0000] {processor.py:183} INFO - Processing /opt/airflow/dags/feature_store.py took 2.836 seconds
[2026-02-01T19:25:08.073+0000] {processor.py:161} INFO - Started process (PID=25102) to work on /opt/airflow/dags/feature_store.py
[2026-02-01T19:25:08.076+0000] {processor.py:830} INFO - Processing file /opt/airflow/dags/feature_store.py for tasks to queue
[2026-02-01T19:25:08.079+0000] {logging_mixin.py:188} INFO - [2026-02-01T19:25:08.078+0000] {dagbag.py:545} INFO - Filling up the DagBag from /opt/airflow/dags/feature_store.py
[2026-02-01T19:25:11.028+0000] {logging_mixin.py:188} WARNING - /opt/airflow/dags/feature_store.py:64 RemovedInAirflow3Warning: Param `schedule_interval` is deprecated and will be removed in a future release. Please use `schedule` instead.
[2026-02-01T19:25:11.033+0000] {processor.py:840} INFO - DAG(s) 'feature_store_cre' retrieved from /opt/airflow/dags/feature_store.py
[2026-02-01T19:25:11.068+0000] {logging_mixin.py:188} INFO - [2026-02-01T19:25:11.068+0000] {dag.py:3096} INFO - Sync 1 DAGs
[2026-02-01T19:25:11.094+0000] {logging_mixin.py:188} INFO - [2026-02-01T19:25:11.094+0000] {dag.py:3954} INFO - Setting next_dagrun for feature_store_cre to 2026-01-31 00:00:00+00:00, run_after=2026-02-01 00:00:00+00:00
[2026-02-01T19:25:11.122+0000] {processor.py:183} INFO - Processing /opt/airflow/dags/feature_store.py took 3.058 seconds
[2026-02-01T19:25:41.516+0000] {processor.py:161} INFO - Started process (PID=25150) to work on /opt/airflow/dags/feature_store.py
[2026-02-01T19:25:41.517+0000] {processor.py:830} INFO - Processing file /opt/airflow/dags/feature_store.py for tasks to queue
[2026-02-01T19:25:41.519+0000] {logging_mixin.py:188} INFO - [2026-02-01T19:25:41.519+0000] {dagbag.py:545} INFO - Filling up the DagBag from /opt/airflow/dags/feature_store.py
[2026-02-01T19:25:43.910+0000] {logging_mixin.py:188} WARNING - /opt/airflow/dags/feature_store.py:64 RemovedInAirflow3Warning: Param `schedule_interval` is deprecated and will be removed in a future release. Please use `schedule` instead.
[2026-02-01T19:25:43.916+0000] {processor.py:840} INFO - DAG(s) 'feature_store_cre' retrieved from /opt/airflow/dags/feature_store.py
[2026-02-01T19:25:43.950+0000] {logging_mixin.py:188} INFO - [2026-02-01T19:25:43.950+0000] {dag.py:3096} INFO - Sync 1 DAGs
[2026-02-01T19:25:43.973+0000] {logging_mixin.py:188} INFO - [2026-02-01T19:25:43.972+0000] {dag.py:3954} INFO - Setting next_dagrun for feature_store_cre to 2026-01-31 00:00:00+00:00, run_after=2026-02-01 00:00:00+00:00
[2026-02-01T19:25:44.003+0000] {processor.py:183} INFO - Processing /opt/airflow/dags/feature_store.py took 2.493 seconds
[2026-02-01T19:26:14.462+0000] {processor.py:161} INFO - Started process (PID=25193) to work on /opt/airflow/dags/feature_store.py
[2026-02-01T19:26:14.463+0000] {processor.py:830} INFO - Processing file /opt/airflow/dags/feature_store.py for tasks to queue
[2026-02-01T19:26:14.465+0000] {logging_mixin.py:188} INFO - [2026-02-01T19:26:14.465+0000] {dagbag.py:545} INFO - Filling up the DagBag from /opt/airflow/dags/feature_store.py
[2026-02-01T19:26:16.516+0000] {logging_mixin.py:188} WARNING - /opt/airflow/dags/feature_store.py:64 RemovedInAirflow3Warning: Param `schedule_interval` is deprecated and will be removed in a future release. Please use `schedule` instead.
[2026-02-01T19:26:16.521+0000] {processor.py:840} INFO - DAG(s) 'feature_store_cre' retrieved from /opt/airflow/dags/feature_store.py
[2026-02-01T19:26:16.547+0000] {logging_mixin.py:188} INFO - [2026-02-01T19:26:16.547+0000] {dag.py:3096} INFO - Sync 1 DAGs
[2026-02-01T19:26:16.568+0000] {logging_mixin.py:188} INFO - [2026-02-01T19:26:16.568+0000] {dag.py:3954} INFO - Setting next_dagrun for feature_store_cre to 2026-01-31 00:00:00+00:00, run_after=2026-02-01 00:00:00+00:00
[2026-02-01T19:26:16.590+0000] {processor.py:183} INFO - Processing /opt/airflow/dags/feature_store.py took 2.133 seconds
[2026-02-01T19:26:47.376+0000] {processor.py:161} INFO - Started process (PID=25240) to work on /opt/airflow/dags/feature_store.py
[2026-02-01T19:26:47.377+0000] {processor.py:830} INFO - Processing file /opt/airflow/dags/feature_store.py for tasks to queue
[2026-02-01T19:26:47.379+0000] {logging_mixin.py:188} INFO - [2026-02-01T19:26:47.379+0000] {dagbag.py:545} INFO - Filling up the DagBag from /opt/airflow/dags/feature_store.py
[2026-02-01T19:26:49.330+0000] {logging_mixin.py:188} WARNING - /opt/airflow/dags/feature_store.py:64 RemovedInAirflow3Warning: Param `schedule_interval` is deprecated and will be removed in a future release. Please use `schedule` instead.
[2026-02-01T19:26:49.335+0000] {processor.py:840} INFO - DAG(s) 'feature_store_cre' retrieved from /opt/airflow/dags/feature_store.py
[2026-02-01T19:26:49.358+0000] {logging_mixin.py:188} INFO - [2026-02-01T19:26:49.358+0000] {dag.py:3096} INFO - Sync 1 DAGs
[2026-02-01T19:26:49.376+0000] {logging_mixin.py:188} INFO - [2026-02-01T19:26:49.375+0000] {dag.py:3954} INFO - Setting next_dagrun for feature_store_cre to 2026-01-31 00:00:00+00:00, run_after=2026-02-01 00:00:00+00:00
[2026-02-01T19:26:49.399+0000] {processor.py:183} INFO - Processing /opt/airflow/dags/feature_store.py took 2.028 seconds
[2026-02-01T19:27:20.657+0000] {processor.py:161} INFO - Started process (PID=25287) to work on /opt/airflow/dags/feature_store.py
[2026-02-01T19:27:20.658+0000] {processor.py:830} INFO - Processing file /opt/airflow/dags/feature_store.py for tasks to queue
[2026-02-01T19:27:20.660+0000] {logging_mixin.py:188} INFO - [2026-02-01T19:27:20.660+0000] {dagbag.py:545} INFO - Filling up the DagBag from /opt/airflow/dags/feature_store.py
[2026-02-01T19:27:22.949+0000] {logging_mixin.py:188} WARNING - /opt/airflow/dags/feature_store.py:64 RemovedInAirflow3Warning: Param `schedule_interval` is deprecated and will be removed in a future release. Please use `schedule` instead.
[2026-02-01T19:27:22.955+0000] {processor.py:840} INFO - DAG(s) 'feature_store_cre' retrieved from /opt/airflow/dags/feature_store.py
[2026-02-01T19:27:22.980+0000] {logging_mixin.py:188} INFO - [2026-02-01T19:27:22.979+0000] {dag.py:3096} INFO - Sync 1 DAGs
[2026-02-01T19:27:23.003+0000] {logging_mixin.py:188} INFO - [2026-02-01T19:27:23.003+0000] {dag.py:3954} INFO - Setting next_dagrun for feature_store_cre to 2026-01-31 00:00:00+00:00, run_after=2026-02-01 00:00:00+00:00
[2026-02-01T19:27:23.024+0000] {processor.py:183} INFO - Processing /opt/airflow/dags/feature_store.py took 2.375 seconds
[2026-02-01T19:27:54.519+0000] {processor.py:161} INFO - Started process (PID=25334) to work on /opt/airflow/dags/feature_store.py
[2026-02-01T19:27:54.522+0000] {processor.py:830} INFO - Processing file /opt/airflow/dags/feature_store.py for tasks to queue
[2026-02-01T19:27:54.525+0000] {logging_mixin.py:188} INFO - [2026-02-01T19:27:54.524+0000] {dagbag.py:545} INFO - Filling up the DagBag from /opt/airflow/dags/feature_store.py
[2026-02-01T19:27:57.097+0000] {logging_mixin.py:188} WARNING - /opt/airflow/dags/feature_store.py:64 RemovedInAirflow3Warning: Param `schedule_interval` is deprecated and will be removed in a future release. Please use `schedule` instead.
[2026-02-01T19:27:57.103+0000] {processor.py:840} INFO - DAG(s) 'feature_store_cre' retrieved from /opt/airflow/dags/feature_store.py
[2026-02-01T19:27:57.126+0000] {logging_mixin.py:188} INFO - [2026-02-01T19:27:57.125+0000] {dag.py:3096} INFO - Sync 1 DAGs
[2026-02-01T19:27:57.144+0000] {logging_mixin.py:188} INFO - [2026-02-01T19:27:57.143+0000] {dag.py:3954} INFO - Setting next_dagrun for feature_store_cre to 2026-01-31 00:00:00+00:00, run_after=2026-02-01 00:00:00+00:00
[2026-02-01T19:27:57.165+0000] {processor.py:183} INFO - Processing /opt/airflow/dags/feature_store.py took 2.653 seconds
[2026-02-01T19:28:27.624+0000] {processor.py:161} INFO - Started process (PID=25381) to work on /opt/airflow/dags/feature_store.py
[2026-02-01T19:28:27.625+0000] {processor.py:830} INFO - Processing file /opt/airflow/dags/feature_store.py for tasks to queue
[2026-02-01T19:28:27.627+0000] {logging_mixin.py:188} INFO - [2026-02-01T19:28:27.626+0000] {dagbag.py:545} INFO - Filling up the DagBag from /opt/airflow/dags/feature_store.py
[2026-02-01T19:28:30.220+0000] {logging_mixin.py:188} WARNING - /opt/airflow/dags/feature_store.py:64 RemovedInAirflow3Warning: Param `schedule_interval` is deprecated and will be removed in a future release. Please use `schedule` instead.
[2026-02-01T19:28:30.228+0000] {processor.py:840} INFO - DAG(s) 'feature_store_cre' retrieved from /opt/airflow/dags/feature_store.py
[2026-02-01T19:28:30.261+0000] {logging_mixin.py:188} INFO - [2026-02-01T19:28:30.260+0000] {dag.py:3096} INFO - Sync 1 DAGs
[2026-02-01T19:28:30.294+0000] {logging_mixin.py:188} INFO - [2026-02-01T19:28:30.293+0000] {dag.py:3954} INFO - Setting next_dagrun for feature_store_cre to 2026-01-31 00:00:00+00:00, run_after=2026-02-01 00:00:00+00:00
[2026-02-01T19:28:30.326+0000] {processor.py:183} INFO - Processing /opt/airflow/dags/feature_store.py took 2.706 seconds
[2026-02-01T19:29:00.993+0000] {processor.py:161} INFO - Started process (PID=25428) to work on /opt/airflow/dags/feature_store.py
[2026-02-01T19:29:00.996+0000] {processor.py:830} INFO - Processing file /opt/airflow/dags/feature_store.py for tasks to queue
[2026-02-01T19:29:00.997+0000] {logging_mixin.py:188} INFO - [2026-02-01T19:29:00.997+0000] {dagbag.py:545} INFO - Filling up the DagBag from /opt/airflow/dags/feature_store.py
[2026-02-01T19:29:03.282+0000] {logging_mixin.py:188} WARNING - /opt/airflow/dags/feature_store.py:64 RemovedInAirflow3Warning: Param `schedule_interval` is deprecated and will be removed in a future release. Please use `schedule` instead.
[2026-02-01T19:29:03.297+0000] {processor.py:840} INFO - DAG(s) 'feature_store_cre' retrieved from /opt/airflow/dags/feature_store.py
[2026-02-01T19:29:03.375+0000] {logging_mixin.py:188} INFO - [2026-02-01T19:29:03.374+0000] {dag.py:3096} INFO - Sync 1 DAGs
[2026-02-01T19:29:03.458+0000] {logging_mixin.py:188} INFO - [2026-02-01T19:29:03.457+0000] {dag.py:3954} INFO - Setting next_dagrun for feature_store_cre to 2026-01-31 00:00:00+00:00, run_after=2026-02-01 00:00:00+00:00
[2026-02-01T19:29:03.523+0000] {processor.py:183} INFO - Processing /opt/airflow/dags/feature_store.py took 2.534 seconds
[2026-02-01T19:29:34.024+0000] {processor.py:161} INFO - Started process (PID=25475) to work on /opt/airflow/dags/feature_store.py
[2026-02-01T19:29:34.026+0000] {processor.py:830} INFO - Processing file /opt/airflow/dags/feature_store.py for tasks to queue
[2026-02-01T19:29:34.027+0000] {logging_mixin.py:188} INFO - [2026-02-01T19:29:34.027+0000] {dagbag.py:545} INFO - Filling up the DagBag from /opt/airflow/dags/feature_store.py
[2026-02-01T19:29:36.126+0000] {logging_mixin.py:188} WARNING - /opt/airflow/dags/feature_store.py:64 RemovedInAirflow3Warning: Param `schedule_interval` is deprecated and will be removed in a future release. Please use `schedule` instead.
[2026-02-01T19:29:36.132+0000] {processor.py:840} INFO - DAG(s) 'feature_store_cre' retrieved from /opt/airflow/dags/feature_store.py
[2026-02-01T19:29:36.154+0000] {logging_mixin.py:188} INFO - [2026-02-01T19:29:36.154+0000] {dag.py:3096} INFO - Sync 1 DAGs
[2026-02-01T19:29:36.174+0000] {logging_mixin.py:188} INFO - [2026-02-01T19:29:36.174+0000] {dag.py:3954} INFO - Setting next_dagrun for feature_store_cre to 2026-01-31 00:00:00+00:00, run_after=2026-02-01 00:00:00+00:00
[2026-02-01T19:29:36.196+0000] {processor.py:183} INFO - Processing /opt/airflow/dags/feature_store.py took 2.177 seconds
[2026-02-01T19:30:07.691+0000] {processor.py:161} INFO - Started process (PID=25522) to work on /opt/airflow/dags/feature_store.py
[2026-02-01T19:30:07.692+0000] {processor.py:830} INFO - Processing file /opt/airflow/dags/feature_store.py for tasks to queue
[2026-02-01T19:30:07.694+0000] {logging_mixin.py:188} INFO - [2026-02-01T19:30:07.693+0000] {dagbag.py:545} INFO - Filling up the DagBag from /opt/airflow/dags/feature_store.py
[2026-02-01T19:30:09.960+0000] {logging_mixin.py:188} WARNING - /opt/airflow/dags/feature_store.py:64 RemovedInAirflow3Warning: Param `schedule_interval` is deprecated and will be removed in a future release. Please use `schedule` instead.
[2026-02-01T19:30:09.965+0000] {processor.py:840} INFO - DAG(s) 'feature_store_cre' retrieved from /opt/airflow/dags/feature_store.py
[2026-02-01T19:30:09.986+0000] {logging_mixin.py:188} INFO - [2026-02-01T19:30:09.986+0000] {dag.py:3096} INFO - Sync 1 DAGs
[2026-02-01T19:30:10.006+0000] {logging_mixin.py:188} INFO - [2026-02-01T19:30:10.005+0000] {dag.py:3954} INFO - Setting next_dagrun for feature_store_cre to 2026-01-31 00:00:00+00:00, run_after=2026-02-01 00:00:00+00:00
[2026-02-01T19:30:10.032+0000] {processor.py:183} INFO - Processing /opt/airflow/dags/feature_store.py took 2.347 seconds
[2026-02-01T19:30:40.951+0000] {processor.py:161} INFO - Started process (PID=25570) to work on /opt/airflow/dags/feature_store.py
[2026-02-01T19:30:40.952+0000] {processor.py:830} INFO - Processing file /opt/airflow/dags/feature_store.py for tasks to queue
[2026-02-01T19:30:40.954+0000] {logging_mixin.py:188} INFO - [2026-02-01T19:30:40.953+0000] {dagbag.py:545} INFO - Filling up the DagBag from /opt/airflow/dags/feature_store.py
[2026-02-01T19:30:43.209+0000] {logging_mixin.py:188} WARNING - /opt/airflow/dags/feature_store.py:64 RemovedInAirflow3Warning: Param `schedule_interval` is deprecated and will be removed in a future release. Please use `schedule` instead.
[2026-02-01T19:30:43.216+0000] {processor.py:840} INFO - DAG(s) 'feature_store_cre' retrieved from /opt/airflow/dags/feature_store.py
[2026-02-01T19:30:43.250+0000] {logging_mixin.py:188} INFO - [2026-02-01T19:30:43.249+0000] {dag.py:3096} INFO - Sync 1 DAGs
[2026-02-01T19:30:43.278+0000] {logging_mixin.py:188} INFO - [2026-02-01T19:30:43.277+0000] {dag.py:3954} INFO - Setting next_dagrun for feature_store_cre to 2026-01-31 00:00:00+00:00, run_after=2026-02-01 00:00:00+00:00
[2026-02-01T19:30:43.306+0000] {processor.py:183} INFO - Processing /opt/airflow/dags/feature_store.py took 2.361 seconds
[2026-02-01T19:31:14.388+0000] {processor.py:161} INFO - Started process (PID=25617) to work on /opt/airflow/dags/feature_store.py
[2026-02-01T19:31:14.392+0000] {processor.py:830} INFO - Processing file /opt/airflow/dags/feature_store.py for tasks to queue
[2026-02-01T19:31:14.395+0000] {logging_mixin.py:188} INFO - [2026-02-01T19:31:14.395+0000] {dagbag.py:545} INFO - Filling up the DagBag from /opt/airflow/dags/feature_store.py
[2026-02-01T19:31:17.814+0000] {logging_mixin.py:188} WARNING - /opt/airflow/dags/feature_store.py:64 RemovedInAirflow3Warning: Param `schedule_interval` is deprecated and will be removed in a future release. Please use `schedule` instead.
[2026-02-01T19:31:17.821+0000] {processor.py:840} INFO - DAG(s) 'feature_store_cre' retrieved from /opt/airflow/dags/feature_store.py
[2026-02-01T19:31:17.851+0000] {logging_mixin.py:188} INFO - [2026-02-01T19:31:17.851+0000] {dag.py:3096} INFO - Sync 1 DAGs
[2026-02-01T19:31:17.875+0000] {logging_mixin.py:188} INFO - [2026-02-01T19:31:17.875+0000] {dag.py:3954} INFO - Setting next_dagrun for feature_store_cre to 2026-01-31 00:00:00+00:00, run_after=2026-02-01 00:00:00+00:00
[2026-02-01T19:31:17.904+0000] {processor.py:183} INFO - Processing /opt/airflow/dags/feature_store.py took 3.527 seconds
[2026-02-01T19:31:48.018+0000] {processor.py:161} INFO - Started process (PID=25664) to work on /opt/airflow/dags/feature_store.py
[2026-02-01T19:31:48.019+0000] {processor.py:830} INFO - Processing file /opt/airflow/dags/feature_store.py for tasks to queue
[2026-02-01T19:31:48.023+0000] {logging_mixin.py:188} INFO - [2026-02-01T19:31:48.022+0000] {dagbag.py:545} INFO - Filling up the DagBag from /opt/airflow/dags/feature_store.py
[2026-02-01T19:31:50.577+0000] {logging_mixin.py:188} WARNING - /opt/airflow/dags/feature_store.py:64 RemovedInAirflow3Warning: Param `schedule_interval` is deprecated and will be removed in a future release. Please use `schedule` instead.
[2026-02-01T19:31:50.585+0000] {processor.py:840} INFO - DAG(s) 'feature_store_cre' retrieved from /opt/airflow/dags/feature_store.py
[2026-02-01T19:31:50.611+0000] {logging_mixin.py:188} INFO - [2026-02-01T19:31:50.611+0000] {dag.py:3096} INFO - Sync 1 DAGs
[2026-02-01T19:31:50.633+0000] {logging_mixin.py:188} INFO - [2026-02-01T19:31:50.633+0000] {dag.py:3954} INFO - Setting next_dagrun for feature_store_cre to 2026-01-31 00:00:00+00:00, run_after=2026-02-01 00:00:00+00:00
[2026-02-01T19:31:50.655+0000] {processor.py:183} INFO - Processing /opt/airflow/dags/feature_store.py took 2.644 seconds
[2026-02-01T19:32:21.191+0000] {processor.py:161} INFO - Started process (PID=25711) to work on /opt/airflow/dags/feature_store.py
[2026-02-01T19:32:21.194+0000] {processor.py:830} INFO - Processing file /opt/airflow/dags/feature_store.py for tasks to queue
[2026-02-01T19:32:21.197+0000] {logging_mixin.py:188} INFO - [2026-02-01T19:32:21.196+0000] {dagbag.py:545} INFO - Filling up the DagBag from /opt/airflow/dags/feature_store.py
[2026-02-01T19:32:24.153+0000] {logging_mixin.py:188} WARNING - /opt/airflow/dags/feature_store.py:64 RemovedInAirflow3Warning: Param `schedule_interval` is deprecated and will be removed in a future release. Please use `schedule` instead.
[2026-02-01T19:32:24.159+0000] {processor.py:840} INFO - DAG(s) 'feature_store_cre' retrieved from /opt/airflow/dags/feature_store.py
[2026-02-01T19:32:24.185+0000] {logging_mixin.py:188} INFO - [2026-02-01T19:32:24.185+0000] {dag.py:3096} INFO - Sync 1 DAGs
[2026-02-01T19:32:24.206+0000] {logging_mixin.py:188} INFO - [2026-02-01T19:32:24.206+0000] {dag.py:3954} INFO - Setting next_dagrun for feature_store_cre to 2026-01-31 00:00:00+00:00, run_after=2026-02-01 00:00:00+00:00
[2026-02-01T19:32:24.230+0000] {processor.py:183} INFO - Processing /opt/airflow/dags/feature_store.py took 3.045 seconds
[2026-02-01T19:32:54.377+0000] {processor.py:161} INFO - Started process (PID=25756) to work on /opt/airflow/dags/feature_store.py
[2026-02-01T19:32:54.379+0000] {processor.py:830} INFO - Processing file /opt/airflow/dags/feature_store.py for tasks to queue
[2026-02-01T19:32:54.382+0000] {logging_mixin.py:188} INFO - [2026-02-01T19:32:54.381+0000] {dagbag.py:545} INFO - Filling up the DagBag from /opt/airflow/dags/feature_store.py
[2026-02-01T19:32:57.131+0000] {logging_mixin.py:188} WARNING - /opt/airflow/dags/feature_store.py:64 RemovedInAirflow3Warning: Param `schedule_interval` is deprecated and will be removed in a future release. Please use `schedule` instead.
[2026-02-01T19:32:57.136+0000] {processor.py:840} INFO - DAG(s) 'feature_store_cre' retrieved from /opt/airflow/dags/feature_store.py
[2026-02-01T19:32:57.162+0000] {logging_mixin.py:188} INFO - [2026-02-01T19:32:57.161+0000] {dag.py:3096} INFO - Sync 1 DAGs
[2026-02-01T19:32:57.183+0000] {logging_mixin.py:188} INFO - [2026-02-01T19:32:57.182+0000] {dag.py:3954} INFO - Setting next_dagrun for feature_store_cre to 2026-01-31 00:00:00+00:00, run_after=2026-02-01 00:00:00+00:00
[2026-02-01T19:32:57.204+0000] {processor.py:183} INFO - Processing /opt/airflow/dags/feature_store.py took 2.839 seconds
[2026-02-01T19:33:27.734+0000] {processor.py:161} INFO - Started process (PID=25787) to work on /opt/airflow/dags/feature_store.py
[2026-02-01T19:33:27.735+0000] {processor.py:830} INFO - Processing file /opt/airflow/dags/feature_store.py for tasks to queue
[2026-02-01T19:33:27.736+0000] {logging_mixin.py:188} INFO - [2026-02-01T19:33:27.736+0000] {dagbag.py:545} INFO - Filling up the DagBag from /opt/airflow/dags/feature_store.py
[2026-02-01T19:33:30.771+0000] {logging_mixin.py:188} WARNING - /opt/airflow/dags/feature_store.py:64 RemovedInAirflow3Warning: Param `schedule_interval` is deprecated and will be removed in a future release. Please use `schedule` instead.
[2026-02-01T19:33:30.778+0000] {processor.py:840} INFO - DAG(s) 'feature_store_cre' retrieved from /opt/airflow/dags/feature_store.py
[2026-02-01T19:33:30.824+0000] {logging_mixin.py:188} INFO - [2026-02-01T19:33:30.823+0000] {dag.py:3096} INFO - Sync 1 DAGs
[2026-02-01T19:33:30.869+0000] {logging_mixin.py:188} INFO - [2026-02-01T19:33:30.867+0000] {dag.py:3954} INFO - Setting next_dagrun for feature_store_cre to 2026-01-31 00:00:00+00:00, run_after=2026-02-01 00:00:00+00:00
[2026-02-01T19:33:30.929+0000] {processor.py:183} INFO - Processing /opt/airflow/dags/feature_store.py took 3.203 seconds
[2026-02-01T19:34:01.420+0000] {processor.py:161} INFO - Started process (PID=25831) to work on /opt/airflow/dags/feature_store.py
[2026-02-01T19:34:01.421+0000] {processor.py:830} INFO - Processing file /opt/airflow/dags/feature_store.py for tasks to queue
[2026-02-01T19:34:01.422+0000] {logging_mixin.py:188} INFO - [2026-02-01T19:34:01.422+0000] {dagbag.py:545} INFO - Filling up the DagBag from /opt/airflow/dags/feature_store.py
[2026-02-01T19:34:03.612+0000] {logging_mixin.py:188} WARNING - /opt/airflow/dags/feature_store.py:64 RemovedInAirflow3Warning: Param `schedule_interval` is deprecated and will be removed in a future release. Please use `schedule` instead.
[2026-02-01T19:34:03.620+0000] {processor.py:840} INFO - DAG(s) 'feature_store_cre' retrieved from /opt/airflow/dags/feature_store.py
[2026-02-01T19:34:03.652+0000] {logging_mixin.py:188} INFO - [2026-02-01T19:34:03.652+0000] {dag.py:3096} INFO - Sync 1 DAGs
[2026-02-01T19:34:03.682+0000] {logging_mixin.py:188} INFO - [2026-02-01T19:34:03.682+0000] {dag.py:3954} INFO - Setting next_dagrun for feature_store_cre to 2026-01-31 00:00:00+00:00, run_after=2026-02-01 00:00:00+00:00
[2026-02-01T19:34:03.708+0000] {processor.py:183} INFO - Processing /opt/airflow/dags/feature_store.py took 2.292 seconds
[2026-02-01T19:34:34.416+0000] {processor.py:161} INFO - Started process (PID=25878) to work on /opt/airflow/dags/feature_store.py
[2026-02-01T19:34:34.417+0000] {processor.py:830} INFO - Processing file /opt/airflow/dags/feature_store.py for tasks to queue
[2026-02-01T19:34:34.419+0000] {logging_mixin.py:188} INFO - [2026-02-01T19:34:34.419+0000] {dagbag.py:545} INFO - Filling up the DagBag from /opt/airflow/dags/feature_store.py
[2026-02-01T19:34:36.675+0000] {logging_mixin.py:188} WARNING - /opt/airflow/dags/feature_store.py:64 RemovedInAirflow3Warning: Param `schedule_interval` is deprecated and will be removed in a future release. Please use `schedule` instead.
[2026-02-01T19:34:36.679+0000] {processor.py:840} INFO - DAG(s) 'feature_store_cre' retrieved from /opt/airflow/dags/feature_store.py
[2026-02-01T19:34:36.697+0000] {logging_mixin.py:188} INFO - [2026-02-01T19:34:36.697+0000] {dag.py:3096} INFO - Sync 1 DAGs
[2026-02-01T19:34:36.715+0000] {logging_mixin.py:188} INFO - [2026-02-01T19:34:36.714+0000] {dag.py:3954} INFO - Setting next_dagrun for feature_store_cre to 2026-01-31 00:00:00+00:00, run_after=2026-02-01 00:00:00+00:00
[2026-02-01T19:34:36.730+0000] {processor.py:183} INFO - Processing /opt/airflow/dags/feature_store.py took 2.321 seconds
[2026-02-01T19:35:07.709+0000] {processor.py:161} INFO - Started process (PID=25925) to work on /opt/airflow/dags/feature_store.py
[2026-02-01T19:35:07.710+0000] {processor.py:830} INFO - Processing file /opt/airflow/dags/feature_store.py for tasks to queue
[2026-02-01T19:35:07.711+0000] {logging_mixin.py:188} INFO - [2026-02-01T19:35:07.711+0000] {dagbag.py:545} INFO - Filling up the DagBag from /opt/airflow/dags/feature_store.py
[2026-02-01T19:35:09.846+0000] {logging_mixin.py:188} WARNING - /opt/airflow/dags/feature_store.py:64 RemovedInAirflow3Warning: Param `schedule_interval` is deprecated and will be removed in a future release. Please use `schedule` instead.
[2026-02-01T19:35:09.851+0000] {processor.py:840} INFO - DAG(s) 'feature_store_cre' retrieved from /opt/airflow/dags/feature_store.py
[2026-02-01T19:35:09.887+0000] {logging_mixin.py:188} INFO - [2026-02-01T19:35:09.887+0000] {dag.py:3096} INFO - Sync 1 DAGs
[2026-02-01T19:35:09.915+0000] {logging_mixin.py:188} INFO - [2026-02-01T19:35:09.914+0000] {dag.py:3954} INFO - Setting next_dagrun for feature_store_cre to 2026-01-31 00:00:00+00:00, run_after=2026-02-01 00:00:00+00:00
[2026-02-01T19:35:09.943+0000] {processor.py:183} INFO - Processing /opt/airflow/dags/feature_store.py took 2.238 seconds
[2026-02-01T19:35:40.917+0000] {processor.py:161} INFO - Started process (PID=25972) to work on /opt/airflow/dags/feature_store.py
[2026-02-01T19:35:40.918+0000] {processor.py:830} INFO - Processing file /opt/airflow/dags/feature_store.py for tasks to queue
[2026-02-01T19:35:40.920+0000] {logging_mixin.py:188} INFO - [2026-02-01T19:35:40.920+0000] {dagbag.py:545} INFO - Filling up the DagBag from /opt/airflow/dags/feature_store.py
[2026-02-01T19:35:42.888+0000] {logging_mixin.py:188} WARNING - /opt/airflow/dags/feature_store.py:64 RemovedInAirflow3Warning: Param `schedule_interval` is deprecated and will be removed in a future release. Please use `schedule` instead.
[2026-02-01T19:35:42.894+0000] {processor.py:840} INFO - DAG(s) 'feature_store_cre' retrieved from /opt/airflow/dags/feature_store.py
[2026-02-01T19:35:42.919+0000] {logging_mixin.py:188} INFO - [2026-02-01T19:35:42.918+0000] {dag.py:3096} INFO - Sync 1 DAGs
[2026-02-01T19:35:42.939+0000] {logging_mixin.py:188} INFO - [2026-02-01T19:35:42.939+0000] {dag.py:3954} INFO - Setting next_dagrun for feature_store_cre to 2026-01-31 00:00:00+00:00, run_after=2026-02-01 00:00:00+00:00
[2026-02-01T19:35:42.960+0000] {processor.py:183} INFO - Processing /opt/airflow/dags/feature_store.py took 2.049 seconds
[2026-02-01T19:36:14.467+0000] {processor.py:161} INFO - Started process (PID=26020) to work on /opt/airflow/dags/feature_store.py
[2026-02-01T19:36:14.468+0000] {processor.py:830} INFO - Processing file /opt/airflow/dags/feature_store.py for tasks to queue
[2026-02-01T19:36:14.470+0000] {logging_mixin.py:188} INFO - [2026-02-01T19:36:14.469+0000] {dagbag.py:545} INFO - Filling up the DagBag from /opt/airflow/dags/feature_store.py
[2026-02-01T19:36:17.416+0000] {logging_mixin.py:188} WARNING - /opt/airflow/dags/feature_store.py:64 RemovedInAirflow3Warning: Param `schedule_interval` is deprecated and will be removed in a future release. Please use `schedule` instead.
[2026-02-01T19:36:17.426+0000] {processor.py:840} INFO - DAG(s) 'feature_store_cre' retrieved from /opt/airflow/dags/feature_store.py
[2026-02-01T19:36:17.457+0000] {logging_mixin.py:188} INFO - [2026-02-01T19:36:17.457+0000] {dag.py:3096} INFO - Sync 1 DAGs
[2026-02-01T19:36:17.482+0000] {logging_mixin.py:188} INFO - [2026-02-01T19:36:17.482+0000] {dag.py:3954} INFO - Setting next_dagrun for feature_store_cre to 2026-01-31 00:00:00+00:00, run_after=2026-02-01 00:00:00+00:00
[2026-02-01T19:36:17.504+0000] {processor.py:183} INFO - Processing /opt/airflow/dags/feature_store.py took 3.047 seconds
[2026-02-01T19:36:47.977+0000] {processor.py:161} INFO - Started process (PID=26067) to work on /opt/airflow/dags/feature_store.py
[2026-02-01T19:36:47.978+0000] {processor.py:830} INFO - Processing file /opt/airflow/dags/feature_store.py for tasks to queue
[2026-02-01T19:36:47.980+0000] {logging_mixin.py:188} INFO - [2026-02-01T19:36:47.979+0000] {dagbag.py:545} INFO - Filling up the DagBag from /opt/airflow/dags/feature_store.py
[2026-02-01T19:36:50.095+0000] {logging_mixin.py:188} WARNING - /opt/airflow/dags/feature_store.py:64 RemovedInAirflow3Warning: Param `schedule_interval` is deprecated and will be removed in a future release. Please use `schedule` instead.
[2026-02-01T19:36:50.101+0000] {processor.py:840} INFO - DAG(s) 'feature_store_cre' retrieved from /opt/airflow/dags/feature_store.py
[2026-02-01T19:36:50.137+0000] {logging_mixin.py:188} INFO - [2026-02-01T19:36:50.136+0000] {dag.py:3096} INFO - Sync 1 DAGs
[2026-02-01T19:36:50.159+0000] {logging_mixin.py:188} INFO - [2026-02-01T19:36:50.159+0000] {dag.py:3954} INFO - Setting next_dagrun for feature_store_cre to 2026-01-31 00:00:00+00:00, run_after=2026-02-01 00:00:00+00:00
[2026-02-01T19:36:50.192+0000] {processor.py:183} INFO - Processing /opt/airflow/dags/feature_store.py took 2.222 seconds
[2026-02-01T19:37:20.950+0000] {processor.py:161} INFO - Started process (PID=26114) to work on /opt/airflow/dags/feature_store.py
[2026-02-01T19:37:20.952+0000] {processor.py:830} INFO - Processing file /opt/airflow/dags/feature_store.py for tasks to queue
[2026-02-01T19:37:20.955+0000] {logging_mixin.py:188} INFO - [2026-02-01T19:37:20.954+0000] {dagbag.py:545} INFO - Filling up the DagBag from /opt/airflow/dags/feature_store.py
[2026-02-01T19:37:23.005+0000] {logging_mixin.py:188} WARNING - /opt/airflow/dags/feature_store.py:64 RemovedInAirflow3Warning: Param `schedule_interval` is deprecated and will be removed in a future release. Please use `schedule` instead.
[2026-02-01T19:37:23.016+0000] {processor.py:840} INFO - DAG(s) 'feature_store_cre' retrieved from /opt/airflow/dags/feature_store.py
[2026-02-01T19:37:23.044+0000] {logging_mixin.py:188} INFO - [2026-02-01T19:37:23.043+0000] {dag.py:3096} INFO - Sync 1 DAGs
[2026-02-01T19:37:23.076+0000] {logging_mixin.py:188} INFO - [2026-02-01T19:37:23.076+0000] {dag.py:3954} INFO - Setting next_dagrun for feature_store_cre to 2026-01-31 00:00:00+00:00, run_after=2026-02-01 00:00:00+00:00
[2026-02-01T19:37:23.103+0000] {processor.py:183} INFO - Processing /opt/airflow/dags/feature_store.py took 2.159 seconds
[2026-02-01T19:37:54.914+0000] {processor.py:161} INFO - Started process (PID=26161) to work on /opt/airflow/dags/feature_store.py
[2026-02-01T19:37:54.917+0000] {processor.py:830} INFO - Processing file /opt/airflow/dags/feature_store.py for tasks to queue
[2026-02-01T19:37:54.919+0000] {logging_mixin.py:188} INFO - [2026-02-01T19:37:54.919+0000] {dagbag.py:545} INFO - Filling up the DagBag from /opt/airflow/dags/feature_store.py
[2026-02-01T19:37:57.292+0000] {logging_mixin.py:188} WARNING - /opt/airflow/dags/feature_store.py:64 RemovedInAirflow3Warning: Param `schedule_interval` is deprecated and will be removed in a future release. Please use `schedule` instead.
[2026-02-01T19:37:57.298+0000] {processor.py:840} INFO - DAG(s) 'feature_store_cre' retrieved from /opt/airflow/dags/feature_store.py
[2026-02-01T19:37:57.322+0000] {logging_mixin.py:188} INFO - [2026-02-01T19:37:57.321+0000] {dag.py:3096} INFO - Sync 1 DAGs
[2026-02-01T19:37:57.342+0000] {logging_mixin.py:188} INFO - [2026-02-01T19:37:57.341+0000] {dag.py:3954} INFO - Setting next_dagrun for feature_store_cre to 2026-01-31 00:00:00+00:00, run_after=2026-02-01 00:00:00+00:00
[2026-02-01T19:37:57.364+0000] {processor.py:183} INFO - Processing /opt/airflow/dags/feature_store.py took 2.455 seconds
[2026-02-01T19:38:27.860+0000] {processor.py:161} INFO - Started process (PID=26208) to work on /opt/airflow/dags/feature_store.py
[2026-02-01T19:38:27.861+0000] {processor.py:830} INFO - Processing file /opt/airflow/dags/feature_store.py for tasks to queue
[2026-02-01T19:38:27.864+0000] {logging_mixin.py:188} INFO - [2026-02-01T19:38:27.863+0000] {dagbag.py:545} INFO - Filling up the DagBag from /opt/airflow/dags/feature_store.py
[2026-02-01T19:38:30.767+0000] {logging_mixin.py:188} WARNING - /opt/airflow/dags/feature_store.py:64 RemovedInAirflow3Warning: Param `schedule_interval` is deprecated and will be removed in a future release. Please use `schedule` instead.
[2026-02-01T19:38:30.772+0000] {processor.py:840} INFO - DAG(s) 'feature_store_cre' retrieved from /opt/airflow/dags/feature_store.py
[2026-02-01T19:38:30.802+0000] {logging_mixin.py:188} INFO - [2026-02-01T19:38:30.802+0000] {dag.py:3096} INFO - Sync 1 DAGs
[2026-02-01T19:38:30.830+0000] {logging_mixin.py:188} INFO - [2026-02-01T19:38:30.830+0000] {dag.py:3954} INFO - Setting next_dagrun for feature_store_cre to 2026-01-31 00:00:00+00:00, run_after=2026-02-01 00:00:00+00:00
[2026-02-01T19:38:30.852+0000] {processor.py:183} INFO - Processing /opt/airflow/dags/feature_store.py took 3.006 seconds
[2026-02-01T19:39:01.131+0000] {processor.py:161} INFO - Started process (PID=26255) to work on /opt/airflow/dags/feature_store.py
[2026-02-01T19:39:01.134+0000] {processor.py:830} INFO - Processing file /opt/airflow/dags/feature_store.py for tasks to queue
[2026-02-01T19:39:01.137+0000] {logging_mixin.py:188} INFO - [2026-02-01T19:39:01.137+0000] {dagbag.py:545} INFO - Filling up the DagBag from /opt/airflow/dags/feature_store.py
[2026-02-01T19:39:04.471+0000] {logging_mixin.py:188} WARNING - /opt/airflow/dags/feature_store.py:64 RemovedInAirflow3Warning: Param `schedule_interval` is deprecated and will be removed in a future release. Please use `schedule` instead.
[2026-02-01T19:39:04.478+0000] {processor.py:840} INFO - DAG(s) 'feature_store_cre' retrieved from /opt/airflow/dags/feature_store.py
[2026-02-01T19:39:04.512+0000] {logging_mixin.py:188} INFO - [2026-02-01T19:39:04.512+0000] {dag.py:3096} INFO - Sync 1 DAGs
[2026-02-01T19:39:04.549+0000] {logging_mixin.py:188} INFO - [2026-02-01T19:39:04.548+0000] {dag.py:3954} INFO - Setting next_dagrun for feature_store_cre to 2026-01-31 00:00:00+00:00, run_after=2026-02-01 00:00:00+00:00
[2026-02-01T19:39:04.585+0000] {processor.py:183} INFO - Processing /opt/airflow/dags/feature_store.py took 3.461 seconds
[2026-02-01T19:39:34.779+0000] {processor.py:161} INFO - Started process (PID=26308) to work on /opt/airflow/dags/feature_store.py
[2026-02-01T19:39:34.780+0000] {processor.py:830} INFO - Processing file /opt/airflow/dags/feature_store.py for tasks to queue
[2026-02-01T19:39:34.783+0000] {logging_mixin.py:188} INFO - [2026-02-01T19:39:34.782+0000] {dagbag.py:545} INFO - Filling up the DagBag from /opt/airflow/dags/feature_store.py
[2026-02-01T19:39:36.756+0000] {logging_mixin.py:188} WARNING - /opt/airflow/dags/feature_store.py:64 RemovedInAirflow3Warning: Param `schedule_interval` is deprecated and will be removed in a future release. Please use `schedule` instead.
[2026-02-01T19:39:36.761+0000] {processor.py:840} INFO - DAG(s) 'feature_store_cre' retrieved from /opt/airflow/dags/feature_store.py
[2026-02-01T19:39:36.785+0000] {logging_mixin.py:188} INFO - [2026-02-01T19:39:36.784+0000] {dag.py:3096} INFO - Sync 1 DAGs
[2026-02-01T19:39:36.805+0000] {logging_mixin.py:188} INFO - [2026-02-01T19:39:36.805+0000] {dag.py:3954} INFO - Setting next_dagrun for feature_store_cre to 2026-01-31 00:00:00+00:00, run_after=2026-02-01 00:00:00+00:00
[2026-02-01T19:39:36.825+0000] {processor.py:183} INFO - Processing /opt/airflow/dags/feature_store.py took 2.051 seconds
[2026-02-01T19:40:08.305+0000] {processor.py:161} INFO - Started process (PID=26349) to work on /opt/airflow/dags/feature_store.py
[2026-02-01T19:40:08.306+0000] {processor.py:830} INFO - Processing file /opt/airflow/dags/feature_store.py for tasks to queue
[2026-02-01T19:40:08.308+0000] {logging_mixin.py:188} INFO - [2026-02-01T19:40:08.307+0000] {dagbag.py:545} INFO - Filling up the DagBag from /opt/airflow/dags/feature_store.py
[2026-02-01T19:40:10.775+0000] {logging_mixin.py:188} WARNING - /opt/airflow/dags/feature_store.py:64 RemovedInAirflow3Warning: Param `schedule_interval` is deprecated and will be removed in a future release. Please use `schedule` instead.
[2026-02-01T19:40:10.781+0000] {processor.py:840} INFO - DAG(s) 'feature_store_cre' retrieved from /opt/airflow/dags/feature_store.py
[2026-02-01T19:40:10.808+0000] {logging_mixin.py:188} INFO - [2026-02-01T19:40:10.807+0000] {dag.py:3096} INFO - Sync 1 DAGs
[2026-02-01T19:40:10.830+0000] {logging_mixin.py:188} INFO - [2026-02-01T19:40:10.830+0000] {dag.py:3954} INFO - Setting next_dagrun for feature_store_cre to 2026-01-31 00:00:00+00:00, run_after=2026-02-01 00:00:00+00:00
[2026-02-01T19:40:10.874+0000] {processor.py:183} INFO - Processing /opt/airflow/dags/feature_store.py took 2.574 seconds
[2026-02-01T19:40:41.805+0000] {processor.py:161} INFO - Started process (PID=26396) to work on /opt/airflow/dags/feature_store.py
[2026-02-01T19:40:41.806+0000] {processor.py:830} INFO - Processing file /opt/airflow/dags/feature_store.py for tasks to queue
[2026-02-01T19:40:41.808+0000] {logging_mixin.py:188} INFO - [2026-02-01T19:40:41.807+0000] {dagbag.py:545} INFO - Filling up the DagBag from /opt/airflow/dags/feature_store.py
[2026-02-01T19:40:44.284+0000] {logging_mixin.py:188} WARNING - /opt/airflow/dags/feature_store.py:64 RemovedInAirflow3Warning: Param `schedule_interval` is deprecated and will be removed in a future release. Please use `schedule` instead.
[2026-02-01T19:40:44.290+0000] {processor.py:840} INFO - DAG(s) 'feature_store_cre' retrieved from /opt/airflow/dags/feature_store.py
[2026-02-01T19:40:44.316+0000] {logging_mixin.py:188} INFO - [2026-02-01T19:40:44.316+0000] {dag.py:3096} INFO - Sync 1 DAGs
[2026-02-01T19:40:44.340+0000] {logging_mixin.py:188} INFO - [2026-02-01T19:40:44.340+0000] {dag.py:3954} INFO - Setting next_dagrun for feature_store_cre to 2026-01-31 00:00:00+00:00, run_after=2026-02-01 00:00:00+00:00
[2026-02-01T19:40:44.365+0000] {processor.py:183} INFO - Processing /opt/airflow/dags/feature_store.py took 2.565 seconds
[2026-02-01T19:41:15.059+0000] {processor.py:161} INFO - Started process (PID=26443) to work on /opt/airflow/dags/feature_store.py
[2026-02-01T19:41:15.062+0000] {processor.py:830} INFO - Processing file /opt/airflow/dags/feature_store.py for tasks to queue
[2026-02-01T19:41:15.067+0000] {logging_mixin.py:188} INFO - [2026-02-01T19:41:15.066+0000] {dagbag.py:545} INFO - Filling up the DagBag from /opt/airflow/dags/feature_store.py
[2026-02-01T19:41:18.655+0000] {logging_mixin.py:188} WARNING - /opt/airflow/dags/feature_store.py:64 RemovedInAirflow3Warning: Param `schedule_interval` is deprecated and will be removed in a future release. Please use `schedule` instead.
[2026-02-01T19:41:18.661+0000] {processor.py:840} INFO - DAG(s) 'feature_store_cre' retrieved from /opt/airflow/dags/feature_store.py
[2026-02-01T19:41:18.692+0000] {logging_mixin.py:188} INFO - [2026-02-01T19:41:18.691+0000] {dag.py:3096} INFO - Sync 1 DAGs
[2026-02-01T19:41:18.717+0000] {logging_mixin.py:188} INFO - [2026-02-01T19:41:18.716+0000] {dag.py:3954} INFO - Setting next_dagrun for feature_store_cre to 2026-01-31 00:00:00+00:00, run_after=2026-02-01 00:00:00+00:00
[2026-02-01T19:41:18.757+0000] {processor.py:183} INFO - Processing /opt/airflow/dags/feature_store.py took 3.708 seconds
[2026-02-01T19:41:49.023+0000] {processor.py:161} INFO - Started process (PID=26496) to work on /opt/airflow/dags/feature_store.py
[2026-02-01T19:41:49.024+0000] {processor.py:830} INFO - Processing file /opt/airflow/dags/feature_store.py for tasks to queue
[2026-02-01T19:41:49.026+0000] {logging_mixin.py:188} INFO - [2026-02-01T19:41:49.025+0000] {dagbag.py:545} INFO - Filling up the DagBag from /opt/airflow/dags/feature_store.py
[2026-02-01T19:41:51.039+0000] {logging_mixin.py:188} WARNING - /opt/airflow/dags/feature_store.py:64 RemovedInAirflow3Warning: Param `schedule_interval` is deprecated and will be removed in a future release. Please use `schedule` instead.
[2026-02-01T19:41:51.044+0000] {processor.py:840} INFO - DAG(s) 'feature_store_cre' retrieved from /opt/airflow/dags/feature_store.py
[2026-02-01T19:41:51.069+0000] {logging_mixin.py:188} INFO - [2026-02-01T19:41:51.069+0000] {dag.py:3096} INFO - Sync 1 DAGs
[2026-02-01T19:41:51.093+0000] {logging_mixin.py:188} INFO - [2026-02-01T19:41:51.092+0000] {dag.py:3954} INFO - Setting next_dagrun for feature_store_cre to 2026-01-31 00:00:00+00:00, run_after=2026-02-01 00:00:00+00:00
[2026-02-01T19:41:51.119+0000] {processor.py:183} INFO - Processing /opt/airflow/dags/feature_store.py took 2.100 seconds
[2026-02-01T19:42:21.615+0000] {processor.py:161} INFO - Started process (PID=26537) to work on /opt/airflow/dags/feature_store.py
[2026-02-01T19:42:21.617+0000] {processor.py:830} INFO - Processing file /opt/airflow/dags/feature_store.py for tasks to queue
[2026-02-01T19:42:21.619+0000] {logging_mixin.py:188} INFO - [2026-02-01T19:42:21.619+0000] {dagbag.py:545} INFO - Filling up the DagBag from /opt/airflow/dags/feature_store.py
[2026-02-01T19:42:24.397+0000] {logging_mixin.py:188} WARNING - /opt/airflow/dags/feature_store.py:64 RemovedInAirflow3Warning: Param `schedule_interval` is deprecated and will be removed in a future release. Please use `schedule` instead.
[2026-02-01T19:42:24.402+0000] {processor.py:840} INFO - DAG(s) 'feature_store_cre' retrieved from /opt/airflow/dags/feature_store.py
[2026-02-01T19:42:24.424+0000] {logging_mixin.py:188} INFO - [2026-02-01T19:42:24.424+0000] {dag.py:3096} INFO - Sync 1 DAGs
[2026-02-01T19:42:24.444+0000] {logging_mixin.py:188} INFO - [2026-02-01T19:42:24.443+0000] {dag.py:3954} INFO - Setting next_dagrun for feature_store_cre to 2026-01-31 00:00:00+00:00, run_after=2026-02-01 00:00:00+00:00
[2026-02-01T19:42:24.464+0000] {processor.py:183} INFO - Processing /opt/airflow/dags/feature_store.py took 2.856 seconds
[2026-02-01T19:42:54.985+0000] {processor.py:161} INFO - Started process (PID=26590) to work on /opt/airflow/dags/feature_store.py
[2026-02-01T19:42:54.986+0000] {processor.py:830} INFO - Processing file /opt/airflow/dags/feature_store.py for tasks to queue
[2026-02-01T19:42:54.988+0000] {logging_mixin.py:188} INFO - [2026-02-01T19:42:54.988+0000] {dagbag.py:545} INFO - Filling up the DagBag from /opt/airflow/dags/feature_store.py
[2026-02-01T19:42:57.652+0000] {logging_mixin.py:188} WARNING - /opt/airflow/dags/feature_store.py:64 RemovedInAirflow3Warning: Param `schedule_interval` is deprecated and will be removed in a future release. Please use `schedule` instead.
[2026-02-01T19:42:57.666+0000] {processor.py:840} INFO - DAG(s) 'feature_store_cre' retrieved from /opt/airflow/dags/feature_store.py
[2026-02-01T19:42:57.705+0000] {logging_mixin.py:188} INFO - [2026-02-01T19:42:57.704+0000] {dag.py:3096} INFO - Sync 1 DAGs
[2026-02-01T19:42:57.740+0000] {logging_mixin.py:188} INFO - [2026-02-01T19:42:57.739+0000] {dag.py:3954} INFO - Setting next_dagrun for feature_store_cre to 2026-01-31 00:00:00+00:00, run_after=2026-02-01 00:00:00+00:00
[2026-02-01T19:42:57.776+0000] {processor.py:183} INFO - Processing /opt/airflow/dags/feature_store.py took 2.799 seconds
[2026-02-01T19:43:28.418+0000] {processor.py:161} INFO - Started process (PID=26633) to work on /opt/airflow/dags/feature_store.py
[2026-02-01T19:43:28.420+0000] {processor.py:830} INFO - Processing file /opt/airflow/dags/feature_store.py for tasks to queue
[2026-02-01T19:43:28.422+0000] {logging_mixin.py:188} INFO - [2026-02-01T19:43:28.421+0000] {dagbag.py:545} INFO - Filling up the DagBag from /opt/airflow/dags/feature_store.py
[2026-02-01T19:43:30.599+0000] {logging_mixin.py:188} WARNING - /opt/airflow/dags/feature_store.py:64 RemovedInAirflow3Warning: Param `schedule_interval` is deprecated and will be removed in a future release. Please use `schedule` instead.
[2026-02-01T19:43:30.605+0000] {processor.py:840} INFO - DAG(s) 'feature_store_cre' retrieved from /opt/airflow/dags/feature_store.py
[2026-02-01T19:43:30.635+0000] {logging_mixin.py:188} INFO - [2026-02-01T19:43:30.635+0000] {dag.py:3096} INFO - Sync 1 DAGs
[2026-02-01T19:43:30.657+0000] {logging_mixin.py:188} INFO - [2026-02-01T19:43:30.657+0000] {dag.py:3954} INFO - Setting next_dagrun for feature_store_cre to 2026-01-31 00:00:00+00:00, run_after=2026-02-01 00:00:00+00:00
[2026-02-01T19:43:30.681+0000] {processor.py:183} INFO - Processing /opt/airflow/dags/feature_store.py took 2.270 seconds
[2026-02-01T19:44:05.249+0000] {processor.py:161} INFO - Started process (PID=26673) to work on /opt/airflow/dags/feature_store.py
[2026-02-01T19:44:05.250+0000] {processor.py:830} INFO - Processing file /opt/airflow/dags/feature_store.py for tasks to queue
[2026-02-01T19:44:05.253+0000] {logging_mixin.py:188} INFO - [2026-02-01T19:44:05.253+0000] {dagbag.py:545} INFO - Filling up the DagBag from /opt/airflow/dags/feature_store.py
[2026-02-01T19:44:07.737+0000] {logging_mixin.py:188} WARNING - /opt/airflow/dags/feature_store.py:64 RemovedInAirflow3Warning: Param `schedule_interval` is deprecated and will be removed in a future release. Please use `schedule` instead.
[2026-02-01T19:44:07.742+0000] {processor.py:840} INFO - DAG(s) 'feature_store_cre' retrieved from /opt/airflow/dags/feature_store.py
[2026-02-01T19:44:07.766+0000] {logging_mixin.py:188} INFO - [2026-02-01T19:44:07.765+0000] {dag.py:3096} INFO - Sync 1 DAGs
[2026-02-01T19:44:07.786+0000] {logging_mixin.py:188} INFO - [2026-02-01T19:44:07.786+0000] {dag.py:3954} INFO - Setting next_dagrun for feature_store_cre to 2026-01-31 00:00:00+00:00, run_after=2026-02-01 00:00:00+00:00
[2026-02-01T19:44:07.805+0000] {processor.py:183} INFO - Processing /opt/airflow/dags/feature_store.py took 2.567 seconds
[2026-02-01T19:44:37.955+0000] {processor.py:161} INFO - Started process (PID=26708) to work on /opt/airflow/dags/feature_store.py
[2026-02-01T19:44:37.958+0000] {processor.py:830} INFO - Processing file /opt/airflow/dags/feature_store.py for tasks to queue
[2026-02-01T19:44:37.961+0000] {logging_mixin.py:188} INFO - [2026-02-01T19:44:37.960+0000] {dagbag.py:545} INFO - Filling up the DagBag from /opt/airflow/dags/feature_store.py
[2026-02-01T19:44:40.629+0000] {logging_mixin.py:188} WARNING - /opt/airflow/dags/feature_store.py:64 RemovedInAirflow3Warning: Param `schedule_interval` is deprecated and will be removed in a future release. Please use `schedule` instead.
[2026-02-01T19:44:40.639+0000] {processor.py:840} INFO - DAG(s) 'feature_store_cre' retrieved from /opt/airflow/dags/feature_store.py
[2026-02-01T19:44:40.669+0000] {logging_mixin.py:188} INFO - [2026-02-01T19:44:40.668+0000] {dag.py:3096} INFO - Sync 1 DAGs
[2026-02-01T19:44:40.692+0000] {logging_mixin.py:188} INFO - [2026-02-01T19:44:40.692+0000] {dag.py:3954} INFO - Setting next_dagrun for feature_store_cre to 2026-01-31 00:00:00+00:00, run_after=2026-02-01 00:00:00+00:00
[2026-02-01T19:44:40.726+0000] {processor.py:183} INFO - Processing /opt/airflow/dags/feature_store.py took 2.781 seconds
[2026-02-01T19:45:11.216+0000] {processor.py:161} INFO - Started process (PID=26751) to work on /opt/airflow/dags/feature_store.py
[2026-02-01T19:45:11.217+0000] {processor.py:830} INFO - Processing file /opt/airflow/dags/feature_store.py for tasks to queue
[2026-02-01T19:45:11.219+0000] {logging_mixin.py:188} INFO - [2026-02-01T19:45:11.218+0000] {dagbag.py:545} INFO - Filling up the DagBag from /opt/airflow/dags/feature_store.py
[2026-02-01T19:45:14.892+0000] {logging_mixin.py:188} WARNING - /opt/airflow/dags/feature_store.py:64 RemovedInAirflow3Warning: Param `schedule_interval` is deprecated and will be removed in a future release. Please use `schedule` instead.
[2026-02-01T19:45:14.900+0000] {processor.py:840} INFO - DAG(s) 'feature_store_cre' retrieved from /opt/airflow/dags/feature_store.py
[2026-02-01T19:45:14.951+0000] {logging_mixin.py:188} INFO - [2026-02-01T19:45:14.949+0000] {dag.py:3096} INFO - Sync 1 DAGs
[2026-02-01T19:45:14.992+0000] {logging_mixin.py:188} INFO - [2026-02-01T19:45:14.992+0000] {dag.py:3954} INFO - Setting next_dagrun for feature_store_cre to 2026-01-31 00:00:00+00:00, run_after=2026-02-01 00:00:00+00:00
[2026-02-01T19:45:15.028+0000] {processor.py:183} INFO - Processing /opt/airflow/dags/feature_store.py took 3.816 seconds
[2026-02-01T19:45:45.158+0000] {processor.py:161} INFO - Started process (PID=26805) to work on /opt/airflow/dags/feature_store.py
[2026-02-01T19:45:45.160+0000] {processor.py:830} INFO - Processing file /opt/airflow/dags/feature_store.py for tasks to queue
[2026-02-01T19:45:45.162+0000] {logging_mixin.py:188} INFO - [2026-02-01T19:45:45.162+0000] {dagbag.py:545} INFO - Filling up the DagBag from /opt/airflow/dags/feature_store.py
[2026-02-01T19:45:47.102+0000] {logging_mixin.py:188} WARNING - /opt/airflow/dags/feature_store.py:64 RemovedInAirflow3Warning: Param `schedule_interval` is deprecated and will be removed in a future release. Please use `schedule` instead.
[2026-02-01T19:45:47.107+0000] {processor.py:840} INFO - DAG(s) 'feature_store_cre' retrieved from /opt/airflow/dags/feature_store.py
[2026-02-01T19:45:47.130+0000] {logging_mixin.py:188} INFO - [2026-02-01T19:45:47.130+0000] {dag.py:3096} INFO - Sync 1 DAGs
[2026-02-01T19:45:47.152+0000] {logging_mixin.py:188} INFO - [2026-02-01T19:45:47.152+0000] {dag.py:3954} INFO - Setting next_dagrun for feature_store_cre to 2026-01-31 00:00:00+00:00, run_after=2026-02-01 00:00:00+00:00
[2026-02-01T19:45:47.172+0000] {processor.py:183} INFO - Processing /opt/airflow/dags/feature_store.py took 2.020 seconds
[2026-02-01T19:46:17.313+0000] {processor.py:161} INFO - Started process (PID=26850) to work on /opt/airflow/dags/feature_store.py
[2026-02-01T19:46:17.314+0000] {processor.py:830} INFO - Processing file /opt/airflow/dags/feature_store.py for tasks to queue
[2026-02-01T19:46:17.316+0000] {logging_mixin.py:188} INFO - [2026-02-01T19:46:17.315+0000] {dagbag.py:545} INFO - Filling up the DagBag from /opt/airflow/dags/feature_store.py
[2026-02-01T19:46:19.757+0000] {logging_mixin.py:188} WARNING - /opt/airflow/dags/feature_store.py:64 RemovedInAirflow3Warning: Param `schedule_interval` is deprecated and will be removed in a future release. Please use `schedule` instead.
[2026-02-01T19:46:19.763+0000] {processor.py:840} INFO - DAG(s) 'feature_store_cre' retrieved from /opt/airflow/dags/feature_store.py
[2026-02-01T19:46:19.789+0000] {logging_mixin.py:188} INFO - [2026-02-01T19:46:19.788+0000] {dag.py:3096} INFO - Sync 1 DAGs
[2026-02-01T19:46:19.812+0000] {logging_mixin.py:188} INFO - [2026-02-01T19:46:19.812+0000] {dag.py:3954} INFO - Setting next_dagrun for feature_store_cre to 2026-01-31 00:00:00+00:00, run_after=2026-02-01 00:00:00+00:00
[2026-02-01T19:46:19.842+0000] {processor.py:183} INFO - Processing /opt/airflow/dags/feature_store.py took 2.535 seconds
[2026-02-01T19:46:50.042+0000] {processor.py:161} INFO - Started process (PID=26895) to work on /opt/airflow/dags/feature_store.py
[2026-02-01T19:46:50.046+0000] {processor.py:830} INFO - Processing file /opt/airflow/dags/feature_store.py for tasks to queue
[2026-02-01T19:46:50.048+0000] {logging_mixin.py:188} INFO - [2026-02-01T19:46:50.047+0000] {dagbag.py:545} INFO - Filling up the DagBag from /opt/airflow/dags/feature_store.py
[2026-02-01T19:46:52.252+0000] {logging_mixin.py:188} WARNING - /opt/airflow/dags/feature_store.py:64 RemovedInAirflow3Warning: Param `schedule_interval` is deprecated and will be removed in a future release. Please use `schedule` instead.
[2026-02-01T19:46:52.257+0000] {processor.py:840} INFO - DAG(s) 'feature_store_cre' retrieved from /opt/airflow/dags/feature_store.py
[2026-02-01T19:46:52.279+0000] {logging_mixin.py:188} INFO - [2026-02-01T19:46:52.278+0000] {dag.py:3096} INFO - Sync 1 DAGs
[2026-02-01T19:46:52.297+0000] {logging_mixin.py:188} INFO - [2026-02-01T19:46:52.297+0000] {dag.py:3954} INFO - Setting next_dagrun for feature_store_cre to 2026-01-31 00:00:00+00:00, run_after=2026-02-01 00:00:00+00:00
[2026-02-01T19:46:52.317+0000] {processor.py:183} INFO - Processing /opt/airflow/dags/feature_store.py took 2.280 seconds
[2026-02-01T19:47:22.786+0000] {processor.py:161} INFO - Started process (PID=26942) to work on /opt/airflow/dags/feature_store.py
[2026-02-01T19:47:22.787+0000] {processor.py:830} INFO - Processing file /opt/airflow/dags/feature_store.py for tasks to queue
[2026-02-01T19:47:22.790+0000] {logging_mixin.py:188} INFO - [2026-02-01T19:47:22.789+0000] {dagbag.py:545} INFO - Filling up the DagBag from /opt/airflow/dags/feature_store.py
[2026-02-01T19:47:25.997+0000] {logging_mixin.py:188} WARNING - /opt/airflow/dags/feature_store.py:64 RemovedInAirflow3Warning: Param `schedule_interval` is deprecated and will be removed in a future release. Please use `schedule` instead.
[2026-02-01T19:47:26.002+0000] {processor.py:840} INFO - DAG(s) 'feature_store_cre' retrieved from /opt/airflow/dags/feature_store.py
[2026-02-01T19:47:26.021+0000] {logging_mixin.py:188} INFO - [2026-02-01T19:47:26.020+0000] {dag.py:3096} INFO - Sync 1 DAGs
[2026-02-01T19:47:26.041+0000] {logging_mixin.py:188} INFO - [2026-02-01T19:47:26.041+0000] {dag.py:3954} INFO - Setting next_dagrun for feature_store_cre to 2026-01-31 00:00:00+00:00, run_after=2026-02-01 00:00:00+00:00
[2026-02-01T19:47:26.067+0000] {processor.py:183} INFO - Processing /opt/airflow/dags/feature_store.py took 3.291 seconds
[2026-02-01T19:47:56.268+0000] {processor.py:161} INFO - Started process (PID=26989) to work on /opt/airflow/dags/feature_store.py
[2026-02-01T19:47:56.271+0000] {processor.py:830} INFO - Processing file /opt/airflow/dags/feature_store.py for tasks to queue
[2026-02-01T19:47:56.273+0000] {logging_mixin.py:188} INFO - [2026-02-01T19:47:56.273+0000] {dagbag.py:545} INFO - Filling up the DagBag from /opt/airflow/dags/feature_store.py
[2026-02-01T19:47:59.160+0000] {logging_mixin.py:188} WARNING - /opt/airflow/dags/feature_store.py:64 RemovedInAirflow3Warning: Param `schedule_interval` is deprecated and will be removed in a future release. Please use `schedule` instead.
[2026-02-01T19:47:59.166+0000] {processor.py:840} INFO - DAG(s) 'feature_store_cre' retrieved from /opt/airflow/dags/feature_store.py
[2026-02-01T19:47:59.212+0000] {logging_mixin.py:188} INFO - [2026-02-01T19:47:59.211+0000] {dag.py:3096} INFO - Sync 1 DAGs
[2026-02-01T19:47:59.251+0000] {logging_mixin.py:188} INFO - [2026-02-01T19:47:59.250+0000] {dag.py:3954} INFO - Setting next_dagrun for feature_store_cre to 2026-01-31 00:00:00+00:00, run_after=2026-02-01 00:00:00+00:00
[2026-02-01T19:47:59.282+0000] {processor.py:183} INFO - Processing /opt/airflow/dags/feature_store.py took 3.023 seconds
[2026-02-01T19:48:29.472+0000] {processor.py:161} INFO - Started process (PID=27035) to work on /opt/airflow/dags/feature_store.py
[2026-02-01T19:48:29.473+0000] {processor.py:830} INFO - Processing file /opt/airflow/dags/feature_store.py for tasks to queue
[2026-02-01T19:48:29.476+0000] {logging_mixin.py:188} INFO - [2026-02-01T19:48:29.475+0000] {dagbag.py:545} INFO - Filling up the DagBag from /opt/airflow/dags/feature_store.py
[2026-02-01T19:48:32.624+0000] {logging_mixin.py:188} WARNING - /opt/airflow/dags/feature_store.py:64 RemovedInAirflow3Warning: Param `schedule_interval` is deprecated and will be removed in a future release. Please use `schedule` instead.
[2026-02-01T19:48:32.630+0000] {processor.py:840} INFO - DAG(s) 'feature_store_cre' retrieved from /opt/airflow/dags/feature_store.py
[2026-02-01T19:48:32.669+0000] {logging_mixin.py:188} INFO - [2026-02-01T19:48:32.668+0000] {dag.py:3096} INFO - Sync 1 DAGs
[2026-02-01T19:48:32.699+0000] {logging_mixin.py:188} INFO - [2026-02-01T19:48:32.699+0000] {dag.py:3954} INFO - Setting next_dagrun for feature_store_cre to 2026-01-31 00:00:00+00:00, run_after=2026-02-01 00:00:00+00:00
[2026-02-01T19:48:32.729+0000] {processor.py:183} INFO - Processing /opt/airflow/dags/feature_store.py took 3.266 seconds
[2026-02-01T19:49:02.804+0000] {processor.py:161} INFO - Started process (PID=27079) to work on /opt/airflow/dags/feature_store.py
[2026-02-01T19:49:02.807+0000] {processor.py:830} INFO - Processing file /opt/airflow/dags/feature_store.py for tasks to queue
[2026-02-01T19:49:02.809+0000] {logging_mixin.py:188} INFO - [2026-02-01T19:49:02.808+0000] {dagbag.py:545} INFO - Filling up the DagBag from /opt/airflow/dags/feature_store.py
[2026-02-01T19:49:06.457+0000] {logging_mixin.py:188} WARNING - /opt/airflow/dags/feature_store.py:64 RemovedInAirflow3Warning: Param `schedule_interval` is deprecated and will be removed in a future release. Please use `schedule` instead.
[2026-02-01T19:49:06.473+0000] {processor.py:840} INFO - DAG(s) 'feature_store_cre' retrieved from /opt/airflow/dags/feature_store.py
[2026-02-01T19:49:06.529+0000] {logging_mixin.py:188} INFO - [2026-02-01T19:49:06.528+0000] {dag.py:3096} INFO - Sync 1 DAGs
[2026-02-01T19:49:06.572+0000] {logging_mixin.py:188} INFO - [2026-02-01T19:49:06.572+0000] {dag.py:3954} INFO - Setting next_dagrun for feature_store_cre to 2026-01-31 00:00:00+00:00, run_after=2026-02-01 00:00:00+00:00
[2026-02-01T19:49:06.609+0000] {processor.py:183} INFO - Processing /opt/airflow/dags/feature_store.py took 3.810 seconds
[2026-02-01T19:49:37.128+0000] {processor.py:161} INFO - Started process (PID=27126) to work on /opt/airflow/dags/feature_store.py
[2026-02-01T19:49:37.129+0000] {processor.py:830} INFO - Processing file /opt/airflow/dags/feature_store.py for tasks to queue
[2026-02-01T19:49:37.131+0000] {logging_mixin.py:188} INFO - [2026-02-01T19:49:37.130+0000] {dagbag.py:545} INFO - Filling up the DagBag from /opt/airflow/dags/feature_store.py
[2026-02-01T19:49:39.403+0000] {logging_mixin.py:188} WARNING - /opt/airflow/dags/feature_store.py:64 RemovedInAirflow3Warning: Param `schedule_interval` is deprecated and will be removed in a future release. Please use `schedule` instead.
[2026-02-01T19:49:39.411+0000] {processor.py:840} INFO - DAG(s) 'feature_store_cre' retrieved from /opt/airflow/dags/feature_store.py
[2026-02-01T19:49:39.456+0000] {logging_mixin.py:188} INFO - [2026-02-01T19:49:39.453+0000] {dag.py:3096} INFO - Sync 1 DAGs
[2026-02-01T19:49:39.494+0000] {logging_mixin.py:188} INFO - [2026-02-01T19:49:39.493+0000] {dag.py:3954} INFO - Setting next_dagrun for feature_store_cre to 2026-01-31 00:00:00+00:00, run_after=2026-02-01 00:00:00+00:00
[2026-02-01T19:49:39.536+0000] {processor.py:183} INFO - Processing /opt/airflow/dags/feature_store.py took 2.414 seconds
[2026-02-01T19:50:09.819+0000] {processor.py:161} INFO - Started process (PID=27173) to work on /opt/airflow/dags/feature_store.py
[2026-02-01T19:50:09.822+0000] {processor.py:830} INFO - Processing file /opt/airflow/dags/feature_store.py for tasks to queue
[2026-02-01T19:50:09.824+0000] {logging_mixin.py:188} INFO - [2026-02-01T19:50:09.823+0000] {dagbag.py:545} INFO - Filling up the DagBag from /opt/airflow/dags/feature_store.py
[2026-02-01T19:50:12.430+0000] {logging_mixin.py:188} WARNING - /opt/airflow/dags/feature_store.py:64 RemovedInAirflow3Warning: Param `schedule_interval` is deprecated and will be removed in a future release. Please use `schedule` instead.
[2026-02-01T19:50:12.437+0000] {processor.py:840} INFO - DAG(s) 'feature_store_cre' retrieved from /opt/airflow/dags/feature_store.py
[2026-02-01T19:50:12.466+0000] {logging_mixin.py:188} INFO - [2026-02-01T19:50:12.465+0000] {dag.py:3096} INFO - Sync 1 DAGs
[2026-02-01T19:50:12.490+0000] {logging_mixin.py:188} INFO - [2026-02-01T19:50:12.489+0000] {dag.py:3954} INFO - Setting next_dagrun for feature_store_cre to 2026-01-31 00:00:00+00:00, run_after=2026-02-01 00:00:00+00:00
[2026-02-01T19:50:12.514+0000] {processor.py:183} INFO - Processing /opt/airflow/dags/feature_store.py took 2.702 seconds
[2026-02-01T19:50:42.888+0000] {processor.py:161} INFO - Started process (PID=27220) to work on /opt/airflow/dags/feature_store.py
[2026-02-01T19:50:42.889+0000] {processor.py:830} INFO - Processing file /opt/airflow/dags/feature_store.py for tasks to queue
[2026-02-01T19:50:42.891+0000] {logging_mixin.py:188} INFO - [2026-02-01T19:50:42.891+0000] {dagbag.py:545} INFO - Filling up the DagBag from /opt/airflow/dags/feature_store.py
[2026-02-01T19:50:45.518+0000] {logging_mixin.py:188} WARNING - /opt/airflow/dags/feature_store.py:64 RemovedInAirflow3Warning: Param `schedule_interval` is deprecated and will be removed in a future release. Please use `schedule` instead.
[2026-02-01T19:50:45.523+0000] {processor.py:840} INFO - DAG(s) 'feature_store_cre' retrieved from /opt/airflow/dags/feature_store.py
[2026-02-01T19:50:45.547+0000] {logging_mixin.py:188} INFO - [2026-02-01T19:50:45.546+0000] {dag.py:3096} INFO - Sync 1 DAGs
[2026-02-01T19:50:45.580+0000] {logging_mixin.py:188} INFO - [2026-02-01T19:50:45.579+0000] {dag.py:3954} INFO - Setting next_dagrun for feature_store_cre to 2026-01-31 00:00:00+00:00, run_after=2026-02-01 00:00:00+00:00
[2026-02-01T19:50:45.609+0000] {processor.py:183} INFO - Processing /opt/airflow/dags/feature_store.py took 2.727 seconds
[2026-02-01T19:51:16.543+0000] {processor.py:161} INFO - Started process (PID=27265) to work on /opt/airflow/dags/feature_store.py
[2026-02-01T19:51:16.548+0000] {processor.py:830} INFO - Processing file /opt/airflow/dags/feature_store.py for tasks to queue
[2026-02-01T19:51:16.551+0000] {logging_mixin.py:188} INFO - [2026-02-01T19:51:16.550+0000] {dagbag.py:545} INFO - Filling up the DagBag from /opt/airflow/dags/feature_store.py
[2026-02-01T19:51:19.322+0000] {logging_mixin.py:188} WARNING - /opt/airflow/dags/feature_store.py:64 RemovedInAirflow3Warning: Param `schedule_interval` is deprecated and will be removed in a future release. Please use `schedule` instead.
[2026-02-01T19:51:19.327+0000] {processor.py:840} INFO - DAG(s) 'feature_store_cre' retrieved from /opt/airflow/dags/feature_store.py
[2026-02-01T19:51:19.353+0000] {logging_mixin.py:188} INFO - [2026-02-01T19:51:19.352+0000] {dag.py:3096} INFO - Sync 1 DAGs
[2026-02-01T19:51:19.376+0000] {logging_mixin.py:188} INFO - [2026-02-01T19:51:19.375+0000] {dag.py:3954} INFO - Setting next_dagrun for feature_store_cre to 2026-01-31 00:00:00+00:00, run_after=2026-02-01 00:00:00+00:00
[2026-02-01T19:51:19.398+0000] {processor.py:183} INFO - Processing /opt/airflow/dags/feature_store.py took 2.867 seconds
[2026-02-01T19:51:50.281+0000] {processor.py:161} INFO - Started process (PID=27297) to work on /opt/airflow/dags/feature_store.py
[2026-02-01T19:51:50.283+0000] {processor.py:830} INFO - Processing file /opt/airflow/dags/feature_store.py for tasks to queue
[2026-02-01T19:51:50.291+0000] {logging_mixin.py:188} INFO - [2026-02-01T19:51:50.290+0000] {dagbag.py:545} INFO - Filling up the DagBag from /opt/airflow/dags/feature_store.py
[2026-02-01T19:51:55.447+0000] {logging_mixin.py:188} WARNING - /opt/airflow/dags/feature_store.py:64 RemovedInAirflow3Warning: Param `schedule_interval` is deprecated and will be removed in a future release. Please use `schedule` instead.
[2026-02-01T19:51:55.458+0000] {processor.py:840} INFO - DAG(s) 'feature_store_cre' retrieved from /opt/airflow/dags/feature_store.py
[2026-02-01T19:51:55.497+0000] {logging_mixin.py:188} INFO - [2026-02-01T19:51:55.496+0000] {dag.py:3096} INFO - Sync 1 DAGs
[2026-02-01T19:51:55.532+0000] {logging_mixin.py:188} INFO - [2026-02-01T19:51:55.531+0000] {dag.py:3954} INFO - Setting next_dagrun for feature_store_cre to 2026-01-31 00:00:00+00:00, run_after=2026-02-01 00:00:00+00:00
[2026-02-01T19:51:55.567+0000] {processor.py:183} INFO - Processing /opt/airflow/dags/feature_store.py took 5.299 seconds
[2026-02-01T19:52:25.837+0000] {processor.py:161} INFO - Started process (PID=27340) to work on /opt/airflow/dags/feature_store.py
[2026-02-01T19:52:25.840+0000] {processor.py:830} INFO - Processing file /opt/airflow/dags/feature_store.py for tasks to queue
[2026-02-01T19:52:25.842+0000] {logging_mixin.py:188} INFO - [2026-02-01T19:52:25.842+0000] {dagbag.py:545} INFO - Filling up the DagBag from /opt/airflow/dags/feature_store.py
[2026-02-01T19:52:29.072+0000] {logging_mixin.py:188} WARNING - /opt/airflow/dags/feature_store.py:64 RemovedInAirflow3Warning: Param `schedule_interval` is deprecated and will be removed in a future release. Please use `schedule` instead.
[2026-02-01T19:52:29.078+0000] {processor.py:840} INFO - DAG(s) 'feature_store_cre' retrieved from /opt/airflow/dags/feature_store.py
[2026-02-01T19:52:29.111+0000] {logging_mixin.py:188} INFO - [2026-02-01T19:52:29.110+0000] {dag.py:3096} INFO - Sync 1 DAGs
[2026-02-01T19:52:29.139+0000] {logging_mixin.py:188} INFO - [2026-02-01T19:52:29.138+0000] {dag.py:3954} INFO - Setting next_dagrun for feature_store_cre to 2026-01-31 00:00:00+00:00, run_after=2026-02-01 00:00:00+00:00
[2026-02-01T19:52:29.169+0000] {processor.py:183} INFO - Processing /opt/airflow/dags/feature_store.py took 3.343 seconds
[2026-02-01T19:52:59.672+0000] {processor.py:161} INFO - Started process (PID=27387) to work on /opt/airflow/dags/feature_store.py
[2026-02-01T19:52:59.673+0000] {processor.py:830} INFO - Processing file /opt/airflow/dags/feature_store.py for tasks to queue
[2026-02-01T19:52:59.675+0000] {logging_mixin.py:188} INFO - [2026-02-01T19:52:59.675+0000] {dagbag.py:545} INFO - Filling up the DagBag from /opt/airflow/dags/feature_store.py
[2026-02-01T19:53:02.390+0000] {logging_mixin.py:188} WARNING - /opt/airflow/dags/feature_store.py:64 RemovedInAirflow3Warning: Param `schedule_interval` is deprecated and will be removed in a future release. Please use `schedule` instead.
[2026-02-01T19:53:02.396+0000] {processor.py:840} INFO - DAG(s) 'feature_store_cre' retrieved from /opt/airflow/dags/feature_store.py
[2026-02-01T19:53:02.431+0000] {logging_mixin.py:188} INFO - [2026-02-01T19:53:02.431+0000] {dag.py:3096} INFO - Sync 1 DAGs
[2026-02-01T19:53:02.465+0000] {logging_mixin.py:188} INFO - [2026-02-01T19:53:02.464+0000] {dag.py:3954} INFO - Setting next_dagrun for feature_store_cre to 2026-01-31 00:00:00+00:00, run_after=2026-02-01 00:00:00+00:00
[2026-02-01T19:53:02.499+0000] {processor.py:183} INFO - Processing /opt/airflow/dags/feature_store.py took 2.832 seconds
[2026-02-01T19:53:32.737+0000] {processor.py:161} INFO - Started process (PID=27434) to work on /opt/airflow/dags/feature_store.py
[2026-02-01T19:53:32.741+0000] {processor.py:830} INFO - Processing file /opt/airflow/dags/feature_store.py for tasks to queue
[2026-02-01T19:53:32.743+0000] {logging_mixin.py:188} INFO - [2026-02-01T19:53:32.743+0000] {dagbag.py:545} INFO - Filling up the DagBag from /opt/airflow/dags/feature_store.py
[2026-02-01T19:53:35.801+0000] {logging_mixin.py:188} WARNING - /opt/airflow/dags/feature_store.py:64 RemovedInAirflow3Warning: Param `schedule_interval` is deprecated and will be removed in a future release. Please use `schedule` instead.
[2026-02-01T19:53:35.808+0000] {processor.py:840} INFO - DAG(s) 'feature_store_cre' retrieved from /opt/airflow/dags/feature_store.py
[2026-02-01T19:53:35.839+0000] {logging_mixin.py:188} INFO - [2026-02-01T19:53:35.838+0000] {dag.py:3096} INFO - Sync 1 DAGs
[2026-02-01T19:53:35.861+0000] {logging_mixin.py:188} INFO - [2026-02-01T19:53:35.860+0000] {dag.py:3954} INFO - Setting next_dagrun for feature_store_cre to 2026-01-31 00:00:00+00:00, run_after=2026-02-01 00:00:00+00:00
[2026-02-01T19:53:35.883+0000] {processor.py:183} INFO - Processing /opt/airflow/dags/feature_store.py took 3.154 seconds
[2026-02-01T19:54:05.931+0000] {processor.py:161} INFO - Started process (PID=27481) to work on /opt/airflow/dags/feature_store.py
[2026-02-01T19:54:05.932+0000] {processor.py:830} INFO - Processing file /opt/airflow/dags/feature_store.py for tasks to queue
[2026-02-01T19:54:05.934+0000] {logging_mixin.py:188} INFO - [2026-02-01T19:54:05.933+0000] {dagbag.py:545} INFO - Filling up the DagBag from /opt/airflow/dags/feature_store.py
[2026-02-01T19:54:07.895+0000] {logging_mixin.py:188} WARNING - /opt/airflow/dags/feature_store.py:64 RemovedInAirflow3Warning: Param `schedule_interval` is deprecated and will be removed in a future release. Please use `schedule` instead.
[2026-02-01T19:54:07.900+0000] {processor.py:840} INFO - DAG(s) 'feature_store_cre' retrieved from /opt/airflow/dags/feature_store.py
[2026-02-01T19:54:07.934+0000] {logging_mixin.py:188} INFO - [2026-02-01T19:54:07.934+0000] {dag.py:3096} INFO - Sync 1 DAGs
[2026-02-01T19:54:07.964+0000] {logging_mixin.py:188} INFO - [2026-02-01T19:54:07.964+0000] {dag.py:3954} INFO - Setting next_dagrun for feature_store_cre to 2026-01-31 00:00:00+00:00, run_after=2026-02-01 00:00:00+00:00
[2026-02-01T19:54:07.994+0000] {processor.py:183} INFO - Processing /opt/airflow/dags/feature_store.py took 2.068 seconds
[2026-02-01T19:54:38.562+0000] {processor.py:161} INFO - Started process (PID=27528) to work on /opt/airflow/dags/feature_store.py
[2026-02-01T19:54:38.567+0000] {processor.py:830} INFO - Processing file /opt/airflow/dags/feature_store.py for tasks to queue
[2026-02-01T19:54:38.569+0000] {logging_mixin.py:188} INFO - [2026-02-01T19:54:38.568+0000] {dagbag.py:545} INFO - Filling up the DagBag from /opt/airflow/dags/feature_store.py
[2026-02-01T19:54:40.409+0000] {logging_mixin.py:188} WARNING - /opt/airflow/dags/feature_store.py:64 RemovedInAirflow3Warning: Param `schedule_interval` is deprecated and will be removed in a future release. Please use `schedule` instead.
[2026-02-01T19:54:40.416+0000] {processor.py:840} INFO - DAG(s) 'feature_store_cre' retrieved from /opt/airflow/dags/feature_store.py
[2026-02-01T19:54:40.435+0000] {logging_mixin.py:188} INFO - [2026-02-01T19:54:40.435+0000] {dag.py:3096} INFO - Sync 1 DAGs
[2026-02-01T19:54:40.452+0000] {logging_mixin.py:188} INFO - [2026-02-01T19:54:40.452+0000] {dag.py:3954} INFO - Setting next_dagrun for feature_store_cre to 2026-01-31 00:00:00+00:00, run_after=2026-02-01 00:00:00+00:00
[2026-02-01T19:54:40.472+0000] {processor.py:183} INFO - Processing /opt/airflow/dags/feature_store.py took 1.915 seconds
[2026-02-01T19:55:10.740+0000] {processor.py:161} INFO - Started process (PID=27575) to work on /opt/airflow/dags/feature_store.py
[2026-02-01T19:55:10.741+0000] {processor.py:830} INFO - Processing file /opt/airflow/dags/feature_store.py for tasks to queue
[2026-02-01T19:55:10.743+0000] {logging_mixin.py:188} INFO - [2026-02-01T19:55:10.743+0000] {dagbag.py:545} INFO - Filling up the DagBag from /opt/airflow/dags/feature_store.py
[2026-02-01T19:55:13.446+0000] {logging_mixin.py:188} WARNING - /opt/airflow/dags/feature_store.py:64 RemovedInAirflow3Warning: Param `schedule_interval` is deprecated and will be removed in a future release. Please use `schedule` instead.
[2026-02-01T19:55:13.459+0000] {processor.py:840} INFO - DAG(s) 'feature_store_cre' retrieved from /opt/airflow/dags/feature_store.py
[2026-02-01T19:55:13.506+0000] {logging_mixin.py:188} INFO - [2026-02-01T19:55:13.505+0000] {dag.py:3096} INFO - Sync 1 DAGs
[2026-02-01T19:55:13.544+0000] {logging_mixin.py:188} INFO - [2026-02-01T19:55:13.544+0000] {dag.py:3954} INFO - Setting next_dagrun for feature_store_cre to 2026-01-31 00:00:00+00:00, run_after=2026-02-01 00:00:00+00:00
[2026-02-01T19:55:13.584+0000] {processor.py:183} INFO - Processing /opt/airflow/dags/feature_store.py took 2.850 seconds
[2026-02-01T19:55:43.645+0000] {processor.py:161} INFO - Started process (PID=27622) to work on /opt/airflow/dags/feature_store.py
[2026-02-01T19:55:43.647+0000] {processor.py:830} INFO - Processing file /opt/airflow/dags/feature_store.py for tasks to queue
[2026-02-01T19:55:43.649+0000] {logging_mixin.py:188} INFO - [2026-02-01T19:55:43.648+0000] {dagbag.py:545} INFO - Filling up the DagBag from /opt/airflow/dags/feature_store.py
[2026-02-01T19:55:46.080+0000] {logging_mixin.py:188} WARNING - /opt/airflow/dags/feature_store.py:64 RemovedInAirflow3Warning: Param `schedule_interval` is deprecated and will be removed in a future release. Please use `schedule` instead.
[2026-02-01T19:55:46.085+0000] {processor.py:840} INFO - DAG(s) 'feature_store_cre' retrieved from /opt/airflow/dags/feature_store.py
[2026-02-01T19:55:46.111+0000] {logging_mixin.py:188} INFO - [2026-02-01T19:55:46.111+0000] {dag.py:3096} INFO - Sync 1 DAGs
[2026-02-01T19:55:46.131+0000] {logging_mixin.py:188} INFO - [2026-02-01T19:55:46.131+0000] {dag.py:3954} INFO - Setting next_dagrun for feature_store_cre to 2026-01-31 00:00:00+00:00, run_after=2026-02-01 00:00:00+00:00
[2026-02-01T19:55:46.152+0000] {processor.py:183} INFO - Processing /opt/airflow/dags/feature_store.py took 2.511 seconds
[2026-02-01T19:56:16.438+0000] {processor.py:161} INFO - Started process (PID=27669) to work on /opt/airflow/dags/feature_store.py
[2026-02-01T19:56:16.439+0000] {processor.py:830} INFO - Processing file /opt/airflow/dags/feature_store.py for tasks to queue
[2026-02-01T19:56:16.441+0000] {logging_mixin.py:188} INFO - [2026-02-01T19:56:16.441+0000] {dagbag.py:545} INFO - Filling up the DagBag from /opt/airflow/dags/feature_store.py
[2026-02-01T19:56:18.651+0000] {logging_mixin.py:188} WARNING - /opt/airflow/dags/feature_store.py:64 RemovedInAirflow3Warning: Param `schedule_interval` is deprecated and will be removed in a future release. Please use `schedule` instead.
[2026-02-01T19:56:18.658+0000] {processor.py:840} INFO - DAG(s) 'feature_store_cre' retrieved from /opt/airflow/dags/feature_store.py
[2026-02-01T19:56:18.683+0000] {logging_mixin.py:188} INFO - [2026-02-01T19:56:18.683+0000] {dag.py:3096} INFO - Sync 1 DAGs
[2026-02-01T19:56:18.708+0000] {logging_mixin.py:188} INFO - [2026-02-01T19:56:18.708+0000] {dag.py:3954} INFO - Setting next_dagrun for feature_store_cre to 2026-01-31 00:00:00+00:00, run_after=2026-02-01 00:00:00+00:00
[2026-02-01T19:56:18.738+0000] {processor.py:183} INFO - Processing /opt/airflow/dags/feature_store.py took 2.307 seconds
[2026-02-01T19:56:48.883+0000] {processor.py:161} INFO - Started process (PID=27699) to work on /opt/airflow/dags/feature_store.py
[2026-02-01T19:56:48.885+0000] {processor.py:830} INFO - Processing file /opt/airflow/dags/feature_store.py for tasks to queue
[2026-02-01T19:56:48.888+0000] {logging_mixin.py:188} INFO - [2026-02-01T19:56:48.887+0000] {dagbag.py:545} INFO - Filling up the DagBag from /opt/airflow/dags/feature_store.py
[2026-02-01T19:56:52.727+0000] {logging_mixin.py:188} WARNING - /opt/airflow/dags/feature_store.py:64 RemovedInAirflow3Warning: Param `schedule_interval` is deprecated and will be removed in a future release. Please use `schedule` instead.
[2026-02-01T19:56:52.735+0000] {processor.py:840} INFO - DAG(s) 'feature_store_cre' retrieved from /opt/airflow/dags/feature_store.py
[2026-02-01T19:56:52.770+0000] {logging_mixin.py:188} INFO - [2026-02-01T19:56:52.769+0000] {dag.py:3096} INFO - Sync 1 DAGs
[2026-02-01T19:56:52.802+0000] {logging_mixin.py:188} INFO - [2026-02-01T19:56:52.802+0000] {dag.py:3954} INFO - Setting next_dagrun for feature_store_cre to 2026-01-31 00:00:00+00:00, run_after=2026-02-01 00:00:00+00:00
[2026-02-01T19:56:52.834+0000] {processor.py:183} INFO - Processing /opt/airflow/dags/feature_store.py took 3.962 seconds
[2026-02-01T19:57:23.208+0000] {processor.py:161} INFO - Started process (PID=27742) to work on /opt/airflow/dags/feature_store.py
[2026-02-01T19:57:23.210+0000] {processor.py:830} INFO - Processing file /opt/airflow/dags/feature_store.py for tasks to queue
[2026-02-01T19:57:23.214+0000] {logging_mixin.py:188} INFO - [2026-02-01T19:57:23.213+0000] {dagbag.py:545} INFO - Filling up the DagBag from /opt/airflow/dags/feature_store.py
[2026-02-01T19:57:29.250+0000] {logging_mixin.py:188} WARNING - /opt/airflow/dags/feature_store.py:64 RemovedInAirflow3Warning: Param `schedule_interval` is deprecated and will be removed in a future release. Please use `schedule` instead.
[2026-02-01T19:57:29.270+0000] {processor.py:840} INFO - DAG(s) 'feature_store_cre' retrieved from /opt/airflow/dags/feature_store.py
[2026-02-01T19:57:29.350+0000] {logging_mixin.py:188} INFO - [2026-02-01T19:57:29.349+0000] {dag.py:3096} INFO - Sync 1 DAGs
[2026-02-01T19:57:29.401+0000] {logging_mixin.py:188} INFO - [2026-02-01T19:57:29.401+0000] {dag.py:3954} INFO - Setting next_dagrun for feature_store_cre to 2026-01-31 00:00:00+00:00, run_after=2026-02-01 00:00:00+00:00
[2026-02-01T19:57:29.455+0000] {processor.py:183} INFO - Processing /opt/airflow/dags/feature_store.py took 6.260 seconds
[2026-02-01T19:57:59.870+0000] {processor.py:161} INFO - Started process (PID=27789) to work on /opt/airflow/dags/feature_store.py
[2026-02-01T19:57:59.872+0000] {processor.py:830} INFO - Processing file /opt/airflow/dags/feature_store.py for tasks to queue
[2026-02-01T19:57:59.874+0000] {logging_mixin.py:188} INFO - [2026-02-01T19:57:59.874+0000] {dagbag.py:545} INFO - Filling up the DagBag from /opt/airflow/dags/feature_store.py
[2026-02-01T19:58:01.864+0000] {logging_mixin.py:188} WARNING - /opt/airflow/dags/feature_store.py:64 RemovedInAirflow3Warning: Param `schedule_interval` is deprecated and will be removed in a future release. Please use `schedule` instead.
[2026-02-01T19:58:01.869+0000] {processor.py:840} INFO - DAG(s) 'feature_store_cre' retrieved from /opt/airflow/dags/feature_store.py
[2026-02-01T19:58:01.895+0000] {logging_mixin.py:188} INFO - [2026-02-01T19:58:01.895+0000] {dag.py:3096} INFO - Sync 1 DAGs
[2026-02-01T19:58:01.923+0000] {logging_mixin.py:188} INFO - [2026-02-01T19:58:01.923+0000] {dag.py:3954} INFO - Setting next_dagrun for feature_store_cre to 2026-01-31 00:00:00+00:00, run_after=2026-02-01 00:00:00+00:00
[2026-02-01T19:58:01.950+0000] {processor.py:183} INFO - Processing /opt/airflow/dags/feature_store.py took 2.086 seconds
[2026-02-01T19:58:32.595+0000] {processor.py:161} INFO - Started process (PID=27836) to work on /opt/airflow/dags/feature_store.py
[2026-02-01T19:58:32.595+0000] {processor.py:830} INFO - Processing file /opt/airflow/dags/feature_store.py for tasks to queue
[2026-02-01T19:58:32.597+0000] {logging_mixin.py:188} INFO - [2026-02-01T19:58:32.597+0000] {dagbag.py:545} INFO - Filling up the DagBag from /opt/airflow/dags/feature_store.py
[2026-02-01T19:58:34.181+0000] {logging_mixin.py:188} WARNING - /opt/airflow/dags/feature_store.py:64 RemovedInAirflow3Warning: Param `schedule_interval` is deprecated and will be removed in a future release. Please use `schedule` instead.
[2026-02-01T19:58:34.188+0000] {processor.py:840} INFO - DAG(s) 'feature_store_cre' retrieved from /opt/airflow/dags/feature_store.py
[2026-02-01T19:58:34.209+0000] {logging_mixin.py:188} INFO - [2026-02-01T19:58:34.209+0000] {dag.py:3096} INFO - Sync 1 DAGs
[2026-02-01T19:58:34.227+0000] {logging_mixin.py:188} INFO - [2026-02-01T19:58:34.227+0000] {dag.py:3954} INFO - Setting next_dagrun for feature_store_cre to 2026-01-31 00:00:00+00:00, run_after=2026-02-01 00:00:00+00:00
[2026-02-01T19:58:34.251+0000] {processor.py:183} INFO - Processing /opt/airflow/dags/feature_store.py took 1.661 seconds
[2026-02-01T19:59:04.445+0000] {processor.py:161} INFO - Started process (PID=27883) to work on /opt/airflow/dags/feature_store.py
[2026-02-01T19:59:04.447+0000] {processor.py:830} INFO - Processing file /opt/airflow/dags/feature_store.py for tasks to queue
[2026-02-01T19:59:04.448+0000] {logging_mixin.py:188} INFO - [2026-02-01T19:59:04.448+0000] {dagbag.py:545} INFO - Filling up the DagBag from /opt/airflow/dags/feature_store.py
[2026-02-01T19:59:05.929+0000] {logging_mixin.py:188} WARNING - /opt/airflow/dags/feature_store.py:64 RemovedInAirflow3Warning: Param `schedule_interval` is deprecated and will be removed in a future release. Please use `schedule` instead.
[2026-02-01T19:59:05.933+0000] {processor.py:840} INFO - DAG(s) 'feature_store_cre' retrieved from /opt/airflow/dags/feature_store.py
[2026-02-01T19:59:05.949+0000] {logging_mixin.py:188} INFO - [2026-02-01T19:59:05.948+0000] {dag.py:3096} INFO - Sync 1 DAGs
[2026-02-01T19:59:05.966+0000] {logging_mixin.py:188} INFO - [2026-02-01T19:59:05.966+0000] {dag.py:3954} INFO - Setting next_dagrun for feature_store_cre to 2026-01-31 00:00:00+00:00, run_after=2026-02-01 00:00:00+00:00
[2026-02-01T19:59:05.984+0000] {processor.py:183} INFO - Processing /opt/airflow/dags/feature_store.py took 1.544 seconds
[2026-02-01T19:59:36.437+0000] {processor.py:161} INFO - Started process (PID=27930) to work on /opt/airflow/dags/feature_store.py
[2026-02-01T19:59:36.438+0000] {processor.py:830} INFO - Processing file /opt/airflow/dags/feature_store.py for tasks to queue
[2026-02-01T19:59:36.439+0000] {logging_mixin.py:188} INFO - [2026-02-01T19:59:36.439+0000] {dagbag.py:545} INFO - Filling up the DagBag from /opt/airflow/dags/feature_store.py
[2026-02-01T19:59:37.833+0000] {logging_mixin.py:188} WARNING - /opt/airflow/dags/feature_store.py:64 RemovedInAirflow3Warning: Param `schedule_interval` is deprecated and will be removed in a future release. Please use `schedule` instead.
[2026-02-01T19:59:37.838+0000] {processor.py:840} INFO - DAG(s) 'feature_store_cre' retrieved from /opt/airflow/dags/feature_store.py
[2026-02-01T19:59:37.853+0000] {logging_mixin.py:188} INFO - [2026-02-01T19:59:37.853+0000] {dag.py:3096} INFO - Sync 1 DAGs
[2026-02-01T19:59:37.867+0000] {logging_mixin.py:188} INFO - [2026-02-01T19:59:37.867+0000] {dag.py:3954} INFO - Setting next_dagrun for feature_store_cre to 2026-01-31 00:00:00+00:00, run_after=2026-02-01 00:00:00+00:00
[2026-02-01T19:59:37.880+0000] {processor.py:183} INFO - Processing /opt/airflow/dags/feature_store.py took 1.447 seconds
[2026-02-01T20:00:08.359+0000] {processor.py:161} INFO - Started process (PID=27971) to work on /opt/airflow/dags/feature_store.py
[2026-02-01T20:00:08.362+0000] {processor.py:830} INFO - Processing file /opt/airflow/dags/feature_store.py for tasks to queue
[2026-02-01T20:00:08.366+0000] {logging_mixin.py:188} INFO - [2026-02-01T20:00:08.365+0000] {dagbag.py:545} INFO - Filling up the DagBag from /opt/airflow/dags/feature_store.py
[2026-02-01T20:00:10.258+0000] {logging_mixin.py:188} WARNING - /opt/airflow/dags/feature_store.py:64 RemovedInAirflow3Warning: Param `schedule_interval` is deprecated and will be removed in a future release. Please use `schedule` instead.
[2026-02-01T20:00:10.264+0000] {processor.py:840} INFO - DAG(s) 'feature_store_cre' retrieved from /opt/airflow/dags/feature_store.py
[2026-02-01T20:00:10.293+0000] {logging_mixin.py:188} INFO - [2026-02-01T20:00:10.292+0000] {dag.py:3096} INFO - Sync 1 DAGs
[2026-02-01T20:00:10.315+0000] {logging_mixin.py:188} INFO - [2026-02-01T20:00:10.315+0000] {dag.py:3954} INFO - Setting next_dagrun for feature_store_cre to 2026-01-31 00:00:00+00:00, run_after=2026-02-01 00:00:00+00:00
[2026-02-01T20:00:10.341+0000] {processor.py:183} INFO - Processing /opt/airflow/dags/feature_store.py took 1.989 seconds
[2026-02-01T20:00:41.515+0000] {processor.py:161} INFO - Started process (PID=28018) to work on /opt/airflow/dags/feature_store.py
[2026-02-01T20:00:41.516+0000] {processor.py:830} INFO - Processing file /opt/airflow/dags/feature_store.py for tasks to queue
[2026-02-01T20:00:41.517+0000] {logging_mixin.py:188} INFO - [2026-02-01T20:00:41.517+0000] {dagbag.py:545} INFO - Filling up the DagBag from /opt/airflow/dags/feature_store.py
[2026-02-01T20:00:43.485+0000] {logging_mixin.py:188} WARNING - /opt/airflow/dags/feature_store.py:64 RemovedInAirflow3Warning: Param `schedule_interval` is deprecated and will be removed in a future release. Please use `schedule` instead.
[2026-02-01T20:00:43.489+0000] {processor.py:840} INFO - DAG(s) 'feature_store_cre' retrieved from /opt/airflow/dags/feature_store.py
[2026-02-01T20:00:43.509+0000] {logging_mixin.py:188} INFO - [2026-02-01T20:00:43.509+0000] {dag.py:3096} INFO - Sync 1 DAGs
[2026-02-01T20:00:43.525+0000] {logging_mixin.py:188} INFO - [2026-02-01T20:00:43.525+0000] {dag.py:3954} INFO - Setting next_dagrun for feature_store_cre to 2026-01-31 00:00:00+00:00, run_after=2026-02-01 00:00:00+00:00
[2026-02-01T20:00:43.546+0000] {processor.py:183} INFO - Processing /opt/airflow/dags/feature_store.py took 2.036 seconds
[2026-02-01T20:01:14.732+0000] {processor.py:161} INFO - Started process (PID=28065) to work on /opt/airflow/dags/feature_store.py
[2026-02-01T20:01:14.733+0000] {processor.py:830} INFO - Processing file /opt/airflow/dags/feature_store.py for tasks to queue
[2026-02-01T20:01:14.736+0000] {logging_mixin.py:188} INFO - [2026-02-01T20:01:14.735+0000] {dagbag.py:545} INFO - Filling up the DagBag from /opt/airflow/dags/feature_store.py
[2026-02-01T20:01:17.465+0000] {logging_mixin.py:188} WARNING - /opt/airflow/dags/feature_store.py:64 RemovedInAirflow3Warning: Param `schedule_interval` is deprecated and will be removed in a future release. Please use `schedule` instead.
[2026-02-01T20:01:17.470+0000] {processor.py:840} INFO - DAG(s) 'feature_store_cre' retrieved from /opt/airflow/dags/feature_store.py
[2026-02-01T20:01:17.491+0000] {logging_mixin.py:188} INFO - [2026-02-01T20:01:17.491+0000] {dag.py:3096} INFO - Sync 1 DAGs
[2026-02-01T20:01:17.508+0000] {logging_mixin.py:188} INFO - [2026-02-01T20:01:17.508+0000] {dag.py:3954} INFO - Setting next_dagrun for feature_store_cre to 2026-01-31 00:00:00+00:00, run_after=2026-02-01 00:00:00+00:00
[2026-02-01T20:01:17.526+0000] {processor.py:183} INFO - Processing /opt/airflow/dags/feature_store.py took 2.800 seconds
[2026-02-01T20:01:48.409+0000] {processor.py:161} INFO - Started process (PID=28112) to work on /opt/airflow/dags/feature_store.py
[2026-02-01T20:01:48.411+0000] {processor.py:830} INFO - Processing file /opt/airflow/dags/feature_store.py for tasks to queue
[2026-02-01T20:01:48.415+0000] {logging_mixin.py:188} INFO - [2026-02-01T20:01:48.414+0000] {dagbag.py:545} INFO - Filling up the DagBag from /opt/airflow/dags/feature_store.py
[2026-02-01T20:01:50.764+0000] {logging_mixin.py:188} WARNING - /opt/airflow/dags/feature_store.py:64 RemovedInAirflow3Warning: Param `schedule_interval` is deprecated and will be removed in a future release. Please use `schedule` instead.
[2026-02-01T20:01:50.770+0000] {processor.py:840} INFO - DAG(s) 'feature_store_cre' retrieved from /opt/airflow/dags/feature_store.py
[2026-02-01T20:01:50.797+0000] {logging_mixin.py:188} INFO - [2026-02-01T20:01:50.796+0000] {dag.py:3096} INFO - Sync 1 DAGs
[2026-02-01T20:01:50.816+0000] {logging_mixin.py:188} INFO - [2026-02-01T20:01:50.816+0000] {dag.py:3954} INFO - Setting next_dagrun for feature_store_cre to 2026-01-31 00:00:00+00:00, run_after=2026-02-01 00:00:00+00:00
[2026-02-01T20:01:50.844+0000] {processor.py:183} INFO - Processing /opt/airflow/dags/feature_store.py took 2.440 seconds
[2026-02-01T20:02:21.757+0000] {processor.py:161} INFO - Started process (PID=28159) to work on /opt/airflow/dags/feature_store.py
[2026-02-01T20:02:21.758+0000] {processor.py:830} INFO - Processing file /opt/airflow/dags/feature_store.py for tasks to queue
[2026-02-01T20:02:21.760+0000] {logging_mixin.py:188} INFO - [2026-02-01T20:02:21.760+0000] {dagbag.py:545} INFO - Filling up the DagBag from /opt/airflow/dags/feature_store.py
[2026-02-01T20:02:24.230+0000] {logging_mixin.py:188} WARNING - /opt/airflow/dags/feature_store.py:64 RemovedInAirflow3Warning: Param `schedule_interval` is deprecated and will be removed in a future release. Please use `schedule` instead.
[2026-02-01T20:02:24.237+0000] {processor.py:840} INFO - DAG(s) 'feature_store_cre' retrieved from /opt/airflow/dags/feature_store.py
[2026-02-01T20:02:24.289+0000] {logging_mixin.py:188} INFO - [2026-02-01T20:02:24.289+0000] {dag.py:3096} INFO - Sync 1 DAGs
[2026-02-01T20:02:24.340+0000] {logging_mixin.py:188} INFO - [2026-02-01T20:02:24.340+0000] {dag.py:3954} INFO - Setting next_dagrun for feature_store_cre to 2026-01-31 00:00:00+00:00, run_after=2026-02-01 00:00:00+00:00
[2026-02-01T20:02:24.380+0000] {processor.py:183} INFO - Processing /opt/airflow/dags/feature_store.py took 2.633 seconds
[2026-02-01T20:02:54.851+0000] {processor.py:161} INFO - Started process (PID=28206) to work on /opt/airflow/dags/feature_store.py
[2026-02-01T20:02:54.855+0000] {processor.py:830} INFO - Processing file /opt/airflow/dags/feature_store.py for tasks to queue
[2026-02-01T20:02:54.859+0000] {logging_mixin.py:188} INFO - [2026-02-01T20:02:54.858+0000] {dagbag.py:545} INFO - Filling up the DagBag from /opt/airflow/dags/feature_store.py
[2026-02-01T20:02:57.620+0000] {logging_mixin.py:188} WARNING - /opt/airflow/dags/feature_store.py:64 RemovedInAirflow3Warning: Param `schedule_interval` is deprecated and will be removed in a future release. Please use `schedule` instead.
[2026-02-01T20:02:57.625+0000] {processor.py:840} INFO - DAG(s) 'feature_store_cre' retrieved from /opt/airflow/dags/feature_store.py
[2026-02-01T20:02:57.647+0000] {logging_mixin.py:188} INFO - [2026-02-01T20:02:57.646+0000] {dag.py:3096} INFO - Sync 1 DAGs
[2026-02-01T20:02:57.673+0000] {logging_mixin.py:188} INFO - [2026-02-01T20:02:57.672+0000] {dag.py:3954} INFO - Setting next_dagrun for feature_store_cre to 2026-01-31 00:00:00+00:00, run_after=2026-02-01 00:00:00+00:00
[2026-02-01T20:02:57.705+0000] {processor.py:183} INFO - Processing /opt/airflow/dags/feature_store.py took 2.874 seconds
[2026-02-01T20:03:28.448+0000] {processor.py:161} INFO - Started process (PID=28253) to work on /opt/airflow/dags/feature_store.py
[2026-02-01T20:03:28.449+0000] {processor.py:830} INFO - Processing file /opt/airflow/dags/feature_store.py for tasks to queue
[2026-02-01T20:03:28.451+0000] {logging_mixin.py:188} INFO - [2026-02-01T20:03:28.450+0000] {dagbag.py:545} INFO - Filling up the DagBag from /opt/airflow/dags/feature_store.py
[2026-02-01T20:03:30.971+0000] {logging_mixin.py:188} WARNING - /opt/airflow/dags/feature_store.py:64 RemovedInAirflow3Warning: Param `schedule_interval` is deprecated and will be removed in a future release. Please use `schedule` instead.
[2026-02-01T20:03:30.977+0000] {processor.py:840} INFO - DAG(s) 'feature_store_cre' retrieved from /opt/airflow/dags/feature_store.py
[2026-02-01T20:03:31.008+0000] {logging_mixin.py:188} INFO - [2026-02-01T20:03:31.007+0000] {dag.py:3096} INFO - Sync 1 DAGs
[2026-02-01T20:03:31.035+0000] {logging_mixin.py:188} INFO - [2026-02-01T20:03:31.035+0000] {dag.py:3954} INFO - Setting next_dagrun for feature_store_cre to 2026-01-31 00:00:00+00:00, run_after=2026-02-01 00:00:00+00:00
[2026-02-01T20:03:31.068+0000] {processor.py:183} INFO - Processing /opt/airflow/dags/feature_store.py took 2.625 seconds
[2026-02-01T20:04:01.992+0000] {processor.py:161} INFO - Started process (PID=28300) to work on /opt/airflow/dags/feature_store.py
[2026-02-01T20:04:01.993+0000] {processor.py:830} INFO - Processing file /opt/airflow/dags/feature_store.py for tasks to queue
[2026-02-01T20:04:01.994+0000] {logging_mixin.py:188} INFO - [2026-02-01T20:04:01.994+0000] {dagbag.py:545} INFO - Filling up the DagBag from /opt/airflow/dags/feature_store.py
[2026-02-01T20:04:04.393+0000] {logging_mixin.py:188} WARNING - /opt/airflow/dags/feature_store.py:64 RemovedInAirflow3Warning: Param `schedule_interval` is deprecated and will be removed in a future release. Please use `schedule` instead.
[2026-02-01T20:04:04.401+0000] {processor.py:840} INFO - DAG(s) 'feature_store_cre' retrieved from /opt/airflow/dags/feature_store.py
[2026-02-01T20:04:04.437+0000] {logging_mixin.py:188} INFO - [2026-02-01T20:04:04.435+0000] {dag.py:3096} INFO - Sync 1 DAGs
[2026-02-01T20:04:04.478+0000] {logging_mixin.py:188} INFO - [2026-02-01T20:04:04.478+0000] {dag.py:3954} INFO - Setting next_dagrun for feature_store_cre to 2026-01-31 00:00:00+00:00, run_after=2026-02-01 00:00:00+00:00
[2026-02-01T20:04:04.505+0000] {processor.py:183} INFO - Processing /opt/airflow/dags/feature_store.py took 2.520 seconds
[2026-02-01T20:04:35.053+0000] {processor.py:161} INFO - Started process (PID=28331) to work on /opt/airflow/dags/feature_store.py
[2026-02-01T20:04:35.055+0000] {processor.py:830} INFO - Processing file /opt/airflow/dags/feature_store.py for tasks to queue
[2026-02-01T20:04:35.058+0000] {logging_mixin.py:188} INFO - [2026-02-01T20:04:35.058+0000] {dagbag.py:545} INFO - Filling up the DagBag from /opt/airflow/dags/feature_store.py
[2026-02-01T20:04:38.322+0000] {logging_mixin.py:188} WARNING - /opt/airflow/dags/feature_store.py:64 RemovedInAirflow3Warning: Param `schedule_interval` is deprecated and will be removed in a future release. Please use `schedule` instead.
[2026-02-01T20:04:38.331+0000] {processor.py:840} INFO - DAG(s) 'feature_store_cre' retrieved from /opt/airflow/dags/feature_store.py
[2026-02-01T20:04:38.370+0000] {logging_mixin.py:188} INFO - [2026-02-01T20:04:38.369+0000] {dag.py:3096} INFO - Sync 1 DAGs
[2026-02-01T20:04:38.400+0000] {logging_mixin.py:188} INFO - [2026-02-01T20:04:38.399+0000] {dag.py:3954} INFO - Setting next_dagrun for feature_store_cre to 2026-01-31 00:00:00+00:00, run_after=2026-02-01 00:00:00+00:00
[2026-02-01T20:04:38.436+0000] {processor.py:183} INFO - Processing /opt/airflow/dags/feature_store.py took 3.396 seconds
[2026-02-01T20:05:08.566+0000] {processor.py:161} INFO - Started process (PID=28377) to work on /opt/airflow/dags/feature_store.py
[2026-02-01T20:05:08.568+0000] {processor.py:830} INFO - Processing file /opt/airflow/dags/feature_store.py for tasks to queue
[2026-02-01T20:05:08.570+0000] {logging_mixin.py:188} INFO - [2026-02-01T20:05:08.570+0000] {dagbag.py:545} INFO - Filling up the DagBag from /opt/airflow/dags/feature_store.py
[2026-02-01T20:05:12.080+0000] {logging_mixin.py:188} WARNING - /opt/airflow/dags/feature_store.py:64 RemovedInAirflow3Warning: Param `schedule_interval` is deprecated and will be removed in a future release. Please use `schedule` instead.
[2026-02-01T20:05:12.087+0000] {processor.py:840} INFO - DAG(s) 'feature_store_cre' retrieved from /opt/airflow/dags/feature_store.py
[2026-02-01T20:05:12.123+0000] {logging_mixin.py:188} INFO - [2026-02-01T20:05:12.122+0000] {dag.py:3096} INFO - Sync 1 DAGs
[2026-02-01T20:05:12.175+0000] {logging_mixin.py:188} INFO - [2026-02-01T20:05:12.175+0000] {dag.py:3954} INFO - Setting next_dagrun for feature_store_cre to 2026-01-31 00:00:00+00:00, run_after=2026-02-01 00:00:00+00:00
[2026-02-01T20:05:12.226+0000] {processor.py:183} INFO - Processing /opt/airflow/dags/feature_store.py took 3.667 seconds
[2026-02-01T20:05:43.239+0000] {processor.py:161} INFO - Started process (PID=28421) to work on /opt/airflow/dags/feature_store.py
[2026-02-01T20:05:43.242+0000] {processor.py:830} INFO - Processing file /opt/airflow/dags/feature_store.py for tasks to queue
[2026-02-01T20:05:43.246+0000] {logging_mixin.py:188} INFO - [2026-02-01T20:05:43.245+0000] {dagbag.py:545} INFO - Filling up the DagBag from /opt/airflow/dags/feature_store.py
[2026-02-01T20:05:46.565+0000] {logging_mixin.py:188} WARNING - /opt/airflow/dags/feature_store.py:64 RemovedInAirflow3Warning: Param `schedule_interval` is deprecated and will be removed in a future release. Please use `schedule` instead.
[2026-02-01T20:05:46.572+0000] {processor.py:840} INFO - DAG(s) 'feature_store_cre' retrieved from /opt/airflow/dags/feature_store.py
[2026-02-01T20:05:46.612+0000] {logging_mixin.py:188} INFO - [2026-02-01T20:05:46.611+0000] {dag.py:3096} INFO - Sync 1 DAGs
[2026-02-01T20:05:46.651+0000] {logging_mixin.py:188} INFO - [2026-02-01T20:05:46.650+0000] {dag.py:3954} INFO - Setting next_dagrun for feature_store_cre to 2026-01-31 00:00:00+00:00, run_after=2026-02-01 00:00:00+00:00
[2026-02-01T20:05:46.692+0000] {processor.py:183} INFO - Processing /opt/airflow/dags/feature_store.py took 3.462 seconds
[2026-02-01T20:06:16.876+0000] {processor.py:161} INFO - Started process (PID=28474) to work on /opt/airflow/dags/feature_store.py
[2026-02-01T20:06:16.878+0000] {processor.py:830} INFO - Processing file /opt/airflow/dags/feature_store.py for tasks to queue
[2026-02-01T20:06:16.880+0000] {logging_mixin.py:188} INFO - [2026-02-01T20:06:16.880+0000] {dagbag.py:545} INFO - Filling up the DagBag from /opt/airflow/dags/feature_store.py
[2026-02-01T20:06:19.549+0000] {logging_mixin.py:188} WARNING - /opt/airflow/dags/feature_store.py:64 RemovedInAirflow3Warning: Param `schedule_interval` is deprecated and will be removed in a future release. Please use `schedule` instead.
[2026-02-01T20:06:19.554+0000] {processor.py:840} INFO - DAG(s) 'feature_store_cre' retrieved from /opt/airflow/dags/feature_store.py
[2026-02-01T20:06:19.582+0000] {logging_mixin.py:188} INFO - [2026-02-01T20:06:19.582+0000] {dag.py:3096} INFO - Sync 1 DAGs
[2026-02-01T20:06:19.614+0000] {logging_mixin.py:188} INFO - [2026-02-01T20:06:19.614+0000] {dag.py:3954} INFO - Setting next_dagrun for feature_store_cre to 2026-01-31 00:00:00+00:00, run_after=2026-02-01 00:00:00+00:00
[2026-02-01T20:06:19.649+0000] {processor.py:183} INFO - Processing /opt/airflow/dags/feature_store.py took 2.780 seconds
[2026-02-01T20:06:50.161+0000] {processor.py:161} INFO - Started process (PID=28517) to work on /opt/airflow/dags/feature_store.py
[2026-02-01T20:06:50.165+0000] {processor.py:830} INFO - Processing file /opt/airflow/dags/feature_store.py for tasks to queue
[2026-02-01T20:06:50.167+0000] {logging_mixin.py:188} INFO - [2026-02-01T20:06:50.167+0000] {dagbag.py:545} INFO - Filling up the DagBag from /opt/airflow/dags/feature_store.py
[2026-02-01T20:06:53.887+0000] {logging_mixin.py:188} WARNING - /opt/airflow/dags/feature_store.py:64 RemovedInAirflow3Warning: Param `schedule_interval` is deprecated and will be removed in a future release. Please use `schedule` instead.
[2026-02-01T20:06:53.900+0000] {processor.py:840} INFO - DAG(s) 'feature_store_cre' retrieved from /opt/airflow/dags/feature_store.py
[2026-02-01T20:06:53.944+0000] {logging_mixin.py:188} INFO - [2026-02-01T20:06:53.943+0000] {dag.py:3096} INFO - Sync 1 DAGs
[2026-02-01T20:06:53.986+0000] {logging_mixin.py:188} INFO - [2026-02-01T20:06:53.986+0000] {dag.py:3954} INFO - Setting next_dagrun for feature_store_cre to 2026-01-31 00:00:00+00:00, run_after=2026-02-01 00:00:00+00:00
[2026-02-01T20:06:54.028+0000] {processor.py:183} INFO - Processing /opt/airflow/dags/feature_store.py took 3.878 seconds
[2026-02-01T20:07:24.129+0000] {processor.py:161} INFO - Started process (PID=28564) to work on /opt/airflow/dags/feature_store.py
[2026-02-01T20:07:24.130+0000] {processor.py:830} INFO - Processing file /opt/airflow/dags/feature_store.py for tasks to queue
[2026-02-01T20:07:24.132+0000] {logging_mixin.py:188} INFO - [2026-02-01T20:07:24.131+0000] {dagbag.py:545} INFO - Filling up the DagBag from /opt/airflow/dags/feature_store.py
[2026-02-01T20:07:28.049+0000] {logging_mixin.py:188} WARNING - /opt/airflow/dags/feature_store.py:64 RemovedInAirflow3Warning: Param `schedule_interval` is deprecated and will be removed in a future release. Please use `schedule` instead.
[2026-02-01T20:07:28.056+0000] {processor.py:840} INFO - DAG(s) 'feature_store_cre' retrieved from /opt/airflow/dags/feature_store.py
[2026-02-01T20:07:28.098+0000] {logging_mixin.py:188} INFO - [2026-02-01T20:07:28.097+0000] {dag.py:3096} INFO - Sync 1 DAGs
[2026-02-01T20:07:28.132+0000] {logging_mixin.py:188} INFO - [2026-02-01T20:07:28.132+0000] {dag.py:3954} INFO - Setting next_dagrun for feature_store_cre to 2026-01-31 00:00:00+00:00, run_after=2026-02-01 00:00:00+00:00
[2026-02-01T20:07:28.164+0000] {processor.py:183} INFO - Processing /opt/airflow/dags/feature_store.py took 4.042 seconds
[2026-02-01T20:07:58.977+0000] {processor.py:161} INFO - Started process (PID=28610) to work on /opt/airflow/dags/feature_store.py
[2026-02-01T20:07:58.978+0000] {processor.py:830} INFO - Processing file /opt/airflow/dags/feature_store.py for tasks to queue
[2026-02-01T20:07:58.980+0000] {logging_mixin.py:188} INFO - [2026-02-01T20:07:58.979+0000] {dagbag.py:545} INFO - Filling up the DagBag from /opt/airflow/dags/feature_store.py
[2026-02-01T20:08:02.330+0000] {logging_mixin.py:188} WARNING - /opt/airflow/dags/feature_store.py:64 RemovedInAirflow3Warning: Param `schedule_interval` is deprecated and will be removed in a future release. Please use `schedule` instead.
[2026-02-01T20:08:02.339+0000] {processor.py:840} INFO - DAG(s) 'feature_store_cre' retrieved from /opt/airflow/dags/feature_store.py
[2026-02-01T20:08:02.374+0000] {logging_mixin.py:188} INFO - [2026-02-01T20:08:02.373+0000] {dag.py:3096} INFO - Sync 1 DAGs
[2026-02-01T20:08:02.405+0000] {logging_mixin.py:188} INFO - [2026-02-01T20:08:02.404+0000] {dag.py:3954} INFO - Setting next_dagrun for feature_store_cre to 2026-01-31 00:00:00+00:00, run_after=2026-02-01 00:00:00+00:00
[2026-02-01T20:08:02.444+0000] {processor.py:183} INFO - Processing /opt/airflow/dags/feature_store.py took 3.473 seconds
[2026-02-01T20:08:33.133+0000] {processor.py:161} INFO - Started process (PID=28654) to work on /opt/airflow/dags/feature_store.py
[2026-02-01T20:08:33.136+0000] {processor.py:830} INFO - Processing file /opt/airflow/dags/feature_store.py for tasks to queue
[2026-02-01T20:08:33.138+0000] {logging_mixin.py:188} INFO - [2026-02-01T20:08:33.137+0000] {dagbag.py:545} INFO - Filling up the DagBag from /opt/airflow/dags/feature_store.py
[2026-02-01T20:08:36.306+0000] {logging_mixin.py:188} WARNING - /opt/airflow/dags/feature_store.py:64 RemovedInAirflow3Warning: Param `schedule_interval` is deprecated and will be removed in a future release. Please use `schedule` instead.
[2026-02-01T20:08:36.312+0000] {processor.py:840} INFO - DAG(s) 'feature_store_cre' retrieved from /opt/airflow/dags/feature_store.py
[2026-02-01T20:08:36.345+0000] {logging_mixin.py:188} INFO - [2026-02-01T20:08:36.344+0000] {dag.py:3096} INFO - Sync 1 DAGs
[2026-02-01T20:08:36.376+0000] {logging_mixin.py:188} INFO - [2026-02-01T20:08:36.376+0000] {dag.py:3954} INFO - Setting next_dagrun for feature_store_cre to 2026-01-31 00:00:00+00:00, run_after=2026-02-01 00:00:00+00:00
[2026-02-01T20:08:36.408+0000] {processor.py:183} INFO - Processing /opt/airflow/dags/feature_store.py took 3.281 seconds
[2026-02-01T20:09:06.728+0000] {processor.py:161} INFO - Started process (PID=28701) to work on /opt/airflow/dags/feature_store.py
[2026-02-01T20:09:06.730+0000] {processor.py:830} INFO - Processing file /opt/airflow/dags/feature_store.py for tasks to queue
[2026-02-01T20:09:06.732+0000] {logging_mixin.py:188} INFO - [2026-02-01T20:09:06.731+0000] {dagbag.py:545} INFO - Filling up the DagBag from /opt/airflow/dags/feature_store.py
[2026-02-01T20:09:10.771+0000] {logging_mixin.py:188} WARNING - /opt/airflow/dags/feature_store.py:64 RemovedInAirflow3Warning: Param `schedule_interval` is deprecated and will be removed in a future release. Please use `schedule` instead.
[2026-02-01T20:09:10.778+0000] {processor.py:840} INFO - DAG(s) 'feature_store_cre' retrieved from /opt/airflow/dags/feature_store.py
[2026-02-01T20:09:10.809+0000] {logging_mixin.py:188} INFO - [2026-02-01T20:09:10.808+0000] {dag.py:3096} INFO - Sync 1 DAGs
[2026-02-01T20:09:10.845+0000] {logging_mixin.py:188} INFO - [2026-02-01T20:09:10.844+0000] {dag.py:3954} INFO - Setting next_dagrun for feature_store_cre to 2026-01-31 00:00:00+00:00, run_after=2026-02-01 00:00:00+00:00
[2026-02-01T20:09:10.877+0000] {processor.py:183} INFO - Processing /opt/airflow/dags/feature_store.py took 4.159 seconds
[2026-02-01T20:09:41.069+0000] {processor.py:161} INFO - Started process (PID=28748) to work on /opt/airflow/dags/feature_store.py
[2026-02-01T20:09:41.071+0000] {processor.py:830} INFO - Processing file /opt/airflow/dags/feature_store.py for tasks to queue
[2026-02-01T20:09:41.073+0000] {logging_mixin.py:188} INFO - [2026-02-01T20:09:41.072+0000] {dagbag.py:545} INFO - Filling up the DagBag from /opt/airflow/dags/feature_store.py
[2026-02-01T20:09:43.800+0000] {logging_mixin.py:188} WARNING - /opt/airflow/dags/feature_store.py:64 RemovedInAirflow3Warning: Param `schedule_interval` is deprecated and will be removed in a future release. Please use `schedule` instead.
[2026-02-01T20:09:43.814+0000] {processor.py:840} INFO - DAG(s) 'feature_store_cre' retrieved from /opt/airflow/dags/feature_store.py
[2026-02-01T20:09:43.864+0000] {logging_mixin.py:188} INFO - [2026-02-01T20:09:43.862+0000] {dag.py:3096} INFO - Sync 1 DAGs
[2026-02-01T20:09:43.934+0000] {logging_mixin.py:188} INFO - [2026-02-01T20:09:43.934+0000] {dag.py:3954} INFO - Setting next_dagrun for feature_store_cre to 2026-01-31 00:00:00+00:00, run_after=2026-02-01 00:00:00+00:00
[2026-02-01T20:09:43.988+0000] {processor.py:183} INFO - Processing /opt/airflow/dags/feature_store.py took 2.924 seconds
[2026-02-01T20:10:14.108+0000] {processor.py:161} INFO - Started process (PID=28795) to work on /opt/airflow/dags/feature_store.py
[2026-02-01T20:10:14.109+0000] {processor.py:830} INFO - Processing file /opt/airflow/dags/feature_store.py for tasks to queue
[2026-02-01T20:10:14.118+0000] {logging_mixin.py:188} INFO - [2026-02-01T20:10:14.117+0000] {dagbag.py:545} INFO - Filling up the DagBag from /opt/airflow/dags/feature_store.py
[2026-02-01T20:10:17.358+0000] {logging_mixin.py:188} WARNING - /opt/airflow/dags/feature_store.py:64 RemovedInAirflow3Warning: Param `schedule_interval` is deprecated and will be removed in a future release. Please use `schedule` instead.
[2026-02-01T20:10:17.365+0000] {processor.py:840} INFO - DAG(s) 'feature_store_cre' retrieved from /opt/airflow/dags/feature_store.py
[2026-02-01T20:10:17.395+0000] {logging_mixin.py:188} INFO - [2026-02-01T20:10:17.394+0000] {dag.py:3096} INFO - Sync 1 DAGs
[2026-02-01T20:10:17.421+0000] {logging_mixin.py:188} INFO - [2026-02-01T20:10:17.420+0000] {dag.py:3954} INFO - Setting next_dagrun for feature_store_cre to 2026-01-31 00:00:00+00:00, run_after=2026-02-01 00:00:00+00:00
[2026-02-01T20:10:17.448+0000] {processor.py:183} INFO - Processing /opt/airflow/dags/feature_store.py took 3.351 seconds
[2026-02-01T20:10:47.910+0000] {processor.py:161} INFO - Started process (PID=28842) to work on /opt/airflow/dags/feature_store.py
[2026-02-01T20:10:47.912+0000] {processor.py:830} INFO - Processing file /opt/airflow/dags/feature_store.py for tasks to queue
[2026-02-01T20:10:47.914+0000] {logging_mixin.py:188} INFO - [2026-02-01T20:10:47.913+0000] {dagbag.py:545} INFO - Filling up the DagBag from /opt/airflow/dags/feature_store.py
[2026-02-01T20:10:50.022+0000] {logging_mixin.py:188} WARNING - /opt/airflow/dags/feature_store.py:64 RemovedInAirflow3Warning: Param `schedule_interval` is deprecated and will be removed in a future release. Please use `schedule` instead.
[2026-02-01T20:10:50.027+0000] {processor.py:840} INFO - DAG(s) 'feature_store_cre' retrieved from /opt/airflow/dags/feature_store.py
[2026-02-01T20:10:50.050+0000] {logging_mixin.py:188} INFO - [2026-02-01T20:10:50.049+0000] {dag.py:3096} INFO - Sync 1 DAGs
[2026-02-01T20:10:50.069+0000] {logging_mixin.py:188} INFO - [2026-02-01T20:10:50.068+0000] {dag.py:3954} INFO - Setting next_dagrun for feature_store_cre to 2026-01-31 00:00:00+00:00, run_after=2026-02-01 00:00:00+00:00
[2026-02-01T20:10:50.095+0000] {processor.py:183} INFO - Processing /opt/airflow/dags/feature_store.py took 2.190 seconds
[2026-02-01T20:11:20.700+0000] {processor.py:161} INFO - Started process (PID=28884) to work on /opt/airflow/dags/feature_store.py
[2026-02-01T20:11:20.702+0000] {processor.py:830} INFO - Processing file /opt/airflow/dags/feature_store.py for tasks to queue
[2026-02-01T20:11:20.705+0000] {logging_mixin.py:188} INFO - [2026-02-01T20:11:20.704+0000] {dagbag.py:545} INFO - Filling up the DagBag from /opt/airflow/dags/feature_store.py
[2026-02-01T20:11:23.230+0000] {logging_mixin.py:188} WARNING - /opt/airflow/dags/feature_store.py:64 RemovedInAirflow3Warning: Param `schedule_interval` is deprecated and will be removed in a future release. Please use `schedule` instead.
[2026-02-01T20:11:23.235+0000] {processor.py:840} INFO - DAG(s) 'feature_store_cre' retrieved from /opt/airflow/dags/feature_store.py
[2026-02-01T20:11:23.257+0000] {logging_mixin.py:188} INFO - [2026-02-01T20:11:23.257+0000] {dag.py:3096} INFO - Sync 1 DAGs
[2026-02-01T20:11:23.275+0000] {logging_mixin.py:188} INFO - [2026-02-01T20:11:23.275+0000] {dag.py:3954} INFO - Setting next_dagrun for feature_store_cre to 2026-01-31 00:00:00+00:00, run_after=2026-02-01 00:00:00+00:00
[2026-02-01T20:11:23.299+0000] {processor.py:183} INFO - Processing /opt/airflow/dags/feature_store.py took 2.613 seconds
[2026-02-01T20:11:53.368+0000] {processor.py:161} INFO - Started process (PID=28919) to work on /opt/airflow/dags/feature_store.py
[2026-02-01T20:11:53.372+0000] {processor.py:830} INFO - Processing file /opt/airflow/dags/feature_store.py for tasks to queue
[2026-02-01T20:11:53.374+0000] {logging_mixin.py:188} INFO - [2026-02-01T20:11:53.374+0000] {dagbag.py:545} INFO - Filling up the DagBag from /opt/airflow/dags/feature_store.py
[2026-02-01T20:11:57.016+0000] {logging_mixin.py:188} WARNING - /opt/airflow/dags/feature_store.py:64 RemovedInAirflow3Warning: Param `schedule_interval` is deprecated and will be removed in a future release. Please use `schedule` instead.
[2026-02-01T20:11:57.026+0000] {processor.py:840} INFO - DAG(s) 'feature_store_cre' retrieved from /opt/airflow/dags/feature_store.py
[2026-02-01T20:11:57.068+0000] {logging_mixin.py:188} INFO - [2026-02-01T20:11:57.068+0000] {dag.py:3096} INFO - Sync 1 DAGs
[2026-02-01T20:11:57.104+0000] {logging_mixin.py:188} INFO - [2026-02-01T20:11:57.104+0000] {dag.py:3954} INFO - Setting next_dagrun for feature_store_cre to 2026-01-31 00:00:00+00:00, run_after=2026-02-01 00:00:00+00:00
[2026-02-01T20:11:57.137+0000] {processor.py:183} INFO - Processing /opt/airflow/dags/feature_store.py took 3.775 seconds
[2026-02-01T20:12:27.288+0000] {processor.py:161} INFO - Started process (PID=28962) to work on /opt/airflow/dags/feature_store.py
[2026-02-01T20:12:27.289+0000] {processor.py:830} INFO - Processing file /opt/airflow/dags/feature_store.py for tasks to queue
[2026-02-01T20:12:27.291+0000] {logging_mixin.py:188} INFO - [2026-02-01T20:12:27.291+0000] {dagbag.py:545} INFO - Filling up the DagBag from /opt/airflow/dags/feature_store.py
[2026-02-01T20:12:29.329+0000] {logging_mixin.py:188} WARNING - /opt/airflow/dags/feature_store.py:64 RemovedInAirflow3Warning: Param `schedule_interval` is deprecated and will be removed in a future release. Please use `schedule` instead.
[2026-02-01T20:12:29.335+0000] {processor.py:840} INFO - DAG(s) 'feature_store_cre' retrieved from /opt/airflow/dags/feature_store.py
[2026-02-01T20:12:29.372+0000] {logging_mixin.py:188} INFO - [2026-02-01T20:12:29.372+0000] {dag.py:3096} INFO - Sync 1 DAGs
[2026-02-01T20:12:29.396+0000] {logging_mixin.py:188} INFO - [2026-02-01T20:12:29.396+0000] {dag.py:3954} INFO - Setting next_dagrun for feature_store_cre to 2026-01-31 00:00:00+00:00, run_after=2026-02-01 00:00:00+00:00
[2026-02-01T20:12:29.424+0000] {processor.py:183} INFO - Processing /opt/airflow/dags/feature_store.py took 2.143 seconds
[2026-02-01T20:12:59.618+0000] {processor.py:161} INFO - Started process (PID=29009) to work on /opt/airflow/dags/feature_store.py
[2026-02-01T20:12:59.620+0000] {processor.py:830} INFO - Processing file /opt/airflow/dags/feature_store.py for tasks to queue
[2026-02-01T20:12:59.622+0000] {logging_mixin.py:188} INFO - [2026-02-01T20:12:59.621+0000] {dagbag.py:545} INFO - Filling up the DagBag from /opt/airflow/dags/feature_store.py
[2026-02-01T20:13:01.556+0000] {logging_mixin.py:188} WARNING - /opt/airflow/dags/feature_store.py:64 RemovedInAirflow3Warning: Param `schedule_interval` is deprecated and will be removed in a future release. Please use `schedule` instead.
[2026-02-01T20:13:01.561+0000] {processor.py:840} INFO - DAG(s) 'feature_store_cre' retrieved from /opt/airflow/dags/feature_store.py
[2026-02-01T20:13:01.581+0000] {logging_mixin.py:188} INFO - [2026-02-01T20:13:01.581+0000] {dag.py:3096} INFO - Sync 1 DAGs
[2026-02-01T20:13:01.601+0000] {logging_mixin.py:188} INFO - [2026-02-01T20:13:01.601+0000] {dag.py:3954} INFO - Setting next_dagrun for feature_store_cre to 2026-01-31 00:00:00+00:00, run_after=2026-02-01 00:00:00+00:00
[2026-02-01T20:13:01.622+0000] {processor.py:183} INFO - Processing /opt/airflow/dags/feature_store.py took 2.009 seconds
[2026-02-01T20:13:32.149+0000] {processor.py:161} INFO - Started process (PID=29056) to work on /opt/airflow/dags/feature_store.py
[2026-02-01T20:13:32.150+0000] {processor.py:830} INFO - Processing file /opt/airflow/dags/feature_store.py for tasks to queue
[2026-02-01T20:13:32.151+0000] {logging_mixin.py:188} INFO - [2026-02-01T20:13:32.151+0000] {dagbag.py:545} INFO - Filling up the DagBag from /opt/airflow/dags/feature_store.py
[2026-02-01T20:13:33.985+0000] {logging_mixin.py:188} WARNING - /opt/airflow/dags/feature_store.py:64 RemovedInAirflow3Warning: Param `schedule_interval` is deprecated and will be removed in a future release. Please use `schedule` instead.
[2026-02-01T20:13:33.991+0000] {processor.py:840} INFO - DAG(s) 'feature_store_cre' retrieved from /opt/airflow/dags/feature_store.py
[2026-02-01T20:13:34.013+0000] {logging_mixin.py:188} INFO - [2026-02-01T20:13:34.012+0000] {dag.py:3096} INFO - Sync 1 DAGs
[2026-02-01T20:13:34.030+0000] {logging_mixin.py:188} INFO - [2026-02-01T20:13:34.030+0000] {dag.py:3954} INFO - Setting next_dagrun for feature_store_cre to 2026-01-31 00:00:00+00:00, run_after=2026-02-01 00:00:00+00:00
[2026-02-01T20:13:34.050+0000] {processor.py:183} INFO - Processing /opt/airflow/dags/feature_store.py took 1.907 seconds
[2026-02-01T20:14:04.345+0000] {processor.py:161} INFO - Started process (PID=29103) to work on /opt/airflow/dags/feature_store.py
[2026-02-01T20:14:04.346+0000] {processor.py:830} INFO - Processing file /opt/airflow/dags/feature_store.py for tasks to queue
[2026-02-01T20:14:04.348+0000] {logging_mixin.py:188} INFO - [2026-02-01T20:14:04.348+0000] {dagbag.py:545} INFO - Filling up the DagBag from /opt/airflow/dags/feature_store.py
[2026-02-01T20:14:07.110+0000] {logging_mixin.py:188} WARNING - /opt/airflow/dags/feature_store.py:64 RemovedInAirflow3Warning: Param `schedule_interval` is deprecated and will be removed in a future release. Please use `schedule` instead.
[2026-02-01T20:14:07.116+0000] {processor.py:840} INFO - DAG(s) 'feature_store_cre' retrieved from /opt/airflow/dags/feature_store.py
[2026-02-01T20:14:07.151+0000] {logging_mixin.py:188} INFO - [2026-02-01T20:14:07.150+0000] {dag.py:3096} INFO - Sync 1 DAGs
[2026-02-01T20:14:07.166+0000] {logging_mixin.py:188} INFO - [2026-02-01T20:14:07.166+0000] {dag.py:3954} INFO - Setting next_dagrun for feature_store_cre to 2026-01-31 00:00:00+00:00, run_after=2026-02-01 00:00:00+00:00
[2026-02-01T20:14:07.185+0000] {processor.py:183} INFO - Processing /opt/airflow/dags/feature_store.py took 2.846 seconds
[2026-02-01T20:14:37.857+0000] {processor.py:161} INFO - Started process (PID=29150) to work on /opt/airflow/dags/feature_store.py
[2026-02-01T20:14:37.861+0000] {processor.py:830} INFO - Processing file /opt/airflow/dags/feature_store.py for tasks to queue
[2026-02-01T20:14:37.862+0000] {logging_mixin.py:188} INFO - [2026-02-01T20:14:37.862+0000] {dagbag.py:545} INFO - Filling up the DagBag from /opt/airflow/dags/feature_store.py
[2026-02-01T20:14:39.954+0000] {logging_mixin.py:188} WARNING - /opt/airflow/dags/feature_store.py:64 RemovedInAirflow3Warning: Param `schedule_interval` is deprecated and will be removed in a future release. Please use `schedule` instead.
[2026-02-01T20:14:39.959+0000] {processor.py:840} INFO - DAG(s) 'feature_store_cre' retrieved from /opt/airflow/dags/feature_store.py
[2026-02-01T20:14:39.988+0000] {logging_mixin.py:188} INFO - [2026-02-01T20:14:39.987+0000] {dag.py:3096} INFO - Sync 1 DAGs
[2026-02-01T20:14:40.013+0000] {logging_mixin.py:188} INFO - [2026-02-01T20:14:40.012+0000] {dag.py:3954} INFO - Setting next_dagrun for feature_store_cre to 2026-01-31 00:00:00+00:00, run_after=2026-02-01 00:00:00+00:00
[2026-02-01T20:14:40.040+0000] {processor.py:183} INFO - Processing /opt/airflow/dags/feature_store.py took 2.190 seconds
[2026-02-01T20:15:10.583+0000] {processor.py:161} INFO - Started process (PID=29198) to work on /opt/airflow/dags/feature_store.py
[2026-02-01T20:15:10.583+0000] {processor.py:830} INFO - Processing file /opt/airflow/dags/feature_store.py for tasks to queue
[2026-02-01T20:15:10.585+0000] {logging_mixin.py:188} INFO - [2026-02-01T20:15:10.585+0000] {dagbag.py:545} INFO - Filling up the DagBag from /opt/airflow/dags/feature_store.py
[2026-02-01T20:15:12.393+0000] {logging_mixin.py:188} WARNING - /opt/airflow/dags/feature_store.py:64 RemovedInAirflow3Warning: Param `schedule_interval` is deprecated and will be removed in a future release. Please use `schedule` instead.
[2026-02-01T20:15:12.398+0000] {processor.py:840} INFO - DAG(s) 'feature_store_cre' retrieved from /opt/airflow/dags/feature_store.py
[2026-02-01T20:15:12.423+0000] {logging_mixin.py:188} INFO - [2026-02-01T20:15:12.422+0000] {dag.py:3096} INFO - Sync 1 DAGs
[2026-02-01T20:15:12.444+0000] {logging_mixin.py:188} INFO - [2026-02-01T20:15:12.444+0000] {dag.py:3954} INFO - Setting next_dagrun for feature_store_cre to 2026-01-31 00:00:00+00:00, run_after=2026-02-01 00:00:00+00:00
[2026-02-01T20:15:12.465+0000] {processor.py:183} INFO - Processing /opt/airflow/dags/feature_store.py took 1.886 seconds
[2026-02-01T20:15:43.073+0000] {processor.py:161} INFO - Started process (PID=29239) to work on /opt/airflow/dags/feature_store.py
[2026-02-01T20:15:43.076+0000] {processor.py:830} INFO - Processing file /opt/airflow/dags/feature_store.py for tasks to queue
[2026-02-01T20:15:43.078+0000] {logging_mixin.py:188} INFO - [2026-02-01T20:15:43.078+0000] {dagbag.py:545} INFO - Filling up the DagBag from /opt/airflow/dags/feature_store.py
[2026-02-01T20:15:45.194+0000] {logging_mixin.py:188} WARNING - /opt/airflow/dags/feature_store.py:64 RemovedInAirflow3Warning: Param `schedule_interval` is deprecated and will be removed in a future release. Please use `schedule` instead.
[2026-02-01T20:15:45.199+0000] {processor.py:840} INFO - DAG(s) 'feature_store_cre' retrieved from /opt/airflow/dags/feature_store.py
[2026-02-01T20:15:45.224+0000] {logging_mixin.py:188} INFO - [2026-02-01T20:15:45.223+0000] {dag.py:3096} INFO - Sync 1 DAGs
[2026-02-01T20:15:45.246+0000] {logging_mixin.py:188} INFO - [2026-02-01T20:15:45.246+0000] {dag.py:3954} INFO - Setting next_dagrun for feature_store_cre to 2026-01-31 00:00:00+00:00, run_after=2026-02-01 00:00:00+00:00
[2026-02-01T20:15:45.268+0000] {processor.py:183} INFO - Processing /opt/airflow/dags/feature_store.py took 2.201 seconds
[2026-02-01T20:16:15.799+0000] {processor.py:161} INFO - Started process (PID=29280) to work on /opt/airflow/dags/feature_store.py
[2026-02-01T20:16:15.801+0000] {processor.py:830} INFO - Processing file /opt/airflow/dags/feature_store.py for tasks to queue
[2026-02-01T20:16:15.810+0000] {logging_mixin.py:188} INFO - [2026-02-01T20:16:15.809+0000] {dagbag.py:545} INFO - Filling up the DagBag from /opt/airflow/dags/feature_store.py
[2026-02-01T20:16:18.300+0000] {logging_mixin.py:188} WARNING - /opt/airflow/dags/feature_store.py:64 RemovedInAirflow3Warning: Param `schedule_interval` is deprecated and will be removed in a future release. Please use `schedule` instead.
[2026-02-01T20:16:18.305+0000] {processor.py:840} INFO - DAG(s) 'feature_store_cre' retrieved from /opt/airflow/dags/feature_store.py
[2026-02-01T20:16:18.327+0000] {logging_mixin.py:188} INFO - [2026-02-01T20:16:18.326+0000] {dag.py:3096} INFO - Sync 1 DAGs
[2026-02-01T20:16:18.345+0000] {logging_mixin.py:188} INFO - [2026-02-01T20:16:18.344+0000] {dag.py:3954} INFO - Setting next_dagrun for feature_store_cre to 2026-01-31 00:00:00+00:00, run_after=2026-02-01 00:00:00+00:00
[2026-02-01T20:16:18.363+0000] {processor.py:183} INFO - Processing /opt/airflow/dags/feature_store.py took 2.580 seconds
[2026-02-01T20:16:48.423+0000] {processor.py:161} INFO - Started process (PID=29327) to work on /opt/airflow/dags/feature_store.py
[2026-02-01T20:16:48.425+0000] {processor.py:830} INFO - Processing file /opt/airflow/dags/feature_store.py for tasks to queue
[2026-02-01T20:16:48.428+0000] {logging_mixin.py:188} INFO - [2026-02-01T20:16:48.428+0000] {dagbag.py:545} INFO - Filling up the DagBag from /opt/airflow/dags/feature_store.py
[2026-02-01T20:16:50.371+0000] {logging_mixin.py:188} WARNING - /opt/airflow/dags/feature_store.py:64 RemovedInAirflow3Warning: Param `schedule_interval` is deprecated and will be removed in a future release. Please use `schedule` instead.
[2026-02-01T20:16:50.377+0000] {processor.py:840} INFO - DAG(s) 'feature_store_cre' retrieved from /opt/airflow/dags/feature_store.py
[2026-02-01T20:16:50.406+0000] {logging_mixin.py:188} INFO - [2026-02-01T20:16:50.405+0000] {dag.py:3096} INFO - Sync 1 DAGs
[2026-02-01T20:16:50.428+0000] {logging_mixin.py:188} INFO - [2026-02-01T20:16:50.428+0000] {dag.py:3954} INFO - Setting next_dagrun for feature_store_cre to 2026-01-31 00:00:00+00:00, run_after=2026-02-01 00:00:00+00:00
[2026-02-01T20:16:50.454+0000] {processor.py:183} INFO - Processing /opt/airflow/dags/feature_store.py took 2.036 seconds
[2026-02-01T20:17:21.921+0000] {processor.py:161} INFO - Started process (PID=29374) to work on /opt/airflow/dags/feature_store.py
[2026-02-01T20:17:21.921+0000] {processor.py:830} INFO - Processing file /opt/airflow/dags/feature_store.py for tasks to queue
[2026-02-01T20:17:21.923+0000] {logging_mixin.py:188} INFO - [2026-02-01T20:17:21.922+0000] {dagbag.py:545} INFO - Filling up the DagBag from /opt/airflow/dags/feature_store.py
[2026-02-01T20:17:24.276+0000] {logging_mixin.py:188} WARNING - /opt/airflow/dags/feature_store.py:64 RemovedInAirflow3Warning: Param `schedule_interval` is deprecated and will be removed in a future release. Please use `schedule` instead.
[2026-02-01T20:17:24.281+0000] {processor.py:840} INFO - DAG(s) 'feature_store_cre' retrieved from /opt/airflow/dags/feature_store.py
[2026-02-01T20:17:24.303+0000] {logging_mixin.py:188} INFO - [2026-02-01T20:17:24.303+0000] {dag.py:3096} INFO - Sync 1 DAGs
[2026-02-01T20:17:24.320+0000] {logging_mixin.py:188} INFO - [2026-02-01T20:17:24.320+0000] {dag.py:3954} INFO - Setting next_dagrun for feature_store_cre to 2026-01-31 00:00:00+00:00, run_after=2026-02-01 00:00:00+00:00
[2026-02-01T20:17:24.343+0000] {processor.py:183} INFO - Processing /opt/airflow/dags/feature_store.py took 2.427 seconds
[2026-02-01T20:17:55.341+0000] {processor.py:161} INFO - Started process (PID=29421) to work on /opt/airflow/dags/feature_store.py
[2026-02-01T20:17:55.343+0000] {processor.py:830} INFO - Processing file /opt/airflow/dags/feature_store.py for tasks to queue
[2026-02-01T20:17:55.345+0000] {logging_mixin.py:188} INFO - [2026-02-01T20:17:55.345+0000] {dagbag.py:545} INFO - Filling up the DagBag from /opt/airflow/dags/feature_store.py
[2026-02-01T20:17:57.534+0000] {logging_mixin.py:188} WARNING - /opt/airflow/dags/feature_store.py:64 RemovedInAirflow3Warning: Param `schedule_interval` is deprecated and will be removed in a future release. Please use `schedule` instead.
[2026-02-01T20:17:57.538+0000] {processor.py:840} INFO - DAG(s) 'feature_store_cre' retrieved from /opt/airflow/dags/feature_store.py
[2026-02-01T20:17:57.559+0000] {logging_mixin.py:188} INFO - [2026-02-01T20:17:57.559+0000] {dag.py:3096} INFO - Sync 1 DAGs
[2026-02-01T20:17:57.576+0000] {logging_mixin.py:188} INFO - [2026-02-01T20:17:57.576+0000] {dag.py:3954} INFO - Setting next_dagrun for feature_store_cre to 2026-01-31 00:00:00+00:00, run_after=2026-02-01 00:00:00+00:00
[2026-02-01T20:17:57.596+0000] {processor.py:183} INFO - Processing /opt/airflow/dags/feature_store.py took 2.263 seconds
[2026-02-01T20:18:28.472+0000] {processor.py:161} INFO - Started process (PID=29468) to work on /opt/airflow/dags/feature_store.py
[2026-02-01T20:18:28.472+0000] {processor.py:830} INFO - Processing file /opt/airflow/dags/feature_store.py for tasks to queue
[2026-02-01T20:18:28.474+0000] {logging_mixin.py:188} INFO - [2026-02-01T20:18:28.473+0000] {dagbag.py:545} INFO - Filling up the DagBag from /opt/airflow/dags/feature_store.py
[2026-02-01T20:18:30.467+0000] {logging_mixin.py:188} WARNING - /opt/airflow/dags/feature_store.py:64 RemovedInAirflow3Warning: Param `schedule_interval` is deprecated and will be removed in a future release. Please use `schedule` instead.
[2026-02-01T20:18:30.471+0000] {processor.py:840} INFO - DAG(s) 'feature_store_cre' retrieved from /opt/airflow/dags/feature_store.py
[2026-02-01T20:18:30.504+0000] {logging_mixin.py:188} INFO - [2026-02-01T20:18:30.503+0000] {dag.py:3096} INFO - Sync 1 DAGs
[2026-02-01T20:18:30.528+0000] {logging_mixin.py:188} INFO - [2026-02-01T20:18:30.528+0000] {dag.py:3954} INFO - Setting next_dagrun for feature_store_cre to 2026-01-31 00:00:00+00:00, run_after=2026-02-01 00:00:00+00:00
[2026-02-01T20:18:30.549+0000] {processor.py:183} INFO - Processing /opt/airflow/dags/feature_store.py took 2.081 seconds
[2026-02-01T20:19:02.039+0000] {processor.py:161} INFO - Started process (PID=29513) to work on /opt/airflow/dags/feature_store.py
[2026-02-01T20:19:02.041+0000] {processor.py:830} INFO - Processing file /opt/airflow/dags/feature_store.py for tasks to queue
[2026-02-01T20:19:02.043+0000] {logging_mixin.py:188} INFO - [2026-02-01T20:19:02.042+0000] {dagbag.py:545} INFO - Filling up the DagBag from /opt/airflow/dags/feature_store.py
[2026-02-01T20:19:04.416+0000] {logging_mixin.py:188} WARNING - /opt/airflow/dags/feature_store.py:64 RemovedInAirflow3Warning: Param `schedule_interval` is deprecated and will be removed in a future release. Please use `schedule` instead.
[2026-02-01T20:19:04.421+0000] {processor.py:840} INFO - DAG(s) 'feature_store_cre' retrieved from /opt/airflow/dags/feature_store.py
[2026-02-01T20:19:04.439+0000] {logging_mixin.py:188} INFO - [2026-02-01T20:19:04.439+0000] {dag.py:3096} INFO - Sync 1 DAGs
[2026-02-01T20:19:04.457+0000] {logging_mixin.py:188} INFO - [2026-02-01T20:19:04.457+0000] {dag.py:3954} INFO - Setting next_dagrun for feature_store_cre to 2026-01-31 00:00:00+00:00, run_after=2026-02-01 00:00:00+00:00
[2026-02-01T20:19:04.479+0000] {processor.py:183} INFO - Processing /opt/airflow/dags/feature_store.py took 2.445 seconds
[2026-02-01T20:19:35.673+0000] {processor.py:161} INFO - Started process (PID=29544) to work on /opt/airflow/dags/feature_store.py
[2026-02-01T20:19:35.675+0000] {processor.py:830} INFO - Processing file /opt/airflow/dags/feature_store.py for tasks to queue
[2026-02-01T20:19:35.689+0000] {logging_mixin.py:188} INFO - [2026-02-01T20:19:35.688+0000] {dagbag.py:545} INFO - Filling up the DagBag from /opt/airflow/dags/feature_store.py
[2026-02-01T20:19:40.652+0000] {logging_mixin.py:188} WARNING - /opt/airflow/dags/feature_store.py:64 RemovedInAirflow3Warning: Param `schedule_interval` is deprecated and will be removed in a future release. Please use `schedule` instead.
[2026-02-01T20:19:40.658+0000] {processor.py:840} INFO - DAG(s) 'feature_store_cre' retrieved from /opt/airflow/dags/feature_store.py
[2026-02-01T20:19:40.689+0000] {logging_mixin.py:188} INFO - [2026-02-01T20:19:40.689+0000] {dag.py:3096} INFO - Sync 1 DAGs
[2026-02-01T20:19:40.710+0000] {logging_mixin.py:188} INFO - [2026-02-01T20:19:40.710+0000] {dag.py:3954} INFO - Setting next_dagrun for feature_store_cre to 2026-01-31 00:00:00+00:00, run_after=2026-02-01 00:00:00+00:00
[2026-02-01T20:19:40.774+0000] {processor.py:183} INFO - Processing /opt/airflow/dags/feature_store.py took 5.157 seconds
[2026-02-01T20:20:11.290+0000] {processor.py:161} INFO - Started process (PID=29596) to work on /opt/airflow/dags/feature_store.py
[2026-02-01T20:20:11.292+0000] {processor.py:830} INFO - Processing file /opt/airflow/dags/feature_store.py for tasks to queue
[2026-02-01T20:20:11.293+0000] {logging_mixin.py:188} INFO - [2026-02-01T20:20:11.293+0000] {dagbag.py:545} INFO - Filling up the DagBag from /opt/airflow/dags/feature_store.py
[2026-02-01T20:20:14.236+0000] {logging_mixin.py:188} WARNING - /opt/airflow/dags/feature_store.py:64 RemovedInAirflow3Warning: Param `schedule_interval` is deprecated and will be removed in a future release. Please use `schedule` instead.
[2026-02-01T20:20:14.245+0000] {processor.py:840} INFO - DAG(s) 'feature_store_cre' retrieved from /opt/airflow/dags/feature_store.py
[2026-02-01T20:20:14.277+0000] {logging_mixin.py:188} INFO - [2026-02-01T20:20:14.277+0000] {dag.py:3096} INFO - Sync 1 DAGs
[2026-02-01T20:20:14.302+0000] {logging_mixin.py:188} INFO - [2026-02-01T20:20:14.301+0000] {dag.py:3954} INFO - Setting next_dagrun for feature_store_cre to 2026-01-31 00:00:00+00:00, run_after=2026-02-01 00:00:00+00:00
[2026-02-01T20:20:14.328+0000] {processor.py:183} INFO - Processing /opt/airflow/dags/feature_store.py took 3.045 seconds
[2026-02-01T20:20:44.896+0000] {processor.py:161} INFO - Started process (PID=29649) to work on /opt/airflow/dags/feature_store.py
[2026-02-01T20:20:44.897+0000] {processor.py:830} INFO - Processing file /opt/airflow/dags/feature_store.py for tasks to queue
[2026-02-01T20:20:44.899+0000] {logging_mixin.py:188} INFO - [2026-02-01T20:20:44.898+0000] {dagbag.py:545} INFO - Filling up the DagBag from /opt/airflow/dags/feature_store.py
[2026-02-01T20:20:47.268+0000] {logging_mixin.py:188} WARNING - /opt/airflow/dags/feature_store.py:64 RemovedInAirflow3Warning: Param `schedule_interval` is deprecated and will be removed in a future release. Please use `schedule` instead.
[2026-02-01T20:20:47.275+0000] {processor.py:840} INFO - DAG(s) 'feature_store_cre' retrieved from /opt/airflow/dags/feature_store.py
[2026-02-01T20:20:47.307+0000] {logging_mixin.py:188} INFO - [2026-02-01T20:20:47.306+0000] {dag.py:3096} INFO - Sync 1 DAGs
[2026-02-01T20:20:47.330+0000] {logging_mixin.py:188} INFO - [2026-02-01T20:20:47.329+0000] {dag.py:3954} INFO - Setting next_dagrun for feature_store_cre to 2026-01-31 00:00:00+00:00, run_after=2026-02-01 00:00:00+00:00
[2026-02-01T20:20:47.357+0000] {processor.py:183} INFO - Processing /opt/airflow/dags/feature_store.py took 2.470 seconds
[2026-02-01T20:21:17.595+0000] {processor.py:161} INFO - Started process (PID=29696) to work on /opt/airflow/dags/feature_store.py
[2026-02-01T20:21:17.598+0000] {processor.py:830} INFO - Processing file /opt/airflow/dags/feature_store.py for tasks to queue
[2026-02-01T20:21:17.603+0000] {logging_mixin.py:188} INFO - [2026-02-01T20:21:17.602+0000] {dagbag.py:545} INFO - Filling up the DagBag from /opt/airflow/dags/feature_store.py
[2026-02-01T20:21:20.828+0000] {logging_mixin.py:188} WARNING - /opt/airflow/dags/feature_store.py:64 RemovedInAirflow3Warning: Param `schedule_interval` is deprecated and will be removed in a future release. Please use `schedule` instead.
[2026-02-01T20:21:20.835+0000] {processor.py:840} INFO - DAG(s) 'feature_store_cre' retrieved from /opt/airflow/dags/feature_store.py
[2026-02-01T20:21:20.860+0000] {logging_mixin.py:188} INFO - [2026-02-01T20:21:20.859+0000] {dag.py:3096} INFO - Sync 1 DAGs
[2026-02-01T20:21:20.880+0000] {logging_mixin.py:188} INFO - [2026-02-01T20:21:20.880+0000] {dag.py:3954} INFO - Setting next_dagrun for feature_store_cre to 2026-01-31 00:00:00+00:00, run_after=2026-02-01 00:00:00+00:00
[2026-02-01T20:21:20.903+0000] {processor.py:183} INFO - Processing /opt/airflow/dags/feature_store.py took 3.325 seconds
[2026-02-01T20:21:51.264+0000] {processor.py:161} INFO - Started process (PID=29743) to work on /opt/airflow/dags/feature_store.py
[2026-02-01T20:21:51.265+0000] {processor.py:830} INFO - Processing file /opt/airflow/dags/feature_store.py for tasks to queue
[2026-02-01T20:21:51.266+0000] {logging_mixin.py:188} INFO - [2026-02-01T20:21:51.266+0000] {dagbag.py:545} INFO - Filling up the DagBag from /opt/airflow/dags/feature_store.py
[2026-02-01T20:21:53.647+0000] {logging_mixin.py:188} WARNING - /opt/airflow/dags/feature_store.py:64 RemovedInAirflow3Warning: Param `schedule_interval` is deprecated and will be removed in a future release. Please use `schedule` instead.
[2026-02-01T20:21:53.652+0000] {processor.py:840} INFO - DAG(s) 'feature_store_cre' retrieved from /opt/airflow/dags/feature_store.py
[2026-02-01T20:21:53.678+0000] {logging_mixin.py:188} INFO - [2026-02-01T20:21:53.678+0000] {dag.py:3096} INFO - Sync 1 DAGs
[2026-02-01T20:21:53.699+0000] {logging_mixin.py:188} INFO - [2026-02-01T20:21:53.699+0000] {dag.py:3954} INFO - Setting next_dagrun for feature_store_cre to 2026-01-31 00:00:00+00:00, run_after=2026-02-01 00:00:00+00:00
[2026-02-01T20:21:53.727+0000] {processor.py:183} INFO - Processing /opt/airflow/dags/feature_store.py took 2.470 seconds
[2026-02-01T20:22:24.247+0000] {processor.py:161} INFO - Started process (PID=29784) to work on /opt/airflow/dags/feature_store.py
[2026-02-01T20:22:24.251+0000] {processor.py:830} INFO - Processing file /opt/airflow/dags/feature_store.py for tasks to queue
[2026-02-01T20:22:24.254+0000] {logging_mixin.py:188} INFO - [2026-02-01T20:22:24.253+0000] {dagbag.py:545} INFO - Filling up the DagBag from /opt/airflow/dags/feature_store.py
[2026-02-01T20:22:27.380+0000] {logging_mixin.py:188} WARNING - /opt/airflow/dags/feature_store.py:64 RemovedInAirflow3Warning: Param `schedule_interval` is deprecated and will be removed in a future release. Please use `schedule` instead.
[2026-02-01T20:22:27.385+0000] {processor.py:840} INFO - DAG(s) 'feature_store_cre' retrieved from /opt/airflow/dags/feature_store.py
[2026-02-01T20:22:27.408+0000] {logging_mixin.py:188} INFO - [2026-02-01T20:22:27.407+0000] {dag.py:3096} INFO - Sync 1 DAGs
[2026-02-01T20:22:27.429+0000] {logging_mixin.py:188} INFO - [2026-02-01T20:22:27.429+0000] {dag.py:3954} INFO - Setting next_dagrun for feature_store_cre to 2026-01-31 00:00:00+00:00, run_after=2026-02-01 00:00:00+00:00
[2026-02-01T20:22:27.457+0000] {processor.py:183} INFO - Processing /opt/airflow/dags/feature_store.py took 3.218 seconds
[2026-02-01T20:22:57.984+0000] {processor.py:161} INFO - Started process (PID=29837) to work on /opt/airflow/dags/feature_store.py
[2026-02-01T20:22:57.986+0000] {processor.py:830} INFO - Processing file /opt/airflow/dags/feature_store.py for tasks to queue
[2026-02-01T20:22:57.988+0000] {logging_mixin.py:188} INFO - [2026-02-01T20:22:57.988+0000] {dagbag.py:545} INFO - Filling up the DagBag from /opt/airflow/dags/feature_store.py
[2026-02-01T20:23:01.708+0000] {logging_mixin.py:188} WARNING - /opt/airflow/dags/feature_store.py:64 RemovedInAirflow3Warning: Param `schedule_interval` is deprecated and will be removed in a future release. Please use `schedule` instead.
[2026-02-01T20:23:01.716+0000] {processor.py:840} INFO - DAG(s) 'feature_store_cre' retrieved from /opt/airflow/dags/feature_store.py
[2026-02-01T20:23:01.745+0000] {logging_mixin.py:188} INFO - [2026-02-01T20:23:01.744+0000] {dag.py:3096} INFO - Sync 1 DAGs
[2026-02-01T20:23:01.768+0000] {logging_mixin.py:188} INFO - [2026-02-01T20:23:01.767+0000] {dag.py:3954} INFO - Setting next_dagrun for feature_store_cre to 2026-01-31 00:00:00+00:00, run_after=2026-02-01 00:00:00+00:00
[2026-02-01T20:23:01.798+0000] {processor.py:183} INFO - Processing /opt/airflow/dags/feature_store.py took 3.828 seconds
[2026-02-01T20:23:32.174+0000] {processor.py:161} INFO - Started process (PID=29884) to work on /opt/airflow/dags/feature_store.py
[2026-02-01T20:23:32.177+0000] {processor.py:830} INFO - Processing file /opt/airflow/dags/feature_store.py for tasks to queue
[2026-02-01T20:23:32.179+0000] {logging_mixin.py:188} INFO - [2026-02-01T20:23:32.179+0000] {dagbag.py:545} INFO - Filling up the DagBag from /opt/airflow/dags/feature_store.py
[2026-02-01T20:23:36.187+0000] {logging_mixin.py:188} WARNING - /opt/airflow/dags/feature_store.py:64 RemovedInAirflow3Warning: Param `schedule_interval` is deprecated and will be removed in a future release. Please use `schedule` instead.
[2026-02-01T20:23:36.199+0000] {processor.py:840} INFO - DAG(s) 'feature_store_cre' retrieved from /opt/airflow/dags/feature_store.py
[2026-02-01T20:23:36.250+0000] {logging_mixin.py:188} INFO - [2026-02-01T20:23:36.249+0000] {dag.py:3096} INFO - Sync 1 DAGs
[2026-02-01T20:23:36.287+0000] {logging_mixin.py:188} INFO - [2026-02-01T20:23:36.287+0000] {dag.py:3954} INFO - Setting next_dagrun for feature_store_cre to 2026-01-31 00:00:00+00:00, run_after=2026-02-01 00:00:00+00:00
[2026-02-01T20:23:36.323+0000] {processor.py:183} INFO - Processing /opt/airflow/dags/feature_store.py took 4.155 seconds
[2026-02-01T20:24:06.621+0000] {processor.py:161} INFO - Started process (PID=29931) to work on /opt/airflow/dags/feature_store.py
[2026-02-01T20:24:06.622+0000] {processor.py:830} INFO - Processing file /opt/airflow/dags/feature_store.py for tasks to queue
[2026-02-01T20:24:06.624+0000] {logging_mixin.py:188} INFO - [2026-02-01T20:24:06.624+0000] {dagbag.py:545} INFO - Filling up the DagBag from /opt/airflow/dags/feature_store.py
[2026-02-01T20:24:09.613+0000] {logging_mixin.py:188} WARNING - /opt/airflow/dags/feature_store.py:64 RemovedInAirflow3Warning: Param `schedule_interval` is deprecated and will be removed in a future release. Please use `schedule` instead.
[2026-02-01T20:24:09.621+0000] {processor.py:840} INFO - DAG(s) 'feature_store_cre' retrieved from /opt/airflow/dags/feature_store.py
[2026-02-01T20:24:09.657+0000] {logging_mixin.py:188} INFO - [2026-02-01T20:24:09.657+0000] {dag.py:3096} INFO - Sync 1 DAGs
[2026-02-01T20:24:09.681+0000] {logging_mixin.py:188} INFO - [2026-02-01T20:24:09.681+0000] {dag.py:3954} INFO - Setting next_dagrun for feature_store_cre to 2026-01-31 00:00:00+00:00, run_after=2026-02-01 00:00:00+00:00
[2026-02-01T20:24:09.706+0000] {processor.py:183} INFO - Processing /opt/airflow/dags/feature_store.py took 3.090 seconds
[2026-02-01T20:24:40.220+0000] {processor.py:161} INFO - Started process (PID=29978) to work on /opt/airflow/dags/feature_store.py
[2026-02-01T20:24:40.222+0000] {processor.py:830} INFO - Processing file /opt/airflow/dags/feature_store.py for tasks to queue
[2026-02-01T20:24:40.225+0000] {logging_mixin.py:188} INFO - [2026-02-01T20:24:40.224+0000] {dagbag.py:545} INFO - Filling up the DagBag from /opt/airflow/dags/feature_store.py
[2026-02-01T20:24:42.685+0000] {logging_mixin.py:188} WARNING - /opt/airflow/dags/feature_store.py:64 RemovedInAirflow3Warning: Param `schedule_interval` is deprecated and will be removed in a future release. Please use `schedule` instead.
[2026-02-01T20:24:42.691+0000] {processor.py:840} INFO - DAG(s) 'feature_store_cre' retrieved from /opt/airflow/dags/feature_store.py
[2026-02-01T20:24:42.717+0000] {logging_mixin.py:188} INFO - [2026-02-01T20:24:42.717+0000] {dag.py:3096} INFO - Sync 1 DAGs
[2026-02-01T20:24:42.738+0000] {logging_mixin.py:188} INFO - [2026-02-01T20:24:42.737+0000] {dag.py:3954} INFO - Setting next_dagrun for feature_store_cre to 2026-01-31 00:00:00+00:00, run_after=2026-02-01 00:00:00+00:00
[2026-02-01T20:24:42.763+0000] {processor.py:183} INFO - Processing /opt/airflow/dags/feature_store.py took 2.548 seconds
[2026-02-01T20:25:13.227+0000] {processor.py:161} INFO - Started process (PID=30020) to work on /opt/airflow/dags/feature_store.py
[2026-02-01T20:25:13.229+0000] {processor.py:830} INFO - Processing file /opt/airflow/dags/feature_store.py for tasks to queue
[2026-02-01T20:25:13.232+0000] {logging_mixin.py:188} INFO - [2026-02-01T20:25:13.231+0000] {dagbag.py:545} INFO - Filling up the DagBag from /opt/airflow/dags/feature_store.py
[2026-02-01T20:25:20.509+0000] {logging_mixin.py:188} WARNING - /opt/airflow/dags/feature_store.py:64 RemovedInAirflow3Warning: Param `schedule_interval` is deprecated and will be removed in a future release. Please use `schedule` instead.
[2026-02-01T20:25:20.522+0000] {processor.py:840} INFO - DAG(s) 'feature_store_cre' retrieved from /opt/airflow/dags/feature_store.py
[2026-02-01T20:25:20.592+0000] {logging_mixin.py:188} INFO - [2026-02-01T20:25:20.591+0000] {dag.py:3096} INFO - Sync 1 DAGs
[2026-02-01T20:25:20.639+0000] {logging_mixin.py:188} INFO - [2026-02-01T20:25:20.639+0000] {dag.py:3954} INFO - Setting next_dagrun for feature_store_cre to 2026-01-31 00:00:00+00:00, run_after=2026-02-01 00:00:00+00:00
[2026-02-01T20:25:20.685+0000] {processor.py:183} INFO - Processing /opt/airflow/dags/feature_store.py took 7.475 seconds
[2026-02-01T20:25:50.757+0000] {processor.py:161} INFO - Started process (PID=30055) to work on /opt/airflow/dags/feature_store.py
[2026-02-01T20:25:50.759+0000] {processor.py:830} INFO - Processing file /opt/airflow/dags/feature_store.py for tasks to queue
[2026-02-01T20:25:50.763+0000] {logging_mixin.py:188} INFO - [2026-02-01T20:25:50.762+0000] {dagbag.py:545} INFO - Filling up the DagBag from /opt/airflow/dags/feature_store.py
[2026-02-01T20:25:54.140+0000] {logging_mixin.py:188} WARNING - /opt/airflow/dags/feature_store.py:64 RemovedInAirflow3Warning: Param `schedule_interval` is deprecated and will be removed in a future release. Please use `schedule` instead.
[2026-02-01T20:25:54.147+0000] {processor.py:840} INFO - DAG(s) 'feature_store_cre' retrieved from /opt/airflow/dags/feature_store.py
[2026-02-01T20:25:54.179+0000] {logging_mixin.py:188} INFO - [2026-02-01T20:25:54.178+0000] {dag.py:3096} INFO - Sync 1 DAGs
[2026-02-01T20:25:54.212+0000] {logging_mixin.py:188} INFO - [2026-02-01T20:25:54.211+0000] {dag.py:3954} INFO - Setting next_dagrun for feature_store_cre to 2026-01-31 00:00:00+00:00, run_after=2026-02-01 00:00:00+00:00
[2026-02-01T20:25:54.249+0000] {processor.py:183} INFO - Processing /opt/airflow/dags/feature_store.py took 3.499 seconds
[2026-02-01T20:26:24.705+0000] {processor.py:161} INFO - Started process (PID=30098) to work on /opt/airflow/dags/feature_store.py
[2026-02-01T20:26:24.709+0000] {processor.py:830} INFO - Processing file /opt/airflow/dags/feature_store.py for tasks to queue
[2026-02-01T20:26:24.713+0000] {logging_mixin.py:188} INFO - [2026-02-01T20:26:24.712+0000] {dagbag.py:545} INFO - Filling up the DagBag from /opt/airflow/dags/feature_store.py
[2026-02-01T20:26:27.357+0000] {logging_mixin.py:188} WARNING - /opt/airflow/dags/feature_store.py:64 RemovedInAirflow3Warning: Param `schedule_interval` is deprecated and will be removed in a future release. Please use `schedule` instead.
[2026-02-01T20:26:27.368+0000] {processor.py:840} INFO - DAG(s) 'feature_store_cre' retrieved from /opt/airflow/dags/feature_store.py
[2026-02-01T20:26:27.405+0000] {logging_mixin.py:188} INFO - [2026-02-01T20:26:27.404+0000] {dag.py:3096} INFO - Sync 1 DAGs
[2026-02-01T20:26:27.441+0000] {logging_mixin.py:188} INFO - [2026-02-01T20:26:27.440+0000] {dag.py:3954} INFO - Setting next_dagrun for feature_store_cre to 2026-01-31 00:00:00+00:00, run_after=2026-02-01 00:00:00+00:00
[2026-02-01T20:26:27.476+0000] {processor.py:183} INFO - Processing /opt/airflow/dags/feature_store.py took 2.785 seconds
[2026-02-01T20:26:57.592+0000] {processor.py:161} INFO - Started process (PID=30145) to work on /opt/airflow/dags/feature_store.py
[2026-02-01T20:26:57.593+0000] {processor.py:830} INFO - Processing file /opt/airflow/dags/feature_store.py for tasks to queue
[2026-02-01T20:26:57.595+0000] {logging_mixin.py:188} INFO - [2026-02-01T20:26:57.595+0000] {dagbag.py:545} INFO - Filling up the DagBag from /opt/airflow/dags/feature_store.py
[2026-02-01T20:26:59.559+0000] {logging_mixin.py:188} WARNING - /opt/airflow/dags/feature_store.py:64 RemovedInAirflow3Warning: Param `schedule_interval` is deprecated and will be removed in a future release. Please use `schedule` instead.
[2026-02-01T20:26:59.564+0000] {processor.py:840} INFO - DAG(s) 'feature_store_cre' retrieved from /opt/airflow/dags/feature_store.py
[2026-02-01T20:26:59.584+0000] {logging_mixin.py:188} INFO - [2026-02-01T20:26:59.584+0000] {dag.py:3096} INFO - Sync 1 DAGs
[2026-02-01T20:26:59.602+0000] {logging_mixin.py:188} INFO - [2026-02-01T20:26:59.602+0000] {dag.py:3954} INFO - Setting next_dagrun for feature_store_cre to 2026-01-31 00:00:00+00:00, run_after=2026-02-01 00:00:00+00:00
[2026-02-01T20:26:59.621+0000] {processor.py:183} INFO - Processing /opt/airflow/dags/feature_store.py took 2.039 seconds
[2026-02-01T20:27:30.173+0000] {processor.py:161} INFO - Started process (PID=30192) to work on /opt/airflow/dags/feature_store.py
[2026-02-01T20:27:30.174+0000] {processor.py:830} INFO - Processing file /opt/airflow/dags/feature_store.py for tasks to queue
[2026-02-01T20:27:30.176+0000] {logging_mixin.py:188} INFO - [2026-02-01T20:27:30.176+0000] {dagbag.py:545} INFO - Filling up the DagBag from /opt/airflow/dags/feature_store.py
[2026-02-01T20:27:32.261+0000] {logging_mixin.py:188} WARNING - /opt/airflow/dags/feature_store.py:64 RemovedInAirflow3Warning: Param `schedule_interval` is deprecated and will be removed in a future release. Please use `schedule` instead.
[2026-02-01T20:27:32.268+0000] {processor.py:840} INFO - DAG(s) 'feature_store_cre' retrieved from /opt/airflow/dags/feature_store.py
[2026-02-01T20:27:32.299+0000] {logging_mixin.py:188} INFO - [2026-02-01T20:27:32.298+0000] {dag.py:3096} INFO - Sync 1 DAGs
[2026-02-01T20:27:32.326+0000] {logging_mixin.py:188} INFO - [2026-02-01T20:27:32.325+0000] {dag.py:3954} INFO - Setting next_dagrun for feature_store_cre to 2026-01-31 00:00:00+00:00, run_after=2026-02-01 00:00:00+00:00
[2026-02-01T20:27:32.351+0000] {processor.py:183} INFO - Processing /opt/airflow/dags/feature_store.py took 2.183 seconds
[2026-02-01T20:28:02.834+0000] {processor.py:161} INFO - Started process (PID=30239) to work on /opt/airflow/dags/feature_store.py
[2026-02-01T20:28:02.837+0000] {processor.py:830} INFO - Processing file /opt/airflow/dags/feature_store.py for tasks to queue
[2026-02-01T20:28:02.839+0000] {logging_mixin.py:188} INFO - [2026-02-01T20:28:02.839+0000] {dagbag.py:545} INFO - Filling up the DagBag from /opt/airflow/dags/feature_store.py
[2026-02-01T20:28:05.138+0000] {logging_mixin.py:188} WARNING - /opt/airflow/dags/feature_store.py:64 RemovedInAirflow3Warning: Param `schedule_interval` is deprecated and will be removed in a future release. Please use `schedule` instead.
[2026-02-01T20:28:05.144+0000] {processor.py:840} INFO - DAG(s) 'feature_store_cre' retrieved from /opt/airflow/dags/feature_store.py
[2026-02-01T20:28:05.169+0000] {logging_mixin.py:188} INFO - [2026-02-01T20:28:05.168+0000] {dag.py:3096} INFO - Sync 1 DAGs
[2026-02-01T20:28:05.193+0000] {logging_mixin.py:188} INFO - [2026-02-01T20:28:05.193+0000] {dag.py:3954} INFO - Setting next_dagrun for feature_store_cre to 2026-01-31 00:00:00+00:00, run_after=2026-02-01 00:00:00+00:00
[2026-02-01T20:28:05.220+0000] {processor.py:183} INFO - Processing /opt/airflow/dags/feature_store.py took 2.392 seconds
[2026-02-01T20:28:35.720+0000] {processor.py:161} INFO - Started process (PID=30283) to work on /opt/airflow/dags/feature_store.py
[2026-02-01T20:28:35.726+0000] {processor.py:830} INFO - Processing file /opt/airflow/dags/feature_store.py for tasks to queue
[2026-02-01T20:28:35.730+0000] {logging_mixin.py:188} INFO - [2026-02-01T20:28:35.729+0000] {dagbag.py:545} INFO - Filling up the DagBag from /opt/airflow/dags/feature_store.py
[2026-02-01T20:28:39.856+0000] {logging_mixin.py:188} WARNING - /opt/airflow/dags/feature_store.py:64 RemovedInAirflow3Warning: Param `schedule_interval` is deprecated and will be removed in a future release. Please use `schedule` instead.
[2026-02-01T20:28:39.864+0000] {processor.py:840} INFO - DAG(s) 'feature_store_cre' retrieved from /opt/airflow/dags/feature_store.py
[2026-02-01T20:28:39.899+0000] {logging_mixin.py:188} INFO - [2026-02-01T20:28:39.898+0000] {dag.py:3096} INFO - Sync 1 DAGs
[2026-02-01T20:28:39.930+0000] {logging_mixin.py:188} INFO - [2026-02-01T20:28:39.929+0000] {dag.py:3954} INFO - Setting next_dagrun for feature_store_cre to 2026-01-31 00:00:00+00:00, run_after=2026-02-01 00:00:00+00:00
[2026-02-01T20:28:39.960+0000] {processor.py:183} INFO - Processing /opt/airflow/dags/feature_store.py took 4.248 seconds
[2026-02-01T20:29:10.264+0000] {processor.py:161} INFO - Started process (PID=30333) to work on /opt/airflow/dags/feature_store.py
[2026-02-01T20:29:10.267+0000] {processor.py:830} INFO - Processing file /opt/airflow/dags/feature_store.py for tasks to queue
[2026-02-01T20:29:10.269+0000] {logging_mixin.py:188} INFO - [2026-02-01T20:29:10.268+0000] {dagbag.py:545} INFO - Filling up the DagBag from /opt/airflow/dags/feature_store.py
[2026-02-01T20:29:12.151+0000] {logging_mixin.py:188} WARNING - /opt/airflow/dags/feature_store.py:64 RemovedInAirflow3Warning: Param `schedule_interval` is deprecated and will be removed in a future release. Please use `schedule` instead.
[2026-02-01T20:29:12.158+0000] {processor.py:840} INFO - DAG(s) 'feature_store_cre' retrieved from /opt/airflow/dags/feature_store.py
[2026-02-01T20:29:12.184+0000] {logging_mixin.py:188} INFO - [2026-02-01T20:29:12.183+0000] {dag.py:3096} INFO - Sync 1 DAGs
[2026-02-01T20:29:12.211+0000] {logging_mixin.py:188} INFO - [2026-02-01T20:29:12.211+0000] {dag.py:3954} INFO - Setting next_dagrun for feature_store_cre to 2026-01-31 00:00:00+00:00, run_after=2026-02-01 00:00:00+00:00
[2026-02-01T20:29:12.244+0000] {processor.py:183} INFO - Processing /opt/airflow/dags/feature_store.py took 1.985 seconds
[2026-02-01T20:29:42.892+0000] {processor.py:161} INFO - Started process (PID=30380) to work on /opt/airflow/dags/feature_store.py
[2026-02-01T20:29:42.893+0000] {processor.py:830} INFO - Processing file /opt/airflow/dags/feature_store.py for tasks to queue
[2026-02-01T20:29:42.895+0000] {logging_mixin.py:188} INFO - [2026-02-01T20:29:42.894+0000] {dagbag.py:545} INFO - Filling up the DagBag from /opt/airflow/dags/feature_store.py
[2026-02-01T20:29:45.207+0000] {logging_mixin.py:188} WARNING - /opt/airflow/dags/feature_store.py:64 RemovedInAirflow3Warning: Param `schedule_interval` is deprecated and will be removed in a future release. Please use `schedule` instead.
[2026-02-01T20:29:45.214+0000] {processor.py:840} INFO - DAG(s) 'feature_store_cre' retrieved from /opt/airflow/dags/feature_store.py
[2026-02-01T20:29:45.247+0000] {logging_mixin.py:188} INFO - [2026-02-01T20:29:45.246+0000] {dag.py:3096} INFO - Sync 1 DAGs
[2026-02-01T20:29:45.274+0000] {logging_mixin.py:188} INFO - [2026-02-01T20:29:45.274+0000] {dag.py:3954} INFO - Setting next_dagrun for feature_store_cre to 2026-01-31 00:00:00+00:00, run_after=2026-02-01 00:00:00+00:00
[2026-02-01T20:29:45.301+0000] {processor.py:183} INFO - Processing /opt/airflow/dags/feature_store.py took 2.416 seconds
[2026-02-01T20:30:15.796+0000] {processor.py:161} INFO - Started process (PID=30423) to work on /opt/airflow/dags/feature_store.py
[2026-02-01T20:30:15.805+0000] {processor.py:830} INFO - Processing file /opt/airflow/dags/feature_store.py for tasks to queue
[2026-02-01T20:30:15.811+0000] {logging_mixin.py:188} INFO - [2026-02-01T20:30:15.808+0000] {dagbag.py:545} INFO - Filling up the DagBag from /opt/airflow/dags/feature_store.py
[2026-02-01T20:30:18.305+0000] {logging_mixin.py:188} WARNING - /opt/airflow/dags/feature_store.py:64 RemovedInAirflow3Warning: Param `schedule_interval` is deprecated and will be removed in a future release. Please use `schedule` instead.
[2026-02-01T20:30:18.309+0000] {processor.py:840} INFO - DAG(s) 'feature_store_cre' retrieved from /opt/airflow/dags/feature_store.py
[2026-02-01T20:30:18.334+0000] {logging_mixin.py:188} INFO - [2026-02-01T20:30:18.333+0000] {dag.py:3096} INFO - Sync 1 DAGs
[2026-02-01T20:30:18.355+0000] {logging_mixin.py:188} INFO - [2026-02-01T20:30:18.355+0000] {dag.py:3954} INFO - Setting next_dagrun for feature_store_cre to 2026-01-31 00:00:00+00:00, run_after=2026-02-01 00:00:00+00:00
[2026-02-01T20:30:18.376+0000] {processor.py:183} INFO - Processing /opt/airflow/dags/feature_store.py took 2.613 seconds
[2026-02-01T20:30:48.663+0000] {processor.py:161} INFO - Started process (PID=30470) to work on /opt/airflow/dags/feature_store.py
[2026-02-01T20:30:48.664+0000] {processor.py:830} INFO - Processing file /opt/airflow/dags/feature_store.py for tasks to queue
[2026-02-01T20:30:48.666+0000] {logging_mixin.py:188} INFO - [2026-02-01T20:30:48.666+0000] {dagbag.py:545} INFO - Filling up the DagBag from /opt/airflow/dags/feature_store.py
[2026-02-01T20:30:51.658+0000] {logging_mixin.py:188} WARNING - /opt/airflow/dags/feature_store.py:64 RemovedInAirflow3Warning: Param `schedule_interval` is deprecated and will be removed in a future release. Please use `schedule` instead.
[2026-02-01T20:30:51.665+0000] {processor.py:840} INFO - DAG(s) 'feature_store_cre' retrieved from /opt/airflow/dags/feature_store.py
[2026-02-01T20:30:51.694+0000] {logging_mixin.py:188} INFO - [2026-02-01T20:30:51.694+0000] {dag.py:3096} INFO - Sync 1 DAGs
[2026-02-01T20:30:51.724+0000] {logging_mixin.py:188} INFO - [2026-02-01T20:30:51.723+0000] {dag.py:3954} INFO - Setting next_dagrun for feature_store_cre to 2026-01-31 00:00:00+00:00, run_after=2026-02-01 00:00:00+00:00
[2026-02-01T20:30:51.756+0000] {processor.py:183} INFO - Processing /opt/airflow/dags/feature_store.py took 3.100 seconds
[2026-02-01T20:31:22.398+0000] {processor.py:161} INFO - Started process (PID=30517) to work on /opt/airflow/dags/feature_store.py
[2026-02-01T20:31:22.401+0000] {processor.py:830} INFO - Processing file /opt/airflow/dags/feature_store.py for tasks to queue
[2026-02-01T20:31:22.403+0000] {logging_mixin.py:188} INFO - [2026-02-01T20:31:22.403+0000] {dagbag.py:545} INFO - Filling up the DagBag from /opt/airflow/dags/feature_store.py
[2026-02-01T20:31:24.850+0000] {logging_mixin.py:188} WARNING - /opt/airflow/dags/feature_store.py:64 RemovedInAirflow3Warning: Param `schedule_interval` is deprecated and will be removed in a future release. Please use `schedule` instead.
[2026-02-01T20:31:24.859+0000] {processor.py:840} INFO - DAG(s) 'feature_store_cre' retrieved from /opt/airflow/dags/feature_store.py
[2026-02-01T20:31:24.903+0000] {logging_mixin.py:188} INFO - [2026-02-01T20:31:24.901+0000] {dag.py:3096} INFO - Sync 1 DAGs
[2026-02-01T20:31:24.943+0000] {logging_mixin.py:188} INFO - [2026-02-01T20:31:24.943+0000] {dag.py:3954} INFO - Setting next_dagrun for feature_store_cre to 2026-01-31 00:00:00+00:00, run_after=2026-02-01 00:00:00+00:00
[2026-02-01T20:31:24.979+0000] {processor.py:183} INFO - Processing /opt/airflow/dags/feature_store.py took 2.592 seconds
[2026-02-01T20:31:55.438+0000] {processor.py:161} INFO - Started process (PID=30564) to work on /opt/airflow/dags/feature_store.py
[2026-02-01T20:31:55.443+0000] {processor.py:830} INFO - Processing file /opt/airflow/dags/feature_store.py for tasks to queue
[2026-02-01T20:31:55.447+0000] {logging_mixin.py:188} INFO - [2026-02-01T20:31:55.446+0000] {dagbag.py:545} INFO - Filling up the DagBag from /opt/airflow/dags/feature_store.py
[2026-02-01T20:31:59.180+0000] {logging_mixin.py:188} WARNING - /opt/airflow/dags/feature_store.py:64 RemovedInAirflow3Warning: Param `schedule_interval` is deprecated and will be removed in a future release. Please use `schedule` instead.
[2026-02-01T20:31:59.188+0000] {processor.py:840} INFO - DAG(s) 'feature_store_cre' retrieved from /opt/airflow/dags/feature_store.py
[2026-02-01T20:31:59.216+0000] {logging_mixin.py:188} INFO - [2026-02-01T20:31:59.216+0000] {dag.py:3096} INFO - Sync 1 DAGs
[2026-02-01T20:31:59.248+0000] {logging_mixin.py:188} INFO - [2026-02-01T20:31:59.247+0000] {dag.py:3954} INFO - Setting next_dagrun for feature_store_cre to 2026-01-31 00:00:00+00:00, run_after=2026-02-01 00:00:00+00:00
[2026-02-01T20:31:59.278+0000] {processor.py:183} INFO - Processing /opt/airflow/dags/feature_store.py took 3.863 seconds
[2026-02-01T20:32:29.855+0000] {processor.py:161} INFO - Started process (PID=30610) to work on /opt/airflow/dags/feature_store.py
[2026-02-01T20:32:29.856+0000] {processor.py:830} INFO - Processing file /opt/airflow/dags/feature_store.py for tasks to queue
[2026-02-01T20:32:29.857+0000] {logging_mixin.py:188} INFO - [2026-02-01T20:32:29.857+0000] {dagbag.py:545} INFO - Filling up the DagBag from /opt/airflow/dags/feature_store.py
[2026-02-01T20:32:32.252+0000] {logging_mixin.py:188} WARNING - /opt/airflow/dags/feature_store.py:64 RemovedInAirflow3Warning: Param `schedule_interval` is deprecated and will be removed in a future release. Please use `schedule` instead.
[2026-02-01T20:32:32.260+0000] {processor.py:840} INFO - DAG(s) 'feature_store_cre' retrieved from /opt/airflow/dags/feature_store.py
[2026-02-01T20:32:32.305+0000] {logging_mixin.py:188} INFO - [2026-02-01T20:32:32.299+0000] {dag.py:3096} INFO - Sync 1 DAGs
[2026-02-01T20:32:32.345+0000] {logging_mixin.py:188} INFO - [2026-02-01T20:32:32.345+0000] {dag.py:3954} INFO - Setting next_dagrun for feature_store_cre to 2026-01-31 00:00:00+00:00, run_after=2026-02-01 00:00:00+00:00
[2026-02-01T20:32:32.379+0000] {processor.py:183} INFO - Processing /opt/airflow/dags/feature_store.py took 2.529 seconds
[2026-02-01T20:33:02.661+0000] {processor.py:161} INFO - Started process (PID=30654) to work on /opt/airflow/dags/feature_store.py
[2026-02-01T20:33:02.662+0000] {processor.py:830} INFO - Processing file /opt/airflow/dags/feature_store.py for tasks to queue
[2026-02-01T20:33:02.664+0000] {logging_mixin.py:188} INFO - [2026-02-01T20:33:02.663+0000] {dagbag.py:545} INFO - Filling up the DagBag from /opt/airflow/dags/feature_store.py
[2026-02-01T20:33:04.755+0000] {logging_mixin.py:188} WARNING - /opt/airflow/dags/feature_store.py:64 RemovedInAirflow3Warning: Param `schedule_interval` is deprecated and will be removed in a future release. Please use `schedule` instead.
[2026-02-01T20:33:04.761+0000] {processor.py:840} INFO - DAG(s) 'feature_store_cre' retrieved from /opt/airflow/dags/feature_store.py
[2026-02-01T20:33:04.798+0000] {logging_mixin.py:188} INFO - [2026-02-01T20:33:04.797+0000] {dag.py:3096} INFO - Sync 1 DAGs
[2026-02-01T20:33:04.834+0000] {logging_mixin.py:188} INFO - [2026-02-01T20:33:04.833+0000] {dag.py:3954} INFO - Setting next_dagrun for feature_store_cre to 2026-01-31 00:00:00+00:00, run_after=2026-02-01 00:00:00+00:00
[2026-02-01T20:33:04.864+0000] {processor.py:183} INFO - Processing /opt/airflow/dags/feature_store.py took 2.209 seconds
[2026-02-01T20:33:35.400+0000] {processor.py:161} INFO - Started process (PID=30696) to work on /opt/airflow/dags/feature_store.py
[2026-02-01T20:33:35.403+0000] {processor.py:830} INFO - Processing file /opt/airflow/dags/feature_store.py for tasks to queue
[2026-02-01T20:33:35.408+0000] {logging_mixin.py:188} INFO - [2026-02-01T20:33:35.407+0000] {dagbag.py:545} INFO - Filling up the DagBag from /opt/airflow/dags/feature_store.py
[2026-02-01T20:33:38.328+0000] {logging_mixin.py:188} WARNING - /opt/airflow/dags/feature_store.py:64 RemovedInAirflow3Warning: Param `schedule_interval` is deprecated and will be removed in a future release. Please use `schedule` instead.
[2026-02-01T20:33:38.334+0000] {processor.py:840} INFO - DAG(s) 'feature_store_cre' retrieved from /opt/airflow/dags/feature_store.py
[2026-02-01T20:33:38.364+0000] {logging_mixin.py:188} INFO - [2026-02-01T20:33:38.364+0000] {dag.py:3096} INFO - Sync 1 DAGs
[2026-02-01T20:33:38.391+0000] {logging_mixin.py:188} INFO - [2026-02-01T20:33:38.391+0000] {dag.py:3954} INFO - Setting next_dagrun for feature_store_cre to 2026-01-31 00:00:00+00:00, run_after=2026-02-01 00:00:00+00:00
[2026-02-01T20:33:38.421+0000] {processor.py:183} INFO - Processing /opt/airflow/dags/feature_store.py took 3.045 seconds
[2026-02-01T20:34:08.555+0000] {processor.py:161} INFO - Started process (PID=30731) to work on /opt/airflow/dags/feature_store.py
[2026-02-01T20:34:08.556+0000] {processor.py:830} INFO - Processing file /opt/airflow/dags/feature_store.py for tasks to queue
[2026-02-01T20:34:08.558+0000] {logging_mixin.py:188} INFO - [2026-02-01T20:34:08.558+0000] {dagbag.py:545} INFO - Filling up the DagBag from /opt/airflow/dags/feature_store.py
[2026-02-01T20:34:11.608+0000] {logging_mixin.py:188} WARNING - /opt/airflow/dags/feature_store.py:64 RemovedInAirflow3Warning: Param `schedule_interval` is deprecated and will be removed in a future release. Please use `schedule` instead.
[2026-02-01T20:34:11.620+0000] {processor.py:840} INFO - DAG(s) 'feature_store_cre' retrieved from /opt/airflow/dags/feature_store.py
[2026-02-01T20:34:11.651+0000] {logging_mixin.py:188} INFO - [2026-02-01T20:34:11.651+0000] {dag.py:3096} INFO - Sync 1 DAGs
[2026-02-01T20:34:11.684+0000] {logging_mixin.py:188} INFO - [2026-02-01T20:34:11.683+0000] {dag.py:3954} INFO - Setting next_dagrun for feature_store_cre to 2026-01-31 00:00:00+00:00, run_after=2026-02-01 00:00:00+00:00
[2026-02-01T20:34:11.717+0000] {processor.py:183} INFO - Processing /opt/airflow/dags/feature_store.py took 3.170 seconds
[2026-02-01T20:34:42.540+0000] {processor.py:161} INFO - Started process (PID=30774) to work on /opt/airflow/dags/feature_store.py
[2026-02-01T20:34:42.543+0000] {processor.py:830} INFO - Processing file /opt/airflow/dags/feature_store.py for tasks to queue
[2026-02-01T20:34:42.544+0000] {logging_mixin.py:188} INFO - [2026-02-01T20:34:42.544+0000] {dagbag.py:545} INFO - Filling up the DagBag from /opt/airflow/dags/feature_store.py
[2026-02-01T20:34:44.813+0000] {logging_mixin.py:188} WARNING - /opt/airflow/dags/feature_store.py:64 RemovedInAirflow3Warning: Param `schedule_interval` is deprecated and will be removed in a future release. Please use `schedule` instead.
[2026-02-01T20:34:44.824+0000] {processor.py:840} INFO - DAG(s) 'feature_store_cre' retrieved from /opt/airflow/dags/feature_store.py
[2026-02-01T20:34:44.859+0000] {logging_mixin.py:188} INFO - [2026-02-01T20:34:44.858+0000] {dag.py:3096} INFO - Sync 1 DAGs
[2026-02-01T20:34:44.891+0000] {logging_mixin.py:188} INFO - [2026-02-01T20:34:44.891+0000] {dag.py:3954} INFO - Setting next_dagrun for feature_store_cre to 2026-01-31 00:00:00+00:00, run_after=2026-02-01 00:00:00+00:00
[2026-02-01T20:34:44.924+0000] {processor.py:183} INFO - Processing /opt/airflow/dags/feature_store.py took 2.388 seconds
[2026-02-01T20:35:15.612+0000] {processor.py:161} INFO - Started process (PID=30821) to work on /opt/airflow/dags/feature_store.py
[2026-02-01T20:35:15.613+0000] {processor.py:830} INFO - Processing file /opt/airflow/dags/feature_store.py for tasks to queue
[2026-02-01T20:35:15.616+0000] {logging_mixin.py:188} INFO - [2026-02-01T20:35:15.616+0000] {dagbag.py:545} INFO - Filling up the DagBag from /opt/airflow/dags/feature_store.py
[2026-02-01T20:35:18.401+0000] {logging_mixin.py:188} WARNING - /opt/airflow/dags/feature_store.py:64 RemovedInAirflow3Warning: Param `schedule_interval` is deprecated and will be removed in a future release. Please use `schedule` instead.
[2026-02-01T20:35:18.406+0000] {processor.py:840} INFO - DAG(s) 'feature_store_cre' retrieved from /opt/airflow/dags/feature_store.py
[2026-02-01T20:35:18.429+0000] {logging_mixin.py:188} INFO - [2026-02-01T20:35:18.429+0000] {dag.py:3096} INFO - Sync 1 DAGs
[2026-02-01T20:35:18.449+0000] {logging_mixin.py:188} INFO - [2026-02-01T20:35:18.449+0000] {dag.py:3954} INFO - Setting next_dagrun for feature_store_cre to 2026-01-31 00:00:00+00:00, run_after=2026-02-01 00:00:00+00:00
[2026-02-01T20:35:18.471+0000] {processor.py:183} INFO - Processing /opt/airflow/dags/feature_store.py took 2.869 seconds
[2026-02-01T20:35:48.848+0000] {processor.py:161} INFO - Started process (PID=30868) to work on /opt/airflow/dags/feature_store.py
[2026-02-01T20:35:48.850+0000] {processor.py:830} INFO - Processing file /opt/airflow/dags/feature_store.py for tasks to queue
[2026-02-01T20:35:48.852+0000] {logging_mixin.py:188} INFO - [2026-02-01T20:35:48.851+0000] {dagbag.py:545} INFO - Filling up the DagBag from /opt/airflow/dags/feature_store.py
[2026-02-01T20:35:50.664+0000] {logging_mixin.py:188} WARNING - /opt/airflow/dags/feature_store.py:64 RemovedInAirflow3Warning: Param `schedule_interval` is deprecated and will be removed in a future release. Please use `schedule` instead.
[2026-02-01T20:35:50.668+0000] {processor.py:840} INFO - DAG(s) 'feature_store_cre' retrieved from /opt/airflow/dags/feature_store.py
[2026-02-01T20:35:50.688+0000] {logging_mixin.py:188} INFO - [2026-02-01T20:35:50.687+0000] {dag.py:3096} INFO - Sync 1 DAGs
[2026-02-01T20:35:50.705+0000] {logging_mixin.py:188} INFO - [2026-02-01T20:35:50.705+0000] {dag.py:3954} INFO - Setting next_dagrun for feature_store_cre to 2026-01-31 00:00:00+00:00, run_after=2026-02-01 00:00:00+00:00
[2026-02-01T20:35:50.723+0000] {processor.py:183} INFO - Processing /opt/airflow/dags/feature_store.py took 1.880 seconds
[2026-02-01T20:36:20.862+0000] {processor.py:161} INFO - Started process (PID=30916) to work on /opt/airflow/dags/feature_store.py
[2026-02-01T20:36:20.863+0000] {processor.py:830} INFO - Processing file /opt/airflow/dags/feature_store.py for tasks to queue
[2026-02-01T20:36:20.866+0000] {logging_mixin.py:188} INFO - [2026-02-01T20:36:20.865+0000] {dagbag.py:545} INFO - Filling up the DagBag from /opt/airflow/dags/feature_store.py
[2026-02-01T20:36:23.023+0000] {logging_mixin.py:188} WARNING - /opt/airflow/dags/feature_store.py:64 RemovedInAirflow3Warning: Param `schedule_interval` is deprecated and will be removed in a future release. Please use `schedule` instead.
[2026-02-01T20:36:23.034+0000] {processor.py:840} INFO - DAG(s) 'feature_store_cre' retrieved from /opt/airflow/dags/feature_store.py
[2026-02-01T20:36:23.062+0000] {logging_mixin.py:188} INFO - [2026-02-01T20:36:23.061+0000] {dag.py:3096} INFO - Sync 1 DAGs
[2026-02-01T20:36:23.082+0000] {logging_mixin.py:188} INFO - [2026-02-01T20:36:23.082+0000] {dag.py:3954} INFO - Setting next_dagrun for feature_store_cre to 2026-01-31 00:00:00+00:00, run_after=2026-02-01 00:00:00+00:00
[2026-02-01T20:36:23.106+0000] {processor.py:183} INFO - Processing /opt/airflow/dags/feature_store.py took 2.250 seconds
[2026-02-01T20:36:53.176+0000] {processor.py:161} INFO - Started process (PID=30957) to work on /opt/airflow/dags/feature_store.py
[2026-02-01T20:36:53.179+0000] {processor.py:830} INFO - Processing file /opt/airflow/dags/feature_store.py for tasks to queue
[2026-02-01T20:36:53.181+0000] {logging_mixin.py:188} INFO - [2026-02-01T20:36:53.181+0000] {dagbag.py:545} INFO - Filling up the DagBag from /opt/airflow/dags/feature_store.py
[2026-02-01T20:36:55.479+0000] {logging_mixin.py:188} WARNING - /opt/airflow/dags/feature_store.py:64 RemovedInAirflow3Warning: Param `schedule_interval` is deprecated and will be removed in a future release. Please use `schedule` instead.
[2026-02-01T20:36:55.489+0000] {processor.py:840} INFO - DAG(s) 'feature_store_cre' retrieved from /opt/airflow/dags/feature_store.py
[2026-02-01T20:36:55.565+0000] {logging_mixin.py:188} INFO - [2026-02-01T20:36:55.564+0000] {dag.py:3096} INFO - Sync 1 DAGs
[2026-02-01T20:36:55.605+0000] {logging_mixin.py:188} INFO - [2026-02-01T20:36:55.605+0000] {dag.py:3954} INFO - Setting next_dagrun for feature_store_cre to 2026-01-31 00:00:00+00:00, run_after=2026-02-01 00:00:00+00:00
[2026-02-01T20:36:55.638+0000] {processor.py:183} INFO - Processing /opt/airflow/dags/feature_store.py took 2.468 seconds
[2026-02-01T20:37:25.822+0000] {processor.py:161} INFO - Started process (PID=31004) to work on /opt/airflow/dags/feature_store.py
[2026-02-01T20:37:25.823+0000] {processor.py:830} INFO - Processing file /opt/airflow/dags/feature_store.py for tasks to queue
[2026-02-01T20:37:25.824+0000] {logging_mixin.py:188} INFO - [2026-02-01T20:37:25.824+0000] {dagbag.py:545} INFO - Filling up the DagBag from /opt/airflow/dags/feature_store.py
[2026-02-01T20:37:27.986+0000] {logging_mixin.py:188} WARNING - /opt/airflow/dags/feature_store.py:64 RemovedInAirflow3Warning: Param `schedule_interval` is deprecated and will be removed in a future release. Please use `schedule` instead.
[2026-02-01T20:37:27.991+0000] {processor.py:840} INFO - DAG(s) 'feature_store_cre' retrieved from /opt/airflow/dags/feature_store.py
[2026-02-01T20:37:28.016+0000] {logging_mixin.py:188} INFO - [2026-02-01T20:37:28.016+0000] {dag.py:3096} INFO - Sync 1 DAGs
[2026-02-01T20:37:28.035+0000] {logging_mixin.py:188} INFO - [2026-02-01T20:37:28.034+0000] {dag.py:3954} INFO - Setting next_dagrun for feature_store_cre to 2026-01-31 00:00:00+00:00, run_after=2026-02-01 00:00:00+00:00
[2026-02-01T20:37:28.060+0000] {processor.py:183} INFO - Processing /opt/airflow/dags/feature_store.py took 2.245 seconds
[2026-02-01T20:37:58.543+0000] {processor.py:161} INFO - Started process (PID=31051) to work on /opt/airflow/dags/feature_store.py
[2026-02-01T20:37:58.547+0000] {processor.py:830} INFO - Processing file /opt/airflow/dags/feature_store.py for tasks to queue
[2026-02-01T20:37:58.560+0000] {logging_mixin.py:188} INFO - [2026-02-01T20:37:58.559+0000] {dagbag.py:545} INFO - Filling up the DagBag from /opt/airflow/dags/feature_store.py
[2026-02-01T20:38:03.562+0000] {logging_mixin.py:188} WARNING - /opt/airflow/dags/feature_store.py:64 RemovedInAirflow3Warning: Param `schedule_interval` is deprecated and will be removed in a future release. Please use `schedule` instead.
[2026-02-01T20:38:03.569+0000] {processor.py:840} INFO - DAG(s) 'feature_store_cre' retrieved from /opt/airflow/dags/feature_store.py
[2026-02-01T20:38:03.608+0000] {logging_mixin.py:188} INFO - [2026-02-01T20:38:03.607+0000] {dag.py:3096} INFO - Sync 1 DAGs
[2026-02-01T20:38:03.647+0000] {logging_mixin.py:188} INFO - [2026-02-01T20:38:03.647+0000] {dag.py:3954} INFO - Setting next_dagrun for feature_store_cre to 2026-01-31 00:00:00+00:00, run_after=2026-02-01 00:00:00+00:00
[2026-02-01T20:38:03.679+0000] {processor.py:183} INFO - Processing /opt/airflow/dags/feature_store.py took 5.192 seconds
[2026-02-01T20:38:34.494+0000] {processor.py:161} INFO - Started process (PID=31105) to work on /opt/airflow/dags/feature_store.py
[2026-02-01T20:38:34.496+0000] {processor.py:830} INFO - Processing file /opt/airflow/dags/feature_store.py for tasks to queue
[2026-02-01T20:38:34.509+0000] {logging_mixin.py:188} INFO - [2026-02-01T20:38:34.508+0000] {dagbag.py:545} INFO - Filling up the DagBag from /opt/airflow/dags/feature_store.py
[2026-02-01T20:38:38.989+0000] {logging_mixin.py:188} WARNING - /opt/airflow/dags/feature_store.py:64 RemovedInAirflow3Warning: Param `schedule_interval` is deprecated and will be removed in a future release. Please use `schedule` instead.
[2026-02-01T20:38:38.995+0000] {processor.py:840} INFO - DAG(s) 'feature_store_cre' retrieved from /opt/airflow/dags/feature_store.py
[2026-02-01T20:38:39.026+0000] {logging_mixin.py:188} INFO - [2026-02-01T20:38:39.025+0000] {dag.py:3096} INFO - Sync 1 DAGs
[2026-02-01T20:38:39.053+0000] {logging_mixin.py:188} INFO - [2026-02-01T20:38:39.053+0000] {dag.py:3954} INFO - Setting next_dagrun for feature_store_cre to 2026-01-31 00:00:00+00:00, run_after=2026-02-01 00:00:00+00:00
[2026-02-01T20:38:39.078+0000] {processor.py:183} INFO - Processing /opt/airflow/dags/feature_store.py took 4.616 seconds
[2026-02-01T20:39:09.129+0000] {processor.py:161} INFO - Started process (PID=31152) to work on /opt/airflow/dags/feature_store.py
[2026-02-01T20:39:09.130+0000] {processor.py:830} INFO - Processing file /opt/airflow/dags/feature_store.py for tasks to queue
[2026-02-01T20:39:09.132+0000] {logging_mixin.py:188} INFO - [2026-02-01T20:39:09.132+0000] {dagbag.py:545} INFO - Filling up the DagBag from /opt/airflow/dags/feature_store.py
[2026-02-01T20:39:11.402+0000] {logging_mixin.py:188} WARNING - /opt/airflow/dags/feature_store.py:64 RemovedInAirflow3Warning: Param `schedule_interval` is deprecated and will be removed in a future release. Please use `schedule` instead.
[2026-02-01T20:39:11.409+0000] {processor.py:840} INFO - DAG(s) 'feature_store_cre' retrieved from /opt/airflow/dags/feature_store.py
[2026-02-01T20:39:11.442+0000] {logging_mixin.py:188} INFO - [2026-02-01T20:39:11.441+0000] {dag.py:3096} INFO - Sync 1 DAGs
[2026-02-01T20:39:11.466+0000] {logging_mixin.py:188} INFO - [2026-02-01T20:39:11.465+0000] {dag.py:3954} INFO - Setting next_dagrun for feature_store_cre to 2026-01-31 00:00:00+00:00, run_after=2026-02-01 00:00:00+00:00
[2026-02-01T20:39:11.498+0000] {processor.py:183} INFO - Processing /opt/airflow/dags/feature_store.py took 2.376 seconds
[2026-02-01T20:39:42.161+0000] {processor.py:161} INFO - Started process (PID=31199) to work on /opt/airflow/dags/feature_store.py
[2026-02-01T20:39:42.163+0000] {processor.py:830} INFO - Processing file /opt/airflow/dags/feature_store.py for tasks to queue
[2026-02-01T20:39:42.165+0000] {logging_mixin.py:188} INFO - [2026-02-01T20:39:42.165+0000] {dagbag.py:545} INFO - Filling up the DagBag from /opt/airflow/dags/feature_store.py
[2026-02-01T20:39:44.676+0000] {logging_mixin.py:188} WARNING - /opt/airflow/dags/feature_store.py:64 RemovedInAirflow3Warning: Param `schedule_interval` is deprecated and will be removed in a future release. Please use `schedule` instead.
[2026-02-01T20:39:44.681+0000] {processor.py:840} INFO - DAG(s) 'feature_store_cre' retrieved from /opt/airflow/dags/feature_store.py
[2026-02-01T20:39:44.706+0000] {logging_mixin.py:188} INFO - [2026-02-01T20:39:44.706+0000] {dag.py:3096} INFO - Sync 1 DAGs
[2026-02-01T20:39:44.726+0000] {logging_mixin.py:188} INFO - [2026-02-01T20:39:44.725+0000] {dag.py:3954} INFO - Setting next_dagrun for feature_store_cre to 2026-01-31 00:00:00+00:00, run_after=2026-02-01 00:00:00+00:00
[2026-02-01T20:39:44.748+0000] {processor.py:183} INFO - Processing /opt/airflow/dags/feature_store.py took 2.593 seconds
[2026-02-01T20:40:15.028+0000] {processor.py:161} INFO - Started process (PID=31247) to work on /opt/airflow/dags/feature_store.py
[2026-02-01T20:40:15.029+0000] {processor.py:830} INFO - Processing file /opt/airflow/dags/feature_store.py for tasks to queue
[2026-02-01T20:40:15.031+0000] {logging_mixin.py:188} INFO - [2026-02-01T20:40:15.031+0000] {dagbag.py:545} INFO - Filling up the DagBag from /opt/airflow/dags/feature_store.py
[2026-02-01T20:40:17.750+0000] {logging_mixin.py:188} WARNING - /opt/airflow/dags/feature_store.py:64 RemovedInAirflow3Warning: Param `schedule_interval` is deprecated and will be removed in a future release. Please use `schedule` instead.
[2026-02-01T20:40:17.758+0000] {processor.py:840} INFO - DAG(s) 'feature_store_cre' retrieved from /opt/airflow/dags/feature_store.py
[2026-02-01T20:40:17.779+0000] {logging_mixin.py:188} INFO - [2026-02-01T20:40:17.779+0000] {dag.py:3096} INFO - Sync 1 DAGs
[2026-02-01T20:40:17.801+0000] {logging_mixin.py:188} INFO - [2026-02-01T20:40:17.801+0000] {dag.py:3954} INFO - Setting next_dagrun for feature_store_cre to 2026-01-31 00:00:00+00:00, run_after=2026-02-01 00:00:00+00:00
[2026-02-01T20:40:17.826+0000] {processor.py:183} INFO - Processing /opt/airflow/dags/feature_store.py took 2.804 seconds
[2026-02-01T20:40:47.976+0000] {processor.py:161} INFO - Started process (PID=31289) to work on /opt/airflow/dags/feature_store.py
[2026-02-01T20:40:47.978+0000] {processor.py:830} INFO - Processing file /opt/airflow/dags/feature_store.py for tasks to queue
[2026-02-01T20:40:47.980+0000] {logging_mixin.py:188} INFO - [2026-02-01T20:40:47.980+0000] {dagbag.py:545} INFO - Filling up the DagBag from /opt/airflow/dags/feature_store.py
[2026-02-01T20:40:50.704+0000] {logging_mixin.py:188} WARNING - /opt/airflow/dags/feature_store.py:64 RemovedInAirflow3Warning: Param `schedule_interval` is deprecated and will be removed in a future release. Please use `schedule` instead.
[2026-02-01T20:40:50.709+0000] {processor.py:840} INFO - DAG(s) 'feature_store_cre' retrieved from /opt/airflow/dags/feature_store.py
[2026-02-01T20:40:50.734+0000] {logging_mixin.py:188} INFO - [2026-02-01T20:40:50.733+0000] {dag.py:3096} INFO - Sync 1 DAGs
[2026-02-01T20:40:50.760+0000] {logging_mixin.py:188} INFO - [2026-02-01T20:40:50.760+0000] {dag.py:3954} INFO - Setting next_dagrun for feature_store_cre to 2026-01-31 00:00:00+00:00, run_after=2026-02-01 00:00:00+00:00
[2026-02-01T20:40:50.781+0000] {processor.py:183} INFO - Processing /opt/airflow/dags/feature_store.py took 2.819 seconds
[2026-02-01T20:41:21.109+0000] {processor.py:161} INFO - Started process (PID=31324) to work on /opt/airflow/dags/feature_store.py
[2026-02-01T20:41:21.112+0000] {processor.py:830} INFO - Processing file /opt/airflow/dags/feature_store.py for tasks to queue
[2026-02-01T20:41:21.115+0000] {logging_mixin.py:188} INFO - [2026-02-01T20:41:21.115+0000] {dagbag.py:545} INFO - Filling up the DagBag from /opt/airflow/dags/feature_store.py
[2026-02-01T20:41:24.435+0000] {logging_mixin.py:188} WARNING - /opt/airflow/dags/feature_store.py:64 RemovedInAirflow3Warning: Param `schedule_interval` is deprecated and will be removed in a future release. Please use `schedule` instead.
[2026-02-01T20:41:24.444+0000] {processor.py:840} INFO - DAG(s) 'feature_store_cre' retrieved from /opt/airflow/dags/feature_store.py
[2026-02-01T20:41:24.484+0000] {logging_mixin.py:188} INFO - [2026-02-01T20:41:24.483+0000] {dag.py:3096} INFO - Sync 1 DAGs
[2026-02-01T20:41:24.521+0000] {logging_mixin.py:188} INFO - [2026-02-01T20:41:24.521+0000] {dag.py:3954} INFO - Setting next_dagrun for feature_store_cre to 2026-01-31 00:00:00+00:00, run_after=2026-02-01 00:00:00+00:00
[2026-02-01T20:41:24.554+0000] {processor.py:183} INFO - Processing /opt/airflow/dags/feature_store.py took 3.468 seconds
[2026-02-01T20:41:54.814+0000] {processor.py:161} INFO - Started process (PID=31367) to work on /opt/airflow/dags/feature_store.py
[2026-02-01T20:41:54.816+0000] {processor.py:830} INFO - Processing file /opt/airflow/dags/feature_store.py for tasks to queue
[2026-02-01T20:41:54.821+0000] {logging_mixin.py:188} INFO - [2026-02-01T20:41:54.820+0000] {dagbag.py:545} INFO - Filling up the DagBag from /opt/airflow/dags/feature_store.py
[2026-02-01T20:42:00.287+0000] {logging_mixin.py:188} WARNING - /opt/airflow/dags/feature_store.py:64 RemovedInAirflow3Warning: Param `schedule_interval` is deprecated and will be removed in a future release. Please use `schedule` instead.
[2026-02-01T20:42:00.300+0000] {processor.py:840} INFO - DAG(s) 'feature_store_cre' retrieved from /opt/airflow/dags/feature_store.py
[2026-02-01T20:42:00.350+0000] {logging_mixin.py:188} INFO - [2026-02-01T20:42:00.350+0000] {dag.py:3096} INFO - Sync 1 DAGs
[2026-02-01T20:42:00.387+0000] {logging_mixin.py:188} INFO - [2026-02-01T20:42:00.387+0000] {dag.py:3954} INFO - Setting next_dagrun for feature_store_cre to 2026-01-31 00:00:00+00:00, run_after=2026-02-01 00:00:00+00:00
[2026-02-01T20:42:00.429+0000] {processor.py:183} INFO - Processing /opt/airflow/dags/feature_store.py took 5.628 seconds
[2026-02-01T20:42:31.109+0000] {processor.py:161} INFO - Started process (PID=31414) to work on /opt/airflow/dags/feature_store.py
[2026-02-01T20:42:31.110+0000] {processor.py:830} INFO - Processing file /opt/airflow/dags/feature_store.py for tasks to queue
[2026-02-01T20:42:31.112+0000] {logging_mixin.py:188} INFO - [2026-02-01T20:42:31.112+0000] {dagbag.py:545} INFO - Filling up the DagBag from /opt/airflow/dags/feature_store.py
[2026-02-01T20:42:33.559+0000] {logging_mixin.py:188} WARNING - /opt/airflow/dags/feature_store.py:64 RemovedInAirflow3Warning: Param `schedule_interval` is deprecated and will be removed in a future release. Please use `schedule` instead.
[2026-02-01T20:42:33.568+0000] {processor.py:840} INFO - DAG(s) 'feature_store_cre' retrieved from /opt/airflow/dags/feature_store.py
[2026-02-01T20:42:33.610+0000] {logging_mixin.py:188} INFO - [2026-02-01T20:42:33.608+0000] {dag.py:3096} INFO - Sync 1 DAGs
[2026-02-01T20:42:33.664+0000] {logging_mixin.py:188} INFO - [2026-02-01T20:42:33.663+0000] {dag.py:3954} INFO - Setting next_dagrun for feature_store_cre to 2026-01-31 00:00:00+00:00, run_after=2026-02-01 00:00:00+00:00
[2026-02-01T20:42:33.706+0000] {processor.py:183} INFO - Processing /opt/airflow/dags/feature_store.py took 2.603 seconds
[2026-02-01T20:43:04.564+0000] {processor.py:161} INFO - Started process (PID=31461) to work on /opt/airflow/dags/feature_store.py
[2026-02-01T20:43:04.566+0000] {processor.py:830} INFO - Processing file /opt/airflow/dags/feature_store.py for tasks to queue
[2026-02-01T20:43:04.569+0000] {logging_mixin.py:188} INFO - [2026-02-01T20:43:04.569+0000] {dagbag.py:545} INFO - Filling up the DagBag from /opt/airflow/dags/feature_store.py
[2026-02-01T20:43:08.041+0000] {logging_mixin.py:188} WARNING - /opt/airflow/dags/feature_store.py:64 RemovedInAirflow3Warning: Param `schedule_interval` is deprecated and will be removed in a future release. Please use `schedule` instead.
[2026-02-01T20:43:08.068+0000] {processor.py:840} INFO - DAG(s) 'feature_store_cre' retrieved from /opt/airflow/dags/feature_store.py
[2026-02-01T20:43:08.180+0000] {logging_mixin.py:188} INFO - [2026-02-01T20:43:08.179+0000] {dag.py:3096} INFO - Sync 1 DAGs
[2026-02-01T20:43:08.299+0000] {logging_mixin.py:188} INFO - [2026-02-01T20:43:08.299+0000] {dag.py:3954} INFO - Setting next_dagrun for feature_store_cre to 2026-01-31 00:00:00+00:00, run_after=2026-02-01 00:00:00+00:00
[2026-02-01T20:43:08.417+0000] {processor.py:183} INFO - Processing /opt/airflow/dags/feature_store.py took 3.851 seconds
[2026-02-01T20:43:38.623+0000] {processor.py:161} INFO - Started process (PID=31508) to work on /opt/airflow/dags/feature_store.py
[2026-02-01T20:43:38.624+0000] {processor.py:830} INFO - Processing file /opt/airflow/dags/feature_store.py for tasks to queue
[2026-02-01T20:43:38.628+0000] {logging_mixin.py:188} INFO - [2026-02-01T20:43:38.627+0000] {dagbag.py:545} INFO - Filling up the DagBag from /opt/airflow/dags/feature_store.py
[2026-02-01T20:43:40.743+0000] {logging_mixin.py:188} WARNING - /opt/airflow/dags/feature_store.py:64 RemovedInAirflow3Warning: Param `schedule_interval` is deprecated and will be removed in a future release. Please use `schedule` instead.
[2026-02-01T20:43:40.748+0000] {processor.py:840} INFO - DAG(s) 'feature_store_cre' retrieved from /opt/airflow/dags/feature_store.py
[2026-02-01T20:43:40.769+0000] {logging_mixin.py:188} INFO - [2026-02-01T20:43:40.768+0000] {dag.py:3096} INFO - Sync 1 DAGs
[2026-02-01T20:43:40.788+0000] {logging_mixin.py:188} INFO - [2026-02-01T20:43:40.788+0000] {dag.py:3954} INFO - Setting next_dagrun for feature_store_cre to 2026-01-31 00:00:00+00:00, run_after=2026-02-01 00:00:00+00:00
[2026-02-01T20:43:40.812+0000] {processor.py:183} INFO - Processing /opt/airflow/dags/feature_store.py took 2.196 seconds
[2026-02-01T20:44:11.293+0000] {processor.py:161} INFO - Started process (PID=31555) to work on /opt/airflow/dags/feature_store.py
[2026-02-01T20:44:11.295+0000] {processor.py:830} INFO - Processing file /opt/airflow/dags/feature_store.py for tasks to queue
[2026-02-01T20:44:11.297+0000] {logging_mixin.py:188} INFO - [2026-02-01T20:44:11.296+0000] {dagbag.py:545} INFO - Filling up the DagBag from /opt/airflow/dags/feature_store.py
[2026-02-01T20:44:13.725+0000] {logging_mixin.py:188} WARNING - /opt/airflow/dags/feature_store.py:64 RemovedInAirflow3Warning: Param `schedule_interval` is deprecated and will be removed in a future release. Please use `schedule` instead.
[2026-02-01T20:44:13.730+0000] {processor.py:840} INFO - DAG(s) 'feature_store_cre' retrieved from /opt/airflow/dags/feature_store.py
[2026-02-01T20:44:13.757+0000] {logging_mixin.py:188} INFO - [2026-02-01T20:44:13.757+0000] {dag.py:3096} INFO - Sync 1 DAGs
[2026-02-01T20:44:13.785+0000] {logging_mixin.py:188} INFO - [2026-02-01T20:44:13.784+0000] {dag.py:3954} INFO - Setting next_dagrun for feature_store_cre to 2026-01-31 00:00:00+00:00, run_after=2026-02-01 00:00:00+00:00
[2026-02-01T20:44:13.812+0000] {processor.py:183} INFO - Processing /opt/airflow/dags/feature_store.py took 2.524 seconds
[2026-02-01T20:44:43.975+0000] {processor.py:161} INFO - Started process (PID=31602) to work on /opt/airflow/dags/feature_store.py
[2026-02-01T20:44:43.976+0000] {processor.py:830} INFO - Processing file /opt/airflow/dags/feature_store.py for tasks to queue
[2026-02-01T20:44:43.977+0000] {logging_mixin.py:188} INFO - [2026-02-01T20:44:43.977+0000] {dagbag.py:545} INFO - Filling up the DagBag from /opt/airflow/dags/feature_store.py
[2026-02-01T20:44:46.174+0000] {logging_mixin.py:188} WARNING - /opt/airflow/dags/feature_store.py:64 RemovedInAirflow3Warning: Param `schedule_interval` is deprecated and will be removed in a future release. Please use `schedule` instead.
[2026-02-01T20:44:46.187+0000] {processor.py:840} INFO - DAG(s) 'feature_store_cre' retrieved from /opt/airflow/dags/feature_store.py
[2026-02-01T20:44:46.212+0000] {logging_mixin.py:188} INFO - [2026-02-01T20:44:46.212+0000] {dag.py:3096} INFO - Sync 1 DAGs
[2026-02-01T20:44:46.233+0000] {logging_mixin.py:188} INFO - [2026-02-01T20:44:46.233+0000] {dag.py:3954} INFO - Setting next_dagrun for feature_store_cre to 2026-01-31 00:00:00+00:00, run_after=2026-02-01 00:00:00+00:00
[2026-02-01T20:44:46.258+0000] {processor.py:183} INFO - Processing /opt/airflow/dags/feature_store.py took 2.287 seconds
[2026-02-01T20:45:16.878+0000] {processor.py:161} INFO - Started process (PID=31631) to work on /opt/airflow/dags/feature_store.py
[2026-02-01T20:45:16.882+0000] {processor.py:830} INFO - Processing file /opt/airflow/dags/feature_store.py for tasks to queue
[2026-02-01T20:45:16.898+0000] {logging_mixin.py:188} INFO - [2026-02-01T20:45:16.897+0000] {dagbag.py:545} INFO - Filling up the DagBag from /opt/airflow/dags/feature_store.py
[2026-02-01T20:45:20.941+0000] {logging_mixin.py:188} WARNING - /opt/airflow/dags/feature_store.py:64 RemovedInAirflow3Warning: Param `schedule_interval` is deprecated and will be removed in a future release. Please use `schedule` instead.
[2026-02-01T20:45:20.949+0000] {processor.py:840} INFO - DAG(s) 'feature_store_cre' retrieved from /opt/airflow/dags/feature_store.py
[2026-02-01T20:45:20.981+0000] {logging_mixin.py:188} INFO - [2026-02-01T20:45:20.980+0000] {dag.py:3096} INFO - Sync 1 DAGs
[2026-02-01T20:45:21.004+0000] {logging_mixin.py:188} INFO - [2026-02-01T20:45:21.004+0000] {dag.py:3954} INFO - Setting next_dagrun for feature_store_cre to 2026-01-31 00:00:00+00:00, run_after=2026-02-01 00:00:00+00:00
[2026-02-01T20:45:21.034+0000] {processor.py:183} INFO - Processing /opt/airflow/dags/feature_store.py took 4.187 seconds
[2026-02-01T20:45:51.512+0000] {processor.py:161} INFO - Started process (PID=31674) to work on /opt/airflow/dags/feature_store.py
[2026-02-01T20:45:51.513+0000] {processor.py:830} INFO - Processing file /opt/airflow/dags/feature_store.py for tasks to queue
[2026-02-01T20:45:51.515+0000] {logging_mixin.py:188} INFO - [2026-02-01T20:45:51.514+0000] {dagbag.py:545} INFO - Filling up the DagBag from /opt/airflow/dags/feature_store.py
[2026-02-01T20:45:55.694+0000] {logging_mixin.py:188} WARNING - /opt/airflow/dags/feature_store.py:64 RemovedInAirflow3Warning: Param `schedule_interval` is deprecated and will be removed in a future release. Please use `schedule` instead.
[2026-02-01T20:45:55.706+0000] {processor.py:840} INFO - DAG(s) 'feature_store_cre' retrieved from /opt/airflow/dags/feature_store.py
[2026-02-01T20:45:55.759+0000] {logging_mixin.py:188} INFO - [2026-02-01T20:45:55.758+0000] {dag.py:3096} INFO - Sync 1 DAGs
[2026-02-01T20:45:55.801+0000] {logging_mixin.py:188} INFO - [2026-02-01T20:45:55.801+0000] {dag.py:3954} INFO - Setting next_dagrun for feature_store_cre to 2026-01-31 00:00:00+00:00, run_after=2026-02-01 00:00:00+00:00
[2026-02-01T20:45:55.846+0000] {processor.py:183} INFO - Processing /opt/airflow/dags/feature_store.py took 4.341 seconds
[2026-02-01T20:46:25.998+0000] {processor.py:161} INFO - Started process (PID=31721) to work on /opt/airflow/dags/feature_store.py
[2026-02-01T20:46:26.001+0000] {processor.py:830} INFO - Processing file /opt/airflow/dags/feature_store.py for tasks to queue
[2026-02-01T20:46:26.002+0000] {logging_mixin.py:188} INFO - [2026-02-01T20:46:26.002+0000] {dagbag.py:545} INFO - Filling up the DagBag from /opt/airflow/dags/feature_store.py
[2026-02-01T20:46:27.923+0000] {logging_mixin.py:188} WARNING - /opt/airflow/dags/feature_store.py:64 RemovedInAirflow3Warning: Param `schedule_interval` is deprecated and will be removed in a future release. Please use `schedule` instead.
[2026-02-01T20:46:27.928+0000] {processor.py:840} INFO - DAG(s) 'feature_store_cre' retrieved from /opt/airflow/dags/feature_store.py
[2026-02-01T20:46:27.949+0000] {logging_mixin.py:188} INFO - [2026-02-01T20:46:27.949+0000] {dag.py:3096} INFO - Sync 1 DAGs
[2026-02-01T20:46:27.965+0000] {logging_mixin.py:188} INFO - [2026-02-01T20:46:27.965+0000] {dag.py:3954} INFO - Setting next_dagrun for feature_store_cre to 2026-01-31 00:00:00+00:00, run_after=2026-02-01 00:00:00+00:00
[2026-02-01T20:46:27.982+0000] {processor.py:183} INFO - Processing /opt/airflow/dags/feature_store.py took 1.992 seconds
[2026-02-01T20:46:58.530+0000] {processor.py:161} INFO - Started process (PID=31768) to work on /opt/airflow/dags/feature_store.py
[2026-02-01T20:46:58.530+0000] {processor.py:830} INFO - Processing file /opt/airflow/dags/feature_store.py for tasks to queue
[2026-02-01T20:46:58.532+0000] {logging_mixin.py:188} INFO - [2026-02-01T20:46:58.532+0000] {dagbag.py:545} INFO - Filling up the DagBag from /opt/airflow/dags/feature_store.py
[2026-02-01T20:47:00.864+0000] {logging_mixin.py:188} WARNING - /opt/airflow/dags/feature_store.py:64 RemovedInAirflow3Warning: Param `schedule_interval` is deprecated and will be removed in a future release. Please use `schedule` instead.
[2026-02-01T20:47:00.872+0000] {processor.py:840} INFO - DAG(s) 'feature_store_cre' retrieved from /opt/airflow/dags/feature_store.py
[2026-02-01T20:47:00.916+0000] {logging_mixin.py:188} INFO - [2026-02-01T20:47:00.915+0000] {dag.py:3096} INFO - Sync 1 DAGs
[2026-02-01T20:47:00.940+0000] {logging_mixin.py:188} INFO - [2026-02-01T20:47:00.940+0000] {dag.py:3954} INFO - Setting next_dagrun for feature_store_cre to 2026-01-31 00:00:00+00:00, run_after=2026-02-01 00:00:00+00:00
[2026-02-01T20:47:00.972+0000] {processor.py:183} INFO - Processing /opt/airflow/dags/feature_store.py took 2.448 seconds
[2026-02-01T20:47:31.305+0000] {processor.py:161} INFO - Started process (PID=31815) to work on /opt/airflow/dags/feature_store.py
[2026-02-01T20:47:31.309+0000] {processor.py:830} INFO - Processing file /opt/airflow/dags/feature_store.py for tasks to queue
[2026-02-01T20:47:31.310+0000] {logging_mixin.py:188} INFO - [2026-02-01T20:47:31.310+0000] {dagbag.py:545} INFO - Filling up the DagBag from /opt/airflow/dags/feature_store.py
[2026-02-01T20:47:33.409+0000] {logging_mixin.py:188} WARNING - /opt/airflow/dags/feature_store.py:64 RemovedInAirflow3Warning: Param `schedule_interval` is deprecated and will be removed in a future release. Please use `schedule` instead.
[2026-02-01T20:47:33.415+0000] {processor.py:840} INFO - DAG(s) 'feature_store_cre' retrieved from /opt/airflow/dags/feature_store.py
[2026-02-01T20:47:33.441+0000] {logging_mixin.py:188} INFO - [2026-02-01T20:47:33.440+0000] {dag.py:3096} INFO - Sync 1 DAGs
[2026-02-01T20:47:33.462+0000] {logging_mixin.py:188} INFO - [2026-02-01T20:47:33.461+0000] {dag.py:3954} INFO - Setting next_dagrun for feature_store_cre to 2026-01-31 00:00:00+00:00, run_after=2026-02-01 00:00:00+00:00
[2026-02-01T20:47:33.481+0000] {processor.py:183} INFO - Processing /opt/airflow/dags/feature_store.py took 2.181 seconds
[2026-02-01T20:48:03.988+0000] {processor.py:161} INFO - Started process (PID=31862) to work on /opt/airflow/dags/feature_store.py
[2026-02-01T20:48:03.988+0000] {processor.py:830} INFO - Processing file /opt/airflow/dags/feature_store.py for tasks to queue
[2026-02-01T20:48:03.990+0000] {logging_mixin.py:188} INFO - [2026-02-01T20:48:03.989+0000] {dagbag.py:545} INFO - Filling up the DagBag from /opt/airflow/dags/feature_store.py
[2026-02-01T20:48:06.643+0000] {logging_mixin.py:188} WARNING - /opt/airflow/dags/feature_store.py:64 RemovedInAirflow3Warning: Param `schedule_interval` is deprecated and will be removed in a future release. Please use `schedule` instead.
[2026-02-01T20:48:06.650+0000] {processor.py:840} INFO - DAG(s) 'feature_store_cre' retrieved from /opt/airflow/dags/feature_store.py
[2026-02-01T20:48:06.673+0000] {logging_mixin.py:188} INFO - [2026-02-01T20:48:06.673+0000] {dag.py:3096} INFO - Sync 1 DAGs
[2026-02-01T20:48:06.692+0000] {logging_mixin.py:188} INFO - [2026-02-01T20:48:06.692+0000] {dag.py:3954} INFO - Setting next_dagrun for feature_store_cre to 2026-01-31 00:00:00+00:00, run_after=2026-02-01 00:00:00+00:00
[2026-02-01T20:48:06.714+0000] {processor.py:183} INFO - Processing /opt/airflow/dags/feature_store.py took 2.732 seconds
[2026-02-01T20:48:37.146+0000] {processor.py:161} INFO - Started process (PID=31909) to work on /opt/airflow/dags/feature_store.py
[2026-02-01T20:48:37.147+0000] {processor.py:830} INFO - Processing file /opt/airflow/dags/feature_store.py for tasks to queue
[2026-02-01T20:48:37.150+0000] {logging_mixin.py:188} INFO - [2026-02-01T20:48:37.150+0000] {dagbag.py:545} INFO - Filling up the DagBag from /opt/airflow/dags/feature_store.py
[2026-02-01T20:48:39.090+0000] {logging_mixin.py:188} WARNING - /opt/airflow/dags/feature_store.py:64 RemovedInAirflow3Warning: Param `schedule_interval` is deprecated and will be removed in a future release. Please use `schedule` instead.
[2026-02-01T20:48:39.096+0000] {processor.py:840} INFO - DAG(s) 'feature_store_cre' retrieved from /opt/airflow/dags/feature_store.py
[2026-02-01T20:48:39.124+0000] {logging_mixin.py:188} INFO - [2026-02-01T20:48:39.123+0000] {dag.py:3096} INFO - Sync 1 DAGs
[2026-02-01T20:48:39.146+0000] {logging_mixin.py:188} INFO - [2026-02-01T20:48:39.145+0000] {dag.py:3954} INFO - Setting next_dagrun for feature_store_cre to 2026-01-31 00:00:00+00:00, run_after=2026-02-01 00:00:00+00:00
[2026-02-01T20:48:39.179+0000] {processor.py:183} INFO - Processing /opt/airflow/dags/feature_store.py took 2.038 seconds
[2026-02-01T20:49:09.671+0000] {processor.py:161} INFO - Started process (PID=31956) to work on /opt/airflow/dags/feature_store.py
[2026-02-01T20:49:09.675+0000] {processor.py:830} INFO - Processing file /opt/airflow/dags/feature_store.py for tasks to queue
[2026-02-01T20:49:09.679+0000] {logging_mixin.py:188} INFO - [2026-02-01T20:49:09.678+0000] {dagbag.py:545} INFO - Filling up the DagBag from /opt/airflow/dags/feature_store.py
[2026-02-01T20:49:13.875+0000] {logging_mixin.py:188} WARNING - /opt/airflow/dags/feature_store.py:64 RemovedInAirflow3Warning: Param `schedule_interval` is deprecated and will be removed in a future release. Please use `schedule` instead.
[2026-02-01T20:49:13.884+0000] {processor.py:840} INFO - DAG(s) 'feature_store_cre' retrieved from /opt/airflow/dags/feature_store.py
[2026-02-01T20:49:13.919+0000] {logging_mixin.py:188} INFO - [2026-02-01T20:49:13.919+0000] {dag.py:3096} INFO - Sync 1 DAGs
[2026-02-01T20:49:13.949+0000] {logging_mixin.py:188} INFO - [2026-02-01T20:49:13.948+0000] {dag.py:3954} INFO - Setting next_dagrun for feature_store_cre to 2026-01-31 00:00:00+00:00, run_after=2026-02-01 00:00:00+00:00
[2026-02-01T20:49:13.984+0000] {processor.py:183} INFO - Processing /opt/airflow/dags/feature_store.py took 4.322 seconds
[2026-02-01T20:49:44.037+0000] {processor.py:161} INFO - Started process (PID=32003) to work on /opt/airflow/dags/feature_store.py
[2026-02-01T20:49:44.037+0000] {processor.py:830} INFO - Processing file /opt/airflow/dags/feature_store.py for tasks to queue
[2026-02-01T20:49:44.039+0000] {logging_mixin.py:188} INFO - [2026-02-01T20:49:44.039+0000] {dagbag.py:545} INFO - Filling up the DagBag from /opt/airflow/dags/feature_store.py
[2026-02-01T20:49:46.512+0000] {logging_mixin.py:188} WARNING - /opt/airflow/dags/feature_store.py:64 RemovedInAirflow3Warning: Param `schedule_interval` is deprecated and will be removed in a future release. Please use `schedule` instead.
[2026-02-01T20:49:46.517+0000] {processor.py:840} INFO - DAG(s) 'feature_store_cre' retrieved from /opt/airflow/dags/feature_store.py
[2026-02-01T20:49:46.555+0000] {logging_mixin.py:188} INFO - [2026-02-01T20:49:46.554+0000] {dag.py:3096} INFO - Sync 1 DAGs
[2026-02-01T20:49:46.583+0000] {logging_mixin.py:188} INFO - [2026-02-01T20:49:46.582+0000] {dag.py:3954} INFO - Setting next_dagrun for feature_store_cre to 2026-01-31 00:00:00+00:00, run_after=2026-02-01 00:00:00+00:00
[2026-02-01T20:49:46.616+0000] {processor.py:183} INFO - Processing /opt/airflow/dags/feature_store.py took 2.584 seconds
[2026-02-01T20:50:17.194+0000] {processor.py:161} INFO - Started process (PID=32050) to work on /opt/airflow/dags/feature_store.py
[2026-02-01T20:50:17.195+0000] {processor.py:830} INFO - Processing file /opt/airflow/dags/feature_store.py for tasks to queue
[2026-02-01T20:50:17.197+0000] {logging_mixin.py:188} INFO - [2026-02-01T20:50:17.197+0000] {dagbag.py:545} INFO - Filling up the DagBag from /opt/airflow/dags/feature_store.py
[2026-02-01T20:50:19.177+0000] {logging_mixin.py:188} WARNING - /opt/airflow/dags/feature_store.py:64 RemovedInAirflow3Warning: Param `schedule_interval` is deprecated and will be removed in a future release. Please use `schedule` instead.
[2026-02-01T20:50:19.182+0000] {processor.py:840} INFO - DAG(s) 'feature_store_cre' retrieved from /opt/airflow/dags/feature_store.py
[2026-02-01T20:50:19.205+0000] {logging_mixin.py:188} INFO - [2026-02-01T20:50:19.204+0000] {dag.py:3096} INFO - Sync 1 DAGs
[2026-02-01T20:50:19.224+0000] {logging_mixin.py:188} INFO - [2026-02-01T20:50:19.224+0000] {dag.py:3954} INFO - Setting next_dagrun for feature_store_cre to 2026-01-31 00:00:00+00:00, run_after=2026-02-01 00:00:00+00:00
[2026-02-01T20:50:19.251+0000] {processor.py:183} INFO - Processing /opt/airflow/dags/feature_store.py took 2.064 seconds
[2026-02-01T20:50:49.881+0000] {processor.py:161} INFO - Started process (PID=32097) to work on /opt/airflow/dags/feature_store.py
[2026-02-01T20:50:49.884+0000] {processor.py:830} INFO - Processing file /opt/airflow/dags/feature_store.py for tasks to queue
[2026-02-01T20:50:49.886+0000] {logging_mixin.py:188} INFO - [2026-02-01T20:50:49.885+0000] {dagbag.py:545} INFO - Filling up the DagBag from /opt/airflow/dags/feature_store.py
[2026-02-01T20:50:51.835+0000] {logging_mixin.py:188} WARNING - /opt/airflow/dags/feature_store.py:64 RemovedInAirflow3Warning: Param `schedule_interval` is deprecated and will be removed in a future release. Please use `schedule` instead.
[2026-02-01T20:50:51.841+0000] {processor.py:840} INFO - DAG(s) 'feature_store_cre' retrieved from /opt/airflow/dags/feature_store.py
[2026-02-01T20:50:51.862+0000] {logging_mixin.py:188} INFO - [2026-02-01T20:50:51.862+0000] {dag.py:3096} INFO - Sync 1 DAGs
[2026-02-01T20:50:51.884+0000] {logging_mixin.py:188} INFO - [2026-02-01T20:50:51.884+0000] {dag.py:3954} INFO - Setting next_dagrun for feature_store_cre to 2026-01-31 00:00:00+00:00, run_after=2026-02-01 00:00:00+00:00
[2026-02-01T20:50:51.906+0000] {processor.py:183} INFO - Processing /opt/airflow/dags/feature_store.py took 2.030 seconds
[2026-02-01T20:51:22.576+0000] {processor.py:161} INFO - Started process (PID=32138) to work on /opt/airflow/dags/feature_store.py
[2026-02-01T20:51:22.577+0000] {processor.py:830} INFO - Processing file /opt/airflow/dags/feature_store.py for tasks to queue
[2026-02-01T20:51:22.580+0000] {logging_mixin.py:188} INFO - [2026-02-01T20:51:22.580+0000] {dagbag.py:545} INFO - Filling up the DagBag from /opt/airflow/dags/feature_store.py
[2026-02-01T20:51:25.143+0000] {logging_mixin.py:188} WARNING - /opt/airflow/dags/feature_store.py:64 RemovedInAirflow3Warning: Param `schedule_interval` is deprecated and will be removed in a future release. Please use `schedule` instead.
[2026-02-01T20:51:25.147+0000] {processor.py:840} INFO - DAG(s) 'feature_store_cre' retrieved from /opt/airflow/dags/feature_store.py
[2026-02-01T20:51:25.169+0000] {logging_mixin.py:188} INFO - [2026-02-01T20:51:25.169+0000] {dag.py:3096} INFO - Sync 1 DAGs
[2026-02-01T20:51:25.188+0000] {logging_mixin.py:188} INFO - [2026-02-01T20:51:25.188+0000] {dag.py:3954} INFO - Setting next_dagrun for feature_store_cre to 2026-01-31 00:00:00+00:00, run_after=2026-02-01 00:00:00+00:00
[2026-02-01T20:51:25.212+0000] {processor.py:183} INFO - Processing /opt/airflow/dags/feature_store.py took 2.643 seconds
[2026-02-01T20:51:56.028+0000] {processor.py:161} INFO - Started process (PID=32185) to work on /opt/airflow/dags/feature_store.py
[2026-02-01T20:51:56.031+0000] {processor.py:830} INFO - Processing file /opt/airflow/dags/feature_store.py for tasks to queue
[2026-02-01T20:51:56.033+0000] {logging_mixin.py:188} INFO - [2026-02-01T20:51:56.033+0000] {dagbag.py:545} INFO - Filling up the DagBag from /opt/airflow/dags/feature_store.py
[2026-02-01T20:51:58.258+0000] {logging_mixin.py:188} WARNING - /opt/airflow/dags/feature_store.py:64 RemovedInAirflow3Warning: Param `schedule_interval` is deprecated and will be removed in a future release. Please use `schedule` instead.
[2026-02-01T20:51:58.263+0000] {processor.py:840} INFO - DAG(s) 'feature_store_cre' retrieved from /opt/airflow/dags/feature_store.py
[2026-02-01T20:51:58.286+0000] {logging_mixin.py:188} INFO - [2026-02-01T20:51:58.285+0000] {dag.py:3096} INFO - Sync 1 DAGs
[2026-02-01T20:51:58.304+0000] {logging_mixin.py:188} INFO - [2026-02-01T20:51:58.304+0000] {dag.py:3954} INFO - Setting next_dagrun for feature_store_cre to 2026-01-31 00:00:00+00:00, run_after=2026-02-01 00:00:00+00:00
[2026-02-01T20:51:58.328+0000] {processor.py:183} INFO - Processing /opt/airflow/dags/feature_store.py took 2.310 seconds
[2026-02-01T20:52:30.741+0000] {processor.py:161} INFO - Started process (PID=32234) to work on /opt/airflow/dags/feature_store.py
[2026-02-01T20:52:30.742+0000] {processor.py:830} INFO - Processing file /opt/airflow/dags/feature_store.py for tasks to queue
[2026-02-01T20:52:30.746+0000] {logging_mixin.py:188} INFO - [2026-02-01T20:52:30.746+0000] {dagbag.py:545} INFO - Filling up the DagBag from /opt/airflow/dags/feature_store.py
[2026-02-01T20:52:33.061+0000] {logging_mixin.py:188} WARNING - /opt/airflow/dags/feature_store.py:64 RemovedInAirflow3Warning: Param `schedule_interval` is deprecated and will be removed in a future release. Please use `schedule` instead.
[2026-02-01T20:52:33.065+0000] {processor.py:840} INFO - DAG(s) 'feature_store_cre' retrieved from /opt/airflow/dags/feature_store.py
[2026-02-01T20:52:33.094+0000] {logging_mixin.py:188} INFO - [2026-02-01T20:52:33.093+0000] {dag.py:3096} INFO - Sync 1 DAGs
[2026-02-01T20:52:33.124+0000] {logging_mixin.py:188} INFO - [2026-02-01T20:52:33.124+0000] {dag.py:3954} INFO - Setting next_dagrun for feature_store_cre to 2026-01-31 00:00:00+00:00, run_after=2026-02-01 00:00:00+00:00
[2026-02-01T20:52:33.176+0000] {processor.py:183} INFO - Processing /opt/airflow/dags/feature_store.py took 2.445 seconds
[2026-02-01T20:53:04.313+0000] {processor.py:161} INFO - Started process (PID=32269) to work on /opt/airflow/dags/feature_store.py
[2026-02-01T20:53:04.316+0000] {processor.py:830} INFO - Processing file /opt/airflow/dags/feature_store.py for tasks to queue
[2026-02-01T20:53:04.318+0000] {logging_mixin.py:188} INFO - [2026-02-01T20:53:04.318+0000] {dagbag.py:545} INFO - Filling up the DagBag from /opt/airflow/dags/feature_store.py
[2026-02-01T20:53:10.730+0000] {logging_mixin.py:188} WARNING - /opt/airflow/dags/feature_store.py:64 RemovedInAirflow3Warning: Param `schedule_interval` is deprecated and will be removed in a future release. Please use `schedule` instead.
[2026-02-01T20:53:10.745+0000] {processor.py:840} INFO - DAG(s) 'feature_store_cre' retrieved from /opt/airflow/dags/feature_store.py
[2026-02-01T20:53:10.788+0000] {logging_mixin.py:188} INFO - [2026-02-01T20:53:10.787+0000] {dag.py:3096} INFO - Sync 1 DAGs
[2026-02-01T20:53:10.827+0000] {logging_mixin.py:188} INFO - [2026-02-01T20:53:10.827+0000] {dag.py:3954} INFO - Setting next_dagrun for feature_store_cre to 2026-01-31 00:00:00+00:00, run_after=2026-02-01 00:00:00+00:00
[2026-02-01T20:53:10.861+0000] {processor.py:183} INFO - Processing /opt/airflow/dags/feature_store.py took 6.555 seconds
[2026-02-01T20:53:40.927+0000] {processor.py:161} INFO - Started process (PID=32312) to work on /opt/airflow/dags/feature_store.py
[2026-02-01T20:53:40.928+0000] {processor.py:830} INFO - Processing file /opt/airflow/dags/feature_store.py for tasks to queue
[2026-02-01T20:53:40.929+0000] {logging_mixin.py:188} INFO - [2026-02-01T20:53:40.929+0000] {dagbag.py:545} INFO - Filling up the DagBag from /opt/airflow/dags/feature_store.py
[2026-02-01T20:53:43.427+0000] {logging_mixin.py:188} WARNING - /opt/airflow/dags/feature_store.py:64 RemovedInAirflow3Warning: Param `schedule_interval` is deprecated and will be removed in a future release. Please use `schedule` instead.
[2026-02-01T20:53:43.433+0000] {processor.py:840} INFO - DAG(s) 'feature_store_cre' retrieved from /opt/airflow/dags/feature_store.py
[2026-02-01T20:53:43.460+0000] {logging_mixin.py:188} INFO - [2026-02-01T20:53:43.460+0000] {dag.py:3096} INFO - Sync 1 DAGs
[2026-02-01T20:53:43.487+0000] {logging_mixin.py:188} INFO - [2026-02-01T20:53:43.487+0000] {dag.py:3954} INFO - Setting next_dagrun for feature_store_cre to 2026-01-31 00:00:00+00:00, run_after=2026-02-01 00:00:00+00:00
[2026-02-01T20:53:43.514+0000] {processor.py:183} INFO - Processing /opt/airflow/dags/feature_store.py took 2.592 seconds
[2026-02-01T20:54:13.742+0000] {processor.py:161} INFO - Started process (PID=32360) to work on /opt/airflow/dags/feature_store.py
[2026-02-01T20:54:13.743+0000] {processor.py:830} INFO - Processing file /opt/airflow/dags/feature_store.py for tasks to queue
[2026-02-01T20:54:13.745+0000] {logging_mixin.py:188} INFO - [2026-02-01T20:54:13.744+0000] {dagbag.py:545} INFO - Filling up the DagBag from /opt/airflow/dags/feature_store.py
[2026-02-01T20:54:16.075+0000] {logging_mixin.py:188} WARNING - /opt/airflow/dags/feature_store.py:64 RemovedInAirflow3Warning: Param `schedule_interval` is deprecated and will be removed in a future release. Please use `schedule` instead.
[2026-02-01T20:54:16.088+0000] {processor.py:840} INFO - DAG(s) 'feature_store_cre' retrieved from /opt/airflow/dags/feature_store.py
[2026-02-01T20:54:16.151+0000] {logging_mixin.py:188} INFO - [2026-02-01T20:54:16.151+0000] {dag.py:3096} INFO - Sync 1 DAGs
[2026-02-01T20:54:16.223+0000] {logging_mixin.py:188} INFO - [2026-02-01T20:54:16.222+0000] {dag.py:3954} INFO - Setting next_dagrun for feature_store_cre to 2026-01-31 00:00:00+00:00, run_after=2026-02-01 00:00:00+00:00
[2026-02-01T20:54:16.281+0000] {processor.py:183} INFO - Processing /opt/airflow/dags/feature_store.py took 2.545 seconds
[2026-02-01T20:54:46.683+0000] {processor.py:161} INFO - Started process (PID=32407) to work on /opt/airflow/dags/feature_store.py
[2026-02-01T20:54:46.685+0000] {processor.py:830} INFO - Processing file /opt/airflow/dags/feature_store.py for tasks to queue
[2026-02-01T20:54:46.687+0000] {logging_mixin.py:188} INFO - [2026-02-01T20:54:46.687+0000] {dagbag.py:545} INFO - Filling up the DagBag from /opt/airflow/dags/feature_store.py
[2026-02-01T20:54:48.928+0000] {logging_mixin.py:188} WARNING - /opt/airflow/dags/feature_store.py:64 RemovedInAirflow3Warning: Param `schedule_interval` is deprecated and will be removed in a future release. Please use `schedule` instead.
[2026-02-01T20:54:48.934+0000] {processor.py:840} INFO - DAG(s) 'feature_store_cre' retrieved from /opt/airflow/dags/feature_store.py
[2026-02-01T20:54:48.963+0000] {logging_mixin.py:188} INFO - [2026-02-01T20:54:48.962+0000] {dag.py:3096} INFO - Sync 1 DAGs
[2026-02-01T20:54:48.984+0000] {logging_mixin.py:188} INFO - [2026-02-01T20:54:48.984+0000] {dag.py:3954} INFO - Setting next_dagrun for feature_store_cre to 2026-01-31 00:00:00+00:00, run_after=2026-02-01 00:00:00+00:00
[2026-02-01T20:54:49.006+0000] {processor.py:183} INFO - Processing /opt/airflow/dags/feature_store.py took 2.331 seconds
[2026-02-01T20:55:19.145+0000] {processor.py:161} INFO - Started process (PID=32450) to work on /opt/airflow/dags/feature_store.py
[2026-02-01T20:55:19.146+0000] {processor.py:830} INFO - Processing file /opt/airflow/dags/feature_store.py for tasks to queue
[2026-02-01T20:55:19.150+0000] {logging_mixin.py:188} INFO - [2026-02-01T20:55:19.149+0000] {dagbag.py:545} INFO - Filling up the DagBag from /opt/airflow/dags/feature_store.py
[2026-02-01T20:55:23.260+0000] {logging_mixin.py:188} WARNING - /opt/airflow/dags/feature_store.py:64 RemovedInAirflow3Warning: Param `schedule_interval` is deprecated and will be removed in a future release. Please use `schedule` instead.
[2026-02-01T20:55:23.267+0000] {processor.py:840} INFO - DAG(s) 'feature_store_cre' retrieved from /opt/airflow/dags/feature_store.py
[2026-02-01T20:55:23.295+0000] {logging_mixin.py:188} INFO - [2026-02-01T20:55:23.294+0000] {dag.py:3096} INFO - Sync 1 DAGs
[2026-02-01T20:55:23.322+0000] {logging_mixin.py:188} INFO - [2026-02-01T20:55:23.322+0000] {dag.py:3954} INFO - Setting next_dagrun for feature_store_cre to 2026-01-31 00:00:00+00:00, run_after=2026-02-01 00:00:00+00:00
[2026-02-01T20:55:23.353+0000] {processor.py:183} INFO - Processing /opt/airflow/dags/feature_store.py took 4.222 seconds
[2026-02-01T20:55:53.433+0000] {processor.py:161} INFO - Started process (PID=32498) to work on /opt/airflow/dags/feature_store.py
[2026-02-01T20:55:53.435+0000] {processor.py:830} INFO - Processing file /opt/airflow/dags/feature_store.py for tasks to queue
[2026-02-01T20:55:53.441+0000] {logging_mixin.py:188} INFO - [2026-02-01T20:55:53.439+0000] {dagbag.py:545} INFO - Filling up the DagBag from /opt/airflow/dags/feature_store.py
[2026-02-01T20:55:57.817+0000] {logging_mixin.py:188} WARNING - /opt/airflow/dags/feature_store.py:64 RemovedInAirflow3Warning: Param `schedule_interval` is deprecated and will be removed in a future release. Please use `schedule` instead.
[2026-02-01T20:55:57.827+0000] {processor.py:840} INFO - DAG(s) 'feature_store_cre' retrieved from /opt/airflow/dags/feature_store.py
[2026-02-01T20:55:57.876+0000] {logging_mixin.py:188} INFO - [2026-02-01T20:55:57.875+0000] {dag.py:3096} INFO - Sync 1 DAGs
[2026-02-01T20:55:57.915+0000] {logging_mixin.py:188} INFO - [2026-02-01T20:55:57.914+0000] {dag.py:3954} INFO - Setting next_dagrun for feature_store_cre to 2026-01-31 00:00:00+00:00, run_after=2026-02-01 00:00:00+00:00
[2026-02-01T20:55:57.962+0000] {processor.py:183} INFO - Processing /opt/airflow/dags/feature_store.py took 4.541 seconds
[2026-02-01T20:56:28.237+0000] {processor.py:161} INFO - Started process (PID=32546) to work on /opt/airflow/dags/feature_store.py
[2026-02-01T20:56:28.242+0000] {processor.py:830} INFO - Processing file /opt/airflow/dags/feature_store.py for tasks to queue
[2026-02-01T20:56:28.244+0000] {logging_mixin.py:188} INFO - [2026-02-01T20:56:28.243+0000] {dagbag.py:545} INFO - Filling up the DagBag from /opt/airflow/dags/feature_store.py
[2026-02-01T20:56:31.238+0000] {logging_mixin.py:188} WARNING - /opt/airflow/dags/feature_store.py:64 RemovedInAirflow3Warning: Param `schedule_interval` is deprecated and will be removed in a future release. Please use `schedule` instead.
[2026-02-01T20:56:31.247+0000] {processor.py:840} INFO - DAG(s) 'feature_store_cre' retrieved from /opt/airflow/dags/feature_store.py
[2026-02-01T20:56:31.278+0000] {logging_mixin.py:188} INFO - [2026-02-01T20:56:31.278+0000] {dag.py:3096} INFO - Sync 1 DAGs
[2026-02-01T20:56:31.305+0000] {logging_mixin.py:188} INFO - [2026-02-01T20:56:31.304+0000] {dag.py:3954} INFO - Setting next_dagrun for feature_store_cre to 2026-01-31 00:00:00+00:00, run_after=2026-02-01 00:00:00+00:00
[2026-02-01T20:56:31.340+0000] {processor.py:183} INFO - Processing /opt/airflow/dags/feature_store.py took 3.110 seconds
[2026-02-01T20:57:02.109+0000] {processor.py:161} INFO - Started process (PID=32592) to work on /opt/airflow/dags/feature_store.py
[2026-02-01T20:57:02.110+0000] {processor.py:830} INFO - Processing file /opt/airflow/dags/feature_store.py for tasks to queue
[2026-02-01T20:57:02.114+0000] {logging_mixin.py:188} INFO - [2026-02-01T20:57:02.114+0000] {dagbag.py:545} INFO - Filling up the DagBag from /opt/airflow/dags/feature_store.py
[2026-02-01T20:57:07.182+0000] {logging_mixin.py:188} WARNING - /opt/airflow/dags/feature_store.py:64 RemovedInAirflow3Warning: Param `schedule_interval` is deprecated and will be removed in a future release. Please use `schedule` instead.
[2026-02-01T20:57:07.189+0000] {processor.py:840} INFO - DAG(s) 'feature_store_cre' retrieved from /opt/airflow/dags/feature_store.py
[2026-02-01T20:57:07.234+0000] {logging_mixin.py:188} INFO - [2026-02-01T20:57:07.233+0000] {dag.py:3096} INFO - Sync 1 DAGs
[2026-02-01T20:57:07.280+0000] {logging_mixin.py:188} INFO - [2026-02-01T20:57:07.280+0000] {dag.py:3954} INFO - Setting next_dagrun for feature_store_cre to 2026-01-31 00:00:00+00:00, run_after=2026-02-01 00:00:00+00:00
[2026-02-01T20:57:07.321+0000] {processor.py:183} INFO - Processing /opt/airflow/dags/feature_store.py took 5.218 seconds
[2026-02-01T20:57:37.485+0000] {processor.py:161} INFO - Started process (PID=32637) to work on /opt/airflow/dags/feature_store.py
[2026-02-01T20:57:37.486+0000] {processor.py:830} INFO - Processing file /opt/airflow/dags/feature_store.py for tasks to queue
[2026-02-01T20:57:37.490+0000] {logging_mixin.py:188} INFO - [2026-02-01T20:57:37.488+0000] {dagbag.py:545} INFO - Filling up the DagBag from /opt/airflow/dags/feature_store.py
[2026-02-01T20:57:40.437+0000] {logging_mixin.py:188} WARNING - /opt/airflow/dags/feature_store.py:64 RemovedInAirflow3Warning: Param `schedule_interval` is deprecated and will be removed in a future release. Please use `schedule` instead.
[2026-02-01T20:57:40.450+0000] {processor.py:840} INFO - DAG(s) 'feature_store_cre' retrieved from /opt/airflow/dags/feature_store.py
[2026-02-01T20:57:40.503+0000] {logging_mixin.py:188} INFO - [2026-02-01T20:57:40.502+0000] {dag.py:3096} INFO - Sync 1 DAGs
[2026-02-01T20:57:40.562+0000] {logging_mixin.py:188} INFO - [2026-02-01T20:57:40.561+0000] {dag.py:3954} INFO - Setting next_dagrun for feature_store_cre to 2026-01-31 00:00:00+00:00, run_after=2026-02-01 00:00:00+00:00
[2026-02-01T20:57:40.613+0000] {processor.py:183} INFO - Processing /opt/airflow/dags/feature_store.py took 3.138 seconds
[2026-02-01T20:58:10.759+0000] {processor.py:161} INFO - Started process (PID=32684) to work on /opt/airflow/dags/feature_store.py
[2026-02-01T20:58:10.762+0000] {processor.py:830} INFO - Processing file /opt/airflow/dags/feature_store.py for tasks to queue
[2026-02-01T20:58:10.763+0000] {logging_mixin.py:188} INFO - [2026-02-01T20:58:10.763+0000] {dagbag.py:545} INFO - Filling up the DagBag from /opt/airflow/dags/feature_store.py
[2026-02-01T20:58:13.147+0000] {logging_mixin.py:188} WARNING - /opt/airflow/dags/feature_store.py:64 RemovedInAirflow3Warning: Param `schedule_interval` is deprecated and will be removed in a future release. Please use `schedule` instead.
[2026-02-01T20:58:13.157+0000] {processor.py:840} INFO - DAG(s) 'feature_store_cre' retrieved from /opt/airflow/dags/feature_store.py
[2026-02-01T20:58:13.200+0000] {logging_mixin.py:188} INFO - [2026-02-01T20:58:13.199+0000] {dag.py:3096} INFO - Sync 1 DAGs
[2026-02-01T20:58:13.223+0000] {logging_mixin.py:188} INFO - [2026-02-01T20:58:13.222+0000] {dag.py:3954} INFO - Setting next_dagrun for feature_store_cre to 2026-01-31 00:00:00+00:00, run_after=2026-02-01 00:00:00+00:00
[2026-02-01T20:58:13.252+0000] {processor.py:183} INFO - Processing /opt/airflow/dags/feature_store.py took 2.499 seconds
[2026-02-01T20:58:43.451+0000] {processor.py:161} INFO - Started process (PID=32727) to work on /opt/airflow/dags/feature_store.py
[2026-02-01T20:58:43.452+0000] {processor.py:830} INFO - Processing file /opt/airflow/dags/feature_store.py for tasks to queue
[2026-02-01T20:58:43.454+0000] {logging_mixin.py:188} INFO - [2026-02-01T20:58:43.453+0000] {dagbag.py:545} INFO - Filling up the DagBag from /opt/airflow/dags/feature_store.py
[2026-02-01T20:58:46.057+0000] {logging_mixin.py:188} WARNING - /opt/airflow/dags/feature_store.py:64 RemovedInAirflow3Warning: Param `schedule_interval` is deprecated and will be removed in a future release. Please use `schedule` instead.
[2026-02-01T20:58:46.064+0000] {processor.py:840} INFO - DAG(s) 'feature_store_cre' retrieved from /opt/airflow/dags/feature_store.py
[2026-02-01T20:58:46.090+0000] {logging_mixin.py:188} INFO - [2026-02-01T20:58:46.089+0000] {dag.py:3096} INFO - Sync 1 DAGs
[2026-02-01T20:58:46.108+0000] {logging_mixin.py:188} INFO - [2026-02-01T20:58:46.108+0000] {dag.py:3954} INFO - Setting next_dagrun for feature_store_cre to 2026-01-31 00:00:00+00:00, run_after=2026-02-01 00:00:00+00:00
[2026-02-01T20:58:46.132+0000] {processor.py:183} INFO - Processing /opt/airflow/dags/feature_store.py took 2.690 seconds
[2026-02-01T20:59:16.702+0000] {processor.py:161} INFO - Started process (PID=32762) to work on /opt/airflow/dags/feature_store.py
[2026-02-01T20:59:16.707+0000] {processor.py:830} INFO - Processing file /opt/airflow/dags/feature_store.py for tasks to queue
[2026-02-01T20:59:16.719+0000] {logging_mixin.py:188} INFO - [2026-02-01T20:59:16.717+0000] {dagbag.py:545} INFO - Filling up the DagBag from /opt/airflow/dags/feature_store.py
[2026-02-01T20:59:21.063+0000] {logging_mixin.py:188} WARNING - /opt/airflow/dags/feature_store.py:64 RemovedInAirflow3Warning: Param `schedule_interval` is deprecated and will be removed in a future release. Please use `schedule` instead.
[2026-02-01T20:59:21.074+0000] {processor.py:840} INFO - DAG(s) 'feature_store_cre' retrieved from /opt/airflow/dags/feature_store.py
[2026-02-01T20:59:21.102+0000] {logging_mixin.py:188} INFO - [2026-02-01T20:59:21.102+0000] {dag.py:3096} INFO - Sync 1 DAGs
[2026-02-01T20:59:21.128+0000] {logging_mixin.py:188} INFO - [2026-02-01T20:59:21.128+0000] {dag.py:3954} INFO - Setting next_dagrun for feature_store_cre to 2026-01-31 00:00:00+00:00, run_after=2026-02-01 00:00:00+00:00
[2026-02-01T20:59:21.161+0000] {processor.py:183} INFO - Processing /opt/airflow/dags/feature_store.py took 4.489 seconds
[2026-02-01T20:59:51.261+0000] {processor.py:161} INFO - Started process (PID=32805) to work on /opt/airflow/dags/feature_store.py
[2026-02-01T20:59:51.263+0000] {processor.py:830} INFO - Processing file /opt/airflow/dags/feature_store.py for tasks to queue
[2026-02-01T20:59:51.266+0000] {logging_mixin.py:188} INFO - [2026-02-01T20:59:51.265+0000] {dagbag.py:545} INFO - Filling up the DagBag from /opt/airflow/dags/feature_store.py
[2026-02-01T20:59:55.611+0000] {logging_mixin.py:188} WARNING - /opt/airflow/dags/feature_store.py:64 RemovedInAirflow3Warning: Param `schedule_interval` is deprecated and will be removed in a future release. Please use `schedule` instead.
[2026-02-01T20:59:55.620+0000] {processor.py:840} INFO - DAG(s) 'feature_store_cre' retrieved from /opt/airflow/dags/feature_store.py
[2026-02-01T20:59:55.674+0000] {logging_mixin.py:188} INFO - [2026-02-01T20:59:55.672+0000] {dag.py:3096} INFO - Sync 1 DAGs
[2026-02-01T20:59:55.716+0000] {logging_mixin.py:188} INFO - [2026-02-01T20:59:55.715+0000] {dag.py:3954} INFO - Setting next_dagrun for feature_store_cre to 2026-01-31 00:00:00+00:00, run_after=2026-02-01 00:00:00+00:00
[2026-02-01T20:59:55.758+0000] {processor.py:183} INFO - Processing /opt/airflow/dags/feature_store.py took 4.508 seconds
[2026-02-01T21:00:25.841+0000] {processor.py:161} INFO - Started process (PID=32852) to work on /opt/airflow/dags/feature_store.py
[2026-02-01T21:00:25.842+0000] {processor.py:830} INFO - Processing file /opt/airflow/dags/feature_store.py for tasks to queue
[2026-02-01T21:00:25.844+0000] {logging_mixin.py:188} INFO - [2026-02-01T21:00:25.844+0000] {dagbag.py:545} INFO - Filling up the DagBag from /opt/airflow/dags/feature_store.py
[2026-02-01T21:00:27.854+0000] {logging_mixin.py:188} WARNING - /opt/airflow/dags/feature_store.py:64 RemovedInAirflow3Warning: Param `schedule_interval` is deprecated and will be removed in a future release. Please use `schedule` instead.
[2026-02-01T21:00:27.859+0000] {processor.py:840} INFO - DAG(s) 'feature_store_cre' retrieved from /opt/airflow/dags/feature_store.py
[2026-02-01T21:00:27.881+0000] {logging_mixin.py:188} INFO - [2026-02-01T21:00:27.881+0000] {dag.py:3096} INFO - Sync 1 DAGs
[2026-02-01T21:00:27.902+0000] {logging_mixin.py:188} INFO - [2026-02-01T21:00:27.901+0000] {dag.py:3954} INFO - Setting next_dagrun for feature_store_cre to 2026-01-31 00:00:00+00:00, run_after=2026-02-01 00:00:00+00:00
[2026-02-01T21:00:27.922+0000] {processor.py:183} INFO - Processing /opt/airflow/dags/feature_store.py took 2.086 seconds
[2026-02-01T21:00:58.475+0000] {processor.py:161} INFO - Started process (PID=32899) to work on /opt/airflow/dags/feature_store.py
[2026-02-01T21:00:58.478+0000] {processor.py:830} INFO - Processing file /opt/airflow/dags/feature_store.py for tasks to queue
[2026-02-01T21:00:58.481+0000] {logging_mixin.py:188} INFO - [2026-02-01T21:00:58.480+0000] {dagbag.py:545} INFO - Filling up the DagBag from /opt/airflow/dags/feature_store.py
[2026-02-01T21:01:00.615+0000] {logging_mixin.py:188} WARNING - /opt/airflow/dags/feature_store.py:64 RemovedInAirflow3Warning: Param `schedule_interval` is deprecated and will be removed in a future release. Please use `schedule` instead.
[2026-02-01T21:01:00.621+0000] {processor.py:840} INFO - DAG(s) 'feature_store_cre' retrieved from /opt/airflow/dags/feature_store.py
[2026-02-01T21:01:00.647+0000] {logging_mixin.py:188} INFO - [2026-02-01T21:01:00.647+0000] {dag.py:3096} INFO - Sync 1 DAGs
[2026-02-01T21:01:00.668+0000] {logging_mixin.py:188} INFO - [2026-02-01T21:01:00.667+0000] {dag.py:3954} INFO - Setting next_dagrun for feature_store_cre to 2026-01-31 00:00:00+00:00, run_after=2026-02-01 00:00:00+00:00
[2026-02-01T21:01:00.687+0000] {processor.py:183} INFO - Processing /opt/airflow/dags/feature_store.py took 2.220 seconds
[2026-02-01T21:01:31.057+0000] {processor.py:161} INFO - Started process (PID=32946) to work on /opt/airflow/dags/feature_store.py
[2026-02-01T21:01:31.058+0000] {processor.py:830} INFO - Processing file /opt/airflow/dags/feature_store.py for tasks to queue
[2026-02-01T21:01:31.060+0000] {logging_mixin.py:188} INFO - [2026-02-01T21:01:31.060+0000] {dagbag.py:545} INFO - Filling up the DagBag from /opt/airflow/dags/feature_store.py
[2026-02-01T21:01:33.502+0000] {logging_mixin.py:188} WARNING - /opt/airflow/dags/feature_store.py:64 RemovedInAirflow3Warning: Param `schedule_interval` is deprecated and will be removed in a future release. Please use `schedule` instead.
[2026-02-01T21:01:33.508+0000] {processor.py:840} INFO - DAG(s) 'feature_store_cre' retrieved from /opt/airflow/dags/feature_store.py
[2026-02-01T21:01:33.532+0000] {logging_mixin.py:188} INFO - [2026-02-01T21:01:33.532+0000] {dag.py:3096} INFO - Sync 1 DAGs
[2026-02-01T21:01:33.554+0000] {logging_mixin.py:188} INFO - [2026-02-01T21:01:33.553+0000] {dag.py:3954} INFO - Setting next_dagrun for feature_store_cre to 2026-01-31 00:00:00+00:00, run_after=2026-02-01 00:00:00+00:00
[2026-02-01T21:01:33.576+0000] {processor.py:183} INFO - Processing /opt/airflow/dags/feature_store.py took 2.524 seconds
[2026-02-01T21:02:03.725+0000] {processor.py:161} INFO - Started process (PID=32993) to work on /opt/airflow/dags/feature_store.py
[2026-02-01T21:02:03.727+0000] {processor.py:830} INFO - Processing file /opt/airflow/dags/feature_store.py for tasks to queue
[2026-02-01T21:02:03.729+0000] {logging_mixin.py:188} INFO - [2026-02-01T21:02:03.729+0000] {dagbag.py:545} INFO - Filling up the DagBag from /opt/airflow/dags/feature_store.py
[2026-02-01T21:02:07.208+0000] {logging_mixin.py:188} WARNING - /opt/airflow/dags/feature_store.py:64 RemovedInAirflow3Warning: Param `schedule_interval` is deprecated and will be removed in a future release. Please use `schedule` instead.
[2026-02-01T21:02:07.216+0000] {processor.py:840} INFO - DAG(s) 'feature_store_cre' retrieved from /opt/airflow/dags/feature_store.py
[2026-02-01T21:02:07.254+0000] {logging_mixin.py:188} INFO - [2026-02-01T21:02:07.254+0000] {dag.py:3096} INFO - Sync 1 DAGs
[2026-02-01T21:02:07.287+0000] {logging_mixin.py:188} INFO - [2026-02-01T21:02:07.286+0000] {dag.py:3954} INFO - Setting next_dagrun for feature_store_cre to 2026-01-31 00:00:00+00:00, run_after=2026-02-01 00:00:00+00:00
[2026-02-01T21:02:07.324+0000] {processor.py:183} INFO - Processing /opt/airflow/dags/feature_store.py took 3.607 seconds
[2026-02-01T21:02:37.984+0000] {processor.py:161} INFO - Started process (PID=33040) to work on /opt/airflow/dags/feature_store.py
[2026-02-01T21:02:37.986+0000] {processor.py:830} INFO - Processing file /opt/airflow/dags/feature_store.py for tasks to queue
[2026-02-01T21:02:37.988+0000] {logging_mixin.py:188} INFO - [2026-02-01T21:02:37.988+0000] {dagbag.py:545} INFO - Filling up the DagBag from /opt/airflow/dags/feature_store.py
[2026-02-01T21:02:39.477+0000] {logging_mixin.py:188} WARNING - /opt/airflow/dags/feature_store.py:64 RemovedInAirflow3Warning: Param `schedule_interval` is deprecated and will be removed in a future release. Please use `schedule` instead.
[2026-02-01T21:02:39.486+0000] {processor.py:840} INFO - DAG(s) 'feature_store_cre' retrieved from /opt/airflow/dags/feature_store.py
[2026-02-01T21:02:39.515+0000] {logging_mixin.py:188} INFO - [2026-02-01T21:02:39.514+0000] {dag.py:3096} INFO - Sync 1 DAGs
[2026-02-01T21:02:39.529+0000] {logging_mixin.py:188} INFO - [2026-02-01T21:02:39.529+0000] {dag.py:3954} INFO - Setting next_dagrun for feature_store_cre to 2026-01-31 00:00:00+00:00, run_after=2026-02-01 00:00:00+00:00
[2026-02-01T21:02:39.545+0000] {processor.py:183} INFO - Processing /opt/airflow/dags/feature_store.py took 1.566 seconds
[2026-02-01T21:03:09.621+0000] {processor.py:161} INFO - Started process (PID=33087) to work on /opt/airflow/dags/feature_store.py
[2026-02-01T21:03:09.623+0000] {processor.py:830} INFO - Processing file /opt/airflow/dags/feature_store.py for tasks to queue
[2026-02-01T21:03:09.627+0000] {logging_mixin.py:188} INFO - [2026-02-01T21:03:09.626+0000] {dagbag.py:545} INFO - Filling up the DagBag from /opt/airflow/dags/feature_store.py
[2026-02-01T21:03:11.973+0000] {logging_mixin.py:188} WARNING - /opt/airflow/dags/feature_store.py:64 RemovedInAirflow3Warning: Param `schedule_interval` is deprecated and will be removed in a future release. Please use `schedule` instead.
[2026-02-01T21:03:11.978+0000] {processor.py:840} INFO - DAG(s) 'feature_store_cre' retrieved from /opt/airflow/dags/feature_store.py
[2026-02-01T21:03:12.002+0000] {logging_mixin.py:188} INFO - [2026-02-01T21:03:12.002+0000] {dag.py:3096} INFO - Sync 1 DAGs
[2026-02-01T21:03:12.023+0000] {logging_mixin.py:188} INFO - [2026-02-01T21:03:12.023+0000] {dag.py:3954} INFO - Setting next_dagrun for feature_store_cre to 2026-01-31 00:00:00+00:00, run_after=2026-02-01 00:00:00+00:00
[2026-02-01T21:03:12.043+0000] {processor.py:183} INFO - Processing /opt/airflow/dags/feature_store.py took 2.439 seconds
[2026-02-01T21:03:42.121+0000] {processor.py:161} INFO - Started process (PID=33132) to work on /opt/airflow/dags/feature_store.py
[2026-02-01T21:03:42.122+0000] {processor.py:830} INFO - Processing file /opt/airflow/dags/feature_store.py for tasks to queue
[2026-02-01T21:03:42.125+0000] {logging_mixin.py:188} INFO - [2026-02-01T21:03:42.125+0000] {dagbag.py:545} INFO - Filling up the DagBag from /opt/airflow/dags/feature_store.py
[2026-02-01T21:03:44.933+0000] {logging_mixin.py:188} WARNING - /opt/airflow/dags/feature_store.py:64 RemovedInAirflow3Warning: Param `schedule_interval` is deprecated and will be removed in a future release. Please use `schedule` instead.
[2026-02-01T21:03:44.938+0000] {processor.py:840} INFO - DAG(s) 'feature_store_cre' retrieved from /opt/airflow/dags/feature_store.py
[2026-02-01T21:03:44.989+0000] {logging_mixin.py:188} INFO - [2026-02-01T21:03:44.988+0000] {dag.py:3096} INFO - Sync 1 DAGs
[2026-02-01T21:03:45.015+0000] {logging_mixin.py:188} INFO - [2026-02-01T21:03:45.015+0000] {dag.py:3954} INFO - Setting next_dagrun for feature_store_cre to 2026-01-31 00:00:00+00:00, run_after=2026-02-01 00:00:00+00:00
[2026-02-01T21:03:45.047+0000] {processor.py:183} INFO - Processing /opt/airflow/dags/feature_store.py took 2.934 seconds
[2026-02-01T21:04:15.448+0000] {processor.py:161} INFO - Started process (PID=33164) to work on /opt/airflow/dags/feature_store.py
[2026-02-01T21:04:15.452+0000] {processor.py:830} INFO - Processing file /opt/airflow/dags/feature_store.py for tasks to queue
[2026-02-01T21:04:15.456+0000] {logging_mixin.py:188} INFO - [2026-02-01T21:04:15.455+0000] {dagbag.py:545} INFO - Filling up the DagBag from /opt/airflow/dags/feature_store.py
[2026-02-01T21:04:20.946+0000] {logging_mixin.py:188} WARNING - /opt/airflow/dags/feature_store.py:64 RemovedInAirflow3Warning: Param `schedule_interval` is deprecated and will be removed in a future release. Please use `schedule` instead.
[2026-02-01T21:04:20.954+0000] {processor.py:840} INFO - DAG(s) 'feature_store_cre' retrieved from /opt/airflow/dags/feature_store.py
[2026-02-01T21:04:21.008+0000] {logging_mixin.py:188} INFO - [2026-02-01T21:04:21.007+0000] {dag.py:3096} INFO - Sync 1 DAGs
[2026-02-01T21:04:21.058+0000] {logging_mixin.py:188} INFO - [2026-02-01T21:04:21.057+0000] {dag.py:3954} INFO - Setting next_dagrun for feature_store_cre to 2026-01-31 00:00:00+00:00, run_after=2026-02-01 00:00:00+00:00
[2026-02-01T21:04:21.096+0000] {processor.py:183} INFO - Processing /opt/airflow/dags/feature_store.py took 5.659 seconds
[2026-02-01T21:04:51.167+0000] {processor.py:161} INFO - Started process (PID=33207) to work on /opt/airflow/dags/feature_store.py
[2026-02-01T21:04:51.168+0000] {processor.py:830} INFO - Processing file /opt/airflow/dags/feature_store.py for tasks to queue
[2026-02-01T21:04:51.170+0000] {logging_mixin.py:188} INFO - [2026-02-01T21:04:51.170+0000] {dagbag.py:545} INFO - Filling up the DagBag from /opt/airflow/dags/feature_store.py
[2026-02-01T21:04:54.926+0000] {logging_mixin.py:188} WARNING - /opt/airflow/dags/feature_store.py:64 RemovedInAirflow3Warning: Param `schedule_interval` is deprecated and will be removed in a future release. Please use `schedule` instead.
[2026-02-01T21:04:54.936+0000] {processor.py:840} INFO - DAG(s) 'feature_store_cre' retrieved from /opt/airflow/dags/feature_store.py
[2026-02-01T21:04:54.987+0000] {logging_mixin.py:188} INFO - [2026-02-01T21:04:54.986+0000] {dag.py:3096} INFO - Sync 1 DAGs
[2026-02-01T21:04:55.026+0000] {logging_mixin.py:188} INFO - [2026-02-01T21:04:55.025+0000] {dag.py:3954} INFO - Setting next_dagrun for feature_store_cre to 2026-01-31 00:00:00+00:00, run_after=2026-02-01 00:00:00+00:00
[2026-02-01T21:04:55.104+0000] {processor.py:183} INFO - Processing /opt/airflow/dags/feature_store.py took 3.942 seconds
[2026-02-01T21:05:25.603+0000] {processor.py:161} INFO - Started process (PID=33254) to work on /opt/airflow/dags/feature_store.py
[2026-02-01T21:05:25.604+0000] {processor.py:830} INFO - Processing file /opt/airflow/dags/feature_store.py for tasks to queue
[2026-02-01T21:05:25.606+0000] {logging_mixin.py:188} INFO - [2026-02-01T21:05:25.605+0000] {dagbag.py:545} INFO - Filling up the DagBag from /opt/airflow/dags/feature_store.py
[2026-02-01T21:05:27.869+0000] {logging_mixin.py:188} WARNING - /opt/airflow/dags/feature_store.py:64 RemovedInAirflow3Warning: Param `schedule_interval` is deprecated and will be removed in a future release. Please use `schedule` instead.
[2026-02-01T21:05:27.875+0000] {processor.py:840} INFO - DAG(s) 'feature_store_cre' retrieved from /opt/airflow/dags/feature_store.py
[2026-02-01T21:05:27.900+0000] {logging_mixin.py:188} INFO - [2026-02-01T21:05:27.899+0000] {dag.py:3096} INFO - Sync 1 DAGs
[2026-02-01T21:05:27.921+0000] {logging_mixin.py:188} INFO - [2026-02-01T21:05:27.920+0000] {dag.py:3954} INFO - Setting next_dagrun for feature_store_cre to 2026-01-31 00:00:00+00:00, run_after=2026-02-01 00:00:00+00:00
[2026-02-01T21:05:27.951+0000] {processor.py:183} INFO - Processing /opt/airflow/dags/feature_store.py took 2.355 seconds
[2026-02-01T21:05:58.579+0000] {processor.py:161} INFO - Started process (PID=33301) to work on /opt/airflow/dags/feature_store.py
[2026-02-01T21:05:58.581+0000] {processor.py:830} INFO - Processing file /opt/airflow/dags/feature_store.py for tasks to queue
[2026-02-01T21:05:58.583+0000] {logging_mixin.py:188} INFO - [2026-02-01T21:05:58.583+0000] {dagbag.py:545} INFO - Filling up the DagBag from /opt/airflow/dags/feature_store.py
[2026-02-01T21:06:00.613+0000] {logging_mixin.py:188} WARNING - /opt/airflow/dags/feature_store.py:64 RemovedInAirflow3Warning: Param `schedule_interval` is deprecated and will be removed in a future release. Please use `schedule` instead.
[2026-02-01T21:06:00.619+0000] {processor.py:840} INFO - DAG(s) 'feature_store_cre' retrieved from /opt/airflow/dags/feature_store.py
[2026-02-01T21:06:00.645+0000] {logging_mixin.py:188} INFO - [2026-02-01T21:06:00.644+0000] {dag.py:3096} INFO - Sync 1 DAGs
[2026-02-01T21:06:00.663+0000] {logging_mixin.py:188} INFO - [2026-02-01T21:06:00.663+0000] {dag.py:3954} INFO - Setting next_dagrun for feature_store_cre to 2026-01-31 00:00:00+00:00, run_after=2026-02-01 00:00:00+00:00
[2026-02-01T21:06:00.686+0000] {processor.py:183} INFO - Processing /opt/airflow/dags/feature_store.py took 2.114 seconds
[2026-02-01T21:06:31.347+0000] {processor.py:161} INFO - Started process (PID=33348) to work on /opt/airflow/dags/feature_store.py
[2026-02-01T21:06:31.349+0000] {processor.py:830} INFO - Processing file /opt/airflow/dags/feature_store.py for tasks to queue
[2026-02-01T21:06:31.350+0000] {logging_mixin.py:188} INFO - [2026-02-01T21:06:31.350+0000] {dagbag.py:545} INFO - Filling up the DagBag from /opt/airflow/dags/feature_store.py
[2026-02-01T21:06:34.214+0000] {logging_mixin.py:188} WARNING - /opt/airflow/dags/feature_store.py:64 RemovedInAirflow3Warning: Param `schedule_interval` is deprecated and will be removed in a future release. Please use `schedule` instead.
[2026-02-01T21:06:34.224+0000] {processor.py:840} INFO - DAG(s) 'feature_store_cre' retrieved from /opt/airflow/dags/feature_store.py
[2026-02-01T21:06:34.259+0000] {logging_mixin.py:188} INFO - [2026-02-01T21:06:34.258+0000] {dag.py:3096} INFO - Sync 1 DAGs
[2026-02-01T21:06:34.292+0000] {logging_mixin.py:188} INFO - [2026-02-01T21:06:34.292+0000] {dag.py:3954} INFO - Setting next_dagrun for feature_store_cre to 2026-01-31 00:00:00+00:00, run_after=2026-02-01 00:00:00+00:00
[2026-02-01T21:06:34.327+0000] {processor.py:183} INFO - Processing /opt/airflow/dags/feature_store.py took 2.986 seconds
[2026-02-01T21:07:04.513+0000] {processor.py:161} INFO - Started process (PID=33395) to work on /opt/airflow/dags/feature_store.py
[2026-02-01T21:07:04.514+0000] {processor.py:830} INFO - Processing file /opt/airflow/dags/feature_store.py for tasks to queue
[2026-02-01T21:07:04.515+0000] {logging_mixin.py:188} INFO - [2026-02-01T21:07:04.515+0000] {dagbag.py:545} INFO - Filling up the DagBag from /opt/airflow/dags/feature_store.py
[2026-02-01T21:07:06.827+0000] {logging_mixin.py:188} WARNING - /opt/airflow/dags/feature_store.py:64 RemovedInAirflow3Warning: Param `schedule_interval` is deprecated and will be removed in a future release. Please use `schedule` instead.
[2026-02-01T21:07:06.833+0000] {processor.py:840} INFO - DAG(s) 'feature_store_cre' retrieved from /opt/airflow/dags/feature_store.py
[2026-02-01T21:07:06.857+0000] {logging_mixin.py:188} INFO - [2026-02-01T21:07:06.856+0000] {dag.py:3096} INFO - Sync 1 DAGs
[2026-02-01T21:07:06.878+0000] {logging_mixin.py:188} INFO - [2026-02-01T21:07:06.878+0000] {dag.py:3954} INFO - Setting next_dagrun for feature_store_cre to 2026-01-31 00:00:00+00:00, run_after=2026-02-01 00:00:00+00:00
[2026-02-01T21:07:06.900+0000] {processor.py:183} INFO - Processing /opt/airflow/dags/feature_store.py took 2.393 seconds
[2026-02-01T21:07:37.651+0000] {processor.py:161} INFO - Started process (PID=33442) to work on /opt/airflow/dags/feature_store.py
[2026-02-01T21:07:37.653+0000] {processor.py:830} INFO - Processing file /opt/airflow/dags/feature_store.py for tasks to queue
[2026-02-01T21:07:37.655+0000] {logging_mixin.py:188} INFO - [2026-02-01T21:07:37.654+0000] {dagbag.py:545} INFO - Filling up the DagBag from /opt/airflow/dags/feature_store.py
[2026-02-01T21:07:39.889+0000] {logging_mixin.py:188} WARNING - /opt/airflow/dags/feature_store.py:64 RemovedInAirflow3Warning: Param `schedule_interval` is deprecated and will be removed in a future release. Please use `schedule` instead.
[2026-02-01T21:07:39.894+0000] {processor.py:840} INFO - DAG(s) 'feature_store_cre' retrieved from /opt/airflow/dags/feature_store.py
[2026-02-01T21:07:39.919+0000] {logging_mixin.py:188} INFO - [2026-02-01T21:07:39.919+0000] {dag.py:3096} INFO - Sync 1 DAGs
[2026-02-01T21:07:39.942+0000] {logging_mixin.py:188} INFO - [2026-02-01T21:07:39.942+0000] {dag.py:3954} INFO - Setting next_dagrun for feature_store_cre to 2026-01-31 00:00:00+00:00, run_after=2026-02-01 00:00:00+00:00
[2026-02-01T21:07:39.978+0000] {processor.py:183} INFO - Processing /opt/airflow/dags/feature_store.py took 2.333 seconds
[2026-02-01T21:08:12.931+0000] {processor.py:161} INFO - Started process (PID=33489) to work on /opt/airflow/dags/feature_store.py
[2026-02-01T21:08:12.932+0000] {processor.py:830} INFO - Processing file /opt/airflow/dags/feature_store.py for tasks to queue
[2026-02-01T21:08:12.934+0000] {logging_mixin.py:188} INFO - [2026-02-01T21:08:12.934+0000] {dagbag.py:545} INFO - Filling up the DagBag from /opt/airflow/dags/feature_store.py
[2026-02-01T21:08:15.306+0000] {logging_mixin.py:188} WARNING - /opt/airflow/dags/feature_store.py:64 RemovedInAirflow3Warning: Param `schedule_interval` is deprecated and will be removed in a future release. Please use `schedule` instead.
[2026-02-01T21:08:15.311+0000] {processor.py:840} INFO - DAG(s) 'feature_store_cre' retrieved from /opt/airflow/dags/feature_store.py
[2026-02-01T21:08:15.333+0000] {logging_mixin.py:188} INFO - [2026-02-01T21:08:15.333+0000] {dag.py:3096} INFO - Sync 1 DAGs
[2026-02-01T21:08:15.351+0000] {logging_mixin.py:188} INFO - [2026-02-01T21:08:15.351+0000] {dag.py:3954} INFO - Setting next_dagrun for feature_store_cre to 2026-01-31 00:00:00+00:00, run_after=2026-02-01 00:00:00+00:00
[2026-02-01T21:08:15.371+0000] {processor.py:183} INFO - Processing /opt/airflow/dags/feature_store.py took 2.447 seconds
[2026-02-01T21:08:45.737+0000] {processor.py:161} INFO - Started process (PID=33536) to work on /opt/airflow/dags/feature_store.py
[2026-02-01T21:08:45.738+0000] {processor.py:830} INFO - Processing file /opt/airflow/dags/feature_store.py for tasks to queue
[2026-02-01T21:08:45.740+0000] {logging_mixin.py:188} INFO - [2026-02-01T21:08:45.739+0000] {dagbag.py:545} INFO - Filling up the DagBag from /opt/airflow/dags/feature_store.py
[2026-02-01T21:08:48.072+0000] {logging_mixin.py:188} WARNING - /opt/airflow/dags/feature_store.py:64 RemovedInAirflow3Warning: Param `schedule_interval` is deprecated and will be removed in a future release. Please use `schedule` instead.
[2026-02-01T21:08:48.077+0000] {processor.py:840} INFO - DAG(s) 'feature_store_cre' retrieved from /opt/airflow/dags/feature_store.py
[2026-02-01T21:08:48.104+0000] {logging_mixin.py:188} INFO - [2026-02-01T21:08:48.104+0000] {dag.py:3096} INFO - Sync 1 DAGs
[2026-02-01T21:08:48.127+0000] {logging_mixin.py:188} INFO - [2026-02-01T21:08:48.127+0000] {dag.py:3954} INFO - Setting next_dagrun for feature_store_cre to 2026-01-31 00:00:00+00:00, run_after=2026-02-01 00:00:00+00:00
[2026-02-01T21:08:48.152+0000] {processor.py:183} INFO - Processing /opt/airflow/dags/feature_store.py took 2.423 seconds
[2026-02-01T21:09:18.230+0000] {processor.py:161} INFO - Started process (PID=33583) to work on /opt/airflow/dags/feature_store.py
[2026-02-01T21:09:18.233+0000] {processor.py:830} INFO - Processing file /opt/airflow/dags/feature_store.py for tasks to queue
[2026-02-01T21:09:18.236+0000] {logging_mixin.py:188} INFO - [2026-02-01T21:09:18.235+0000] {dagbag.py:545} INFO - Filling up the DagBag from /opt/airflow/dags/feature_store.py
[2026-02-01T21:09:21.621+0000] {logging_mixin.py:188} WARNING - /opt/airflow/dags/feature_store.py:64 RemovedInAirflow3Warning: Param `schedule_interval` is deprecated and will be removed in a future release. Please use `schedule` instead.
[2026-02-01T21:09:21.626+0000] {processor.py:840} INFO - DAG(s) 'feature_store_cre' retrieved from /opt/airflow/dags/feature_store.py
[2026-02-01T21:09:21.651+0000] {logging_mixin.py:188} INFO - [2026-02-01T21:09:21.651+0000] {dag.py:3096} INFO - Sync 1 DAGs
[2026-02-01T21:09:21.672+0000] {logging_mixin.py:188} INFO - [2026-02-01T21:09:21.672+0000] {dag.py:3954} INFO - Setting next_dagrun for feature_store_cre to 2026-01-31 00:00:00+00:00, run_after=2026-02-01 00:00:00+00:00
[2026-02-01T21:09:21.703+0000] {processor.py:183} INFO - Processing /opt/airflow/dags/feature_store.py took 3.493 seconds
[2026-02-01T21:09:52.584+0000] {processor.py:161} INFO - Started process (PID=33630) to work on /opt/airflow/dags/feature_store.py
[2026-02-01T21:09:52.585+0000] {processor.py:830} INFO - Processing file /opt/airflow/dags/feature_store.py for tasks to queue
[2026-02-01T21:09:52.588+0000] {logging_mixin.py:188} INFO - [2026-02-01T21:09:52.587+0000] {dagbag.py:545} INFO - Filling up the DagBag from /opt/airflow/dags/feature_store.py
[2026-02-01T21:09:55.861+0000] {logging_mixin.py:188} WARNING - /opt/airflow/dags/feature_store.py:64 RemovedInAirflow3Warning: Param `schedule_interval` is deprecated and will be removed in a future release. Please use `schedule` instead.
[2026-02-01T21:09:55.873+0000] {processor.py:840} INFO - DAG(s) 'feature_store_cre' retrieved from /opt/airflow/dags/feature_store.py
[2026-02-01T21:09:55.926+0000] {logging_mixin.py:188} INFO - [2026-02-01T21:09:55.925+0000] {dag.py:3096} INFO - Sync 1 DAGs
[2026-02-01T21:09:55.974+0000] {logging_mixin.py:188} INFO - [2026-02-01T21:09:55.973+0000] {dag.py:3954} INFO - Setting next_dagrun for feature_store_cre to 2026-01-31 00:00:00+00:00, run_after=2026-02-01 00:00:00+00:00
[2026-02-01T21:09:56.021+0000] {processor.py:183} INFO - Processing /opt/airflow/dags/feature_store.py took 3.444 seconds
[2026-02-01T21:10:26.227+0000] {processor.py:161} INFO - Started process (PID=33677) to work on /opt/airflow/dags/feature_store.py
[2026-02-01T21:10:26.228+0000] {processor.py:830} INFO - Processing file /opt/airflow/dags/feature_store.py for tasks to queue
[2026-02-01T21:10:26.229+0000] {logging_mixin.py:188} INFO - [2026-02-01T21:10:26.229+0000] {dagbag.py:545} INFO - Filling up the DagBag from /opt/airflow/dags/feature_store.py
[2026-02-01T21:10:28.387+0000] {logging_mixin.py:188} WARNING - /opt/airflow/dags/feature_store.py:64 RemovedInAirflow3Warning: Param `schedule_interval` is deprecated and will be removed in a future release. Please use `schedule` instead.
[2026-02-01T21:10:28.392+0000] {processor.py:840} INFO - DAG(s) 'feature_store_cre' retrieved from /opt/airflow/dags/feature_store.py
[2026-02-01T21:10:28.419+0000] {logging_mixin.py:188} INFO - [2026-02-01T21:10:28.418+0000] {dag.py:3096} INFO - Sync 1 DAGs
[2026-02-01T21:10:28.442+0000] {logging_mixin.py:188} INFO - [2026-02-01T21:10:28.442+0000] {dag.py:3954} INFO - Setting next_dagrun for feature_store_cre to 2026-01-31 00:00:00+00:00, run_after=2026-02-01 00:00:00+00:00
[2026-02-01T21:10:28.470+0000] {processor.py:183} INFO - Processing /opt/airflow/dags/feature_store.py took 2.247 seconds
[2026-02-01T21:10:58.913+0000] {processor.py:161} INFO - Started process (PID=33724) to work on /opt/airflow/dags/feature_store.py
[2026-02-01T21:10:58.915+0000] {processor.py:830} INFO - Processing file /opt/airflow/dags/feature_store.py for tasks to queue
[2026-02-01T21:10:58.917+0000] {logging_mixin.py:188} INFO - [2026-02-01T21:10:58.916+0000] {dagbag.py:545} INFO - Filling up the DagBag from /opt/airflow/dags/feature_store.py
[2026-02-01T21:11:01.364+0000] {logging_mixin.py:188} WARNING - /opt/airflow/dags/feature_store.py:64 RemovedInAirflow3Warning: Param `schedule_interval` is deprecated and will be removed in a future release. Please use `schedule` instead.
[2026-02-01T21:11:01.369+0000] {processor.py:840} INFO - DAG(s) 'feature_store_cre' retrieved from /opt/airflow/dags/feature_store.py
[2026-02-01T21:11:01.391+0000] {logging_mixin.py:188} INFO - [2026-02-01T21:11:01.391+0000] {dag.py:3096} INFO - Sync 1 DAGs
[2026-02-01T21:11:01.412+0000] {logging_mixin.py:188} INFO - [2026-02-01T21:11:01.412+0000] {dag.py:3954} INFO - Setting next_dagrun for feature_store_cre to 2026-01-31 00:00:00+00:00, run_after=2026-02-01 00:00:00+00:00
[2026-02-01T21:11:01.435+0000] {processor.py:183} INFO - Processing /opt/airflow/dags/feature_store.py took 2.528 seconds
[2026-02-01T21:11:31.481+0000] {processor.py:161} INFO - Started process (PID=33777) to work on /opt/airflow/dags/feature_store.py
[2026-02-01T21:11:31.482+0000] {processor.py:830} INFO - Processing file /opt/airflow/dags/feature_store.py for tasks to queue
[2026-02-01T21:11:31.484+0000] {logging_mixin.py:188} INFO - [2026-02-01T21:11:31.484+0000] {dagbag.py:545} INFO - Filling up the DagBag from /opt/airflow/dags/feature_store.py
[2026-02-01T21:11:35.433+0000] {logging_mixin.py:188} WARNING - /opt/airflow/dags/feature_store.py:64 RemovedInAirflow3Warning: Param `schedule_interval` is deprecated and will be removed in a future release. Please use `schedule` instead.
[2026-02-01T21:11:35.444+0000] {processor.py:840} INFO - DAG(s) 'feature_store_cre' retrieved from /opt/airflow/dags/feature_store.py
[2026-02-01T21:11:35.492+0000] {logging_mixin.py:188} INFO - [2026-02-01T21:11:35.491+0000] {dag.py:3096} INFO - Sync 1 DAGs
[2026-02-01T21:11:35.529+0000] {logging_mixin.py:188} INFO - [2026-02-01T21:11:35.528+0000] {dag.py:3954} INFO - Setting next_dagrun for feature_store_cre to 2026-01-31 00:00:00+00:00, run_after=2026-02-01 00:00:00+00:00
[2026-02-01T21:11:35.560+0000] {processor.py:183} INFO - Processing /opt/airflow/dags/feature_store.py took 4.088 seconds
[2026-02-01T21:12:05.961+0000] {processor.py:161} INFO - Started process (PID=33821) to work on /opt/airflow/dags/feature_store.py
[2026-02-01T21:12:05.963+0000] {processor.py:830} INFO - Processing file /opt/airflow/dags/feature_store.py for tasks to queue
[2026-02-01T21:12:05.967+0000] {logging_mixin.py:188} INFO - [2026-02-01T21:12:05.966+0000] {dagbag.py:545} INFO - Filling up the DagBag from /opt/airflow/dags/feature_store.py
[2026-02-01T21:12:08.776+0000] {logging_mixin.py:188} WARNING - /opt/airflow/dags/feature_store.py:64 RemovedInAirflow3Warning: Param `schedule_interval` is deprecated and will be removed in a future release. Please use `schedule` instead.
[2026-02-01T21:12:08.782+0000] {processor.py:840} INFO - DAG(s) 'feature_store_cre' retrieved from /opt/airflow/dags/feature_store.py
[2026-02-01T21:12:08.814+0000] {logging_mixin.py:188} INFO - [2026-02-01T21:12:08.813+0000] {dag.py:3096} INFO - Sync 1 DAGs
[2026-02-01T21:12:08.840+0000] {logging_mixin.py:188} INFO - [2026-02-01T21:12:08.839+0000] {dag.py:3954} INFO - Setting next_dagrun for feature_store_cre to 2026-01-31 00:00:00+00:00, run_after=2026-02-01 00:00:00+00:00
[2026-02-01T21:12:08.868+0000] {processor.py:183} INFO - Processing /opt/airflow/dags/feature_store.py took 2.924 seconds
[2026-02-01T21:12:38.960+0000] {processor.py:161} INFO - Started process (PID=33867) to work on /opt/airflow/dags/feature_store.py
[2026-02-01T21:12:38.964+0000] {processor.py:830} INFO - Processing file /opt/airflow/dags/feature_store.py for tasks to queue
[2026-02-01T21:12:38.967+0000] {logging_mixin.py:188} INFO - [2026-02-01T21:12:38.966+0000] {dagbag.py:545} INFO - Filling up the DagBag from /opt/airflow/dags/feature_store.py
[2026-02-01T21:12:41.946+0000] {logging_mixin.py:188} WARNING - /opt/airflow/dags/feature_store.py:64 RemovedInAirflow3Warning: Param `schedule_interval` is deprecated and will be removed in a future release. Please use `schedule` instead.
[2026-02-01T21:12:41.952+0000] {processor.py:840} INFO - DAG(s) 'feature_store_cre' retrieved from /opt/airflow/dags/feature_store.py
[2026-02-01T21:12:41.978+0000] {logging_mixin.py:188} INFO - [2026-02-01T21:12:41.978+0000] {dag.py:3096} INFO - Sync 1 DAGs
[2026-02-01T21:12:42.001+0000] {logging_mixin.py:188} INFO - [2026-02-01T21:12:42.000+0000] {dag.py:3954} INFO - Setting next_dagrun for feature_store_cre to 2026-01-31 00:00:00+00:00, run_after=2026-02-01 00:00:00+00:00
[2026-02-01T21:12:42.029+0000] {processor.py:183} INFO - Processing /opt/airflow/dags/feature_store.py took 3.086 seconds
[2026-02-01T21:13:19.192+0000] {processor.py:161} INFO - Started process (PID=33914) to work on /opt/airflow/dags/feature_store.py
[2026-02-01T21:13:19.193+0000] {processor.py:830} INFO - Processing file /opt/airflow/dags/feature_store.py for tasks to queue
[2026-02-01T21:13:19.196+0000] {logging_mixin.py:188} INFO - [2026-02-01T21:13:19.196+0000] {dagbag.py:545} INFO - Filling up the DagBag from /opt/airflow/dags/feature_store.py
[2026-02-01T21:13:23.092+0000] {logging_mixin.py:188} WARNING - /opt/airflow/dags/feature_store.py:64 RemovedInAirflow3Warning: Param `schedule_interval` is deprecated and will be removed in a future release. Please use `schedule` instead.
[2026-02-01T21:13:23.099+0000] {processor.py:840} INFO - DAG(s) 'feature_store_cre' retrieved from /opt/airflow/dags/feature_store.py
[2026-02-01T21:13:23.140+0000] {logging_mixin.py:188} INFO - [2026-02-01T21:13:23.139+0000] {dag.py:3096} INFO - Sync 1 DAGs
[2026-02-01T21:13:23.174+0000] {logging_mixin.py:188} INFO - [2026-02-01T21:13:23.174+0000] {dag.py:3954} INFO - Setting next_dagrun for feature_store_cre to 2026-01-31 00:00:00+00:00, run_after=2026-02-01 00:00:00+00:00
[2026-02-01T21:13:23.211+0000] {processor.py:183} INFO - Processing /opt/airflow/dags/feature_store.py took 4.032 seconds
[2026-02-01T21:13:53.504+0000] {processor.py:161} INFO - Started process (PID=33948) to work on /opt/airflow/dags/feature_store.py
[2026-02-01T21:13:53.505+0000] {processor.py:830} INFO - Processing file /opt/airflow/dags/feature_store.py for tasks to queue
[2026-02-01T21:13:53.508+0000] {logging_mixin.py:188} INFO - [2026-02-01T21:13:53.507+0000] {dagbag.py:545} INFO - Filling up the DagBag from /opt/airflow/dags/feature_store.py
[2026-02-01T21:13:56.653+0000] {logging_mixin.py:188} WARNING - /opt/airflow/dags/feature_store.py:64 RemovedInAirflow3Warning: Param `schedule_interval` is deprecated and will be removed in a future release. Please use `schedule` instead.
[2026-02-01T21:13:56.660+0000] {processor.py:840} INFO - DAG(s) 'feature_store_cre' retrieved from /opt/airflow/dags/feature_store.py
[2026-02-01T21:13:56.691+0000] {logging_mixin.py:188} INFO - [2026-02-01T21:13:56.690+0000] {dag.py:3096} INFO - Sync 1 DAGs
[2026-02-01T21:13:56.721+0000] {logging_mixin.py:188} INFO - [2026-02-01T21:13:56.720+0000] {dag.py:3954} INFO - Setting next_dagrun for feature_store_cre to 2026-01-31 00:00:00+00:00, run_after=2026-02-01 00:00:00+00:00
[2026-02-01T21:13:56.750+0000] {processor.py:183} INFO - Processing /opt/airflow/dags/feature_store.py took 3.256 seconds
[2026-02-01T21:14:27.891+0000] {processor.py:161} INFO - Started process (PID=33995) to work on /opt/airflow/dags/feature_store.py
[2026-02-01T21:14:27.895+0000] {processor.py:830} INFO - Processing file /opt/airflow/dags/feature_store.py for tasks to queue
[2026-02-01T21:14:27.898+0000] {logging_mixin.py:188} INFO - [2026-02-01T21:14:27.898+0000] {dagbag.py:545} INFO - Filling up the DagBag from /opt/airflow/dags/feature_store.py
[2026-02-01T21:14:30.639+0000] {logging_mixin.py:188} WARNING - /opt/airflow/dags/feature_store.py:64 RemovedInAirflow3Warning: Param `schedule_interval` is deprecated and will be removed in a future release. Please use `schedule` instead.
[2026-02-01T21:14:30.644+0000] {processor.py:840} INFO - DAG(s) 'feature_store_cre' retrieved from /opt/airflow/dags/feature_store.py
[2026-02-01T21:14:30.668+0000] {logging_mixin.py:188} INFO - [2026-02-01T21:14:30.668+0000] {dag.py:3096} INFO - Sync 1 DAGs
[2026-02-01T21:14:30.690+0000] {logging_mixin.py:188} INFO - [2026-02-01T21:14:30.690+0000] {dag.py:3954} INFO - Setting next_dagrun for feature_store_cre to 2026-01-31 00:00:00+00:00, run_after=2026-02-01 00:00:00+00:00
[2026-02-01T21:14:30.715+0000] {processor.py:183} INFO - Processing /opt/airflow/dags/feature_store.py took 2.834 seconds
[2026-02-01T21:15:01.542+0000] {processor.py:161} INFO - Started process (PID=34034) to work on /opt/airflow/dags/feature_store.py
[2026-02-01T21:15:01.545+0000] {processor.py:830} INFO - Processing file /opt/airflow/dags/feature_store.py for tasks to queue
[2026-02-01T21:15:01.549+0000] {logging_mixin.py:188} INFO - [2026-02-01T21:15:01.549+0000] {dagbag.py:545} INFO - Filling up the DagBag from /opt/airflow/dags/feature_store.py
[2026-02-01T21:15:05.487+0000] {logging_mixin.py:188} WARNING - /opt/airflow/dags/feature_store.py:64 RemovedInAirflow3Warning: Param `schedule_interval` is deprecated and will be removed in a future release. Please use `schedule` instead.
[2026-02-01T21:15:05.492+0000] {processor.py:840} INFO - DAG(s) 'feature_store_cre' retrieved from /opt/airflow/dags/feature_store.py
[2026-02-01T21:15:05.524+0000] {logging_mixin.py:188} INFO - [2026-02-01T21:15:05.523+0000] {dag.py:3096} INFO - Sync 1 DAGs
[2026-02-01T21:15:05.550+0000] {logging_mixin.py:188} INFO - [2026-02-01T21:15:05.550+0000] {dag.py:3954} INFO - Setting next_dagrun for feature_store_cre to 2026-01-31 00:00:00+00:00, run_after=2026-02-01 00:00:00+00:00
[2026-02-01T21:15:05.580+0000] {processor.py:183} INFO - Processing /opt/airflow/dags/feature_store.py took 4.051 seconds
[2026-02-01T21:15:35.783+0000] {processor.py:161} INFO - Started process (PID=34081) to work on /opt/airflow/dags/feature_store.py
[2026-02-01T21:15:35.785+0000] {processor.py:830} INFO - Processing file /opt/airflow/dags/feature_store.py for tasks to queue
[2026-02-01T21:15:35.787+0000] {logging_mixin.py:188} INFO - [2026-02-01T21:15:35.787+0000] {dagbag.py:545} INFO - Filling up the DagBag from /opt/airflow/dags/feature_store.py
[2026-02-01T21:15:39.097+0000] {logging_mixin.py:188} WARNING - /opt/airflow/dags/feature_store.py:64 RemovedInAirflow3Warning: Param `schedule_interval` is deprecated and will be removed in a future release. Please use `schedule` instead.
[2026-02-01T21:15:39.107+0000] {processor.py:840} INFO - DAG(s) 'feature_store_cre' retrieved from /opt/airflow/dags/feature_store.py
[2026-02-01T21:15:39.154+0000] {logging_mixin.py:188} INFO - [2026-02-01T21:15:39.153+0000] {dag.py:3096} INFO - Sync 1 DAGs
[2026-02-01T21:15:39.194+0000] {logging_mixin.py:188} INFO - [2026-02-01T21:15:39.193+0000] {dag.py:3954} INFO - Setting next_dagrun for feature_store_cre to 2026-01-31 00:00:00+00:00, run_after=2026-02-01 00:00:00+00:00
[2026-02-01T21:15:39.233+0000] {processor.py:183} INFO - Processing /opt/airflow/dags/feature_store.py took 3.458 seconds
[2026-02-01T21:16:09.801+0000] {processor.py:161} INFO - Started process (PID=34128) to work on /opt/airflow/dags/feature_store.py
[2026-02-01T21:16:09.802+0000] {processor.py:830} INFO - Processing file /opt/airflow/dags/feature_store.py for tasks to queue
[2026-02-01T21:16:09.804+0000] {logging_mixin.py:188} INFO - [2026-02-01T21:16:09.803+0000] {dagbag.py:545} INFO - Filling up the DagBag from /opt/airflow/dags/feature_store.py
[2026-02-01T21:16:11.914+0000] {logging_mixin.py:188} WARNING - /opt/airflow/dags/feature_store.py:64 RemovedInAirflow3Warning: Param `schedule_interval` is deprecated and will be removed in a future release. Please use `schedule` instead.
[2026-02-01T21:16:11.920+0000] {processor.py:840} INFO - DAG(s) 'feature_store_cre' retrieved from /opt/airflow/dags/feature_store.py
[2026-02-01T21:16:11.965+0000] {logging_mixin.py:188} INFO - [2026-02-01T21:16:11.964+0000] {dag.py:3096} INFO - Sync 1 DAGs
[2026-02-01T21:16:11.994+0000] {logging_mixin.py:188} INFO - [2026-02-01T21:16:11.994+0000] {dag.py:3954} INFO - Setting next_dagrun for feature_store_cre to 2026-01-31 00:00:00+00:00, run_after=2026-02-01 00:00:00+00:00
[2026-02-01T21:16:12.024+0000] {processor.py:183} INFO - Processing /opt/airflow/dags/feature_store.py took 2.228 seconds
[2026-02-01T21:16:42.534+0000] {processor.py:161} INFO - Started process (PID=34175) to work on /opt/airflow/dags/feature_store.py
[2026-02-01T21:16:42.538+0000] {processor.py:830} INFO - Processing file /opt/airflow/dags/feature_store.py for tasks to queue
[2026-02-01T21:16:42.540+0000] {logging_mixin.py:188} INFO - [2026-02-01T21:16:42.540+0000] {dagbag.py:545} INFO - Filling up the DagBag from /opt/airflow/dags/feature_store.py
[2026-02-01T21:16:44.828+0000] {logging_mixin.py:188} WARNING - /opt/airflow/dags/feature_store.py:64 RemovedInAirflow3Warning: Param `schedule_interval` is deprecated and will be removed in a future release. Please use `schedule` instead.
[2026-02-01T21:16:44.832+0000] {processor.py:840} INFO - DAG(s) 'feature_store_cre' retrieved from /opt/airflow/dags/feature_store.py
[2026-02-01T21:16:44.852+0000] {logging_mixin.py:188} INFO - [2026-02-01T21:16:44.851+0000] {dag.py:3096} INFO - Sync 1 DAGs
[2026-02-01T21:16:44.868+0000] {logging_mixin.py:188} INFO - [2026-02-01T21:16:44.867+0000] {dag.py:3954} INFO - Setting next_dagrun for feature_store_cre to 2026-01-31 00:00:00+00:00, run_after=2026-02-01 00:00:00+00:00
[2026-02-01T21:16:44.886+0000] {processor.py:183} INFO - Processing /opt/airflow/dags/feature_store.py took 2.360 seconds
[2026-02-01T21:17:15.096+0000] {processor.py:161} INFO - Started process (PID=34222) to work on /opt/airflow/dags/feature_store.py
[2026-02-01T21:17:15.098+0000] {processor.py:830} INFO - Processing file /opt/airflow/dags/feature_store.py for tasks to queue
[2026-02-01T21:17:15.101+0000] {logging_mixin.py:188} INFO - [2026-02-01T21:17:15.100+0000] {dagbag.py:545} INFO - Filling up the DagBag from /opt/airflow/dags/feature_store.py
[2026-02-01T21:17:17.947+0000] {logging_mixin.py:188} WARNING - /opt/airflow/dags/feature_store.py:64 RemovedInAirflow3Warning: Param `schedule_interval` is deprecated and will be removed in a future release. Please use `schedule` instead.
[2026-02-01T21:17:17.954+0000] {processor.py:840} INFO - DAG(s) 'feature_store_cre' retrieved from /opt/airflow/dags/feature_store.py
[2026-02-01T21:17:17.978+0000] {logging_mixin.py:188} INFO - [2026-02-01T21:17:17.978+0000] {dag.py:3096} INFO - Sync 1 DAGs
[2026-02-01T21:17:18.000+0000] {logging_mixin.py:188} INFO - [2026-02-01T21:17:18.000+0000] {dag.py:3954} INFO - Setting next_dagrun for feature_store_cre to 2026-01-31 00:00:00+00:00, run_after=2026-02-01 00:00:00+00:00
[2026-02-01T21:17:18.024+0000] {processor.py:183} INFO - Processing /opt/airflow/dags/feature_store.py took 2.939 seconds
[2026-02-01T21:17:48.241+0000] {processor.py:161} INFO - Started process (PID=34269) to work on /opt/airflow/dags/feature_store.py
[2026-02-01T21:17:48.244+0000] {processor.py:830} INFO - Processing file /opt/airflow/dags/feature_store.py for tasks to queue
[2026-02-01T21:17:48.248+0000] {logging_mixin.py:188} INFO - [2026-02-01T21:17:48.247+0000] {dagbag.py:545} INFO - Filling up the DagBag from /opt/airflow/dags/feature_store.py
[2026-02-01T21:17:50.392+0000] {logging_mixin.py:188} WARNING - /opt/airflow/dags/feature_store.py:64 RemovedInAirflow3Warning: Param `schedule_interval` is deprecated and will be removed in a future release. Please use `schedule` instead.
[2026-02-01T21:17:50.397+0000] {processor.py:840} INFO - DAG(s) 'feature_store_cre' retrieved from /opt/airflow/dags/feature_store.py
[2026-02-01T21:17:50.427+0000] {logging_mixin.py:188} INFO - [2026-02-01T21:17:50.426+0000] {dag.py:3096} INFO - Sync 1 DAGs
[2026-02-01T21:17:50.451+0000] {logging_mixin.py:188} INFO - [2026-02-01T21:17:50.451+0000] {dag.py:3954} INFO - Setting next_dagrun for feature_store_cre to 2026-01-31 00:00:00+00:00, run_after=2026-02-01 00:00:00+00:00
[2026-02-01T21:17:50.474+0000] {processor.py:183} INFO - Processing /opt/airflow/dags/feature_store.py took 2.238 seconds
[2026-02-01T21:18:20.616+0000] {processor.py:161} INFO - Started process (PID=34315) to work on /opt/airflow/dags/feature_store.py
[2026-02-01T21:18:20.617+0000] {processor.py:830} INFO - Processing file /opt/airflow/dags/feature_store.py for tasks to queue
[2026-02-01T21:18:20.619+0000] {logging_mixin.py:188} INFO - [2026-02-01T21:18:20.618+0000] {dagbag.py:545} INFO - Filling up the DagBag from /opt/airflow/dags/feature_store.py
[2026-02-01T21:18:22.987+0000] {logging_mixin.py:188} WARNING - /opt/airflow/dags/feature_store.py:64 RemovedInAirflow3Warning: Param `schedule_interval` is deprecated and will be removed in a future release. Please use `schedule` instead.
[2026-02-01T21:18:22.992+0000] {processor.py:840} INFO - DAG(s) 'feature_store_cre' retrieved from /opt/airflow/dags/feature_store.py
[2026-02-01T21:18:23.016+0000] {logging_mixin.py:188} INFO - [2026-02-01T21:18:23.015+0000] {dag.py:3096} INFO - Sync 1 DAGs
[2026-02-01T21:18:23.033+0000] {logging_mixin.py:188} INFO - [2026-02-01T21:18:23.033+0000] {dag.py:3954} INFO - Setting next_dagrun for feature_store_cre to 2026-01-31 00:00:00+00:00, run_after=2026-02-01 00:00:00+00:00
[2026-02-01T21:18:23.057+0000] {processor.py:183} INFO - Processing /opt/airflow/dags/feature_store.py took 2.446 seconds
[2026-02-01T21:18:53.637+0000] {processor.py:161} INFO - Started process (PID=34362) to work on /opt/airflow/dags/feature_store.py
[2026-02-01T21:18:53.640+0000] {processor.py:830} INFO - Processing file /opt/airflow/dags/feature_store.py for tasks to queue
[2026-02-01T21:18:53.643+0000] {logging_mixin.py:188} INFO - [2026-02-01T21:18:53.642+0000] {dagbag.py:545} INFO - Filling up the DagBag from /opt/airflow/dags/feature_store.py
[2026-02-01T21:18:55.893+0000] {logging_mixin.py:188} WARNING - /opt/airflow/dags/feature_store.py:64 RemovedInAirflow3Warning: Param `schedule_interval` is deprecated and will be removed in a future release. Please use `schedule` instead.
[2026-02-01T21:18:55.898+0000] {processor.py:840} INFO - DAG(s) 'feature_store_cre' retrieved from /opt/airflow/dags/feature_store.py
[2026-02-01T21:18:55.927+0000] {logging_mixin.py:188} INFO - [2026-02-01T21:18:55.927+0000] {dag.py:3096} INFO - Sync 1 DAGs
[2026-02-01T21:18:55.952+0000] {logging_mixin.py:188} INFO - [2026-02-01T21:18:55.952+0000] {dag.py:3954} INFO - Setting next_dagrun for feature_store_cre to 2026-01-31 00:00:00+00:00, run_after=2026-02-01 00:00:00+00:00
[2026-02-01T21:18:55.980+0000] {processor.py:183} INFO - Processing /opt/airflow/dags/feature_store.py took 2.350 seconds
[2026-02-01T21:19:26.100+0000] {processor.py:161} INFO - Started process (PID=34406) to work on /opt/airflow/dags/feature_store.py
[2026-02-01T21:19:26.101+0000] {processor.py:830} INFO - Processing file /opt/airflow/dags/feature_store.py for tasks to queue
[2026-02-01T21:19:26.103+0000] {logging_mixin.py:188} INFO - [2026-02-01T21:19:26.103+0000] {dagbag.py:545} INFO - Filling up the DagBag from /opt/airflow/dags/feature_store.py
[2026-02-01T21:19:28.838+0000] {logging_mixin.py:188} WARNING - /opt/airflow/dags/feature_store.py:64 RemovedInAirflow3Warning: Param `schedule_interval` is deprecated and will be removed in a future release. Please use `schedule` instead.
[2026-02-01T21:19:28.843+0000] {processor.py:840} INFO - DAG(s) 'feature_store_cre' retrieved from /opt/airflow/dags/feature_store.py
[2026-02-01T21:19:28.875+0000] {logging_mixin.py:188} INFO - [2026-02-01T21:19:28.874+0000] {dag.py:3096} INFO - Sync 1 DAGs
[2026-02-01T21:19:28.903+0000] {logging_mixin.py:188} INFO - [2026-02-01T21:19:28.903+0000] {dag.py:3954} INFO - Setting next_dagrun for feature_store_cre to 2026-01-31 00:00:00+00:00, run_after=2026-02-01 00:00:00+00:00
[2026-02-01T21:19:28.932+0000] {processor.py:183} INFO - Processing /opt/airflow/dags/feature_store.py took 2.840 seconds
[2026-02-01T21:19:59.706+0000] {processor.py:161} INFO - Started process (PID=34453) to work on /opt/airflow/dags/feature_store.py
[2026-02-01T21:19:59.709+0000] {processor.py:830} INFO - Processing file /opt/airflow/dags/feature_store.py for tasks to queue
[2026-02-01T21:19:59.712+0000] {logging_mixin.py:188} INFO - [2026-02-01T21:19:59.711+0000] {dagbag.py:545} INFO - Filling up the DagBag from /opt/airflow/dags/feature_store.py
[2026-02-01T21:20:02.344+0000] {logging_mixin.py:188} WARNING - /opt/airflow/dags/feature_store.py:64 RemovedInAirflow3Warning: Param `schedule_interval` is deprecated and will be removed in a future release. Please use `schedule` instead.
[2026-02-01T21:20:02.360+0000] {processor.py:840} INFO - DAG(s) 'feature_store_cre' retrieved from /opt/airflow/dags/feature_store.py
[2026-02-01T21:20:02.407+0000] {logging_mixin.py:188} INFO - [2026-02-01T21:20:02.406+0000] {dag.py:3096} INFO - Sync 1 DAGs
[2026-02-01T21:20:02.461+0000] {logging_mixin.py:188} INFO - [2026-02-01T21:20:02.460+0000] {dag.py:3954} INFO - Setting next_dagrun for feature_store_cre to 2026-01-31 00:00:00+00:00, run_after=2026-02-01 00:00:00+00:00
[2026-02-01T21:20:02.520+0000] {processor.py:183} INFO - Processing /opt/airflow/dags/feature_store.py took 2.822 seconds
[2026-02-01T21:20:32.839+0000] {processor.py:161} INFO - Started process (PID=34500) to work on /opt/airflow/dags/feature_store.py
[2026-02-01T21:20:32.840+0000] {processor.py:830} INFO - Processing file /opt/airflow/dags/feature_store.py for tasks to queue
[2026-02-01T21:20:32.841+0000] {logging_mixin.py:188} INFO - [2026-02-01T21:20:32.841+0000] {dagbag.py:545} INFO - Filling up the DagBag from /opt/airflow/dags/feature_store.py
[2026-02-01T21:20:34.749+0000] {logging_mixin.py:188} WARNING - /opt/airflow/dags/feature_store.py:64 RemovedInAirflow3Warning: Param `schedule_interval` is deprecated and will be removed in a future release. Please use `schedule` instead.
[2026-02-01T21:20:34.753+0000] {processor.py:840} INFO - DAG(s) 'feature_store_cre' retrieved from /opt/airflow/dags/feature_store.py
[2026-02-01T21:20:34.786+0000] {logging_mixin.py:188} INFO - [2026-02-01T21:20:34.786+0000] {dag.py:3096} INFO - Sync 1 DAGs
[2026-02-01T21:20:34.824+0000] {logging_mixin.py:188} INFO - [2026-02-01T21:20:34.824+0000] {dag.py:3954} INFO - Setting next_dagrun for feature_store_cre to 2026-01-31 00:00:00+00:00, run_after=2026-02-01 00:00:00+00:00
[2026-02-01T21:20:34.852+0000] {processor.py:183} INFO - Processing /opt/airflow/dags/feature_store.py took 2.018 seconds
[2026-02-01T21:21:05.332+0000] {processor.py:161} INFO - Started process (PID=34547) to work on /opt/airflow/dags/feature_store.py
[2026-02-01T21:21:05.333+0000] {processor.py:830} INFO - Processing file /opt/airflow/dags/feature_store.py for tasks to queue
[2026-02-01T21:21:05.335+0000] {logging_mixin.py:188} INFO - [2026-02-01T21:21:05.334+0000] {dagbag.py:545} INFO - Filling up the DagBag from /opt/airflow/dags/feature_store.py
[2026-02-01T21:21:06.856+0000] {logging_mixin.py:188} WARNING - /opt/airflow/dags/feature_store.py:64 RemovedInAirflow3Warning: Param `schedule_interval` is deprecated and will be removed in a future release. Please use `schedule` instead.
[2026-02-01T21:21:06.861+0000] {processor.py:840} INFO - DAG(s) 'feature_store_cre' retrieved from /opt/airflow/dags/feature_store.py
[2026-02-01T21:21:06.879+0000] {logging_mixin.py:188} INFO - [2026-02-01T21:21:06.879+0000] {dag.py:3096} INFO - Sync 1 DAGs
[2026-02-01T21:21:06.894+0000] {logging_mixin.py:188} INFO - [2026-02-01T21:21:06.894+0000] {dag.py:3954} INFO - Setting next_dagrun for feature_store_cre to 2026-01-31 00:00:00+00:00, run_after=2026-02-01 00:00:00+00:00
[2026-02-01T21:21:06.911+0000] {processor.py:183} INFO - Processing /opt/airflow/dags/feature_store.py took 1.584 seconds
[2026-02-01T21:21:37.483+0000] {processor.py:161} INFO - Started process (PID=34594) to work on /opt/airflow/dags/feature_store.py
[2026-02-01T21:21:37.484+0000] {processor.py:830} INFO - Processing file /opt/airflow/dags/feature_store.py for tasks to queue
[2026-02-01T21:21:37.485+0000] {logging_mixin.py:188} INFO - [2026-02-01T21:21:37.485+0000] {dagbag.py:545} INFO - Filling up the DagBag from /opt/airflow/dags/feature_store.py
[2026-02-01T21:21:39.071+0000] {logging_mixin.py:188} WARNING - /opt/airflow/dags/feature_store.py:64 RemovedInAirflow3Warning: Param `schedule_interval` is deprecated and will be removed in a future release. Please use `schedule` instead.
[2026-02-01T21:21:39.075+0000] {processor.py:840} INFO - DAG(s) 'feature_store_cre' retrieved from /opt/airflow/dags/feature_store.py
[2026-02-01T21:21:39.094+0000] {logging_mixin.py:188} INFO - [2026-02-01T21:21:39.094+0000] {dag.py:3096} INFO - Sync 1 DAGs
[2026-02-01T21:21:39.109+0000] {logging_mixin.py:188} INFO - [2026-02-01T21:21:39.109+0000] {dag.py:3954} INFO - Setting next_dagrun for feature_store_cre to 2026-01-31 00:00:00+00:00, run_after=2026-02-01 00:00:00+00:00
[2026-02-01T21:21:39.126+0000] {processor.py:183} INFO - Processing /opt/airflow/dags/feature_store.py took 1.648 seconds
[2026-02-01T21:22:09.619+0000] {processor.py:161} INFO - Started process (PID=34641) to work on /opt/airflow/dags/feature_store.py
[2026-02-01T21:22:09.620+0000] {processor.py:830} INFO - Processing file /opt/airflow/dags/feature_store.py for tasks to queue
[2026-02-01T21:22:09.622+0000] {logging_mixin.py:188} INFO - [2026-02-01T21:22:09.621+0000] {dagbag.py:545} INFO - Filling up the DagBag from /opt/airflow/dags/feature_store.py
[2026-02-01T21:22:11.143+0000] {logging_mixin.py:188} WARNING - /opt/airflow/dags/feature_store.py:64 RemovedInAirflow3Warning: Param `schedule_interval` is deprecated and will be removed in a future release. Please use `schedule` instead.
[2026-02-01T21:22:11.147+0000] {processor.py:840} INFO - DAG(s) 'feature_store_cre' retrieved from /opt/airflow/dags/feature_store.py
[2026-02-01T21:22:11.163+0000] {logging_mixin.py:188} INFO - [2026-02-01T21:22:11.162+0000] {dag.py:3096} INFO - Sync 1 DAGs
[2026-02-01T21:22:11.177+0000] {logging_mixin.py:188} INFO - [2026-02-01T21:22:11.177+0000] {dag.py:3954} INFO - Setting next_dagrun for feature_store_cre to 2026-01-31 00:00:00+00:00, run_after=2026-02-01 00:00:00+00:00
[2026-02-01T21:22:11.194+0000] {processor.py:183} INFO - Processing /opt/airflow/dags/feature_store.py took 1.579 seconds
[2026-02-01T21:22:41.683+0000] {processor.py:161} INFO - Started process (PID=34688) to work on /opt/airflow/dags/feature_store.py
[2026-02-01T21:22:41.683+0000] {processor.py:830} INFO - Processing file /opt/airflow/dags/feature_store.py for tasks to queue
[2026-02-01T21:22:41.684+0000] {logging_mixin.py:188} INFO - [2026-02-01T21:22:41.684+0000] {dagbag.py:545} INFO - Filling up the DagBag from /opt/airflow/dags/feature_store.py
[2026-02-01T21:22:43.351+0000] {logging_mixin.py:188} WARNING - /opt/airflow/dags/feature_store.py:64 RemovedInAirflow3Warning: Param `schedule_interval` is deprecated and will be removed in a future release. Please use `schedule` instead.
[2026-02-01T21:22:43.357+0000] {processor.py:840} INFO - DAG(s) 'feature_store_cre' retrieved from /opt/airflow/dags/feature_store.py
[2026-02-01T21:22:43.387+0000] {logging_mixin.py:188} INFO - [2026-02-01T21:22:43.386+0000] {dag.py:3096} INFO - Sync 1 DAGs
[2026-02-01T21:22:43.411+0000] {logging_mixin.py:188} INFO - [2026-02-01T21:22:43.411+0000] {dag.py:3954} INFO - Setting next_dagrun for feature_store_cre to 2026-01-31 00:00:00+00:00, run_after=2026-02-01 00:00:00+00:00
[2026-02-01T21:22:43.442+0000] {processor.py:183} INFO - Processing /opt/airflow/dags/feature_store.py took 1.763 seconds
[2026-02-01T21:23:13.933+0000] {processor.py:161} INFO - Started process (PID=34735) to work on /opt/airflow/dags/feature_store.py
[2026-02-01T21:23:13.936+0000] {processor.py:830} INFO - Processing file /opt/airflow/dags/feature_store.py for tasks to queue
[2026-02-01T21:23:13.939+0000] {logging_mixin.py:188} INFO - [2026-02-01T21:23:13.938+0000] {dagbag.py:545} INFO - Filling up the DagBag from /opt/airflow/dags/feature_store.py
[2026-02-01T21:23:16.840+0000] {logging_mixin.py:188} WARNING - /opt/airflow/dags/feature_store.py:64 RemovedInAirflow3Warning: Param `schedule_interval` is deprecated and will be removed in a future release. Please use `schedule` instead.
[2026-02-01T21:23:16.846+0000] {processor.py:840} INFO - DAG(s) 'feature_store_cre' retrieved from /opt/airflow/dags/feature_store.py
[2026-02-01T21:23:16.873+0000] {logging_mixin.py:188} INFO - [2026-02-01T21:23:16.872+0000] {dag.py:3096} INFO - Sync 1 DAGs
[2026-02-01T21:23:16.895+0000] {logging_mixin.py:188} INFO - [2026-02-01T21:23:16.895+0000] {dag.py:3954} INFO - Setting next_dagrun for feature_store_cre to 2026-01-31 00:00:00+00:00, run_after=2026-02-01 00:00:00+00:00
[2026-02-01T21:23:16.924+0000] {processor.py:183} INFO - Processing /opt/airflow/dags/feature_store.py took 3.005 seconds
[2026-02-01T21:23:47.540+0000] {processor.py:161} INFO - Started process (PID=34778) to work on /opt/airflow/dags/feature_store.py
[2026-02-01T21:23:47.541+0000] {processor.py:830} INFO - Processing file /opt/airflow/dags/feature_store.py for tasks to queue
[2026-02-01T21:23:47.542+0000] {logging_mixin.py:188} INFO - [2026-02-01T21:23:47.542+0000] {dagbag.py:545} INFO - Filling up the DagBag from /opt/airflow/dags/feature_store.py
[2026-02-01T21:23:49.496+0000] {logging_mixin.py:188} WARNING - /opt/airflow/dags/feature_store.py:64 RemovedInAirflow3Warning: Param `schedule_interval` is deprecated and will be removed in a future release. Please use `schedule` instead.
[2026-02-01T21:23:49.500+0000] {processor.py:840} INFO - DAG(s) 'feature_store_cre' retrieved from /opt/airflow/dags/feature_store.py
[2026-02-01T21:23:49.520+0000] {logging_mixin.py:188} INFO - [2026-02-01T21:23:49.520+0000] {dag.py:3096} INFO - Sync 1 DAGs
[2026-02-01T21:23:49.535+0000] {logging_mixin.py:188} INFO - [2026-02-01T21:23:49.535+0000] {dag.py:3954} INFO - Setting next_dagrun for feature_store_cre to 2026-01-31 00:00:00+00:00, run_after=2026-02-01 00:00:00+00:00
[2026-02-01T21:23:49.551+0000] {processor.py:183} INFO - Processing /opt/airflow/dags/feature_store.py took 2.016 seconds
[2026-02-01T21:24:20.259+0000] {processor.py:161} INFO - Started process (PID=34825) to work on /opt/airflow/dags/feature_store.py
[2026-02-01T21:24:20.262+0000] {processor.py:830} INFO - Processing file /opt/airflow/dags/feature_store.py for tasks to queue
[2026-02-01T21:24:20.264+0000] {logging_mixin.py:188} INFO - [2026-02-01T21:24:20.263+0000] {dagbag.py:545} INFO - Filling up the DagBag from /opt/airflow/dags/feature_store.py
[2026-02-01T21:24:22.312+0000] {logging_mixin.py:188} WARNING - /opt/airflow/dags/feature_store.py:64 RemovedInAirflow3Warning: Param `schedule_interval` is deprecated and will be removed in a future release. Please use `schedule` instead.
[2026-02-01T21:24:22.316+0000] {processor.py:840} INFO - DAG(s) 'feature_store_cre' retrieved from /opt/airflow/dags/feature_store.py
[2026-02-01T21:24:22.334+0000] {logging_mixin.py:188} INFO - [2026-02-01T21:24:22.333+0000] {dag.py:3096} INFO - Sync 1 DAGs
[2026-02-01T21:24:22.350+0000] {logging_mixin.py:188} INFO - [2026-02-01T21:24:22.350+0000] {dag.py:3954} INFO - Setting next_dagrun for feature_store_cre to 2026-01-31 00:00:00+00:00, run_after=2026-02-01 00:00:00+00:00
[2026-02-01T21:24:22.366+0000] {processor.py:183} INFO - Processing /opt/airflow/dags/feature_store.py took 2.112 seconds
[2026-02-01T21:24:52.913+0000] {processor.py:161} INFO - Started process (PID=34860) to work on /opt/airflow/dags/feature_store.py
[2026-02-01T21:24:52.915+0000] {processor.py:830} INFO - Processing file /opt/airflow/dags/feature_store.py for tasks to queue
[2026-02-01T21:24:52.918+0000] {logging_mixin.py:188} INFO - [2026-02-01T21:24:52.917+0000] {dagbag.py:545} INFO - Filling up the DagBag from /opt/airflow/dags/feature_store.py
[2026-02-01T21:24:55.424+0000] {logging_mixin.py:188} WARNING - /opt/airflow/dags/feature_store.py:64 RemovedInAirflow3Warning: Param `schedule_interval` is deprecated and will be removed in a future release. Please use `schedule` instead.
[2026-02-01T21:24:55.429+0000] {processor.py:840} INFO - DAG(s) 'feature_store_cre' retrieved from /opt/airflow/dags/feature_store.py
[2026-02-01T21:24:55.458+0000] {logging_mixin.py:188} INFO - [2026-02-01T21:24:55.457+0000] {dag.py:3096} INFO - Sync 1 DAGs
[2026-02-01T21:24:55.478+0000] {logging_mixin.py:188} INFO - [2026-02-01T21:24:55.478+0000] {dag.py:3954} INFO - Setting next_dagrun for feature_store_cre to 2026-01-31 00:00:00+00:00, run_after=2026-02-01 00:00:00+00:00
[2026-02-01T21:24:55.501+0000] {processor.py:183} INFO - Processing /opt/airflow/dags/feature_store.py took 2.594 seconds
[2026-02-01T21:25:26.220+0000] {processor.py:161} INFO - Started process (PID=34903) to work on /opt/airflow/dags/feature_store.py
[2026-02-01T21:25:26.223+0000] {processor.py:830} INFO - Processing file /opt/airflow/dags/feature_store.py for tasks to queue
[2026-02-01T21:25:26.225+0000] {logging_mixin.py:188} INFO - [2026-02-01T21:25:26.225+0000] {dagbag.py:545} INFO - Filling up the DagBag from /opt/airflow/dags/feature_store.py
[2026-02-01T21:25:28.519+0000] {logging_mixin.py:188} WARNING - /opt/airflow/dags/feature_store.py:64 RemovedInAirflow3Warning: Param `schedule_interval` is deprecated and will be removed in a future release. Please use `schedule` instead.
[2026-02-01T21:25:28.528+0000] {processor.py:840} INFO - DAG(s) 'feature_store_cre' retrieved from /opt/airflow/dags/feature_store.py
[2026-02-01T21:25:28.559+0000] {logging_mixin.py:188} INFO - [2026-02-01T21:25:28.558+0000] {dag.py:3096} INFO - Sync 1 DAGs
[2026-02-01T21:25:28.592+0000] {logging_mixin.py:188} INFO - [2026-02-01T21:25:28.592+0000] {dag.py:3954} INFO - Setting next_dagrun for feature_store_cre to 2026-01-31 00:00:00+00:00, run_after=2026-02-01 00:00:00+00:00
[2026-02-01T21:25:28.619+0000] {processor.py:183} INFO - Processing /opt/airflow/dags/feature_store.py took 2.407 seconds
[2026-02-01T21:25:58.797+0000] {processor.py:161} INFO - Started process (PID=34950) to work on /opt/airflow/dags/feature_store.py
[2026-02-01T21:25:58.797+0000] {processor.py:830} INFO - Processing file /opt/airflow/dags/feature_store.py for tasks to queue
[2026-02-01T21:25:58.799+0000] {logging_mixin.py:188} INFO - [2026-02-01T21:25:58.798+0000] {dagbag.py:545} INFO - Filling up the DagBag from /opt/airflow/dags/feature_store.py
[2026-02-01T21:26:00.904+0000] {logging_mixin.py:188} WARNING - /opt/airflow/dags/feature_store.py:64 RemovedInAirflow3Warning: Param `schedule_interval` is deprecated and will be removed in a future release. Please use `schedule` instead.
[2026-02-01T21:26:00.909+0000] {processor.py:840} INFO - DAG(s) 'feature_store_cre' retrieved from /opt/airflow/dags/feature_store.py
[2026-02-01T21:26:00.928+0000] {logging_mixin.py:188} INFO - [2026-02-01T21:26:00.927+0000] {dag.py:3096} INFO - Sync 1 DAGs
[2026-02-01T21:26:00.943+0000] {logging_mixin.py:188} INFO - [2026-02-01T21:26:00.943+0000] {dag.py:3954} INFO - Setting next_dagrun for feature_store_cre to 2026-01-31 00:00:00+00:00, run_after=2026-02-01 00:00:00+00:00
[2026-02-01T21:26:00.960+0000] {processor.py:183} INFO - Processing /opt/airflow/dags/feature_store.py took 2.172 seconds
[2026-02-01T21:26:31.264+0000] {processor.py:161} INFO - Started process (PID=34997) to work on /opt/airflow/dags/feature_store.py
[2026-02-01T21:26:31.268+0000] {processor.py:830} INFO - Processing file /opt/airflow/dags/feature_store.py for tasks to queue
[2026-02-01T21:26:31.269+0000] {logging_mixin.py:188} INFO - [2026-02-01T21:26:31.269+0000] {dagbag.py:545} INFO - Filling up the DagBag from /opt/airflow/dags/feature_store.py
[2026-02-01T21:26:32.904+0000] {logging_mixin.py:188} WARNING - /opt/airflow/dags/feature_store.py:64 RemovedInAirflow3Warning: Param `schedule_interval` is deprecated and will be removed in a future release. Please use `schedule` instead.
[2026-02-01T21:26:32.909+0000] {processor.py:840} INFO - DAG(s) 'feature_store_cre' retrieved from /opt/airflow/dags/feature_store.py
[2026-02-01T21:26:32.936+0000] {logging_mixin.py:188} INFO - [2026-02-01T21:26:32.936+0000] {dag.py:3096} INFO - Sync 1 DAGs
[2026-02-01T21:26:32.954+0000] {logging_mixin.py:188} INFO - [2026-02-01T21:26:32.954+0000] {dag.py:3954} INFO - Setting next_dagrun for feature_store_cre to 2026-01-31 00:00:00+00:00, run_after=2026-02-01 00:00:00+00:00
[2026-02-01T21:26:32.976+0000] {processor.py:183} INFO - Processing /opt/airflow/dags/feature_store.py took 1.716 seconds
[2026-02-01T21:27:03.042+0000] {processor.py:161} INFO - Started process (PID=35044) to work on /opt/airflow/dags/feature_store.py
[2026-02-01T21:27:03.043+0000] {processor.py:830} INFO - Processing file /opt/airflow/dags/feature_store.py for tasks to queue
[2026-02-01T21:27:03.044+0000] {logging_mixin.py:188} INFO - [2026-02-01T21:27:03.044+0000] {dagbag.py:545} INFO - Filling up the DagBag from /opt/airflow/dags/feature_store.py
[2026-02-01T21:27:05.602+0000] {logging_mixin.py:188} WARNING - /opt/airflow/dags/feature_store.py:64 RemovedInAirflow3Warning: Param `schedule_interval` is deprecated and will be removed in a future release. Please use `schedule` instead.
[2026-02-01T21:27:05.607+0000] {processor.py:840} INFO - DAG(s) 'feature_store_cre' retrieved from /opt/airflow/dags/feature_store.py
[2026-02-01T21:27:05.639+0000] {logging_mixin.py:188} INFO - [2026-02-01T21:27:05.639+0000] {dag.py:3096} INFO - Sync 1 DAGs
[2026-02-01T21:27:05.660+0000] {logging_mixin.py:188} INFO - [2026-02-01T21:27:05.659+0000] {dag.py:3954} INFO - Setting next_dagrun for feature_store_cre to 2026-01-31 00:00:00+00:00, run_after=2026-02-01 00:00:00+00:00
[2026-02-01T21:27:05.684+0000] {processor.py:183} INFO - Processing /opt/airflow/dags/feature_store.py took 2.646 seconds
[2026-02-01T21:27:36.016+0000] {processor.py:161} INFO - Started process (PID=35091) to work on /opt/airflow/dags/feature_store.py
[2026-02-01T21:27:36.018+0000] {processor.py:830} INFO - Processing file /opt/airflow/dags/feature_store.py for tasks to queue
[2026-02-01T21:27:36.020+0000] {logging_mixin.py:188} INFO - [2026-02-01T21:27:36.019+0000] {dagbag.py:545} INFO - Filling up the DagBag from /opt/airflow/dags/feature_store.py
[2026-02-01T21:27:37.895+0000] {logging_mixin.py:188} WARNING - /opt/airflow/dags/feature_store.py:64 RemovedInAirflow3Warning: Param `schedule_interval` is deprecated and will be removed in a future release. Please use `schedule` instead.
[2026-02-01T21:27:37.900+0000] {processor.py:840} INFO - DAG(s) 'feature_store_cre' retrieved from /opt/airflow/dags/feature_store.py
[2026-02-01T21:27:37.921+0000] {logging_mixin.py:188} INFO - [2026-02-01T21:27:37.921+0000] {dag.py:3096} INFO - Sync 1 DAGs
[2026-02-01T21:27:37.940+0000] {logging_mixin.py:188} INFO - [2026-02-01T21:27:37.940+0000] {dag.py:3954} INFO - Setting next_dagrun for feature_store_cre to 2026-01-31 00:00:00+00:00, run_after=2026-02-01 00:00:00+00:00
[2026-02-01T21:27:37.961+0000] {processor.py:183} INFO - Processing /opt/airflow/dags/feature_store.py took 1.949 seconds
[2026-02-01T21:28:08.570+0000] {processor.py:161} INFO - Started process (PID=35132) to work on /opt/airflow/dags/feature_store.py
[2026-02-01T21:28:08.571+0000] {processor.py:830} INFO - Processing file /opt/airflow/dags/feature_store.py for tasks to queue
[2026-02-01T21:28:08.572+0000] {logging_mixin.py:188} INFO - [2026-02-01T21:28:08.572+0000] {dagbag.py:545} INFO - Filling up the DagBag from /opt/airflow/dags/feature_store.py
[2026-02-01T21:28:10.675+0000] {logging_mixin.py:188} WARNING - /opt/airflow/dags/feature_store.py:64 RemovedInAirflow3Warning: Param `schedule_interval` is deprecated and will be removed in a future release. Please use `schedule` instead.
[2026-02-01T21:28:10.680+0000] {processor.py:840} INFO - DAG(s) 'feature_store_cre' retrieved from /opt/airflow/dags/feature_store.py
[2026-02-01T21:28:10.700+0000] {logging_mixin.py:188} INFO - [2026-02-01T21:28:10.700+0000] {dag.py:3096} INFO - Sync 1 DAGs
[2026-02-01T21:28:10.719+0000] {logging_mixin.py:188} INFO - [2026-02-01T21:28:10.719+0000] {dag.py:3954} INFO - Setting next_dagrun for feature_store_cre to 2026-01-31 00:00:00+00:00, run_after=2026-02-01 00:00:00+00:00
[2026-02-01T21:28:10.747+0000] {processor.py:183} INFO - Processing /opt/airflow/dags/feature_store.py took 2.182 seconds
[2026-02-01T21:28:41.487+0000] {processor.py:161} INFO - Started process (PID=35179) to work on /opt/airflow/dags/feature_store.py
[2026-02-01T21:28:41.490+0000] {processor.py:830} INFO - Processing file /opt/airflow/dags/feature_store.py for tasks to queue
[2026-02-01T21:28:41.491+0000] {logging_mixin.py:188} INFO - [2026-02-01T21:28:41.491+0000] {dagbag.py:545} INFO - Filling up the DagBag from /opt/airflow/dags/feature_store.py
[2026-02-01T21:28:43.377+0000] {logging_mixin.py:188} WARNING - /opt/airflow/dags/feature_store.py:64 RemovedInAirflow3Warning: Param `schedule_interval` is deprecated and will be removed in a future release. Please use `schedule` instead.
[2026-02-01T21:28:43.382+0000] {processor.py:840} INFO - DAG(s) 'feature_store_cre' retrieved from /opt/airflow/dags/feature_store.py
[2026-02-01T21:28:43.400+0000] {logging_mixin.py:188} INFO - [2026-02-01T21:28:43.400+0000] {dag.py:3096} INFO - Sync 1 DAGs
[2026-02-01T21:28:43.418+0000] {logging_mixin.py:188} INFO - [2026-02-01T21:28:43.417+0000] {dag.py:3954} INFO - Setting next_dagrun for feature_store_cre to 2026-01-31 00:00:00+00:00, run_after=2026-02-01 00:00:00+00:00
[2026-02-01T21:28:43.436+0000] {processor.py:183} INFO - Processing /opt/airflow/dags/feature_store.py took 1.953 seconds
[2026-02-01T21:29:13.532+0000] {processor.py:161} INFO - Started process (PID=35226) to work on /opt/airflow/dags/feature_store.py
[2026-02-01T21:29:13.532+0000] {processor.py:830} INFO - Processing file /opt/airflow/dags/feature_store.py for tasks to queue
[2026-02-01T21:29:13.535+0000] {logging_mixin.py:188} INFO - [2026-02-01T21:29:13.534+0000] {dagbag.py:545} INFO - Filling up the DagBag from /opt/airflow/dags/feature_store.py
[2026-02-01T21:29:16.374+0000] {logging_mixin.py:188} WARNING - /opt/airflow/dags/feature_store.py:64 RemovedInAirflow3Warning: Param `schedule_interval` is deprecated and will be removed in a future release. Please use `schedule` instead.
[2026-02-01T21:29:16.379+0000] {processor.py:840} INFO - DAG(s) 'feature_store_cre' retrieved from /opt/airflow/dags/feature_store.py
[2026-02-01T21:29:16.414+0000] {logging_mixin.py:188} INFO - [2026-02-01T21:29:16.413+0000] {dag.py:3096} INFO - Sync 1 DAGs
[2026-02-01T21:29:16.463+0000] {logging_mixin.py:188} INFO - [2026-02-01T21:29:16.462+0000] {dag.py:3954} INFO - Setting next_dagrun for feature_store_cre to 2026-01-31 00:00:00+00:00, run_after=2026-02-01 00:00:00+00:00
[2026-02-01T21:29:16.504+0000] {processor.py:183} INFO - Processing /opt/airflow/dags/feature_store.py took 2.982 seconds
[2026-02-01T21:29:46.653+0000] {processor.py:161} INFO - Started process (PID=35273) to work on /opt/airflow/dags/feature_store.py
[2026-02-01T21:29:46.655+0000] {processor.py:830} INFO - Processing file /opt/airflow/dags/feature_store.py for tasks to queue
[2026-02-01T21:29:46.657+0000] {logging_mixin.py:188} INFO - [2026-02-01T21:29:46.656+0000] {dagbag.py:545} INFO - Filling up the DagBag from /opt/airflow/dags/feature_store.py
[2026-02-01T21:29:48.588+0000] {logging_mixin.py:188} WARNING - /opt/airflow/dags/feature_store.py:64 RemovedInAirflow3Warning: Param `schedule_interval` is deprecated and will be removed in a future release. Please use `schedule` instead.
[2026-02-01T21:29:48.592+0000] {processor.py:840} INFO - DAG(s) 'feature_store_cre' retrieved from /opt/airflow/dags/feature_store.py
[2026-02-01T21:29:48.615+0000] {logging_mixin.py:188} INFO - [2026-02-01T21:29:48.615+0000] {dag.py:3096} INFO - Sync 1 DAGs
[2026-02-01T21:29:48.631+0000] {logging_mixin.py:188} INFO - [2026-02-01T21:29:48.631+0000] {dag.py:3954} INFO - Setting next_dagrun for feature_store_cre to 2026-01-31 00:00:00+00:00, run_after=2026-02-01 00:00:00+00:00
[2026-02-01T21:29:48.647+0000] {processor.py:183} INFO - Processing /opt/airflow/dags/feature_store.py took 2.000 seconds
[2026-02-01T21:30:18.951+0000] {processor.py:161} INFO - Started process (PID=35320) to work on /opt/airflow/dags/feature_store.py
[2026-02-01T21:30:18.953+0000] {processor.py:830} INFO - Processing file /opt/airflow/dags/feature_store.py for tasks to queue
[2026-02-01T21:30:18.956+0000] {logging_mixin.py:188} INFO - [2026-02-01T21:30:18.955+0000] {dagbag.py:545} INFO - Filling up the DagBag from /opt/airflow/dags/feature_store.py
[2026-02-01T21:30:21.708+0000] {logging_mixin.py:188} WARNING - /opt/airflow/dags/feature_store.py:64 RemovedInAirflow3Warning: Param `schedule_interval` is deprecated and will be removed in a future release. Please use `schedule` instead.
[2026-02-01T21:30:21.714+0000] {processor.py:840} INFO - DAG(s) 'feature_store_cre' retrieved from /opt/airflow/dags/feature_store.py
[2026-02-01T21:30:21.751+0000] {logging_mixin.py:188} INFO - [2026-02-01T21:30:21.750+0000] {dag.py:3096} INFO - Sync 1 DAGs
[2026-02-01T21:30:21.773+0000] {logging_mixin.py:188} INFO - [2026-02-01T21:30:21.772+0000] {dag.py:3954} INFO - Setting next_dagrun for feature_store_cre to 2026-01-31 00:00:00+00:00, run_after=2026-02-01 00:00:00+00:00
[2026-02-01T21:30:21.795+0000] {processor.py:183} INFO - Processing /opt/airflow/dags/feature_store.py took 2.854 seconds
[2026-02-01T21:30:52.435+0000] {processor.py:161} INFO - Started process (PID=35367) to work on /opt/airflow/dags/feature_store.py
[2026-02-01T21:30:52.438+0000] {processor.py:830} INFO - Processing file /opt/airflow/dags/feature_store.py for tasks to queue
[2026-02-01T21:30:52.442+0000] {logging_mixin.py:188} INFO - [2026-02-01T21:30:52.441+0000] {dagbag.py:545} INFO - Filling up the DagBag from /opt/airflow/dags/feature_store.py
[2026-02-01T21:30:54.732+0000] {logging_mixin.py:188} WARNING - /opt/airflow/dags/feature_store.py:64 RemovedInAirflow3Warning: Param `schedule_interval` is deprecated and will be removed in a future release. Please use `schedule` instead.
[2026-02-01T21:30:54.755+0000] {processor.py:840} INFO - DAG(s) 'feature_store_cre' retrieved from /opt/airflow/dags/feature_store.py
[2026-02-01T21:30:54.834+0000] {logging_mixin.py:188} INFO - [2026-02-01T21:30:54.833+0000] {dag.py:3096} INFO - Sync 1 DAGs
[2026-02-01T21:30:54.890+0000] {logging_mixin.py:188} INFO - [2026-02-01T21:30:54.889+0000] {dag.py:3954} INFO - Setting next_dagrun for feature_store_cre to 2026-01-31 00:00:00+00:00, run_after=2026-02-01 00:00:00+00:00
[2026-02-01T21:30:54.943+0000] {processor.py:183} INFO - Processing /opt/airflow/dags/feature_store.py took 2.514 seconds
[2026-02-01T21:31:25.335+0000] {processor.py:161} INFO - Started process (PID=35412) to work on /opt/airflow/dags/feature_store.py
[2026-02-01T21:31:25.336+0000] {processor.py:830} INFO - Processing file /opt/airflow/dags/feature_store.py for tasks to queue
[2026-02-01T21:31:25.339+0000] {logging_mixin.py:188} INFO - [2026-02-01T21:31:25.338+0000] {dagbag.py:545} INFO - Filling up the DagBag from /opt/airflow/dags/feature_store.py
[2026-02-01T21:31:27.966+0000] {logging_mixin.py:188} WARNING - /opt/airflow/dags/feature_store.py:64 RemovedInAirflow3Warning: Param `schedule_interval` is deprecated and will be removed in a future release. Please use `schedule` instead.
[2026-02-01T21:31:27.973+0000] {processor.py:840} INFO - DAG(s) 'feature_store_cre' retrieved from /opt/airflow/dags/feature_store.py
[2026-02-01T21:31:28.001+0000] {logging_mixin.py:188} INFO - [2026-02-01T21:31:28.000+0000] {dag.py:3096} INFO - Sync 1 DAGs
[2026-02-01T21:31:28.027+0000] {logging_mixin.py:188} INFO - [2026-02-01T21:31:28.026+0000] {dag.py:3954} INFO - Setting next_dagrun for feature_store_cre to 2026-01-31 00:00:00+00:00, run_after=2026-02-01 00:00:00+00:00
[2026-02-01T21:31:28.063+0000] {processor.py:183} INFO - Processing /opt/airflow/dags/feature_store.py took 2.736 seconds
[2026-02-01T21:31:58.530+0000] {processor.py:161} INFO - Started process (PID=35445) to work on /opt/airflow/dags/feature_store.py
[2026-02-01T21:31:58.531+0000] {processor.py:830} INFO - Processing file /opt/airflow/dags/feature_store.py for tasks to queue
[2026-02-01T21:31:58.534+0000] {logging_mixin.py:188} INFO - [2026-02-01T21:31:58.534+0000] {dagbag.py:545} INFO - Filling up the DagBag from /opt/airflow/dags/feature_store.py
[2026-02-01T21:32:01.284+0000] {logging_mixin.py:188} WARNING - /opt/airflow/dags/feature_store.py:64 RemovedInAirflow3Warning: Param `schedule_interval` is deprecated and will be removed in a future release. Please use `schedule` instead.
[2026-02-01T21:32:01.289+0000] {processor.py:840} INFO - DAG(s) 'feature_store_cre' retrieved from /opt/airflow/dags/feature_store.py
[2026-02-01T21:32:01.312+0000] {logging_mixin.py:188} INFO - [2026-02-01T21:32:01.312+0000] {dag.py:3096} INFO - Sync 1 DAGs
[2026-02-01T21:32:01.332+0000] {logging_mixin.py:188} INFO - [2026-02-01T21:32:01.332+0000] {dag.py:3954} INFO - Setting next_dagrun for feature_store_cre to 2026-01-31 00:00:00+00:00, run_after=2026-02-01 00:00:00+00:00
[2026-02-01T21:32:01.357+0000] {processor.py:183} INFO - Processing /opt/airflow/dags/feature_store.py took 2.832 seconds
[2026-02-01T21:32:32.055+0000] {processor.py:161} INFO - Started process (PID=35491) to work on /opt/airflow/dags/feature_store.py
[2026-02-01T21:32:32.058+0000] {processor.py:830} INFO - Processing file /opt/airflow/dags/feature_store.py for tasks to queue
[2026-02-01T21:32:32.060+0000] {logging_mixin.py:188} INFO - [2026-02-01T21:32:32.060+0000] {dagbag.py:545} INFO - Filling up the DagBag from /opt/airflow/dags/feature_store.py
[2026-02-01T21:32:34.461+0000] {logging_mixin.py:188} WARNING - /opt/airflow/dags/feature_store.py:64 RemovedInAirflow3Warning: Param `schedule_interval` is deprecated and will be removed in a future release. Please use `schedule` instead.
[2026-02-01T21:32:34.466+0000] {processor.py:840} INFO - DAG(s) 'feature_store_cre' retrieved from /opt/airflow/dags/feature_store.py
[2026-02-01T21:32:34.494+0000] {logging_mixin.py:188} INFO - [2026-02-01T21:32:34.493+0000] {dag.py:3096} INFO - Sync 1 DAGs
[2026-02-01T21:32:34.519+0000] {logging_mixin.py:188} INFO - [2026-02-01T21:32:34.519+0000] {dag.py:3954} INFO - Setting next_dagrun for feature_store_cre to 2026-01-31 00:00:00+00:00, run_after=2026-02-01 00:00:00+00:00
[2026-02-01T21:32:34.551+0000] {processor.py:183} INFO - Processing /opt/airflow/dags/feature_store.py took 2.502 seconds
[2026-02-01T21:33:04.612+0000] {processor.py:161} INFO - Started process (PID=35534) to work on /opt/airflow/dags/feature_store.py
[2026-02-01T21:33:04.613+0000] {processor.py:830} INFO - Processing file /opt/airflow/dags/feature_store.py for tasks to queue
[2026-02-01T21:33:04.614+0000] {logging_mixin.py:188} INFO - [2026-02-01T21:33:04.614+0000] {dagbag.py:545} INFO - Filling up the DagBag from /opt/airflow/dags/feature_store.py
[2026-02-01T21:33:06.225+0000] {logging_mixin.py:188} WARNING - /opt/airflow/dags/feature_store.py:64 RemovedInAirflow3Warning: Param `schedule_interval` is deprecated and will be removed in a future release. Please use `schedule` instead.
[2026-02-01T21:33:06.232+0000] {processor.py:840} INFO - DAG(s) 'feature_store_cre' retrieved from /opt/airflow/dags/feature_store.py
[2026-02-01T21:33:06.255+0000] {logging_mixin.py:188} INFO - [2026-02-01T21:33:06.254+0000] {dag.py:3096} INFO - Sync 1 DAGs
[2026-02-01T21:33:06.271+0000] {logging_mixin.py:188} INFO - [2026-02-01T21:33:06.271+0000] {dag.py:3954} INFO - Setting next_dagrun for feature_store_cre to 2026-01-31 00:00:00+00:00, run_after=2026-02-01 00:00:00+00:00
[2026-02-01T21:33:06.289+0000] {processor.py:183} INFO - Processing /opt/airflow/dags/feature_store.py took 1.681 seconds
[2026-02-01T21:33:36.463+0000] {processor.py:161} INFO - Started process (PID=35580) to work on /opt/airflow/dags/feature_store.py
[2026-02-01T21:33:36.466+0000] {processor.py:830} INFO - Processing file /opt/airflow/dags/feature_store.py for tasks to queue
[2026-02-01T21:33:36.467+0000] {logging_mixin.py:188} INFO - [2026-02-01T21:33:36.467+0000] {dagbag.py:545} INFO - Filling up the DagBag from /opt/airflow/dags/feature_store.py
[2026-02-01T21:33:37.930+0000] {logging_mixin.py:188} WARNING - /opt/airflow/dags/feature_store.py:64 RemovedInAirflow3Warning: Param `schedule_interval` is deprecated and will be removed in a future release. Please use `schedule` instead.
[2026-02-01T21:33:37.934+0000] {processor.py:840} INFO - DAG(s) 'feature_store_cre' retrieved from /opt/airflow/dags/feature_store.py
[2026-02-01T21:33:37.953+0000] {logging_mixin.py:188} INFO - [2026-02-01T21:33:37.952+0000] {dag.py:3096} INFO - Sync 1 DAGs
[2026-02-01T21:33:37.968+0000] {logging_mixin.py:188} INFO - [2026-02-01T21:33:37.968+0000] {dag.py:3954} INFO - Setting next_dagrun for feature_store_cre to 2026-01-31 00:00:00+00:00, run_after=2026-02-01 00:00:00+00:00
[2026-02-01T21:33:37.987+0000] {processor.py:183} INFO - Processing /opt/airflow/dags/feature_store.py took 1.529 seconds
[2026-02-01T21:34:08.058+0000] {processor.py:161} INFO - Started process (PID=35627) to work on /opt/airflow/dags/feature_store.py
[2026-02-01T21:34:08.058+0000] {processor.py:830} INFO - Processing file /opt/airflow/dags/feature_store.py for tasks to queue
[2026-02-01T21:34:08.059+0000] {logging_mixin.py:188} INFO - [2026-02-01T21:34:08.059+0000] {dagbag.py:545} INFO - Filling up the DagBag from /opt/airflow/dags/feature_store.py
[2026-02-01T21:34:09.467+0000] {logging_mixin.py:188} WARNING - /opt/airflow/dags/feature_store.py:64 RemovedInAirflow3Warning: Param `schedule_interval` is deprecated and will be removed in a future release. Please use `schedule` instead.
[2026-02-01T21:34:09.472+0000] {processor.py:840} INFO - DAG(s) 'feature_store_cre' retrieved from /opt/airflow/dags/feature_store.py
[2026-02-01T21:34:09.493+0000] {logging_mixin.py:188} INFO - [2026-02-01T21:34:09.492+0000] {dag.py:3096} INFO - Sync 1 DAGs
[2026-02-01T21:34:09.512+0000] {logging_mixin.py:188} INFO - [2026-02-01T21:34:09.512+0000] {dag.py:3954} INFO - Setting next_dagrun for feature_store_cre to 2026-01-31 00:00:00+00:00, run_after=2026-02-01 00:00:00+00:00
[2026-02-01T21:34:09.539+0000] {processor.py:183} INFO - Processing /opt/airflow/dags/feature_store.py took 1.485 seconds
[2026-02-01T21:34:39.678+0000] {processor.py:161} INFO - Started process (PID=35674) to work on /opt/airflow/dags/feature_store.py
[2026-02-01T21:34:39.680+0000] {processor.py:830} INFO - Processing file /opt/airflow/dags/feature_store.py for tasks to queue
[2026-02-01T21:34:39.683+0000] {logging_mixin.py:188} INFO - [2026-02-01T21:34:39.682+0000] {dagbag.py:545} INFO - Filling up the DagBag from /opt/airflow/dags/feature_store.py
[2026-02-01T21:34:41.339+0000] {logging_mixin.py:188} WARNING - /opt/airflow/dags/feature_store.py:64 RemovedInAirflow3Warning: Param `schedule_interval` is deprecated and will be removed in a future release. Please use `schedule` instead.
[2026-02-01T21:34:41.343+0000] {processor.py:840} INFO - DAG(s) 'feature_store_cre' retrieved from /opt/airflow/dags/feature_store.py
[2026-02-01T21:34:41.365+0000] {logging_mixin.py:188} INFO - [2026-02-01T21:34:41.364+0000] {dag.py:3096} INFO - Sync 1 DAGs
[2026-02-01T21:34:41.381+0000] {logging_mixin.py:188} INFO - [2026-02-01T21:34:41.381+0000] {dag.py:3954} INFO - Setting next_dagrun for feature_store_cre to 2026-01-31 00:00:00+00:00, run_after=2026-02-01 00:00:00+00:00
[2026-02-01T21:34:41.399+0000] {processor.py:183} INFO - Processing /opt/airflow/dags/feature_store.py took 1.725 seconds
[2026-02-01T21:35:11.754+0000] {processor.py:161} INFO - Started process (PID=35721) to work on /opt/airflow/dags/feature_store.py
[2026-02-01T21:35:11.755+0000] {processor.py:830} INFO - Processing file /opt/airflow/dags/feature_store.py for tasks to queue
[2026-02-01T21:35:11.756+0000] {logging_mixin.py:188} INFO - [2026-02-01T21:35:11.756+0000] {dagbag.py:545} INFO - Filling up the DagBag from /opt/airflow/dags/feature_store.py
[2026-02-01T21:35:13.447+0000] {logging_mixin.py:188} WARNING - /opt/airflow/dags/feature_store.py:64 RemovedInAirflow3Warning: Param `schedule_interval` is deprecated and will be removed in a future release. Please use `schedule` instead.
[2026-02-01T21:35:13.451+0000] {processor.py:840} INFO - DAG(s) 'feature_store_cre' retrieved from /opt/airflow/dags/feature_store.py
[2026-02-01T21:35:13.475+0000] {logging_mixin.py:188} INFO - [2026-02-01T21:35:13.474+0000] {dag.py:3096} INFO - Sync 1 DAGs
[2026-02-01T21:35:13.497+0000] {logging_mixin.py:188} INFO - [2026-02-01T21:35:13.497+0000] {dag.py:3954} INFO - Setting next_dagrun for feature_store_cre to 2026-01-31 00:00:00+00:00, run_after=2026-02-01 00:00:00+00:00
[2026-02-01T21:35:13.515+0000] {processor.py:183} INFO - Processing /opt/airflow/dags/feature_store.py took 1.766 seconds
[2026-02-01T21:35:43.598+0000] {processor.py:161} INFO - Started process (PID=35762) to work on /opt/airflow/dags/feature_store.py
[2026-02-01T21:35:43.602+0000] {processor.py:830} INFO - Processing file /opt/airflow/dags/feature_store.py for tasks to queue
[2026-02-01T21:35:43.605+0000] {logging_mixin.py:188} INFO - [2026-02-01T21:35:43.605+0000] {dagbag.py:545} INFO - Filling up the DagBag from /opt/airflow/dags/feature_store.py
[2026-02-01T21:35:45.289+0000] {logging_mixin.py:188} WARNING - /opt/airflow/dags/feature_store.py:64 RemovedInAirflow3Warning: Param `schedule_interval` is deprecated and will be removed in a future release. Please use `schedule` instead.
[2026-02-01T21:35:45.296+0000] {processor.py:840} INFO - DAG(s) 'feature_store_cre' retrieved from /opt/airflow/dags/feature_store.py
[2026-02-01T21:35:45.316+0000] {logging_mixin.py:188} INFO - [2026-02-01T21:35:45.315+0000] {dag.py:3096} INFO - Sync 1 DAGs
[2026-02-01T21:35:45.331+0000] {logging_mixin.py:188} INFO - [2026-02-01T21:35:45.331+0000] {dag.py:3954} INFO - Setting next_dagrun for feature_store_cre to 2026-01-31 00:00:00+00:00, run_after=2026-02-01 00:00:00+00:00
[2026-02-01T21:35:45.349+0000] {processor.py:183} INFO - Processing /opt/airflow/dags/feature_store.py took 1.754 seconds
[2026-02-01T21:36:16.941+0000] {processor.py:161} INFO - Started process (PID=35809) to work on /opt/airflow/dags/feature_store.py
[2026-02-01T21:36:16.942+0000] {processor.py:830} INFO - Processing file /opt/airflow/dags/feature_store.py for tasks to queue
[2026-02-01T21:36:16.945+0000] {logging_mixin.py:188} INFO - [2026-02-01T21:36:16.945+0000] {dagbag.py:545} INFO - Filling up the DagBag from /opt/airflow/dags/feature_store.py
[2026-02-01T21:36:19.406+0000] {logging_mixin.py:188} WARNING - /opt/airflow/dags/feature_store.py:64 RemovedInAirflow3Warning: Param `schedule_interval` is deprecated and will be removed in a future release. Please use `schedule` instead.
[2026-02-01T21:36:19.410+0000] {processor.py:840} INFO - DAG(s) 'feature_store_cre' retrieved from /opt/airflow/dags/feature_store.py
[2026-02-01T21:36:19.435+0000] {logging_mixin.py:188} INFO - [2026-02-01T21:36:19.434+0000] {dag.py:3096} INFO - Sync 1 DAGs
[2026-02-01T21:36:19.454+0000] {logging_mixin.py:188} INFO - [2026-02-01T21:36:19.454+0000] {dag.py:3954} INFO - Setting next_dagrun for feature_store_cre to 2026-01-31 00:00:00+00:00, run_after=2026-02-01 00:00:00+00:00
[2026-02-01T21:36:19.483+0000] {processor.py:183} INFO - Processing /opt/airflow/dags/feature_store.py took 2.549 seconds
[2026-02-01T21:36:50.929+0000] {processor.py:161} INFO - Started process (PID=35856) to work on /opt/airflow/dags/feature_store.py
[2026-02-01T21:36:50.930+0000] {processor.py:830} INFO - Processing file /opt/airflow/dags/feature_store.py for tasks to queue
[2026-02-01T21:36:50.931+0000] {logging_mixin.py:188} INFO - [2026-02-01T21:36:50.931+0000] {dagbag.py:545} INFO - Filling up the DagBag from /opt/airflow/dags/feature_store.py
[2026-02-01T21:36:52.349+0000] {logging_mixin.py:188} WARNING - /opt/airflow/dags/feature_store.py:64 RemovedInAirflow3Warning: Param `schedule_interval` is deprecated and will be removed in a future release. Please use `schedule` instead.
[2026-02-01T21:36:52.353+0000] {processor.py:840} INFO - DAG(s) 'feature_store_cre' retrieved from /opt/airflow/dags/feature_store.py
[2026-02-01T21:36:52.385+0000] {logging_mixin.py:188} INFO - [2026-02-01T21:36:52.384+0000] {dag.py:3096} INFO - Sync 1 DAGs
[2026-02-01T21:36:52.398+0000] {logging_mixin.py:188} INFO - [2026-02-01T21:36:52.398+0000] {dag.py:3954} INFO - Setting next_dagrun for feature_store_cre to 2026-01-31 00:00:00+00:00, run_after=2026-02-01 00:00:00+00:00
[2026-02-01T21:36:52.414+0000] {processor.py:183} INFO - Processing /opt/airflow/dags/feature_store.py took 1.492 seconds
[2026-02-01T21:37:23.880+0000] {processor.py:161} INFO - Started process (PID=35904) to work on /opt/airflow/dags/feature_store.py
[2026-02-01T21:37:23.880+0000] {processor.py:830} INFO - Processing file /opt/airflow/dags/feature_store.py for tasks to queue
[2026-02-01T21:37:23.881+0000] {logging_mixin.py:188} INFO - [2026-02-01T21:37:23.881+0000] {dagbag.py:545} INFO - Filling up the DagBag from /opt/airflow/dags/feature_store.py
[2026-02-01T21:37:25.941+0000] {logging_mixin.py:188} WARNING - /opt/airflow/dags/feature_store.py:64 RemovedInAirflow3Warning: Param `schedule_interval` is deprecated and will be removed in a future release. Please use `schedule` instead.
[2026-02-01T21:37:25.950+0000] {processor.py:840} INFO - DAG(s) 'feature_store_cre' retrieved from /opt/airflow/dags/feature_store.py
[2026-02-01T21:37:25.988+0000] {logging_mixin.py:188} INFO - [2026-02-01T21:37:25.987+0000] {dag.py:3096} INFO - Sync 1 DAGs
[2026-02-01T21:37:26.015+0000] {logging_mixin.py:188} INFO - [2026-02-01T21:37:26.015+0000] {dag.py:3954} INFO - Setting next_dagrun for feature_store_cre to 2026-01-31 00:00:00+00:00, run_after=2026-02-01 00:00:00+00:00
[2026-02-01T21:37:26.047+0000] {processor.py:183} INFO - Processing /opt/airflow/dags/feature_store.py took 2.173 seconds
[2026-02-01T21:37:56.986+0000] {processor.py:161} INFO - Started process (PID=35951) to work on /opt/airflow/dags/feature_store.py
[2026-02-01T21:37:56.987+0000] {processor.py:830} INFO - Processing file /opt/airflow/dags/feature_store.py for tasks to queue
[2026-02-01T21:37:56.989+0000] {logging_mixin.py:188} INFO - [2026-02-01T21:37:56.989+0000] {dagbag.py:545} INFO - Filling up the DagBag from /opt/airflow/dags/feature_store.py
[2026-02-01T21:37:58.591+0000] {logging_mixin.py:188} WARNING - /opt/airflow/dags/feature_store.py:64 RemovedInAirflow3Warning: Param `schedule_interval` is deprecated and will be removed in a future release. Please use `schedule` instead.
[2026-02-01T21:37:58.595+0000] {processor.py:840} INFO - DAG(s) 'feature_store_cre' retrieved from /opt/airflow/dags/feature_store.py
[2026-02-01T21:37:58.613+0000] {logging_mixin.py:188} INFO - [2026-02-01T21:37:58.613+0000] {dag.py:3096} INFO - Sync 1 DAGs
[2026-02-01T21:37:58.629+0000] {logging_mixin.py:188} INFO - [2026-02-01T21:37:58.629+0000] {dag.py:3954} INFO - Setting next_dagrun for feature_store_cre to 2026-01-31 00:00:00+00:00, run_after=2026-02-01 00:00:00+00:00
[2026-02-01T21:37:58.649+0000] {processor.py:183} INFO - Processing /opt/airflow/dags/feature_store.py took 1.667 seconds
[2026-02-01T21:38:30.520+0000] {processor.py:161} INFO - Started process (PID=35998) to work on /opt/airflow/dags/feature_store.py
[2026-02-01T21:38:30.521+0000] {processor.py:830} INFO - Processing file /opt/airflow/dags/feature_store.py for tasks to queue
[2026-02-01T21:38:30.524+0000] {logging_mixin.py:188} INFO - [2026-02-01T21:38:30.524+0000] {dagbag.py:545} INFO - Filling up the DagBag from /opt/airflow/dags/feature_store.py
[2026-02-01T21:38:32.486+0000] {logging_mixin.py:188} WARNING - /opt/airflow/dags/feature_store.py:64 RemovedInAirflow3Warning: Param `schedule_interval` is deprecated and will be removed in a future release. Please use `schedule` instead.
[2026-02-01T21:38:32.491+0000] {processor.py:840} INFO - DAG(s) 'feature_store_cre' retrieved from /opt/airflow/dags/feature_store.py
[2026-02-01T21:38:32.513+0000] {logging_mixin.py:188} INFO - [2026-02-01T21:38:32.513+0000] {dag.py:3096} INFO - Sync 1 DAGs
[2026-02-01T21:38:32.533+0000] {logging_mixin.py:188} INFO - [2026-02-01T21:38:32.532+0000] {dag.py:3954} INFO - Setting next_dagrun for feature_store_cre to 2026-01-31 00:00:00+00:00, run_after=2026-02-01 00:00:00+00:00
[2026-02-01T21:38:32.550+0000] {processor.py:183} INFO - Processing /opt/airflow/dags/feature_store.py took 2.038 seconds
[2026-02-01T21:39:04.025+0000] {processor.py:161} INFO - Started process (PID=36045) to work on /opt/airflow/dags/feature_store.py
[2026-02-01T21:39:04.026+0000] {processor.py:830} INFO - Processing file /opt/airflow/dags/feature_store.py for tasks to queue
[2026-02-01T21:39:04.027+0000] {logging_mixin.py:188} INFO - [2026-02-01T21:39:04.027+0000] {dagbag.py:545} INFO - Filling up the DagBag from /opt/airflow/dags/feature_store.py
[2026-02-01T21:39:05.581+0000] {logging_mixin.py:188} WARNING - /opt/airflow/dags/feature_store.py:64 RemovedInAirflow3Warning: Param `schedule_interval` is deprecated and will be removed in a future release. Please use `schedule` instead.
[2026-02-01T21:39:05.585+0000] {processor.py:840} INFO - DAG(s) 'feature_store_cre' retrieved from /opt/airflow/dags/feature_store.py
[2026-02-01T21:39:05.605+0000] {logging_mixin.py:188} INFO - [2026-02-01T21:39:05.605+0000] {dag.py:3096} INFO - Sync 1 DAGs
[2026-02-01T21:39:05.621+0000] {logging_mixin.py:188} INFO - [2026-02-01T21:39:05.621+0000] {dag.py:3954} INFO - Setting next_dagrun for feature_store_cre to 2026-01-31 00:00:00+00:00, run_after=2026-02-01 00:00:00+00:00
[2026-02-01T21:39:05.635+0000] {processor.py:183} INFO - Processing /opt/airflow/dags/feature_store.py took 1.615 seconds
[2026-02-01T21:39:37.433+0000] {processor.py:161} INFO - Started process (PID=36092) to work on /opt/airflow/dags/feature_store.py
[2026-02-01T21:39:37.434+0000] {processor.py:830} INFO - Processing file /opt/airflow/dags/feature_store.py for tasks to queue
[2026-02-01T21:39:37.436+0000] {logging_mixin.py:188} INFO - [2026-02-01T21:39:37.436+0000] {dagbag.py:545} INFO - Filling up the DagBag from /opt/airflow/dags/feature_store.py
[2026-02-01T21:39:39.160+0000] {logging_mixin.py:188} WARNING - /opt/airflow/dags/feature_store.py:64 RemovedInAirflow3Warning: Param `schedule_interval` is deprecated and will be removed in a future release. Please use `schedule` instead.
[2026-02-01T21:39:39.165+0000] {processor.py:840} INFO - DAG(s) 'feature_store_cre' retrieved from /opt/airflow/dags/feature_store.py
[2026-02-01T21:39:39.190+0000] {logging_mixin.py:188} INFO - [2026-02-01T21:39:39.189+0000] {dag.py:3096} INFO - Sync 1 DAGs
[2026-02-01T21:39:39.210+0000] {logging_mixin.py:188} INFO - [2026-02-01T21:39:39.210+0000] {dag.py:3954} INFO - Setting next_dagrun for feature_store_cre to 2026-01-31 00:00:00+00:00, run_after=2026-02-01 00:00:00+00:00
[2026-02-01T21:39:39.231+0000] {processor.py:183} INFO - Processing /opt/airflow/dags/feature_store.py took 1.803 seconds
[2026-02-01T21:40:10.304+0000] {processor.py:161} INFO - Started process (PID=36139) to work on /opt/airflow/dags/feature_store.py
[2026-02-01T21:40:10.305+0000] {processor.py:830} INFO - Processing file /opt/airflow/dags/feature_store.py for tasks to queue
[2026-02-01T21:40:10.307+0000] {logging_mixin.py:188} INFO - [2026-02-01T21:40:10.306+0000] {dagbag.py:545} INFO - Filling up the DagBag from /opt/airflow/dags/feature_store.py
[2026-02-01T21:40:11.932+0000] {logging_mixin.py:188} WARNING - /opt/airflow/dags/feature_store.py:64 RemovedInAirflow3Warning: Param `schedule_interval` is deprecated and will be removed in a future release. Please use `schedule` instead.
[2026-02-01T21:40:11.936+0000] {processor.py:840} INFO - DAG(s) 'feature_store_cre' retrieved from /opt/airflow/dags/feature_store.py
[2026-02-01T21:40:11.953+0000] {logging_mixin.py:188} INFO - [2026-02-01T21:40:11.953+0000] {dag.py:3096} INFO - Sync 1 DAGs
[2026-02-01T21:40:11.969+0000] {logging_mixin.py:188} INFO - [2026-02-01T21:40:11.969+0000] {dag.py:3954} INFO - Setting next_dagrun for feature_store_cre to 2026-01-31 00:00:00+00:00, run_after=2026-02-01 00:00:00+00:00
[2026-02-01T21:40:11.985+0000] {processor.py:183} INFO - Processing /opt/airflow/dags/feature_store.py took 1.685 seconds
[2026-02-01T21:40:43.670+0000] {processor.py:161} INFO - Started process (PID=36186) to work on /opt/airflow/dags/feature_store.py
[2026-02-01T21:40:43.671+0000] {processor.py:830} INFO - Processing file /opt/airflow/dags/feature_store.py for tasks to queue
[2026-02-01T21:40:43.672+0000] {logging_mixin.py:188} INFO - [2026-02-01T21:40:43.672+0000] {dagbag.py:545} INFO - Filling up the DagBag from /opt/airflow/dags/feature_store.py
[2026-02-01T21:40:45.518+0000] {logging_mixin.py:188} WARNING - /opt/airflow/dags/feature_store.py:64 RemovedInAirflow3Warning: Param `schedule_interval` is deprecated and will be removed in a future release. Please use `schedule` instead.
[2026-02-01T21:40:45.523+0000] {processor.py:840} INFO - DAG(s) 'feature_store_cre' retrieved from /opt/airflow/dags/feature_store.py
[2026-02-01T21:40:45.544+0000] {logging_mixin.py:188} INFO - [2026-02-01T21:40:45.544+0000] {dag.py:3096} INFO - Sync 1 DAGs
[2026-02-01T21:40:45.562+0000] {logging_mixin.py:188} INFO - [2026-02-01T21:40:45.561+0000] {dag.py:3954} INFO - Setting next_dagrun for feature_store_cre to 2026-01-31 00:00:00+00:00, run_after=2026-02-01 00:00:00+00:00
[2026-02-01T21:40:45.581+0000] {processor.py:183} INFO - Processing /opt/airflow/dags/feature_store.py took 1.915 seconds
[2026-02-01T21:41:17.244+0000] {processor.py:161} INFO - Started process (PID=36233) to work on /opt/airflow/dags/feature_store.py
[2026-02-01T21:41:17.245+0000] {processor.py:830} INFO - Processing file /opt/airflow/dags/feature_store.py for tasks to queue
[2026-02-01T21:41:17.247+0000] {logging_mixin.py:188} INFO - [2026-02-01T21:41:17.247+0000] {dagbag.py:545} INFO - Filling up the DagBag from /opt/airflow/dags/feature_store.py
[2026-02-01T21:41:19.186+0000] {logging_mixin.py:188} WARNING - /opt/airflow/dags/feature_store.py:64 RemovedInAirflow3Warning: Param `schedule_interval` is deprecated and will be removed in a future release. Please use `schedule` instead.
[2026-02-01T21:41:19.189+0000] {processor.py:840} INFO - DAG(s) 'feature_store_cre' retrieved from /opt/airflow/dags/feature_store.py
[2026-02-01T21:41:19.207+0000] {logging_mixin.py:188} INFO - [2026-02-01T21:41:19.206+0000] {dag.py:3096} INFO - Sync 1 DAGs
[2026-02-01T21:41:19.222+0000] {logging_mixin.py:188} INFO - [2026-02-01T21:41:19.222+0000] {dag.py:3954} INFO - Setting next_dagrun for feature_store_cre to 2026-01-31 00:00:00+00:00, run_after=2026-02-01 00:00:00+00:00
[2026-02-01T21:41:19.239+0000] {processor.py:183} INFO - Processing /opt/airflow/dags/feature_store.py took 2.000 seconds
[2026-02-01T21:41:50.629+0000] {processor.py:161} INFO - Started process (PID=36280) to work on /opt/airflow/dags/feature_store.py
[2026-02-01T21:41:50.630+0000] {processor.py:830} INFO - Processing file /opt/airflow/dags/feature_store.py for tasks to queue
[2026-02-01T21:41:50.631+0000] {logging_mixin.py:188} INFO - [2026-02-01T21:41:50.631+0000] {dagbag.py:545} INFO - Filling up the DagBag from /opt/airflow/dags/feature_store.py
[2026-02-01T21:41:52.414+0000] {logging_mixin.py:188} WARNING - /opt/airflow/dags/feature_store.py:64 RemovedInAirflow3Warning: Param `schedule_interval` is deprecated and will be removed in a future release. Please use `schedule` instead.
[2026-02-01T21:41:52.418+0000] {processor.py:840} INFO - DAG(s) 'feature_store_cre' retrieved from /opt/airflow/dags/feature_store.py
[2026-02-01T21:41:52.440+0000] {logging_mixin.py:188} INFO - [2026-02-01T21:41:52.440+0000] {dag.py:3096} INFO - Sync 1 DAGs
[2026-02-01T21:41:52.458+0000] {logging_mixin.py:188} INFO - [2026-02-01T21:41:52.457+0000] {dag.py:3954} INFO - Setting next_dagrun for feature_store_cre to 2026-01-31 00:00:00+00:00, run_after=2026-02-01 00:00:00+00:00
[2026-02-01T21:41:52.476+0000] {processor.py:183} INFO - Processing /opt/airflow/dags/feature_store.py took 1.851 seconds
[2026-02-01T21:42:23.953+0000] {processor.py:161} INFO - Started process (PID=36327) to work on /opt/airflow/dags/feature_store.py
[2026-02-01T21:42:23.955+0000] {processor.py:830} INFO - Processing file /opt/airflow/dags/feature_store.py for tasks to queue
[2026-02-01T21:42:23.956+0000] {logging_mixin.py:188} INFO - [2026-02-01T21:42:23.956+0000] {dagbag.py:545} INFO - Filling up the DagBag from /opt/airflow/dags/feature_store.py
[2026-02-01T21:42:25.667+0000] {logging_mixin.py:188} WARNING - /opt/airflow/dags/feature_store.py:64 RemovedInAirflow3Warning: Param `schedule_interval` is deprecated and will be removed in a future release. Please use `schedule` instead.
[2026-02-01T21:42:25.671+0000] {processor.py:840} INFO - DAG(s) 'feature_store_cre' retrieved from /opt/airflow/dags/feature_store.py
[2026-02-01T21:42:25.689+0000] {logging_mixin.py:188} INFO - [2026-02-01T21:42:25.688+0000] {dag.py:3096} INFO - Sync 1 DAGs
[2026-02-01T21:42:25.707+0000] {logging_mixin.py:188} INFO - [2026-02-01T21:42:25.707+0000] {dag.py:3954} INFO - Setting next_dagrun for feature_store_cre to 2026-01-31 00:00:00+00:00, run_after=2026-02-01 00:00:00+00:00
[2026-02-01T21:42:25.728+0000] {processor.py:183} INFO - Processing /opt/airflow/dags/feature_store.py took 1.780 seconds
[2026-02-01T21:42:56.993+0000] {processor.py:161} INFO - Started process (PID=36374) to work on /opt/airflow/dags/feature_store.py
[2026-02-01T21:42:56.994+0000] {processor.py:830} INFO - Processing file /opt/airflow/dags/feature_store.py for tasks to queue
[2026-02-01T21:42:56.997+0000] {logging_mixin.py:188} INFO - [2026-02-01T21:42:56.997+0000] {dagbag.py:545} INFO - Filling up the DagBag from /opt/airflow/dags/feature_store.py
[2026-02-01T21:42:59.428+0000] {logging_mixin.py:188} WARNING - /opt/airflow/dags/feature_store.py:64 RemovedInAirflow3Warning: Param `schedule_interval` is deprecated and will be removed in a future release. Please use `schedule` instead.
[2026-02-01T21:42:59.434+0000] {processor.py:840} INFO - DAG(s) 'feature_store_cre' retrieved from /opt/airflow/dags/feature_store.py
[2026-02-01T21:42:59.460+0000] {logging_mixin.py:188} INFO - [2026-02-01T21:42:59.459+0000] {dag.py:3096} INFO - Sync 1 DAGs
[2026-02-01T21:42:59.482+0000] {logging_mixin.py:188} INFO - [2026-02-01T21:42:59.482+0000] {dag.py:3954} INFO - Setting next_dagrun for feature_store_cre to 2026-01-31 00:00:00+00:00, run_after=2026-02-01 00:00:00+00:00
[2026-02-01T21:42:59.502+0000] {processor.py:183} INFO - Processing /opt/airflow/dags/feature_store.py took 2.515 seconds
[2026-02-01T21:43:31.159+0000] {processor.py:161} INFO - Started process (PID=36422) to work on /opt/airflow/dags/feature_store.py
[2026-02-01T21:43:31.161+0000] {processor.py:830} INFO - Processing file /opt/airflow/dags/feature_store.py for tasks to queue
[2026-02-01T21:43:31.164+0000] {logging_mixin.py:188} INFO - [2026-02-01T21:43:31.164+0000] {dagbag.py:545} INFO - Filling up the DagBag from /opt/airflow/dags/feature_store.py
[2026-02-01T21:43:33.058+0000] {logging_mixin.py:188} WARNING - /opt/airflow/dags/feature_store.py:64 RemovedInAirflow3Warning: Param `schedule_interval` is deprecated and will be removed in a future release. Please use `schedule` instead.
[2026-02-01T21:43:33.061+0000] {processor.py:840} INFO - DAG(s) 'feature_store_cre' retrieved from /opt/airflow/dags/feature_store.py
[2026-02-01T21:43:33.079+0000] {logging_mixin.py:188} INFO - [2026-02-01T21:43:33.079+0000] {dag.py:3096} INFO - Sync 1 DAGs
[2026-02-01T21:43:33.094+0000] {logging_mixin.py:188} INFO - [2026-02-01T21:43:33.094+0000] {dag.py:3954} INFO - Setting next_dagrun for feature_store_cre to 2026-01-31 00:00:00+00:00, run_after=2026-02-01 00:00:00+00:00
[2026-02-01T21:43:33.110+0000] {processor.py:183} INFO - Processing /opt/airflow/dags/feature_store.py took 1.960 seconds
[2026-02-01T21:44:04.508+0000] {processor.py:161} INFO - Started process (PID=36469) to work on /opt/airflow/dags/feature_store.py
[2026-02-01T21:44:04.509+0000] {processor.py:830} INFO - Processing file /opt/airflow/dags/feature_store.py for tasks to queue
[2026-02-01T21:44:04.510+0000] {logging_mixin.py:188} INFO - [2026-02-01T21:44:04.510+0000] {dagbag.py:545} INFO - Filling up the DagBag from /opt/airflow/dags/feature_store.py
[2026-02-01T21:44:06.752+0000] {logging_mixin.py:188} WARNING - /opt/airflow/dags/feature_store.py:64 RemovedInAirflow3Warning: Param `schedule_interval` is deprecated and will be removed in a future release. Please use `schedule` instead.
[2026-02-01T21:44:06.757+0000] {processor.py:840} INFO - DAG(s) 'feature_store_cre' retrieved from /opt/airflow/dags/feature_store.py
[2026-02-01T21:44:06.787+0000] {logging_mixin.py:188} INFO - [2026-02-01T21:44:06.786+0000] {dag.py:3096} INFO - Sync 1 DAGs
[2026-02-01T21:44:06.812+0000] {logging_mixin.py:188} INFO - [2026-02-01T21:44:06.811+0000] {dag.py:3954} INFO - Setting next_dagrun for feature_store_cre to 2026-01-31 00:00:00+00:00, run_after=2026-02-01 00:00:00+00:00
[2026-02-01T21:44:06.839+0000] {processor.py:183} INFO - Processing /opt/airflow/dags/feature_store.py took 2.335 seconds
[2026-02-01T21:44:37.780+0000] {processor.py:161} INFO - Started process (PID=36516) to work on /opt/airflow/dags/feature_store.py
[2026-02-01T21:44:37.781+0000] {processor.py:830} INFO - Processing file /opt/airflow/dags/feature_store.py for tasks to queue
[2026-02-01T21:44:37.783+0000] {logging_mixin.py:188} INFO - [2026-02-01T21:44:37.782+0000] {dagbag.py:545} INFO - Filling up the DagBag from /opt/airflow/dags/feature_store.py
[2026-02-01T21:44:40.047+0000] {logging_mixin.py:188} WARNING - /opt/airflow/dags/feature_store.py:64 RemovedInAirflow3Warning: Param `schedule_interval` is deprecated and will be removed in a future release. Please use `schedule` instead.
[2026-02-01T21:44:40.053+0000] {processor.py:840} INFO - DAG(s) 'feature_store_cre' retrieved from /opt/airflow/dags/feature_store.py
[2026-02-01T21:44:40.072+0000] {logging_mixin.py:188} INFO - [2026-02-01T21:44:40.072+0000] {dag.py:3096} INFO - Sync 1 DAGs
[2026-02-01T21:44:40.091+0000] {logging_mixin.py:188} INFO - [2026-02-01T21:44:40.090+0000] {dag.py:3954} INFO - Setting next_dagrun for feature_store_cre to 2026-01-31 00:00:00+00:00, run_after=2026-02-01 00:00:00+00:00
[2026-02-01T21:44:40.111+0000] {processor.py:183} INFO - Processing /opt/airflow/dags/feature_store.py took 2.336 seconds
[2026-02-01T21:45:11.008+0000] {processor.py:161} INFO - Started process (PID=36563) to work on /opt/airflow/dags/feature_store.py
[2026-02-01T21:45:11.009+0000] {processor.py:830} INFO - Processing file /opt/airflow/dags/feature_store.py for tasks to queue
[2026-02-01T21:45:11.010+0000] {logging_mixin.py:188} INFO - [2026-02-01T21:45:11.010+0000] {dagbag.py:545} INFO - Filling up the DagBag from /opt/airflow/dags/feature_store.py
[2026-02-01T21:45:13.146+0000] {logging_mixin.py:188} WARNING - /opt/airflow/dags/feature_store.py:64 RemovedInAirflow3Warning: Param `schedule_interval` is deprecated and will be removed in a future release. Please use `schedule` instead.
[2026-02-01T21:45:13.150+0000] {processor.py:840} INFO - DAG(s) 'feature_store_cre' retrieved from /opt/airflow/dags/feature_store.py
[2026-02-01T21:45:13.171+0000] {logging_mixin.py:188} INFO - [2026-02-01T21:45:13.171+0000] {dag.py:3096} INFO - Sync 1 DAGs
[2026-02-01T21:45:13.190+0000] {logging_mixin.py:188} INFO - [2026-02-01T21:45:13.189+0000] {dag.py:3954} INFO - Setting next_dagrun for feature_store_cre to 2026-01-31 00:00:00+00:00, run_after=2026-02-01 00:00:00+00:00
[2026-02-01T21:45:13.211+0000] {processor.py:183} INFO - Processing /opt/airflow/dags/feature_store.py took 2.209 seconds
[2026-02-01T21:45:43.679+0000] {processor.py:161} INFO - Started process (PID=36605) to work on /opt/airflow/dags/feature_store.py
[2026-02-01T21:45:43.681+0000] {processor.py:830} INFO - Processing file /opt/airflow/dags/feature_store.py for tasks to queue
[2026-02-01T21:45:43.682+0000] {logging_mixin.py:188} INFO - [2026-02-01T21:45:43.682+0000] {dagbag.py:545} INFO - Filling up the DagBag from /opt/airflow/dags/feature_store.py
[2026-02-01T21:45:46.032+0000] {logging_mixin.py:188} WARNING - /opt/airflow/dags/feature_store.py:64 RemovedInAirflow3Warning: Param `schedule_interval` is deprecated and will be removed in a future release. Please use `schedule` instead.
[2026-02-01T21:45:46.038+0000] {processor.py:840} INFO - DAG(s) 'feature_store_cre' retrieved from /opt/airflow/dags/feature_store.py
[2026-02-01T21:45:46.060+0000] {logging_mixin.py:188} INFO - [2026-02-01T21:45:46.059+0000] {dag.py:3096} INFO - Sync 1 DAGs
[2026-02-01T21:45:46.085+0000] {logging_mixin.py:188} INFO - [2026-02-01T21:45:46.085+0000] {dag.py:3954} INFO - Setting next_dagrun for feature_store_cre to 2026-01-31 00:00:00+00:00, run_after=2026-02-01 00:00:00+00:00
[2026-02-01T21:45:46.105+0000] {processor.py:183} INFO - Processing /opt/airflow/dags/feature_store.py took 2.432 seconds
[2026-02-01T21:46:17.578+0000] {processor.py:161} INFO - Started process (PID=36639) to work on /opt/airflow/dags/feature_store.py
[2026-02-01T21:46:17.580+0000] {processor.py:830} INFO - Processing file /opt/airflow/dags/feature_store.py for tasks to queue
[2026-02-01T21:46:17.581+0000] {logging_mixin.py:188} INFO - [2026-02-01T21:46:17.581+0000] {dagbag.py:545} INFO - Filling up the DagBag from /opt/airflow/dags/feature_store.py
[2026-02-01T21:46:20.332+0000] {logging_mixin.py:188} WARNING - /opt/airflow/dags/feature_store.py:64 RemovedInAirflow3Warning: Param `schedule_interval` is deprecated and will be removed in a future release. Please use `schedule` instead.
[2026-02-01T21:46:20.340+0000] {processor.py:840} INFO - DAG(s) 'feature_store_cre' retrieved from /opt/airflow/dags/feature_store.py
[2026-02-01T21:46:20.404+0000] {logging_mixin.py:188} INFO - [2026-02-01T21:46:20.403+0000] {dag.py:3096} INFO - Sync 1 DAGs
[2026-02-01T21:46:20.429+0000] {logging_mixin.py:188} INFO - [2026-02-01T21:46:20.429+0000] {dag.py:3954} INFO - Setting next_dagrun for feature_store_cre to 2026-01-31 00:00:00+00:00, run_after=2026-02-01 00:00:00+00:00
[2026-02-01T21:46:20.458+0000] {processor.py:183} INFO - Processing /opt/airflow/dags/feature_store.py took 2.886 seconds
[2026-02-01T21:46:50.818+0000] {processor.py:161} INFO - Started process (PID=36683) to work on /opt/airflow/dags/feature_store.py
[2026-02-01T21:46:50.819+0000] {processor.py:830} INFO - Processing file /opt/airflow/dags/feature_store.py for tasks to queue
[2026-02-01T21:46:50.822+0000] {logging_mixin.py:188} INFO - [2026-02-01T21:46:50.821+0000] {dagbag.py:545} INFO - Filling up the DagBag from /opt/airflow/dags/feature_store.py
[2026-02-01T21:46:52.990+0000] {logging_mixin.py:188} WARNING - /opt/airflow/dags/feature_store.py:64 RemovedInAirflow3Warning: Param `schedule_interval` is deprecated and will be removed in a future release. Please use `schedule` instead.
[2026-02-01T21:46:52.994+0000] {processor.py:840} INFO - DAG(s) 'feature_store_cre' retrieved from /opt/airflow/dags/feature_store.py
[2026-02-01T21:46:53.019+0000] {logging_mixin.py:188} INFO - [2026-02-01T21:46:53.019+0000] {dag.py:3096} INFO - Sync 1 DAGs
[2026-02-01T21:46:53.039+0000] {logging_mixin.py:188} INFO - [2026-02-01T21:46:53.039+0000] {dag.py:3954} INFO - Setting next_dagrun for feature_store_cre to 2026-01-31 00:00:00+00:00, run_after=2026-02-01 00:00:00+00:00
[2026-02-01T21:46:53.065+0000] {processor.py:183} INFO - Processing /opt/airflow/dags/feature_store.py took 2.253 seconds
[2026-02-01T21:47:24.194+0000] {processor.py:161} INFO - Started process (PID=36730) to work on /opt/airflow/dags/feature_store.py
[2026-02-01T21:47:24.195+0000] {processor.py:830} INFO - Processing file /opt/airflow/dags/feature_store.py for tasks to queue
[2026-02-01T21:47:24.197+0000] {logging_mixin.py:188} INFO - [2026-02-01T21:47:24.197+0000] {dagbag.py:545} INFO - Filling up the DagBag from /opt/airflow/dags/feature_store.py
[2026-02-01T21:47:26.405+0000] {logging_mixin.py:188} WARNING - /opt/airflow/dags/feature_store.py:64 RemovedInAirflow3Warning: Param `schedule_interval` is deprecated and will be removed in a future release. Please use `schedule` instead.
[2026-02-01T21:47:26.411+0000] {processor.py:840} INFO - DAG(s) 'feature_store_cre' retrieved from /opt/airflow/dags/feature_store.py
[2026-02-01T21:47:26.440+0000] {logging_mixin.py:188} INFO - [2026-02-01T21:47:26.439+0000] {dag.py:3096} INFO - Sync 1 DAGs
[2026-02-01T21:47:26.476+0000] {logging_mixin.py:188} INFO - [2026-02-01T21:47:26.476+0000] {dag.py:3954} INFO - Setting next_dagrun for feature_store_cre to 2026-01-31 00:00:00+00:00, run_after=2026-02-01 00:00:00+00:00
[2026-02-01T21:47:26.516+0000] {processor.py:183} INFO - Processing /opt/airflow/dags/feature_store.py took 2.327 seconds
[2026-02-01T21:47:57.111+0000] {processor.py:161} INFO - Started process (PID=36777) to work on /opt/airflow/dags/feature_store.py
[2026-02-01T21:47:57.113+0000] {processor.py:830} INFO - Processing file /opt/airflow/dags/feature_store.py for tasks to queue
[2026-02-01T21:47:57.116+0000] {logging_mixin.py:188} INFO - [2026-02-01T21:47:57.115+0000] {dagbag.py:545} INFO - Filling up the DagBag from /opt/airflow/dags/feature_store.py
[2026-02-01T21:47:59.147+0000] {logging_mixin.py:188} WARNING - /opt/airflow/dags/feature_store.py:64 RemovedInAirflow3Warning: Param `schedule_interval` is deprecated and will be removed in a future release. Please use `schedule` instead.
[2026-02-01T21:47:59.153+0000] {processor.py:840} INFO - DAG(s) 'feature_store_cre' retrieved from /opt/airflow/dags/feature_store.py
[2026-02-01T21:47:59.174+0000] {logging_mixin.py:188} INFO - [2026-02-01T21:47:59.173+0000] {dag.py:3096} INFO - Sync 1 DAGs
[2026-02-01T21:47:59.190+0000] {logging_mixin.py:188} INFO - [2026-02-01T21:47:59.190+0000] {dag.py:3954} INFO - Setting next_dagrun for feature_store_cre to 2026-01-31 00:00:00+00:00, run_after=2026-02-01 00:00:00+00:00
[2026-02-01T21:47:59.211+0000] {processor.py:183} INFO - Processing /opt/airflow/dags/feature_store.py took 2.106 seconds
[2026-02-01T21:48:30.408+0000] {processor.py:161} INFO - Started process (PID=36824) to work on /opt/airflow/dags/feature_store.py
[2026-02-01T21:48:30.408+0000] {processor.py:830} INFO - Processing file /opt/airflow/dags/feature_store.py for tasks to queue
[2026-02-01T21:48:30.410+0000] {logging_mixin.py:188} INFO - [2026-02-01T21:48:30.410+0000] {dagbag.py:545} INFO - Filling up the DagBag from /opt/airflow/dags/feature_store.py
[2026-02-01T21:48:32.494+0000] {logging_mixin.py:188} WARNING - /opt/airflow/dags/feature_store.py:64 RemovedInAirflow3Warning: Param `schedule_interval` is deprecated and will be removed in a future release. Please use `schedule` instead.
[2026-02-01T21:48:32.499+0000] {processor.py:840} INFO - DAG(s) 'feature_store_cre' retrieved from /opt/airflow/dags/feature_store.py
[2026-02-01T21:48:32.522+0000] {logging_mixin.py:188} INFO - [2026-02-01T21:48:32.522+0000] {dag.py:3096} INFO - Sync 1 DAGs
[2026-02-01T21:48:32.541+0000] {logging_mixin.py:188} INFO - [2026-02-01T21:48:32.540+0000] {dag.py:3954} INFO - Setting next_dagrun for feature_store_cre to 2026-01-31 00:00:00+00:00, run_after=2026-02-01 00:00:00+00:00
[2026-02-01T21:48:32.560+0000] {processor.py:183} INFO - Processing /opt/airflow/dags/feature_store.py took 2.157 seconds
[2026-02-01T21:49:03.911+0000] {processor.py:161} INFO - Started process (PID=36871) to work on /opt/airflow/dags/feature_store.py
[2026-02-01T21:49:03.912+0000] {processor.py:830} INFO - Processing file /opt/airflow/dags/feature_store.py for tasks to queue
[2026-02-01T21:49:03.914+0000] {logging_mixin.py:188} INFO - [2026-02-01T21:49:03.914+0000] {dagbag.py:545} INFO - Filling up the DagBag from /opt/airflow/dags/feature_store.py
[2026-02-01T21:49:05.861+0000] {logging_mixin.py:188} WARNING - /opt/airflow/dags/feature_store.py:64 RemovedInAirflow3Warning: Param `schedule_interval` is deprecated and will be removed in a future release. Please use `schedule` instead.
[2026-02-01T21:49:05.865+0000] {processor.py:840} INFO - DAG(s) 'feature_store_cre' retrieved from /opt/airflow/dags/feature_store.py
[2026-02-01T21:49:05.885+0000] {logging_mixin.py:188} INFO - [2026-02-01T21:49:05.885+0000] {dag.py:3096} INFO - Sync 1 DAGs
[2026-02-01T21:49:05.905+0000] {logging_mixin.py:188} INFO - [2026-02-01T21:49:05.904+0000] {dag.py:3954} INFO - Setting next_dagrun for feature_store_cre to 2026-01-31 00:00:00+00:00, run_after=2026-02-01 00:00:00+00:00
[2026-02-01T21:49:05.925+0000] {processor.py:183} INFO - Processing /opt/airflow/dags/feature_store.py took 2.019 seconds
[2026-02-01T21:49:37.401+0000] {processor.py:161} INFO - Started process (PID=36918) to work on /opt/airflow/dags/feature_store.py
[2026-02-01T21:49:37.404+0000] {processor.py:830} INFO - Processing file /opt/airflow/dags/feature_store.py for tasks to queue
[2026-02-01T21:49:37.407+0000] {logging_mixin.py:188} INFO - [2026-02-01T21:49:37.406+0000] {dagbag.py:545} INFO - Filling up the DagBag from /opt/airflow/dags/feature_store.py
[2026-02-01T21:49:39.493+0000] {logging_mixin.py:188} WARNING - /opt/airflow/dags/feature_store.py:64 RemovedInAirflow3Warning: Param `schedule_interval` is deprecated and will be removed in a future release. Please use `schedule` instead.
[2026-02-01T21:49:39.497+0000] {processor.py:840} INFO - DAG(s) 'feature_store_cre' retrieved from /opt/airflow/dags/feature_store.py
[2026-02-01T21:49:39.514+0000] {logging_mixin.py:188} INFO - [2026-02-01T21:49:39.514+0000] {dag.py:3096} INFO - Sync 1 DAGs
[2026-02-01T21:49:39.530+0000] {logging_mixin.py:188} INFO - [2026-02-01T21:49:39.530+0000] {dag.py:3954} INFO - Setting next_dagrun for feature_store_cre to 2026-01-31 00:00:00+00:00, run_after=2026-02-01 00:00:00+00:00
[2026-02-01T21:49:39.546+0000] {processor.py:183} INFO - Processing /opt/airflow/dags/feature_store.py took 2.155 seconds
[2026-02-01T21:50:10.773+0000] {processor.py:161} INFO - Started process (PID=36965) to work on /opt/airflow/dags/feature_store.py
[2026-02-01T21:50:10.774+0000] {processor.py:830} INFO - Processing file /opt/airflow/dags/feature_store.py for tasks to queue
[2026-02-01T21:50:10.776+0000] {logging_mixin.py:188} INFO - [2026-02-01T21:50:10.775+0000] {dagbag.py:545} INFO - Filling up the DagBag from /opt/airflow/dags/feature_store.py
[2026-02-01T21:50:12.776+0000] {logging_mixin.py:188} WARNING - /opt/airflow/dags/feature_store.py:64 RemovedInAirflow3Warning: Param `schedule_interval` is deprecated and will be removed in a future release. Please use `schedule` instead.
[2026-02-01T21:50:12.780+0000] {processor.py:840} INFO - DAG(s) 'feature_store_cre' retrieved from /opt/airflow/dags/feature_store.py
[2026-02-01T21:50:12.802+0000] {logging_mixin.py:188} INFO - [2026-02-01T21:50:12.802+0000] {dag.py:3096} INFO - Sync 1 DAGs
[2026-02-01T21:50:12.821+0000] {logging_mixin.py:188} INFO - [2026-02-01T21:50:12.821+0000] {dag.py:3954} INFO - Setting next_dagrun for feature_store_cre to 2026-01-31 00:00:00+00:00, run_after=2026-02-01 00:00:00+00:00
[2026-02-01T21:50:12.846+0000] {processor.py:183} INFO - Processing /opt/airflow/dags/feature_store.py took 2.079 seconds
[2026-02-01T21:50:44.447+0000] {processor.py:161} INFO - Started process (PID=37012) to work on /opt/airflow/dags/feature_store.py
[2026-02-01T21:50:44.448+0000] {processor.py:830} INFO - Processing file /opt/airflow/dags/feature_store.py for tasks to queue
[2026-02-01T21:50:44.450+0000] {logging_mixin.py:188} INFO - [2026-02-01T21:50:44.450+0000] {dagbag.py:545} INFO - Filling up the DagBag from /opt/airflow/dags/feature_store.py
[2026-02-01T21:50:47.082+0000] {logging_mixin.py:188} WARNING - /opt/airflow/dags/feature_store.py:64 RemovedInAirflow3Warning: Param `schedule_interval` is deprecated and will be removed in a future release. Please use `schedule` instead.
[2026-02-01T21:50:47.089+0000] {processor.py:840} INFO - DAG(s) 'feature_store_cre' retrieved from /opt/airflow/dags/feature_store.py
[2026-02-01T21:50:47.114+0000] {logging_mixin.py:188} INFO - [2026-02-01T21:50:47.114+0000] {dag.py:3096} INFO - Sync 1 DAGs
[2026-02-01T21:50:47.133+0000] {logging_mixin.py:188} INFO - [2026-02-01T21:50:47.133+0000] {dag.py:3954} INFO - Setting next_dagrun for feature_store_cre to 2026-01-31 00:00:00+00:00, run_after=2026-02-01 00:00:00+00:00
[2026-02-01T21:50:47.157+0000] {processor.py:183} INFO - Processing /opt/airflow/dags/feature_store.py took 2.715 seconds
[2026-02-01T21:51:17.621+0000] {processor.py:161} INFO - Started process (PID=37059) to work on /opt/airflow/dags/feature_store.py
[2026-02-01T21:51:17.622+0000] {processor.py:830} INFO - Processing file /opt/airflow/dags/feature_store.py for tasks to queue
[2026-02-01T21:51:17.623+0000] {logging_mixin.py:188} INFO - [2026-02-01T21:51:17.623+0000] {dagbag.py:545} INFO - Filling up the DagBag from /opt/airflow/dags/feature_store.py
[2026-02-01T21:51:19.627+0000] {logging_mixin.py:188} WARNING - /opt/airflow/dags/feature_store.py:64 RemovedInAirflow3Warning: Param `schedule_interval` is deprecated and will be removed in a future release. Please use `schedule` instead.
[2026-02-01T21:51:19.632+0000] {processor.py:840} INFO - DAG(s) 'feature_store_cre' retrieved from /opt/airflow/dags/feature_store.py
[2026-02-01T21:51:19.649+0000] {logging_mixin.py:188} INFO - [2026-02-01T21:51:19.649+0000] {dag.py:3096} INFO - Sync 1 DAGs
[2026-02-01T21:51:19.665+0000] {logging_mixin.py:188} INFO - [2026-02-01T21:51:19.664+0000] {dag.py:3954} INFO - Setting next_dagrun for feature_store_cre to 2026-01-31 00:00:00+00:00, run_after=2026-02-01 00:00:00+00:00
[2026-02-01T21:51:19.681+0000] {processor.py:183} INFO - Processing /opt/airflow/dags/feature_store.py took 2.065 seconds
[2026-02-01T21:51:50.608+0000] {processor.py:161} INFO - Started process (PID=37106) to work on /opt/airflow/dags/feature_store.py
[2026-02-01T21:51:50.609+0000] {processor.py:830} INFO - Processing file /opt/airflow/dags/feature_store.py for tasks to queue
[2026-02-01T21:51:50.611+0000] {logging_mixin.py:188} INFO - [2026-02-01T21:51:50.611+0000] {dagbag.py:545} INFO - Filling up the DagBag from /opt/airflow/dags/feature_store.py
[2026-02-01T21:51:52.400+0000] {logging_mixin.py:188} WARNING - /opt/airflow/dags/feature_store.py:64 RemovedInAirflow3Warning: Param `schedule_interval` is deprecated and will be removed in a future release. Please use `schedule` instead.
[2026-02-01T21:51:52.407+0000] {processor.py:840} INFO - DAG(s) 'feature_store_cre' retrieved from /opt/airflow/dags/feature_store.py
[2026-02-01T21:51:52.427+0000] {logging_mixin.py:188} INFO - [2026-02-01T21:51:52.426+0000] {dag.py:3096} INFO - Sync 1 DAGs
[2026-02-01T21:51:52.445+0000] {logging_mixin.py:188} INFO - [2026-02-01T21:51:52.445+0000] {dag.py:3954} INFO - Setting next_dagrun for feature_store_cre to 2026-01-31 00:00:00+00:00, run_after=2026-02-01 00:00:00+00:00
[2026-02-01T21:51:52.465+0000] {processor.py:183} INFO - Processing /opt/airflow/dags/feature_store.py took 1.863 seconds
[2026-02-01T21:52:23.856+0000] {processor.py:161} INFO - Started process (PID=37152) to work on /opt/airflow/dags/feature_store.py
[2026-02-01T21:52:23.858+0000] {processor.py:830} INFO - Processing file /opt/airflow/dags/feature_store.py for tasks to queue
[2026-02-01T21:52:23.859+0000] {logging_mixin.py:188} INFO - [2026-02-01T21:52:23.859+0000] {dagbag.py:545} INFO - Filling up the DagBag from /opt/airflow/dags/feature_store.py
[2026-02-01T21:52:25.469+0000] {logging_mixin.py:188} WARNING - /opt/airflow/dags/feature_store.py:64 RemovedInAirflow3Warning: Param `schedule_interval` is deprecated and will be removed in a future release. Please use `schedule` instead.
[2026-02-01T21:52:25.474+0000] {processor.py:840} INFO - DAG(s) 'feature_store_cre' retrieved from /opt/airflow/dags/feature_store.py
[2026-02-01T21:52:25.493+0000] {logging_mixin.py:188} INFO - [2026-02-01T21:52:25.492+0000] {dag.py:3096} INFO - Sync 1 DAGs
[2026-02-01T21:52:25.507+0000] {logging_mixin.py:188} INFO - [2026-02-01T21:52:25.507+0000] {dag.py:3954} INFO - Setting next_dagrun for feature_store_cre to 2026-01-31 00:00:00+00:00, run_after=2026-02-01 00:00:00+00:00
[2026-02-01T21:52:25.523+0000] {processor.py:183} INFO - Processing /opt/airflow/dags/feature_store.py took 1.671 seconds
[2026-02-01T21:52:57.728+0000] {processor.py:161} INFO - Started process (PID=37199) to work on /opt/airflow/dags/feature_store.py
[2026-02-01T21:52:57.729+0000] {processor.py:830} INFO - Processing file /opt/airflow/dags/feature_store.py for tasks to queue
[2026-02-01T21:52:57.733+0000] {logging_mixin.py:188} INFO - [2026-02-01T21:52:57.732+0000] {dagbag.py:545} INFO - Filling up the DagBag from /opt/airflow/dags/feature_store.py
[2026-02-01T21:52:59.542+0000] {logging_mixin.py:188} WARNING - /opt/airflow/dags/feature_store.py:64 RemovedInAirflow3Warning: Param `schedule_interval` is deprecated and will be removed in a future release. Please use `schedule` instead.
[2026-02-01T21:52:59.547+0000] {processor.py:840} INFO - DAG(s) 'feature_store_cre' retrieved from /opt/airflow/dags/feature_store.py
[2026-02-01T21:52:59.563+0000] {logging_mixin.py:188} INFO - [2026-02-01T21:52:59.563+0000] {dag.py:3096} INFO - Sync 1 DAGs
[2026-02-01T21:52:59.577+0000] {logging_mixin.py:188} INFO - [2026-02-01T21:52:59.577+0000] {dag.py:3954} INFO - Setting next_dagrun for feature_store_cre to 2026-01-31 00:00:00+00:00, run_after=2026-02-01 00:00:00+00:00
[2026-02-01T21:52:59.593+0000] {processor.py:183} INFO - Processing /opt/airflow/dags/feature_store.py took 1.871 seconds
[2026-02-01T21:53:30.685+0000] {processor.py:161} INFO - Started process (PID=37246) to work on /opt/airflow/dags/feature_store.py
[2026-02-01T21:53:30.687+0000] {processor.py:830} INFO - Processing file /opt/airflow/dags/feature_store.py for tasks to queue
[2026-02-01T21:53:30.689+0000] {logging_mixin.py:188} INFO - [2026-02-01T21:53:30.689+0000] {dagbag.py:545} INFO - Filling up the DagBag from /opt/airflow/dags/feature_store.py
[2026-02-01T21:53:32.689+0000] {logging_mixin.py:188} WARNING - /opt/airflow/dags/feature_store.py:64 RemovedInAirflow3Warning: Param `schedule_interval` is deprecated and will be removed in a future release. Please use `schedule` instead.
[2026-02-01T21:53:32.693+0000] {processor.py:840} INFO - DAG(s) 'feature_store_cre' retrieved from /opt/airflow/dags/feature_store.py
[2026-02-01T21:53:32.711+0000] {logging_mixin.py:188} INFO - [2026-02-01T21:53:32.711+0000] {dag.py:3096} INFO - Sync 1 DAGs
[2026-02-01T21:53:32.726+0000] {logging_mixin.py:188} INFO - [2026-02-01T21:53:32.726+0000] {dag.py:3954} INFO - Setting next_dagrun for feature_store_cre to 2026-01-31 00:00:00+00:00, run_after=2026-02-01 00:00:00+00:00
[2026-02-01T21:53:32.744+0000] {processor.py:183} INFO - Processing /opt/airflow/dags/feature_store.py took 2.064 seconds
[2026-02-01T21:54:03.928+0000] {processor.py:161} INFO - Started process (PID=37293) to work on /opt/airflow/dags/feature_store.py
[2026-02-01T21:54:03.928+0000] {processor.py:830} INFO - Processing file /opt/airflow/dags/feature_store.py for tasks to queue
[2026-02-01T21:54:03.930+0000] {logging_mixin.py:188} INFO - [2026-02-01T21:54:03.930+0000] {dagbag.py:545} INFO - Filling up the DagBag from /opt/airflow/dags/feature_store.py
[2026-02-01T21:54:05.811+0000] {logging_mixin.py:188} WARNING - /opt/airflow/dags/feature_store.py:64 RemovedInAirflow3Warning: Param `schedule_interval` is deprecated and will be removed in a future release. Please use `schedule` instead.
[2026-02-01T21:54:05.816+0000] {processor.py:840} INFO - DAG(s) 'feature_store_cre' retrieved from /opt/airflow/dags/feature_store.py
[2026-02-01T21:54:05.834+0000] {logging_mixin.py:188} INFO - [2026-02-01T21:54:05.833+0000] {dag.py:3096} INFO - Sync 1 DAGs
[2026-02-01T21:54:05.849+0000] {logging_mixin.py:188} INFO - [2026-02-01T21:54:05.849+0000] {dag.py:3954} INFO - Setting next_dagrun for feature_store_cre to 2026-01-31 00:00:00+00:00, run_after=2026-02-01 00:00:00+00:00
[2026-02-01T21:54:05.870+0000] {processor.py:183} INFO - Processing /opt/airflow/dags/feature_store.py took 1.947 seconds
[2026-02-01T21:54:37.661+0000] {processor.py:161} INFO - Started process (PID=37340) to work on /opt/airflow/dags/feature_store.py
[2026-02-01T21:54:37.663+0000] {processor.py:830} INFO - Processing file /opt/airflow/dags/feature_store.py for tasks to queue
[2026-02-01T21:54:37.664+0000] {logging_mixin.py:188} INFO - [2026-02-01T21:54:37.664+0000] {dagbag.py:545} INFO - Filling up the DagBag from /opt/airflow/dags/feature_store.py
[2026-02-01T21:54:39.415+0000] {logging_mixin.py:188} WARNING - /opt/airflow/dags/feature_store.py:64 RemovedInAirflow3Warning: Param `schedule_interval` is deprecated and will be removed in a future release. Please use `schedule` instead.
[2026-02-01T21:54:39.419+0000] {processor.py:840} INFO - DAG(s) 'feature_store_cre' retrieved from /opt/airflow/dags/feature_store.py
[2026-02-01T21:54:39.437+0000] {logging_mixin.py:188} INFO - [2026-02-01T21:54:39.437+0000] {dag.py:3096} INFO - Sync 1 DAGs
[2026-02-01T21:54:39.456+0000] {logging_mixin.py:188} INFO - [2026-02-01T21:54:39.456+0000] {dag.py:3954} INFO - Setting next_dagrun for feature_store_cre to 2026-01-31 00:00:00+00:00, run_after=2026-02-01 00:00:00+00:00
[2026-02-01T21:54:39.476+0000] {processor.py:183} INFO - Processing /opt/airflow/dags/feature_store.py took 1.820 seconds
[2026-02-01T21:55:11.022+0000] {processor.py:161} INFO - Started process (PID=37387) to work on /opt/airflow/dags/feature_store.py
[2026-02-01T21:55:11.022+0000] {processor.py:830} INFO - Processing file /opt/airflow/dags/feature_store.py for tasks to queue
[2026-02-01T21:55:11.024+0000] {logging_mixin.py:188} INFO - [2026-02-01T21:55:11.024+0000] {dagbag.py:545} INFO - Filling up the DagBag from /opt/airflow/dags/feature_store.py
[2026-02-01T21:55:12.699+0000] {logging_mixin.py:188} WARNING - /opt/airflow/dags/feature_store.py:64 RemovedInAirflow3Warning: Param `schedule_interval` is deprecated and will be removed in a future release. Please use `schedule` instead.
[2026-02-01T21:55:12.705+0000] {processor.py:840} INFO - DAG(s) 'feature_store_cre' retrieved from /opt/airflow/dags/feature_store.py
[2026-02-01T21:55:12.724+0000] {logging_mixin.py:188} INFO - [2026-02-01T21:55:12.724+0000] {dag.py:3096} INFO - Sync 1 DAGs
[2026-02-01T21:55:12.741+0000] {logging_mixin.py:188} INFO - [2026-02-01T21:55:12.741+0000] {dag.py:3954} INFO - Setting next_dagrun for feature_store_cre to 2026-01-31 00:00:00+00:00, run_after=2026-02-01 00:00:00+00:00
[2026-02-01T21:55:12.756+0000] {processor.py:183} INFO - Processing /opt/airflow/dags/feature_store.py took 1.738 seconds
[2026-02-01T21:55:44.187+0000] {processor.py:161} INFO - Started process (PID=37434) to work on /opt/airflow/dags/feature_store.py
[2026-02-01T21:55:44.189+0000] {processor.py:830} INFO - Processing file /opt/airflow/dags/feature_store.py for tasks to queue
[2026-02-01T21:55:44.190+0000] {logging_mixin.py:188} INFO - [2026-02-01T21:55:44.190+0000] {dagbag.py:545} INFO - Filling up the DagBag from /opt/airflow/dags/feature_store.py
[2026-02-01T21:55:45.901+0000] {logging_mixin.py:188} WARNING - /opt/airflow/dags/feature_store.py:64 RemovedInAirflow3Warning: Param `schedule_interval` is deprecated and will be removed in a future release. Please use `schedule` instead.
[2026-02-01T21:55:45.904+0000] {processor.py:840} INFO - DAG(s) 'feature_store_cre' retrieved from /opt/airflow/dags/feature_store.py
[2026-02-01T21:55:45.922+0000] {logging_mixin.py:188} INFO - [2026-02-01T21:55:45.922+0000] {dag.py:3096} INFO - Sync 1 DAGs
[2026-02-01T21:55:45.938+0000] {logging_mixin.py:188} INFO - [2026-02-01T21:55:45.938+0000] {dag.py:3954} INFO - Setting next_dagrun for feature_store_cre to 2026-01-31 00:00:00+00:00, run_after=2026-02-01 00:00:00+00:00
[2026-02-01T21:55:45.953+0000] {processor.py:183} INFO - Processing /opt/airflow/dags/feature_store.py took 1.770 seconds
[2026-02-01T21:56:18.098+0000] {processor.py:161} INFO - Started process (PID=37481) to work on /opt/airflow/dags/feature_store.py
[2026-02-01T21:56:18.099+0000] {processor.py:830} INFO - Processing file /opt/airflow/dags/feature_store.py for tasks to queue
[2026-02-01T21:56:18.101+0000] {logging_mixin.py:188} INFO - [2026-02-01T21:56:18.101+0000] {dagbag.py:545} INFO - Filling up the DagBag from /opt/airflow/dags/feature_store.py
[2026-02-01T21:56:20.008+0000] {logging_mixin.py:188} WARNING - /opt/airflow/dags/feature_store.py:64 RemovedInAirflow3Warning: Param `schedule_interval` is deprecated and will be removed in a future release. Please use `schedule` instead.
[2026-02-01T21:56:20.012+0000] {processor.py:840} INFO - DAG(s) 'feature_store_cre' retrieved from /opt/airflow/dags/feature_store.py
[2026-02-01T21:56:20.031+0000] {logging_mixin.py:188} INFO - [2026-02-01T21:56:20.030+0000] {dag.py:3096} INFO - Sync 1 DAGs
[2026-02-01T21:56:20.061+0000] {logging_mixin.py:188} INFO - [2026-02-01T21:56:20.061+0000] {dag.py:3954} INFO - Setting next_dagrun for feature_store_cre to 2026-01-31 00:00:00+00:00, run_after=2026-02-01 00:00:00+00:00
[2026-02-01T21:56:20.076+0000] {processor.py:183} INFO - Processing /opt/airflow/dags/feature_store.py took 1.984 seconds
[2026-02-01T21:56:50.696+0000] {processor.py:161} INFO - Started process (PID=37528) to work on /opt/airflow/dags/feature_store.py
[2026-02-01T21:56:50.698+0000] {processor.py:830} INFO - Processing file /opt/airflow/dags/feature_store.py for tasks to queue
[2026-02-01T21:56:50.699+0000] {logging_mixin.py:188} INFO - [2026-02-01T21:56:50.699+0000] {dagbag.py:545} INFO - Filling up the DagBag from /opt/airflow/dags/feature_store.py
[2026-02-01T21:56:52.854+0000] {logging_mixin.py:188} WARNING - /opt/airflow/dags/feature_store.py:64 RemovedInAirflow3Warning: Param `schedule_interval` is deprecated and will be removed in a future release. Please use `schedule` instead.
[2026-02-01T21:56:52.859+0000] {processor.py:840} INFO - DAG(s) 'feature_store_cre' retrieved from /opt/airflow/dags/feature_store.py
[2026-02-01T21:56:52.882+0000] {logging_mixin.py:188} INFO - [2026-02-01T21:56:52.882+0000] {dag.py:3096} INFO - Sync 1 DAGs
[2026-02-01T21:56:52.904+0000] {logging_mixin.py:188} INFO - [2026-02-01T21:56:52.904+0000] {dag.py:3954} INFO - Setting next_dagrun for feature_store_cre to 2026-01-31 00:00:00+00:00, run_after=2026-02-01 00:00:00+00:00
[2026-02-01T21:56:52.925+0000] {processor.py:183} INFO - Processing /opt/airflow/dags/feature_store.py took 2.233 seconds
[2026-02-01T21:57:24.624+0000] {processor.py:161} INFO - Started process (PID=37576) to work on /opt/airflow/dags/feature_store.py
[2026-02-01T21:57:24.624+0000] {processor.py:830} INFO - Processing file /opt/airflow/dags/feature_store.py for tasks to queue
[2026-02-01T21:57:24.626+0000] {logging_mixin.py:188} INFO - [2026-02-01T21:57:24.626+0000] {dagbag.py:545} INFO - Filling up the DagBag from /opt/airflow/dags/feature_store.py
[2026-02-01T21:57:26.692+0000] {logging_mixin.py:188} WARNING - /opt/airflow/dags/feature_store.py:64 RemovedInAirflow3Warning: Param `schedule_interval` is deprecated and will be removed in a future release. Please use `schedule` instead.
[2026-02-01T21:57:26.701+0000] {processor.py:840} INFO - DAG(s) 'feature_store_cre' retrieved from /opt/airflow/dags/feature_store.py
[2026-02-01T21:57:26.730+0000] {logging_mixin.py:188} INFO - [2026-02-01T21:57:26.730+0000] {dag.py:3096} INFO - Sync 1 DAGs
[2026-02-01T21:57:26.759+0000] {logging_mixin.py:188} INFO - [2026-02-01T21:57:26.759+0000] {dag.py:3954} INFO - Setting next_dagrun for feature_store_cre to 2026-01-31 00:00:00+00:00, run_after=2026-02-01 00:00:00+00:00
[2026-02-01T21:57:26.788+0000] {processor.py:183} INFO - Processing /opt/airflow/dags/feature_store.py took 2.169 seconds
[2026-02-01T21:57:57.465+0000] {processor.py:161} INFO - Started process (PID=37624) to work on /opt/airflow/dags/feature_store.py
[2026-02-01T21:57:57.466+0000] {processor.py:830} INFO - Processing file /opt/airflow/dags/feature_store.py for tasks to queue
[2026-02-01T21:57:57.468+0000] {logging_mixin.py:188} INFO - [2026-02-01T21:57:57.467+0000] {dagbag.py:545} INFO - Filling up the DagBag from /opt/airflow/dags/feature_store.py
[2026-02-01T21:57:59.261+0000] {logging_mixin.py:188} WARNING - /opt/airflow/dags/feature_store.py:64 RemovedInAirflow3Warning: Param `schedule_interval` is deprecated and will be removed in a future release. Please use `schedule` instead.
[2026-02-01T21:57:59.265+0000] {processor.py:840} INFO - DAG(s) 'feature_store_cre' retrieved from /opt/airflow/dags/feature_store.py
[2026-02-01T21:57:59.285+0000] {logging_mixin.py:188} INFO - [2026-02-01T21:57:59.285+0000] {dag.py:3096} INFO - Sync 1 DAGs
[2026-02-01T21:57:59.303+0000] {logging_mixin.py:188} INFO - [2026-02-01T21:57:59.303+0000] {dag.py:3954} INFO - Setting next_dagrun for feature_store_cre to 2026-01-31 00:00:00+00:00, run_after=2026-02-01 00:00:00+00:00
[2026-02-01T21:57:59.324+0000] {processor.py:183} INFO - Processing /opt/airflow/dags/feature_store.py took 1.863 seconds
[2026-02-01T21:58:30.791+0000] {processor.py:161} INFO - Started process (PID=37671) to work on /opt/airflow/dags/feature_store.py
[2026-02-01T21:58:30.791+0000] {processor.py:830} INFO - Processing file /opt/airflow/dags/feature_store.py for tasks to queue
[2026-02-01T21:58:30.792+0000] {logging_mixin.py:188} INFO - [2026-02-01T21:58:30.792+0000] {dagbag.py:545} INFO - Filling up the DagBag from /opt/airflow/dags/feature_store.py
[2026-02-01T21:58:32.306+0000] {logging_mixin.py:188} WARNING - /opt/airflow/dags/feature_store.py:64 RemovedInAirflow3Warning: Param `schedule_interval` is deprecated and will be removed in a future release. Please use `schedule` instead.
[2026-02-01T21:58:32.312+0000] {processor.py:840} INFO - DAG(s) 'feature_store_cre' retrieved from /opt/airflow/dags/feature_store.py
[2026-02-01T21:58:32.333+0000] {logging_mixin.py:188} INFO - [2026-02-01T21:58:32.332+0000] {dag.py:3096} INFO - Sync 1 DAGs
[2026-02-01T21:58:32.363+0000] {logging_mixin.py:188} INFO - [2026-02-01T21:58:32.362+0000] {dag.py:3954} INFO - Setting next_dagrun for feature_store_cre to 2026-01-31 00:00:00+00:00, run_after=2026-02-01 00:00:00+00:00
[2026-02-01T21:58:32.385+0000] {processor.py:183} INFO - Processing /opt/airflow/dags/feature_store.py took 1.599 seconds
[2026-02-01T21:59:04.274+0000] {processor.py:161} INFO - Started process (PID=37718) to work on /opt/airflow/dags/feature_store.py
[2026-02-01T21:59:04.276+0000] {processor.py:830} INFO - Processing file /opt/airflow/dags/feature_store.py for tasks to queue
[2026-02-01T21:59:04.278+0000] {logging_mixin.py:188} INFO - [2026-02-01T21:59:04.277+0000] {dagbag.py:545} INFO - Filling up the DagBag from /opt/airflow/dags/feature_store.py
[2026-02-01T21:59:06.045+0000] {logging_mixin.py:188} WARNING - /opt/airflow/dags/feature_store.py:64 RemovedInAirflow3Warning: Param `schedule_interval` is deprecated and will be removed in a future release. Please use `schedule` instead.
[2026-02-01T21:59:06.049+0000] {processor.py:840} INFO - DAG(s) 'feature_store_cre' retrieved from /opt/airflow/dags/feature_store.py
[2026-02-01T21:59:06.066+0000] {logging_mixin.py:188} INFO - [2026-02-01T21:59:06.066+0000] {dag.py:3096} INFO - Sync 1 DAGs
[2026-02-01T21:59:06.080+0000] {logging_mixin.py:188} INFO - [2026-02-01T21:59:06.080+0000] {dag.py:3954} INFO - Setting next_dagrun for feature_store_cre to 2026-01-31 00:00:00+00:00, run_after=2026-02-01 00:00:00+00:00
[2026-02-01T21:59:06.096+0000] {processor.py:183} INFO - Processing /opt/airflow/dags/feature_store.py took 1.826 seconds
[2026-02-01T21:59:37.299+0000] {processor.py:161} INFO - Started process (PID=37765) to work on /opt/airflow/dags/feature_store.py
[2026-02-01T21:59:37.299+0000] {processor.py:830} INFO - Processing file /opt/airflow/dags/feature_store.py for tasks to queue
[2026-02-01T21:59:37.301+0000] {logging_mixin.py:188} INFO - [2026-02-01T21:59:37.301+0000] {dagbag.py:545} INFO - Filling up the DagBag from /opt/airflow/dags/feature_store.py
[2026-02-01T21:59:38.856+0000] {logging_mixin.py:188} WARNING - /opt/airflow/dags/feature_store.py:64 RemovedInAirflow3Warning: Param `schedule_interval` is deprecated and will be removed in a future release. Please use `schedule` instead.
[2026-02-01T21:59:38.860+0000] {processor.py:840} INFO - DAG(s) 'feature_store_cre' retrieved from /opt/airflow/dags/feature_store.py
[2026-02-01T21:59:38.876+0000] {logging_mixin.py:188} INFO - [2026-02-01T21:59:38.876+0000] {dag.py:3096} INFO - Sync 1 DAGs
[2026-02-01T21:59:38.892+0000] {logging_mixin.py:188} INFO - [2026-02-01T21:59:38.891+0000] {dag.py:3954} INFO - Setting next_dagrun for feature_store_cre to 2026-01-31 00:00:00+00:00, run_after=2026-02-01 00:00:00+00:00
[2026-02-01T21:59:38.907+0000] {processor.py:183} INFO - Processing /opt/airflow/dags/feature_store.py took 1.614 seconds
[2026-02-01T22:00:10.969+0000] {processor.py:161} INFO - Started process (PID=37812) to work on /opt/airflow/dags/feature_store.py
[2026-02-01T22:00:10.971+0000] {processor.py:830} INFO - Processing file /opt/airflow/dags/feature_store.py for tasks to queue
[2026-02-01T22:00:10.974+0000] {logging_mixin.py:188} INFO - [2026-02-01T22:00:10.973+0000] {dagbag.py:545} INFO - Filling up the DagBag from /opt/airflow/dags/feature_store.py
[2026-02-01T22:00:12.920+0000] {logging_mixin.py:188} WARNING - /opt/airflow/dags/feature_store.py:64 RemovedInAirflow3Warning: Param `schedule_interval` is deprecated and will be removed in a future release. Please use `schedule` instead.
[2026-02-01T22:00:12.924+0000] {processor.py:840} INFO - DAG(s) 'feature_store_cre' retrieved from /opt/airflow/dags/feature_store.py
[2026-02-01T22:00:12.942+0000] {logging_mixin.py:188} INFO - [2026-02-01T22:00:12.942+0000] {dag.py:3096} INFO - Sync 1 DAGs
[2026-02-01T22:00:12.957+0000] {logging_mixin.py:188} INFO - [2026-02-01T22:00:12.957+0000] {dag.py:3954} INFO - Setting next_dagrun for feature_store_cre to 2026-01-31 00:00:00+00:00, run_after=2026-02-01 00:00:00+00:00
[2026-02-01T22:00:12.972+0000] {processor.py:183} INFO - Processing /opt/airflow/dags/feature_store.py took 2.010 seconds
[2026-02-01T22:00:44.451+0000] {processor.py:161} INFO - Started process (PID=37859) to work on /opt/airflow/dags/feature_store.py
[2026-02-01T22:00:44.452+0000] {processor.py:830} INFO - Processing file /opt/airflow/dags/feature_store.py for tasks to queue
[2026-02-01T22:00:44.454+0000] {logging_mixin.py:188} INFO - [2026-02-01T22:00:44.453+0000] {dagbag.py:545} INFO - Filling up the DagBag from /opt/airflow/dags/feature_store.py
[2026-02-01T22:00:45.955+0000] {logging_mixin.py:188} WARNING - /opt/airflow/dags/feature_store.py:64 RemovedInAirflow3Warning: Param `schedule_interval` is deprecated and will be removed in a future release. Please use `schedule` instead.
[2026-02-01T22:00:45.958+0000] {processor.py:840} INFO - DAG(s) 'feature_store_cre' retrieved from /opt/airflow/dags/feature_store.py
[2026-02-01T22:00:45.977+0000] {logging_mixin.py:188} INFO - [2026-02-01T22:00:45.977+0000] {dag.py:3096} INFO - Sync 1 DAGs
[2026-02-01T22:00:45.993+0000] {logging_mixin.py:188} INFO - [2026-02-01T22:00:45.992+0000] {dag.py:3954} INFO - Setting next_dagrun for feature_store_cre to 2026-01-31 00:00:00+00:00, run_after=2026-02-01 00:00:00+00:00
[2026-02-01T22:00:46.013+0000] {processor.py:183} INFO - Processing /opt/airflow/dags/feature_store.py took 1.567 seconds
[2026-02-01T22:01:17.504+0000] {processor.py:161} INFO - Started process (PID=37906) to work on /opt/airflow/dags/feature_store.py
[2026-02-01T22:01:17.507+0000] {processor.py:830} INFO - Processing file /opt/airflow/dags/feature_store.py for tasks to queue
[2026-02-01T22:01:17.512+0000] {logging_mixin.py:188} INFO - [2026-02-01T22:01:17.512+0000] {dagbag.py:545} INFO - Filling up the DagBag from /opt/airflow/dags/feature_store.py
[2026-02-01T22:01:20.331+0000] {logging_mixin.py:188} WARNING - /opt/airflow/dags/feature_store.py:64 RemovedInAirflow3Warning: Param `schedule_interval` is deprecated and will be removed in a future release. Please use `schedule` instead.
[2026-02-01T22:01:20.336+0000] {processor.py:840} INFO - DAG(s) 'feature_store_cre' retrieved from /opt/airflow/dags/feature_store.py
[2026-02-01T22:01:20.363+0000] {logging_mixin.py:188} INFO - [2026-02-01T22:01:20.363+0000] {dag.py:3096} INFO - Sync 1 DAGs
[2026-02-01T22:01:20.386+0000] {logging_mixin.py:188} INFO - [2026-02-01T22:01:20.386+0000] {dag.py:3954} INFO - Setting next_dagrun for feature_store_cre to 2026-01-31 00:00:00+00:00, run_after=2026-02-01 00:00:00+00:00
[2026-02-01T22:01:20.410+0000] {processor.py:183} INFO - Processing /opt/airflow/dags/feature_store.py took 2.924 seconds
[2026-02-01T22:01:51.120+0000] {processor.py:161} INFO - Started process (PID=37959) to work on /opt/airflow/dags/feature_store.py
[2026-02-01T22:01:51.120+0000] {processor.py:830} INFO - Processing file /opt/airflow/dags/feature_store.py for tasks to queue
[2026-02-01T22:01:51.122+0000] {logging_mixin.py:188} INFO - [2026-02-01T22:01:51.122+0000] {dagbag.py:545} INFO - Filling up the DagBag from /opt/airflow/dags/feature_store.py
[2026-02-01T22:01:53.102+0000] {logging_mixin.py:188} WARNING - /opt/airflow/dags/feature_store.py:64 RemovedInAirflow3Warning: Param `schedule_interval` is deprecated and will be removed in a future release. Please use `schedule` instead.
[2026-02-01T22:01:53.114+0000] {processor.py:840} INFO - DAG(s) 'feature_store_cre' retrieved from /opt/airflow/dags/feature_store.py
[2026-02-01T22:01:53.145+0000] {logging_mixin.py:188} INFO - [2026-02-01T22:01:53.145+0000] {dag.py:3096} INFO - Sync 1 DAGs
[2026-02-01T22:01:53.167+0000] {logging_mixin.py:188} INFO - [2026-02-01T22:01:53.167+0000] {dag.py:3954} INFO - Setting next_dagrun for feature_store_cre to 2026-01-31 00:00:00+00:00, run_after=2026-02-01 00:00:00+00:00
[2026-02-01T22:01:53.188+0000] {processor.py:183} INFO - Processing /opt/airflow/dags/feature_store.py took 2.074 seconds
[2026-02-01T22:02:24.042+0000] {processor.py:161} INFO - Started process (PID=38006) to work on /opt/airflow/dags/feature_store.py
[2026-02-01T22:02:24.042+0000] {processor.py:830} INFO - Processing file /opt/airflow/dags/feature_store.py for tasks to queue
[2026-02-01T22:02:24.044+0000] {logging_mixin.py:188} INFO - [2026-02-01T22:02:24.044+0000] {dagbag.py:545} INFO - Filling up the DagBag from /opt/airflow/dags/feature_store.py
[2026-02-01T22:02:26.121+0000] {logging_mixin.py:188} WARNING - /opt/airflow/dags/feature_store.py:64 RemovedInAirflow3Warning: Param `schedule_interval` is deprecated and will be removed in a future release. Please use `schedule` instead.
[2026-02-01T22:02:26.126+0000] {processor.py:840} INFO - DAG(s) 'feature_store_cre' retrieved from /opt/airflow/dags/feature_store.py
[2026-02-01T22:02:26.152+0000] {logging_mixin.py:188} INFO - [2026-02-01T22:02:26.152+0000] {dag.py:3096} INFO - Sync 1 DAGs
[2026-02-01T22:02:26.173+0000] {logging_mixin.py:188} INFO - [2026-02-01T22:02:26.173+0000] {dag.py:3954} INFO - Setting next_dagrun for feature_store_cre to 2026-01-31 00:00:00+00:00, run_after=2026-02-01 00:00:00+00:00
[2026-02-01T22:02:26.197+0000] {processor.py:183} INFO - Processing /opt/airflow/dags/feature_store.py took 2.162 seconds
[2026-02-01T22:02:57.692+0000] {processor.py:161} INFO - Started process (PID=38049) to work on /opt/airflow/dags/feature_store.py
[2026-02-01T22:02:57.694+0000] {processor.py:830} INFO - Processing file /opt/airflow/dags/feature_store.py for tasks to queue
[2026-02-01T22:02:57.696+0000] {logging_mixin.py:188} INFO - [2026-02-01T22:02:57.696+0000] {dagbag.py:545} INFO - Filling up the DagBag from /opt/airflow/dags/feature_store.py
[2026-02-01T22:02:59.888+0000] {logging_mixin.py:188} WARNING - /opt/airflow/dags/feature_store.py:64 RemovedInAirflow3Warning: Param `schedule_interval` is deprecated and will be removed in a future release. Please use `schedule` instead.
[2026-02-01T22:02:59.894+0000] {processor.py:840} INFO - DAG(s) 'feature_store_cre' retrieved from /opt/airflow/dags/feature_store.py
[2026-02-01T22:02:59.912+0000] {logging_mixin.py:188} INFO - [2026-02-01T22:02:59.911+0000] {dag.py:3096} INFO - Sync 1 DAGs
[2026-02-01T22:02:59.928+0000] {logging_mixin.py:188} INFO - [2026-02-01T22:02:59.928+0000] {dag.py:3954} INFO - Setting next_dagrun for feature_store_cre to 2026-01-31 00:00:00+00:00, run_after=2026-02-01 00:00:00+00:00
[2026-02-01T22:02:59.944+0000] {processor.py:183} INFO - Processing /opt/airflow/dags/feature_store.py took 2.262 seconds
[2026-02-01T22:03:30.811+0000] {processor.py:161} INFO - Started process (PID=38082) to work on /opt/airflow/dags/feature_store.py
[2026-02-01T22:03:30.812+0000] {processor.py:830} INFO - Processing file /opt/airflow/dags/feature_store.py for tasks to queue
[2026-02-01T22:03:30.813+0000] {logging_mixin.py:188} INFO - [2026-02-01T22:03:30.813+0000] {dagbag.py:545} INFO - Filling up the DagBag from /opt/airflow/dags/feature_store.py
[2026-02-01T22:03:33.672+0000] {logging_mixin.py:188} WARNING - /opt/airflow/dags/feature_store.py:64 RemovedInAirflow3Warning: Param `schedule_interval` is deprecated and will be removed in a future release. Please use `schedule` instead.
[2026-02-01T22:03:33.679+0000] {processor.py:840} INFO - DAG(s) 'feature_store_cre' retrieved from /opt/airflow/dags/feature_store.py
[2026-02-01T22:03:33.711+0000] {logging_mixin.py:188} INFO - [2026-02-01T22:03:33.711+0000] {dag.py:3096} INFO - Sync 1 DAGs
[2026-02-01T22:03:33.765+0000] {logging_mixin.py:188} INFO - [2026-02-01T22:03:33.765+0000] {dag.py:3954} INFO - Setting next_dagrun for feature_store_cre to 2026-01-31 00:00:00+00:00, run_after=2026-02-01 00:00:00+00:00
[2026-02-01T22:03:33.813+0000] {processor.py:183} INFO - Processing /opt/airflow/dags/feature_store.py took 3.010 seconds
[2026-02-01T22:04:04.360+0000] {processor.py:161} INFO - Started process (PID=38126) to work on /opt/airflow/dags/feature_store.py
[2026-02-01T22:04:04.364+0000] {processor.py:830} INFO - Processing file /opt/airflow/dags/feature_store.py for tasks to queue
[2026-02-01T22:04:04.365+0000] {logging_mixin.py:188} INFO - [2026-02-01T22:04:04.365+0000] {dagbag.py:545} INFO - Filling up the DagBag from /opt/airflow/dags/feature_store.py
[2026-02-01T22:04:06.714+0000] {logging_mixin.py:188} WARNING - /opt/airflow/dags/feature_store.py:64 RemovedInAirflow3Warning: Param `schedule_interval` is deprecated and will be removed in a future release. Please use `schedule` instead.
[2026-02-01T22:04:06.724+0000] {processor.py:840} INFO - DAG(s) 'feature_store_cre' retrieved from /opt/airflow/dags/feature_store.py
[2026-02-01T22:04:06.760+0000] {logging_mixin.py:188} INFO - [2026-02-01T22:04:06.759+0000] {dag.py:3096} INFO - Sync 1 DAGs
[2026-02-01T22:04:06.788+0000] {logging_mixin.py:188} INFO - [2026-02-01T22:04:06.788+0000] {dag.py:3954} INFO - Setting next_dagrun for feature_store_cre to 2026-01-31 00:00:00+00:00, run_after=2026-02-01 00:00:00+00:00
[2026-02-01T22:04:06.822+0000] {processor.py:183} INFO - Processing /opt/airflow/dags/feature_store.py took 2.467 seconds
[2026-02-01T22:04:37.424+0000] {processor.py:161} INFO - Started process (PID=38173) to work on /opt/airflow/dags/feature_store.py
[2026-02-01T22:04:37.426+0000] {processor.py:830} INFO - Processing file /opt/airflow/dags/feature_store.py for tasks to queue
[2026-02-01T22:04:37.428+0000] {logging_mixin.py:188} INFO - [2026-02-01T22:04:37.428+0000] {dagbag.py:545} INFO - Filling up the DagBag from /opt/airflow/dags/feature_store.py
[2026-02-01T22:04:39.552+0000] {logging_mixin.py:188} WARNING - /opt/airflow/dags/feature_store.py:64 RemovedInAirflow3Warning: Param `schedule_interval` is deprecated and will be removed in a future release. Please use `schedule` instead.
[2026-02-01T22:04:39.558+0000] {processor.py:840} INFO - DAG(s) 'feature_store_cre' retrieved from /opt/airflow/dags/feature_store.py
[2026-02-01T22:04:39.586+0000] {logging_mixin.py:188} INFO - [2026-02-01T22:04:39.585+0000] {dag.py:3096} INFO - Sync 1 DAGs
[2026-02-01T22:04:39.607+0000] {logging_mixin.py:188} INFO - [2026-02-01T22:04:39.607+0000] {dag.py:3954} INFO - Setting next_dagrun for feature_store_cre to 2026-01-31 00:00:00+00:00, run_after=2026-02-01 00:00:00+00:00
[2026-02-01T22:04:39.631+0000] {processor.py:183} INFO - Processing /opt/airflow/dags/feature_store.py took 2.222 seconds
[2026-02-01T22:05:11.113+0000] {processor.py:161} INFO - Started process (PID=38221) to work on /opt/airflow/dags/feature_store.py
[2026-02-01T22:05:11.116+0000] {processor.py:830} INFO - Processing file /opt/airflow/dags/feature_store.py for tasks to queue
[2026-02-01T22:05:11.118+0000] {logging_mixin.py:188} INFO - [2026-02-01T22:05:11.117+0000] {dagbag.py:545} INFO - Filling up the DagBag from /opt/airflow/dags/feature_store.py
[2026-02-01T22:05:13.786+0000] {logging_mixin.py:188} WARNING - /opt/airflow/dags/feature_store.py:64 RemovedInAirflow3Warning: Param `schedule_interval` is deprecated and will be removed in a future release. Please use `schedule` instead.
[2026-02-01T22:05:13.793+0000] {processor.py:840} INFO - DAG(s) 'feature_store_cre' retrieved from /opt/airflow/dags/feature_store.py
[2026-02-01T22:05:13.828+0000] {logging_mixin.py:188} INFO - [2026-02-01T22:05:13.828+0000] {dag.py:3096} INFO - Sync 1 DAGs
[2026-02-01T22:05:13.852+0000] {logging_mixin.py:188} INFO - [2026-02-01T22:05:13.852+0000] {dag.py:3954} INFO - Setting next_dagrun for feature_store_cre to 2026-01-31 00:00:00+00:00, run_after=2026-02-01 00:00:00+00:00
[2026-02-01T22:05:13.883+0000] {processor.py:183} INFO - Processing /opt/airflow/dags/feature_store.py took 2.775 seconds
[2026-02-01T22:05:44.381+0000] {processor.py:161} INFO - Started process (PID=38269) to work on /opt/airflow/dags/feature_store.py
[2026-02-01T22:05:44.381+0000] {processor.py:830} INFO - Processing file /opt/airflow/dags/feature_store.py for tasks to queue
[2026-02-01T22:05:44.382+0000] {logging_mixin.py:188} INFO - [2026-02-01T22:05:44.382+0000] {dagbag.py:545} INFO - Filling up the DagBag from /opt/airflow/dags/feature_store.py
[2026-02-01T22:05:45.768+0000] {logging_mixin.py:188} WARNING - /opt/airflow/dags/feature_store.py:64 RemovedInAirflow3Warning: Param `schedule_interval` is deprecated and will be removed in a future release. Please use `schedule` instead.
[2026-02-01T22:05:45.771+0000] {processor.py:840} INFO - DAG(s) 'feature_store_cre' retrieved from /opt/airflow/dags/feature_store.py
[2026-02-01T22:05:45.789+0000] {logging_mixin.py:188} INFO - [2026-02-01T22:05:45.789+0000] {dag.py:3096} INFO - Sync 1 DAGs
[2026-02-01T22:05:45.803+0000] {logging_mixin.py:188} INFO - [2026-02-01T22:05:45.803+0000] {dag.py:3954} INFO - Setting next_dagrun for feature_store_cre to 2026-01-31 00:00:00+00:00, run_after=2026-02-01 00:00:00+00:00
[2026-02-01T22:05:45.819+0000] {processor.py:183} INFO - Processing /opt/airflow/dags/feature_store.py took 1.442 seconds
[2026-02-01T22:06:17.614+0000] {processor.py:161} INFO - Started process (PID=38316) to work on /opt/airflow/dags/feature_store.py
[2026-02-01T22:06:17.616+0000] {processor.py:830} INFO - Processing file /opt/airflow/dags/feature_store.py for tasks to queue
[2026-02-01T22:06:17.618+0000] {logging_mixin.py:188} INFO - [2026-02-01T22:06:17.618+0000] {dagbag.py:545} INFO - Filling up the DagBag from /opt/airflow/dags/feature_store.py
[2026-02-01T22:06:19.091+0000] {logging_mixin.py:188} WARNING - /opt/airflow/dags/feature_store.py:64 RemovedInAirflow3Warning: Param `schedule_interval` is deprecated and will be removed in a future release. Please use `schedule` instead.
[2026-02-01T22:06:19.095+0000] {processor.py:840} INFO - DAG(s) 'feature_store_cre' retrieved from /opt/airflow/dags/feature_store.py
[2026-02-01T22:06:19.113+0000] {logging_mixin.py:188} INFO - [2026-02-01T22:06:19.113+0000] {dag.py:3096} INFO - Sync 1 DAGs
[2026-02-01T22:06:19.130+0000] {logging_mixin.py:188} INFO - [2026-02-01T22:06:19.130+0000] {dag.py:3954} INFO - Setting next_dagrun for feature_store_cre to 2026-01-31 00:00:00+00:00, run_after=2026-02-01 00:00:00+00:00
[2026-02-01T22:06:19.146+0000] {processor.py:183} INFO - Processing /opt/airflow/dags/feature_store.py took 1.536 seconds
[2026-02-01T22:06:50.917+0000] {processor.py:161} INFO - Started process (PID=38363) to work on /opt/airflow/dags/feature_store.py
[2026-02-01T22:06:50.917+0000] {processor.py:830} INFO - Processing file /opt/airflow/dags/feature_store.py for tasks to queue
[2026-02-01T22:06:50.919+0000] {logging_mixin.py:188} INFO - [2026-02-01T22:06:50.918+0000] {dagbag.py:545} INFO - Filling up the DagBag from /opt/airflow/dags/feature_store.py
[2026-02-01T22:06:52.235+0000] {logging_mixin.py:188} WARNING - /opt/airflow/dags/feature_store.py:64 RemovedInAirflow3Warning: Param `schedule_interval` is deprecated and will be removed in a future release. Please use `schedule` instead.
[2026-02-01T22:06:52.238+0000] {processor.py:840} INFO - DAG(s) 'feature_store_cre' retrieved from /opt/airflow/dags/feature_store.py
[2026-02-01T22:06:52.254+0000] {logging_mixin.py:188} INFO - [2026-02-01T22:06:52.253+0000] {dag.py:3096} INFO - Sync 1 DAGs
[2026-02-01T22:06:52.270+0000] {logging_mixin.py:188} INFO - [2026-02-01T22:06:52.269+0000] {dag.py:3954} INFO - Setting next_dagrun for feature_store_cre to 2026-01-31 00:00:00+00:00, run_after=2026-02-01 00:00:00+00:00
[2026-02-01T22:06:52.288+0000] {processor.py:183} INFO - Processing /opt/airflow/dags/feature_store.py took 1.376 seconds
[2026-02-01T22:07:24.303+0000] {processor.py:161} INFO - Started process (PID=38410) to work on /opt/airflow/dags/feature_store.py
[2026-02-01T22:07:24.305+0000] {processor.py:830} INFO - Processing file /opt/airflow/dags/feature_store.py for tasks to queue
[2026-02-01T22:07:24.307+0000] {logging_mixin.py:188} INFO - [2026-02-01T22:07:24.307+0000] {dagbag.py:545} INFO - Filling up the DagBag from /opt/airflow/dags/feature_store.py
[2026-02-01T22:07:25.579+0000] {logging_mixin.py:188} WARNING - /opt/airflow/dags/feature_store.py:64 RemovedInAirflow3Warning: Param `schedule_interval` is deprecated and will be removed in a future release. Please use `schedule` instead.
[2026-02-01T22:07:25.583+0000] {processor.py:840} INFO - DAG(s) 'feature_store_cre' retrieved from /opt/airflow/dags/feature_store.py
[2026-02-01T22:07:25.596+0000] {logging_mixin.py:188} INFO - [2026-02-01T22:07:25.596+0000] {dag.py:3096} INFO - Sync 1 DAGs
[2026-02-01T22:07:25.607+0000] {logging_mixin.py:188} INFO - [2026-02-01T22:07:25.607+0000] {dag.py:3954} INFO - Setting next_dagrun for feature_store_cre to 2026-01-31 00:00:00+00:00, run_after=2026-02-01 00:00:00+00:00
[2026-02-01T22:07:25.619+0000] {processor.py:183} INFO - Processing /opt/airflow/dags/feature_store.py took 1.320 seconds
[2026-02-01T22:07:57.615+0000] {processor.py:161} INFO - Started process (PID=38457) to work on /opt/airflow/dags/feature_store.py
[2026-02-01T22:07:57.616+0000] {processor.py:830} INFO - Processing file /opt/airflow/dags/feature_store.py for tasks to queue
[2026-02-01T22:07:57.617+0000] {logging_mixin.py:188} INFO - [2026-02-01T22:07:57.617+0000] {dagbag.py:545} INFO - Filling up the DagBag from /opt/airflow/dags/feature_store.py
[2026-02-01T22:07:58.900+0000] {logging_mixin.py:188} WARNING - /opt/airflow/dags/feature_store.py:64 RemovedInAirflow3Warning: Param `schedule_interval` is deprecated and will be removed in a future release. Please use `schedule` instead.
[2026-02-01T22:07:58.903+0000] {processor.py:840} INFO - DAG(s) 'feature_store_cre' retrieved from /opt/airflow/dags/feature_store.py
[2026-02-01T22:07:58.916+0000] {logging_mixin.py:188} INFO - [2026-02-01T22:07:58.916+0000] {dag.py:3096} INFO - Sync 1 DAGs
[2026-02-01T22:07:58.927+0000] {logging_mixin.py:188} INFO - [2026-02-01T22:07:58.927+0000] {dag.py:3954} INFO - Setting next_dagrun for feature_store_cre to 2026-01-31 00:00:00+00:00, run_after=2026-02-01 00:00:00+00:00
[2026-02-01T22:07:58.939+0000] {processor.py:183} INFO - Processing /opt/airflow/dags/feature_store.py took 1.330 seconds
[2026-02-01T22:08:30.764+0000] {processor.py:161} INFO - Started process (PID=38504) to work on /opt/airflow/dags/feature_store.py
[2026-02-01T22:08:30.765+0000] {processor.py:830} INFO - Processing file /opt/airflow/dags/feature_store.py for tasks to queue
[2026-02-01T22:08:30.766+0000] {logging_mixin.py:188} INFO - [2026-02-01T22:08:30.766+0000] {dagbag.py:545} INFO - Filling up the DagBag from /opt/airflow/dags/feature_store.py
[2026-02-01T22:08:32.065+0000] {logging_mixin.py:188} WARNING - /opt/airflow/dags/feature_store.py:64 RemovedInAirflow3Warning: Param `schedule_interval` is deprecated and will be removed in a future release. Please use `schedule` instead.
[2026-02-01T22:08:32.069+0000] {processor.py:840} INFO - DAG(s) 'feature_store_cre' retrieved from /opt/airflow/dags/feature_store.py
[2026-02-01T22:08:32.084+0000] {logging_mixin.py:188} INFO - [2026-02-01T22:08:32.084+0000] {dag.py:3096} INFO - Sync 1 DAGs
[2026-02-01T22:08:32.098+0000] {logging_mixin.py:188} INFO - [2026-02-01T22:08:32.097+0000] {dag.py:3954} INFO - Setting next_dagrun for feature_store_cre to 2026-01-31 00:00:00+00:00, run_after=2026-02-01 00:00:00+00:00
[2026-02-01T22:08:32.114+0000] {processor.py:183} INFO - Processing /opt/airflow/dags/feature_store.py took 1.354 seconds
[2026-02-01T22:09:04.588+0000] {processor.py:161} INFO - Started process (PID=38551) to work on /opt/airflow/dags/feature_store.py
[2026-02-01T22:09:04.590+0000] {processor.py:830} INFO - Processing file /opt/airflow/dags/feature_store.py for tasks to queue
[2026-02-01T22:09:04.594+0000] {logging_mixin.py:188} INFO - [2026-02-01T22:09:04.594+0000] {dagbag.py:545} INFO - Filling up the DagBag from /opt/airflow/dags/feature_store.py
[2026-02-01T22:09:05.960+0000] {logging_mixin.py:188} WARNING - /opt/airflow/dags/feature_store.py:64 RemovedInAirflow3Warning: Param `schedule_interval` is deprecated and will be removed in a future release. Please use `schedule` instead.
[2026-02-01T22:09:05.964+0000] {processor.py:840} INFO - DAG(s) 'feature_store_cre' retrieved from /opt/airflow/dags/feature_store.py
[2026-02-01T22:09:05.980+0000] {logging_mixin.py:188} INFO - [2026-02-01T22:09:05.979+0000] {dag.py:3096} INFO - Sync 1 DAGs
[2026-02-01T22:09:05.996+0000] {logging_mixin.py:188} INFO - [2026-02-01T22:09:05.996+0000] {dag.py:3954} INFO - Setting next_dagrun for feature_store_cre to 2026-01-31 00:00:00+00:00, run_after=2026-02-01 00:00:00+00:00
[2026-02-01T22:09:06.014+0000] {processor.py:183} INFO - Processing /opt/airflow/dags/feature_store.py took 1.439 seconds
[2026-02-01T22:09:37.483+0000] {processor.py:161} INFO - Started process (PID=38598) to work on /opt/airflow/dags/feature_store.py
[2026-02-01T22:09:37.485+0000] {processor.py:830} INFO - Processing file /opt/airflow/dags/feature_store.py for tasks to queue
[2026-02-01T22:09:37.487+0000] {logging_mixin.py:188} INFO - [2026-02-01T22:09:37.487+0000] {dagbag.py:545} INFO - Filling up the DagBag from /opt/airflow/dags/feature_store.py
[2026-02-01T22:09:39.057+0000] {logging_mixin.py:188} WARNING - /opt/airflow/dags/feature_store.py:64 RemovedInAirflow3Warning: Param `schedule_interval` is deprecated and will be removed in a future release. Please use `schedule` instead.
[2026-02-01T22:09:39.061+0000] {processor.py:840} INFO - DAG(s) 'feature_store_cre' retrieved from /opt/airflow/dags/feature_store.py
[2026-02-01T22:09:39.080+0000] {logging_mixin.py:188} INFO - [2026-02-01T22:09:39.080+0000] {dag.py:3096} INFO - Sync 1 DAGs
[2026-02-01T22:09:39.096+0000] {logging_mixin.py:188} INFO - [2026-02-01T22:09:39.095+0000] {dag.py:3954} INFO - Setting next_dagrun for feature_store_cre to 2026-01-31 00:00:00+00:00, run_after=2026-02-01 00:00:00+00:00
[2026-02-01T22:09:39.115+0000] {processor.py:183} INFO - Processing /opt/airflow/dags/feature_store.py took 1.638 seconds
[2026-02-01T22:10:11.392+0000] {processor.py:161} INFO - Started process (PID=38645) to work on /opt/airflow/dags/feature_store.py
[2026-02-01T22:10:11.393+0000] {processor.py:830} INFO - Processing file /opt/airflow/dags/feature_store.py for tasks to queue
[2026-02-01T22:10:11.394+0000] {logging_mixin.py:188} INFO - [2026-02-01T22:10:11.394+0000] {dagbag.py:545} INFO - Filling up the DagBag from /opt/airflow/dags/feature_store.py
[2026-02-01T22:10:12.913+0000] {logging_mixin.py:188} WARNING - /opt/airflow/dags/feature_store.py:64 RemovedInAirflow3Warning: Param `schedule_interval` is deprecated and will be removed in a future release. Please use `schedule` instead.
[2026-02-01T22:10:12.917+0000] {processor.py:840} INFO - DAG(s) 'feature_store_cre' retrieved from /opt/airflow/dags/feature_store.py
[2026-02-01T22:10:12.938+0000] {logging_mixin.py:188} INFO - [2026-02-01T22:10:12.937+0000] {dag.py:3096} INFO - Sync 1 DAGs
[2026-02-01T22:10:12.956+0000] {logging_mixin.py:188} INFO - [2026-02-01T22:10:12.956+0000] {dag.py:3954} INFO - Setting next_dagrun for feature_store_cre to 2026-01-31 00:00:00+00:00, run_after=2026-02-01 00:00:00+00:00
[2026-02-01T22:10:12.974+0000] {processor.py:183} INFO - Processing /opt/airflow/dags/feature_store.py took 1.587 seconds
[2026-02-01T22:10:44.316+0000] {processor.py:161} INFO - Started process (PID=38692) to work on /opt/airflow/dags/feature_store.py
[2026-02-01T22:10:44.319+0000] {processor.py:830} INFO - Processing file /opt/airflow/dags/feature_store.py for tasks to queue
[2026-02-01T22:10:44.321+0000] {logging_mixin.py:188} INFO - [2026-02-01T22:10:44.321+0000] {dagbag.py:545} INFO - Filling up the DagBag from /opt/airflow/dags/feature_store.py
[2026-02-01T22:10:46.034+0000] {logging_mixin.py:188} WARNING - /opt/airflow/dags/feature_store.py:64 RemovedInAirflow3Warning: Param `schedule_interval` is deprecated and will be removed in a future release. Please use `schedule` instead.
[2026-02-01T22:10:46.038+0000] {processor.py:840} INFO - DAG(s) 'feature_store_cre' retrieved from /opt/airflow/dags/feature_store.py
[2026-02-01T22:10:46.054+0000] {logging_mixin.py:188} INFO - [2026-02-01T22:10:46.053+0000] {dag.py:3096} INFO - Sync 1 DAGs
[2026-02-01T22:10:46.069+0000] {logging_mixin.py:188} INFO - [2026-02-01T22:10:46.069+0000] {dag.py:3954} INFO - Setting next_dagrun for feature_store_cre to 2026-01-31 00:00:00+00:00, run_after=2026-02-01 00:00:00+00:00
[2026-02-01T22:10:46.087+0000] {processor.py:183} INFO - Processing /opt/airflow/dags/feature_store.py took 1.775 seconds
[2026-02-01T22:11:17.815+0000] {processor.py:161} INFO - Started process (PID=38740) to work on /opt/airflow/dags/feature_store.py
[2026-02-01T22:11:17.816+0000] {processor.py:830} INFO - Processing file /opt/airflow/dags/feature_store.py for tasks to queue
[2026-02-01T22:11:17.820+0000] {logging_mixin.py:188} INFO - [2026-02-01T22:11:17.819+0000] {dagbag.py:545} INFO - Filling up the DagBag from /opt/airflow/dags/feature_store.py
[2026-02-01T22:11:20.623+0000] {logging_mixin.py:188} WARNING - /opt/airflow/dags/feature_store.py:64 RemovedInAirflow3Warning: Param `schedule_interval` is deprecated and will be removed in a future release. Please use `schedule` instead.
[2026-02-01T22:11:20.629+0000] {processor.py:840} INFO - DAG(s) 'feature_store_cre' retrieved from /opt/airflow/dags/feature_store.py
[2026-02-01T22:11:20.651+0000] {logging_mixin.py:188} INFO - [2026-02-01T22:11:20.651+0000] {dag.py:3096} INFO - Sync 1 DAGs
[2026-02-01T22:11:20.671+0000] {logging_mixin.py:188} INFO - [2026-02-01T22:11:20.671+0000] {dag.py:3954} INFO - Setting next_dagrun for feature_store_cre to 2026-01-31 00:00:00+00:00, run_after=2026-02-01 00:00:00+00:00
[2026-02-01T22:11:20.692+0000] {processor.py:183} INFO - Processing /opt/airflow/dags/feature_store.py took 2.894 seconds
[2026-02-01T22:11:51.341+0000] {processor.py:161} INFO - Started process (PID=38787) to work on /opt/airflow/dags/feature_store.py
[2026-02-01T22:11:51.342+0000] {processor.py:830} INFO - Processing file /opt/airflow/dags/feature_store.py for tasks to queue
[2026-02-01T22:11:51.344+0000] {logging_mixin.py:188} INFO - [2026-02-01T22:11:51.343+0000] {dagbag.py:545} INFO - Filling up the DagBag from /opt/airflow/dags/feature_store.py
[2026-02-01T22:11:53.353+0000] {logging_mixin.py:188} WARNING - /opt/airflow/dags/feature_store.py:64 RemovedInAirflow3Warning: Param `schedule_interval` is deprecated and will be removed in a future release. Please use `schedule` instead.
[2026-02-01T22:11:53.357+0000] {processor.py:840} INFO - DAG(s) 'feature_store_cre' retrieved from /opt/airflow/dags/feature_store.py
[2026-02-01T22:11:53.382+0000] {logging_mixin.py:188} INFO - [2026-02-01T22:11:53.382+0000] {dag.py:3096} INFO - Sync 1 DAGs
[2026-02-01T22:11:53.401+0000] {logging_mixin.py:188} INFO - [2026-02-01T22:11:53.401+0000] {dag.py:3954} INFO - Setting next_dagrun for feature_store_cre to 2026-01-31 00:00:00+00:00, run_after=2026-02-01 00:00:00+00:00
[2026-02-01T22:11:53.427+0000] {processor.py:183} INFO - Processing /opt/airflow/dags/feature_store.py took 2.090 seconds
[2026-02-01T22:12:24.587+0000] {processor.py:161} INFO - Started process (PID=38834) to work on /opt/airflow/dags/feature_store.py
[2026-02-01T22:12:24.587+0000] {processor.py:830} INFO - Processing file /opt/airflow/dags/feature_store.py for tasks to queue
[2026-02-01T22:12:24.589+0000] {logging_mixin.py:188} INFO - [2026-02-01T22:12:24.588+0000] {dagbag.py:545} INFO - Filling up the DagBag from /opt/airflow/dags/feature_store.py
[2026-02-01T22:12:26.540+0000] {logging_mixin.py:188} WARNING - /opt/airflow/dags/feature_store.py:64 RemovedInAirflow3Warning: Param `schedule_interval` is deprecated and will be removed in a future release. Please use `schedule` instead.
[2026-02-01T22:12:26.545+0000] {processor.py:840} INFO - DAG(s) 'feature_store_cre' retrieved from /opt/airflow/dags/feature_store.py
[2026-02-01T22:12:26.572+0000] {logging_mixin.py:188} INFO - [2026-02-01T22:12:26.572+0000] {dag.py:3096} INFO - Sync 1 DAGs
[2026-02-01T22:12:26.591+0000] {logging_mixin.py:188} INFO - [2026-02-01T22:12:26.591+0000] {dag.py:3954} INFO - Setting next_dagrun for feature_store_cre to 2026-01-31 00:00:00+00:00, run_after=2026-02-01 00:00:00+00:00
[2026-02-01T22:12:26.613+0000] {processor.py:183} INFO - Processing /opt/airflow/dags/feature_store.py took 2.030 seconds
[2026-02-01T22:12:58.103+0000] {processor.py:161} INFO - Started process (PID=38883) to work on /opt/airflow/dags/feature_store.py
[2026-02-01T22:12:58.106+0000] {processor.py:830} INFO - Processing file /opt/airflow/dags/feature_store.py for tasks to queue
[2026-02-01T22:12:58.108+0000] {logging_mixin.py:188} INFO - [2026-02-01T22:12:58.107+0000] {dagbag.py:545} INFO - Filling up the DagBag from /opt/airflow/dags/feature_store.py
[2026-02-01T22:13:00.241+0000] {logging_mixin.py:188} WARNING - /opt/airflow/dags/feature_store.py:64 RemovedInAirflow3Warning: Param `schedule_interval` is deprecated and will be removed in a future release. Please use `schedule` instead.
[2026-02-01T22:13:00.246+0000] {processor.py:840} INFO - DAG(s) 'feature_store_cre' retrieved from /opt/airflow/dags/feature_store.py
[2026-02-01T22:13:00.271+0000] {logging_mixin.py:188} INFO - [2026-02-01T22:13:00.271+0000] {dag.py:3096} INFO - Sync 1 DAGs
[2026-02-01T22:13:00.293+0000] {logging_mixin.py:188} INFO - [2026-02-01T22:13:00.292+0000] {dag.py:3954} INFO - Setting next_dagrun for feature_store_cre to 2026-01-31 00:00:00+00:00, run_after=2026-02-01 00:00:00+00:00
[2026-02-01T22:13:00.313+0000] {processor.py:183} INFO - Processing /opt/airflow/dags/feature_store.py took 2.225 seconds
[2026-02-01T22:13:30.951+0000] {processor.py:161} INFO - Started process (PID=38931) to work on /opt/airflow/dags/feature_store.py
[2026-02-01T22:13:30.951+0000] {processor.py:830} INFO - Processing file /opt/airflow/dags/feature_store.py for tasks to queue
[2026-02-01T22:13:30.952+0000] {logging_mixin.py:188} INFO - [2026-02-01T22:13:30.952+0000] {dagbag.py:545} INFO - Filling up the DagBag from /opt/airflow/dags/feature_store.py
[2026-02-01T22:13:32.374+0000] {logging_mixin.py:188} WARNING - /opt/airflow/dags/feature_store.py:64 RemovedInAirflow3Warning: Param `schedule_interval` is deprecated and will be removed in a future release. Please use `schedule` instead.
[2026-02-01T22:13:32.379+0000] {processor.py:840} INFO - DAG(s) 'feature_store_cre' retrieved from /opt/airflow/dags/feature_store.py
[2026-02-01T22:13:32.398+0000] {logging_mixin.py:188} INFO - [2026-02-01T22:13:32.398+0000] {dag.py:3096} INFO - Sync 1 DAGs
[2026-02-01T22:13:32.416+0000] {logging_mixin.py:188} INFO - [2026-02-01T22:13:32.416+0000] {dag.py:3954} INFO - Setting next_dagrun for feature_store_cre to 2026-01-31 00:00:00+00:00, run_after=2026-02-01 00:00:00+00:00
[2026-02-01T22:13:32.435+0000] {processor.py:183} INFO - Processing /opt/airflow/dags/feature_store.py took 1.489 seconds
[2026-02-01T22:14:04.593+0000] {processor.py:161} INFO - Started process (PID=38978) to work on /opt/airflow/dags/feature_store.py
[2026-02-01T22:14:04.595+0000] {processor.py:830} INFO - Processing file /opt/airflow/dags/feature_store.py for tasks to queue
[2026-02-01T22:14:04.596+0000] {logging_mixin.py:188} INFO - [2026-02-01T22:14:04.596+0000] {dagbag.py:545} INFO - Filling up the DagBag from /opt/airflow/dags/feature_store.py
[2026-02-01T22:14:06.302+0000] {logging_mixin.py:188} WARNING - /opt/airflow/dags/feature_store.py:64 RemovedInAirflow3Warning: Param `schedule_interval` is deprecated and will be removed in a future release. Please use `schedule` instead.
[2026-02-01T22:14:06.308+0000] {processor.py:840} INFO - DAG(s) 'feature_store_cre' retrieved from /opt/airflow/dags/feature_store.py
[2026-02-01T22:14:06.333+0000] {logging_mixin.py:188} INFO - [2026-02-01T22:14:06.333+0000] {dag.py:3096} INFO - Sync 1 DAGs
[2026-02-01T22:14:06.356+0000] {logging_mixin.py:188} INFO - [2026-02-01T22:14:06.356+0000] {dag.py:3954} INFO - Setting next_dagrun for feature_store_cre to 2026-01-31 00:00:00+00:00, run_after=2026-02-01 00:00:00+00:00
[2026-02-01T22:14:06.378+0000] {processor.py:183} INFO - Processing /opt/airflow/dags/feature_store.py took 1.789 seconds
[2026-02-01T22:14:38.154+0000] {processor.py:161} INFO - Started process (PID=39025) to work on /opt/airflow/dags/feature_store.py
[2026-02-01T22:14:38.155+0000] {processor.py:830} INFO - Processing file /opt/airflow/dags/feature_store.py for tasks to queue
[2026-02-01T22:14:38.156+0000] {logging_mixin.py:188} INFO - [2026-02-01T22:14:38.156+0000] {dagbag.py:545} INFO - Filling up the DagBag from /opt/airflow/dags/feature_store.py
[2026-02-01T22:14:40.066+0000] {logging_mixin.py:188} WARNING - /opt/airflow/dags/feature_store.py:64 RemovedInAirflow3Warning: Param `schedule_interval` is deprecated and will be removed in a future release. Please use `schedule` instead.
[2026-02-01T22:14:40.070+0000] {processor.py:840} INFO - DAG(s) 'feature_store_cre' retrieved from /opt/airflow/dags/feature_store.py
[2026-02-01T22:14:40.095+0000] {logging_mixin.py:188} INFO - [2026-02-01T22:14:40.095+0000] {dag.py:3096} INFO - Sync 1 DAGs
[2026-02-01T22:14:40.118+0000] {logging_mixin.py:188} INFO - [2026-02-01T22:14:40.118+0000] {dag.py:3954} INFO - Setting next_dagrun for feature_store_cre to 2026-01-31 00:00:00+00:00, run_after=2026-02-01 00:00:00+00:00
[2026-02-01T22:14:40.145+0000] {processor.py:183} INFO - Processing /opt/airflow/dags/feature_store.py took 1.997 seconds
[2026-02-01T22:15:11.255+0000] {processor.py:161} INFO - Started process (PID=39072) to work on /opt/airflow/dags/feature_store.py
[2026-02-01T22:15:11.256+0000] {processor.py:830} INFO - Processing file /opt/airflow/dags/feature_store.py for tasks to queue
[2026-02-01T22:15:11.259+0000] {logging_mixin.py:188} INFO - [2026-02-01T22:15:11.258+0000] {dagbag.py:545} INFO - Filling up the DagBag from /opt/airflow/dags/feature_store.py
[2026-02-01T22:15:13.067+0000] {logging_mixin.py:188} WARNING - /opt/airflow/dags/feature_store.py:64 RemovedInAirflow3Warning: Param `schedule_interval` is deprecated and will be removed in a future release. Please use `schedule` instead.
[2026-02-01T22:15:13.073+0000] {processor.py:840} INFO - DAG(s) 'feature_store_cre' retrieved from /opt/airflow/dags/feature_store.py
[2026-02-01T22:15:13.109+0000] {logging_mixin.py:188} INFO - [2026-02-01T22:15:13.108+0000] {dag.py:3096} INFO - Sync 1 DAGs
[2026-02-01T22:15:13.141+0000] {logging_mixin.py:188} INFO - [2026-02-01T22:15:13.140+0000] {dag.py:3954} INFO - Setting next_dagrun for feature_store_cre to 2026-01-31 00:00:00+00:00, run_after=2026-02-01 00:00:00+00:00
[2026-02-01T22:15:13.175+0000] {processor.py:183} INFO - Processing /opt/airflow/dags/feature_store.py took 1.924 seconds
[2026-02-01T22:15:44.264+0000] {processor.py:161} INFO - Started process (PID=39119) to work on /opt/airflow/dags/feature_store.py
[2026-02-01T22:15:44.265+0000] {processor.py:830} INFO - Processing file /opt/airflow/dags/feature_store.py for tasks to queue
[2026-02-01T22:15:44.267+0000] {logging_mixin.py:188} INFO - [2026-02-01T22:15:44.266+0000] {dagbag.py:545} INFO - Filling up the DagBag from /opt/airflow/dags/feature_store.py
[2026-02-01T22:15:45.859+0000] {logging_mixin.py:188} WARNING - /opt/airflow/dags/feature_store.py:64 RemovedInAirflow3Warning: Param `schedule_interval` is deprecated and will be removed in a future release. Please use `schedule` instead.
[2026-02-01T22:15:45.866+0000] {processor.py:840} INFO - DAG(s) 'feature_store_cre' retrieved from /opt/airflow/dags/feature_store.py
[2026-02-01T22:15:45.889+0000] {logging_mixin.py:188} INFO - [2026-02-01T22:15:45.889+0000] {dag.py:3096} INFO - Sync 1 DAGs
[2026-02-01T22:15:45.908+0000] {logging_mixin.py:188} INFO - [2026-02-01T22:15:45.908+0000] {dag.py:3954} INFO - Setting next_dagrun for feature_store_cre to 2026-01-31 00:00:00+00:00, run_after=2026-02-01 00:00:00+00:00
[2026-02-01T22:15:45.930+0000] {processor.py:183} INFO - Processing /opt/airflow/dags/feature_store.py took 1.673 seconds
[2026-02-01T22:16:18.045+0000] {processor.py:161} INFO - Started process (PID=39166) to work on /opt/airflow/dags/feature_store.py
[2026-02-01T22:16:18.046+0000] {processor.py:830} INFO - Processing file /opt/airflow/dags/feature_store.py for tasks to queue
[2026-02-01T22:16:18.048+0000] {logging_mixin.py:188} INFO - [2026-02-01T22:16:18.048+0000] {dagbag.py:545} INFO - Filling up the DagBag from /opt/airflow/dags/feature_store.py
[2026-02-01T22:16:19.799+0000] {logging_mixin.py:188} WARNING - /opt/airflow/dags/feature_store.py:64 RemovedInAirflow3Warning: Param `schedule_interval` is deprecated and will be removed in a future release. Please use `schedule` instead.
[2026-02-01T22:16:19.803+0000] {processor.py:840} INFO - DAG(s) 'feature_store_cre' retrieved from /opt/airflow/dags/feature_store.py
[2026-02-01T22:16:19.828+0000] {logging_mixin.py:188} INFO - [2026-02-01T22:16:19.827+0000] {dag.py:3096} INFO - Sync 1 DAGs
[2026-02-01T22:16:19.856+0000] {logging_mixin.py:188} INFO - [2026-02-01T22:16:19.855+0000] {dag.py:3954} INFO - Setting next_dagrun for feature_store_cre to 2026-01-31 00:00:00+00:00, run_after=2026-02-01 00:00:00+00:00
[2026-02-01T22:16:19.880+0000] {processor.py:183} INFO - Processing /opt/airflow/dags/feature_store.py took 1.841 seconds
[2026-02-01T22:16:50.975+0000] {processor.py:161} INFO - Started process (PID=39213) to work on /opt/airflow/dags/feature_store.py
[2026-02-01T22:16:50.977+0000] {processor.py:830} INFO - Processing file /opt/airflow/dags/feature_store.py for tasks to queue
[2026-02-01T22:16:50.978+0000] {logging_mixin.py:188} INFO - [2026-02-01T22:16:50.978+0000] {dagbag.py:545} INFO - Filling up the DagBag from /opt/airflow/dags/feature_store.py
[2026-02-01T22:16:52.660+0000] {logging_mixin.py:188} WARNING - /opt/airflow/dags/feature_store.py:64 RemovedInAirflow3Warning: Param `schedule_interval` is deprecated and will be removed in a future release. Please use `schedule` instead.
[2026-02-01T22:16:52.665+0000] {processor.py:840} INFO - DAG(s) 'feature_store_cre' retrieved from /opt/airflow/dags/feature_store.py
[2026-02-01T22:16:52.695+0000] {logging_mixin.py:188} INFO - [2026-02-01T22:16:52.694+0000] {dag.py:3096} INFO - Sync 1 DAGs
[2026-02-01T22:16:52.719+0000] {logging_mixin.py:188} INFO - [2026-02-01T22:16:52.718+0000] {dag.py:3954} INFO - Setting next_dagrun for feature_store_cre to 2026-01-31 00:00:00+00:00, run_after=2026-02-01 00:00:00+00:00
[2026-02-01T22:16:52.742+0000] {processor.py:183} INFO - Processing /opt/airflow/dags/feature_store.py took 1.771 seconds
[2026-02-01T22:17:24.985+0000] {processor.py:161} INFO - Started process (PID=39260) to work on /opt/airflow/dags/feature_store.py
[2026-02-01T22:17:24.986+0000] {processor.py:830} INFO - Processing file /opt/airflow/dags/feature_store.py for tasks to queue
[2026-02-01T22:17:24.987+0000] {logging_mixin.py:188} INFO - [2026-02-01T22:17:24.987+0000] {dagbag.py:545} INFO - Filling up the DagBag from /opt/airflow/dags/feature_store.py
[2026-02-01T22:17:26.927+0000] {logging_mixin.py:188} WARNING - /opt/airflow/dags/feature_store.py:64 RemovedInAirflow3Warning: Param `schedule_interval` is deprecated and will be removed in a future release. Please use `schedule` instead.
[2026-02-01T22:17:26.932+0000] {processor.py:840} INFO - DAG(s) 'feature_store_cre' retrieved from /opt/airflow/dags/feature_store.py
[2026-02-01T22:17:26.965+0000] {logging_mixin.py:188} INFO - [2026-02-01T22:17:26.964+0000] {dag.py:3096} INFO - Sync 1 DAGs
[2026-02-01T22:17:26.998+0000] {logging_mixin.py:188} INFO - [2026-02-01T22:17:26.998+0000] {dag.py:3954} INFO - Setting next_dagrun for feature_store_cre to 2026-01-31 00:00:00+00:00, run_after=2026-02-01 00:00:00+00:00
[2026-02-01T22:17:27.024+0000] {processor.py:183} INFO - Processing /opt/airflow/dags/feature_store.py took 2.044 seconds
[2026-02-01T22:17:58.169+0000] {processor.py:161} INFO - Started process (PID=39307) to work on /opt/airflow/dags/feature_store.py
[2026-02-01T22:17:58.171+0000] {processor.py:830} INFO - Processing file /opt/airflow/dags/feature_store.py for tasks to queue
[2026-02-01T22:17:58.175+0000] {logging_mixin.py:188} INFO - [2026-02-01T22:17:58.174+0000] {dagbag.py:545} INFO - Filling up the DagBag from /opt/airflow/dags/feature_store.py
[2026-02-01T22:18:00.766+0000] {logging_mixin.py:188} WARNING - /opt/airflow/dags/feature_store.py:64 RemovedInAirflow3Warning: Param `schedule_interval` is deprecated and will be removed in a future release. Please use `schedule` instead.
[2026-02-01T22:18:00.774+0000] {processor.py:840} INFO - DAG(s) 'feature_store_cre' retrieved from /opt/airflow/dags/feature_store.py
[2026-02-01T22:18:00.809+0000] {logging_mixin.py:188} INFO - [2026-02-01T22:18:00.809+0000] {dag.py:3096} INFO - Sync 1 DAGs
[2026-02-01T22:18:00.842+0000] {logging_mixin.py:188} INFO - [2026-02-01T22:18:00.842+0000] {dag.py:3954} INFO - Setting next_dagrun for feature_store_cre to 2026-01-31 00:00:00+00:00, run_after=2026-02-01 00:00:00+00:00
[2026-02-01T22:18:00.873+0000] {processor.py:183} INFO - Processing /opt/airflow/dags/feature_store.py took 2.717 seconds
[2026-02-01T22:18:31.117+0000] {processor.py:161} INFO - Started process (PID=39346) to work on /opt/airflow/dags/feature_store.py
[2026-02-01T22:18:31.118+0000] {processor.py:830} INFO - Processing file /opt/airflow/dags/feature_store.py for tasks to queue
[2026-02-01T22:18:31.120+0000] {logging_mixin.py:188} INFO - [2026-02-01T22:18:31.120+0000] {dagbag.py:545} INFO - Filling up the DagBag from /opt/airflow/dags/feature_store.py
[2026-02-01T22:18:33.644+0000] {logging_mixin.py:188} WARNING - /opt/airflow/dags/feature_store.py:64 RemovedInAirflow3Warning: Param `schedule_interval` is deprecated and will be removed in a future release. Please use `schedule` instead.
[2026-02-01T22:18:33.650+0000] {processor.py:840} INFO - DAG(s) 'feature_store_cre' retrieved from /opt/airflow/dags/feature_store.py
[2026-02-01T22:18:33.674+0000] {logging_mixin.py:188} INFO - [2026-02-01T22:18:33.673+0000] {dag.py:3096} INFO - Sync 1 DAGs
[2026-02-01T22:18:33.693+0000] {logging_mixin.py:188} INFO - [2026-02-01T22:18:33.693+0000] {dag.py:3954} INFO - Setting next_dagrun for feature_store_cre to 2026-01-31 00:00:00+00:00, run_after=2026-02-01 00:00:00+00:00
[2026-02-01T22:18:33.719+0000] {processor.py:183} INFO - Processing /opt/airflow/dags/feature_store.py took 2.609 seconds
[2026-02-01T22:19:04.788+0000] {processor.py:161} INFO - Started process (PID=39380) to work on /opt/airflow/dags/feature_store.py
[2026-02-01T22:19:04.789+0000] {processor.py:830} INFO - Processing file /opt/airflow/dags/feature_store.py for tasks to queue
[2026-02-01T22:19:04.790+0000] {logging_mixin.py:188} INFO - [2026-02-01T22:19:04.790+0000] {dagbag.py:545} INFO - Filling up the DagBag from /opt/airflow/dags/feature_store.py
[2026-02-01T22:19:07.471+0000] {logging_mixin.py:188} WARNING - /opt/airflow/dags/feature_store.py:64 RemovedInAirflow3Warning: Param `schedule_interval` is deprecated and will be removed in a future release. Please use `schedule` instead.
[2026-02-01T22:19:07.481+0000] {processor.py:840} INFO - DAG(s) 'feature_store_cre' retrieved from /opt/airflow/dags/feature_store.py
[2026-02-01T22:19:07.514+0000] {logging_mixin.py:188} INFO - [2026-02-01T22:19:07.514+0000] {dag.py:3096} INFO - Sync 1 DAGs
[2026-02-01T22:19:07.543+0000] {logging_mixin.py:188} INFO - [2026-02-01T22:19:07.542+0000] {dag.py:3954} INFO - Setting next_dagrun for feature_store_cre to 2026-01-31 00:00:00+00:00, run_after=2026-02-01 00:00:00+00:00
[2026-02-01T22:19:07.571+0000] {processor.py:183} INFO - Processing /opt/airflow/dags/feature_store.py took 2.792 seconds
[2026-02-01T22:19:37.970+0000] {processor.py:161} INFO - Started process (PID=39424) to work on /opt/airflow/dags/feature_store.py
[2026-02-01T22:19:37.974+0000] {processor.py:830} INFO - Processing file /opt/airflow/dags/feature_store.py for tasks to queue
[2026-02-01T22:19:37.975+0000] {logging_mixin.py:188} INFO - [2026-02-01T22:19:37.975+0000] {dagbag.py:545} INFO - Filling up the DagBag from /opt/airflow/dags/feature_store.py
[2026-02-01T22:19:40.479+0000] {logging_mixin.py:188} WARNING - /opt/airflow/dags/feature_store.py:64 RemovedInAirflow3Warning: Param `schedule_interval` is deprecated and will be removed in a future release. Please use `schedule` instead.
[2026-02-01T22:19:40.486+0000] {processor.py:840} INFO - DAG(s) 'feature_store_cre' retrieved from /opt/airflow/dags/feature_store.py
[2026-02-01T22:19:40.520+0000] {logging_mixin.py:188} INFO - [2026-02-01T22:19:40.519+0000] {dag.py:3096} INFO - Sync 1 DAGs
[2026-02-01T22:19:40.551+0000] {logging_mixin.py:188} INFO - [2026-02-01T22:19:40.551+0000] {dag.py:3954} INFO - Setting next_dagrun for feature_store_cre to 2026-01-31 00:00:00+00:00, run_after=2026-02-01 00:00:00+00:00
[2026-02-01T22:19:40.588+0000] {processor.py:183} INFO - Processing /opt/airflow/dags/feature_store.py took 2.628 seconds
[2026-02-01T22:20:11.029+0000] {processor.py:161} INFO - Started process (PID=39477) to work on /opt/airflow/dags/feature_store.py
[2026-02-01T22:20:11.031+0000] {processor.py:830} INFO - Processing file /opt/airflow/dags/feature_store.py for tasks to queue
[2026-02-01T22:20:11.033+0000] {logging_mixin.py:188} INFO - [2026-02-01T22:20:11.033+0000] {dagbag.py:545} INFO - Filling up the DagBag from /opt/airflow/dags/feature_store.py
[2026-02-01T22:20:13.208+0000] {logging_mixin.py:188} WARNING - /opt/airflow/dags/feature_store.py:64 RemovedInAirflow3Warning: Param `schedule_interval` is deprecated and will be removed in a future release. Please use `schedule` instead.
[2026-02-01T22:20:13.215+0000] {processor.py:840} INFO - DAG(s) 'feature_store_cre' retrieved from /opt/airflow/dags/feature_store.py
[2026-02-01T22:20:13.241+0000] {logging_mixin.py:188} INFO - [2026-02-01T22:20:13.240+0000] {dag.py:3096} INFO - Sync 1 DAGs
[2026-02-01T22:20:13.263+0000] {logging_mixin.py:188} INFO - [2026-02-01T22:20:13.262+0000] {dag.py:3954} INFO - Setting next_dagrun for feature_store_cre to 2026-01-31 00:00:00+00:00, run_after=2026-02-01 00:00:00+00:00
[2026-02-01T22:20:13.292+0000] {processor.py:183} INFO - Processing /opt/airflow/dags/feature_store.py took 2.268 seconds
[2026-02-01T22:20:44.689+0000] {processor.py:161} INFO - Started process (PID=39524) to work on /opt/airflow/dags/feature_store.py
[2026-02-01T22:20:44.692+0000] {processor.py:830} INFO - Processing file /opt/airflow/dags/feature_store.py for tasks to queue
[2026-02-01T22:20:44.693+0000] {logging_mixin.py:188} INFO - [2026-02-01T22:20:44.693+0000] {dagbag.py:545} INFO - Filling up the DagBag from /opt/airflow/dags/feature_store.py
[2026-02-01T22:20:46.880+0000] {logging_mixin.py:188} WARNING - /opt/airflow/dags/feature_store.py:64 RemovedInAirflow3Warning: Param `schedule_interval` is deprecated and will be removed in a future release. Please use `schedule` instead.
[2026-02-01T22:20:46.884+0000] {processor.py:840} INFO - DAG(s) 'feature_store_cre' retrieved from /opt/airflow/dags/feature_store.py
[2026-02-01T22:20:46.902+0000] {logging_mixin.py:188} INFO - [2026-02-01T22:20:46.902+0000] {dag.py:3096} INFO - Sync 1 DAGs
[2026-02-01T22:20:46.919+0000] {logging_mixin.py:188} INFO - [2026-02-01T22:20:46.919+0000] {dag.py:3954} INFO - Setting next_dagrun for feature_store_cre to 2026-01-31 00:00:00+00:00, run_after=2026-02-01 00:00:00+00:00
[2026-02-01T22:20:46.940+0000] {processor.py:183} INFO - Processing /opt/airflow/dags/feature_store.py took 2.259 seconds
[2026-02-01T22:21:17.813+0000] {processor.py:161} INFO - Started process (PID=39571) to work on /opt/airflow/dags/feature_store.py
[2026-02-01T22:21:17.814+0000] {processor.py:830} INFO - Processing file /opt/airflow/dags/feature_store.py for tasks to queue
[2026-02-01T22:21:17.818+0000] {logging_mixin.py:188} INFO - [2026-02-01T22:21:17.817+0000] {dagbag.py:545} INFO - Filling up the DagBag from /opt/airflow/dags/feature_store.py
[2026-02-01T22:21:20.703+0000] {logging_mixin.py:188} WARNING - /opt/airflow/dags/feature_store.py:64 RemovedInAirflow3Warning: Param `schedule_interval` is deprecated and will be removed in a future release. Please use `schedule` instead.
[2026-02-01T22:21:20.708+0000] {processor.py:840} INFO - DAG(s) 'feature_store_cre' retrieved from /opt/airflow/dags/feature_store.py
[2026-02-01T22:21:20.734+0000] {logging_mixin.py:188} INFO - [2026-02-01T22:21:20.733+0000] {dag.py:3096} INFO - Sync 1 DAGs
[2026-02-01T22:21:20.756+0000] {logging_mixin.py:188} INFO - [2026-02-01T22:21:20.756+0000] {dag.py:3954} INFO - Setting next_dagrun for feature_store_cre to 2026-01-31 00:00:00+00:00, run_after=2026-02-01 00:00:00+00:00
[2026-02-01T22:21:20.780+0000] {processor.py:183} INFO - Processing /opt/airflow/dags/feature_store.py took 2.973 seconds
[2026-02-01T22:21:51.567+0000] {processor.py:161} INFO - Started process (PID=39618) to work on /opt/airflow/dags/feature_store.py
[2026-02-01T22:21:51.569+0000] {processor.py:830} INFO - Processing file /opt/airflow/dags/feature_store.py for tasks to queue
[2026-02-01T22:21:51.570+0000] {logging_mixin.py:188} INFO - [2026-02-01T22:21:51.570+0000] {dagbag.py:545} INFO - Filling up the DagBag from /opt/airflow/dags/feature_store.py
[2026-02-01T22:21:53.701+0000] {logging_mixin.py:188} WARNING - /opt/airflow/dags/feature_store.py:64 RemovedInAirflow3Warning: Param `schedule_interval` is deprecated and will be removed in a future release. Please use `schedule` instead.
[2026-02-01T22:21:53.707+0000] {processor.py:840} INFO - DAG(s) 'feature_store_cre' retrieved from /opt/airflow/dags/feature_store.py
[2026-02-01T22:21:53.727+0000] {logging_mixin.py:188} INFO - [2026-02-01T22:21:53.727+0000] {dag.py:3096} INFO - Sync 1 DAGs
[2026-02-01T22:21:53.747+0000] {logging_mixin.py:188} INFO - [2026-02-01T22:21:53.747+0000] {dag.py:3954} INFO - Setting next_dagrun for feature_store_cre to 2026-01-31 00:00:00+00:00, run_after=2026-02-01 00:00:00+00:00
[2026-02-01T22:21:53.766+0000] {processor.py:183} INFO - Processing /opt/airflow/dags/feature_store.py took 2.205 seconds
[2026-02-01T22:22:24.375+0000] {processor.py:161} INFO - Started process (PID=39665) to work on /opt/airflow/dags/feature_store.py
[2026-02-01T22:22:24.375+0000] {processor.py:830} INFO - Processing file /opt/airflow/dags/feature_store.py for tasks to queue
[2026-02-01T22:22:24.377+0000] {logging_mixin.py:188} INFO - [2026-02-01T22:22:24.377+0000] {dagbag.py:545} INFO - Filling up the DagBag from /opt/airflow/dags/feature_store.py
[2026-02-01T22:22:25.671+0000] {logging_mixin.py:188} WARNING - /opt/airflow/dags/feature_store.py:64 RemovedInAirflow3Warning: Param `schedule_interval` is deprecated and will be removed in a future release. Please use `schedule` instead.
[2026-02-01T22:22:25.674+0000] {processor.py:840} INFO - DAG(s) 'feature_store_cre' retrieved from /opt/airflow/dags/feature_store.py
[2026-02-01T22:22:25.687+0000] {logging_mixin.py:188} INFO - [2026-02-01T22:22:25.687+0000] {dag.py:3096} INFO - Sync 1 DAGs
[2026-02-01T22:22:25.698+0000] {logging_mixin.py:188} INFO - [2026-02-01T22:22:25.698+0000] {dag.py:3954} INFO - Setting next_dagrun for feature_store_cre to 2026-01-31 00:00:00+00:00, run_after=2026-02-01 00:00:00+00:00
[2026-02-01T22:22:25.711+0000] {processor.py:183} INFO - Processing /opt/airflow/dags/feature_store.py took 1.342 seconds
[2026-02-01T22:22:57.918+0000] {processor.py:161} INFO - Started process (PID=39712) to work on /opt/airflow/dags/feature_store.py
[2026-02-01T22:22:57.921+0000] {processor.py:830} INFO - Processing file /opt/airflow/dags/feature_store.py for tasks to queue
[2026-02-01T22:22:57.922+0000] {logging_mixin.py:188} INFO - [2026-02-01T22:22:57.922+0000] {dagbag.py:545} INFO - Filling up the DagBag from /opt/airflow/dags/feature_store.py
[2026-02-01T22:22:59.503+0000] {logging_mixin.py:188} WARNING - /opt/airflow/dags/feature_store.py:64 RemovedInAirflow3Warning: Param `schedule_interval` is deprecated and will be removed in a future release. Please use `schedule` instead.
[2026-02-01T22:22:59.508+0000] {processor.py:840} INFO - DAG(s) 'feature_store_cre' retrieved from /opt/airflow/dags/feature_store.py
[2026-02-01T22:22:59.531+0000] {logging_mixin.py:188} INFO - [2026-02-01T22:22:59.531+0000] {dag.py:3096} INFO - Sync 1 DAGs
[2026-02-01T22:22:59.549+0000] {logging_mixin.py:188} INFO - [2026-02-01T22:22:59.549+0000] {dag.py:3954} INFO - Setting next_dagrun for feature_store_cre to 2026-01-31 00:00:00+00:00, run_after=2026-02-01 00:00:00+00:00
[2026-02-01T22:22:59.570+0000] {processor.py:183} INFO - Processing /opt/airflow/dags/feature_store.py took 1.657 seconds
[2026-02-01T22:23:31.421+0000] {processor.py:161} INFO - Started process (PID=39759) to work on /opt/airflow/dags/feature_store.py
[2026-02-01T22:23:31.422+0000] {processor.py:830} INFO - Processing file /opt/airflow/dags/feature_store.py for tasks to queue
[2026-02-01T22:23:31.423+0000] {logging_mixin.py:188} INFO - [2026-02-01T22:23:31.423+0000] {dagbag.py:545} INFO - Filling up the DagBag from /opt/airflow/dags/feature_store.py
[2026-02-01T22:23:32.678+0000] {logging_mixin.py:188} WARNING - /opt/airflow/dags/feature_store.py:64 RemovedInAirflow3Warning: Param `schedule_interval` is deprecated and will be removed in a future release. Please use `schedule` instead.
[2026-02-01T22:23:32.681+0000] {processor.py:840} INFO - DAG(s) 'feature_store_cre' retrieved from /opt/airflow/dags/feature_store.py
[2026-02-01T22:23:32.696+0000] {logging_mixin.py:188} INFO - [2026-02-01T22:23:32.696+0000] {dag.py:3096} INFO - Sync 1 DAGs
[2026-02-01T22:23:32.713+0000] {logging_mixin.py:188} INFO - [2026-02-01T22:23:32.713+0000] {dag.py:3954} INFO - Setting next_dagrun for feature_store_cre to 2026-01-31 00:00:00+00:00, run_after=2026-02-01 00:00:00+00:00
[2026-02-01T22:23:32.731+0000] {processor.py:183} INFO - Processing /opt/airflow/dags/feature_store.py took 1.314 seconds
[2026-02-01T22:24:04.404+0000] {processor.py:161} INFO - Started process (PID=39806) to work on /opt/airflow/dags/feature_store.py
[2026-02-01T22:24:04.407+0000] {processor.py:830} INFO - Processing file /opt/airflow/dags/feature_store.py for tasks to queue
[2026-02-01T22:24:04.409+0000] {logging_mixin.py:188} INFO - [2026-02-01T22:24:04.409+0000] {dagbag.py:545} INFO - Filling up the DagBag from /opt/airflow/dags/feature_store.py
[2026-02-01T22:24:05.852+0000] {logging_mixin.py:188} WARNING - /opt/airflow/dags/feature_store.py:64 RemovedInAirflow3Warning: Param `schedule_interval` is deprecated and will be removed in a future release. Please use `schedule` instead.
[2026-02-01T22:24:05.856+0000] {processor.py:840} INFO - DAG(s) 'feature_store_cre' retrieved from /opt/airflow/dags/feature_store.py
[2026-02-01T22:24:05.880+0000] {logging_mixin.py:188} INFO - [2026-02-01T22:24:05.879+0000] {dag.py:3096} INFO - Sync 1 DAGs
[2026-02-01T22:24:05.896+0000] {logging_mixin.py:188} INFO - [2026-02-01T22:24:05.896+0000] {dag.py:3954} INFO - Setting next_dagrun for feature_store_cre to 2026-01-31 00:00:00+00:00, run_after=2026-02-01 00:00:00+00:00
[2026-02-01T22:24:05.913+0000] {processor.py:183} INFO - Processing /opt/airflow/dags/feature_store.py took 1.513 seconds
[2026-02-01T22:24:38.236+0000] {processor.py:161} INFO - Started process (PID=39856) to work on /opt/airflow/dags/feature_store.py
[2026-02-01T22:24:38.236+0000] {processor.py:830} INFO - Processing file /opt/airflow/dags/feature_store.py for tasks to queue
[2026-02-01T22:24:38.239+0000] {logging_mixin.py:188} INFO - [2026-02-01T22:24:38.238+0000] {dagbag.py:545} INFO - Filling up the DagBag from /opt/airflow/dags/feature_store.py
[2026-02-01T22:24:40.065+0000] {logging_mixin.py:188} WARNING - /opt/airflow/dags/feature_store.py:64 RemovedInAirflow3Warning: Param `schedule_interval` is deprecated and will be removed in a future release. Please use `schedule` instead.
[2026-02-01T22:24:40.073+0000] {processor.py:840} INFO - DAG(s) 'feature_store_cre' retrieved from /opt/airflow/dags/feature_store.py
[2026-02-01T22:24:40.097+0000] {logging_mixin.py:188} INFO - [2026-02-01T22:24:40.097+0000] {dag.py:3096} INFO - Sync 1 DAGs
[2026-02-01T22:24:40.133+0000] {logging_mixin.py:188} INFO - [2026-02-01T22:24:40.133+0000] {dag.py:3954} INFO - Setting next_dagrun for feature_store_cre to 2026-01-31 00:00:00+00:00, run_after=2026-02-01 00:00:00+00:00
[2026-02-01T22:24:40.155+0000] {processor.py:183} INFO - Processing /opt/airflow/dags/feature_store.py took 1.927 seconds
[2026-02-01T22:25:11.432+0000] {processor.py:161} INFO - Started process (PID=39903) to work on /opt/airflow/dags/feature_store.py
[2026-02-01T22:25:11.435+0000] {processor.py:830} INFO - Processing file /opt/airflow/dags/feature_store.py for tasks to queue
[2026-02-01T22:25:11.437+0000] {logging_mixin.py:188} INFO - [2026-02-01T22:25:11.437+0000] {dagbag.py:545} INFO - Filling up the DagBag from /opt/airflow/dags/feature_store.py
[2026-02-01T22:25:13.244+0000] {logging_mixin.py:188} WARNING - /opt/airflow/dags/feature_store.py:64 RemovedInAirflow3Warning: Param `schedule_interval` is deprecated and will be removed in a future release. Please use `schedule` instead.
[2026-02-01T22:25:13.252+0000] {processor.py:840} INFO - DAG(s) 'feature_store_cre' retrieved from /opt/airflow/dags/feature_store.py
[2026-02-01T22:25:13.292+0000] {logging_mixin.py:188} INFO - [2026-02-01T22:25:13.292+0000] {dag.py:3096} INFO - Sync 1 DAGs
[2026-02-01T22:25:13.319+0000] {logging_mixin.py:188} INFO - [2026-02-01T22:25:13.318+0000] {dag.py:3954} INFO - Setting next_dagrun for feature_store_cre to 2026-01-31 00:00:00+00:00, run_after=2026-02-01 00:00:00+00:00
[2026-02-01T22:25:13.352+0000] {processor.py:183} INFO - Processing /opt/airflow/dags/feature_store.py took 1.926 seconds
[2026-02-01T22:25:44.663+0000] {processor.py:161} INFO - Started process (PID=39950) to work on /opt/airflow/dags/feature_store.py
[2026-02-01T22:25:44.664+0000] {processor.py:830} INFO - Processing file /opt/airflow/dags/feature_store.py for tasks to queue
[2026-02-01T22:25:44.666+0000] {logging_mixin.py:188} INFO - [2026-02-01T22:25:44.665+0000] {dagbag.py:545} INFO - Filling up the DagBag from /opt/airflow/dags/feature_store.py
[2026-02-01T22:25:46.586+0000] {logging_mixin.py:188} WARNING - /opt/airflow/dags/feature_store.py:64 RemovedInAirflow3Warning: Param `schedule_interval` is deprecated and will be removed in a future release. Please use `schedule` instead.
[2026-02-01T22:25:46.591+0000] {processor.py:840} INFO - DAG(s) 'feature_store_cre' retrieved from /opt/airflow/dags/feature_store.py
[2026-02-01T22:25:46.618+0000] {logging_mixin.py:188} INFO - [2026-02-01T22:25:46.617+0000] {dag.py:3096} INFO - Sync 1 DAGs
[2026-02-01T22:25:46.648+0000] {logging_mixin.py:188} INFO - [2026-02-01T22:25:46.647+0000] {dag.py:3954} INFO - Setting next_dagrun for feature_store_cre to 2026-01-31 00:00:00+00:00, run_after=2026-02-01 00:00:00+00:00
[2026-02-01T22:25:46.675+0000] {processor.py:183} INFO - Processing /opt/airflow/dags/feature_store.py took 2.016 seconds
[2026-02-01T22:26:17.951+0000] {processor.py:161} INFO - Started process (PID=39996) to work on /opt/airflow/dags/feature_store.py
[2026-02-01T22:26:17.952+0000] {processor.py:830} INFO - Processing file /opt/airflow/dags/feature_store.py for tasks to queue
[2026-02-01T22:26:17.953+0000] {logging_mixin.py:188} INFO - [2026-02-01T22:26:17.953+0000] {dagbag.py:545} INFO - Filling up the DagBag from /opt/airflow/dags/feature_store.py
[2026-02-01T22:26:20.690+0000] {logging_mixin.py:188} WARNING - /opt/airflow/dags/feature_store.py:64 RemovedInAirflow3Warning: Param `schedule_interval` is deprecated and will be removed in a future release. Please use `schedule` instead.
[2026-02-01T22:26:20.700+0000] {processor.py:840} INFO - DAG(s) 'feature_store_cre' retrieved from /opt/airflow/dags/feature_store.py
[2026-02-01T22:26:20.736+0000] {logging_mixin.py:188} INFO - [2026-02-01T22:26:20.736+0000] {dag.py:3096} INFO - Sync 1 DAGs
[2026-02-01T22:26:20.769+0000] {logging_mixin.py:188} INFO - [2026-02-01T22:26:20.769+0000] {dag.py:3954} INFO - Setting next_dagrun for feature_store_cre to 2026-01-31 00:00:00+00:00, run_after=2026-02-01 00:00:00+00:00
[2026-02-01T22:26:20.799+0000] {processor.py:183} INFO - Processing /opt/airflow/dags/feature_store.py took 2.855 seconds
[2026-02-01T22:26:51.502+0000] {processor.py:161} INFO - Started process (PID=40040) to work on /opt/airflow/dags/feature_store.py
[2026-02-01T22:26:51.504+0000] {processor.py:830} INFO - Processing file /opt/airflow/dags/feature_store.py for tasks to queue
[2026-02-01T22:26:51.506+0000] {logging_mixin.py:188} INFO - [2026-02-01T22:26:51.506+0000] {dagbag.py:545} INFO - Filling up the DagBag from /opt/airflow/dags/feature_store.py
[2026-02-01T22:26:53.730+0000] {logging_mixin.py:188} WARNING - /opt/airflow/dags/feature_store.py:64 RemovedInAirflow3Warning: Param `schedule_interval` is deprecated and will be removed in a future release. Please use `schedule` instead.
[2026-02-01T22:26:53.736+0000] {processor.py:840} INFO - DAG(s) 'feature_store_cre' retrieved from /opt/airflow/dags/feature_store.py
[2026-02-01T22:26:53.759+0000] {logging_mixin.py:188} INFO - [2026-02-01T22:26:53.758+0000] {dag.py:3096} INFO - Sync 1 DAGs
[2026-02-01T22:26:53.781+0000] {logging_mixin.py:188} INFO - [2026-02-01T22:26:53.781+0000] {dag.py:3954} INFO - Setting next_dagrun for feature_store_cre to 2026-01-31 00:00:00+00:00, run_after=2026-02-01 00:00:00+00:00
[2026-02-01T22:26:53.803+0000] {processor.py:183} INFO - Processing /opt/airflow/dags/feature_store.py took 2.306 seconds
[2026-02-01T22:27:24.719+0000] {processor.py:161} INFO - Started process (PID=40087) to work on /opt/airflow/dags/feature_store.py
[2026-02-01T22:27:24.721+0000] {processor.py:830} INFO - Processing file /opt/airflow/dags/feature_store.py for tasks to queue
[2026-02-01T22:27:24.724+0000] {logging_mixin.py:188} INFO - [2026-02-01T22:27:24.723+0000] {dagbag.py:545} INFO - Filling up the DagBag from /opt/airflow/dags/feature_store.py
[2026-02-01T22:27:26.086+0000] {logging_mixin.py:188} WARNING - /opt/airflow/dags/feature_store.py:64 RemovedInAirflow3Warning: Param `schedule_interval` is deprecated and will be removed in a future release. Please use `schedule` instead.
[2026-02-01T22:27:26.090+0000] {processor.py:840} INFO - DAG(s) 'feature_store_cre' retrieved from /opt/airflow/dags/feature_store.py
[2026-02-01T22:27:26.107+0000] {logging_mixin.py:188} INFO - [2026-02-01T22:27:26.107+0000] {dag.py:3096} INFO - Sync 1 DAGs
[2026-02-01T22:27:26.123+0000] {logging_mixin.py:188} INFO - [2026-02-01T22:27:26.123+0000] {dag.py:3954} INFO - Setting next_dagrun for feature_store_cre to 2026-01-31 00:00:00+00:00, run_after=2026-02-01 00:00:00+00:00
[2026-02-01T22:27:26.141+0000] {processor.py:183} INFO - Processing /opt/airflow/dags/feature_store.py took 1.427 seconds
[2026-02-01T22:27:58.041+0000] {processor.py:161} INFO - Started process (PID=40137) to work on /opt/airflow/dags/feature_store.py
[2026-02-01T22:27:58.042+0000] {processor.py:830} INFO - Processing file /opt/airflow/dags/feature_store.py for tasks to queue
[2026-02-01T22:27:58.043+0000] {logging_mixin.py:188} INFO - [2026-02-01T22:27:58.043+0000] {dagbag.py:545} INFO - Filling up the DagBag from /opt/airflow/dags/feature_store.py
[2026-02-01T22:27:59.737+0000] {logging_mixin.py:188} WARNING - /opt/airflow/dags/feature_store.py:64 RemovedInAirflow3Warning: Param `schedule_interval` is deprecated and will be removed in a future release. Please use `schedule` instead.
[2026-02-01T22:27:59.742+0000] {processor.py:840} INFO - DAG(s) 'feature_store_cre' retrieved from /opt/airflow/dags/feature_store.py
[2026-02-01T22:27:59.762+0000] {logging_mixin.py:188} INFO - [2026-02-01T22:27:59.762+0000] {dag.py:3096} INFO - Sync 1 DAGs
[2026-02-01T22:27:59.780+0000] {logging_mixin.py:188} INFO - [2026-02-01T22:27:59.779+0000] {dag.py:3954} INFO - Setting next_dagrun for feature_store_cre to 2026-01-31 00:00:00+00:00, run_after=2026-02-01 00:00:00+00:00
[2026-02-01T22:27:59.798+0000] {processor.py:183} INFO - Processing /opt/airflow/dags/feature_store.py took 1.761 seconds
[2026-02-01T22:28:31.197+0000] {processor.py:161} INFO - Started process (PID=40184) to work on /opt/airflow/dags/feature_store.py
[2026-02-01T22:28:31.197+0000] {processor.py:830} INFO - Processing file /opt/airflow/dags/feature_store.py for tasks to queue
[2026-02-01T22:28:31.198+0000] {logging_mixin.py:188} INFO - [2026-02-01T22:28:31.198+0000] {dagbag.py:545} INFO - Filling up the DagBag from /opt/airflow/dags/feature_store.py
[2026-02-01T22:28:32.897+0000] {logging_mixin.py:188} WARNING - /opt/airflow/dags/feature_store.py:64 RemovedInAirflow3Warning: Param `schedule_interval` is deprecated and will be removed in a future release. Please use `schedule` instead.
[2026-02-01T22:28:32.902+0000] {processor.py:840} INFO - DAG(s) 'feature_store_cre' retrieved from /opt/airflow/dags/feature_store.py
[2026-02-01T22:28:32.932+0000] {logging_mixin.py:188} INFO - [2026-02-01T22:28:32.932+0000] {dag.py:3096} INFO - Sync 1 DAGs
[2026-02-01T22:28:32.952+0000] {logging_mixin.py:188} INFO - [2026-02-01T22:28:32.951+0000] {dag.py:3954} INFO - Setting next_dagrun for feature_store_cre to 2026-01-31 00:00:00+00:00, run_after=2026-02-01 00:00:00+00:00
[2026-02-01T22:28:32.975+0000] {processor.py:183} INFO - Processing /opt/airflow/dags/feature_store.py took 1.782 seconds
[2026-02-01T22:29:04.702+0000] {processor.py:161} INFO - Started process (PID=40231) to work on /opt/airflow/dags/feature_store.py
[2026-02-01T22:29:04.703+0000] {processor.py:830} INFO - Processing file /opt/airflow/dags/feature_store.py for tasks to queue
[2026-02-01T22:29:04.704+0000] {logging_mixin.py:188} INFO - [2026-02-01T22:29:04.704+0000] {dagbag.py:545} INFO - Filling up the DagBag from /opt/airflow/dags/feature_store.py
[2026-02-01T22:29:06.177+0000] {logging_mixin.py:188} WARNING - /opt/airflow/dags/feature_store.py:64 RemovedInAirflow3Warning: Param `schedule_interval` is deprecated and will be removed in a future release. Please use `schedule` instead.
[2026-02-01T22:29:06.181+0000] {processor.py:840} INFO - DAG(s) 'feature_store_cre' retrieved from /opt/airflow/dags/feature_store.py
[2026-02-01T22:29:06.205+0000] {logging_mixin.py:188} INFO - [2026-02-01T22:29:06.204+0000] {dag.py:3096} INFO - Sync 1 DAGs
[2026-02-01T22:29:06.223+0000] {logging_mixin.py:188} INFO - [2026-02-01T22:29:06.223+0000] {dag.py:3954} INFO - Setting next_dagrun for feature_store_cre to 2026-01-31 00:00:00+00:00, run_after=2026-02-01 00:00:00+00:00
[2026-02-01T22:29:06.248+0000] {processor.py:183} INFO - Processing /opt/airflow/dags/feature_store.py took 1.550 seconds
[2026-02-01T22:29:38.115+0000] {processor.py:161} INFO - Started process (PID=40278) to work on /opt/airflow/dags/feature_store.py
[2026-02-01T22:29:38.116+0000] {processor.py:830} INFO - Processing file /opt/airflow/dags/feature_store.py for tasks to queue
[2026-02-01T22:29:38.117+0000] {logging_mixin.py:188} INFO - [2026-02-01T22:29:38.117+0000] {dagbag.py:545} INFO - Filling up the DagBag from /opt/airflow/dags/feature_store.py
[2026-02-01T22:29:39.678+0000] {logging_mixin.py:188} WARNING - /opt/airflow/dags/feature_store.py:64 RemovedInAirflow3Warning: Param `schedule_interval` is deprecated and will be removed in a future release. Please use `schedule` instead.
[2026-02-01T22:29:39.682+0000] {processor.py:840} INFO - DAG(s) 'feature_store_cre' retrieved from /opt/airflow/dags/feature_store.py
[2026-02-01T22:29:39.701+0000] {logging_mixin.py:188} INFO - [2026-02-01T22:29:39.701+0000] {dag.py:3096} INFO - Sync 1 DAGs
[2026-02-01T22:29:39.717+0000] {logging_mixin.py:188} INFO - [2026-02-01T22:29:39.717+0000] {dag.py:3954} INFO - Setting next_dagrun for feature_store_cre to 2026-01-31 00:00:00+00:00, run_after=2026-02-01 00:00:00+00:00
[2026-02-01T22:29:39.733+0000] {processor.py:183} INFO - Processing /opt/airflow/dags/feature_store.py took 1.622 seconds
[2026-02-01T22:30:11.606+0000] {processor.py:161} INFO - Started process (PID=40325) to work on /opt/airflow/dags/feature_store.py
[2026-02-01T22:30:11.608+0000] {processor.py:830} INFO - Processing file /opt/airflow/dags/feature_store.py for tasks to queue
[2026-02-01T22:30:11.609+0000] {logging_mixin.py:188} INFO - [2026-02-01T22:30:11.609+0000] {dagbag.py:545} INFO - Filling up the DagBag from /opt/airflow/dags/feature_store.py
[2026-02-01T22:30:12.919+0000] {logging_mixin.py:188} WARNING - /opt/airflow/dags/feature_store.py:64 RemovedInAirflow3Warning: Param `schedule_interval` is deprecated and will be removed in a future release. Please use `schedule` instead.
[2026-02-01T22:30:12.922+0000] {processor.py:840} INFO - DAG(s) 'feature_store_cre' retrieved from /opt/airflow/dags/feature_store.py
[2026-02-01T22:30:12.939+0000] {logging_mixin.py:188} INFO - [2026-02-01T22:30:12.939+0000] {dag.py:3096} INFO - Sync 1 DAGs
[2026-02-01T22:30:12.953+0000] {logging_mixin.py:188} INFO - [2026-02-01T22:30:12.953+0000] {dag.py:3954} INFO - Setting next_dagrun for feature_store_cre to 2026-01-31 00:00:00+00:00, run_after=2026-02-01 00:00:00+00:00
[2026-02-01T22:30:12.970+0000] {processor.py:183} INFO - Processing /opt/airflow/dags/feature_store.py took 1.368 seconds
[2026-02-01T22:30:44.670+0000] {processor.py:161} INFO - Started process (PID=40371) to work on /opt/airflow/dags/feature_store.py
[2026-02-01T22:30:44.671+0000] {processor.py:830} INFO - Processing file /opt/airflow/dags/feature_store.py for tasks to queue
[2026-02-01T22:30:44.672+0000] {logging_mixin.py:188} INFO - [2026-02-01T22:30:44.672+0000] {dagbag.py:545} INFO - Filling up the DagBag from /opt/airflow/dags/feature_store.py
[2026-02-01T22:30:46.105+0000] {logging_mixin.py:188} WARNING - /opt/airflow/dags/feature_store.py:64 RemovedInAirflow3Warning: Param `schedule_interval` is deprecated and will be removed in a future release. Please use `schedule` instead.
[2026-02-01T22:30:46.108+0000] {processor.py:840} INFO - DAG(s) 'feature_store_cre' retrieved from /opt/airflow/dags/feature_store.py
[2026-02-01T22:30:46.127+0000] {logging_mixin.py:188} INFO - [2026-02-01T22:30:46.126+0000] {dag.py:3096} INFO - Sync 1 DAGs
[2026-02-01T22:30:46.146+0000] {logging_mixin.py:188} INFO - [2026-02-01T22:30:46.146+0000] {dag.py:3954} INFO - Setting next_dagrun for feature_store_cre to 2026-01-31 00:00:00+00:00, run_after=2026-02-01 00:00:00+00:00
[2026-02-01T22:30:46.164+0000] {processor.py:183} INFO - Processing /opt/airflow/dags/feature_store.py took 1.499 seconds
[2026-02-01T22:31:18.018+0000] {processor.py:161} INFO - Started process (PID=40419) to work on /opt/airflow/dags/feature_store.py
[2026-02-01T22:31:18.020+0000] {processor.py:830} INFO - Processing file /opt/airflow/dags/feature_store.py for tasks to queue
[2026-02-01T22:31:18.023+0000] {logging_mixin.py:188} INFO - [2026-02-01T22:31:18.022+0000] {dagbag.py:545} INFO - Filling up the DagBag from /opt/airflow/dags/feature_store.py
[2026-02-01T22:31:20.194+0000] {logging_mixin.py:188} WARNING - /opt/airflow/dags/feature_store.py:64 RemovedInAirflow3Warning: Param `schedule_interval` is deprecated and will be removed in a future release. Please use `schedule` instead.
[2026-02-01T22:31:20.198+0000] {processor.py:840} INFO - DAG(s) 'feature_store_cre' retrieved from /opt/airflow/dags/feature_store.py
[2026-02-01T22:31:20.228+0000] {logging_mixin.py:188} INFO - [2026-02-01T22:31:20.228+0000] {dag.py:3096} INFO - Sync 1 DAGs
[2026-02-01T22:31:20.255+0000] {logging_mixin.py:188} INFO - [2026-02-01T22:31:20.254+0000] {dag.py:3954} INFO - Setting next_dagrun for feature_store_cre to 2026-01-31 00:00:00+00:00, run_after=2026-02-01 00:00:00+00:00
[2026-02-01T22:31:20.278+0000] {processor.py:183} INFO - Processing /opt/airflow/dags/feature_store.py took 2.268 seconds
[2026-02-01T22:31:51.361+0000] {processor.py:161} INFO - Started process (PID=40466) to work on /opt/airflow/dags/feature_store.py
[2026-02-01T22:31:51.361+0000] {processor.py:830} INFO - Processing file /opt/airflow/dags/feature_store.py for tasks to queue
[2026-02-01T22:31:51.362+0000] {logging_mixin.py:188} INFO - [2026-02-01T22:31:51.362+0000] {dagbag.py:545} INFO - Filling up the DagBag from /opt/airflow/dags/feature_store.py
[2026-02-01T22:31:52.784+0000] {logging_mixin.py:188} WARNING - /opt/airflow/dags/feature_store.py:64 RemovedInAirflow3Warning: Param `schedule_interval` is deprecated and will be removed in a future release. Please use `schedule` instead.
[2026-02-01T22:31:52.788+0000] {processor.py:840} INFO - DAG(s) 'feature_store_cre' retrieved from /opt/airflow/dags/feature_store.py
[2026-02-01T22:31:52.808+0000] {logging_mixin.py:188} INFO - [2026-02-01T22:31:52.808+0000] {dag.py:3096} INFO - Sync 1 DAGs
[2026-02-01T22:31:52.824+0000] {logging_mixin.py:188} INFO - [2026-02-01T22:31:52.824+0000] {dag.py:3954} INFO - Setting next_dagrun for feature_store_cre to 2026-01-31 00:00:00+00:00, run_after=2026-02-01 00:00:00+00:00
[2026-02-01T22:31:52.841+0000] {processor.py:183} INFO - Processing /opt/airflow/dags/feature_store.py took 1.484 seconds
[2026-02-01T22:32:24.723+0000] {processor.py:161} INFO - Started process (PID=40513) to work on /opt/airflow/dags/feature_store.py
[2026-02-01T22:32:24.725+0000] {processor.py:830} INFO - Processing file /opt/airflow/dags/feature_store.py for tasks to queue
[2026-02-01T22:32:24.727+0000] {logging_mixin.py:188} INFO - [2026-02-01T22:32:24.727+0000] {dagbag.py:545} INFO - Filling up the DagBag from /opt/airflow/dags/feature_store.py
[2026-02-01T22:32:26.102+0000] {logging_mixin.py:188} WARNING - /opt/airflow/dags/feature_store.py:64 RemovedInAirflow3Warning: Param `schedule_interval` is deprecated and will be removed in a future release. Please use `schedule` instead.
[2026-02-01T22:32:26.105+0000] {processor.py:840} INFO - DAG(s) 'feature_store_cre' retrieved from /opt/airflow/dags/feature_store.py
[2026-02-01T22:32:26.123+0000] {logging_mixin.py:188} INFO - [2026-02-01T22:32:26.122+0000] {dag.py:3096} INFO - Sync 1 DAGs
[2026-02-01T22:32:26.137+0000] {logging_mixin.py:188} INFO - [2026-02-01T22:32:26.137+0000] {dag.py:3954} INFO - Setting next_dagrun for feature_store_cre to 2026-01-31 00:00:00+00:00, run_after=2026-02-01 00:00:00+00:00
[2026-02-01T22:32:26.154+0000] {processor.py:183} INFO - Processing /opt/airflow/dags/feature_store.py took 1.437 seconds
[2026-02-01T22:32:58.018+0000] {processor.py:161} INFO - Started process (PID=40559) to work on /opt/airflow/dags/feature_store.py
[2026-02-01T22:32:58.019+0000] {processor.py:830} INFO - Processing file /opt/airflow/dags/feature_store.py for tasks to queue
[2026-02-01T22:32:58.020+0000] {logging_mixin.py:188} INFO - [2026-02-01T22:32:58.020+0000] {dagbag.py:545} INFO - Filling up the DagBag from /opt/airflow/dags/feature_store.py
[2026-02-01T22:32:59.519+0000] {logging_mixin.py:188} WARNING - /opt/airflow/dags/feature_store.py:64 RemovedInAirflow3Warning: Param `schedule_interval` is deprecated and will be removed in a future release. Please use `schedule` instead.
[2026-02-01T22:32:59.522+0000] {processor.py:840} INFO - DAG(s) 'feature_store_cre' retrieved from /opt/airflow/dags/feature_store.py
[2026-02-01T22:32:59.539+0000] {logging_mixin.py:188} INFO - [2026-02-01T22:32:59.539+0000] {dag.py:3096} INFO - Sync 1 DAGs
[2026-02-01T22:32:59.557+0000] {logging_mixin.py:188} INFO - [2026-02-01T22:32:59.557+0000] {dag.py:3954} INFO - Setting next_dagrun for feature_store_cre to 2026-01-31 00:00:00+00:00, run_after=2026-02-01 00:00:00+00:00
[2026-02-01T22:32:59.577+0000] {processor.py:183} INFO - Processing /opt/airflow/dags/feature_store.py took 1.563 seconds
[2026-02-01T22:33:31.512+0000] {processor.py:161} INFO - Started process (PID=40607) to work on /opt/airflow/dags/feature_store.py
[2026-02-01T22:33:31.513+0000] {processor.py:830} INFO - Processing file /opt/airflow/dags/feature_store.py for tasks to queue
[2026-02-01T22:33:31.514+0000] {logging_mixin.py:188} INFO - [2026-02-01T22:33:31.514+0000] {dagbag.py:545} INFO - Filling up the DagBag from /opt/airflow/dags/feature_store.py
[2026-02-01T22:33:32.943+0000] {logging_mixin.py:188} WARNING - /opt/airflow/dags/feature_store.py:64 RemovedInAirflow3Warning: Param `schedule_interval` is deprecated and will be removed in a future release. Please use `schedule` instead.
[2026-02-01T22:33:32.948+0000] {processor.py:840} INFO - DAG(s) 'feature_store_cre' retrieved from /opt/airflow/dags/feature_store.py
[2026-02-01T22:33:32.969+0000] {logging_mixin.py:188} INFO - [2026-02-01T22:33:32.968+0000] {dag.py:3096} INFO - Sync 1 DAGs
[2026-02-01T22:33:32.991+0000] {logging_mixin.py:188} INFO - [2026-02-01T22:33:32.990+0000] {dag.py:3954} INFO - Setting next_dagrun for feature_store_cre to 2026-01-31 00:00:00+00:00, run_after=2026-02-01 00:00:00+00:00
[2026-02-01T22:33:33.009+0000] {processor.py:183} INFO - Processing /opt/airflow/dags/feature_store.py took 1.501 seconds
[2026-02-01T22:34:05.031+0000] {processor.py:161} INFO - Started process (PID=40654) to work on /opt/airflow/dags/feature_store.py
[2026-02-01T22:34:05.031+0000] {processor.py:830} INFO - Processing file /opt/airflow/dags/feature_store.py for tasks to queue
[2026-02-01T22:34:05.032+0000] {logging_mixin.py:188} INFO - [2026-02-01T22:34:05.032+0000] {dagbag.py:545} INFO - Filling up the DagBag from /opt/airflow/dags/feature_store.py
[2026-02-01T22:34:06.452+0000] {logging_mixin.py:188} WARNING - /opt/airflow/dags/feature_store.py:64 RemovedInAirflow3Warning: Param `schedule_interval` is deprecated and will be removed in a future release. Please use `schedule` instead.
[2026-02-01T22:34:06.456+0000] {processor.py:840} INFO - DAG(s) 'feature_store_cre' retrieved from /opt/airflow/dags/feature_store.py
[2026-02-01T22:34:06.475+0000] {logging_mixin.py:188} INFO - [2026-02-01T22:34:06.475+0000] {dag.py:3096} INFO - Sync 1 DAGs
[2026-02-01T22:34:06.495+0000] {logging_mixin.py:188} INFO - [2026-02-01T22:34:06.495+0000] {dag.py:3954} INFO - Setting next_dagrun for feature_store_cre to 2026-01-31 00:00:00+00:00, run_after=2026-02-01 00:00:00+00:00
[2026-02-01T22:34:06.523+0000] {processor.py:183} INFO - Processing /opt/airflow/dags/feature_store.py took 1.496 seconds
[2026-02-01T22:34:38.501+0000] {processor.py:161} INFO - Started process (PID=40701) to work on /opt/airflow/dags/feature_store.py
[2026-02-01T22:34:38.503+0000] {processor.py:830} INFO - Processing file /opt/airflow/dags/feature_store.py for tasks to queue
[2026-02-01T22:34:38.505+0000] {logging_mixin.py:188} INFO - [2026-02-01T22:34:38.505+0000] {dagbag.py:545} INFO - Filling up the DagBag from /opt/airflow/dags/feature_store.py
[2026-02-01T22:34:40.993+0000] {logging_mixin.py:188} WARNING - /opt/airflow/dags/feature_store.py:64 RemovedInAirflow3Warning: Param `schedule_interval` is deprecated and will be removed in a future release. Please use `schedule` instead.
[2026-02-01T22:34:40.998+0000] {processor.py:840} INFO - DAG(s) 'feature_store_cre' retrieved from /opt/airflow/dags/feature_store.py
[2026-02-01T22:34:41.035+0000] {logging_mixin.py:188} INFO - [2026-02-01T22:34:41.034+0000] {dag.py:3096} INFO - Sync 1 DAGs
[2026-02-01T22:34:41.063+0000] {logging_mixin.py:188} INFO - [2026-02-01T22:34:41.063+0000] {dag.py:3954} INFO - Setting next_dagrun for feature_store_cre to 2026-01-31 00:00:00+00:00, run_after=2026-02-01 00:00:00+00:00
[2026-02-01T22:34:41.089+0000] {processor.py:183} INFO - Processing /opt/airflow/dags/feature_store.py took 2.594 seconds
[2026-02-01T22:35:11.608+0000] {processor.py:161} INFO - Started process (PID=40745) to work on /opt/airflow/dags/feature_store.py
[2026-02-01T22:35:11.608+0000] {processor.py:830} INFO - Processing file /opt/airflow/dags/feature_store.py for tasks to queue
[2026-02-01T22:35:11.610+0000] {logging_mixin.py:188} INFO - [2026-02-01T22:35:11.610+0000] {dagbag.py:545} INFO - Filling up the DagBag from /opt/airflow/dags/feature_store.py
[2026-02-01T22:35:13.955+0000] {logging_mixin.py:188} WARNING - /opt/airflow/dags/feature_store.py:64 RemovedInAirflow3Warning: Param `schedule_interval` is deprecated and will be removed in a future release. Please use `schedule` instead.
[2026-02-01T22:35:13.963+0000] {processor.py:840} INFO - DAG(s) 'feature_store_cre' retrieved from /opt/airflow/dags/feature_store.py
[2026-02-01T22:35:13.993+0000] {logging_mixin.py:188} INFO - [2026-02-01T22:35:13.992+0000] {dag.py:3096} INFO - Sync 1 DAGs
[2026-02-01T22:35:14.014+0000] {logging_mixin.py:188} INFO - [2026-02-01T22:35:14.013+0000] {dag.py:3954} INFO - Setting next_dagrun for feature_store_cre to 2026-01-31 00:00:00+00:00, run_after=2026-02-01 00:00:00+00:00
[2026-02-01T22:35:14.037+0000] {processor.py:183} INFO - Processing /opt/airflow/dags/feature_store.py took 2.435 seconds
[2026-02-01T22:35:44.643+0000] {processor.py:161} INFO - Started process (PID=40792) to work on /opt/airflow/dags/feature_store.py
[2026-02-01T22:35:44.645+0000] {processor.py:830} INFO - Processing file /opt/airflow/dags/feature_store.py for tasks to queue
[2026-02-01T22:35:44.647+0000] {logging_mixin.py:188} INFO - [2026-02-01T22:35:44.647+0000] {dagbag.py:545} INFO - Filling up the DagBag from /opt/airflow/dags/feature_store.py
[2026-02-01T22:35:47.142+0000] {logging_mixin.py:188} WARNING - /opt/airflow/dags/feature_store.py:64 RemovedInAirflow3Warning: Param `schedule_interval` is deprecated and will be removed in a future release. Please use `schedule` instead.
[2026-02-01T22:35:47.147+0000] {processor.py:840} INFO - DAG(s) 'feature_store_cre' retrieved from /opt/airflow/dags/feature_store.py
[2026-02-01T22:35:47.183+0000] {logging_mixin.py:188} INFO - [2026-02-01T22:35:47.183+0000] {dag.py:3096} INFO - Sync 1 DAGs
[2026-02-01T22:35:47.213+0000] {logging_mixin.py:188} INFO - [2026-02-01T22:35:47.212+0000] {dag.py:3954} INFO - Setting next_dagrun for feature_store_cre to 2026-01-31 00:00:00+00:00, run_after=2026-02-01 00:00:00+00:00
[2026-02-01T22:35:47.245+0000] {processor.py:183} INFO - Processing /opt/airflow/dags/feature_store.py took 2.606 seconds
[2026-02-01T22:36:18.091+0000] {processor.py:161} INFO - Started process (PID=40839) to work on /opt/airflow/dags/feature_store.py
[2026-02-01T22:36:18.092+0000] {processor.py:830} INFO - Processing file /opt/airflow/dags/feature_store.py for tasks to queue
[2026-02-01T22:36:18.095+0000] {logging_mixin.py:188} INFO - [2026-02-01T22:36:18.094+0000] {dagbag.py:545} INFO - Filling up the DagBag from /opt/airflow/dags/feature_store.py
[2026-02-01T22:36:20.886+0000] {logging_mixin.py:188} WARNING - /opt/airflow/dags/feature_store.py:64 RemovedInAirflow3Warning: Param `schedule_interval` is deprecated and will be removed in a future release. Please use `schedule` instead.
[2026-02-01T22:36:20.892+0000] {processor.py:840} INFO - DAG(s) 'feature_store_cre' retrieved from /opt/airflow/dags/feature_store.py
[2026-02-01T22:36:20.922+0000] {logging_mixin.py:188} INFO - [2026-02-01T22:36:20.921+0000] {dag.py:3096} INFO - Sync 1 DAGs
[2026-02-01T22:36:20.950+0000] {logging_mixin.py:188} INFO - [2026-02-01T22:36:20.950+0000] {dag.py:3954} INFO - Setting next_dagrun for feature_store_cre to 2026-01-31 00:00:00+00:00, run_after=2026-02-01 00:00:00+00:00
[2026-02-01T22:36:20.977+0000] {processor.py:183} INFO - Processing /opt/airflow/dags/feature_store.py took 2.893 seconds
[2026-02-01T22:36:51.771+0000] {processor.py:161} INFO - Started process (PID=40887) to work on /opt/airflow/dags/feature_store.py
[2026-02-01T22:36:51.773+0000] {processor.py:830} INFO - Processing file /opt/airflow/dags/feature_store.py for tasks to queue
[2026-02-01T22:36:51.775+0000] {logging_mixin.py:188} INFO - [2026-02-01T22:36:51.775+0000] {dagbag.py:545} INFO - Filling up the DagBag from /opt/airflow/dags/feature_store.py
[2026-02-01T22:36:53.944+0000] {logging_mixin.py:188} WARNING - /opt/airflow/dags/feature_store.py:64 RemovedInAirflow3Warning: Param `schedule_interval` is deprecated and will be removed in a future release. Please use `schedule` instead.
[2026-02-01T22:36:53.949+0000] {processor.py:840} INFO - DAG(s) 'feature_store_cre' retrieved from /opt/airflow/dags/feature_store.py
[2026-02-01T22:36:53.972+0000] {logging_mixin.py:188} INFO - [2026-02-01T22:36:53.971+0000] {dag.py:3096} INFO - Sync 1 DAGs
[2026-02-01T22:36:53.995+0000] {logging_mixin.py:188} INFO - [2026-02-01T22:36:53.995+0000] {dag.py:3954} INFO - Setting next_dagrun for feature_store_cre to 2026-01-31 00:00:00+00:00, run_after=2026-02-01 00:00:00+00:00
[2026-02-01T22:36:54.018+0000] {processor.py:183} INFO - Processing /opt/airflow/dags/feature_store.py took 2.253 seconds
[2026-02-01T22:37:24.848+0000] {processor.py:161} INFO - Started process (PID=40934) to work on /opt/airflow/dags/feature_store.py
[2026-02-01T22:37:24.849+0000] {processor.py:830} INFO - Processing file /opt/airflow/dags/feature_store.py for tasks to queue
[2026-02-01T22:37:24.851+0000] {logging_mixin.py:188} INFO - [2026-02-01T22:37:24.851+0000] {dagbag.py:545} INFO - Filling up the DagBag from /opt/airflow/dags/feature_store.py
[2026-02-01T22:37:27.069+0000] {logging_mixin.py:188} WARNING - /opt/airflow/dags/feature_store.py:64 RemovedInAirflow3Warning: Param `schedule_interval` is deprecated and will be removed in a future release. Please use `schedule` instead.
[2026-02-01T22:37:27.079+0000] {processor.py:840} INFO - DAG(s) 'feature_store_cre' retrieved from /opt/airflow/dags/feature_store.py
[2026-02-01T22:37:27.116+0000] {logging_mixin.py:188} INFO - [2026-02-01T22:37:27.116+0000] {dag.py:3096} INFO - Sync 1 DAGs
[2026-02-01T22:37:27.148+0000] {logging_mixin.py:188} INFO - [2026-02-01T22:37:27.148+0000] {dag.py:3954} INFO - Setting next_dagrun for feature_store_cre to 2026-01-31 00:00:00+00:00, run_after=2026-02-01 00:00:00+00:00
[2026-02-01T22:37:27.179+0000] {processor.py:183} INFO - Processing /opt/airflow/dags/feature_store.py took 2.335 seconds
[2026-02-01T22:37:58.410+0000] {processor.py:161} INFO - Started process (PID=40980) to work on /opt/airflow/dags/feature_store.py
[2026-02-01T22:37:58.411+0000] {processor.py:830} INFO - Processing file /opt/airflow/dags/feature_store.py for tasks to queue
[2026-02-01T22:37:58.412+0000] {logging_mixin.py:188} INFO - [2026-02-01T22:37:58.412+0000] {dagbag.py:545} INFO - Filling up the DagBag from /opt/airflow/dags/feature_store.py
[2026-02-01T22:38:00.742+0000] {logging_mixin.py:188} WARNING - /opt/airflow/dags/feature_store.py:64 RemovedInAirflow3Warning: Param `schedule_interval` is deprecated and will be removed in a future release. Please use `schedule` instead.
[2026-02-01T22:38:00.750+0000] {processor.py:840} INFO - DAG(s) 'feature_store_cre' retrieved from /opt/airflow/dags/feature_store.py
[2026-02-01T22:38:00.780+0000] {logging_mixin.py:188} INFO - [2026-02-01T22:38:00.780+0000] {dag.py:3096} INFO - Sync 1 DAGs
[2026-02-01T22:38:00.809+0000] {logging_mixin.py:188} INFO - [2026-02-01T22:38:00.809+0000] {dag.py:3954} INFO - Setting next_dagrun for feature_store_cre to 2026-01-31 00:00:00+00:00, run_after=2026-02-01 00:00:00+00:00
[2026-02-01T22:38:00.838+0000] {processor.py:183} INFO - Processing /opt/airflow/dags/feature_store.py took 2.434 seconds
[2026-02-01T22:38:31.447+0000] {processor.py:161} INFO - Started process (PID=41027) to work on /opt/airflow/dags/feature_store.py
[2026-02-01T22:38:31.447+0000] {processor.py:830} INFO - Processing file /opt/airflow/dags/feature_store.py for tasks to queue
[2026-02-01T22:38:31.449+0000] {logging_mixin.py:188} INFO - [2026-02-01T22:38:31.449+0000] {dagbag.py:545} INFO - Filling up the DagBag from /opt/airflow/dags/feature_store.py
[2026-02-01T22:38:33.325+0000] {logging_mixin.py:188} WARNING - /opt/airflow/dags/feature_store.py:64 RemovedInAirflow3Warning: Param `schedule_interval` is deprecated and will be removed in a future release. Please use `schedule` instead.
[2026-02-01T22:38:33.330+0000] {processor.py:840} INFO - DAG(s) 'feature_store_cre' retrieved from /opt/airflow/dags/feature_store.py
[2026-02-01T22:38:33.352+0000] {logging_mixin.py:188} INFO - [2026-02-01T22:38:33.352+0000] {dag.py:3096} INFO - Sync 1 DAGs
[2026-02-01T22:38:33.371+0000] {logging_mixin.py:188} INFO - [2026-02-01T22:38:33.370+0000] {dag.py:3954} INFO - Setting next_dagrun for feature_store_cre to 2026-01-31 00:00:00+00:00, run_after=2026-02-01 00:00:00+00:00
[2026-02-01T22:38:33.391+0000] {processor.py:183} INFO - Processing /opt/airflow/dags/feature_store.py took 1.949 seconds
[2026-02-01T22:39:04.878+0000] {processor.py:161} INFO - Started process (PID=41074) to work on /opt/airflow/dags/feature_store.py
[2026-02-01T22:39:04.880+0000] {processor.py:830} INFO - Processing file /opt/airflow/dags/feature_store.py for tasks to queue
[2026-02-01T22:39:04.881+0000] {logging_mixin.py:188} INFO - [2026-02-01T22:39:04.881+0000] {dagbag.py:545} INFO - Filling up the DagBag from /opt/airflow/dags/feature_store.py
[2026-02-01T22:39:06.610+0000] {logging_mixin.py:188} WARNING - /opt/airflow/dags/feature_store.py:64 RemovedInAirflow3Warning: Param `schedule_interval` is deprecated and will be removed in a future release. Please use `schedule` instead.
[2026-02-01T22:39:06.616+0000] {processor.py:840} INFO - DAG(s) 'feature_store_cre' retrieved from /opt/airflow/dags/feature_store.py
[2026-02-01T22:39:06.642+0000] {logging_mixin.py:188} INFO - [2026-02-01T22:39:06.641+0000] {dag.py:3096} INFO - Sync 1 DAGs
[2026-02-01T22:39:06.663+0000] {logging_mixin.py:188} INFO - [2026-02-01T22:39:06.662+0000] {dag.py:3954} INFO - Setting next_dagrun for feature_store_cre to 2026-01-31 00:00:00+00:00, run_after=2026-02-01 00:00:00+00:00
[2026-02-01T22:39:06.684+0000] {processor.py:183} INFO - Processing /opt/airflow/dags/feature_store.py took 1.810 seconds
[2026-02-01T22:39:38.212+0000] {processor.py:161} INFO - Started process (PID=41121) to work on /opt/airflow/dags/feature_store.py
[2026-02-01T22:39:38.212+0000] {processor.py:830} INFO - Processing file /opt/airflow/dags/feature_store.py for tasks to queue
[2026-02-01T22:39:38.213+0000] {logging_mixin.py:188} INFO - [2026-02-01T22:39:38.213+0000] {dagbag.py:545} INFO - Filling up the DagBag from /opt/airflow/dags/feature_store.py
[2026-02-01T22:39:39.781+0000] {logging_mixin.py:188} WARNING - /opt/airflow/dags/feature_store.py:64 RemovedInAirflow3Warning: Param `schedule_interval` is deprecated and will be removed in a future release. Please use `schedule` instead.
[2026-02-01T22:39:39.786+0000] {processor.py:840} INFO - DAG(s) 'feature_store_cre' retrieved from /opt/airflow/dags/feature_store.py
[2026-02-01T22:39:39.810+0000] {logging_mixin.py:188} INFO - [2026-02-01T22:39:39.809+0000] {dag.py:3096} INFO - Sync 1 DAGs
[2026-02-01T22:39:39.829+0000] {logging_mixin.py:188} INFO - [2026-02-01T22:39:39.829+0000] {dag.py:3954} INFO - Setting next_dagrun for feature_store_cre to 2026-01-31 00:00:00+00:00, run_after=2026-02-01 00:00:00+00:00
[2026-02-01T22:39:39.853+0000] {processor.py:183} INFO - Processing /opt/airflow/dags/feature_store.py took 1.645 seconds
[2026-02-01T22:40:11.532+0000] {processor.py:161} INFO - Started process (PID=41172) to work on /opt/airflow/dags/feature_store.py
[2026-02-01T22:40:11.533+0000] {processor.py:830} INFO - Processing file /opt/airflow/dags/feature_store.py for tasks to queue
[2026-02-01T22:40:11.536+0000] {logging_mixin.py:188} INFO - [2026-02-01T22:40:11.536+0000] {dagbag.py:545} INFO - Filling up the DagBag from /opt/airflow/dags/feature_store.py
[2026-02-01T22:40:12.977+0000] {logging_mixin.py:188} WARNING - /opt/airflow/dags/feature_store.py:64 RemovedInAirflow3Warning: Param `schedule_interval` is deprecated and will be removed in a future release. Please use `schedule` instead.
[2026-02-01T22:40:12.981+0000] {processor.py:840} INFO - DAG(s) 'feature_store_cre' retrieved from /opt/airflow/dags/feature_store.py
[2026-02-01T22:40:13.002+0000] {logging_mixin.py:188} INFO - [2026-02-01T22:40:13.002+0000] {dag.py:3096} INFO - Sync 1 DAGs
[2026-02-01T22:40:13.020+0000] {logging_mixin.py:188} INFO - [2026-02-01T22:40:13.020+0000] {dag.py:3954} INFO - Setting next_dagrun for feature_store_cre to 2026-01-31 00:00:00+00:00, run_after=2026-02-01 00:00:00+00:00
[2026-02-01T22:40:13.040+0000] {processor.py:183} INFO - Processing /opt/airflow/dags/feature_store.py took 1.512 seconds
[2026-02-01T22:40:43.206+0000] {processor.py:161} INFO - Started process (PID=41216) to work on /opt/airflow/dags/feature_store.py
[2026-02-01T22:40:43.207+0000] {processor.py:830} INFO - Processing file /opt/airflow/dags/feature_store.py for tasks to queue
[2026-02-01T22:40:43.208+0000] {logging_mixin.py:188} INFO - [2026-02-01T22:40:43.208+0000] {dagbag.py:545} INFO - Filling up the DagBag from /opt/airflow/dags/feature_store.py
[2026-02-01T22:40:44.515+0000] {logging_mixin.py:188} WARNING - /opt/airflow/dags/feature_store.py:64 RemovedInAirflow3Warning: Param `schedule_interval` is deprecated and will be removed in a future release. Please use `schedule` instead.
[2026-02-01T22:40:44.519+0000] {processor.py:840} INFO - DAG(s) 'feature_store_cre' retrieved from /opt/airflow/dags/feature_store.py
[2026-02-01T22:40:44.538+0000] {logging_mixin.py:188} INFO - [2026-02-01T22:40:44.537+0000] {dag.py:3096} INFO - Sync 1 DAGs
[2026-02-01T22:40:44.551+0000] {logging_mixin.py:188} INFO - [2026-02-01T22:40:44.551+0000] {dag.py:3954} INFO - Setting next_dagrun for feature_store_cre to 2026-01-31 00:00:00+00:00, run_after=2026-02-01 00:00:00+00:00
[2026-02-01T22:40:44.564+0000] {processor.py:183} INFO - Processing /opt/airflow/dags/feature_store.py took 1.362 seconds
[2026-02-01T22:41:15.073+0000] {processor.py:161} INFO - Started process (PID=41263) to work on /opt/airflow/dags/feature_store.py
[2026-02-01T22:41:15.075+0000] {processor.py:830} INFO - Processing file /opt/airflow/dags/feature_store.py for tasks to queue
[2026-02-01T22:41:15.076+0000] {logging_mixin.py:188} INFO - [2026-02-01T22:41:15.076+0000] {dagbag.py:545} INFO - Filling up the DagBag from /opt/airflow/dags/feature_store.py
[2026-02-01T22:41:18.183+0000] {logging_mixin.py:188} WARNING - /opt/airflow/dags/feature_store.py:64 RemovedInAirflow3Warning: Param `schedule_interval` is deprecated and will be removed in a future release. Please use `schedule` instead.
[2026-02-01T22:41:18.187+0000] {processor.py:840} INFO - DAG(s) 'feature_store_cre' retrieved from /opt/airflow/dags/feature_store.py
[2026-02-01T22:41:18.208+0000] {logging_mixin.py:188} INFO - [2026-02-01T22:41:18.208+0000] {dag.py:3096} INFO - Sync 1 DAGs
[2026-02-01T22:41:18.224+0000] {logging_mixin.py:188} INFO - [2026-02-01T22:41:18.223+0000] {dag.py:3954} INFO - Setting next_dagrun for feature_store_cre to 2026-01-31 00:00:00+00:00, run_after=2026-02-01 00:00:00+00:00
[2026-02-01T22:41:18.242+0000] {processor.py:183} INFO - Processing /opt/airflow/dags/feature_store.py took 1.522 seconds
[2026-02-01T22:41:51.606+0000] {processor.py:161} INFO - Started process (PID=41319) to work on /opt/airflow/dags/feature_store.py
[2026-02-01T22:41:51.606+0000] {processor.py:830} INFO - Processing file /opt/airflow/dags/feature_store.py for tasks to queue
[2026-02-01T22:41:51.608+0000] {logging_mixin.py:188} INFO - [2026-02-01T22:41:51.607+0000] {dagbag.py:545} INFO - Filling up the DagBag from /opt/airflow/dags/feature_store.py
[2026-02-01T22:41:52.975+0000] {logging_mixin.py:188} WARNING - /opt/airflow/dags/feature_store.py:64 RemovedInAirflow3Warning: Param `schedule_interval` is deprecated and will be removed in a future release. Please use `schedule` instead.
[2026-02-01T22:41:52.978+0000] {processor.py:840} INFO - DAG(s) 'feature_store_cre' retrieved from /opt/airflow/dags/feature_store.py
[2026-02-01T22:41:52.996+0000] {logging_mixin.py:188} INFO - [2026-02-01T22:41:52.995+0000] {dag.py:3096} INFO - Sync 1 DAGs
[2026-02-01T22:41:53.009+0000] {logging_mixin.py:188} INFO - [2026-02-01T22:41:53.009+0000] {dag.py:3954} INFO - Setting next_dagrun for feature_store_cre to 2026-01-31 00:00:00+00:00, run_after=2026-02-01 00:00:00+00:00
[2026-02-01T22:41:53.023+0000] {processor.py:183} INFO - Processing /opt/airflow/dags/feature_store.py took 1.421 seconds
[2026-02-01T22:42:24.845+0000] {processor.py:161} INFO - Started process (PID=41366) to work on /opt/airflow/dags/feature_store.py
[2026-02-01T22:42:24.846+0000] {processor.py:830} INFO - Processing file /opt/airflow/dags/feature_store.py for tasks to queue
[2026-02-01T22:42:24.848+0000] {logging_mixin.py:188} INFO - [2026-02-01T22:42:24.848+0000] {dagbag.py:545} INFO - Filling up the DagBag from /opt/airflow/dags/feature_store.py
[2026-02-01T22:42:26.454+0000] {logging_mixin.py:188} WARNING - /opt/airflow/dags/feature_store.py:64 RemovedInAirflow3Warning: Param `schedule_interval` is deprecated and will be removed in a future release. Please use `schedule` instead.
[2026-02-01T22:42:26.458+0000] {processor.py:840} INFO - DAG(s) 'feature_store_cre' retrieved from /opt/airflow/dags/feature_store.py
[2026-02-01T22:42:26.479+0000] {logging_mixin.py:188} INFO - [2026-02-01T22:42:26.479+0000] {dag.py:3096} INFO - Sync 1 DAGs
[2026-02-01T22:42:26.497+0000] {logging_mixin.py:188} INFO - [2026-02-01T22:42:26.496+0000] {dag.py:3954} INFO - Setting next_dagrun for feature_store_cre to 2026-01-31 00:00:00+00:00, run_after=2026-02-01 00:00:00+00:00
[2026-02-01T22:42:26.518+0000] {processor.py:183} INFO - Processing /opt/airflow/dags/feature_store.py took 1.678 seconds
[2026-02-01T22:42:58.318+0000] {processor.py:161} INFO - Started process (PID=41413) to work on /opt/airflow/dags/feature_store.py
[2026-02-01T22:42:58.319+0000] {processor.py:830} INFO - Processing file /opt/airflow/dags/feature_store.py for tasks to queue
[2026-02-01T22:42:58.320+0000] {logging_mixin.py:188} INFO - [2026-02-01T22:42:58.320+0000] {dagbag.py:545} INFO - Filling up the DagBag from /opt/airflow/dags/feature_store.py
[2026-02-01T22:42:59.816+0000] {logging_mixin.py:188} WARNING - /opt/airflow/dags/feature_store.py:64 RemovedInAirflow3Warning: Param `schedule_interval` is deprecated and will be removed in a future release. Please use `schedule` instead.
[2026-02-01T22:42:59.819+0000] {processor.py:840} INFO - DAG(s) 'feature_store_cre' retrieved from /opt/airflow/dags/feature_store.py
[2026-02-01T22:42:59.835+0000] {logging_mixin.py:188} INFO - [2026-02-01T22:42:59.834+0000] {dag.py:3096} INFO - Sync 1 DAGs
[2026-02-01T22:42:59.849+0000] {logging_mixin.py:188} INFO - [2026-02-01T22:42:59.849+0000] {dag.py:3954} INFO - Setting next_dagrun for feature_store_cre to 2026-01-31 00:00:00+00:00, run_after=2026-02-01 00:00:00+00:00
[2026-02-01T22:42:59.866+0000] {processor.py:183} INFO - Processing /opt/airflow/dags/feature_store.py took 1.552 seconds
[2026-02-01T22:43:31.652+0000] {processor.py:161} INFO - Started process (PID=41460) to work on /opt/airflow/dags/feature_store.py
[2026-02-01T22:43:31.654+0000] {processor.py:830} INFO - Processing file /opt/airflow/dags/feature_store.py for tasks to queue
[2026-02-01T22:43:31.655+0000] {logging_mixin.py:188} INFO - [2026-02-01T22:43:31.655+0000] {dagbag.py:545} INFO - Filling up the DagBag from /opt/airflow/dags/feature_store.py
[2026-02-01T22:43:33.469+0000] {logging_mixin.py:188} WARNING - /opt/airflow/dags/feature_store.py:64 RemovedInAirflow3Warning: Param `schedule_interval` is deprecated and will be removed in a future release. Please use `schedule` instead.
[2026-02-01T22:43:33.473+0000] {processor.py:840} INFO - DAG(s) 'feature_store_cre' retrieved from /opt/airflow/dags/feature_store.py
[2026-02-01T22:43:33.498+0000] {logging_mixin.py:188} INFO - [2026-02-01T22:43:33.498+0000] {dag.py:3096} INFO - Sync 1 DAGs
[2026-02-01T22:43:33.517+0000] {logging_mixin.py:188} INFO - [2026-02-01T22:43:33.516+0000] {dag.py:3954} INFO - Setting next_dagrun for feature_store_cre to 2026-01-31 00:00:00+00:00, run_after=2026-02-01 00:00:00+00:00
[2026-02-01T22:43:33.538+0000] {processor.py:183} INFO - Processing /opt/airflow/dags/feature_store.py took 1.891 seconds
[2026-02-01T22:44:04.996+0000] {processor.py:161} INFO - Started process (PID=41507) to work on /opt/airflow/dags/feature_store.py
[2026-02-01T22:44:04.997+0000] {processor.py:830} INFO - Processing file /opt/airflow/dags/feature_store.py for tasks to queue
[2026-02-01T22:44:04.999+0000] {logging_mixin.py:188} INFO - [2026-02-01T22:44:04.998+0000] {dagbag.py:545} INFO - Filling up the DagBag from /opt/airflow/dags/feature_store.py
[2026-02-01T22:44:06.708+0000] {logging_mixin.py:188} WARNING - /opt/airflow/dags/feature_store.py:64 RemovedInAirflow3Warning: Param `schedule_interval` is deprecated and will be removed in a future release. Please use `schedule` instead.
[2026-02-01T22:44:06.711+0000] {processor.py:840} INFO - DAG(s) 'feature_store_cre' retrieved from /opt/airflow/dags/feature_store.py
[2026-02-01T22:44:06.727+0000] {logging_mixin.py:188} INFO - [2026-02-01T22:44:06.727+0000] {dag.py:3096} INFO - Sync 1 DAGs
[2026-02-01T22:44:06.739+0000] {logging_mixin.py:188} INFO - [2026-02-01T22:44:06.739+0000] {dag.py:3954} INFO - Setting next_dagrun for feature_store_cre to 2026-01-31 00:00:00+00:00, run_after=2026-02-01 00:00:00+00:00
[2026-02-01T22:44:06.754+0000] {processor.py:183} INFO - Processing /opt/airflow/dags/feature_store.py took 1.763 seconds
[2026-02-01T22:44:38.170+0000] {processor.py:161} INFO - Started process (PID=41554) to work on /opt/airflow/dags/feature_store.py
[2026-02-01T22:44:38.171+0000] {processor.py:830} INFO - Processing file /opt/airflow/dags/feature_store.py for tasks to queue
[2026-02-01T22:44:38.173+0000] {logging_mixin.py:188} INFO - [2026-02-01T22:44:38.172+0000] {dagbag.py:545} INFO - Filling up the DagBag from /opt/airflow/dags/feature_store.py
[2026-02-01T22:44:39.620+0000] {logging_mixin.py:188} WARNING - /opt/airflow/dags/feature_store.py:64 RemovedInAirflow3Warning: Param `schedule_interval` is deprecated and will be removed in a future release. Please use `schedule` instead.
[2026-02-01T22:44:39.624+0000] {processor.py:840} INFO - DAG(s) 'feature_store_cre' retrieved from /opt/airflow/dags/feature_store.py
[2026-02-01T22:44:39.640+0000] {logging_mixin.py:188} INFO - [2026-02-01T22:44:39.640+0000] {dag.py:3096} INFO - Sync 1 DAGs
[2026-02-01T22:44:39.655+0000] {logging_mixin.py:188} INFO - [2026-02-01T22:44:39.655+0000] {dag.py:3954} INFO - Setting next_dagrun for feature_store_cre to 2026-01-31 00:00:00+00:00, run_after=2026-02-01 00:00:00+00:00
[2026-02-01T22:44:39.673+0000] {processor.py:183} INFO - Processing /opt/airflow/dags/feature_store.py took 1.507 seconds
[2026-02-01T22:45:11.908+0000] {processor.py:161} INFO - Started process (PID=41601) to work on /opt/airflow/dags/feature_store.py
[2026-02-01T22:45:11.909+0000] {processor.py:830} INFO - Processing file /opt/airflow/dags/feature_store.py for tasks to queue
[2026-02-01T22:45:11.910+0000] {logging_mixin.py:188} INFO - [2026-02-01T22:45:11.910+0000] {dagbag.py:545} INFO - Filling up the DagBag from /opt/airflow/dags/feature_store.py
[2026-02-01T22:45:13.233+0000] {logging_mixin.py:188} WARNING - /opt/airflow/dags/feature_store.py:64 RemovedInAirflow3Warning: Param `schedule_interval` is deprecated and will be removed in a future release. Please use `schedule` instead.
[2026-02-01T22:45:13.238+0000] {processor.py:840} INFO - DAG(s) 'feature_store_cre' retrieved from /opt/airflow/dags/feature_store.py
[2026-02-01T22:45:13.257+0000] {logging_mixin.py:188} INFO - [2026-02-01T22:45:13.257+0000] {dag.py:3096} INFO - Sync 1 DAGs
[2026-02-01T22:45:13.279+0000] {logging_mixin.py:188} INFO - [2026-02-01T22:45:13.279+0000] {dag.py:3954} INFO - Setting next_dagrun for feature_store_cre to 2026-01-31 00:00:00+00:00, run_after=2026-02-01 00:00:00+00:00
[2026-02-01T22:45:13.296+0000] {processor.py:183} INFO - Processing /opt/airflow/dags/feature_store.py took 1.392 seconds
[2026-02-01T22:45:45.115+0000] {processor.py:161} INFO - Started process (PID=41648) to work on /opt/airflow/dags/feature_store.py
[2026-02-01T22:45:45.116+0000] {processor.py:830} INFO - Processing file /opt/airflow/dags/feature_store.py for tasks to queue
[2026-02-01T22:45:45.117+0000] {logging_mixin.py:188} INFO - [2026-02-01T22:45:45.117+0000] {dagbag.py:545} INFO - Filling up the DagBag from /opt/airflow/dags/feature_store.py
[2026-02-01T22:45:46.495+0000] {logging_mixin.py:188} WARNING - /opt/airflow/dags/feature_store.py:64 RemovedInAirflow3Warning: Param `schedule_interval` is deprecated and will be removed in a future release. Please use `schedule` instead.
[2026-02-01T22:45:46.499+0000] {processor.py:840} INFO - DAG(s) 'feature_store_cre' retrieved from /opt/airflow/dags/feature_store.py
[2026-02-01T22:45:46.516+0000] {logging_mixin.py:188} INFO - [2026-02-01T22:45:46.516+0000] {dag.py:3096} INFO - Sync 1 DAGs
[2026-02-01T22:45:46.531+0000] {logging_mixin.py:188} INFO - [2026-02-01T22:45:46.531+0000] {dag.py:3954} INFO - Setting next_dagrun for feature_store_cre to 2026-01-31 00:00:00+00:00, run_after=2026-02-01 00:00:00+00:00
[2026-02-01T22:45:46.546+0000] {processor.py:183} INFO - Processing /opt/airflow/dags/feature_store.py took 1.436 seconds
[2026-02-01T22:46:18.184+0000] {processor.py:161} INFO - Started process (PID=41695) to work on /opt/airflow/dags/feature_store.py
[2026-02-01T22:46:18.185+0000] {processor.py:830} INFO - Processing file /opt/airflow/dags/feature_store.py for tasks to queue
[2026-02-01T22:46:18.186+0000] {logging_mixin.py:188} INFO - [2026-02-01T22:46:18.186+0000] {dagbag.py:545} INFO - Filling up the DagBag from /opt/airflow/dags/feature_store.py
[2026-02-01T22:46:19.753+0000] {logging_mixin.py:188} WARNING - /opt/airflow/dags/feature_store.py:64 RemovedInAirflow3Warning: Param `schedule_interval` is deprecated and will be removed in a future release. Please use `schedule` instead.
[2026-02-01T22:46:19.756+0000] {processor.py:840} INFO - DAG(s) 'feature_store_cre' retrieved from /opt/airflow/dags/feature_store.py
[2026-02-01T22:46:19.773+0000] {logging_mixin.py:188} INFO - [2026-02-01T22:46:19.773+0000] {dag.py:3096} INFO - Sync 1 DAGs
[2026-02-01T22:46:19.787+0000] {logging_mixin.py:188} INFO - [2026-02-01T22:46:19.787+0000] {dag.py:3954} INFO - Setting next_dagrun for feature_store_cre to 2026-01-31 00:00:00+00:00, run_after=2026-02-01 00:00:00+00:00
[2026-02-01T22:46:19.803+0000] {processor.py:183} INFO - Processing /opt/airflow/dags/feature_store.py took 1.623 seconds
[2026-02-01T22:46:51.584+0000] {processor.py:161} INFO - Started process (PID=41743) to work on /opt/airflow/dags/feature_store.py
[2026-02-01T22:46:51.585+0000] {processor.py:830} INFO - Processing file /opt/airflow/dags/feature_store.py for tasks to queue
[2026-02-01T22:46:51.586+0000] {logging_mixin.py:188} INFO - [2026-02-01T22:46:51.586+0000] {dagbag.py:545} INFO - Filling up the DagBag from /opt/airflow/dags/feature_store.py
[2026-02-01T22:46:53.111+0000] {logging_mixin.py:188} WARNING - /opt/airflow/dags/feature_store.py:64 RemovedInAirflow3Warning: Param `schedule_interval` is deprecated and will be removed in a future release. Please use `schedule` instead.
[2026-02-01T22:46:53.116+0000] {processor.py:840} INFO - DAG(s) 'feature_store_cre' retrieved from /opt/airflow/dags/feature_store.py
[2026-02-01T22:46:53.140+0000] {logging_mixin.py:188} INFO - [2026-02-01T22:46:53.140+0000] {dag.py:3096} INFO - Sync 1 DAGs
[2026-02-01T22:46:53.161+0000] {logging_mixin.py:188} INFO - [2026-02-01T22:46:53.161+0000] {dag.py:3954} INFO - Setting next_dagrun for feature_store_cre to 2026-01-31 00:00:00+00:00, run_after=2026-02-01 00:00:00+00:00
[2026-02-01T22:46:53.182+0000] {processor.py:183} INFO - Processing /opt/airflow/dags/feature_store.py took 1.602 seconds
[2026-02-01T22:47:25.129+0000] {processor.py:161} INFO - Started process (PID=41790) to work on /opt/airflow/dags/feature_store.py
[2026-02-01T22:47:25.130+0000] {processor.py:830} INFO - Processing file /opt/airflow/dags/feature_store.py for tasks to queue
[2026-02-01T22:47:25.131+0000] {logging_mixin.py:188} INFO - [2026-02-01T22:47:25.130+0000] {dagbag.py:545} INFO - Filling up the DagBag from /opt/airflow/dags/feature_store.py
[2026-02-01T22:47:26.510+0000] {logging_mixin.py:188} WARNING - /opt/airflow/dags/feature_store.py:64 RemovedInAirflow3Warning: Param `schedule_interval` is deprecated and will be removed in a future release. Please use `schedule` instead.
[2026-02-01T22:47:26.514+0000] {processor.py:840} INFO - DAG(s) 'feature_store_cre' retrieved from /opt/airflow/dags/feature_store.py
[2026-02-01T22:47:26.532+0000] {logging_mixin.py:188} INFO - [2026-02-01T22:47:26.532+0000] {dag.py:3096} INFO - Sync 1 DAGs
[2026-02-01T22:47:26.545+0000] {logging_mixin.py:188} INFO - [2026-02-01T22:47:26.545+0000] {dag.py:3954} INFO - Setting next_dagrun for feature_store_cre to 2026-01-31 00:00:00+00:00, run_after=2026-02-01 00:00:00+00:00
[2026-02-01T22:47:26.563+0000] {processor.py:183} INFO - Processing /opt/airflow/dags/feature_store.py took 1.438 seconds
[2026-02-01T22:47:58.463+0000] {processor.py:161} INFO - Started process (PID=41837) to work on /opt/airflow/dags/feature_store.py
[2026-02-01T22:47:58.465+0000] {processor.py:830} INFO - Processing file /opt/airflow/dags/feature_store.py for tasks to queue
[2026-02-01T22:47:58.466+0000] {logging_mixin.py:188} INFO - [2026-02-01T22:47:58.466+0000] {dagbag.py:545} INFO - Filling up the DagBag from /opt/airflow/dags/feature_store.py
[2026-02-01T22:47:59.933+0000] {logging_mixin.py:188} WARNING - /opt/airflow/dags/feature_store.py:64 RemovedInAirflow3Warning: Param `schedule_interval` is deprecated and will be removed in a future release. Please use `schedule` instead.
[2026-02-01T22:47:59.936+0000] {processor.py:840} INFO - DAG(s) 'feature_store_cre' retrieved from /opt/airflow/dags/feature_store.py
[2026-02-01T22:47:59.953+0000] {logging_mixin.py:188} INFO - [2026-02-01T22:47:59.953+0000] {dag.py:3096} INFO - Sync 1 DAGs
[2026-02-01T22:47:59.966+0000] {logging_mixin.py:188} INFO - [2026-02-01T22:47:59.966+0000] {dag.py:3954} INFO - Setting next_dagrun for feature_store_cre to 2026-01-31 00:00:00+00:00, run_after=2026-02-01 00:00:00+00:00
[2026-02-01T22:47:59.984+0000] {processor.py:183} INFO - Processing /opt/airflow/dags/feature_store.py took 1.528 seconds
[2026-02-01T22:48:31.816+0000] {processor.py:161} INFO - Started process (PID=41884) to work on /opt/airflow/dags/feature_store.py
[2026-02-01T22:48:31.817+0000] {processor.py:830} INFO - Processing file /opt/airflow/dags/feature_store.py for tasks to queue
[2026-02-01T22:48:31.819+0000] {logging_mixin.py:188} INFO - [2026-02-01T22:48:31.819+0000] {dagbag.py:545} INFO - Filling up the DagBag from /opt/airflow/dags/feature_store.py
[2026-02-01T22:48:33.136+0000] {logging_mixin.py:188} WARNING - /opt/airflow/dags/feature_store.py:64 RemovedInAirflow3Warning: Param `schedule_interval` is deprecated and will be removed in a future release. Please use `schedule` instead.
[2026-02-01T22:48:33.141+0000] {processor.py:840} INFO - DAG(s) 'feature_store_cre' retrieved from /opt/airflow/dags/feature_store.py
[2026-02-01T22:48:33.161+0000] {logging_mixin.py:188} INFO - [2026-02-01T22:48:33.161+0000] {dag.py:3096} INFO - Sync 1 DAGs
[2026-02-01T22:48:33.175+0000] {logging_mixin.py:188} INFO - [2026-02-01T22:48:33.175+0000] {dag.py:3954} INFO - Setting next_dagrun for feature_store_cre to 2026-01-31 00:00:00+00:00, run_after=2026-02-01 00:00:00+00:00
[2026-02-01T22:48:33.191+0000] {processor.py:183} INFO - Processing /opt/airflow/dags/feature_store.py took 1.382 seconds
[2026-02-01T22:49:05.018+0000] {processor.py:161} INFO - Started process (PID=41930) to work on /opt/airflow/dags/feature_store.py
[2026-02-01T22:49:05.019+0000] {processor.py:830} INFO - Processing file /opt/airflow/dags/feature_store.py for tasks to queue
[2026-02-01T22:49:05.021+0000] {logging_mixin.py:188} INFO - [2026-02-01T22:49:05.020+0000] {dagbag.py:545} INFO - Filling up the DagBag from /opt/airflow/dags/feature_store.py
[2026-02-01T22:49:06.325+0000] {logging_mixin.py:188} WARNING - /opt/airflow/dags/feature_store.py:64 RemovedInAirflow3Warning: Param `schedule_interval` is deprecated and will be removed in a future release. Please use `schedule` instead.
[2026-02-01T22:49:06.328+0000] {processor.py:840} INFO - DAG(s) 'feature_store_cre' retrieved from /opt/airflow/dags/feature_store.py
[2026-02-01T22:49:06.343+0000] {logging_mixin.py:188} INFO - [2026-02-01T22:49:06.343+0000] {dag.py:3096} INFO - Sync 1 DAGs
[2026-02-01T22:49:06.356+0000] {logging_mixin.py:188} INFO - [2026-02-01T22:49:06.356+0000] {dag.py:3954} INFO - Setting next_dagrun for feature_store_cre to 2026-01-31 00:00:00+00:00, run_after=2026-02-01 00:00:00+00:00
[2026-02-01T22:49:06.370+0000] {processor.py:183} INFO - Processing /opt/airflow/dags/feature_store.py took 1.356 seconds
[2026-02-01T22:49:38.645+0000] {processor.py:161} INFO - Started process (PID=41978) to work on /opt/airflow/dags/feature_store.py
[2026-02-01T22:49:38.646+0000] {processor.py:830} INFO - Processing file /opt/airflow/dags/feature_store.py for tasks to queue
[2026-02-01T22:49:38.647+0000] {logging_mixin.py:188} INFO - [2026-02-01T22:49:38.647+0000] {dagbag.py:545} INFO - Filling up the DagBag from /opt/airflow/dags/feature_store.py
[2026-02-01T22:49:40.038+0000] {logging_mixin.py:188} WARNING - /opt/airflow/dags/feature_store.py:64 RemovedInAirflow3Warning: Param `schedule_interval` is deprecated and will be removed in a future release. Please use `schedule` instead.
[2026-02-01T22:49:40.041+0000] {processor.py:840} INFO - DAG(s) 'feature_store_cre' retrieved from /opt/airflow/dags/feature_store.py
[2026-02-01T22:49:40.058+0000] {logging_mixin.py:188} INFO - [2026-02-01T22:49:40.058+0000] {dag.py:3096} INFO - Sync 1 DAGs
[2026-02-01T22:49:40.072+0000] {logging_mixin.py:188} INFO - [2026-02-01T22:49:40.072+0000] {dag.py:3954} INFO - Setting next_dagrun for feature_store_cre to 2026-01-31 00:00:00+00:00, run_after=2026-02-01 00:00:00+00:00
[2026-02-01T22:49:40.090+0000] {processor.py:183} INFO - Processing /opt/airflow/dags/feature_store.py took 1.448 seconds
[2026-02-01T22:50:11.916+0000] {processor.py:161} INFO - Started process (PID=42025) to work on /opt/airflow/dags/feature_store.py
[2026-02-01T22:50:11.917+0000] {processor.py:830} INFO - Processing file /opt/airflow/dags/feature_store.py for tasks to queue
[2026-02-01T22:50:11.920+0000] {logging_mixin.py:188} INFO - [2026-02-01T22:50:11.919+0000] {dagbag.py:545} INFO - Filling up the DagBag from /opt/airflow/dags/feature_store.py
[2026-02-01T22:50:13.309+0000] {logging_mixin.py:188} WARNING - /opt/airflow/dags/feature_store.py:64 RemovedInAirflow3Warning: Param `schedule_interval` is deprecated and will be removed in a future release. Please use `schedule` instead.
[2026-02-01T22:50:13.312+0000] {processor.py:840} INFO - DAG(s) 'feature_store_cre' retrieved from /opt/airflow/dags/feature_store.py
[2026-02-01T22:50:13.331+0000] {logging_mixin.py:188} INFO - [2026-02-01T22:50:13.330+0000] {dag.py:3096} INFO - Sync 1 DAGs
[2026-02-01T22:50:13.346+0000] {logging_mixin.py:188} INFO - [2026-02-01T22:50:13.346+0000] {dag.py:3954} INFO - Setting next_dagrun for feature_store_cre to 2026-01-31 00:00:00+00:00, run_after=2026-02-01 00:00:00+00:00
[2026-02-01T22:50:13.365+0000] {processor.py:183} INFO - Processing /opt/airflow/dags/feature_store.py took 1.453 seconds
[2026-02-01T22:50:45.227+0000] {processor.py:161} INFO - Started process (PID=42072) to work on /opt/airflow/dags/feature_store.py
[2026-02-01T22:50:45.228+0000] {processor.py:830} INFO - Processing file /opt/airflow/dags/feature_store.py for tasks to queue
[2026-02-01T22:50:45.230+0000] {logging_mixin.py:188} INFO - [2026-02-01T22:50:45.230+0000] {dagbag.py:545} INFO - Filling up the DagBag from /opt/airflow/dags/feature_store.py
[2026-02-01T22:50:46.531+0000] {logging_mixin.py:188} WARNING - /opt/airflow/dags/feature_store.py:64 RemovedInAirflow3Warning: Param `schedule_interval` is deprecated and will be removed in a future release. Please use `schedule` instead.
[2026-02-01T22:50:46.534+0000] {processor.py:840} INFO - DAG(s) 'feature_store_cre' retrieved from /opt/airflow/dags/feature_store.py
[2026-02-01T22:50:46.552+0000] {logging_mixin.py:188} INFO - [2026-02-01T22:50:46.552+0000] {dag.py:3096} INFO - Sync 1 DAGs
[2026-02-01T22:50:46.567+0000] {logging_mixin.py:188} INFO - [2026-02-01T22:50:46.567+0000] {dag.py:3954} INFO - Setting next_dagrun for feature_store_cre to 2026-01-31 00:00:00+00:00, run_after=2026-02-01 00:00:00+00:00
[2026-02-01T22:50:46.584+0000] {processor.py:183} INFO - Processing /opt/airflow/dags/feature_store.py took 1.361 seconds
[2026-02-01T22:51:18.353+0000] {processor.py:161} INFO - Started process (PID=42119) to work on /opt/airflow/dags/feature_store.py
[2026-02-01T22:51:18.355+0000] {processor.py:830} INFO - Processing file /opt/airflow/dags/feature_store.py for tasks to queue
[2026-02-01T22:51:18.357+0000] {logging_mixin.py:188} INFO - [2026-02-01T22:51:18.357+0000] {dagbag.py:545} INFO - Filling up the DagBag from /opt/airflow/dags/feature_store.py
[2026-02-01T22:51:20.131+0000] {logging_mixin.py:188} WARNING - /opt/airflow/dags/feature_store.py:64 RemovedInAirflow3Warning: Param `schedule_interval` is deprecated and will be removed in a future release. Please use `schedule` instead.
[2026-02-01T22:51:20.135+0000] {processor.py:840} INFO - DAG(s) 'feature_store_cre' retrieved from /opt/airflow/dags/feature_store.py
[2026-02-01T22:51:20.153+0000] {logging_mixin.py:188} INFO - [2026-02-01T22:51:20.152+0000] {dag.py:3096} INFO - Sync 1 DAGs
[2026-02-01T22:51:20.167+0000] {logging_mixin.py:188} INFO - [2026-02-01T22:51:20.167+0000] {dag.py:3954} INFO - Setting next_dagrun for feature_store_cre to 2026-01-31 00:00:00+00:00, run_after=2026-02-01 00:00:00+00:00
[2026-02-01T22:51:20.187+0000] {processor.py:183} INFO - Processing /opt/airflow/dags/feature_store.py took 1.839 seconds
[2026-02-01T22:51:51.780+0000] {processor.py:161} INFO - Started process (PID=42166) to work on /opt/airflow/dags/feature_store.py
[2026-02-01T22:51:51.781+0000] {processor.py:830} INFO - Processing file /opt/airflow/dags/feature_store.py for tasks to queue
[2026-02-01T22:51:51.782+0000] {logging_mixin.py:188} INFO - [2026-02-01T22:51:51.782+0000] {dagbag.py:545} INFO - Filling up the DagBag from /opt/airflow/dags/feature_store.py
[2026-02-01T22:51:53.367+0000] {logging_mixin.py:188} WARNING - /opt/airflow/dags/feature_store.py:64 RemovedInAirflow3Warning: Param `schedule_interval` is deprecated and will be removed in a future release. Please use `schedule` instead.
[2026-02-01T22:51:53.370+0000] {processor.py:840} INFO - DAG(s) 'feature_store_cre' retrieved from /opt/airflow/dags/feature_store.py
[2026-02-01T22:51:53.387+0000] {logging_mixin.py:188} INFO - [2026-02-01T22:51:53.387+0000] {dag.py:3096} INFO - Sync 1 DAGs
[2026-02-01T22:51:53.402+0000] {logging_mixin.py:188} INFO - [2026-02-01T22:51:53.402+0000] {dag.py:3954} INFO - Setting next_dagrun for feature_store_cre to 2026-01-31 00:00:00+00:00, run_after=2026-02-01 00:00:00+00:00
[2026-02-01T22:51:53.417+0000] {processor.py:183} INFO - Processing /opt/airflow/dags/feature_store.py took 1.642 seconds
[2026-02-01T22:52:25.138+0000] {processor.py:161} INFO - Started process (PID=42213) to work on /opt/airflow/dags/feature_store.py
[2026-02-01T22:52:25.139+0000] {processor.py:830} INFO - Processing file /opt/airflow/dags/feature_store.py for tasks to queue
[2026-02-01T22:52:25.140+0000] {logging_mixin.py:188} INFO - [2026-02-01T22:52:25.139+0000] {dagbag.py:545} INFO - Filling up the DagBag from /opt/airflow/dags/feature_store.py
[2026-02-01T22:52:26.656+0000] {logging_mixin.py:188} WARNING - /opt/airflow/dags/feature_store.py:64 RemovedInAirflow3Warning: Param `schedule_interval` is deprecated and will be removed in a future release. Please use `schedule` instead.
[2026-02-01T22:52:26.660+0000] {processor.py:840} INFO - DAG(s) 'feature_store_cre' retrieved from /opt/airflow/dags/feature_store.py
[2026-02-01T22:52:26.678+0000] {logging_mixin.py:188} INFO - [2026-02-01T22:52:26.678+0000] {dag.py:3096} INFO - Sync 1 DAGs
[2026-02-01T22:52:26.693+0000] {logging_mixin.py:188} INFO - [2026-02-01T22:52:26.693+0000] {dag.py:3954} INFO - Setting next_dagrun for feature_store_cre to 2026-01-31 00:00:00+00:00, run_after=2026-02-01 00:00:00+00:00
[2026-02-01T22:52:26.708+0000] {processor.py:183} INFO - Processing /opt/airflow/dags/feature_store.py took 1.574 seconds
[2026-02-01T22:52:58.374+0000] {processor.py:161} INFO - Started process (PID=42260) to work on /opt/airflow/dags/feature_store.py
[2026-02-01T22:52:58.374+0000] {processor.py:830} INFO - Processing file /opt/airflow/dags/feature_store.py for tasks to queue
[2026-02-01T22:52:58.376+0000] {logging_mixin.py:188} INFO - [2026-02-01T22:52:58.376+0000] {dagbag.py:545} INFO - Filling up the DagBag from /opt/airflow/dags/feature_store.py
[2026-02-01T22:53:00.010+0000] {logging_mixin.py:188} WARNING - /opt/airflow/dags/feature_store.py:64 RemovedInAirflow3Warning: Param `schedule_interval` is deprecated and will be removed in a future release. Please use `schedule` instead.
[2026-02-01T22:53:00.014+0000] {processor.py:840} INFO - DAG(s) 'feature_store_cre' retrieved from /opt/airflow/dags/feature_store.py
[2026-02-01T22:53:00.033+0000] {logging_mixin.py:188} INFO - [2026-02-01T22:53:00.032+0000] {dag.py:3096} INFO - Sync 1 DAGs
[2026-02-01T22:53:00.050+0000] {logging_mixin.py:188} INFO - [2026-02-01T22:53:00.049+0000] {dag.py:3954} INFO - Setting next_dagrun for feature_store_cre to 2026-01-31 00:00:00+00:00, run_after=2026-02-01 00:00:00+00:00
[2026-02-01T22:53:00.068+0000] {processor.py:183} INFO - Processing /opt/airflow/dags/feature_store.py took 1.699 seconds
[2026-02-01T22:53:31.871+0000] {processor.py:161} INFO - Started process (PID=42307) to work on /opt/airflow/dags/feature_store.py
[2026-02-01T22:53:31.873+0000] {processor.py:830} INFO - Processing file /opt/airflow/dags/feature_store.py for tasks to queue
[2026-02-01T22:53:31.874+0000] {logging_mixin.py:188} INFO - [2026-02-01T22:53:31.874+0000] {dagbag.py:545} INFO - Filling up the DagBag from /opt/airflow/dags/feature_store.py
[2026-02-01T22:53:33.559+0000] {logging_mixin.py:188} WARNING - /opt/airflow/dags/feature_store.py:64 RemovedInAirflow3Warning: Param `schedule_interval` is deprecated and will be removed in a future release. Please use `schedule` instead.
[2026-02-01T22:53:33.564+0000] {processor.py:840} INFO - DAG(s) 'feature_store_cre' retrieved from /opt/airflow/dags/feature_store.py
[2026-02-01T22:53:33.585+0000] {logging_mixin.py:188} INFO - [2026-02-01T22:53:33.584+0000] {dag.py:3096} INFO - Sync 1 DAGs
[2026-02-01T22:53:33.603+0000] {logging_mixin.py:188} INFO - [2026-02-01T22:53:33.603+0000] {dag.py:3954} INFO - Setting next_dagrun for feature_store_cre to 2026-01-31 00:00:00+00:00, run_after=2026-02-01 00:00:00+00:00
[2026-02-01T22:53:33.623+0000] {processor.py:183} INFO - Processing /opt/airflow/dags/feature_store.py took 1.756 seconds
[2026-02-01T22:54:05.559+0000] {processor.py:161} INFO - Started process (PID=42354) to work on /opt/airflow/dags/feature_store.py
[2026-02-01T22:54:05.560+0000] {processor.py:830} INFO - Processing file /opt/airflow/dags/feature_store.py for tasks to queue
[2026-02-01T22:54:05.561+0000] {logging_mixin.py:188} INFO - [2026-02-01T22:54:05.561+0000] {dagbag.py:545} INFO - Filling up the DagBag from /opt/airflow/dags/feature_store.py
[2026-02-01T22:54:07.376+0000] {logging_mixin.py:188} WARNING - /opt/airflow/dags/feature_store.py:64 RemovedInAirflow3Warning: Param `schedule_interval` is deprecated and will be removed in a future release. Please use `schedule` instead.
[2026-02-01T22:54:07.381+0000] {processor.py:840} INFO - DAG(s) 'feature_store_cre' retrieved from /opt/airflow/dags/feature_store.py
[2026-02-01T22:54:07.404+0000] {logging_mixin.py:188} INFO - [2026-02-01T22:54:07.404+0000] {dag.py:3096} INFO - Sync 1 DAGs
[2026-02-01T22:54:07.422+0000] {logging_mixin.py:188} INFO - [2026-02-01T22:54:07.422+0000] {dag.py:3954} INFO - Setting next_dagrun for feature_store_cre to 2026-01-31 00:00:00+00:00, run_after=2026-02-01 00:00:00+00:00
[2026-02-01T22:54:07.440+0000] {processor.py:183} INFO - Processing /opt/airflow/dags/feature_store.py took 1.887 seconds
[2026-02-01T22:54:38.347+0000] {processor.py:161} INFO - Started process (PID=42401) to work on /opt/airflow/dags/feature_store.py
[2026-02-01T22:54:38.348+0000] {processor.py:830} INFO - Processing file /opt/airflow/dags/feature_store.py for tasks to queue
[2026-02-01T22:54:38.349+0000] {logging_mixin.py:188} INFO - [2026-02-01T22:54:38.349+0000] {dagbag.py:545} INFO - Filling up the DagBag from /opt/airflow/dags/feature_store.py
[2026-02-01T22:54:40.283+0000] {logging_mixin.py:188} WARNING - /opt/airflow/dags/feature_store.py:64 RemovedInAirflow3Warning: Param `schedule_interval` is deprecated and will be removed in a future release. Please use `schedule` instead.
[2026-02-01T22:54:40.289+0000] {processor.py:840} INFO - DAG(s) 'feature_store_cre' retrieved from /opt/airflow/dags/feature_store.py
[2026-02-01T22:54:40.312+0000] {logging_mixin.py:188} INFO - [2026-02-01T22:54:40.311+0000] {dag.py:3096} INFO - Sync 1 DAGs
[2026-02-01T22:54:40.334+0000] {logging_mixin.py:188} INFO - [2026-02-01T22:54:40.334+0000] {dag.py:3954} INFO - Setting next_dagrun for feature_store_cre to 2026-01-31 00:00:00+00:00, run_after=2026-02-01 00:00:00+00:00
[2026-02-01T22:54:40.362+0000] {processor.py:183} INFO - Processing /opt/airflow/dags/feature_store.py took 2.019 seconds
[2026-02-01T22:55:11.850+0000] {processor.py:161} INFO - Started process (PID=42449) to work on /opt/airflow/dags/feature_store.py
[2026-02-01T22:55:11.851+0000] {processor.py:830} INFO - Processing file /opt/airflow/dags/feature_store.py for tasks to queue
[2026-02-01T22:55:11.852+0000] {logging_mixin.py:188} INFO - [2026-02-01T22:55:11.852+0000] {dagbag.py:545} INFO - Filling up the DagBag from /opt/airflow/dags/feature_store.py
[2026-02-01T22:55:13.207+0000] {logging_mixin.py:188} WARNING - /opt/airflow/dags/feature_store.py:64 RemovedInAirflow3Warning: Param `schedule_interval` is deprecated and will be removed in a future release. Please use `schedule` instead.
[2026-02-01T22:55:13.211+0000] {processor.py:840} INFO - DAG(s) 'feature_store_cre' retrieved from /opt/airflow/dags/feature_store.py
[2026-02-01T22:55:13.227+0000] {logging_mixin.py:188} INFO - [2026-02-01T22:55:13.227+0000] {dag.py:3096} INFO - Sync 1 DAGs
[2026-02-01T22:55:13.241+0000] {logging_mixin.py:188} INFO - [2026-02-01T22:55:13.241+0000] {dag.py:3954} INFO - Setting next_dagrun for feature_store_cre to 2026-01-31 00:00:00+00:00, run_after=2026-02-01 00:00:00+00:00
[2026-02-01T22:55:13.259+0000] {processor.py:183} INFO - Processing /opt/airflow/dags/feature_store.py took 1.413 seconds
[2026-02-01T22:55:45.146+0000] {processor.py:161} INFO - Started process (PID=42496) to work on /opt/airflow/dags/feature_store.py
[2026-02-01T22:55:45.147+0000] {processor.py:830} INFO - Processing file /opt/airflow/dags/feature_store.py for tasks to queue
[2026-02-01T22:55:45.148+0000] {logging_mixin.py:188} INFO - [2026-02-01T22:55:45.148+0000] {dagbag.py:545} INFO - Filling up the DagBag from /opt/airflow/dags/feature_store.py
[2026-02-01T22:55:46.541+0000] {logging_mixin.py:188} WARNING - /opt/airflow/dags/feature_store.py:64 RemovedInAirflow3Warning: Param `schedule_interval` is deprecated and will be removed in a future release. Please use `schedule` instead.
[2026-02-01T22:55:46.545+0000] {processor.py:840} INFO - DAG(s) 'feature_store_cre' retrieved from /opt/airflow/dags/feature_store.py
[2026-02-01T22:55:46.564+0000] {logging_mixin.py:188} INFO - [2026-02-01T22:55:46.563+0000] {dag.py:3096} INFO - Sync 1 DAGs
[2026-02-01T22:55:46.578+0000] {logging_mixin.py:188} INFO - [2026-02-01T22:55:46.578+0000] {dag.py:3954} INFO - Setting next_dagrun for feature_store_cre to 2026-01-31 00:00:00+00:00, run_after=2026-02-01 00:00:00+00:00
[2026-02-01T22:55:46.598+0000] {processor.py:183} INFO - Processing /opt/airflow/dags/feature_store.py took 1.456 seconds
[2026-02-01T22:56:18.454+0000] {processor.py:161} INFO - Started process (PID=42542) to work on /opt/airflow/dags/feature_store.py
[2026-02-01T22:56:18.454+0000] {processor.py:830} INFO - Processing file /opt/airflow/dags/feature_store.py for tasks to queue
[2026-02-01T22:56:18.455+0000] {logging_mixin.py:188} INFO - [2026-02-01T22:56:18.455+0000] {dagbag.py:545} INFO - Filling up the DagBag from /opt/airflow/dags/feature_store.py
[2026-02-01T22:56:19.957+0000] {logging_mixin.py:188} WARNING - /opt/airflow/dags/feature_store.py:64 RemovedInAirflow3Warning: Param `schedule_interval` is deprecated and will be removed in a future release. Please use `schedule` instead.
[2026-02-01T22:56:19.961+0000] {processor.py:840} INFO - DAG(s) 'feature_store_cre' retrieved from /opt/airflow/dags/feature_store.py
[2026-02-01T22:56:19.977+0000] {logging_mixin.py:188} INFO - [2026-02-01T22:56:19.976+0000] {dag.py:3096} INFO - Sync 1 DAGs
[2026-02-01T22:56:19.991+0000] {logging_mixin.py:188} INFO - [2026-02-01T22:56:19.990+0000] {dag.py:3954} INFO - Setting next_dagrun for feature_store_cre to 2026-01-31 00:00:00+00:00, run_after=2026-02-01 00:00:00+00:00
[2026-02-01T22:56:20.006+0000] {processor.py:183} INFO - Processing /opt/airflow/dags/feature_store.py took 1.557 seconds
[2026-02-01T22:56:51.876+0000] {processor.py:161} INFO - Started process (PID=42590) to work on /opt/airflow/dags/feature_store.py
[2026-02-01T22:56:51.877+0000] {processor.py:830} INFO - Processing file /opt/airflow/dags/feature_store.py for tasks to queue
[2026-02-01T22:56:51.878+0000] {logging_mixin.py:188} INFO - [2026-02-01T22:56:51.878+0000] {dagbag.py:545} INFO - Filling up the DagBag from /opt/airflow/dags/feature_store.py
[2026-02-01T22:56:53.470+0000] {logging_mixin.py:188} WARNING - /opt/airflow/dags/feature_store.py:64 RemovedInAirflow3Warning: Param `schedule_interval` is deprecated and will be removed in a future release. Please use `schedule` instead.
[2026-02-01T22:56:53.475+0000] {processor.py:840} INFO - DAG(s) 'feature_store_cre' retrieved from /opt/airflow/dags/feature_store.py
[2026-02-01T22:56:53.498+0000] {logging_mixin.py:188} INFO - [2026-02-01T22:56:53.498+0000] {dag.py:3096} INFO - Sync 1 DAGs
[2026-02-01T22:56:53.515+0000] {logging_mixin.py:188} INFO - [2026-02-01T22:56:53.514+0000] {dag.py:3954} INFO - Setting next_dagrun for feature_store_cre to 2026-01-31 00:00:00+00:00, run_after=2026-02-01 00:00:00+00:00
[2026-02-01T22:56:53.535+0000] {processor.py:183} INFO - Processing /opt/airflow/dags/feature_store.py took 1.663 seconds
[2026-02-01T22:57:25.431+0000] {processor.py:161} INFO - Started process (PID=42637) to work on /opt/airflow/dags/feature_store.py
[2026-02-01T22:57:25.432+0000] {processor.py:830} INFO - Processing file /opt/airflow/dags/feature_store.py for tasks to queue
[2026-02-01T22:57:25.433+0000] {logging_mixin.py:188} INFO - [2026-02-01T22:57:25.433+0000] {dagbag.py:545} INFO - Filling up the DagBag from /opt/airflow/dags/feature_store.py
[2026-02-01T22:57:26.715+0000] {logging_mixin.py:188} WARNING - /opt/airflow/dags/feature_store.py:64 RemovedInAirflow3Warning: Param `schedule_interval` is deprecated and will be removed in a future release. Please use `schedule` instead.
[2026-02-01T22:57:26.718+0000] {processor.py:840} INFO - DAG(s) 'feature_store_cre' retrieved from /opt/airflow/dags/feature_store.py
[2026-02-01T22:57:26.736+0000] {logging_mixin.py:188} INFO - [2026-02-01T22:57:26.735+0000] {dag.py:3096} INFO - Sync 1 DAGs
[2026-02-01T22:57:26.750+0000] {logging_mixin.py:188} INFO - [2026-02-01T22:57:26.750+0000] {dag.py:3954} INFO - Setting next_dagrun for feature_store_cre to 2026-01-31 00:00:00+00:00, run_after=2026-02-01 00:00:00+00:00
[2026-02-01T22:57:26.766+0000] {processor.py:183} INFO - Processing /opt/airflow/dags/feature_store.py took 1.339 seconds
[2026-02-01T22:57:58.642+0000] {processor.py:161} INFO - Started process (PID=42683) to work on /opt/airflow/dags/feature_store.py
[2026-02-01T22:57:58.643+0000] {processor.py:830} INFO - Processing file /opt/airflow/dags/feature_store.py for tasks to queue
[2026-02-01T22:57:58.644+0000] {logging_mixin.py:188} INFO - [2026-02-01T22:57:58.644+0000] {dagbag.py:545} INFO - Filling up the DagBag from /opt/airflow/dags/feature_store.py
[2026-02-01T22:58:00.047+0000] {logging_mixin.py:188} WARNING - /opt/airflow/dags/feature_store.py:64 RemovedInAirflow3Warning: Param `schedule_interval` is deprecated and will be removed in a future release. Please use `schedule` instead.
[2026-02-01T22:58:00.050+0000] {processor.py:840} INFO - DAG(s) 'feature_store_cre' retrieved from /opt/airflow/dags/feature_store.py
[2026-02-01T22:58:00.066+0000] {logging_mixin.py:188} INFO - [2026-02-01T22:58:00.066+0000] {dag.py:3096} INFO - Sync 1 DAGs
[2026-02-01T22:58:00.079+0000] {logging_mixin.py:188} INFO - [2026-02-01T22:58:00.079+0000] {dag.py:3954} INFO - Setting next_dagrun for feature_store_cre to 2026-01-31 00:00:00+00:00, run_after=2026-02-01 00:00:00+00:00
[2026-02-01T22:58:00.098+0000] {processor.py:183} INFO - Processing /opt/airflow/dags/feature_store.py took 1.460 seconds
[2026-02-01T22:58:31.930+0000] {processor.py:161} INFO - Started process (PID=42731) to work on /opt/airflow/dags/feature_store.py
[2026-02-01T22:58:31.931+0000] {processor.py:830} INFO - Processing file /opt/airflow/dags/feature_store.py for tasks to queue
[2026-02-01T22:58:31.932+0000] {logging_mixin.py:188} INFO - [2026-02-01T22:58:31.932+0000] {dagbag.py:545} INFO - Filling up the DagBag from /opt/airflow/dags/feature_store.py
[2026-02-01T22:58:33.255+0000] {logging_mixin.py:188} WARNING - /opt/airflow/dags/feature_store.py:64 RemovedInAirflow3Warning: Param `schedule_interval` is deprecated and will be removed in a future release. Please use `schedule` instead.
[2026-02-01T22:58:33.259+0000] {processor.py:840} INFO - DAG(s) 'feature_store_cre' retrieved from /opt/airflow/dags/feature_store.py
[2026-02-01T22:58:33.275+0000] {logging_mixin.py:188} INFO - [2026-02-01T22:58:33.275+0000] {dag.py:3096} INFO - Sync 1 DAGs
[2026-02-01T22:58:33.290+0000] {logging_mixin.py:188} INFO - [2026-02-01T22:58:33.289+0000] {dag.py:3954} INFO - Setting next_dagrun for feature_store_cre to 2026-01-31 00:00:00+00:00, run_after=2026-02-01 00:00:00+00:00
[2026-02-01T22:58:33.306+0000] {processor.py:183} INFO - Processing /opt/airflow/dags/feature_store.py took 1.379 seconds
[2026-02-01T22:59:05.150+0000] {processor.py:161} INFO - Started process (PID=42778) to work on /opt/airflow/dags/feature_store.py
[2026-02-01T22:59:05.152+0000] {processor.py:830} INFO - Processing file /opt/airflow/dags/feature_store.py for tasks to queue
[2026-02-01T22:59:05.154+0000] {logging_mixin.py:188} INFO - [2026-02-01T22:59:05.154+0000] {dagbag.py:545} INFO - Filling up the DagBag from /opt/airflow/dags/feature_store.py
[2026-02-01T22:59:06.440+0000] {logging_mixin.py:188} WARNING - /opt/airflow/dags/feature_store.py:64 RemovedInAirflow3Warning: Param `schedule_interval` is deprecated and will be removed in a future release. Please use `schedule` instead.
[2026-02-01T22:59:06.443+0000] {processor.py:840} INFO - DAG(s) 'feature_store_cre' retrieved from /opt/airflow/dags/feature_store.py
[2026-02-01T22:59:06.459+0000] {logging_mixin.py:188} INFO - [2026-02-01T22:59:06.459+0000] {dag.py:3096} INFO - Sync 1 DAGs
[2026-02-01T22:59:06.473+0000] {logging_mixin.py:188} INFO - [2026-02-01T22:59:06.473+0000] {dag.py:3954} INFO - Setting next_dagrun for feature_store_cre to 2026-01-31 00:00:00+00:00, run_after=2026-02-01 00:00:00+00:00
[2026-02-01T22:59:06.490+0000] {processor.py:183} INFO - Processing /opt/airflow/dags/feature_store.py took 1.344 seconds
[2026-02-01T22:59:38.724+0000] {processor.py:161} INFO - Started process (PID=42825) to work on /opt/airflow/dags/feature_store.py
[2026-02-01T22:59:38.724+0000] {processor.py:830} INFO - Processing file /opt/airflow/dags/feature_store.py for tasks to queue
[2026-02-01T22:59:38.725+0000] {logging_mixin.py:188} INFO - [2026-02-01T22:59:38.725+0000] {dagbag.py:545} INFO - Filling up the DagBag from /opt/airflow/dags/feature_store.py
[2026-02-01T22:59:40.154+0000] {logging_mixin.py:188} WARNING - /opt/airflow/dags/feature_store.py:64 RemovedInAirflow3Warning: Param `schedule_interval` is deprecated and will be removed in a future release. Please use `schedule` instead.
[2026-02-01T22:59:40.157+0000] {processor.py:840} INFO - DAG(s) 'feature_store_cre' retrieved from /opt/airflow/dags/feature_store.py
[2026-02-01T22:59:40.174+0000] {logging_mixin.py:188} INFO - [2026-02-01T22:59:40.173+0000] {dag.py:3096} INFO - Sync 1 DAGs
[2026-02-01T22:59:40.186+0000] {logging_mixin.py:188} INFO - [2026-02-01T22:59:40.186+0000] {dag.py:3954} INFO - Setting next_dagrun for feature_store_cre to 2026-01-31 00:00:00+00:00, run_after=2026-02-01 00:00:00+00:00
[2026-02-01T22:59:40.201+0000] {processor.py:183} INFO - Processing /opt/airflow/dags/feature_store.py took 1.481 seconds
[2026-02-01T23:00:12.089+0000] {processor.py:161} INFO - Started process (PID=42872) to work on /opt/airflow/dags/feature_store.py
[2026-02-01T23:00:12.090+0000] {processor.py:830} INFO - Processing file /opt/airflow/dags/feature_store.py for tasks to queue
[2026-02-01T23:00:12.092+0000] {logging_mixin.py:188} INFO - [2026-02-01T23:00:12.091+0000] {dagbag.py:545} INFO - Filling up the DagBag from /opt/airflow/dags/feature_store.py
[2026-02-01T23:00:13.414+0000] {logging_mixin.py:188} WARNING - /opt/airflow/dags/feature_store.py:64 RemovedInAirflow3Warning: Param `schedule_interval` is deprecated and will be removed in a future release. Please use `schedule` instead.
[2026-02-01T23:00:13.419+0000] {processor.py:840} INFO - DAG(s) 'feature_store_cre' retrieved from /opt/airflow/dags/feature_store.py
[2026-02-01T23:00:13.434+0000] {logging_mixin.py:188} INFO - [2026-02-01T23:00:13.434+0000] {dag.py:3096} INFO - Sync 1 DAGs
[2026-02-01T23:00:13.448+0000] {logging_mixin.py:188} INFO - [2026-02-01T23:00:13.448+0000] {dag.py:3954} INFO - Setting next_dagrun for feature_store_cre to 2026-01-31 00:00:00+00:00, run_after=2026-02-01 00:00:00+00:00
[2026-02-01T23:00:13.465+0000] {processor.py:183} INFO - Processing /opt/airflow/dags/feature_store.py took 1.380 seconds
[2026-02-01T23:00:45.319+0000] {processor.py:161} INFO - Started process (PID=42919) to work on /opt/airflow/dags/feature_store.py
[2026-02-01T23:00:45.319+0000] {processor.py:830} INFO - Processing file /opt/airflow/dags/feature_store.py for tasks to queue
[2026-02-01T23:00:45.321+0000] {logging_mixin.py:188} INFO - [2026-02-01T23:00:45.320+0000] {dagbag.py:545} INFO - Filling up the DagBag from /opt/airflow/dags/feature_store.py
[2026-02-01T23:00:46.709+0000] {logging_mixin.py:188} WARNING - /opt/airflow/dags/feature_store.py:64 RemovedInAirflow3Warning: Param `schedule_interval` is deprecated and will be removed in a future release. Please use `schedule` instead.
[2026-02-01T23:00:46.712+0000] {processor.py:840} INFO - DAG(s) 'feature_store_cre' retrieved from /opt/airflow/dags/feature_store.py
[2026-02-01T23:00:46.731+0000] {logging_mixin.py:188} INFO - [2026-02-01T23:00:46.730+0000] {dag.py:3096} INFO - Sync 1 DAGs
[2026-02-01T23:00:46.746+0000] {logging_mixin.py:188} INFO - [2026-02-01T23:00:46.745+0000] {dag.py:3954} INFO - Setting next_dagrun for feature_store_cre to 2026-01-31 00:00:00+00:00, run_after=2026-02-01 00:00:00+00:00
[2026-02-01T23:00:46.763+0000] {processor.py:183} INFO - Processing /opt/airflow/dags/feature_store.py took 1.449 seconds
[2026-02-01T23:01:16.802+0000] {processor.py:161} INFO - Started process (PID=42963) to work on /opt/airflow/dags/feature_store.py
[2026-02-01T23:01:16.804+0000] {processor.py:830} INFO - Processing file /opt/airflow/dags/feature_store.py for tasks to queue
[2026-02-01T23:01:16.806+0000] {logging_mixin.py:188} INFO - [2026-02-01T23:01:16.805+0000] {dagbag.py:545} INFO - Filling up the DagBag from /opt/airflow/dags/feature_store.py
[2026-02-01T23:01:18.060+0000] {logging_mixin.py:188} WARNING - /opt/airflow/dags/feature_store.py:64 RemovedInAirflow3Warning: Param `schedule_interval` is deprecated and will be removed in a future release. Please use `schedule` instead.
[2026-02-01T23:01:18.063+0000] {processor.py:840} INFO - DAG(s) 'feature_store_cre' retrieved from /opt/airflow/dags/feature_store.py
[2026-02-01T23:01:18.080+0000] {logging_mixin.py:188} INFO - [2026-02-01T23:01:18.079+0000] {dag.py:3096} INFO - Sync 1 DAGs
[2026-02-01T23:01:18.091+0000] {logging_mixin.py:188} INFO - [2026-02-01T23:01:18.091+0000] {dag.py:3954} INFO - Setting next_dagrun for feature_store_cre to 2026-01-31 00:00:00+00:00, run_after=2026-02-01 00:00:00+00:00
[2026-02-01T23:01:18.109+0000] {processor.py:183} INFO - Processing /opt/airflow/dags/feature_store.py took 1.311 seconds
[2026-02-01T23:01:51.928+0000] {processor.py:161} INFO - Started process (PID=43013) to work on /opt/airflow/dags/feature_store.py
[2026-02-01T23:01:51.929+0000] {processor.py:830} INFO - Processing file /opt/airflow/dags/feature_store.py for tasks to queue
[2026-02-01T23:01:51.930+0000] {logging_mixin.py:188} INFO - [2026-02-01T23:01:51.930+0000] {dagbag.py:545} INFO - Filling up the DagBag from /opt/airflow/dags/feature_store.py
[2026-02-01T23:01:53.473+0000] {logging_mixin.py:188} WARNING - /opt/airflow/dags/feature_store.py:64 RemovedInAirflow3Warning: Param `schedule_interval` is deprecated and will be removed in a future release. Please use `schedule` instead.
[2026-02-01T23:01:53.477+0000] {processor.py:840} INFO - DAG(s) 'feature_store_cre' retrieved from /opt/airflow/dags/feature_store.py
[2026-02-01T23:01:53.497+0000] {logging_mixin.py:188} INFO - [2026-02-01T23:01:53.496+0000] {dag.py:3096} INFO - Sync 1 DAGs
[2026-02-01T23:01:53.513+0000] {logging_mixin.py:188} INFO - [2026-02-01T23:01:53.513+0000] {dag.py:3954} INFO - Setting next_dagrun for feature_store_cre to 2026-01-31 00:00:00+00:00, run_after=2026-02-01 00:00:00+00:00
[2026-02-01T23:01:53.532+0000] {processor.py:183} INFO - Processing /opt/airflow/dags/feature_store.py took 1.609 seconds
[2026-02-01T23:02:23.793+0000] {processor.py:161} INFO - Started process (PID=43057) to work on /opt/airflow/dags/feature_store.py
[2026-02-01T23:02:23.795+0000] {processor.py:830} INFO - Processing file /opt/airflow/dags/feature_store.py for tasks to queue
[2026-02-01T23:02:23.797+0000] {logging_mixin.py:188} INFO - [2026-02-01T23:02:23.796+0000] {dagbag.py:545} INFO - Filling up the DagBag from /opt/airflow/dags/feature_store.py
[2026-02-01T23:02:25.186+0000] {logging_mixin.py:188} WARNING - /opt/airflow/dags/feature_store.py:64 RemovedInAirflow3Warning: Param `schedule_interval` is deprecated and will be removed in a future release. Please use `schedule` instead.
[2026-02-01T23:02:25.190+0000] {processor.py:840} INFO - DAG(s) 'feature_store_cre' retrieved from /opt/airflow/dags/feature_store.py
[2026-02-01T23:02:25.211+0000] {logging_mixin.py:188} INFO - [2026-02-01T23:02:25.211+0000] {dag.py:3096} INFO - Sync 1 DAGs
[2026-02-01T23:02:25.228+0000] {logging_mixin.py:188} INFO - [2026-02-01T23:02:25.228+0000] {dag.py:3954} INFO - Setting next_dagrun for feature_store_cre to 2026-01-31 00:00:00+00:00, run_after=2026-02-01 00:00:00+00:00
[2026-02-01T23:02:25.248+0000] {processor.py:183} INFO - Processing /opt/airflow/dags/feature_store.py took 1.461 seconds
[2026-02-01T23:02:55.465+0000] {processor.py:161} INFO - Started process (PID=43104) to work on /opt/airflow/dags/feature_store.py
[2026-02-01T23:02:55.465+0000] {processor.py:830} INFO - Processing file /opt/airflow/dags/feature_store.py for tasks to queue
[2026-02-01T23:02:55.467+0000] {logging_mixin.py:188} INFO - [2026-02-01T23:02:55.466+0000] {dagbag.py:545} INFO - Filling up the DagBag from /opt/airflow/dags/feature_store.py
[2026-02-01T23:02:56.657+0000] {logging_mixin.py:188} WARNING - /opt/airflow/dags/feature_store.py:64 RemovedInAirflow3Warning: Param `schedule_interval` is deprecated and will be removed in a future release. Please use `schedule` instead.
[2026-02-01T23:02:56.660+0000] {processor.py:840} INFO - DAG(s) 'feature_store_cre' retrieved from /opt/airflow/dags/feature_store.py
[2026-02-01T23:02:56.675+0000] {logging_mixin.py:188} INFO - [2026-02-01T23:02:56.675+0000] {dag.py:3096} INFO - Sync 1 DAGs
[2026-02-01T23:02:56.686+0000] {logging_mixin.py:188} INFO - [2026-02-01T23:02:56.686+0000] {dag.py:3954} INFO - Setting next_dagrun for feature_store_cre to 2026-01-31 00:00:00+00:00, run_after=2026-02-01 00:00:00+00:00
[2026-02-01T23:02:56.699+0000] {processor.py:183} INFO - Processing /opt/airflow/dags/feature_store.py took 1.238 seconds
[2026-02-01T23:03:26.749+0000] {processor.py:161} INFO - Started process (PID=43157) to work on /opt/airflow/dags/feature_store.py
[2026-02-01T23:03:26.751+0000] {processor.py:830} INFO - Processing file /opt/airflow/dags/feature_store.py for tasks to queue
[2026-02-01T23:03:26.752+0000] {logging_mixin.py:188} INFO - [2026-02-01T23:03:26.752+0000] {dagbag.py:545} INFO - Filling up the DagBag from /opt/airflow/dags/feature_store.py
[2026-02-01T23:03:27.956+0000] {logging_mixin.py:188} WARNING - /opt/airflow/dags/feature_store.py:64 RemovedInAirflow3Warning: Param `schedule_interval` is deprecated and will be removed in a future release. Please use `schedule` instead.
[2026-02-01T23:03:27.959+0000] {processor.py:840} INFO - DAG(s) 'feature_store_cre' retrieved from /opt/airflow/dags/feature_store.py
[2026-02-01T23:03:27.973+0000] {logging_mixin.py:188} INFO - [2026-02-01T23:03:27.973+0000] {dag.py:3096} INFO - Sync 1 DAGs
[2026-02-01T23:03:27.984+0000] {logging_mixin.py:188} INFO - [2026-02-01T23:03:27.984+0000] {dag.py:3954} INFO - Setting next_dagrun for feature_store_cre to 2026-01-31 00:00:00+00:00, run_after=2026-02-01 00:00:00+00:00
[2026-02-01T23:03:27.997+0000] {processor.py:183} INFO - Processing /opt/airflow/dags/feature_store.py took 1.252 seconds
[2026-02-01T23:03:59.510+0000] {processor.py:161} INFO - Started process (PID=43198) to work on /opt/airflow/dags/feature_store.py
[2026-02-01T23:03:59.510+0000] {processor.py:830} INFO - Processing file /opt/airflow/dags/feature_store.py for tasks to queue
[2026-02-01T23:03:59.512+0000] {logging_mixin.py:188} INFO - [2026-02-01T23:03:59.511+0000] {dagbag.py:545} INFO - Filling up the DagBag from /opt/airflow/dags/feature_store.py
[2026-02-01T23:04:00.832+0000] {logging_mixin.py:188} WARNING - /opt/airflow/dags/feature_store.py:64 RemovedInAirflow3Warning: Param `schedule_interval` is deprecated and will be removed in a future release. Please use `schedule` instead.
[2026-02-01T23:04:00.835+0000] {processor.py:840} INFO - DAG(s) 'feature_store_cre' retrieved from /opt/airflow/dags/feature_store.py
[2026-02-01T23:04:00.850+0000] {logging_mixin.py:188} INFO - [2026-02-01T23:04:00.850+0000] {dag.py:3096} INFO - Sync 1 DAGs
[2026-02-01T23:04:00.863+0000] {logging_mixin.py:188} INFO - [2026-02-01T23:04:00.863+0000] {dag.py:3954} INFO - Setting next_dagrun for feature_store_cre to 2026-01-31 00:00:00+00:00, run_after=2026-02-01 00:00:00+00:00
[2026-02-01T23:04:00.878+0000] {processor.py:183} INFO - Processing /opt/airflow/dags/feature_store.py took 1.373 seconds
[2026-02-01T23:04:32.236+0000] {processor.py:161} INFO - Started process (PID=43245) to work on /opt/airflow/dags/feature_store.py
[2026-02-01T23:04:32.237+0000] {processor.py:830} INFO - Processing file /opt/airflow/dags/feature_store.py for tasks to queue
[2026-02-01T23:04:32.238+0000] {logging_mixin.py:188} INFO - [2026-02-01T23:04:32.238+0000] {dagbag.py:545} INFO - Filling up the DagBag from /opt/airflow/dags/feature_store.py
[2026-02-01T23:04:33.549+0000] {logging_mixin.py:188} WARNING - /opt/airflow/dags/feature_store.py:64 RemovedInAirflow3Warning: Param `schedule_interval` is deprecated and will be removed in a future release. Please use `schedule` instead.
[2026-02-01T23:04:33.553+0000] {processor.py:840} INFO - DAG(s) 'feature_store_cre' retrieved from /opt/airflow/dags/feature_store.py
[2026-02-01T23:04:33.568+0000] {logging_mixin.py:188} INFO - [2026-02-01T23:04:33.568+0000] {dag.py:3096} INFO - Sync 1 DAGs
[2026-02-01T23:04:33.581+0000] {logging_mixin.py:188} INFO - [2026-02-01T23:04:33.581+0000] {dag.py:3954} INFO - Setting next_dagrun for feature_store_cre to 2026-01-31 00:00:00+00:00, run_after=2026-02-01 00:00:00+00:00
[2026-02-01T23:04:33.595+0000] {processor.py:183} INFO - Processing /opt/airflow/dags/feature_store.py took 1.363 seconds
[2026-02-01T23:05:05.638+0000] {processor.py:161} INFO - Started process (PID=43295) to work on /opt/airflow/dags/feature_store.py
[2026-02-01T23:05:05.638+0000] {processor.py:830} INFO - Processing file /opt/airflow/dags/feature_store.py for tasks to queue
[2026-02-01T23:05:05.639+0000] {logging_mixin.py:188} INFO - [2026-02-01T23:05:05.639+0000] {dagbag.py:545} INFO - Filling up the DagBag from /opt/airflow/dags/feature_store.py
[2026-02-01T23:05:07.133+0000] {logging_mixin.py:188} WARNING - /opt/airflow/dags/feature_store.py:64 RemovedInAirflow3Warning: Param `schedule_interval` is deprecated and will be removed in a future release. Please use `schedule` instead.
[2026-02-01T23:05:07.137+0000] {processor.py:840} INFO - DAG(s) 'feature_store_cre' retrieved from /opt/airflow/dags/feature_store.py
[2026-02-01T23:05:07.152+0000] {logging_mixin.py:188} INFO - [2026-02-01T23:05:07.152+0000] {dag.py:3096} INFO - Sync 1 DAGs
[2026-02-01T23:05:07.167+0000] {logging_mixin.py:188} INFO - [2026-02-01T23:05:07.167+0000] {dag.py:3954} INFO - Setting next_dagrun for feature_store_cre to 2026-01-31 00:00:00+00:00, run_after=2026-02-01 00:00:00+00:00
[2026-02-01T23:05:07.184+0000] {processor.py:183} INFO - Processing /opt/airflow/dags/feature_store.py took 1.550 seconds
[2026-02-01T23:05:39.035+0000] {processor.py:161} INFO - Started process (PID=43342) to work on /opt/airflow/dags/feature_store.py
[2026-02-01T23:05:39.036+0000] {processor.py:830} INFO - Processing file /opt/airflow/dags/feature_store.py for tasks to queue
[2026-02-01T23:05:39.038+0000] {logging_mixin.py:188} INFO - [2026-02-01T23:05:39.038+0000] {dagbag.py:545} INFO - Filling up the DagBag from /opt/airflow/dags/feature_store.py
[2026-02-01T23:05:40.552+0000] {logging_mixin.py:188} WARNING - /opt/airflow/dags/feature_store.py:64 RemovedInAirflow3Warning: Param `schedule_interval` is deprecated and will be removed in a future release. Please use `schedule` instead.
[2026-02-01T23:05:40.555+0000] {processor.py:840} INFO - DAG(s) 'feature_store_cre' retrieved from /opt/airflow/dags/feature_store.py
[2026-02-01T23:05:40.581+0000] {logging_mixin.py:188} INFO - [2026-02-01T23:05:40.580+0000] {dag.py:3096} INFO - Sync 1 DAGs
[2026-02-01T23:05:40.599+0000] {logging_mixin.py:188} INFO - [2026-02-01T23:05:40.599+0000] {dag.py:3954} INFO - Setting next_dagrun for feature_store_cre to 2026-01-31 00:00:00+00:00, run_after=2026-02-01 00:00:00+00:00
[2026-02-01T23:05:40.620+0000] {processor.py:183} INFO - Processing /opt/airflow/dags/feature_store.py took 1.589 seconds
[2026-02-01T23:06:11.980+0000] {processor.py:161} INFO - Started process (PID=43389) to work on /opt/airflow/dags/feature_store.py
[2026-02-01T23:06:11.980+0000] {processor.py:830} INFO - Processing file /opt/airflow/dags/feature_store.py for tasks to queue
[2026-02-01T23:06:11.981+0000] {logging_mixin.py:188} INFO - [2026-02-01T23:06:11.981+0000] {dagbag.py:545} INFO - Filling up the DagBag from /opt/airflow/dags/feature_store.py
[2026-02-01T23:06:13.274+0000] {logging_mixin.py:188} WARNING - /opt/airflow/dags/feature_store.py:64 RemovedInAirflow3Warning: Param `schedule_interval` is deprecated and will be removed in a future release. Please use `schedule` instead.
[2026-02-01T23:06:13.277+0000] {processor.py:840} INFO - DAG(s) 'feature_store_cre' retrieved from /opt/airflow/dags/feature_store.py
[2026-02-01T23:06:13.296+0000] {logging_mixin.py:188} INFO - [2026-02-01T23:06:13.295+0000] {dag.py:3096} INFO - Sync 1 DAGs
[2026-02-01T23:06:13.310+0000] {logging_mixin.py:188} INFO - [2026-02-01T23:06:13.309+0000] {dag.py:3954} INFO - Setting next_dagrun for feature_store_cre to 2026-01-31 00:00:00+00:00, run_after=2026-02-01 00:00:00+00:00
[2026-02-01T23:06:13.325+0000] {processor.py:183} INFO - Processing /opt/airflow/dags/feature_store.py took 1.349 seconds
[2026-02-01T23:06:45.606+0000] {processor.py:161} INFO - Started process (PID=43436) to work on /opt/airflow/dags/feature_store.py
[2026-02-01T23:06:45.607+0000] {processor.py:830} INFO - Processing file /opt/airflow/dags/feature_store.py for tasks to queue
[2026-02-01T23:06:45.608+0000] {logging_mixin.py:188} INFO - [2026-02-01T23:06:45.608+0000] {dagbag.py:545} INFO - Filling up the DagBag from /opt/airflow/dags/feature_store.py
[2026-02-01T23:06:46.899+0000] {logging_mixin.py:188} WARNING - /opt/airflow/dags/feature_store.py:64 RemovedInAirflow3Warning: Param `schedule_interval` is deprecated and will be removed in a future release. Please use `schedule` instead.
[2026-02-01T23:06:46.903+0000] {processor.py:840} INFO - DAG(s) 'feature_store_cre' retrieved from /opt/airflow/dags/feature_store.py
[2026-02-01T23:06:46.920+0000] {logging_mixin.py:188} INFO - [2026-02-01T23:06:46.920+0000] {dag.py:3096} INFO - Sync 1 DAGs
[2026-02-01T23:06:46.933+0000] {logging_mixin.py:188} INFO - [2026-02-01T23:06:46.933+0000] {dag.py:3954} INFO - Setting next_dagrun for feature_store_cre to 2026-01-31 00:00:00+00:00, run_after=2026-02-01 00:00:00+00:00
[2026-02-01T23:06:46.949+0000] {processor.py:183} INFO - Processing /opt/airflow/dags/feature_store.py took 1.347 seconds
[2026-02-01T23:07:18.796+0000] {processor.py:161} INFO - Started process (PID=43483) to work on /opt/airflow/dags/feature_store.py
[2026-02-01T23:07:18.797+0000] {processor.py:830} INFO - Processing file /opt/airflow/dags/feature_store.py for tasks to queue
[2026-02-01T23:07:18.799+0000] {logging_mixin.py:188} INFO - [2026-02-01T23:07:18.798+0000] {dagbag.py:545} INFO - Filling up the DagBag from /opt/airflow/dags/feature_store.py
[2026-02-01T23:07:20.412+0000] {logging_mixin.py:188} WARNING - /opt/airflow/dags/feature_store.py:64 RemovedInAirflow3Warning: Param `schedule_interval` is deprecated and will be removed in a future release. Please use `schedule` instead.
[2026-02-01T23:07:20.415+0000] {processor.py:840} INFO - DAG(s) 'feature_store_cre' retrieved from /opt/airflow/dags/feature_store.py
[2026-02-01T23:07:20.430+0000] {logging_mixin.py:188} INFO - [2026-02-01T23:07:20.430+0000] {dag.py:3096} INFO - Sync 1 DAGs
[2026-02-01T23:07:20.442+0000] {logging_mixin.py:188} INFO - [2026-02-01T23:07:20.442+0000] {dag.py:3954} INFO - Setting next_dagrun for feature_store_cre to 2026-01-31 00:00:00+00:00, run_after=2026-02-01 00:00:00+00:00
[2026-02-01T23:07:20.460+0000] {processor.py:183} INFO - Processing /opt/airflow/dags/feature_store.py took 1.670 seconds
[2026-02-01T23:07:51.998+0000] {processor.py:161} INFO - Started process (PID=43530) to work on /opt/airflow/dags/feature_store.py
[2026-02-01T23:07:51.999+0000] {processor.py:830} INFO - Processing file /opt/airflow/dags/feature_store.py for tasks to queue
[2026-02-01T23:07:52.000+0000] {logging_mixin.py:188} INFO - [2026-02-01T23:07:52.000+0000] {dagbag.py:545} INFO - Filling up the DagBag from /opt/airflow/dags/feature_store.py
[2026-02-01T23:07:53.674+0000] {logging_mixin.py:188} WARNING - /opt/airflow/dags/feature_store.py:64 RemovedInAirflow3Warning: Param `schedule_interval` is deprecated and will be removed in a future release. Please use `schedule` instead.
[2026-02-01T23:07:53.679+0000] {processor.py:840} INFO - DAG(s) 'feature_store_cre' retrieved from /opt/airflow/dags/feature_store.py
[2026-02-01T23:07:53.699+0000] {logging_mixin.py:188} INFO - [2026-02-01T23:07:53.698+0000] {dag.py:3096} INFO - Sync 1 DAGs
[2026-02-01T23:07:53.714+0000] {logging_mixin.py:188} INFO - [2026-02-01T23:07:53.714+0000] {dag.py:3954} INFO - Setting next_dagrun for feature_store_cre to 2026-01-31 00:00:00+00:00, run_after=2026-02-01 00:00:00+00:00
[2026-02-01T23:07:53.735+0000] {processor.py:183} INFO - Processing /opt/airflow/dags/feature_store.py took 1.741 seconds
[2026-02-01T23:08:25.502+0000] {processor.py:161} INFO - Started process (PID=43577) to work on /opt/airflow/dags/feature_store.py
[2026-02-01T23:08:25.502+0000] {processor.py:830} INFO - Processing file /opt/airflow/dags/feature_store.py for tasks to queue
[2026-02-01T23:08:25.504+0000] {logging_mixin.py:188} INFO - [2026-02-01T23:08:25.503+0000] {dagbag.py:545} INFO - Filling up the DagBag from /opt/airflow/dags/feature_store.py
[2026-02-01T23:08:27.163+0000] {logging_mixin.py:188} WARNING - /opt/airflow/dags/feature_store.py:64 RemovedInAirflow3Warning: Param `schedule_interval` is deprecated and will be removed in a future release. Please use `schedule` instead.
[2026-02-01T23:08:27.168+0000] {processor.py:840} INFO - DAG(s) 'feature_store_cre' retrieved from /opt/airflow/dags/feature_store.py
[2026-02-01T23:08:27.189+0000] {logging_mixin.py:188} INFO - [2026-02-01T23:08:27.189+0000] {dag.py:3096} INFO - Sync 1 DAGs
[2026-02-01T23:08:27.209+0000] {logging_mixin.py:188} INFO - [2026-02-01T23:08:27.209+0000] {dag.py:3954} INFO - Setting next_dagrun for feature_store_cre to 2026-01-31 00:00:00+00:00, run_after=2026-02-01 00:00:00+00:00
[2026-02-01T23:08:27.226+0000] {processor.py:183} INFO - Processing /opt/airflow/dags/feature_store.py took 1.730 seconds
[2026-02-01T23:08:59.203+0000] {processor.py:161} INFO - Started process (PID=43624) to work on /opt/airflow/dags/feature_store.py
[2026-02-01T23:08:59.204+0000] {processor.py:830} INFO - Processing file /opt/airflow/dags/feature_store.py for tasks to queue
[2026-02-01T23:08:59.206+0000] {logging_mixin.py:188} INFO - [2026-02-01T23:08:59.205+0000] {dagbag.py:545} INFO - Filling up the DagBag from /opt/airflow/dags/feature_store.py
[2026-02-01T23:09:01.007+0000] {logging_mixin.py:188} WARNING - /opt/airflow/dags/feature_store.py:64 RemovedInAirflow3Warning: Param `schedule_interval` is deprecated and will be removed in a future release. Please use `schedule` instead.
[2026-02-01T23:09:01.013+0000] {processor.py:840} INFO - DAG(s) 'feature_store_cre' retrieved from /opt/airflow/dags/feature_store.py
[2026-02-01T23:09:01.038+0000] {logging_mixin.py:188} INFO - [2026-02-01T23:09:01.038+0000] {dag.py:3096} INFO - Sync 1 DAGs
[2026-02-01T23:09:01.059+0000] {logging_mixin.py:188} INFO - [2026-02-01T23:09:01.059+0000] {dag.py:3954} INFO - Setting next_dagrun for feature_store_cre to 2026-01-31 00:00:00+00:00, run_after=2026-02-01 00:00:00+00:00
[2026-02-01T23:09:01.079+0000] {processor.py:183} INFO - Processing /opt/airflow/dags/feature_store.py took 1.880 seconds
[2026-02-01T23:09:32.018+0000] {processor.py:161} INFO - Started process (PID=43671) to work on /opt/airflow/dags/feature_store.py
[2026-02-01T23:09:32.018+0000] {processor.py:830} INFO - Processing file /opt/airflow/dags/feature_store.py for tasks to queue
[2026-02-01T23:09:32.020+0000] {logging_mixin.py:188} INFO - [2026-02-01T23:09:32.019+0000] {dagbag.py:545} INFO - Filling up the DagBag from /opt/airflow/dags/feature_store.py
[2026-02-01T23:09:33.721+0000] {logging_mixin.py:188} WARNING - /opt/airflow/dags/feature_store.py:64 RemovedInAirflow3Warning: Param `schedule_interval` is deprecated and will be removed in a future release. Please use `schedule` instead.
[2026-02-01T23:09:33.726+0000] {processor.py:840} INFO - DAG(s) 'feature_store_cre' retrieved from /opt/airflow/dags/feature_store.py
[2026-02-01T23:09:33.749+0000] {logging_mixin.py:188} INFO - [2026-02-01T23:09:33.749+0000] {dag.py:3096} INFO - Sync 1 DAGs
[2026-02-01T23:09:33.766+0000] {logging_mixin.py:188} INFO - [2026-02-01T23:09:33.766+0000] {dag.py:3954} INFO - Setting next_dagrun for feature_store_cre to 2026-01-31 00:00:00+00:00, run_after=2026-02-01 00:00:00+00:00
[2026-02-01T23:09:33.786+0000] {processor.py:183} INFO - Processing /opt/airflow/dags/feature_store.py took 1.773 seconds
[2026-02-01T23:10:05.763+0000] {processor.py:161} INFO - Started process (PID=43718) to work on /opt/airflow/dags/feature_store.py
[2026-02-01T23:10:05.763+0000] {processor.py:830} INFO - Processing file /opt/airflow/dags/feature_store.py for tasks to queue
[2026-02-01T23:10:05.764+0000] {logging_mixin.py:188} INFO - [2026-02-01T23:10:05.764+0000] {dagbag.py:545} INFO - Filling up the DagBag from /opt/airflow/dags/feature_store.py
[2026-02-01T23:10:07.634+0000] {logging_mixin.py:188} WARNING - /opt/airflow/dags/feature_store.py:64 RemovedInAirflow3Warning: Param `schedule_interval` is deprecated and will be removed in a future release. Please use `schedule` instead.
[2026-02-01T23:10:07.639+0000] {processor.py:840} INFO - DAG(s) 'feature_store_cre' retrieved from /opt/airflow/dags/feature_store.py
[2026-02-01T23:10:07.661+0000] {logging_mixin.py:188} INFO - [2026-02-01T23:10:07.661+0000] {dag.py:3096} INFO - Sync 1 DAGs
[2026-02-01T23:10:07.681+0000] {logging_mixin.py:188} INFO - [2026-02-01T23:10:07.681+0000] {dag.py:3954} INFO - Setting next_dagrun for feature_store_cre to 2026-01-31 00:00:00+00:00, run_after=2026-02-01 00:00:00+00:00
[2026-02-01T23:10:07.702+0000] {processor.py:183} INFO - Processing /opt/airflow/dags/feature_store.py took 1.943 seconds
[2026-02-01T23:10:38.654+0000] {processor.py:161} INFO - Started process (PID=43765) to work on /opt/airflow/dags/feature_store.py
[2026-02-01T23:10:38.655+0000] {processor.py:830} INFO - Processing file /opt/airflow/dags/feature_store.py for tasks to queue
[2026-02-01T23:10:38.656+0000] {logging_mixin.py:188} INFO - [2026-02-01T23:10:38.656+0000] {dagbag.py:545} INFO - Filling up the DagBag from /opt/airflow/dags/feature_store.py
[2026-02-01T23:10:40.673+0000] {logging_mixin.py:188} WARNING - /opt/airflow/dags/feature_store.py:64 RemovedInAirflow3Warning: Param `schedule_interval` is deprecated and will be removed in a future release. Please use `schedule` instead.
[2026-02-01T23:10:40.680+0000] {processor.py:840} INFO - DAG(s) 'feature_store_cre' retrieved from /opt/airflow/dags/feature_store.py
[2026-02-01T23:10:40.707+0000] {logging_mixin.py:188} INFO - [2026-02-01T23:10:40.706+0000] {dag.py:3096} INFO - Sync 1 DAGs
[2026-02-01T23:10:40.728+0000] {logging_mixin.py:188} INFO - [2026-02-01T23:10:40.727+0000] {dag.py:3954} INFO - Setting next_dagrun for feature_store_cre to 2026-01-31 00:00:00+00:00, run_after=2026-02-01 00:00:00+00:00
[2026-02-01T23:10:40.752+0000] {processor.py:183} INFO - Processing /opt/airflow/dags/feature_store.py took 2.102 seconds
[2026-02-01T23:11:12.711+0000] {processor.py:161} INFO - Started process (PID=43812) to work on /opt/airflow/dags/feature_store.py
[2026-02-01T23:11:12.712+0000] {processor.py:830} INFO - Processing file /opt/airflow/dags/feature_store.py for tasks to queue
[2026-02-01T23:11:12.713+0000] {logging_mixin.py:188} INFO - [2026-02-01T23:11:12.713+0000] {dagbag.py:545} INFO - Filling up the DagBag from /opt/airflow/dags/feature_store.py
[2026-02-01T23:11:14.627+0000] {logging_mixin.py:188} WARNING - /opt/airflow/dags/feature_store.py:64 RemovedInAirflow3Warning: Param `schedule_interval` is deprecated and will be removed in a future release. Please use `schedule` instead.
[2026-02-01T23:11:14.631+0000] {processor.py:840} INFO - DAG(s) 'feature_store_cre' retrieved from /opt/airflow/dags/feature_store.py
[2026-02-01T23:11:14.654+0000] {logging_mixin.py:188} INFO - [2026-02-01T23:11:14.654+0000] {dag.py:3096} INFO - Sync 1 DAGs
[2026-02-01T23:11:14.671+0000] {logging_mixin.py:188} INFO - [2026-02-01T23:11:14.670+0000] {dag.py:3954} INFO - Setting next_dagrun for feature_store_cre to 2026-01-31 00:00:00+00:00, run_after=2026-02-01 00:00:00+00:00
[2026-02-01T23:11:14.692+0000] {processor.py:183} INFO - Processing /opt/airflow/dags/feature_store.py took 1.986 seconds
[2026-02-01T23:11:45.428+0000] {processor.py:161} INFO - Started process (PID=43859) to work on /opt/airflow/dags/feature_store.py
[2026-02-01T23:11:45.428+0000] {processor.py:830} INFO - Processing file /opt/airflow/dags/feature_store.py for tasks to queue
[2026-02-01T23:11:45.429+0000] {logging_mixin.py:188} INFO - [2026-02-01T23:11:45.429+0000] {dagbag.py:545} INFO - Filling up the DagBag from /opt/airflow/dags/feature_store.py
[2026-02-01T23:11:46.761+0000] {logging_mixin.py:188} WARNING - /opt/airflow/dags/feature_store.py:64 RemovedInAirflow3Warning: Param `schedule_interval` is deprecated and will be removed in a future release. Please use `schedule` instead.
[2026-02-01T23:11:46.764+0000] {processor.py:840} INFO - DAG(s) 'feature_store_cre' retrieved from /opt/airflow/dags/feature_store.py
[2026-02-01T23:11:46.781+0000] {logging_mixin.py:188} INFO - [2026-02-01T23:11:46.781+0000] {dag.py:3096} INFO - Sync 1 DAGs
[2026-02-01T23:11:46.796+0000] {logging_mixin.py:188} INFO - [2026-02-01T23:11:46.796+0000] {dag.py:3954} INFO - Setting next_dagrun for feature_store_cre to 2026-01-31 00:00:00+00:00, run_after=2026-02-01 00:00:00+00:00
[2026-02-01T23:11:46.812+0000] {processor.py:183} INFO - Processing /opt/airflow/dags/feature_store.py took 1.389 seconds
[2026-02-01T23:12:18.647+0000] {processor.py:161} INFO - Started process (PID=43906) to work on /opt/airflow/dags/feature_store.py
[2026-02-01T23:12:18.648+0000] {processor.py:830} INFO - Processing file /opt/airflow/dags/feature_store.py for tasks to queue
[2026-02-01T23:12:18.650+0000] {logging_mixin.py:188} INFO - [2026-02-01T23:12:18.649+0000] {dagbag.py:545} INFO - Filling up the DagBag from /opt/airflow/dags/feature_store.py
[2026-02-01T23:12:20.029+0000] {logging_mixin.py:188} WARNING - /opt/airflow/dags/feature_store.py:64 RemovedInAirflow3Warning: Param `schedule_interval` is deprecated and will be removed in a future release. Please use `schedule` instead.
[2026-02-01T23:12:20.033+0000] {processor.py:840} INFO - DAG(s) 'feature_store_cre' retrieved from /opt/airflow/dags/feature_store.py
[2026-02-01T23:12:20.054+0000] {logging_mixin.py:188} INFO - [2026-02-01T23:12:20.053+0000] {dag.py:3096} INFO - Sync 1 DAGs
[2026-02-01T23:12:20.068+0000] {logging_mixin.py:188} INFO - [2026-02-01T23:12:20.068+0000] {dag.py:3954} INFO - Setting next_dagrun for feature_store_cre to 2026-01-31 00:00:00+00:00, run_after=2026-02-01 00:00:00+00:00
[2026-02-01T23:12:20.088+0000] {processor.py:183} INFO - Processing /opt/airflow/dags/feature_store.py took 1.445 seconds
[2026-02-01T23:12:52.050+0000] {processor.py:161} INFO - Started process (PID=43953) to work on /opt/airflow/dags/feature_store.py
[2026-02-01T23:12:52.050+0000] {processor.py:830} INFO - Processing file /opt/airflow/dags/feature_store.py for tasks to queue
[2026-02-01T23:12:52.051+0000] {logging_mixin.py:188} INFO - [2026-02-01T23:12:52.051+0000] {dagbag.py:545} INFO - Filling up the DagBag from /opt/airflow/dags/feature_store.py
[2026-02-01T23:12:53.370+0000] {logging_mixin.py:188} WARNING - /opt/airflow/dags/feature_store.py:64 RemovedInAirflow3Warning: Param `schedule_interval` is deprecated and will be removed in a future release. Please use `schedule` instead.
[2026-02-01T23:12:53.374+0000] {processor.py:840} INFO - DAG(s) 'feature_store_cre' retrieved from /opt/airflow/dags/feature_store.py
[2026-02-01T23:12:53.390+0000] {logging_mixin.py:188} INFO - [2026-02-01T23:12:53.390+0000] {dag.py:3096} INFO - Sync 1 DAGs
[2026-02-01T23:12:53.403+0000] {logging_mixin.py:188} INFO - [2026-02-01T23:12:53.403+0000] {dag.py:3954} INFO - Setting next_dagrun for feature_store_cre to 2026-01-31 00:00:00+00:00, run_after=2026-02-01 00:00:00+00:00
[2026-02-01T23:12:53.422+0000] {processor.py:183} INFO - Processing /opt/airflow/dags/feature_store.py took 1.377 seconds
[2026-02-01T23:13:25.725+0000] {processor.py:161} INFO - Started process (PID=44000) to work on /opt/airflow/dags/feature_store.py
[2026-02-01T23:13:25.726+0000] {processor.py:830} INFO - Processing file /opt/airflow/dags/feature_store.py for tasks to queue
[2026-02-01T23:13:25.728+0000] {logging_mixin.py:188} INFO - [2026-02-01T23:13:25.728+0000] {dagbag.py:545} INFO - Filling up the DagBag from /opt/airflow/dags/feature_store.py
[2026-02-01T23:13:27.066+0000] {logging_mixin.py:188} WARNING - /opt/airflow/dags/feature_store.py:64 RemovedInAirflow3Warning: Param `schedule_interval` is deprecated and will be removed in a future release. Please use `schedule` instead.
[2026-02-01T23:13:27.069+0000] {processor.py:840} INFO - DAG(s) 'feature_store_cre' retrieved from /opt/airflow/dags/feature_store.py
[2026-02-01T23:13:27.085+0000] {logging_mixin.py:188} INFO - [2026-02-01T23:13:27.085+0000] {dag.py:3096} INFO - Sync 1 DAGs
[2026-02-01T23:13:27.098+0000] {logging_mixin.py:188} INFO - [2026-02-01T23:13:27.098+0000] {dag.py:3954} INFO - Setting next_dagrun for feature_store_cre to 2026-01-31 00:00:00+00:00, run_after=2026-02-01 00:00:00+00:00
[2026-02-01T23:13:27.114+0000] {processor.py:183} INFO - Processing /opt/airflow/dags/feature_store.py took 1.396 seconds
[2026-02-01T23:13:58.960+0000] {processor.py:161} INFO - Started process (PID=44047) to work on /opt/airflow/dags/feature_store.py
[2026-02-01T23:13:58.960+0000] {processor.py:830} INFO - Processing file /opt/airflow/dags/feature_store.py for tasks to queue
[2026-02-01T23:13:58.961+0000] {logging_mixin.py:188} INFO - [2026-02-01T23:13:58.961+0000] {dagbag.py:545} INFO - Filling up the DagBag from /opt/airflow/dags/feature_store.py
[2026-02-01T23:14:00.270+0000] {logging_mixin.py:188} WARNING - /opt/airflow/dags/feature_store.py:64 RemovedInAirflow3Warning: Param `schedule_interval` is deprecated and will be removed in a future release. Please use `schedule` instead.
[2026-02-01T23:14:00.275+0000] {processor.py:840} INFO - DAG(s) 'feature_store_cre' retrieved from /opt/airflow/dags/feature_store.py
[2026-02-01T23:14:00.292+0000] {logging_mixin.py:188} INFO - [2026-02-01T23:14:00.292+0000] {dag.py:3096} INFO - Sync 1 DAGs
[2026-02-01T23:14:00.306+0000] {logging_mixin.py:188} INFO - [2026-02-01T23:14:00.306+0000] {dag.py:3954} INFO - Setting next_dagrun for feature_store_cre to 2026-01-31 00:00:00+00:00, run_after=2026-02-01 00:00:00+00:00
[2026-02-01T23:14:00.325+0000] {processor.py:183} INFO - Processing /opt/airflow/dags/feature_store.py took 1.369 seconds
[2026-02-01T23:14:32.231+0000] {processor.py:161} INFO - Started process (PID=44094) to work on /opt/airflow/dags/feature_store.py
[2026-02-01T23:14:32.232+0000] {processor.py:830} INFO - Processing file /opt/airflow/dags/feature_store.py for tasks to queue
[2026-02-01T23:14:32.233+0000] {logging_mixin.py:188} INFO - [2026-02-01T23:14:32.233+0000] {dagbag.py:545} INFO - Filling up the DagBag from /opt/airflow/dags/feature_store.py
[2026-02-01T23:14:33.721+0000] {logging_mixin.py:188} WARNING - /opt/airflow/dags/feature_store.py:64 RemovedInAirflow3Warning: Param `schedule_interval` is deprecated and will be removed in a future release. Please use `schedule` instead.
[2026-02-01T23:14:33.726+0000] {processor.py:840} INFO - DAG(s) 'feature_store_cre' retrieved from /opt/airflow/dags/feature_store.py
[2026-02-01T23:14:33.746+0000] {logging_mixin.py:188} INFO - [2026-02-01T23:14:33.746+0000] {dag.py:3096} INFO - Sync 1 DAGs
[2026-02-01T23:14:33.761+0000] {logging_mixin.py:188} INFO - [2026-02-01T23:14:33.761+0000] {dag.py:3954} INFO - Setting next_dagrun for feature_store_cre to 2026-01-31 00:00:00+00:00, run_after=2026-02-01 00:00:00+00:00
[2026-02-01T23:14:33.782+0000] {processor.py:183} INFO - Processing /opt/airflow/dags/feature_store.py took 1.556 seconds
[2026-02-01T23:15:05.743+0000] {processor.py:161} INFO - Started process (PID=44141) to work on /opt/airflow/dags/feature_store.py
[2026-02-01T23:15:05.744+0000] {processor.py:830} INFO - Processing file /opt/airflow/dags/feature_store.py for tasks to queue
[2026-02-01T23:15:05.746+0000] {logging_mixin.py:188} INFO - [2026-02-01T23:15:05.746+0000] {dagbag.py:545} INFO - Filling up the DagBag from /opt/airflow/dags/feature_store.py
[2026-02-01T23:15:07.347+0000] {logging_mixin.py:188} WARNING - /opt/airflow/dags/feature_store.py:64 RemovedInAirflow3Warning: Param `schedule_interval` is deprecated and will be removed in a future release. Please use `schedule` instead.
[2026-02-01T23:15:07.350+0000] {processor.py:840} INFO - DAG(s) 'feature_store_cre' retrieved from /opt/airflow/dags/feature_store.py
[2026-02-01T23:15:07.365+0000] {logging_mixin.py:188} INFO - [2026-02-01T23:15:07.365+0000] {dag.py:3096} INFO - Sync 1 DAGs
[2026-02-01T23:15:07.379+0000] {logging_mixin.py:188} INFO - [2026-02-01T23:15:07.379+0000] {dag.py:3954} INFO - Setting next_dagrun for feature_store_cre to 2026-01-31 00:00:00+00:00, run_after=2026-02-01 00:00:00+00:00
[2026-02-01T23:15:07.395+0000] {processor.py:183} INFO - Processing /opt/airflow/dags/feature_store.py took 1.659 seconds
[2026-02-01T23:15:39.239+0000] {processor.py:161} INFO - Started process (PID=44188) to work on /opt/airflow/dags/feature_store.py
[2026-02-01T23:15:39.240+0000] {processor.py:830} INFO - Processing file /opt/airflow/dags/feature_store.py for tasks to queue
[2026-02-01T23:15:39.241+0000] {logging_mixin.py:188} INFO - [2026-02-01T23:15:39.241+0000] {dagbag.py:545} INFO - Filling up the DagBag from /opt/airflow/dags/feature_store.py
[2026-02-01T23:15:40.776+0000] {logging_mixin.py:188} WARNING - /opt/airflow/dags/feature_store.py:64 RemovedInAirflow3Warning: Param `schedule_interval` is deprecated and will be removed in a future release. Please use `schedule` instead.
[2026-02-01T23:15:40.784+0000] {processor.py:840} INFO - DAG(s) 'feature_store_cre' retrieved from /opt/airflow/dags/feature_store.py
[2026-02-01T23:15:40.813+0000] {logging_mixin.py:188} INFO - [2026-02-01T23:15:40.812+0000] {dag.py:3096} INFO - Sync 1 DAGs
[2026-02-01T23:15:40.834+0000] {logging_mixin.py:188} INFO - [2026-02-01T23:15:40.834+0000] {dag.py:3954} INFO - Setting next_dagrun for feature_store_cre to 2026-01-31 00:00:00+00:00, run_after=2026-02-01 00:00:00+00:00
[2026-02-01T23:15:40.855+0000] {processor.py:183} INFO - Processing /opt/airflow/dags/feature_store.py took 1.620 seconds
[2026-02-01T23:16:12.098+0000] {processor.py:161} INFO - Started process (PID=44234) to work on /opt/airflow/dags/feature_store.py
[2026-02-01T23:16:12.098+0000] {processor.py:830} INFO - Processing file /opt/airflow/dags/feature_store.py for tasks to queue
[2026-02-01T23:16:12.099+0000] {logging_mixin.py:188} INFO - [2026-02-01T23:16:12.099+0000] {dagbag.py:545} INFO - Filling up the DagBag from /opt/airflow/dags/feature_store.py
[2026-02-01T23:16:13.410+0000] {logging_mixin.py:188} WARNING - /opt/airflow/dags/feature_store.py:64 RemovedInAirflow3Warning: Param `schedule_interval` is deprecated and will be removed in a future release. Please use `schedule` instead.
[2026-02-01T23:16:13.414+0000] {processor.py:840} INFO - DAG(s) 'feature_store_cre' retrieved from /opt/airflow/dags/feature_store.py
[2026-02-01T23:16:13.430+0000] {logging_mixin.py:188} INFO - [2026-02-01T23:16:13.430+0000] {dag.py:3096} INFO - Sync 1 DAGs
[2026-02-01T23:16:13.444+0000] {logging_mixin.py:188} INFO - [2026-02-01T23:16:13.444+0000] {dag.py:3954} INFO - Setting next_dagrun for feature_store_cre to 2026-01-31 00:00:00+00:00, run_after=2026-02-01 00:00:00+00:00
[2026-02-01T23:16:13.464+0000] {processor.py:183} INFO - Processing /opt/airflow/dags/feature_store.py took 1.370 seconds
[2026-02-01T23:16:45.700+0000] {processor.py:161} INFO - Started process (PID=44282) to work on /opt/airflow/dags/feature_store.py
[2026-02-01T23:16:45.701+0000] {processor.py:830} INFO - Processing file /opt/airflow/dags/feature_store.py for tasks to queue
[2026-02-01T23:16:45.703+0000] {logging_mixin.py:188} INFO - [2026-02-01T23:16:45.702+0000] {dagbag.py:545} INFO - Filling up the DagBag from /opt/airflow/dags/feature_store.py
[2026-02-01T23:16:47.106+0000] {logging_mixin.py:188} WARNING - /opt/airflow/dags/feature_store.py:64 RemovedInAirflow3Warning: Param `schedule_interval` is deprecated and will be removed in a future release. Please use `schedule` instead.
[2026-02-01T23:16:47.110+0000] {processor.py:840} INFO - DAG(s) 'feature_store_cre' retrieved from /opt/airflow/dags/feature_store.py
[2026-02-01T23:16:47.127+0000] {logging_mixin.py:188} INFO - [2026-02-01T23:16:47.127+0000] {dag.py:3096} INFO - Sync 1 DAGs
[2026-02-01T23:16:47.142+0000] {logging_mixin.py:188} INFO - [2026-02-01T23:16:47.142+0000] {dag.py:3954} INFO - Setting next_dagrun for feature_store_cre to 2026-01-31 00:00:00+00:00, run_after=2026-02-01 00:00:00+00:00
[2026-02-01T23:16:47.156+0000] {processor.py:183} INFO - Processing /opt/airflow/dags/feature_store.py took 1.461 seconds
[2026-02-01T23:17:19.020+0000] {processor.py:161} INFO - Started process (PID=44328) to work on /opt/airflow/dags/feature_store.py
[2026-02-01T23:17:19.021+0000] {processor.py:830} INFO - Processing file /opt/airflow/dags/feature_store.py for tasks to queue
[2026-02-01T23:17:19.023+0000] {logging_mixin.py:188} INFO - [2026-02-01T23:17:19.023+0000] {dagbag.py:545} INFO - Filling up the DagBag from /opt/airflow/dags/feature_store.py
[2026-02-01T23:17:20.522+0000] {logging_mixin.py:188} WARNING - /opt/airflow/dags/feature_store.py:64 RemovedInAirflow3Warning: Param `schedule_interval` is deprecated and will be removed in a future release. Please use `schedule` instead.
[2026-02-01T23:17:20.535+0000] {processor.py:840} INFO - DAG(s) 'feature_store_cre' retrieved from /opt/airflow/dags/feature_store.py
[2026-02-01T23:17:20.563+0000] {logging_mixin.py:188} INFO - [2026-02-01T23:17:20.563+0000] {dag.py:3096} INFO - Sync 1 DAGs
[2026-02-01T23:17:20.586+0000] {logging_mixin.py:188} INFO - [2026-02-01T23:17:20.586+0000] {dag.py:3954} INFO - Setting next_dagrun for feature_store_cre to 2026-01-31 00:00:00+00:00, run_after=2026-02-01 00:00:00+00:00
[2026-02-01T23:17:20.612+0000] {processor.py:183} INFO - Processing /opt/airflow/dags/feature_store.py took 1.600 seconds
[2026-02-01T23:17:52.547+0000] {processor.py:161} INFO - Started process (PID=44375) to work on /opt/airflow/dags/feature_store.py
[2026-02-01T23:17:52.548+0000] {processor.py:830} INFO - Processing file /opt/airflow/dags/feature_store.py for tasks to queue
[2026-02-01T23:17:52.550+0000] {logging_mixin.py:188} INFO - [2026-02-01T23:17:52.549+0000] {dagbag.py:545} INFO - Filling up the DagBag from /opt/airflow/dags/feature_store.py
[2026-02-01T23:17:54.185+0000] {logging_mixin.py:188} WARNING - /opt/airflow/dags/feature_store.py:64 RemovedInAirflow3Warning: Param `schedule_interval` is deprecated and will be removed in a future release. Please use `schedule` instead.
[2026-02-01T23:17:54.189+0000] {processor.py:840} INFO - DAG(s) 'feature_store_cre' retrieved from /opt/airflow/dags/feature_store.py
[2026-02-01T23:17:54.213+0000] {logging_mixin.py:188} INFO - [2026-02-01T23:17:54.212+0000] {dag.py:3096} INFO - Sync 1 DAGs
[2026-02-01T23:17:54.231+0000] {logging_mixin.py:188} INFO - [2026-02-01T23:17:54.231+0000] {dag.py:3954} INFO - Setting next_dagrun for feature_store_cre to 2026-01-31 00:00:00+00:00, run_after=2026-02-01 00:00:00+00:00
[2026-02-01T23:17:54.254+0000] {processor.py:183} INFO - Processing /opt/airflow/dags/feature_store.py took 1.712 seconds
[2026-02-01T23:18:25.624+0000] {processor.py:161} INFO - Started process (PID=44424) to work on /opt/airflow/dags/feature_store.py
[2026-02-01T23:18:25.625+0000] {processor.py:830} INFO - Processing file /opt/airflow/dags/feature_store.py for tasks to queue
[2026-02-01T23:18:25.626+0000] {logging_mixin.py:188} INFO - [2026-02-01T23:18:25.626+0000] {dagbag.py:545} INFO - Filling up the DagBag from /opt/airflow/dags/feature_store.py
[2026-02-01T23:18:26.957+0000] {logging_mixin.py:188} WARNING - /opt/airflow/dags/feature_store.py:64 RemovedInAirflow3Warning: Param `schedule_interval` is deprecated and will be removed in a future release. Please use `schedule` instead.
[2026-02-01T23:18:26.960+0000] {processor.py:840} INFO - DAG(s) 'feature_store_cre' retrieved from /opt/airflow/dags/feature_store.py
[2026-02-01T23:18:26.976+0000] {logging_mixin.py:188} INFO - [2026-02-01T23:18:26.976+0000] {dag.py:3096} INFO - Sync 1 DAGs
[2026-02-01T23:18:26.995+0000] {logging_mixin.py:188} INFO - [2026-02-01T23:18:26.994+0000] {dag.py:3954} INFO - Setting next_dagrun for feature_store_cre to 2026-01-31 00:00:00+00:00, run_after=2026-02-01 00:00:00+00:00
[2026-02-01T23:18:27.009+0000] {processor.py:183} INFO - Processing /opt/airflow/dags/feature_store.py took 1.389 seconds
[2026-02-01T23:18:58.858+0000] {processor.py:161} INFO - Started process (PID=44471) to work on /opt/airflow/dags/feature_store.py
[2026-02-01T23:18:58.859+0000] {processor.py:830} INFO - Processing file /opt/airflow/dags/feature_store.py for tasks to queue
[2026-02-01T23:18:58.860+0000] {logging_mixin.py:188} INFO - [2026-02-01T23:18:58.860+0000] {dagbag.py:545} INFO - Filling up the DagBag from /opt/airflow/dags/feature_store.py
[2026-02-01T23:19:00.175+0000] {logging_mixin.py:188} WARNING - /opt/airflow/dags/feature_store.py:64 RemovedInAirflow3Warning: Param `schedule_interval` is deprecated and will be removed in a future release. Please use `schedule` instead.
[2026-02-01T23:19:00.179+0000] {processor.py:840} INFO - DAG(s) 'feature_store_cre' retrieved from /opt/airflow/dags/feature_store.py
[2026-02-01T23:19:00.197+0000] {logging_mixin.py:188} INFO - [2026-02-01T23:19:00.197+0000] {dag.py:3096} INFO - Sync 1 DAGs
[2026-02-01T23:19:00.212+0000] {logging_mixin.py:188} INFO - [2026-02-01T23:19:00.212+0000] {dag.py:3954} INFO - Setting next_dagrun for feature_store_cre to 2026-01-31 00:00:00+00:00, run_after=2026-02-01 00:00:00+00:00
[2026-02-01T23:19:00.230+0000] {processor.py:183} INFO - Processing /opt/airflow/dags/feature_store.py took 1.376 seconds
[2026-02-01T23:19:32.141+0000] {processor.py:161} INFO - Started process (PID=44519) to work on /opt/airflow/dags/feature_store.py
[2026-02-01T23:19:32.142+0000] {processor.py:830} INFO - Processing file /opt/airflow/dags/feature_store.py for tasks to queue
[2026-02-01T23:19:32.143+0000] {logging_mixin.py:188} INFO - [2026-02-01T23:19:32.143+0000] {dagbag.py:545} INFO - Filling up the DagBag from /opt/airflow/dags/feature_store.py
[2026-02-01T23:19:33.509+0000] {logging_mixin.py:188} WARNING - /opt/airflow/dags/feature_store.py:64 RemovedInAirflow3Warning: Param `schedule_interval` is deprecated and will be removed in a future release. Please use `schedule` instead.
[2026-02-01T23:19:33.513+0000] {processor.py:840} INFO - DAG(s) 'feature_store_cre' retrieved from /opt/airflow/dags/feature_store.py
[2026-02-01T23:19:33.529+0000] {logging_mixin.py:188} INFO - [2026-02-01T23:19:33.529+0000] {dag.py:3096} INFO - Sync 1 DAGs
[2026-02-01T23:19:33.543+0000] {logging_mixin.py:188} INFO - [2026-02-01T23:19:33.543+0000] {dag.py:3954} INFO - Setting next_dagrun for feature_store_cre to 2026-01-31 00:00:00+00:00, run_after=2026-02-01 00:00:00+00:00
[2026-02-01T23:19:33.559+0000] {processor.py:183} INFO - Processing /opt/airflow/dags/feature_store.py took 1.421 seconds
[2026-02-01T23:20:05.963+0000] {processor.py:161} INFO - Started process (PID=44566) to work on /opt/airflow/dags/feature_store.py
[2026-02-01T23:20:05.964+0000] {processor.py:830} INFO - Processing file /opt/airflow/dags/feature_store.py for tasks to queue
[2026-02-01T23:20:05.966+0000] {logging_mixin.py:188} INFO - [2026-02-01T23:20:05.966+0000] {dagbag.py:545} INFO - Filling up the DagBag from /opt/airflow/dags/feature_store.py
[2026-02-01T23:20:07.304+0000] {logging_mixin.py:188} WARNING - /opt/airflow/dags/feature_store.py:64 RemovedInAirflow3Warning: Param `schedule_interval` is deprecated and will be removed in a future release. Please use `schedule` instead.
[2026-02-01T23:20:07.307+0000] {processor.py:840} INFO - DAG(s) 'feature_store_cre' retrieved from /opt/airflow/dags/feature_store.py
[2026-02-01T23:20:07.322+0000] {logging_mixin.py:188} INFO - [2026-02-01T23:20:07.322+0000] {dag.py:3096} INFO - Sync 1 DAGs
[2026-02-01T23:20:07.336+0000] {logging_mixin.py:188} INFO - [2026-02-01T23:20:07.335+0000] {dag.py:3954} INFO - Setting next_dagrun for feature_store_cre to 2026-01-31 00:00:00+00:00, run_after=2026-02-01 00:00:00+00:00
[2026-02-01T23:20:07.352+0000] {processor.py:183} INFO - Processing /opt/airflow/dags/feature_store.py took 1.394 seconds
[2026-02-01T23:20:38.867+0000] {processor.py:161} INFO - Started process (PID=44613) to work on /opt/airflow/dags/feature_store.py
[2026-02-01T23:20:38.867+0000] {processor.py:830} INFO - Processing file /opt/airflow/dags/feature_store.py for tasks to queue
[2026-02-01T23:20:38.868+0000] {logging_mixin.py:188} INFO - [2026-02-01T23:20:38.868+0000] {dagbag.py:545} INFO - Filling up the DagBag from /opt/airflow/dags/feature_store.py
[2026-02-01T23:20:40.252+0000] {logging_mixin.py:188} WARNING - /opt/airflow/dags/feature_store.py:64 RemovedInAirflow3Warning: Param `schedule_interval` is deprecated and will be removed in a future release. Please use `schedule` instead.
[2026-02-01T23:20:40.256+0000] {processor.py:840} INFO - DAG(s) 'feature_store_cre' retrieved from /opt/airflow/dags/feature_store.py
[2026-02-01T23:20:40.273+0000] {logging_mixin.py:188} INFO - [2026-02-01T23:20:40.273+0000] {dag.py:3096} INFO - Sync 1 DAGs
[2026-02-01T23:20:40.287+0000] {logging_mixin.py:188} INFO - [2026-02-01T23:20:40.287+0000] {dag.py:3954} INFO - Setting next_dagrun for feature_store_cre to 2026-01-31 00:00:00+00:00, run_after=2026-02-01 00:00:00+00:00
[2026-02-01T23:20:40.302+0000] {processor.py:183} INFO - Processing /opt/airflow/dags/feature_store.py took 1.440 seconds
[2026-02-01T23:21:12.199+0000] {processor.py:161} INFO - Started process (PID=44660) to work on /opt/airflow/dags/feature_store.py
[2026-02-01T23:21:12.200+0000] {processor.py:830} INFO - Processing file /opt/airflow/dags/feature_store.py for tasks to queue
[2026-02-01T23:21:12.202+0000] {logging_mixin.py:188} INFO - [2026-02-01T23:21:12.201+0000] {dagbag.py:545} INFO - Filling up the DagBag from /opt/airflow/dags/feature_store.py
[2026-02-01T23:21:13.509+0000] {logging_mixin.py:188} WARNING - /opt/airflow/dags/feature_store.py:64 RemovedInAirflow3Warning: Param `schedule_interval` is deprecated and will be removed in a future release. Please use `schedule` instead.
[2026-02-01T23:21:13.512+0000] {processor.py:840} INFO - DAG(s) 'feature_store_cre' retrieved from /opt/airflow/dags/feature_store.py
[2026-02-01T23:21:13.528+0000] {logging_mixin.py:188} INFO - [2026-02-01T23:21:13.528+0000] {dag.py:3096} INFO - Sync 1 DAGs
[2026-02-01T23:21:13.541+0000] {logging_mixin.py:188} INFO - [2026-02-01T23:21:13.541+0000] {dag.py:3954} INFO - Setting next_dagrun for feature_store_cre to 2026-01-31 00:00:00+00:00, run_after=2026-02-01 00:00:00+00:00
[2026-02-01T23:21:13.556+0000] {processor.py:183} INFO - Processing /opt/airflow/dags/feature_store.py took 1.361 seconds
[2026-02-01T23:21:45.915+0000] {processor.py:161} INFO - Started process (PID=44707) to work on /opt/airflow/dags/feature_store.py
[2026-02-01T23:21:45.915+0000] {processor.py:830} INFO - Processing file /opt/airflow/dags/feature_store.py for tasks to queue
[2026-02-01T23:21:45.917+0000] {logging_mixin.py:188} INFO - [2026-02-01T23:21:45.916+0000] {dagbag.py:545} INFO - Filling up the DagBag from /opt/airflow/dags/feature_store.py
[2026-02-01T23:21:47.245+0000] {logging_mixin.py:188} WARNING - /opt/airflow/dags/feature_store.py:64 RemovedInAirflow3Warning: Param `schedule_interval` is deprecated and will be removed in a future release. Please use `schedule` instead.
[2026-02-01T23:21:47.249+0000] {processor.py:840} INFO - DAG(s) 'feature_store_cre' retrieved from /opt/airflow/dags/feature_store.py
[2026-02-01T23:21:47.265+0000] {logging_mixin.py:188} INFO - [2026-02-01T23:21:47.265+0000] {dag.py:3096} INFO - Sync 1 DAGs
[2026-02-01T23:21:47.279+0000] {logging_mixin.py:188} INFO - [2026-02-01T23:21:47.279+0000] {dag.py:3954} INFO - Setting next_dagrun for feature_store_cre to 2026-01-31 00:00:00+00:00, run_after=2026-02-01 00:00:00+00:00
[2026-02-01T23:21:47.294+0000] {processor.py:183} INFO - Processing /opt/airflow/dags/feature_store.py took 1.383 seconds
[2026-02-01T23:22:19.152+0000] {processor.py:161} INFO - Started process (PID=44752) to work on /opt/airflow/dags/feature_store.py
[2026-02-01T23:22:19.152+0000] {processor.py:830} INFO - Processing file /opt/airflow/dags/feature_store.py for tasks to queue
[2026-02-01T23:22:19.154+0000] {logging_mixin.py:188} INFO - [2026-02-01T23:22:19.153+0000] {dagbag.py:545} INFO - Filling up the DagBag from /opt/airflow/dags/feature_store.py
[2026-02-01T23:22:20.533+0000] {logging_mixin.py:188} WARNING - /opt/airflow/dags/feature_store.py:64 RemovedInAirflow3Warning: Param `schedule_interval` is deprecated and will be removed in a future release. Please use `schedule` instead.
[2026-02-01T23:22:20.537+0000] {processor.py:840} INFO - DAG(s) 'feature_store_cre' retrieved from /opt/airflow/dags/feature_store.py
[2026-02-01T23:22:20.554+0000] {logging_mixin.py:188} INFO - [2026-02-01T23:22:20.554+0000] {dag.py:3096} INFO - Sync 1 DAGs
[2026-02-01T23:22:20.570+0000] {logging_mixin.py:188} INFO - [2026-02-01T23:22:20.570+0000] {dag.py:3954} INFO - Setting next_dagrun for feature_store_cre to 2026-01-31 00:00:00+00:00, run_after=2026-02-01 00:00:00+00:00
[2026-02-01T23:22:20.586+0000] {processor.py:183} INFO - Processing /opt/airflow/dags/feature_store.py took 1.438 seconds
[2026-02-01T23:22:52.626+0000] {processor.py:161} INFO - Started process (PID=44800) to work on /opt/airflow/dags/feature_store.py
[2026-02-01T23:22:52.628+0000] {processor.py:830} INFO - Processing file /opt/airflow/dags/feature_store.py for tasks to queue
[2026-02-01T23:22:52.630+0000] {logging_mixin.py:188} INFO - [2026-02-01T23:22:52.630+0000] {dagbag.py:545} INFO - Filling up the DagBag from /opt/airflow/dags/feature_store.py
[2026-02-01T23:22:54.059+0000] {logging_mixin.py:188} WARNING - /opt/airflow/dags/feature_store.py:64 RemovedInAirflow3Warning: Param `schedule_interval` is deprecated and will be removed in a future release. Please use `schedule` instead.
[2026-02-01T23:22:54.062+0000] {processor.py:840} INFO - DAG(s) 'feature_store_cre' retrieved from /opt/airflow/dags/feature_store.py
[2026-02-01T23:22:54.079+0000] {logging_mixin.py:188} INFO - [2026-02-01T23:22:54.079+0000] {dag.py:3096} INFO - Sync 1 DAGs
[2026-02-01T23:22:54.094+0000] {logging_mixin.py:188} INFO - [2026-02-01T23:22:54.094+0000] {dag.py:3954} INFO - Setting next_dagrun for feature_store_cre to 2026-01-31 00:00:00+00:00, run_after=2026-02-01 00:00:00+00:00
[2026-02-01T23:22:54.110+0000] {processor.py:183} INFO - Processing /opt/airflow/dags/feature_store.py took 1.488 seconds
[2026-02-01T23:23:25.972+0000] {processor.py:161} INFO - Started process (PID=44847) to work on /opt/airflow/dags/feature_store.py
[2026-02-01T23:23:25.972+0000] {processor.py:830} INFO - Processing file /opt/airflow/dags/feature_store.py for tasks to queue
[2026-02-01T23:23:25.974+0000] {logging_mixin.py:188} INFO - [2026-02-01T23:23:25.973+0000] {dagbag.py:545} INFO - Filling up the DagBag from /opt/airflow/dags/feature_store.py
[2026-02-01T23:23:27.336+0000] {logging_mixin.py:188} WARNING - /opt/airflow/dags/feature_store.py:64 RemovedInAirflow3Warning: Param `schedule_interval` is deprecated and will be removed in a future release. Please use `schedule` instead.
[2026-02-01T23:23:27.341+0000] {processor.py:840} INFO - DAG(s) 'feature_store_cre' retrieved from /opt/airflow/dags/feature_store.py
[2026-02-01T23:23:27.360+0000] {logging_mixin.py:188} INFO - [2026-02-01T23:23:27.359+0000] {dag.py:3096} INFO - Sync 1 DAGs
[2026-02-01T23:23:27.374+0000] {logging_mixin.py:188} INFO - [2026-02-01T23:23:27.374+0000] {dag.py:3954} INFO - Setting next_dagrun for feature_store_cre to 2026-01-31 00:00:00+00:00, run_after=2026-02-01 00:00:00+00:00
[2026-02-01T23:23:27.390+0000] {processor.py:183} INFO - Processing /opt/airflow/dags/feature_store.py took 1.422 seconds
[2026-02-01T23:23:59.235+0000] {processor.py:161} INFO - Started process (PID=44894) to work on /opt/airflow/dags/feature_store.py
[2026-02-01T23:23:59.235+0000] {processor.py:830} INFO - Processing file /opt/airflow/dags/feature_store.py for tasks to queue
[2026-02-01T23:23:59.237+0000] {logging_mixin.py:188} INFO - [2026-02-01T23:23:59.236+0000] {dagbag.py:545} INFO - Filling up the DagBag from /opt/airflow/dags/feature_store.py
[2026-02-01T23:24:00.518+0000] {logging_mixin.py:188} WARNING - /opt/airflow/dags/feature_store.py:64 RemovedInAirflow3Warning: Param `schedule_interval` is deprecated and will be removed in a future release. Please use `schedule` instead.
[2026-02-01T23:24:00.521+0000] {processor.py:840} INFO - DAG(s) 'feature_store_cre' retrieved from /opt/airflow/dags/feature_store.py
[2026-02-01T23:24:00.536+0000] {logging_mixin.py:188} INFO - [2026-02-01T23:24:00.536+0000] {dag.py:3096} INFO - Sync 1 DAGs
[2026-02-01T23:24:00.552+0000] {logging_mixin.py:188} INFO - [2026-02-01T23:24:00.551+0000] {dag.py:3954} INFO - Setting next_dagrun for feature_store_cre to 2026-01-31 00:00:00+00:00, run_after=2026-02-01 00:00:00+00:00
[2026-02-01T23:24:00.567+0000] {processor.py:183} INFO - Processing /opt/airflow/dags/feature_store.py took 1.337 seconds
[2026-02-01T23:24:32.472+0000] {processor.py:161} INFO - Started process (PID=44940) to work on /opt/airflow/dags/feature_store.py
[2026-02-01T23:24:32.473+0000] {processor.py:830} INFO - Processing file /opt/airflow/dags/feature_store.py for tasks to queue
[2026-02-01T23:24:32.475+0000] {logging_mixin.py:188} INFO - [2026-02-01T23:24:32.474+0000] {dagbag.py:545} INFO - Filling up the DagBag from /opt/airflow/dags/feature_store.py
[2026-02-01T23:24:33.953+0000] {logging_mixin.py:188} WARNING - /opt/airflow/dags/feature_store.py:64 RemovedInAirflow3Warning: Param `schedule_interval` is deprecated and will be removed in a future release. Please use `schedule` instead.
[2026-02-01T23:24:33.956+0000] {processor.py:840} INFO - DAG(s) 'feature_store_cre' retrieved from /opt/airflow/dags/feature_store.py
[2026-02-01T23:24:33.972+0000] {logging_mixin.py:188} INFO - [2026-02-01T23:24:33.972+0000] {dag.py:3096} INFO - Sync 1 DAGs
[2026-02-01T23:24:33.988+0000] {logging_mixin.py:188} INFO - [2026-02-01T23:24:33.988+0000] {dag.py:3954} INFO - Setting next_dagrun for feature_store_cre to 2026-01-31 00:00:00+00:00, run_after=2026-02-01 00:00:00+00:00
[2026-02-01T23:24:34.003+0000] {processor.py:183} INFO - Processing /opt/airflow/dags/feature_store.py took 1.535 seconds
[2026-02-01T23:25:05.879+0000] {processor.py:161} INFO - Started process (PID=44987) to work on /opt/airflow/dags/feature_store.py
[2026-02-01T23:25:05.879+0000] {processor.py:830} INFO - Processing file /opt/airflow/dags/feature_store.py for tasks to queue
[2026-02-01T23:25:05.881+0000] {logging_mixin.py:188} INFO - [2026-02-01T23:25:05.880+0000] {dagbag.py:545} INFO - Filling up the DagBag from /opt/airflow/dags/feature_store.py
[2026-02-01T23:25:07.450+0000] {logging_mixin.py:188} WARNING - /opt/airflow/dags/feature_store.py:64 RemovedInAirflow3Warning: Param `schedule_interval` is deprecated and will be removed in a future release. Please use `schedule` instead.
[2026-02-01T23:25:07.454+0000] {processor.py:840} INFO - DAG(s) 'feature_store_cre' retrieved from /opt/airflow/dags/feature_store.py
[2026-02-01T23:25:07.472+0000] {logging_mixin.py:188} INFO - [2026-02-01T23:25:07.471+0000] {dag.py:3096} INFO - Sync 1 DAGs
[2026-02-01T23:25:07.487+0000] {logging_mixin.py:188} INFO - [2026-02-01T23:25:07.486+0000] {dag.py:3954} INFO - Setting next_dagrun for feature_store_cre to 2026-01-31 00:00:00+00:00, run_after=2026-02-01 00:00:00+00:00
[2026-02-01T23:25:07.503+0000] {processor.py:183} INFO - Processing /opt/airflow/dags/feature_store.py took 1.629 seconds
[2026-02-01T23:25:39.386+0000] {processor.py:161} INFO - Started process (PID=45034) to work on /opt/airflow/dags/feature_store.py
[2026-02-01T23:25:39.389+0000] {processor.py:830} INFO - Processing file /opt/airflow/dags/feature_store.py for tasks to queue
[2026-02-01T23:25:39.393+0000] {logging_mixin.py:188} INFO - [2026-02-01T23:25:39.393+0000] {dagbag.py:545} INFO - Filling up the DagBag from /opt/airflow/dags/feature_store.py
[2026-02-01T23:25:41.083+0000] {logging_mixin.py:188} WARNING - /opt/airflow/dags/feature_store.py:64 RemovedInAirflow3Warning: Param `schedule_interval` is deprecated and will be removed in a future release. Please use `schedule` instead.
[2026-02-01T23:25:41.088+0000] {processor.py:840} INFO - DAG(s) 'feature_store_cre' retrieved from /opt/airflow/dags/feature_store.py
[2026-02-01T23:25:41.109+0000] {logging_mixin.py:188} INFO - [2026-02-01T23:25:41.109+0000] {dag.py:3096} INFO - Sync 1 DAGs
[2026-02-01T23:25:41.126+0000] {logging_mixin.py:188} INFO - [2026-02-01T23:25:41.126+0000] {dag.py:3954} INFO - Setting next_dagrun for feature_store_cre to 2026-01-31 00:00:00+00:00, run_after=2026-02-01 00:00:00+00:00
[2026-02-01T23:25:41.146+0000] {processor.py:183} INFO - Processing /opt/airflow/dags/feature_store.py took 1.765 seconds
[2026-02-01T23:26:12.711+0000] {processor.py:161} INFO - Started process (PID=45081) to work on /opt/airflow/dags/feature_store.py
[2026-02-01T23:26:12.712+0000] {processor.py:830} INFO - Processing file /opt/airflow/dags/feature_store.py for tasks to queue
[2026-02-01T23:26:12.714+0000] {logging_mixin.py:188} INFO - [2026-02-01T23:26:12.714+0000] {dagbag.py:545} INFO - Filling up the DagBag from /opt/airflow/dags/feature_store.py
[2026-02-01T23:26:14.585+0000] {logging_mixin.py:188} WARNING - /opt/airflow/dags/feature_store.py:64 RemovedInAirflow3Warning: Param `schedule_interval` is deprecated and will be removed in a future release. Please use `schedule` instead.
[2026-02-01T23:26:14.592+0000] {processor.py:840} INFO - DAG(s) 'feature_store_cre' retrieved from /opt/airflow/dags/feature_store.py
[2026-02-01T23:26:14.616+0000] {logging_mixin.py:188} INFO - [2026-02-01T23:26:14.616+0000] {dag.py:3096} INFO - Sync 1 DAGs
[2026-02-01T23:26:14.637+0000] {logging_mixin.py:188} INFO - [2026-02-01T23:26:14.637+0000] {dag.py:3954} INFO - Setting next_dagrun for feature_store_cre to 2026-01-31 00:00:00+00:00, run_after=2026-02-01 00:00:00+00:00
[2026-02-01T23:26:14.658+0000] {processor.py:183} INFO - Processing /opt/airflow/dags/feature_store.py took 1.952 seconds
[2026-02-01T23:26:45.714+0000] {processor.py:161} INFO - Started process (PID=45128) to work on /opt/airflow/dags/feature_store.py
[2026-02-01T23:26:45.715+0000] {processor.py:830} INFO - Processing file /opt/airflow/dags/feature_store.py for tasks to queue
[2026-02-01T23:26:45.716+0000] {logging_mixin.py:188} INFO - [2026-02-01T23:26:45.716+0000] {dagbag.py:545} INFO - Filling up the DagBag from /opt/airflow/dags/feature_store.py
[2026-02-01T23:26:47.277+0000] {logging_mixin.py:188} WARNING - /opt/airflow/dags/feature_store.py:64 RemovedInAirflow3Warning: Param `schedule_interval` is deprecated and will be removed in a future release. Please use `schedule` instead.
[2026-02-01T23:26:47.282+0000] {processor.py:840} INFO - DAG(s) 'feature_store_cre' retrieved from /opt/airflow/dags/feature_store.py
[2026-02-01T23:26:47.301+0000] {logging_mixin.py:188} INFO - [2026-02-01T23:26:47.300+0000] {dag.py:3096} INFO - Sync 1 DAGs
[2026-02-01T23:26:47.321+0000] {logging_mixin.py:188} INFO - [2026-02-01T23:26:47.320+0000] {dag.py:3954} INFO - Setting next_dagrun for feature_store_cre to 2026-01-31 00:00:00+00:00, run_after=2026-02-01 00:00:00+00:00
[2026-02-01T23:26:47.340+0000] {processor.py:183} INFO - Processing /opt/airflow/dags/feature_store.py took 1.630 seconds
[2026-02-01T23:27:19.231+0000] {processor.py:161} INFO - Started process (PID=45175) to work on /opt/airflow/dags/feature_store.py
[2026-02-01T23:27:19.232+0000] {processor.py:830} INFO - Processing file /opt/airflow/dags/feature_store.py for tasks to queue
[2026-02-01T23:27:19.234+0000] {logging_mixin.py:188} INFO - [2026-02-01T23:27:19.233+0000] {dagbag.py:545} INFO - Filling up the DagBag from /opt/airflow/dags/feature_store.py
[2026-02-01T23:27:21.629+0000] {logging_mixin.py:188} WARNING - /opt/airflow/dags/feature_store.py:64 RemovedInAirflow3Warning: Param `schedule_interval` is deprecated and will be removed in a future release. Please use `schedule` instead.
[2026-02-01T23:27:21.633+0000] {processor.py:840} INFO - DAG(s) 'feature_store_cre' retrieved from /opt/airflow/dags/feature_store.py
[2026-02-01T23:27:21.661+0000] {logging_mixin.py:188} INFO - [2026-02-01T23:27:21.660+0000] {dag.py:3096} INFO - Sync 1 DAGs
[2026-02-01T23:27:21.686+0000] {logging_mixin.py:188} INFO - [2026-02-01T23:27:21.686+0000] {dag.py:3954} INFO - Setting next_dagrun for feature_store_cre to 2026-01-31 00:00:00+00:00, run_after=2026-02-01 00:00:00+00:00
[2026-02-01T23:27:21.710+0000] {processor.py:183} INFO - Processing /opt/airflow/dags/feature_store.py took 2.485 seconds
[2026-02-01T23:27:52.478+0000] {processor.py:161} INFO - Started process (PID=45221) to work on /opt/airflow/dags/feature_store.py
[2026-02-01T23:27:52.478+0000] {processor.py:830} INFO - Processing file /opt/airflow/dags/feature_store.py for tasks to queue
[2026-02-01T23:27:52.479+0000] {logging_mixin.py:188} INFO - [2026-02-01T23:27:52.479+0000] {dagbag.py:545} INFO - Filling up the DagBag from /opt/airflow/dags/feature_store.py
[2026-02-01T23:27:54.039+0000] {logging_mixin.py:188} WARNING - /opt/airflow/dags/feature_store.py:64 RemovedInAirflow3Warning: Param `schedule_interval` is deprecated and will be removed in a future release. Please use `schedule` instead.
[2026-02-01T23:27:54.043+0000] {processor.py:840} INFO - DAG(s) 'feature_store_cre' retrieved from /opt/airflow/dags/feature_store.py
[2026-02-01T23:27:54.064+0000] {logging_mixin.py:188} INFO - [2026-02-01T23:27:54.063+0000] {dag.py:3096} INFO - Sync 1 DAGs
[2026-02-01T23:27:54.083+0000] {logging_mixin.py:188} INFO - [2026-02-01T23:27:54.083+0000] {dag.py:3954} INFO - Setting next_dagrun for feature_store_cre to 2026-01-31 00:00:00+00:00, run_after=2026-02-01 00:00:00+00:00
[2026-02-01T23:27:54.104+0000] {processor.py:183} INFO - Processing /opt/airflow/dags/feature_store.py took 1.632 seconds
[2026-02-01T23:28:26.073+0000] {processor.py:161} INFO - Started process (PID=45269) to work on /opt/airflow/dags/feature_store.py
[2026-02-01T23:28:26.074+0000] {processor.py:830} INFO - Processing file /opt/airflow/dags/feature_store.py for tasks to queue
[2026-02-01T23:28:26.076+0000] {logging_mixin.py:188} INFO - [2026-02-01T23:28:26.076+0000] {dagbag.py:545} INFO - Filling up the DagBag from /opt/airflow/dags/feature_store.py
[2026-02-01T23:28:27.482+0000] {logging_mixin.py:188} WARNING - /opt/airflow/dags/feature_store.py:64 RemovedInAirflow3Warning: Param `schedule_interval` is deprecated and will be removed in a future release. Please use `schedule` instead.
[2026-02-01T23:28:27.485+0000] {processor.py:840} INFO - DAG(s) 'feature_store_cre' retrieved from /opt/airflow/dags/feature_store.py
[2026-02-01T23:28:27.501+0000] {logging_mixin.py:188} INFO - [2026-02-01T23:28:27.501+0000] {dag.py:3096} INFO - Sync 1 DAGs
[2026-02-01T23:28:27.516+0000] {logging_mixin.py:188} INFO - [2026-02-01T23:28:27.516+0000] {dag.py:3954} INFO - Setting next_dagrun for feature_store_cre to 2026-01-31 00:00:00+00:00, run_after=2026-02-01 00:00:00+00:00
[2026-02-01T23:28:27.531+0000] {processor.py:183} INFO - Processing /opt/airflow/dags/feature_store.py took 1.462 seconds
[2026-02-01T23:28:59.424+0000] {processor.py:161} INFO - Started process (PID=45316) to work on /opt/airflow/dags/feature_store.py
[2026-02-01T23:28:59.425+0000] {processor.py:830} INFO - Processing file /opt/airflow/dags/feature_store.py for tasks to queue
[2026-02-01T23:28:59.427+0000] {logging_mixin.py:188} INFO - [2026-02-01T23:28:59.426+0000] {dagbag.py:545} INFO - Filling up the DagBag from /opt/airflow/dags/feature_store.py
[2026-02-01T23:29:00.722+0000] {logging_mixin.py:188} WARNING - /opt/airflow/dags/feature_store.py:64 RemovedInAirflow3Warning: Param `schedule_interval` is deprecated and will be removed in a future release. Please use `schedule` instead.
[2026-02-01T23:29:00.727+0000] {processor.py:840} INFO - DAG(s) 'feature_store_cre' retrieved from /opt/airflow/dags/feature_store.py
[2026-02-01T23:29:00.746+0000] {logging_mixin.py:188} INFO - [2026-02-01T23:29:00.745+0000] {dag.py:3096} INFO - Sync 1 DAGs
[2026-02-01T23:29:00.763+0000] {logging_mixin.py:188} INFO - [2026-02-01T23:29:00.762+0000] {dag.py:3954} INFO - Setting next_dagrun for feature_store_cre to 2026-01-31 00:00:00+00:00, run_after=2026-02-01 00:00:00+00:00
[2026-02-01T23:29:00.778+0000] {processor.py:183} INFO - Processing /opt/airflow/dags/feature_store.py took 1.359 seconds
[2026-02-01T23:29:32.824+0000] {processor.py:161} INFO - Started process (PID=45363) to work on /opt/airflow/dags/feature_store.py
[2026-02-01T23:29:32.825+0000] {processor.py:830} INFO - Processing file /opt/airflow/dags/feature_store.py for tasks to queue
[2026-02-01T23:29:32.827+0000] {logging_mixin.py:188} INFO - [2026-02-01T23:29:32.827+0000] {dagbag.py:545} INFO - Filling up the DagBag from /opt/airflow/dags/feature_store.py
[2026-02-01T23:29:34.211+0000] {logging_mixin.py:188} WARNING - /opt/airflow/dags/feature_store.py:64 RemovedInAirflow3Warning: Param `schedule_interval` is deprecated and will be removed in a future release. Please use `schedule` instead.
[2026-02-01T23:29:34.214+0000] {processor.py:840} INFO - DAG(s) 'feature_store_cre' retrieved from /opt/airflow/dags/feature_store.py
[2026-02-01T23:29:34.230+0000] {logging_mixin.py:188} INFO - [2026-02-01T23:29:34.230+0000] {dag.py:3096} INFO - Sync 1 DAGs
[2026-02-01T23:29:34.244+0000] {logging_mixin.py:188} INFO - [2026-02-01T23:29:34.243+0000] {dag.py:3954} INFO - Setting next_dagrun for feature_store_cre to 2026-01-31 00:00:00+00:00, run_after=2026-02-01 00:00:00+00:00
[2026-02-01T23:29:34.256+0000] {processor.py:183} INFO - Processing /opt/airflow/dags/feature_store.py took 1.437 seconds
[2026-02-01T23:30:06.099+0000] {processor.py:161} INFO - Started process (PID=45410) to work on /opt/airflow/dags/feature_store.py
[2026-02-01T23:30:06.100+0000] {processor.py:830} INFO - Processing file /opt/airflow/dags/feature_store.py for tasks to queue
[2026-02-01T23:30:06.101+0000] {logging_mixin.py:188} INFO - [2026-02-01T23:30:06.101+0000] {dagbag.py:545} INFO - Filling up the DagBag from /opt/airflow/dags/feature_store.py
[2026-02-01T23:30:07.464+0000] {logging_mixin.py:188} WARNING - /opt/airflow/dags/feature_store.py:64 RemovedInAirflow3Warning: Param `schedule_interval` is deprecated and will be removed in a future release. Please use `schedule` instead.
[2026-02-01T23:30:07.467+0000] {processor.py:840} INFO - DAG(s) 'feature_store_cre' retrieved from /opt/airflow/dags/feature_store.py
[2026-02-01T23:30:07.483+0000] {logging_mixin.py:188} INFO - [2026-02-01T23:30:07.483+0000] {dag.py:3096} INFO - Sync 1 DAGs
[2026-02-01T23:30:07.496+0000] {logging_mixin.py:188} INFO - [2026-02-01T23:30:07.496+0000] {dag.py:3954} INFO - Setting next_dagrun for feature_store_cre to 2026-01-31 00:00:00+00:00, run_after=2026-02-01 00:00:00+00:00
[2026-02-01T23:30:07.511+0000] {processor.py:183} INFO - Processing /opt/airflow/dags/feature_store.py took 1.417 seconds
[2026-02-01T23:30:39.064+0000] {processor.py:161} INFO - Started process (PID=45457) to work on /opt/airflow/dags/feature_store.py
[2026-02-01T23:30:39.064+0000] {processor.py:830} INFO - Processing file /opt/airflow/dags/feature_store.py for tasks to queue
[2026-02-01T23:30:39.066+0000] {logging_mixin.py:188} INFO - [2026-02-01T23:30:39.065+0000] {dagbag.py:545} INFO - Filling up the DagBag from /opt/airflow/dags/feature_store.py
[2026-02-01T23:30:40.424+0000] {logging_mixin.py:188} WARNING - /opt/airflow/dags/feature_store.py:64 RemovedInAirflow3Warning: Param `schedule_interval` is deprecated and will be removed in a future release. Please use `schedule` instead.
[2026-02-01T23:30:40.428+0000] {processor.py:840} INFO - DAG(s) 'feature_store_cre' retrieved from /opt/airflow/dags/feature_store.py
[2026-02-01T23:30:40.447+0000] {logging_mixin.py:188} INFO - [2026-02-01T23:30:40.446+0000] {dag.py:3096} INFO - Sync 1 DAGs
[2026-02-01T23:30:40.462+0000] {logging_mixin.py:188} INFO - [2026-02-01T23:30:40.462+0000] {dag.py:3954} INFO - Setting next_dagrun for feature_store_cre to 2026-01-31 00:00:00+00:00, run_after=2026-02-01 00:00:00+00:00
[2026-02-01T23:30:40.479+0000] {processor.py:183} INFO - Processing /opt/airflow/dags/feature_store.py took 1.419 seconds
[2026-02-01T23:31:12.708+0000] {processor.py:161} INFO - Started process (PID=45503) to work on /opt/airflow/dags/feature_store.py
[2026-02-01T23:31:12.709+0000] {processor.py:830} INFO - Processing file /opt/airflow/dags/feature_store.py for tasks to queue
[2026-02-01T23:31:12.710+0000] {logging_mixin.py:188} INFO - [2026-02-01T23:31:12.710+0000] {dagbag.py:545} INFO - Filling up the DagBag from /opt/airflow/dags/feature_store.py
[2026-02-01T23:31:14.003+0000] {logging_mixin.py:188} WARNING - /opt/airflow/dags/feature_store.py:64 RemovedInAirflow3Warning: Param `schedule_interval` is deprecated and will be removed in a future release. Please use `schedule` instead.
[2026-02-01T23:31:14.006+0000] {processor.py:840} INFO - DAG(s) 'feature_store_cre' retrieved from /opt/airflow/dags/feature_store.py
[2026-02-01T23:31:14.024+0000] {logging_mixin.py:188} INFO - [2026-02-01T23:31:14.023+0000] {dag.py:3096} INFO - Sync 1 DAGs
[2026-02-01T23:31:14.039+0000] {logging_mixin.py:188} INFO - [2026-02-01T23:31:14.039+0000] {dag.py:3954} INFO - Setting next_dagrun for feature_store_cre to 2026-01-31 00:00:00+00:00, run_after=2026-02-01 00:00:00+00:00
[2026-02-01T23:31:14.053+0000] {processor.py:183} INFO - Processing /opt/airflow/dags/feature_store.py took 1.349 seconds
[2026-02-01T23:31:45.904+0000] {processor.py:161} INFO - Started process (PID=45551) to work on /opt/airflow/dags/feature_store.py
[2026-02-01T23:31:45.904+0000] {processor.py:830} INFO - Processing file /opt/airflow/dags/feature_store.py for tasks to queue
[2026-02-01T23:31:45.906+0000] {logging_mixin.py:188} INFO - [2026-02-01T23:31:45.906+0000] {dagbag.py:545} INFO - Filling up the DagBag from /opt/airflow/dags/feature_store.py
[2026-02-01T23:31:47.386+0000] {logging_mixin.py:188} WARNING - /opt/airflow/dags/feature_store.py:64 RemovedInAirflow3Warning: Param `schedule_interval` is deprecated and will be removed in a future release. Please use `schedule` instead.
[2026-02-01T23:31:47.390+0000] {processor.py:840} INFO - DAG(s) 'feature_store_cre' retrieved from /opt/airflow/dags/feature_store.py
[2026-02-01T23:31:47.408+0000] {logging_mixin.py:188} INFO - [2026-02-01T23:31:47.407+0000] {dag.py:3096} INFO - Sync 1 DAGs
[2026-02-01T23:31:47.422+0000] {logging_mixin.py:188} INFO - [2026-02-01T23:31:47.422+0000] {dag.py:3954} INFO - Setting next_dagrun for feature_store_cre to 2026-01-31 00:00:00+00:00, run_after=2026-02-01 00:00:00+00:00
[2026-02-01T23:31:47.440+0000] {processor.py:183} INFO - Processing /opt/airflow/dags/feature_store.py took 1.541 seconds
[2026-02-01T23:32:19.307+0000] {processor.py:161} INFO - Started process (PID=45598) to work on /opt/airflow/dags/feature_store.py
[2026-02-01T23:32:19.307+0000] {processor.py:830} INFO - Processing file /opt/airflow/dags/feature_store.py for tasks to queue
[2026-02-01T23:32:19.309+0000] {logging_mixin.py:188} INFO - [2026-02-01T23:32:19.308+0000] {dagbag.py:545} INFO - Filling up the DagBag from /opt/airflow/dags/feature_store.py
[2026-02-01T23:32:20.600+0000] {logging_mixin.py:188} WARNING - /opt/airflow/dags/feature_store.py:64 RemovedInAirflow3Warning: Param `schedule_interval` is deprecated and will be removed in a future release. Please use `schedule` instead.
[2026-02-01T23:32:20.604+0000] {processor.py:840} INFO - DAG(s) 'feature_store_cre' retrieved from /opt/airflow/dags/feature_store.py
[2026-02-01T23:32:20.620+0000] {logging_mixin.py:188} INFO - [2026-02-01T23:32:20.620+0000] {dag.py:3096} INFO - Sync 1 DAGs
[2026-02-01T23:32:20.633+0000] {logging_mixin.py:188} INFO - [2026-02-01T23:32:20.633+0000] {dag.py:3954} INFO - Setting next_dagrun for feature_store_cre to 2026-01-31 00:00:00+00:00, run_after=2026-02-01 00:00:00+00:00
[2026-02-01T23:32:20.650+0000] {processor.py:183} INFO - Processing /opt/airflow/dags/feature_store.py took 1.347 seconds
[2026-02-01T23:32:52.517+0000] {processor.py:161} INFO - Started process (PID=45645) to work on /opt/airflow/dags/feature_store.py
[2026-02-01T23:32:52.517+0000] {processor.py:830} INFO - Processing file /opt/airflow/dags/feature_store.py for tasks to queue
[2026-02-01T23:32:52.519+0000] {logging_mixin.py:188} INFO - [2026-02-01T23:32:52.518+0000] {dagbag.py:545} INFO - Filling up the DagBag from /opt/airflow/dags/feature_store.py
[2026-02-01T23:32:53.835+0000] {logging_mixin.py:188} WARNING - /opt/airflow/dags/feature_store.py:64 RemovedInAirflow3Warning: Param `schedule_interval` is deprecated and will be removed in a future release. Please use `schedule` instead.
[2026-02-01T23:32:53.838+0000] {processor.py:840} INFO - DAG(s) 'feature_store_cre' retrieved from /opt/airflow/dags/feature_store.py
[2026-02-01T23:32:53.856+0000] {logging_mixin.py:188} INFO - [2026-02-01T23:32:53.855+0000] {dag.py:3096} INFO - Sync 1 DAGs
[2026-02-01T23:32:53.870+0000] {logging_mixin.py:188} INFO - [2026-02-01T23:32:53.870+0000] {dag.py:3954} INFO - Setting next_dagrun for feature_store_cre to 2026-01-31 00:00:00+00:00, run_after=2026-02-01 00:00:00+00:00
[2026-02-01T23:32:53.889+0000] {processor.py:183} INFO - Processing /opt/airflow/dags/feature_store.py took 1.377 seconds
[2026-02-01T23:33:26.066+0000] {processor.py:161} INFO - Started process (PID=45692) to work on /opt/airflow/dags/feature_store.py
[2026-02-01T23:33:26.067+0000] {processor.py:830} INFO - Processing file /opt/airflow/dags/feature_store.py for tasks to queue
[2026-02-01T23:33:26.068+0000] {logging_mixin.py:188} INFO - [2026-02-01T23:33:26.068+0000] {dagbag.py:545} INFO - Filling up the DagBag from /opt/airflow/dags/feature_store.py
[2026-02-01T23:33:27.423+0000] {logging_mixin.py:188} WARNING - /opt/airflow/dags/feature_store.py:64 RemovedInAirflow3Warning: Param `schedule_interval` is deprecated and will be removed in a future release. Please use `schedule` instead.
[2026-02-01T23:33:27.428+0000] {processor.py:840} INFO - DAG(s) 'feature_store_cre' retrieved from /opt/airflow/dags/feature_store.py
[2026-02-01T23:33:27.443+0000] {logging_mixin.py:188} INFO - [2026-02-01T23:33:27.443+0000] {dag.py:3096} INFO - Sync 1 DAGs
[2026-02-01T23:33:27.456+0000] {logging_mixin.py:188} INFO - [2026-02-01T23:33:27.456+0000] {dag.py:3954} INFO - Setting next_dagrun for feature_store_cre to 2026-01-31 00:00:00+00:00, run_after=2026-02-01 00:00:00+00:00
[2026-02-01T23:33:27.470+0000] {processor.py:183} INFO - Processing /opt/airflow/dags/feature_store.py took 1.408 seconds
[2026-02-01T23:33:59.339+0000] {processor.py:161} INFO - Started process (PID=45739) to work on /opt/airflow/dags/feature_store.py
[2026-02-01T23:33:59.340+0000] {processor.py:830} INFO - Processing file /opt/airflow/dags/feature_store.py for tasks to queue
[2026-02-01T23:33:59.341+0000] {logging_mixin.py:188} INFO - [2026-02-01T23:33:59.341+0000] {dagbag.py:545} INFO - Filling up the DagBag from /opt/airflow/dags/feature_store.py
[2026-02-01T23:34:00.627+0000] {logging_mixin.py:188} WARNING - /opt/airflow/dags/feature_store.py:64 RemovedInAirflow3Warning: Param `schedule_interval` is deprecated and will be removed in a future release. Please use `schedule` instead.
[2026-02-01T23:34:00.631+0000] {processor.py:840} INFO - DAG(s) 'feature_store_cre' retrieved from /opt/airflow/dags/feature_store.py
[2026-02-01T23:34:00.647+0000] {logging_mixin.py:188} INFO - [2026-02-01T23:34:00.647+0000] {dag.py:3096} INFO - Sync 1 DAGs
[2026-02-01T23:34:00.661+0000] {logging_mixin.py:188} INFO - [2026-02-01T23:34:00.661+0000] {dag.py:3954} INFO - Setting next_dagrun for feature_store_cre to 2026-01-31 00:00:00+00:00, run_after=2026-02-01 00:00:00+00:00
[2026-02-01T23:34:00.676+0000] {processor.py:183} INFO - Processing /opt/airflow/dags/feature_store.py took 1.341 seconds
[2026-02-01T23:34:32.549+0000] {processor.py:161} INFO - Started process (PID=45786) to work on /opt/airflow/dags/feature_store.py
[2026-02-01T23:34:32.549+0000] {processor.py:830} INFO - Processing file /opt/airflow/dags/feature_store.py for tasks to queue
[2026-02-01T23:34:32.550+0000] {logging_mixin.py:188} INFO - [2026-02-01T23:34:32.550+0000] {dagbag.py:545} INFO - Filling up the DagBag from /opt/airflow/dags/feature_store.py
[2026-02-01T23:34:33.872+0000] {logging_mixin.py:188} WARNING - /opt/airflow/dags/feature_store.py:64 RemovedInAirflow3Warning: Param `schedule_interval` is deprecated and will be removed in a future release. Please use `schedule` instead.
[2026-02-01T23:34:33.875+0000] {processor.py:840} INFO - DAG(s) 'feature_store_cre' retrieved from /opt/airflow/dags/feature_store.py
[2026-02-01T23:34:33.893+0000] {logging_mixin.py:188} INFO - [2026-02-01T23:34:33.892+0000] {dag.py:3096} INFO - Sync 1 DAGs
[2026-02-01T23:34:33.906+0000] {logging_mixin.py:188} INFO - [2026-02-01T23:34:33.906+0000] {dag.py:3954} INFO - Setting next_dagrun for feature_store_cre to 2026-01-31 00:00:00+00:00, run_after=2026-02-01 00:00:00+00:00
[2026-02-01T23:34:33.921+0000] {processor.py:183} INFO - Processing /opt/airflow/dags/feature_store.py took 1.376 seconds
[2026-02-01T23:35:06.194+0000] {processor.py:161} INFO - Started process (PID=45833) to work on /opt/airflow/dags/feature_store.py
[2026-02-01T23:35:06.195+0000] {processor.py:830} INFO - Processing file /opt/airflow/dags/feature_store.py for tasks to queue
[2026-02-01T23:35:06.197+0000] {logging_mixin.py:188} INFO - [2026-02-01T23:35:06.197+0000] {dagbag.py:545} INFO - Filling up the DagBag from /opt/airflow/dags/feature_store.py
[2026-02-01T23:35:07.580+0000] {logging_mixin.py:188} WARNING - /opt/airflow/dags/feature_store.py:64 RemovedInAirflow3Warning: Param `schedule_interval` is deprecated and will be removed in a future release. Please use `schedule` instead.
[2026-02-01T23:35:07.584+0000] {processor.py:840} INFO - DAG(s) 'feature_store_cre' retrieved from /opt/airflow/dags/feature_store.py
[2026-02-01T23:35:07.601+0000] {logging_mixin.py:188} INFO - [2026-02-01T23:35:07.601+0000] {dag.py:3096} INFO - Sync 1 DAGs
[2026-02-01T23:35:07.615+0000] {logging_mixin.py:188} INFO - [2026-02-01T23:35:07.615+0000] {dag.py:3954} INFO - Setting next_dagrun for feature_store_cre to 2026-01-31 00:00:00+00:00, run_after=2026-02-01 00:00:00+00:00
[2026-02-01T23:35:07.631+0000] {processor.py:183} INFO - Processing /opt/airflow/dags/feature_store.py took 1.440 seconds
[2026-02-01T23:35:39.189+0000] {processor.py:161} INFO - Started process (PID=45880) to work on /opt/airflow/dags/feature_store.py
[2026-02-01T23:35:39.190+0000] {processor.py:830} INFO - Processing file /opt/airflow/dags/feature_store.py for tasks to queue
[2026-02-01T23:35:39.191+0000] {logging_mixin.py:188} INFO - [2026-02-01T23:35:39.191+0000] {dagbag.py:545} INFO - Filling up the DagBag from /opt/airflow/dags/feature_store.py
[2026-02-01T23:35:40.521+0000] {logging_mixin.py:188} WARNING - /opt/airflow/dags/feature_store.py:64 RemovedInAirflow3Warning: Param `schedule_interval` is deprecated and will be removed in a future release. Please use `schedule` instead.
[2026-02-01T23:35:40.524+0000] {processor.py:840} INFO - DAG(s) 'feature_store_cre' retrieved from /opt/airflow/dags/feature_store.py
[2026-02-01T23:35:40.541+0000] {logging_mixin.py:188} INFO - [2026-02-01T23:35:40.541+0000] {dag.py:3096} INFO - Sync 1 DAGs
[2026-02-01T23:35:40.555+0000] {logging_mixin.py:188} INFO - [2026-02-01T23:35:40.555+0000] {dag.py:3954} INFO - Setting next_dagrun for feature_store_cre to 2026-01-31 00:00:00+00:00, run_after=2026-02-01 00:00:00+00:00
[2026-02-01T23:35:40.571+0000] {processor.py:183} INFO - Processing /opt/airflow/dags/feature_store.py took 1.386 seconds
[2026-02-01T23:36:12.768+0000] {processor.py:161} INFO - Started process (PID=45927) to work on /opt/airflow/dags/feature_store.py
[2026-02-01T23:36:12.770+0000] {processor.py:830} INFO - Processing file /opt/airflow/dags/feature_store.py for tasks to queue
[2026-02-01T23:36:12.771+0000] {logging_mixin.py:188} INFO - [2026-02-01T23:36:12.770+0000] {dagbag.py:545} INFO - Filling up the DagBag from /opt/airflow/dags/feature_store.py
[2026-02-01T23:36:14.299+0000] {logging_mixin.py:188} WARNING - /opt/airflow/dags/feature_store.py:64 RemovedInAirflow3Warning: Param `schedule_interval` is deprecated and will be removed in a future release. Please use `schedule` instead.
[2026-02-01T23:36:14.303+0000] {processor.py:840} INFO - DAG(s) 'feature_store_cre' retrieved from /opt/airflow/dags/feature_store.py
[2026-02-01T23:36:14.318+0000] {logging_mixin.py:188} INFO - [2026-02-01T23:36:14.318+0000] {dag.py:3096} INFO - Sync 1 DAGs
[2026-02-01T23:36:14.330+0000] {logging_mixin.py:188} INFO - [2026-02-01T23:36:14.330+0000] {dag.py:3954} INFO - Setting next_dagrun for feature_store_cre to 2026-01-31 00:00:00+00:00, run_after=2026-02-01 00:00:00+00:00
[2026-02-01T23:36:14.346+0000] {processor.py:183} INFO - Processing /opt/airflow/dags/feature_store.py took 1.584 seconds
[2026-02-01T23:36:46.216+0000] {processor.py:161} INFO - Started process (PID=45974) to work on /opt/airflow/dags/feature_store.py
[2026-02-01T23:36:46.217+0000] {processor.py:830} INFO - Processing file /opt/airflow/dags/feature_store.py for tasks to queue
[2026-02-01T23:36:46.218+0000] {logging_mixin.py:188} INFO - [2026-02-01T23:36:46.217+0000] {dagbag.py:545} INFO - Filling up the DagBag from /opt/airflow/dags/feature_store.py
[2026-02-01T23:36:47.570+0000] {logging_mixin.py:188} WARNING - /opt/airflow/dags/feature_store.py:64 RemovedInAirflow3Warning: Param `schedule_interval` is deprecated and will be removed in a future release. Please use `schedule` instead.
[2026-02-01T23:36:47.573+0000] {processor.py:840} INFO - DAG(s) 'feature_store_cre' retrieved from /opt/airflow/dags/feature_store.py
[2026-02-01T23:36:47.595+0000] {logging_mixin.py:188} INFO - [2026-02-01T23:36:47.594+0000] {dag.py:3096} INFO - Sync 1 DAGs
[2026-02-01T23:36:47.614+0000] {logging_mixin.py:188} INFO - [2026-02-01T23:36:47.613+0000] {dag.py:3954} INFO - Setting next_dagrun for feature_store_cre to 2026-01-31 00:00:00+00:00, run_after=2026-02-01 00:00:00+00:00
[2026-02-01T23:36:47.633+0000] {processor.py:183} INFO - Processing /opt/airflow/dags/feature_store.py took 1.420 seconds
[2026-02-01T23:37:19.537+0000] {processor.py:161} INFO - Started process (PID=46020) to work on /opt/airflow/dags/feature_store.py
[2026-02-01T23:37:19.537+0000] {processor.py:830} INFO - Processing file /opt/airflow/dags/feature_store.py for tasks to queue
[2026-02-01T23:37:19.539+0000] {logging_mixin.py:188} INFO - [2026-02-01T23:37:19.538+0000] {dagbag.py:545} INFO - Filling up the DagBag from /opt/airflow/dags/feature_store.py
[2026-02-01T23:37:20.860+0000] {logging_mixin.py:188} WARNING - /opt/airflow/dags/feature_store.py:64 RemovedInAirflow3Warning: Param `schedule_interval` is deprecated and will be removed in a future release. Please use `schedule` instead.
[2026-02-01T23:37:20.863+0000] {processor.py:840} INFO - DAG(s) 'feature_store_cre' retrieved from /opt/airflow/dags/feature_store.py
[2026-02-01T23:37:20.880+0000] {logging_mixin.py:188} INFO - [2026-02-01T23:37:20.880+0000] {dag.py:3096} INFO - Sync 1 DAGs
[2026-02-01T23:37:20.893+0000] {logging_mixin.py:188} INFO - [2026-02-01T23:37:20.893+0000] {dag.py:3954} INFO - Setting next_dagrun for feature_store_cre to 2026-01-31 00:00:00+00:00, run_after=2026-02-01 00:00:00+00:00
[2026-02-01T23:37:20.906+0000] {processor.py:183} INFO - Processing /opt/airflow/dags/feature_store.py took 1.374 seconds
[2026-02-01T23:37:52.743+0000] {processor.py:161} INFO - Started process (PID=46068) to work on /opt/airflow/dags/feature_store.py
[2026-02-01T23:37:52.743+0000] {processor.py:830} INFO - Processing file /opt/airflow/dags/feature_store.py for tasks to queue
[2026-02-01T23:37:52.744+0000] {logging_mixin.py:188} INFO - [2026-02-01T23:37:52.744+0000] {dagbag.py:545} INFO - Filling up the DagBag from /opt/airflow/dags/feature_store.py
[2026-02-01T23:37:54.094+0000] {logging_mixin.py:188} WARNING - /opt/airflow/dags/feature_store.py:64 RemovedInAirflow3Warning: Param `schedule_interval` is deprecated and will be removed in a future release. Please use `schedule` instead.
[2026-02-01T23:37:54.097+0000] {processor.py:840} INFO - DAG(s) 'feature_store_cre' retrieved from /opt/airflow/dags/feature_store.py
[2026-02-01T23:37:54.114+0000] {logging_mixin.py:188} INFO - [2026-02-01T23:37:54.113+0000] {dag.py:3096} INFO - Sync 1 DAGs
[2026-02-01T23:37:54.128+0000] {logging_mixin.py:188} INFO - [2026-02-01T23:37:54.128+0000] {dag.py:3954} INFO - Setting next_dagrun for feature_store_cre to 2026-01-31 00:00:00+00:00, run_after=2026-02-01 00:00:00+00:00
[2026-02-01T23:37:54.145+0000] {processor.py:183} INFO - Processing /opt/airflow/dags/feature_store.py took 1.406 seconds
[2026-02-01T23:38:25.987+0000] {processor.py:161} INFO - Started process (PID=46115) to work on /opt/airflow/dags/feature_store.py
[2026-02-01T23:38:25.989+0000] {processor.py:830} INFO - Processing file /opt/airflow/dags/feature_store.py for tasks to queue
[2026-02-01T23:38:25.991+0000] {logging_mixin.py:188} INFO - [2026-02-01T23:38:25.991+0000] {dagbag.py:545} INFO - Filling up the DagBag from /opt/airflow/dags/feature_store.py
[2026-02-01T23:38:27.394+0000] {logging_mixin.py:188} WARNING - /opt/airflow/dags/feature_store.py:64 RemovedInAirflow3Warning: Param `schedule_interval` is deprecated and will be removed in a future release. Please use `schedule` instead.
[2026-02-01T23:38:27.397+0000] {processor.py:840} INFO - DAG(s) 'feature_store_cre' retrieved from /opt/airflow/dags/feature_store.py
[2026-02-01T23:38:27.413+0000] {logging_mixin.py:188} INFO - [2026-02-01T23:38:27.412+0000] {dag.py:3096} INFO - Sync 1 DAGs
[2026-02-01T23:38:27.426+0000] {logging_mixin.py:188} INFO - [2026-02-01T23:38:27.425+0000] {dag.py:3954} INFO - Setting next_dagrun for feature_store_cre to 2026-01-31 00:00:00+00:00, run_after=2026-02-01 00:00:00+00:00
[2026-02-01T23:38:27.438+0000] {processor.py:183} INFO - Processing /opt/airflow/dags/feature_store.py took 1.457 seconds
[2026-02-01T23:38:59.291+0000] {processor.py:161} INFO - Started process (PID=46161) to work on /opt/airflow/dags/feature_store.py
[2026-02-01T23:38:59.291+0000] {processor.py:830} INFO - Processing file /opt/airflow/dags/feature_store.py for tasks to queue
[2026-02-01T23:38:59.292+0000] {logging_mixin.py:188} INFO - [2026-02-01T23:38:59.292+0000] {dagbag.py:545} INFO - Filling up the DagBag from /opt/airflow/dags/feature_store.py
[2026-02-01T23:39:00.811+0000] {logging_mixin.py:188} WARNING - /opt/airflow/dags/feature_store.py:64 RemovedInAirflow3Warning: Param `schedule_interval` is deprecated and will be removed in a future release. Please use `schedule` instead.
[2026-02-01T23:39:00.814+0000] {processor.py:840} INFO - DAG(s) 'feature_store_cre' retrieved from /opt/airflow/dags/feature_store.py
[2026-02-01T23:39:00.832+0000] {logging_mixin.py:188} INFO - [2026-02-01T23:39:00.832+0000] {dag.py:3096} INFO - Sync 1 DAGs
[2026-02-01T23:39:00.853+0000] {logging_mixin.py:188} INFO - [2026-02-01T23:39:00.853+0000] {dag.py:3954} INFO - Setting next_dagrun for feature_store_cre to 2026-01-31 00:00:00+00:00, run_after=2026-02-01 00:00:00+00:00
[2026-02-01T23:39:00.872+0000] {processor.py:183} INFO - Processing /opt/airflow/dags/feature_store.py took 1.585 seconds
[2026-02-01T23:39:32.866+0000] {processor.py:161} INFO - Started process (PID=46209) to work on /opt/airflow/dags/feature_store.py
[2026-02-01T23:39:32.866+0000] {processor.py:830} INFO - Processing file /opt/airflow/dags/feature_store.py for tasks to queue
[2026-02-01T23:39:32.868+0000] {logging_mixin.py:188} INFO - [2026-02-01T23:39:32.867+0000] {dagbag.py:545} INFO - Filling up the DagBag from /opt/airflow/dags/feature_store.py
[2026-02-01T23:39:34.171+0000] {logging_mixin.py:188} WARNING - /opt/airflow/dags/feature_store.py:64 RemovedInAirflow3Warning: Param `schedule_interval` is deprecated and will be removed in a future release. Please use `schedule` instead.
[2026-02-01T23:39:34.174+0000] {processor.py:840} INFO - DAG(s) 'feature_store_cre' retrieved from /opt/airflow/dags/feature_store.py
[2026-02-01T23:39:34.190+0000] {logging_mixin.py:188} INFO - [2026-02-01T23:39:34.190+0000] {dag.py:3096} INFO - Sync 1 DAGs
[2026-02-01T23:39:34.207+0000] {logging_mixin.py:188} INFO - [2026-02-01T23:39:34.207+0000] {dag.py:3954} INFO - Setting next_dagrun for feature_store_cre to 2026-01-31 00:00:00+00:00, run_after=2026-02-01 00:00:00+00:00
[2026-02-01T23:39:34.225+0000] {processor.py:183} INFO - Processing /opt/airflow/dags/feature_store.py took 1.364 seconds
[2026-02-01T23:40:06.079+0000] {processor.py:161} INFO - Started process (PID=46256) to work on /opt/airflow/dags/feature_store.py
[2026-02-01T23:40:06.079+0000] {processor.py:830} INFO - Processing file /opt/airflow/dags/feature_store.py for tasks to queue
[2026-02-01T23:40:06.080+0000] {logging_mixin.py:188} INFO - [2026-02-01T23:40:06.080+0000] {dagbag.py:545} INFO - Filling up the DagBag from /opt/airflow/dags/feature_store.py
[2026-02-01T23:40:07.389+0000] {logging_mixin.py:188} WARNING - /opt/airflow/dags/feature_store.py:64 RemovedInAirflow3Warning: Param `schedule_interval` is deprecated and will be removed in a future release. Please use `schedule` instead.
[2026-02-01T23:40:07.393+0000] {processor.py:840} INFO - DAG(s) 'feature_store_cre' retrieved from /opt/airflow/dags/feature_store.py
[2026-02-01T23:40:07.408+0000] {logging_mixin.py:188} INFO - [2026-02-01T23:40:07.408+0000] {dag.py:3096} INFO - Sync 1 DAGs
[2026-02-01T23:40:07.422+0000] {logging_mixin.py:188} INFO - [2026-02-01T23:40:07.422+0000] {dag.py:3954} INFO - Setting next_dagrun for feature_store_cre to 2026-01-31 00:00:00+00:00, run_after=2026-02-01 00:00:00+00:00
[2026-02-01T23:40:07.445+0000] {processor.py:183} INFO - Processing /opt/airflow/dags/feature_store.py took 1.371 seconds
[2026-02-01T23:40:39.677+0000] {processor.py:161} INFO - Started process (PID=46303) to work on /opt/airflow/dags/feature_store.py
[2026-02-01T23:40:39.678+0000] {processor.py:830} INFO - Processing file /opt/airflow/dags/feature_store.py for tasks to queue
[2026-02-01T23:40:39.679+0000] {logging_mixin.py:188} INFO - [2026-02-01T23:40:39.679+0000] {dagbag.py:545} INFO - Filling up the DagBag from /opt/airflow/dags/feature_store.py
[2026-02-01T23:40:40.953+0000] {logging_mixin.py:188} WARNING - /opt/airflow/dags/feature_store.py:64 RemovedInAirflow3Warning: Param `schedule_interval` is deprecated and will be removed in a future release. Please use `schedule` instead.
[2026-02-01T23:40:40.956+0000] {processor.py:840} INFO - DAG(s) 'feature_store_cre' retrieved from /opt/airflow/dags/feature_store.py
[2026-02-01T23:40:40.972+0000] {logging_mixin.py:188} INFO - [2026-02-01T23:40:40.971+0000] {dag.py:3096} INFO - Sync 1 DAGs
[2026-02-01T23:40:40.985+0000] {logging_mixin.py:188} INFO - [2026-02-01T23:40:40.985+0000] {dag.py:3954} INFO - Setting next_dagrun for feature_store_cre to 2026-01-31 00:00:00+00:00, run_after=2026-02-01 00:00:00+00:00
[2026-02-01T23:40:41.003+0000] {processor.py:183} INFO - Processing /opt/airflow/dags/feature_store.py took 1.330 seconds
[2026-02-01T23:41:12.829+0000] {processor.py:161} INFO - Started process (PID=46350) to work on /opt/airflow/dags/feature_store.py
[2026-02-01T23:41:12.830+0000] {processor.py:830} INFO - Processing file /opt/airflow/dags/feature_store.py for tasks to queue
[2026-02-01T23:41:12.832+0000] {logging_mixin.py:188} INFO - [2026-02-01T23:41:12.831+0000] {dagbag.py:545} INFO - Filling up the DagBag from /opt/airflow/dags/feature_store.py
[2026-02-01T23:41:14.318+0000] {logging_mixin.py:188} WARNING - /opt/airflow/dags/feature_store.py:64 RemovedInAirflow3Warning: Param `schedule_interval` is deprecated and will be removed in a future release. Please use `schedule` instead.
[2026-02-01T23:41:14.323+0000] {processor.py:840} INFO - DAG(s) 'feature_store_cre' retrieved from /opt/airflow/dags/feature_store.py
[2026-02-01T23:41:14.341+0000] {logging_mixin.py:188} INFO - [2026-02-01T23:41:14.340+0000] {dag.py:3096} INFO - Sync 1 DAGs
[2026-02-01T23:41:14.355+0000] {logging_mixin.py:188} INFO - [2026-02-01T23:41:14.355+0000] {dag.py:3954} INFO - Setting next_dagrun for feature_store_cre to 2026-01-31 00:00:00+00:00, run_after=2026-02-01 00:00:00+00:00
[2026-02-01T23:41:14.377+0000] {processor.py:183} INFO - Processing /opt/airflow/dags/feature_store.py took 1.552 seconds
[2026-02-01T23:41:46.228+0000] {processor.py:161} INFO - Started process (PID=46397) to work on /opt/airflow/dags/feature_store.py
[2026-02-01T23:41:46.229+0000] {processor.py:830} INFO - Processing file /opt/airflow/dags/feature_store.py for tasks to queue
[2026-02-01T23:41:46.230+0000] {logging_mixin.py:188} INFO - [2026-02-01T23:41:46.230+0000] {dagbag.py:545} INFO - Filling up the DagBag from /opt/airflow/dags/feature_store.py
[2026-02-01T23:41:47.750+0000] {logging_mixin.py:188} WARNING - /opt/airflow/dags/feature_store.py:64 RemovedInAirflow3Warning: Param `schedule_interval` is deprecated and will be removed in a future release. Please use `schedule` instead.
[2026-02-01T23:41:47.754+0000] {processor.py:840} INFO - DAG(s) 'feature_store_cre' retrieved from /opt/airflow/dags/feature_store.py
[2026-02-01T23:41:47.772+0000] {logging_mixin.py:188} INFO - [2026-02-01T23:41:47.771+0000] {dag.py:3096} INFO - Sync 1 DAGs
[2026-02-01T23:41:47.786+0000] {logging_mixin.py:188} INFO - [2026-02-01T23:41:47.786+0000] {dag.py:3954} INFO - Setting next_dagrun for feature_store_cre to 2026-01-31 00:00:00+00:00, run_after=2026-02-01 00:00:00+00:00
[2026-02-01T23:41:47.803+0000] {processor.py:183} INFO - Processing /opt/airflow/dags/feature_store.py took 1.579 seconds
[2026-02-01T23:42:19.371+0000] {processor.py:161} INFO - Started process (PID=46445) to work on /opt/airflow/dags/feature_store.py
[2026-02-01T23:42:19.373+0000] {processor.py:830} INFO - Processing file /opt/airflow/dags/feature_store.py for tasks to queue
[2026-02-01T23:42:19.375+0000] {logging_mixin.py:188} INFO - [2026-02-01T23:42:19.375+0000] {dagbag.py:545} INFO - Filling up the DagBag from /opt/airflow/dags/feature_store.py
[2026-02-01T23:42:21.038+0000] {logging_mixin.py:188} WARNING - /opt/airflow/dags/feature_store.py:64 RemovedInAirflow3Warning: Param `schedule_interval` is deprecated and will be removed in a future release. Please use `schedule` instead.
[2026-02-01T23:42:21.042+0000] {processor.py:840} INFO - DAG(s) 'feature_store_cre' retrieved from /opt/airflow/dags/feature_store.py
[2026-02-01T23:42:21.068+0000] {logging_mixin.py:188} INFO - [2026-02-01T23:42:21.068+0000] {dag.py:3096} INFO - Sync 1 DAGs
[2026-02-01T23:42:21.086+0000] {logging_mixin.py:188} INFO - [2026-02-01T23:42:21.085+0000] {dag.py:3954} INFO - Setting next_dagrun for feature_store_cre to 2026-01-31 00:00:00+00:00, run_after=2026-02-01 00:00:00+00:00
[2026-02-01T23:42:21.105+0000] {processor.py:183} INFO - Processing /opt/airflow/dags/feature_store.py took 1.738 seconds
[2026-02-01T23:42:52.945+0000] {processor.py:161} INFO - Started process (PID=46492) to work on /opt/airflow/dags/feature_store.py
[2026-02-01T23:42:52.947+0000] {processor.py:830} INFO - Processing file /opt/airflow/dags/feature_store.py for tasks to queue
[2026-02-01T23:42:52.949+0000] {logging_mixin.py:188} INFO - [2026-02-01T23:42:52.949+0000] {dagbag.py:545} INFO - Filling up the DagBag from /opt/airflow/dags/feature_store.py
[2026-02-01T23:42:54.796+0000] {logging_mixin.py:188} WARNING - /opt/airflow/dags/feature_store.py:64 RemovedInAirflow3Warning: Param `schedule_interval` is deprecated and will be removed in a future release. Please use `schedule` instead.
[2026-02-01T23:42:54.800+0000] {processor.py:840} INFO - DAG(s) 'feature_store_cre' retrieved from /opt/airflow/dags/feature_store.py
[2026-02-01T23:42:54.822+0000] {logging_mixin.py:188} INFO - [2026-02-01T23:42:54.822+0000] {dag.py:3096} INFO - Sync 1 DAGs
[2026-02-01T23:42:54.841+0000] {logging_mixin.py:188} INFO - [2026-02-01T23:42:54.840+0000] {dag.py:3954} INFO - Setting next_dagrun for feature_store_cre to 2026-01-31 00:00:00+00:00, run_after=2026-02-01 00:00:00+00:00
[2026-02-01T23:42:54.862+0000] {processor.py:183} INFO - Processing /opt/airflow/dags/feature_store.py took 1.922 seconds
[2026-02-01T23:43:26.101+0000] {processor.py:161} INFO - Started process (PID=46539) to work on /opt/airflow/dags/feature_store.py
[2026-02-01T23:43:26.102+0000] {processor.py:830} INFO - Processing file /opt/airflow/dags/feature_store.py for tasks to queue
[2026-02-01T23:43:26.104+0000] {logging_mixin.py:188} INFO - [2026-02-01T23:43:26.103+0000] {dagbag.py:545} INFO - Filling up the DagBag from /opt/airflow/dags/feature_store.py
[2026-02-01T23:43:28.068+0000] {logging_mixin.py:188} WARNING - /opt/airflow/dags/feature_store.py:64 RemovedInAirflow3Warning: Param `schedule_interval` is deprecated and will be removed in a future release. Please use `schedule` instead.
[2026-02-01T23:43:28.074+0000] {processor.py:840} INFO - DAG(s) 'feature_store_cre' retrieved from /opt/airflow/dags/feature_store.py
[2026-02-01T23:43:28.095+0000] {logging_mixin.py:188} INFO - [2026-02-01T23:43:28.094+0000] {dag.py:3096} INFO - Sync 1 DAGs
[2026-02-01T23:43:28.117+0000] {logging_mixin.py:188} INFO - [2026-02-01T23:43:28.117+0000] {dag.py:3954} INFO - Setting next_dagrun for feature_store_cre to 2026-01-31 00:00:00+00:00, run_after=2026-02-01 00:00:00+00:00
[2026-02-01T23:43:28.136+0000] {processor.py:183} INFO - Processing /opt/airflow/dags/feature_store.py took 2.041 seconds
[2026-02-01T23:44:00.084+0000] {processor.py:161} INFO - Started process (PID=46586) to work on /opt/airflow/dags/feature_store.py
[2026-02-01T23:44:00.087+0000] {processor.py:830} INFO - Processing file /opt/airflow/dags/feature_store.py for tasks to queue
[2026-02-01T23:44:00.088+0000] {logging_mixin.py:188} INFO - [2026-02-01T23:44:00.088+0000] {dagbag.py:545} INFO - Filling up the DagBag from /opt/airflow/dags/feature_store.py
[2026-02-01T23:44:02.211+0000] {logging_mixin.py:188} WARNING - /opt/airflow/dags/feature_store.py:64 RemovedInAirflow3Warning: Param `schedule_interval` is deprecated and will be removed in a future release. Please use `schedule` instead.
[2026-02-01T23:44:02.216+0000] {processor.py:840} INFO - DAG(s) 'feature_store_cre' retrieved from /opt/airflow/dags/feature_store.py
[2026-02-01T23:44:02.242+0000] {logging_mixin.py:188} INFO - [2026-02-01T23:44:02.241+0000] {dag.py:3096} INFO - Sync 1 DAGs
[2026-02-01T23:44:02.262+0000] {logging_mixin.py:188} INFO - [2026-02-01T23:44:02.262+0000] {dag.py:3954} INFO - Setting next_dagrun for feature_store_cre to 2026-01-31 00:00:00+00:00, run_after=2026-02-01 00:00:00+00:00
[2026-02-01T23:44:02.286+0000] {processor.py:183} INFO - Processing /opt/airflow/dags/feature_store.py took 2.206 seconds
[2026-02-01T23:44:33.315+0000] {processor.py:161} INFO - Started process (PID=46633) to work on /opt/airflow/dags/feature_store.py
[2026-02-01T23:44:33.316+0000] {processor.py:830} INFO - Processing file /opt/airflow/dags/feature_store.py for tasks to queue
[2026-02-01T23:44:33.317+0000] {logging_mixin.py:188} INFO - [2026-02-01T23:44:33.317+0000] {dagbag.py:545} INFO - Filling up the DagBag from /opt/airflow/dags/feature_store.py
[2026-02-01T23:44:35.326+0000] {logging_mixin.py:188} WARNING - /opt/airflow/dags/feature_store.py:64 RemovedInAirflow3Warning: Param `schedule_interval` is deprecated and will be removed in a future release. Please use `schedule` instead.
[2026-02-01T23:44:35.333+0000] {processor.py:840} INFO - DAG(s) 'feature_store_cre' retrieved from /opt/airflow/dags/feature_store.py
[2026-02-01T23:44:35.358+0000] {logging_mixin.py:188} INFO - [2026-02-01T23:44:35.358+0000] {dag.py:3096} INFO - Sync 1 DAGs
[2026-02-01T23:44:35.375+0000] {logging_mixin.py:188} INFO - [2026-02-01T23:44:35.375+0000] {dag.py:3954} INFO - Setting next_dagrun for feature_store_cre to 2026-01-31 00:00:00+00:00, run_after=2026-02-01 00:00:00+00:00
[2026-02-01T23:44:35.398+0000] {processor.py:183} INFO - Processing /opt/airflow/dags/feature_store.py took 2.087 seconds
[2026-02-01T23:45:05.575+0000] {processor.py:161} INFO - Started process (PID=46677) to work on /opt/airflow/dags/feature_store.py
[2026-02-01T23:45:05.578+0000] {processor.py:830} INFO - Processing file /opt/airflow/dags/feature_store.py for tasks to queue
[2026-02-01T23:45:05.579+0000] {logging_mixin.py:188} INFO - [2026-02-01T23:45:05.579+0000] {dagbag.py:545} INFO - Filling up the DagBag from /opt/airflow/dags/feature_store.py
[2026-02-01T23:45:06.985+0000] {logging_mixin.py:188} WARNING - /opt/airflow/dags/feature_store.py:64 RemovedInAirflow3Warning: Param `schedule_interval` is deprecated and will be removed in a future release. Please use `schedule` instead.
[2026-02-01T23:45:06.989+0000] {processor.py:840} INFO - DAG(s) 'feature_store_cre' retrieved from /opt/airflow/dags/feature_store.py
[2026-02-01T23:45:07.013+0000] {logging_mixin.py:188} INFO - [2026-02-01T23:45:07.012+0000] {dag.py:3096} INFO - Sync 1 DAGs
[2026-02-01T23:45:07.034+0000] {logging_mixin.py:188} INFO - [2026-02-01T23:45:07.034+0000] {dag.py:3954} INFO - Setting next_dagrun for feature_store_cre to 2026-01-31 00:00:00+00:00, run_after=2026-02-01 00:00:00+00:00
[2026-02-01T23:45:07.051+0000] {processor.py:183} INFO - Processing /opt/airflow/dags/feature_store.py took 1.481 seconds
[2026-02-01T23:45:39.392+0000] {processor.py:161} INFO - Started process (PID=46727) to work on /opt/airflow/dags/feature_store.py
[2026-02-01T23:45:39.393+0000] {processor.py:830} INFO - Processing file /opt/airflow/dags/feature_store.py for tasks to queue
[2026-02-01T23:45:39.394+0000] {logging_mixin.py:188} INFO - [2026-02-01T23:45:39.394+0000] {dagbag.py:545} INFO - Filling up the DagBag from /opt/airflow/dags/feature_store.py
[2026-02-01T23:45:41.272+0000] {logging_mixin.py:188} WARNING - /opt/airflow/dags/feature_store.py:64 RemovedInAirflow3Warning: Param `schedule_interval` is deprecated and will be removed in a future release. Please use `schedule` instead.
[2026-02-01T23:45:41.277+0000] {processor.py:840} INFO - DAG(s) 'feature_store_cre' retrieved from /opt/airflow/dags/feature_store.py
[2026-02-01T23:45:41.302+0000] {logging_mixin.py:188} INFO - [2026-02-01T23:45:41.301+0000] {dag.py:3096} INFO - Sync 1 DAGs
[2026-02-01T23:45:41.319+0000] {logging_mixin.py:188} INFO - [2026-02-01T23:45:41.319+0000] {dag.py:3954} INFO - Setting next_dagrun for feature_store_cre to 2026-01-31 00:00:00+00:00, run_after=2026-02-01 00:00:00+00:00
[2026-02-01T23:45:41.345+0000] {processor.py:183} INFO - Processing /opt/airflow/dags/feature_store.py took 1.959 seconds
[2026-02-01T23:46:11.568+0000] {processor.py:161} INFO - Started process (PID=46771) to work on /opt/airflow/dags/feature_store.py
[2026-02-01T23:46:11.571+0000] {processor.py:830} INFO - Processing file /opt/airflow/dags/feature_store.py for tasks to queue
[2026-02-01T23:46:11.573+0000] {logging_mixin.py:188} INFO - [2026-02-01T23:46:11.572+0000] {dagbag.py:545} INFO - Filling up the DagBag from /opt/airflow/dags/feature_store.py
[2026-02-01T23:46:13.270+0000] {logging_mixin.py:188} WARNING - /opt/airflow/dags/feature_store.py:64 RemovedInAirflow3Warning: Param `schedule_interval` is deprecated and will be removed in a future release. Please use `schedule` instead.
[2026-02-01T23:46:13.277+0000] {processor.py:840} INFO - DAG(s) 'feature_store_cre' retrieved from /opt/airflow/dags/feature_store.py
[2026-02-01T23:46:13.303+0000] {logging_mixin.py:188} INFO - [2026-02-01T23:46:13.302+0000] {dag.py:3096} INFO - Sync 1 DAGs
[2026-02-01T23:46:13.324+0000] {logging_mixin.py:188} INFO - [2026-02-01T23:46:13.324+0000] {dag.py:3954} INFO - Setting next_dagrun for feature_store_cre to 2026-01-31 00:00:00+00:00, run_after=2026-02-01 00:00:00+00:00
[2026-02-01T23:46:13.351+0000] {processor.py:183} INFO - Processing /opt/airflow/dags/feature_store.py took 1.787 seconds
[2026-02-01T23:46:43.987+0000] {processor.py:161} INFO - Started process (PID=46818) to work on /opt/airflow/dags/feature_store.py
[2026-02-01T23:46:43.987+0000] {processor.py:830} INFO - Processing file /opt/airflow/dags/feature_store.py for tasks to queue
[2026-02-01T23:46:43.989+0000] {logging_mixin.py:188} INFO - [2026-02-01T23:46:43.989+0000] {dagbag.py:545} INFO - Filling up the DagBag from /opt/airflow/dags/feature_store.py
[2026-02-01T23:46:45.451+0000] {logging_mixin.py:188} WARNING - /opt/airflow/dags/feature_store.py:64 RemovedInAirflow3Warning: Param `schedule_interval` is deprecated and will be removed in a future release. Please use `schedule` instead.
[2026-02-01T23:46:45.455+0000] {processor.py:840} INFO - DAG(s) 'feature_store_cre' retrieved from /opt/airflow/dags/feature_store.py
[2026-02-01T23:46:45.475+0000] {logging_mixin.py:188} INFO - [2026-02-01T23:46:45.474+0000] {dag.py:3096} INFO - Sync 1 DAGs
[2026-02-01T23:46:45.492+0000] {logging_mixin.py:188} INFO - [2026-02-01T23:46:45.492+0000] {dag.py:3954} INFO - Setting next_dagrun for feature_store_cre to 2026-01-31 00:00:00+00:00, run_after=2026-02-01 00:00:00+00:00
[2026-02-01T23:46:45.510+0000] {processor.py:183} INFO - Processing /opt/airflow/dags/feature_store.py took 1.527 seconds
[2026-02-01T23:47:15.925+0000] {processor.py:161} INFO - Started process (PID=46871) to work on /opt/airflow/dags/feature_store.py
[2026-02-01T23:47:15.928+0000] {processor.py:830} INFO - Processing file /opt/airflow/dags/feature_store.py for tasks to queue
[2026-02-01T23:47:15.929+0000] {logging_mixin.py:188} INFO - [2026-02-01T23:47:15.929+0000] {dagbag.py:545} INFO - Filling up the DagBag from /opt/airflow/dags/feature_store.py
[2026-02-01T23:47:17.543+0000] {logging_mixin.py:188} WARNING - /opt/airflow/dags/feature_store.py:64 RemovedInAirflow3Warning: Param `schedule_interval` is deprecated and will be removed in a future release. Please use `schedule` instead.
[2026-02-01T23:47:17.547+0000] {processor.py:840} INFO - DAG(s) 'feature_store_cre' retrieved from /opt/airflow/dags/feature_store.py
[2026-02-01T23:47:17.568+0000] {logging_mixin.py:188} INFO - [2026-02-01T23:47:17.568+0000] {dag.py:3096} INFO - Sync 1 DAGs
[2026-02-01T23:47:17.589+0000] {logging_mixin.py:188} INFO - [2026-02-01T23:47:17.589+0000] {dag.py:3954} INFO - Setting next_dagrun for feature_store_cre to 2026-01-31 00:00:00+00:00, run_after=2026-02-01 00:00:00+00:00
[2026-02-01T23:47:17.608+0000] {processor.py:183} INFO - Processing /opt/airflow/dags/feature_store.py took 1.688 seconds
[2026-02-01T23:47:47.685+0000] {processor.py:161} INFO - Started process (PID=46918) to work on /opt/airflow/dags/feature_store.py
[2026-02-01T23:47:47.685+0000] {processor.py:830} INFO - Processing file /opt/airflow/dags/feature_store.py for tasks to queue
[2026-02-01T23:47:47.686+0000] {logging_mixin.py:188} INFO - [2026-02-01T23:47:47.686+0000] {dagbag.py:545} INFO - Filling up the DagBag from /opt/airflow/dags/feature_store.py
[2026-02-01T23:47:49.443+0000] {logging_mixin.py:188} WARNING - /opt/airflow/dags/feature_store.py:64 RemovedInAirflow3Warning: Param `schedule_interval` is deprecated and will be removed in a future release. Please use `schedule` instead.
[2026-02-01T23:47:49.448+0000] {processor.py:840} INFO - DAG(s) 'feature_store_cre' retrieved from /opt/airflow/dags/feature_store.py
[2026-02-01T23:47:49.473+0000] {logging_mixin.py:188} INFO - [2026-02-01T23:47:49.472+0000] {dag.py:3096} INFO - Sync 1 DAGs
[2026-02-01T23:47:49.498+0000] {logging_mixin.py:188} INFO - [2026-02-01T23:47:49.497+0000] {dag.py:3954} INFO - Setting next_dagrun for feature_store_cre to 2026-01-31 00:00:00+00:00, run_after=2026-02-01 00:00:00+00:00
[2026-02-01T23:47:49.532+0000] {processor.py:183} INFO - Processing /opt/airflow/dags/feature_store.py took 1.851 seconds
[2026-02-01T23:48:20.579+0000] {processor.py:161} INFO - Started process (PID=46959) to work on /opt/airflow/dags/feature_store.py
[2026-02-01T23:48:20.580+0000] {processor.py:830} INFO - Processing file /opt/airflow/dags/feature_store.py for tasks to queue
[2026-02-01T23:48:20.581+0000] {logging_mixin.py:188} INFO - [2026-02-01T23:48:20.581+0000] {dagbag.py:545} INFO - Filling up the DagBag from /opt/airflow/dags/feature_store.py
[2026-02-01T23:48:21.887+0000] {logging_mixin.py:188} WARNING - /opt/airflow/dags/feature_store.py:64 RemovedInAirflow3Warning: Param `schedule_interval` is deprecated and will be removed in a future release. Please use `schedule` instead.
[2026-02-01T23:48:21.890+0000] {processor.py:840} INFO - DAG(s) 'feature_store_cre' retrieved from /opt/airflow/dags/feature_store.py
[2026-02-01T23:48:21.907+0000] {logging_mixin.py:188} INFO - [2026-02-01T23:48:21.907+0000] {dag.py:3096} INFO - Sync 1 DAGs
[2026-02-01T23:48:21.920+0000] {logging_mixin.py:188} INFO - [2026-02-01T23:48:21.920+0000] {dag.py:3954} INFO - Setting next_dagrun for feature_store_cre to 2026-01-31 00:00:00+00:00, run_after=2026-02-01 00:00:00+00:00
[2026-02-01T23:48:21.934+0000] {processor.py:183} INFO - Processing /opt/airflow/dags/feature_store.py took 1.359 seconds
[2026-02-01T23:48:54.418+0000] {processor.py:161} INFO - Started process (PID=47006) to work on /opt/airflow/dags/feature_store.py
[2026-02-01T23:48:54.419+0000] {processor.py:830} INFO - Processing file /opt/airflow/dags/feature_store.py for tasks to queue
[2026-02-01T23:48:54.420+0000] {logging_mixin.py:188} INFO - [2026-02-01T23:48:54.420+0000] {dagbag.py:545} INFO - Filling up the DagBag from /opt/airflow/dags/feature_store.py
[2026-02-01T23:48:56.038+0000] {logging_mixin.py:188} WARNING - /opt/airflow/dags/feature_store.py:64 RemovedInAirflow3Warning: Param `schedule_interval` is deprecated and will be removed in a future release. Please use `schedule` instead.
[2026-02-01T23:48:56.043+0000] {processor.py:840} INFO - DAG(s) 'feature_store_cre' retrieved from /opt/airflow/dags/feature_store.py
[2026-02-01T23:48:56.063+0000] {logging_mixin.py:188} INFO - [2026-02-01T23:48:56.063+0000] {dag.py:3096} INFO - Sync 1 DAGs
[2026-02-01T23:48:56.079+0000] {logging_mixin.py:188} INFO - [2026-02-01T23:48:56.079+0000] {dag.py:3954} INFO - Setting next_dagrun for feature_store_cre to 2026-01-31 00:00:00+00:00, run_after=2026-02-01 00:00:00+00:00
[2026-02-01T23:48:56.096+0000] {processor.py:183} INFO - Processing /opt/airflow/dags/feature_store.py took 1.684 seconds
[2026-02-01T23:49:26.911+0000] {processor.py:161} INFO - Started process (PID=47053) to work on /opt/airflow/dags/feature_store.py
[2026-02-01T23:49:26.912+0000] {processor.py:830} INFO - Processing file /opt/airflow/dags/feature_store.py for tasks to queue
[2026-02-01T23:49:26.913+0000] {logging_mixin.py:188} INFO - [2026-02-01T23:49:26.913+0000] {dagbag.py:545} INFO - Filling up the DagBag from /opt/airflow/dags/feature_store.py
[2026-02-01T23:49:28.328+0000] {logging_mixin.py:188} WARNING - /opt/airflow/dags/feature_store.py:64 RemovedInAirflow3Warning: Param `schedule_interval` is deprecated and will be removed in a future release. Please use `schedule` instead.
[2026-02-01T23:49:28.331+0000] {processor.py:840} INFO - DAG(s) 'feature_store_cre' retrieved from /opt/airflow/dags/feature_store.py
[2026-02-01T23:49:28.348+0000] {logging_mixin.py:188} INFO - [2026-02-01T23:49:28.347+0000] {dag.py:3096} INFO - Sync 1 DAGs
[2026-02-01T23:49:28.361+0000] {logging_mixin.py:188} INFO - [2026-02-01T23:49:28.360+0000] {dag.py:3954} INFO - Setting next_dagrun for feature_store_cre to 2026-01-31 00:00:00+00:00, run_after=2026-02-01 00:00:00+00:00
[2026-02-01T23:49:28.378+0000] {processor.py:183} INFO - Processing /opt/airflow/dags/feature_store.py took 1.472 seconds
[2026-02-01T23:50:00.784+0000] {processor.py:161} INFO - Started process (PID=47100) to work on /opt/airflow/dags/feature_store.py
[2026-02-01T23:50:00.785+0000] {processor.py:830} INFO - Processing file /opt/airflow/dags/feature_store.py for tasks to queue
[2026-02-01T23:50:00.786+0000] {logging_mixin.py:188} INFO - [2026-02-01T23:50:00.785+0000] {dagbag.py:545} INFO - Filling up the DagBag from /opt/airflow/dags/feature_store.py
[2026-02-01T23:50:02.163+0000] {logging_mixin.py:188} WARNING - /opt/airflow/dags/feature_store.py:64 RemovedInAirflow3Warning: Param `schedule_interval` is deprecated and will be removed in a future release. Please use `schedule` instead.
[2026-02-01T23:50:02.168+0000] {processor.py:840} INFO - DAG(s) 'feature_store_cre' retrieved from /opt/airflow/dags/feature_store.py
[2026-02-01T23:50:02.193+0000] {logging_mixin.py:188} INFO - [2026-02-01T23:50:02.193+0000] {dag.py:3096} INFO - Sync 1 DAGs
[2026-02-01T23:50:02.216+0000] {logging_mixin.py:188} INFO - [2026-02-01T23:50:02.215+0000] {dag.py:3954} INFO - Setting next_dagrun for feature_store_cre to 2026-01-31 00:00:00+00:00, run_after=2026-02-01 00:00:00+00:00
[2026-02-01T23:50:02.237+0000] {processor.py:183} INFO - Processing /opt/airflow/dags/feature_store.py took 1.456 seconds
[2026-02-01T23:50:33.655+0000] {processor.py:161} INFO - Started process (PID=47148) to work on /opt/airflow/dags/feature_store.py
[2026-02-01T23:50:33.657+0000] {processor.py:830} INFO - Processing file /opt/airflow/dags/feature_store.py for tasks to queue
[2026-02-01T23:50:33.658+0000] {logging_mixin.py:188} INFO - [2026-02-01T23:50:33.658+0000] {dagbag.py:545} INFO - Filling up the DagBag from /opt/airflow/dags/feature_store.py
[2026-02-01T23:50:35.414+0000] {logging_mixin.py:188} WARNING - /opt/airflow/dags/feature_store.py:64 RemovedInAirflow3Warning: Param `schedule_interval` is deprecated and will be removed in a future release. Please use `schedule` instead.
[2026-02-01T23:50:35.417+0000] {processor.py:840} INFO - DAG(s) 'feature_store_cre' retrieved from /opt/airflow/dags/feature_store.py
[2026-02-01T23:50:35.433+0000] {logging_mixin.py:188} INFO - [2026-02-01T23:50:35.433+0000] {dag.py:3096} INFO - Sync 1 DAGs
[2026-02-01T23:50:35.448+0000] {logging_mixin.py:188} INFO - [2026-02-01T23:50:35.448+0000] {dag.py:3954} INFO - Setting next_dagrun for feature_store_cre to 2026-01-31 00:00:00+00:00, run_after=2026-02-01 00:00:00+00:00
[2026-02-01T23:50:35.463+0000] {processor.py:183} INFO - Processing /opt/airflow/dags/feature_store.py took 1.814 seconds
[2026-02-01T23:51:07.073+0000] {processor.py:161} INFO - Started process (PID=47195) to work on /opt/airflow/dags/feature_store.py
[2026-02-01T23:51:07.074+0000] {processor.py:830} INFO - Processing file /opt/airflow/dags/feature_store.py for tasks to queue
[2026-02-01T23:51:07.078+0000] {logging_mixin.py:188} INFO - [2026-02-01T23:51:07.077+0000] {dagbag.py:545} INFO - Filling up the DagBag from /opt/airflow/dags/feature_store.py
[2026-02-01T23:51:10.011+0000] {logging_mixin.py:188} WARNING - /opt/airflow/dags/feature_store.py:64 RemovedInAirflow3Warning: Param `schedule_interval` is deprecated and will be removed in a future release. Please use `schedule` instead.
[2026-02-01T23:51:10.017+0000] {processor.py:840} INFO - DAG(s) 'feature_store_cre' retrieved from /opt/airflow/dags/feature_store.py
[2026-02-01T23:51:10.039+0000] {logging_mixin.py:188} INFO - [2026-02-01T23:51:10.038+0000] {dag.py:3096} INFO - Sync 1 DAGs
[2026-02-01T23:51:10.059+0000] {logging_mixin.py:188} INFO - [2026-02-01T23:51:10.058+0000] {dag.py:3954} INFO - Setting next_dagrun for feature_store_cre to 2026-01-31 00:00:00+00:00, run_after=2026-02-01 00:00:00+00:00
[2026-02-01T23:51:10.078+0000] {processor.py:183} INFO - Processing /opt/airflow/dags/feature_store.py took 3.022 seconds
[2026-02-01T23:51:40.555+0000] {processor.py:161} INFO - Started process (PID=47242) to work on /opt/airflow/dags/feature_store.py
[2026-02-01T23:51:40.556+0000] {processor.py:830} INFO - Processing file /opt/airflow/dags/feature_store.py for tasks to queue
[2026-02-01T23:51:40.557+0000] {logging_mixin.py:188} INFO - [2026-02-01T23:51:40.557+0000] {dagbag.py:545} INFO - Filling up the DagBag from /opt/airflow/dags/feature_store.py
[2026-02-01T23:51:42.118+0000] {logging_mixin.py:188} WARNING - /opt/airflow/dags/feature_store.py:64 RemovedInAirflow3Warning: Param `schedule_interval` is deprecated and will be removed in a future release. Please use `schedule` instead.
[2026-02-01T23:51:42.124+0000] {processor.py:840} INFO - DAG(s) 'feature_store_cre' retrieved from /opt/airflow/dags/feature_store.py
[2026-02-01T23:51:42.148+0000] {logging_mixin.py:188} INFO - [2026-02-01T23:51:42.148+0000] {dag.py:3096} INFO - Sync 1 DAGs
[2026-02-01T23:51:42.166+0000] {logging_mixin.py:188} INFO - [2026-02-01T23:51:42.166+0000] {dag.py:3954} INFO - Setting next_dagrun for feature_store_cre to 2026-01-31 00:00:00+00:00, run_after=2026-02-01 00:00:00+00:00
[2026-02-01T23:51:42.195+0000] {processor.py:183} INFO - Processing /opt/airflow/dags/feature_store.py took 1.646 seconds
[2026-02-01T23:52:13.807+0000] {processor.py:161} INFO - Started process (PID=47289) to work on /opt/airflow/dags/feature_store.py
[2026-02-01T23:52:13.808+0000] {processor.py:830} INFO - Processing file /opt/airflow/dags/feature_store.py for tasks to queue
[2026-02-01T23:52:13.810+0000] {logging_mixin.py:188} INFO - [2026-02-01T23:52:13.810+0000] {dagbag.py:545} INFO - Filling up the DagBag from /opt/airflow/dags/feature_store.py
[2026-02-01T23:52:15.579+0000] {logging_mixin.py:188} WARNING - /opt/airflow/dags/feature_store.py:64 RemovedInAirflow3Warning: Param `schedule_interval` is deprecated and will be removed in a future release. Please use `schedule` instead.
[2026-02-01T23:52:15.582+0000] {processor.py:840} INFO - DAG(s) 'feature_store_cre' retrieved from /opt/airflow/dags/feature_store.py
[2026-02-01T23:52:15.600+0000] {logging_mixin.py:188} INFO - [2026-02-01T23:52:15.599+0000] {dag.py:3096} INFO - Sync 1 DAGs
[2026-02-01T23:52:15.614+0000] {logging_mixin.py:188} INFO - [2026-02-01T23:52:15.614+0000] {dag.py:3954} INFO - Setting next_dagrun for feature_store_cre to 2026-01-31 00:00:00+00:00, run_after=2026-02-01 00:00:00+00:00
[2026-02-01T23:52:15.630+0000] {processor.py:183} INFO - Processing /opt/airflow/dags/feature_store.py took 1.832 seconds
[2026-02-01T23:52:47.783+0000] {processor.py:161} INFO - Started process (PID=47336) to work on /opt/airflow/dags/feature_store.py
[2026-02-01T23:52:47.785+0000] {processor.py:830} INFO - Processing file /opt/airflow/dags/feature_store.py for tasks to queue
[2026-02-01T23:52:47.788+0000] {logging_mixin.py:188} INFO - [2026-02-01T23:52:47.788+0000] {dagbag.py:545} INFO - Filling up the DagBag from /opt/airflow/dags/feature_store.py
[2026-02-01T23:52:49.787+0000] {logging_mixin.py:188} WARNING - /opt/airflow/dags/feature_store.py:64 RemovedInAirflow3Warning: Param `schedule_interval` is deprecated and will be removed in a future release. Please use `schedule` instead.
[2026-02-01T23:52:49.791+0000] {processor.py:840} INFO - DAG(s) 'feature_store_cre' retrieved from /opt/airflow/dags/feature_store.py
[2026-02-01T23:52:49.811+0000] {logging_mixin.py:188} INFO - [2026-02-01T23:52:49.811+0000] {dag.py:3096} INFO - Sync 1 DAGs
[2026-02-01T23:52:49.829+0000] {logging_mixin.py:188} INFO - [2026-02-01T23:52:49.829+0000] {dag.py:3954} INFO - Setting next_dagrun for feature_store_cre to 2026-01-31 00:00:00+00:00, run_after=2026-02-01 00:00:00+00:00
[2026-02-01T23:52:49.852+0000] {processor.py:183} INFO - Processing /opt/airflow/dags/feature_store.py took 2.075 seconds
[2026-02-01T23:53:20.484+0000] {processor.py:161} INFO - Started process (PID=47383) to work on /opt/airflow/dags/feature_store.py
[2026-02-01T23:53:20.486+0000] {processor.py:830} INFO - Processing file /opt/airflow/dags/feature_store.py for tasks to queue
[2026-02-01T23:53:20.488+0000] {logging_mixin.py:188} INFO - [2026-02-01T23:53:20.487+0000] {dagbag.py:545} INFO - Filling up the DagBag from /opt/airflow/dags/feature_store.py
[2026-02-01T23:53:23.108+0000] {logging_mixin.py:188} WARNING - /opt/airflow/dags/feature_store.py:64 RemovedInAirflow3Warning: Param `schedule_interval` is deprecated and will be removed in a future release. Please use `schedule` instead.
[2026-02-01T23:53:23.119+0000] {processor.py:840} INFO - DAG(s) 'feature_store_cre' retrieved from /opt/airflow/dags/feature_store.py
[2026-02-01T23:53:23.157+0000] {logging_mixin.py:188} INFO - [2026-02-01T23:53:23.156+0000] {dag.py:3096} INFO - Sync 1 DAGs
[2026-02-01T23:53:23.201+0000] {logging_mixin.py:188} INFO - [2026-02-01T23:53:23.200+0000] {dag.py:3954} INFO - Setting next_dagrun for feature_store_cre to 2026-01-31 00:00:00+00:00, run_after=2026-02-01 00:00:00+00:00
[2026-02-01T23:53:23.233+0000] {processor.py:183} INFO - Processing /opt/airflow/dags/feature_store.py took 2.759 seconds
[2026-02-01T23:53:53.720+0000] {processor.py:161} INFO - Started process (PID=47428) to work on /opt/airflow/dags/feature_store.py
[2026-02-01T23:53:53.722+0000] {processor.py:830} INFO - Processing file /opt/airflow/dags/feature_store.py for tasks to queue
[2026-02-01T23:53:53.724+0000] {logging_mixin.py:188} INFO - [2026-02-01T23:53:53.723+0000] {dagbag.py:545} INFO - Filling up the DagBag from /opt/airflow/dags/feature_store.py
[2026-02-01T23:53:55.517+0000] {logging_mixin.py:188} WARNING - /opt/airflow/dags/feature_store.py:64 RemovedInAirflow3Warning: Param `schedule_interval` is deprecated and will be removed in a future release. Please use `schedule` instead.
[2026-02-01T23:53:55.522+0000] {processor.py:840} INFO - DAG(s) 'feature_store_cre' retrieved from /opt/airflow/dags/feature_store.py
[2026-02-01T23:53:55.539+0000] {logging_mixin.py:188} INFO - [2026-02-01T23:53:55.539+0000] {dag.py:3096} INFO - Sync 1 DAGs
[2026-02-01T23:53:55.554+0000] {logging_mixin.py:188} INFO - [2026-02-01T23:53:55.554+0000] {dag.py:3954} INFO - Setting next_dagrun for feature_store_cre to 2026-01-31 00:00:00+00:00, run_after=2026-02-01 00:00:00+00:00
[2026-02-01T23:53:55.572+0000] {processor.py:183} INFO - Processing /opt/airflow/dags/feature_store.py took 1.858 seconds
[2026-02-01T23:54:27.039+0000] {processor.py:161} INFO - Started process (PID=47459) to work on /opt/airflow/dags/feature_store.py
[2026-02-01T23:54:27.040+0000] {processor.py:830} INFO - Processing file /opt/airflow/dags/feature_store.py for tasks to queue
[2026-02-01T23:54:27.041+0000] {logging_mixin.py:188} INFO - [2026-02-01T23:54:27.041+0000] {dagbag.py:545} INFO - Filling up the DagBag from /opt/airflow/dags/feature_store.py
[2026-02-01T23:54:28.488+0000] {logging_mixin.py:188} WARNING - /opt/airflow/dags/feature_store.py:64 RemovedInAirflow3Warning: Param `schedule_interval` is deprecated and will be removed in a future release. Please use `schedule` instead.
[2026-02-01T23:54:28.491+0000] {processor.py:840} INFO - DAG(s) 'feature_store_cre' retrieved from /opt/airflow/dags/feature_store.py
[2026-02-01T23:54:28.510+0000] {logging_mixin.py:188} INFO - [2026-02-01T23:54:28.509+0000] {dag.py:3096} INFO - Sync 1 DAGs
[2026-02-01T23:54:28.523+0000] {logging_mixin.py:188} INFO - [2026-02-01T23:54:28.523+0000] {dag.py:3954} INFO - Setting next_dagrun for feature_store_cre to 2026-01-31 00:00:00+00:00, run_after=2026-02-01 00:00:00+00:00
[2026-02-01T23:54:28.539+0000] {processor.py:183} INFO - Processing /opt/airflow/dags/feature_store.py took 1.504 seconds
[2026-02-01T23:55:00.449+0000] {processor.py:161} INFO - Started process (PID=47506) to work on /opt/airflow/dags/feature_store.py
[2026-02-01T23:55:00.451+0000] {processor.py:830} INFO - Processing file /opt/airflow/dags/feature_store.py for tasks to queue
[2026-02-01T23:55:00.452+0000] {logging_mixin.py:188} INFO - [2026-02-01T23:55:00.452+0000] {dagbag.py:545} INFO - Filling up the DagBag from /opt/airflow/dags/feature_store.py
[2026-02-01T23:55:02.022+0000] {logging_mixin.py:188} WARNING - /opt/airflow/dags/feature_store.py:64 RemovedInAirflow3Warning: Param `schedule_interval` is deprecated and will be removed in a future release. Please use `schedule` instead.
[2026-02-01T23:55:02.026+0000] {processor.py:840} INFO - DAG(s) 'feature_store_cre' retrieved from /opt/airflow/dags/feature_store.py
[2026-02-01T23:55:02.054+0000] {logging_mixin.py:188} INFO - [2026-02-01T23:55:02.054+0000] {dag.py:3096} INFO - Sync 1 DAGs
[2026-02-01T23:55:02.079+0000] {logging_mixin.py:188} INFO - [2026-02-01T23:55:02.079+0000] {dag.py:3954} INFO - Setting next_dagrun for feature_store_cre to 2026-01-31 00:00:00+00:00, run_after=2026-02-01 00:00:00+00:00
[2026-02-01T23:55:02.113+0000] {processor.py:183} INFO - Processing /opt/airflow/dags/feature_store.py took 1.670 seconds
[2026-02-01T23:55:33.741+0000] {processor.py:161} INFO - Started process (PID=47550) to work on /opt/airflow/dags/feature_store.py
[2026-02-01T23:55:33.742+0000] {processor.py:830} INFO - Processing file /opt/airflow/dags/feature_store.py for tasks to queue
[2026-02-01T23:55:33.744+0000] {logging_mixin.py:188} INFO - [2026-02-01T23:55:33.744+0000] {dagbag.py:545} INFO - Filling up the DagBag from /opt/airflow/dags/feature_store.py
[2026-02-01T23:55:35.558+0000] {logging_mixin.py:188} WARNING - /opt/airflow/dags/feature_store.py:64 RemovedInAirflow3Warning: Param `schedule_interval` is deprecated and will be removed in a future release. Please use `schedule` instead.
[2026-02-01T23:55:35.566+0000] {processor.py:840} INFO - DAG(s) 'feature_store_cre' retrieved from /opt/airflow/dags/feature_store.py
[2026-02-01T23:55:35.596+0000] {logging_mixin.py:188} INFO - [2026-02-01T23:55:35.595+0000] {dag.py:3096} INFO - Sync 1 DAGs
[2026-02-01T23:55:35.628+0000] {logging_mixin.py:188} INFO - [2026-02-01T23:55:35.628+0000] {dag.py:3954} INFO - Setting next_dagrun for feature_store_cre to 2026-01-31 00:00:00+00:00, run_after=2026-02-01 00:00:00+00:00
[2026-02-01T23:55:35.659+0000] {processor.py:183} INFO - Processing /opt/airflow/dags/feature_store.py took 1.922 seconds
[2026-02-01T23:56:07.226+0000] {processor.py:161} INFO - Started process (PID=47597) to work on /opt/airflow/dags/feature_store.py
[2026-02-01T23:56:07.227+0000] {processor.py:830} INFO - Processing file /opt/airflow/dags/feature_store.py for tasks to queue
[2026-02-01T23:56:07.230+0000] {logging_mixin.py:188} INFO - [2026-02-01T23:56:07.230+0000] {dagbag.py:545} INFO - Filling up the DagBag from /opt/airflow/dags/feature_store.py
[2026-02-01T23:56:08.606+0000] {logging_mixin.py:188} WARNING - /opt/airflow/dags/feature_store.py:64 RemovedInAirflow3Warning: Param `schedule_interval` is deprecated and will be removed in a future release. Please use `schedule` instead.
[2026-02-01T23:56:08.610+0000] {processor.py:840} INFO - DAG(s) 'feature_store_cre' retrieved from /opt/airflow/dags/feature_store.py
[2026-02-01T23:56:08.625+0000] {logging_mixin.py:188} INFO - [2026-02-01T23:56:08.624+0000] {dag.py:3096} INFO - Sync 1 DAGs
[2026-02-01T23:56:08.636+0000] {logging_mixin.py:188} INFO - [2026-02-01T23:56:08.636+0000] {dag.py:3954} INFO - Setting next_dagrun for feature_store_cre to 2026-01-31 00:00:00+00:00, run_after=2026-02-01 00:00:00+00:00
[2026-02-01T23:56:08.654+0000] {processor.py:183} INFO - Processing /opt/airflow/dags/feature_store.py took 1.431 seconds
[2026-02-01T23:56:41.119+0000] {processor.py:161} INFO - Started process (PID=47644) to work on /opt/airflow/dags/feature_store.py
[2026-02-01T23:56:41.119+0000] {processor.py:830} INFO - Processing file /opt/airflow/dags/feature_store.py for tasks to queue
[2026-02-01T23:56:41.121+0000] {logging_mixin.py:188} INFO - [2026-02-01T23:56:41.120+0000] {dagbag.py:545} INFO - Filling up the DagBag from /opt/airflow/dags/feature_store.py
[2026-02-01T23:56:42.423+0000] {logging_mixin.py:188} WARNING - /opt/airflow/dags/feature_store.py:64 RemovedInAirflow3Warning: Param `schedule_interval` is deprecated and will be removed in a future release. Please use `schedule` instead.
[2026-02-01T23:56:42.430+0000] {processor.py:840} INFO - DAG(s) 'feature_store_cre' retrieved from /opt/airflow/dags/feature_store.py
[2026-02-01T23:56:42.449+0000] {logging_mixin.py:188} INFO - [2026-02-01T23:56:42.449+0000] {dag.py:3096} INFO - Sync 1 DAGs
[2026-02-01T23:56:42.468+0000] {logging_mixin.py:188} INFO - [2026-02-01T23:56:42.468+0000] {dag.py:3954} INFO - Setting next_dagrun for feature_store_cre to 2026-01-31 00:00:00+00:00, run_after=2026-02-01 00:00:00+00:00
[2026-02-01T23:56:42.496+0000] {processor.py:183} INFO - Processing /opt/airflow/dags/feature_store.py took 1.381 seconds
[2026-02-01T23:57:14.041+0000] {processor.py:161} INFO - Started process (PID=47691) to work on /opt/airflow/dags/feature_store.py
[2026-02-01T23:57:14.043+0000] {processor.py:830} INFO - Processing file /opt/airflow/dags/feature_store.py for tasks to queue
[2026-02-01T23:57:14.044+0000] {logging_mixin.py:188} INFO - [2026-02-01T23:57:14.044+0000] {dagbag.py:545} INFO - Filling up the DagBag from /opt/airflow/dags/feature_store.py
[2026-02-01T23:57:15.747+0000] {logging_mixin.py:188} WARNING - /opt/airflow/dags/feature_store.py:64 RemovedInAirflow3Warning: Param `schedule_interval` is deprecated and will be removed in a future release. Please use `schedule` instead.
[2026-02-01T23:57:15.752+0000] {processor.py:840} INFO - DAG(s) 'feature_store_cre' retrieved from /opt/airflow/dags/feature_store.py
[2026-02-01T23:57:15.777+0000] {logging_mixin.py:188} INFO - [2026-02-01T23:57:15.776+0000] {dag.py:3096} INFO - Sync 1 DAGs
[2026-02-01T23:57:15.798+0000] {logging_mixin.py:188} INFO - [2026-02-01T23:57:15.798+0000] {dag.py:3954} INFO - Setting next_dagrun for feature_store_cre to 2026-01-31 00:00:00+00:00, run_after=2026-02-01 00:00:00+00:00
[2026-02-01T23:57:15.821+0000] {processor.py:183} INFO - Processing /opt/airflow/dags/feature_store.py took 1.784 seconds
[2026-02-01T23:57:47.182+0000] {processor.py:161} INFO - Started process (PID=47738) to work on /opt/airflow/dags/feature_store.py
[2026-02-01T23:57:47.183+0000] {processor.py:830} INFO - Processing file /opt/airflow/dags/feature_store.py for tasks to queue
[2026-02-01T23:57:47.184+0000] {logging_mixin.py:188} INFO - [2026-02-01T23:57:47.184+0000] {dagbag.py:545} INFO - Filling up the DagBag from /opt/airflow/dags/feature_store.py
[2026-02-01T23:57:49.953+0000] {logging_mixin.py:188} WARNING - /opt/airflow/dags/feature_store.py:64 RemovedInAirflow3Warning: Param `schedule_interval` is deprecated and will be removed in a future release. Please use `schedule` instead.
[2026-02-01T23:57:49.958+0000] {processor.py:840} INFO - DAG(s) 'feature_store_cre' retrieved from /opt/airflow/dags/feature_store.py
[2026-02-01T23:57:49.992+0000] {logging_mixin.py:188} INFO - [2026-02-01T23:57:49.991+0000] {dag.py:3096} INFO - Sync 1 DAGs
[2026-02-01T23:57:50.022+0000] {logging_mixin.py:188} INFO - [2026-02-01T23:57:50.021+0000] {dag.py:3954} INFO - Setting next_dagrun for feature_store_cre to 2026-01-31 00:00:00+00:00, run_after=2026-02-01 00:00:00+00:00
[2026-02-01T23:57:50.043+0000] {processor.py:183} INFO - Processing /opt/airflow/dags/feature_store.py took 2.865 seconds
[2026-02-01T23:58:20.479+0000] {processor.py:161} INFO - Started process (PID=47785) to work on /opt/airflow/dags/feature_store.py
[2026-02-01T23:58:20.482+0000] {processor.py:830} INFO - Processing file /opt/airflow/dags/feature_store.py for tasks to queue
[2026-02-01T23:58:20.485+0000] {logging_mixin.py:188} INFO - [2026-02-01T23:58:20.485+0000] {dagbag.py:545} INFO - Filling up the DagBag from /opt/airflow/dags/feature_store.py
[2026-02-01T23:58:23.247+0000] {logging_mixin.py:188} WARNING - /opt/airflow/dags/feature_store.py:64 RemovedInAirflow3Warning: Param `schedule_interval` is deprecated and will be removed in a future release. Please use `schedule` instead.
[2026-02-01T23:58:23.255+0000] {processor.py:840} INFO - DAG(s) 'feature_store_cre' retrieved from /opt/airflow/dags/feature_store.py
[2026-02-01T23:58:23.281+0000] {logging_mixin.py:188} INFO - [2026-02-01T23:58:23.280+0000] {dag.py:3096} INFO - Sync 1 DAGs
[2026-02-01T23:58:23.302+0000] {logging_mixin.py:188} INFO - [2026-02-01T23:58:23.302+0000] {dag.py:3954} INFO - Setting next_dagrun for feature_store_cre to 2026-01-31 00:00:00+00:00, run_after=2026-02-01 00:00:00+00:00
[2026-02-01T23:58:23.330+0000] {processor.py:183} INFO - Processing /opt/airflow/dags/feature_store.py took 2.858 seconds
[2026-02-01T23:58:53.773+0000] {processor.py:161} INFO - Started process (PID=47832) to work on /opt/airflow/dags/feature_store.py
[2026-02-01T23:58:53.774+0000] {processor.py:830} INFO - Processing file /opt/airflow/dags/feature_store.py for tasks to queue
[2026-02-01T23:58:53.775+0000] {logging_mixin.py:188} INFO - [2026-02-01T23:58:53.775+0000] {dagbag.py:545} INFO - Filling up the DagBag from /opt/airflow/dags/feature_store.py
[2026-02-01T23:58:55.974+0000] {logging_mixin.py:188} WARNING - /opt/airflow/dags/feature_store.py:64 RemovedInAirflow3Warning: Param `schedule_interval` is deprecated and will be removed in a future release. Please use `schedule` instead.
[2026-02-01T23:58:55.980+0000] {processor.py:840} INFO - DAG(s) 'feature_store_cre' retrieved from /opt/airflow/dags/feature_store.py
[2026-02-01T23:58:56.006+0000] {logging_mixin.py:188} INFO - [2026-02-01T23:58:56.005+0000] {dag.py:3096} INFO - Sync 1 DAGs
[2026-02-01T23:58:56.028+0000] {logging_mixin.py:188} INFO - [2026-02-01T23:58:56.028+0000] {dag.py:3954} INFO - Setting next_dagrun for feature_store_cre to 2026-01-31 00:00:00+00:00, run_after=2026-02-01 00:00:00+00:00
[2026-02-01T23:58:56.057+0000] {processor.py:183} INFO - Processing /opt/airflow/dags/feature_store.py took 2.290 seconds
[2026-02-01T23:59:27.296+0000] {processor.py:161} INFO - Started process (PID=47879) to work on /opt/airflow/dags/feature_store.py
[2026-02-01T23:59:27.298+0000] {processor.py:830} INFO - Processing file /opt/airflow/dags/feature_store.py for tasks to queue
[2026-02-01T23:59:27.299+0000] {logging_mixin.py:188} INFO - [2026-02-01T23:59:27.299+0000] {dagbag.py:545} INFO - Filling up the DagBag from /opt/airflow/dags/feature_store.py
[2026-02-01T23:59:30.329+0000] {logging_mixin.py:188} WARNING - /opt/airflow/dags/feature_store.py:64 RemovedInAirflow3Warning: Param `schedule_interval` is deprecated and will be removed in a future release. Please use `schedule` instead.
[2026-02-01T23:59:30.336+0000] {processor.py:840} INFO - DAG(s) 'feature_store_cre' retrieved from /opt/airflow/dags/feature_store.py
[2026-02-01T23:59:30.363+0000] {logging_mixin.py:188} INFO - [2026-02-01T23:59:30.362+0000] {dag.py:3096} INFO - Sync 1 DAGs
[2026-02-01T23:59:30.384+0000] {logging_mixin.py:188} INFO - [2026-02-01T23:59:30.384+0000] {dag.py:3954} INFO - Setting next_dagrun for feature_store_cre to 2026-01-31 00:00:00+00:00, run_after=2026-02-01 00:00:00+00:00
[2026-02-01T23:59:30.409+0000] {processor.py:183} INFO - Processing /opt/airflow/dags/feature_store.py took 3.119 seconds
