[2026-02-01T18:05:04.887+0000] {processor.py:161} INFO - Started process (PID=18393) to work on /opt/airflow/dags/predict.py
[2026-02-01T18:05:04.888+0000] {processor.py:830} INFO - Processing file /opt/airflow/dags/predict.py for tasks to queue
[2026-02-01T18:05:04.897+0000] {logging_mixin.py:188} INFO - [2026-02-01T18:05:04.892+0000] {dagbag.py:545} INFO - Filling up the DagBag from /opt/airflow/dags/predict.py
[2026-02-01T18:05:12.402+0000] {logging_mixin.py:188} WARNING - /opt/airflow/dags/predict.py:34 RemovedInAirflow3Warning: Function `days_ago` is deprecated and will be removed in Airflow 3.0. You can achieve equivalent behavior with `pendulum.today('UTC').add(days=-N, ...)`
[2026-02-01T18:05:12.404+0000] {logging_mixin.py:188} WARNING - /opt/airflow/dags/predict.py:29 RemovedInAirflow3Warning: Param `schedule_interval` is deprecated and will be removed in a future release. Please use `schedule` instead.
[2026-02-01T18:05:12.416+0000] {processor.py:840} INFO - DAG(s) 'ml_prediction_pipeline' retrieved from /opt/airflow/dags/predict.py
[2026-02-01T18:05:12.706+0000] {logging_mixin.py:188} INFO - [2026-02-01T18:05:12.706+0000] {dag.py:3096} INFO - Sync 1 DAGs
[2026-02-01T18:05:12.745+0000] {logging_mixin.py:188} INFO - [2026-02-01T18:05:12.744+0000] {dag.py:3954} INFO - Setting next_dagrun for ml_prediction_pipeline to 2026-01-31 00:00:00+00:00, run_after=2026-02-01 00:00:00+00:00
[2026-02-01T18:05:12.796+0000] {processor.py:183} INFO - Processing /opt/airflow/dags/predict.py took 7.924 seconds
[2026-02-01T18:05:43.008+0000] {processor.py:161} INFO - Started process (PID=18435) to work on /opt/airflow/dags/predict.py
[2026-02-01T18:05:43.013+0000] {processor.py:830} INFO - Processing file /opt/airflow/dags/predict.py for tasks to queue
[2026-02-01T18:05:43.024+0000] {logging_mixin.py:188} INFO - [2026-02-01T18:05:43.018+0000] {dagbag.py:545} INFO - Filling up the DagBag from /opt/airflow/dags/predict.py
[2026-02-01T18:05:52.101+0000] {logging_mixin.py:188} WARNING - /opt/airflow/dags/predict.py:34 RemovedInAirflow3Warning: Function `days_ago` is deprecated and will be removed in Airflow 3.0. You can achieve equivalent behavior with `pendulum.today('UTC').add(days=-N, ...)`
[2026-02-01T18:05:52.103+0000] {logging_mixin.py:188} WARNING - /opt/airflow/dags/predict.py:29 RemovedInAirflow3Warning: Param `schedule_interval` is deprecated and will be removed in a future release. Please use `schedule` instead.
[2026-02-01T18:05:52.132+0000] {processor.py:840} INFO - DAG(s) 'ml_prediction_pipeline' retrieved from /opt/airflow/dags/predict.py
[2026-02-01T18:05:52.240+0000] {logging_mixin.py:188} INFO - [2026-02-01T18:05:52.239+0000] {dag.py:3096} INFO - Sync 1 DAGs
[2026-02-01T18:05:52.319+0000] {logging_mixin.py:188} INFO - [2026-02-01T18:05:52.319+0000] {dag.py:3954} INFO - Setting next_dagrun for ml_prediction_pipeline to 2026-01-31 00:00:00+00:00, run_after=2026-02-01 00:00:00+00:00
[2026-02-01T18:05:52.409+0000] {processor.py:183} INFO - Processing /opt/airflow/dags/predict.py took 9.614 seconds
[2026-02-01T18:06:22.795+0000] {processor.py:161} INFO - Started process (PID=18490) to work on /opt/airflow/dags/predict.py
[2026-02-01T18:06:22.796+0000] {processor.py:830} INFO - Processing file /opt/airflow/dags/predict.py for tasks to queue
[2026-02-01T18:06:22.799+0000] {logging_mixin.py:188} INFO - [2026-02-01T18:06:22.798+0000] {dagbag.py:545} INFO - Filling up the DagBag from /opt/airflow/dags/predict.py
[2026-02-01T18:06:25.661+0000] {logging_mixin.py:188} WARNING - /opt/airflow/dags/predict.py:34 RemovedInAirflow3Warning: Function `days_ago` is deprecated and will be removed in Airflow 3.0. You can achieve equivalent behavior with `pendulum.today('UTC').add(days=-N, ...)`
[2026-02-01T18:06:25.663+0000] {logging_mixin.py:188} WARNING - /opt/airflow/dags/predict.py:29 RemovedInAirflow3Warning: Param `schedule_interval` is deprecated and will be removed in a future release. Please use `schedule` instead.
[2026-02-01T18:06:25.672+0000] {processor.py:840} INFO - DAG(s) 'ml_prediction_pipeline' retrieved from /opt/airflow/dags/predict.py
[2026-02-01T18:06:25.719+0000] {logging_mixin.py:188} INFO - [2026-02-01T18:06:25.718+0000] {dag.py:3096} INFO - Sync 1 DAGs
[2026-02-01T18:06:25.757+0000] {logging_mixin.py:188} INFO - [2026-02-01T18:06:25.756+0000] {dag.py:3954} INFO - Setting next_dagrun for ml_prediction_pipeline to 2026-01-31 00:00:00+00:00, run_after=2026-02-01 00:00:00+00:00
[2026-02-01T18:06:25.801+0000] {processor.py:183} INFO - Processing /opt/airflow/dags/predict.py took 3.013 seconds
[2026-02-01T18:06:56.763+0000] {processor.py:161} INFO - Started process (PID=18537) to work on /opt/airflow/dags/predict.py
[2026-02-01T18:06:56.765+0000] {processor.py:830} INFO - Processing file /opt/airflow/dags/predict.py for tasks to queue
[2026-02-01T18:06:56.767+0000] {logging_mixin.py:188} INFO - [2026-02-01T18:06:56.767+0000] {dagbag.py:545} INFO - Filling up the DagBag from /opt/airflow/dags/predict.py
[2026-02-01T18:06:58.887+0000] {logging_mixin.py:188} WARNING - /opt/airflow/dags/predict.py:34 RemovedInAirflow3Warning: Function `days_ago` is deprecated and will be removed in Airflow 3.0. You can achieve equivalent behavior with `pendulum.today('UTC').add(days=-N, ...)`
[2026-02-01T18:06:58.888+0000] {logging_mixin.py:188} WARNING - /opt/airflow/dags/predict.py:29 RemovedInAirflow3Warning: Param `schedule_interval` is deprecated and will be removed in a future release. Please use `schedule` instead.
[2026-02-01T18:06:58.892+0000] {processor.py:840} INFO - DAG(s) 'ml_prediction_pipeline' retrieved from /opt/airflow/dags/predict.py
[2026-02-01T18:06:58.910+0000] {logging_mixin.py:188} INFO - [2026-02-01T18:06:58.909+0000] {dag.py:3096} INFO - Sync 1 DAGs
[2026-02-01T18:06:58.924+0000] {logging_mixin.py:188} INFO - [2026-02-01T18:06:58.924+0000] {dag.py:3954} INFO - Setting next_dagrun for ml_prediction_pipeline to 2026-01-31 00:00:00+00:00, run_after=2026-02-01 00:00:00+00:00
[2026-02-01T18:06:58.939+0000] {processor.py:183} INFO - Processing /opt/airflow/dags/predict.py took 2.181 seconds
[2026-02-01T18:07:29.056+0000] {processor.py:161} INFO - Started process (PID=18584) to work on /opt/airflow/dags/predict.py
[2026-02-01T18:07:29.057+0000] {processor.py:830} INFO - Processing file /opt/airflow/dags/predict.py for tasks to queue
[2026-02-01T18:07:29.059+0000] {logging_mixin.py:188} INFO - [2026-02-01T18:07:29.059+0000] {dagbag.py:545} INFO - Filling up the DagBag from /opt/airflow/dags/predict.py
[2026-02-01T18:07:31.771+0000] {logging_mixin.py:188} WARNING - /opt/airflow/dags/predict.py:34 RemovedInAirflow3Warning: Function `days_ago` is deprecated and will be removed in Airflow 3.0. You can achieve equivalent behavior with `pendulum.today('UTC').add(days=-N, ...)`
[2026-02-01T18:07:31.775+0000] {logging_mixin.py:188} WARNING - /opt/airflow/dags/predict.py:29 RemovedInAirflow3Warning: Param `schedule_interval` is deprecated and will be removed in a future release. Please use `schedule` instead.
[2026-02-01T18:07:31.786+0000] {processor.py:840} INFO - DAG(s) 'ml_prediction_pipeline' retrieved from /opt/airflow/dags/predict.py
[2026-02-01T18:07:31.820+0000] {logging_mixin.py:188} INFO - [2026-02-01T18:07:31.820+0000] {dag.py:3096} INFO - Sync 1 DAGs
[2026-02-01T18:07:31.844+0000] {logging_mixin.py:188} INFO - [2026-02-01T18:07:31.844+0000] {dag.py:3954} INFO - Setting next_dagrun for ml_prediction_pipeline to 2026-01-31 00:00:00+00:00, run_after=2026-02-01 00:00:00+00:00
[2026-02-01T18:07:31.868+0000] {processor.py:183} INFO - Processing /opt/airflow/dags/predict.py took 2.819 seconds
[2026-02-01T18:08:02.557+0000] {processor.py:161} INFO - Started process (PID=18631) to work on /opt/airflow/dags/predict.py
[2026-02-01T18:08:02.561+0000] {processor.py:830} INFO - Processing file /opt/airflow/dags/predict.py for tasks to queue
[2026-02-01T18:08:02.572+0000] {logging_mixin.py:188} INFO - [2026-02-01T18:08:02.572+0000] {dagbag.py:545} INFO - Filling up the DagBag from /opt/airflow/dags/predict.py
[2026-02-01T18:08:06.607+0000] {logging_mixin.py:188} WARNING - /opt/airflow/dags/predict.py:34 RemovedInAirflow3Warning: Function `days_ago` is deprecated and will be removed in Airflow 3.0. You can achieve equivalent behavior with `pendulum.today('UTC').add(days=-N, ...)`
[2026-02-01T18:08:06.608+0000] {logging_mixin.py:188} WARNING - /opt/airflow/dags/predict.py:29 RemovedInAirflow3Warning: Param `schedule_interval` is deprecated and will be removed in a future release. Please use `schedule` instead.
[2026-02-01T18:08:06.615+0000] {processor.py:840} INFO - DAG(s) 'ml_prediction_pipeline' retrieved from /opt/airflow/dags/predict.py
[2026-02-01T18:08:06.641+0000] {logging_mixin.py:188} INFO - [2026-02-01T18:08:06.641+0000] {dag.py:3096} INFO - Sync 1 DAGs
[2026-02-01T18:08:06.665+0000] {logging_mixin.py:188} INFO - [2026-02-01T18:08:06.664+0000] {dag.py:3954} INFO - Setting next_dagrun for ml_prediction_pipeline to 2026-01-31 00:00:00+00:00, run_after=2026-02-01 00:00:00+00:00
[2026-02-01T18:08:06.686+0000] {processor.py:183} INFO - Processing /opt/airflow/dags/predict.py took 4.155 seconds
[2026-02-01T18:08:37.543+0000] {processor.py:161} INFO - Started process (PID=18678) to work on /opt/airflow/dags/predict.py
[2026-02-01T18:08:37.543+0000] {processor.py:830} INFO - Processing file /opt/airflow/dags/predict.py for tasks to queue
[2026-02-01T18:08:37.545+0000] {logging_mixin.py:188} INFO - [2026-02-01T18:08:37.545+0000] {dagbag.py:545} INFO - Filling up the DagBag from /opt/airflow/dags/predict.py
[2026-02-01T18:08:39.957+0000] {logging_mixin.py:188} WARNING - /opt/airflow/dags/predict.py:34 RemovedInAirflow3Warning: Function `days_ago` is deprecated and will be removed in Airflow 3.0. You can achieve equivalent behavior with `pendulum.today('UTC').add(days=-N, ...)`
[2026-02-01T18:08:39.958+0000] {logging_mixin.py:188} WARNING - /opt/airflow/dags/predict.py:29 RemovedInAirflow3Warning: Param `schedule_interval` is deprecated and will be removed in a future release. Please use `schedule` instead.
[2026-02-01T18:08:39.963+0000] {processor.py:840} INFO - DAG(s) 'ml_prediction_pipeline' retrieved from /opt/airflow/dags/predict.py
[2026-02-01T18:08:39.984+0000] {logging_mixin.py:188} INFO - [2026-02-01T18:08:39.983+0000] {dag.py:3096} INFO - Sync 1 DAGs
[2026-02-01T18:08:40.001+0000] {logging_mixin.py:188} INFO - [2026-02-01T18:08:40.001+0000] {dag.py:3954} INFO - Setting next_dagrun for ml_prediction_pipeline to 2026-01-31 00:00:00+00:00, run_after=2026-02-01 00:00:00+00:00
[2026-02-01T18:08:40.019+0000] {processor.py:183} INFO - Processing /opt/airflow/dags/predict.py took 2.482 seconds
[2026-02-01T18:09:10.641+0000] {processor.py:161} INFO - Started process (PID=18725) to work on /opt/airflow/dags/predict.py
[2026-02-01T18:09:10.643+0000] {processor.py:830} INFO - Processing file /opt/airflow/dags/predict.py for tasks to queue
[2026-02-01T18:09:10.645+0000] {logging_mixin.py:188} INFO - [2026-02-01T18:09:10.645+0000] {dagbag.py:545} INFO - Filling up the DagBag from /opt/airflow/dags/predict.py
[2026-02-01T18:09:14.262+0000] {logging_mixin.py:188} WARNING - /opt/airflow/dags/predict.py:34 RemovedInAirflow3Warning: Function `days_ago` is deprecated and will be removed in Airflow 3.0. You can achieve equivalent behavior with `pendulum.today('UTC').add(days=-N, ...)`
[2026-02-01T18:09:14.264+0000] {logging_mixin.py:188} WARNING - /opt/airflow/dags/predict.py:29 RemovedInAirflow3Warning: Param `schedule_interval` is deprecated and will be removed in a future release. Please use `schedule` instead.
[2026-02-01T18:09:14.271+0000] {processor.py:840} INFO - DAG(s) 'ml_prediction_pipeline' retrieved from /opt/airflow/dags/predict.py
[2026-02-01T18:09:14.301+0000] {logging_mixin.py:188} INFO - [2026-02-01T18:09:14.300+0000] {dag.py:3096} INFO - Sync 1 DAGs
[2026-02-01T18:09:14.322+0000] {logging_mixin.py:188} INFO - [2026-02-01T18:09:14.321+0000] {dag.py:3954} INFO - Setting next_dagrun for ml_prediction_pipeline to 2026-01-31 00:00:00+00:00, run_after=2026-02-01 00:00:00+00:00
[2026-02-01T18:09:14.348+0000] {processor.py:183} INFO - Processing /opt/airflow/dags/predict.py took 3.714 seconds
[2026-02-01T18:09:44.932+0000] {processor.py:161} INFO - Started process (PID=18772) to work on /opt/airflow/dags/predict.py
[2026-02-01T18:09:44.933+0000] {processor.py:830} INFO - Processing file /opt/airflow/dags/predict.py for tasks to queue
[2026-02-01T18:09:44.935+0000] {logging_mixin.py:188} INFO - [2026-02-01T18:09:44.935+0000] {dagbag.py:545} INFO - Filling up the DagBag from /opt/airflow/dags/predict.py
[2026-02-01T18:09:47.094+0000] {logging_mixin.py:188} WARNING - /opt/airflow/dags/predict.py:34 RemovedInAirflow3Warning: Function `days_ago` is deprecated and will be removed in Airflow 3.0. You can achieve equivalent behavior with `pendulum.today('UTC').add(days=-N, ...)`
[2026-02-01T18:09:47.095+0000] {logging_mixin.py:188} WARNING - /opt/airflow/dags/predict.py:29 RemovedInAirflow3Warning: Param `schedule_interval` is deprecated and will be removed in a future release. Please use `schedule` instead.
[2026-02-01T18:09:47.100+0000] {processor.py:840} INFO - DAG(s) 'ml_prediction_pipeline' retrieved from /opt/airflow/dags/predict.py
[2026-02-01T18:09:47.123+0000] {logging_mixin.py:188} INFO - [2026-02-01T18:09:47.122+0000] {dag.py:3096} INFO - Sync 1 DAGs
[2026-02-01T18:09:47.139+0000] {logging_mixin.py:188} INFO - [2026-02-01T18:09:47.139+0000] {dag.py:3954} INFO - Setting next_dagrun for ml_prediction_pipeline to 2026-01-31 00:00:00+00:00, run_after=2026-02-01 00:00:00+00:00
[2026-02-01T18:09:47.157+0000] {processor.py:183} INFO - Processing /opt/airflow/dags/predict.py took 2.230 seconds
[2026-02-01T18:10:17.512+0000] {processor.py:161} INFO - Started process (PID=18819) to work on /opt/airflow/dags/predict.py
[2026-02-01T18:10:17.515+0000] {processor.py:830} INFO - Processing file /opt/airflow/dags/predict.py for tasks to queue
[2026-02-01T18:10:17.517+0000] {logging_mixin.py:188} INFO - [2026-02-01T18:10:17.516+0000] {dagbag.py:545} INFO - Filling up the DagBag from /opt/airflow/dags/predict.py
[2026-02-01T18:10:19.838+0000] {logging_mixin.py:188} WARNING - /opt/airflow/dags/predict.py:34 RemovedInAirflow3Warning: Function `days_ago` is deprecated and will be removed in Airflow 3.0. You can achieve equivalent behavior with `pendulum.today('UTC').add(days=-N, ...)`
[2026-02-01T18:10:19.839+0000] {logging_mixin.py:188} WARNING - /opt/airflow/dags/predict.py:29 RemovedInAirflow3Warning: Param `schedule_interval` is deprecated and will be removed in a future release. Please use `schedule` instead.
[2026-02-01T18:10:19.844+0000] {processor.py:840} INFO - DAG(s) 'ml_prediction_pipeline' retrieved from /opt/airflow/dags/predict.py
[2026-02-01T18:10:19.865+0000] {logging_mixin.py:188} INFO - [2026-02-01T18:10:19.865+0000] {dag.py:3096} INFO - Sync 1 DAGs
[2026-02-01T18:10:19.880+0000] {logging_mixin.py:188} INFO - [2026-02-01T18:10:19.880+0000] {dag.py:3954} INFO - Setting next_dagrun for ml_prediction_pipeline to 2026-01-31 00:00:00+00:00, run_after=2026-02-01 00:00:00+00:00
[2026-02-01T18:10:19.896+0000] {processor.py:183} INFO - Processing /opt/airflow/dags/predict.py took 2.389 seconds
[2026-02-01T18:10:50.221+0000] {processor.py:161} INFO - Started process (PID=18866) to work on /opt/airflow/dags/predict.py
[2026-02-01T18:10:50.222+0000] {processor.py:830} INFO - Processing file /opt/airflow/dags/predict.py for tasks to queue
[2026-02-01T18:10:50.223+0000] {logging_mixin.py:188} INFO - [2026-02-01T18:10:50.223+0000] {dagbag.py:545} INFO - Filling up the DagBag from /opt/airflow/dags/predict.py
[2026-02-01T18:10:53.781+0000] {logging_mixin.py:188} WARNING - /opt/airflow/dags/predict.py:34 RemovedInAirflow3Warning: Function `days_ago` is deprecated and will be removed in Airflow 3.0. You can achieve equivalent behavior with `pendulum.today('UTC').add(days=-N, ...)`
[2026-02-01T18:10:53.784+0000] {logging_mixin.py:188} WARNING - /opt/airflow/dags/predict.py:29 RemovedInAirflow3Warning: Param `schedule_interval` is deprecated and will be removed in a future release. Please use `schedule` instead.
[2026-02-01T18:10:53.795+0000] {processor.py:840} INFO - DAG(s) 'ml_prediction_pipeline' retrieved from /opt/airflow/dags/predict.py
[2026-02-01T18:10:53.839+0000] {logging_mixin.py:188} INFO - [2026-02-01T18:10:53.839+0000] {dag.py:3096} INFO - Sync 1 DAGs
[2026-02-01T18:10:53.872+0000] {logging_mixin.py:188} INFO - [2026-02-01T18:10:53.871+0000] {dag.py:3954} INFO - Setting next_dagrun for ml_prediction_pipeline to 2026-01-31 00:00:00+00:00, run_after=2026-02-01 00:00:00+00:00
[2026-02-01T18:10:53.900+0000] {processor.py:183} INFO - Processing /opt/airflow/dags/predict.py took 3.685 seconds
[2026-02-01T18:11:24.427+0000] {processor.py:161} INFO - Started process (PID=18913) to work on /opt/airflow/dags/predict.py
[2026-02-01T18:11:24.430+0000] {processor.py:830} INFO - Processing file /opt/airflow/dags/predict.py for tasks to queue
[2026-02-01T18:11:24.432+0000] {logging_mixin.py:188} INFO - [2026-02-01T18:11:24.431+0000] {dagbag.py:545} INFO - Filling up the DagBag from /opt/airflow/dags/predict.py
[2026-02-01T18:11:27.790+0000] {logging_mixin.py:188} WARNING - /opt/airflow/dags/predict.py:34 RemovedInAirflow3Warning: Function `days_ago` is deprecated and will be removed in Airflow 3.0. You can achieve equivalent behavior with `pendulum.today('UTC').add(days=-N, ...)`
[2026-02-01T18:11:27.791+0000] {logging_mixin.py:188} WARNING - /opt/airflow/dags/predict.py:29 RemovedInAirflow3Warning: Param `schedule_interval` is deprecated and will be removed in a future release. Please use `schedule` instead.
[2026-02-01T18:11:27.797+0000] {processor.py:840} INFO - DAG(s) 'ml_prediction_pipeline' retrieved from /opt/airflow/dags/predict.py
[2026-02-01T18:11:27.820+0000] {logging_mixin.py:188} INFO - [2026-02-01T18:11:27.819+0000] {dag.py:3096} INFO - Sync 1 DAGs
[2026-02-01T18:11:27.838+0000] {logging_mixin.py:188} INFO - [2026-02-01T18:11:27.838+0000] {dag.py:3954} INFO - Setting next_dagrun for ml_prediction_pipeline to 2026-01-31 00:00:00+00:00, run_after=2026-02-01 00:00:00+00:00
[2026-02-01T18:11:27.859+0000] {processor.py:183} INFO - Processing /opt/airflow/dags/predict.py took 3.439 seconds
[2026-02-01T18:11:58.115+0000] {processor.py:161} INFO - Started process (PID=18961) to work on /opt/airflow/dags/predict.py
[2026-02-01T18:11:58.116+0000] {processor.py:830} INFO - Processing file /opt/airflow/dags/predict.py for tasks to queue
[2026-02-01T18:11:58.118+0000] {logging_mixin.py:188} INFO - [2026-02-01T18:11:58.118+0000] {dagbag.py:545} INFO - Filling up the DagBag from /opt/airflow/dags/predict.py
[2026-02-01T18:12:01.657+0000] {logging_mixin.py:188} WARNING - /opt/airflow/dags/predict.py:34 RemovedInAirflow3Warning: Function `days_ago` is deprecated and will be removed in Airflow 3.0. You can achieve equivalent behavior with `pendulum.today('UTC').add(days=-N, ...)`
[2026-02-01T18:12:01.658+0000] {logging_mixin.py:188} WARNING - /opt/airflow/dags/predict.py:29 RemovedInAirflow3Warning: Param `schedule_interval` is deprecated and will be removed in a future release. Please use `schedule` instead.
[2026-02-01T18:12:01.665+0000] {processor.py:840} INFO - DAG(s) 'ml_prediction_pipeline' retrieved from /opt/airflow/dags/predict.py
[2026-02-01T18:12:01.694+0000] {logging_mixin.py:188} INFO - [2026-02-01T18:12:01.694+0000] {dag.py:3096} INFO - Sync 1 DAGs
[2026-02-01T18:12:01.717+0000] {logging_mixin.py:188} INFO - [2026-02-01T18:12:01.717+0000] {dag.py:3954} INFO - Setting next_dagrun for ml_prediction_pipeline to 2026-01-31 00:00:00+00:00, run_after=2026-02-01 00:00:00+00:00
[2026-02-01T18:12:01.742+0000] {processor.py:183} INFO - Processing /opt/airflow/dags/predict.py took 3.632 seconds
[2026-02-01T18:12:31.914+0000] {processor.py:161} INFO - Started process (PID=19008) to work on /opt/airflow/dags/predict.py
[2026-02-01T18:12:31.918+0000] {processor.py:830} INFO - Processing file /opt/airflow/dags/predict.py for tasks to queue
[2026-02-01T18:12:31.922+0000] {logging_mixin.py:188} INFO - [2026-02-01T18:12:31.921+0000] {dagbag.py:545} INFO - Filling up the DagBag from /opt/airflow/dags/predict.py
[2026-02-01T18:12:35.492+0000] {logging_mixin.py:188} WARNING - /opt/airflow/dags/predict.py:34 RemovedInAirflow3Warning: Function `days_ago` is deprecated and will be removed in Airflow 3.0. You can achieve equivalent behavior with `pendulum.today('UTC').add(days=-N, ...)`
[2026-02-01T18:12:35.494+0000] {logging_mixin.py:188} WARNING - /opt/airflow/dags/predict.py:29 RemovedInAirflow3Warning: Param `schedule_interval` is deprecated and will be removed in a future release. Please use `schedule` instead.
[2026-02-01T18:12:35.502+0000] {processor.py:840} INFO - DAG(s) 'ml_prediction_pipeline' retrieved from /opt/airflow/dags/predict.py
[2026-02-01T18:12:35.538+0000] {logging_mixin.py:188} INFO - [2026-02-01T18:12:35.537+0000] {dag.py:3096} INFO - Sync 1 DAGs
[2026-02-01T18:12:35.589+0000] {logging_mixin.py:188} INFO - [2026-02-01T18:12:35.589+0000] {dag.py:3954} INFO - Setting next_dagrun for ml_prediction_pipeline to 2026-01-31 00:00:00+00:00, run_after=2026-02-01 00:00:00+00:00
[2026-02-01T18:12:35.637+0000] {processor.py:183} INFO - Processing /opt/airflow/dags/predict.py took 3.734 seconds
[2026-02-01T18:13:06.326+0000] {processor.py:161} INFO - Started process (PID=19055) to work on /opt/airflow/dags/predict.py
[2026-02-01T18:13:06.327+0000] {processor.py:830} INFO - Processing file /opt/airflow/dags/predict.py for tasks to queue
[2026-02-01T18:13:06.328+0000] {logging_mixin.py:188} INFO - [2026-02-01T18:13:06.328+0000] {dagbag.py:545} INFO - Filling up the DagBag from /opt/airflow/dags/predict.py
[2026-02-01T18:13:09.949+0000] {logging_mixin.py:188} WARNING - /opt/airflow/dags/predict.py:34 RemovedInAirflow3Warning: Function `days_ago` is deprecated and will be removed in Airflow 3.0. You can achieve equivalent behavior with `pendulum.today('UTC').add(days=-N, ...)`
[2026-02-01T18:13:09.950+0000] {logging_mixin.py:188} WARNING - /opt/airflow/dags/predict.py:29 RemovedInAirflow3Warning: Param `schedule_interval` is deprecated and will be removed in a future release. Please use `schedule` instead.
[2026-02-01T18:13:09.954+0000] {processor.py:840} INFO - DAG(s) 'ml_prediction_pipeline' retrieved from /opt/airflow/dags/predict.py
[2026-02-01T18:13:09.981+0000] {logging_mixin.py:188} INFO - [2026-02-01T18:13:09.981+0000] {dag.py:3096} INFO - Sync 1 DAGs
[2026-02-01T18:13:10.001+0000] {logging_mixin.py:188} INFO - [2026-02-01T18:13:10.001+0000] {dag.py:3954} INFO - Setting next_dagrun for ml_prediction_pipeline to 2026-01-31 00:00:00+00:00, run_after=2026-02-01 00:00:00+00:00
[2026-02-01T18:13:10.024+0000] {processor.py:183} INFO - Processing /opt/airflow/dags/predict.py took 3.702 seconds
[2026-02-01T18:13:40.239+0000] {processor.py:161} INFO - Started process (PID=19102) to work on /opt/airflow/dags/predict.py
[2026-02-01T18:13:40.241+0000] {processor.py:830} INFO - Processing file /opt/airflow/dags/predict.py for tasks to queue
[2026-02-01T18:13:40.242+0000] {logging_mixin.py:188} INFO - [2026-02-01T18:13:40.242+0000] {dagbag.py:545} INFO - Filling up the DagBag from /opt/airflow/dags/predict.py
[2026-02-01T18:13:42.259+0000] {logging_mixin.py:188} WARNING - /opt/airflow/dags/predict.py:34 RemovedInAirflow3Warning: Function `days_ago` is deprecated and will be removed in Airflow 3.0. You can achieve equivalent behavior with `pendulum.today('UTC').add(days=-N, ...)`
[2026-02-01T18:13:42.260+0000] {logging_mixin.py:188} WARNING - /opt/airflow/dags/predict.py:29 RemovedInAirflow3Warning: Param `schedule_interval` is deprecated and will be removed in a future release. Please use `schedule` instead.
[2026-02-01T18:13:42.264+0000] {processor.py:840} INFO - DAG(s) 'ml_prediction_pipeline' retrieved from /opt/airflow/dags/predict.py
[2026-02-01T18:13:42.282+0000] {logging_mixin.py:188} INFO - [2026-02-01T18:13:42.282+0000] {dag.py:3096} INFO - Sync 1 DAGs
[2026-02-01T18:13:42.297+0000] {logging_mixin.py:188} INFO - [2026-02-01T18:13:42.297+0000] {dag.py:3954} INFO - Setting next_dagrun for ml_prediction_pipeline to 2026-01-31 00:00:00+00:00, run_after=2026-02-01 00:00:00+00:00
[2026-02-01T18:13:42.314+0000] {processor.py:183} INFO - Processing /opt/airflow/dags/predict.py took 2.079 seconds
[2026-02-01T18:14:12.982+0000] {processor.py:161} INFO - Started process (PID=19149) to work on /opt/airflow/dags/predict.py
[2026-02-01T18:14:12.983+0000] {processor.py:830} INFO - Processing file /opt/airflow/dags/predict.py for tasks to queue
[2026-02-01T18:14:12.984+0000] {logging_mixin.py:188} INFO - [2026-02-01T18:14:12.984+0000] {dagbag.py:545} INFO - Filling up the DagBag from /opt/airflow/dags/predict.py
[2026-02-01T18:14:15.311+0000] {logging_mixin.py:188} WARNING - /opt/airflow/dags/predict.py:34 RemovedInAirflow3Warning: Function `days_ago` is deprecated and will be removed in Airflow 3.0. You can achieve equivalent behavior with `pendulum.today('UTC').add(days=-N, ...)`
[2026-02-01T18:14:15.313+0000] {logging_mixin.py:188} WARNING - /opt/airflow/dags/predict.py:29 RemovedInAirflow3Warning: Param `schedule_interval` is deprecated and will be removed in a future release. Please use `schedule` instead.
[2026-02-01T18:14:15.318+0000] {processor.py:840} INFO - DAG(s) 'ml_prediction_pipeline' retrieved from /opt/airflow/dags/predict.py
[2026-02-01T18:14:15.339+0000] {logging_mixin.py:188} INFO - [2026-02-01T18:14:15.338+0000] {dag.py:3096} INFO - Sync 1 DAGs
[2026-02-01T18:14:15.356+0000] {logging_mixin.py:188} INFO - [2026-02-01T18:14:15.356+0000] {dag.py:3954} INFO - Setting next_dagrun for ml_prediction_pipeline to 2026-01-31 00:00:00+00:00, run_after=2026-02-01 00:00:00+00:00
[2026-02-01T18:14:15.373+0000] {processor.py:183} INFO - Processing /opt/airflow/dags/predict.py took 2.395 seconds
[2026-02-01T18:14:45.568+0000] {processor.py:161} INFO - Started process (PID=19196) to work on /opt/airflow/dags/predict.py
[2026-02-01T18:14:45.569+0000] {processor.py:830} INFO - Processing file /opt/airflow/dags/predict.py for tasks to queue
[2026-02-01T18:14:45.572+0000] {logging_mixin.py:188} INFO - [2026-02-01T18:14:45.571+0000] {dagbag.py:545} INFO - Filling up the DagBag from /opt/airflow/dags/predict.py
[2026-02-01T18:14:47.684+0000] {logging_mixin.py:188} WARNING - /opt/airflow/dags/predict.py:34 RemovedInAirflow3Warning: Function `days_ago` is deprecated and will be removed in Airflow 3.0. You can achieve equivalent behavior with `pendulum.today('UTC').add(days=-N, ...)`
[2026-02-01T18:14:47.685+0000] {logging_mixin.py:188} WARNING - /opt/airflow/dags/predict.py:29 RemovedInAirflow3Warning: Param `schedule_interval` is deprecated and will be removed in a future release. Please use `schedule` instead.
[2026-02-01T18:14:47.692+0000] {processor.py:840} INFO - DAG(s) 'ml_prediction_pipeline' retrieved from /opt/airflow/dags/predict.py
[2026-02-01T18:14:47.713+0000] {logging_mixin.py:188} INFO - [2026-02-01T18:14:47.713+0000] {dag.py:3096} INFO - Sync 1 DAGs
[2026-02-01T18:14:47.729+0000] {logging_mixin.py:188} INFO - [2026-02-01T18:14:47.729+0000] {dag.py:3954} INFO - Setting next_dagrun for ml_prediction_pipeline to 2026-01-31 00:00:00+00:00, run_after=2026-02-01 00:00:00+00:00
[2026-02-01T18:14:47.748+0000] {processor.py:183} INFO - Processing /opt/airflow/dags/predict.py took 2.187 seconds
[2026-02-01T18:15:20.122+0000] {processor.py:161} INFO - Started process (PID=19238) to work on /opt/airflow/dags/predict.py
[2026-02-01T18:15:20.134+0000] {processor.py:830} INFO - Processing file /opt/airflow/dags/predict.py for tasks to queue
[2026-02-01T18:15:20.137+0000] {logging_mixin.py:188} INFO - [2026-02-01T18:15:20.136+0000] {dagbag.py:545} INFO - Filling up the DagBag from /opt/airflow/dags/predict.py
[2026-02-01T18:15:22.651+0000] {logging_mixin.py:188} WARNING - /opt/airflow/dags/predict.py:34 RemovedInAirflow3Warning: Function `days_ago` is deprecated and will be removed in Airflow 3.0. You can achieve equivalent behavior with `pendulum.today('UTC').add(days=-N, ...)`
[2026-02-01T18:15:22.652+0000] {logging_mixin.py:188} WARNING - /opt/airflow/dags/predict.py:29 RemovedInAirflow3Warning: Param `schedule_interval` is deprecated and will be removed in a future release. Please use `schedule` instead.
[2026-02-01T18:15:22.657+0000] {processor.py:840} INFO - DAG(s) 'ml_prediction_pipeline' retrieved from /opt/airflow/dags/predict.py
[2026-02-01T18:15:22.677+0000] {logging_mixin.py:188} INFO - [2026-02-01T18:15:22.677+0000] {dag.py:3096} INFO - Sync 1 DAGs
[2026-02-01T18:15:22.693+0000] {logging_mixin.py:188} INFO - [2026-02-01T18:15:22.692+0000] {dag.py:3954} INFO - Setting next_dagrun for ml_prediction_pipeline to 2026-01-31 00:00:00+00:00, run_after=2026-02-01 00:00:00+00:00
[2026-02-01T18:15:22.711+0000] {processor.py:183} INFO - Processing /opt/airflow/dags/predict.py took 2.595 seconds
[2026-02-01T18:15:52.854+0000] {processor.py:161} INFO - Started process (PID=19273) to work on /opt/airflow/dags/predict.py
[2026-02-01T18:15:52.854+0000] {processor.py:830} INFO - Processing file /opt/airflow/dags/predict.py for tasks to queue
[2026-02-01T18:15:52.856+0000] {logging_mixin.py:188} INFO - [2026-02-01T18:15:52.856+0000] {dagbag.py:545} INFO - Filling up the DagBag from /opt/airflow/dags/predict.py
[2026-02-01T18:15:55.531+0000] {logging_mixin.py:188} WARNING - /opt/airflow/dags/predict.py:34 RemovedInAirflow3Warning: Function `days_ago` is deprecated and will be removed in Airflow 3.0. You can achieve equivalent behavior with `pendulum.today('UTC').add(days=-N, ...)`
[2026-02-01T18:15:55.533+0000] {logging_mixin.py:188} WARNING - /opt/airflow/dags/predict.py:29 RemovedInAirflow3Warning: Param `schedule_interval` is deprecated and will be removed in a future release. Please use `schedule` instead.
[2026-02-01T18:15:55.539+0000] {processor.py:840} INFO - DAG(s) 'ml_prediction_pipeline' retrieved from /opt/airflow/dags/predict.py
[2026-02-01T18:15:55.566+0000] {logging_mixin.py:188} INFO - [2026-02-01T18:15:55.566+0000] {dag.py:3096} INFO - Sync 1 DAGs
[2026-02-01T18:15:55.588+0000] {logging_mixin.py:188} INFO - [2026-02-01T18:15:55.588+0000] {dag.py:3954} INFO - Setting next_dagrun for ml_prediction_pipeline to 2026-01-31 00:00:00+00:00, run_after=2026-02-01 00:00:00+00:00
[2026-02-01T18:15:55.611+0000] {processor.py:183} INFO - Processing /opt/airflow/dags/predict.py took 2.762 seconds
[2026-02-01T18:16:25.724+0000] {processor.py:161} INFO - Started process (PID=19319) to work on /opt/airflow/dags/predict.py
[2026-02-01T18:16:25.725+0000] {processor.py:830} INFO - Processing file /opt/airflow/dags/predict.py for tasks to queue
[2026-02-01T18:16:25.727+0000] {logging_mixin.py:188} INFO - [2026-02-01T18:16:25.726+0000] {dagbag.py:545} INFO - Filling up the DagBag from /opt/airflow/dags/predict.py
[2026-02-01T18:16:28.945+0000] {logging_mixin.py:188} WARNING - /opt/airflow/dags/predict.py:34 RemovedInAirflow3Warning: Function `days_ago` is deprecated and will be removed in Airflow 3.0. You can achieve equivalent behavior with `pendulum.today('UTC').add(days=-N, ...)`
[2026-02-01T18:16:28.946+0000] {logging_mixin.py:188} WARNING - /opt/airflow/dags/predict.py:29 RemovedInAirflow3Warning: Param `schedule_interval` is deprecated and will be removed in a future release. Please use `schedule` instead.
[2026-02-01T18:16:28.952+0000] {processor.py:840} INFO - DAG(s) 'ml_prediction_pipeline' retrieved from /opt/airflow/dags/predict.py
[2026-02-01T18:16:28.983+0000] {logging_mixin.py:188} INFO - [2026-02-01T18:16:28.982+0000] {dag.py:3096} INFO - Sync 1 DAGs
[2026-02-01T18:16:29.012+0000] {logging_mixin.py:188} INFO - [2026-02-01T18:16:29.011+0000] {dag.py:3954} INFO - Setting next_dagrun for ml_prediction_pipeline to 2026-01-31 00:00:00+00:00, run_after=2026-02-01 00:00:00+00:00
[2026-02-01T18:16:29.038+0000] {processor.py:183} INFO - Processing /opt/airflow/dags/predict.py took 3.320 seconds
[2026-02-01T18:16:59.491+0000] {processor.py:161} INFO - Started process (PID=19363) to work on /opt/airflow/dags/predict.py
[2026-02-01T18:16:59.516+0000] {processor.py:830} INFO - Processing file /opt/airflow/dags/predict.py for tasks to queue
[2026-02-01T18:16:59.517+0000] {logging_mixin.py:188} INFO - [2026-02-01T18:16:59.517+0000] {dagbag.py:545} INFO - Filling up the DagBag from /opt/airflow/dags/predict.py
[2026-02-01T18:17:01.357+0000] {logging_mixin.py:188} WARNING - /opt/airflow/dags/predict.py:34 RemovedInAirflow3Warning: Function `days_ago` is deprecated and will be removed in Airflow 3.0. You can achieve equivalent behavior with `pendulum.today('UTC').add(days=-N, ...)`
[2026-02-01T18:17:01.358+0000] {logging_mixin.py:188} WARNING - /opt/airflow/dags/predict.py:29 RemovedInAirflow3Warning: Param `schedule_interval` is deprecated and will be removed in a future release. Please use `schedule` instead.
[2026-02-01T18:17:01.365+0000] {processor.py:840} INFO - DAG(s) 'ml_prediction_pipeline' retrieved from /opt/airflow/dags/predict.py
[2026-02-01T18:17:01.396+0000] {logging_mixin.py:188} INFO - [2026-02-01T18:17:01.396+0000] {dag.py:3096} INFO - Sync 1 DAGs
[2026-02-01T18:17:01.420+0000] {logging_mixin.py:188} INFO - [2026-02-01T18:17:01.420+0000] {dag.py:3954} INFO - Setting next_dagrun for ml_prediction_pipeline to 2026-01-31 00:00:00+00:00, run_after=2026-02-01 00:00:00+00:00
[2026-02-01T18:17:01.447+0000] {processor.py:183} INFO - Processing /opt/airflow/dags/predict.py took 1.960 seconds
[2026-02-01T18:17:31.555+0000] {processor.py:161} INFO - Started process (PID=19410) to work on /opt/airflow/dags/predict.py
[2026-02-01T18:17:31.556+0000] {processor.py:830} INFO - Processing file /opt/airflow/dags/predict.py for tasks to queue
[2026-02-01T18:17:31.557+0000] {logging_mixin.py:188} INFO - [2026-02-01T18:17:31.557+0000] {dagbag.py:545} INFO - Filling up the DagBag from /opt/airflow/dags/predict.py
[2026-02-01T18:17:33.184+0000] {logging_mixin.py:188} WARNING - /opt/airflow/dags/predict.py:34 RemovedInAirflow3Warning: Function `days_ago` is deprecated and will be removed in Airflow 3.0. You can achieve equivalent behavior with `pendulum.today('UTC').add(days=-N, ...)`
[2026-02-01T18:17:33.185+0000] {logging_mixin.py:188} WARNING - /opt/airflow/dags/predict.py:29 RemovedInAirflow3Warning: Param `schedule_interval` is deprecated and will be removed in a future release. Please use `schedule` instead.
[2026-02-01T18:17:33.188+0000] {processor.py:840} INFO - DAG(s) 'ml_prediction_pipeline' retrieved from /opt/airflow/dags/predict.py
[2026-02-01T18:17:33.202+0000] {logging_mixin.py:188} INFO - [2026-02-01T18:17:33.202+0000] {dag.py:3096} INFO - Sync 1 DAGs
[2026-02-01T18:17:33.214+0000] {logging_mixin.py:188} INFO - [2026-02-01T18:17:33.214+0000] {dag.py:3954} INFO - Setting next_dagrun for ml_prediction_pipeline to 2026-01-31 00:00:00+00:00, run_after=2026-02-01 00:00:00+00:00
[2026-02-01T18:17:33.229+0000] {processor.py:183} INFO - Processing /opt/airflow/dags/predict.py took 1.679 seconds
[2026-02-01T18:18:03.451+0000] {processor.py:161} INFO - Started process (PID=19457) to work on /opt/airflow/dags/predict.py
[2026-02-01T18:18:03.476+0000] {processor.py:830} INFO - Processing file /opt/airflow/dags/predict.py for tasks to queue
[2026-02-01T18:18:03.478+0000] {logging_mixin.py:188} INFO - [2026-02-01T18:18:03.478+0000] {dagbag.py:545} INFO - Filling up the DagBag from /opt/airflow/dags/predict.py
[2026-02-01T18:18:05.087+0000] {logging_mixin.py:188} WARNING - /opt/airflow/dags/predict.py:34 RemovedInAirflow3Warning: Function `days_ago` is deprecated and will be removed in Airflow 3.0. You can achieve equivalent behavior with `pendulum.today('UTC').add(days=-N, ...)`
[2026-02-01T18:18:05.087+0000] {logging_mixin.py:188} WARNING - /opt/airflow/dags/predict.py:29 RemovedInAirflow3Warning: Param `schedule_interval` is deprecated and will be removed in a future release. Please use `schedule` instead.
[2026-02-01T18:18:05.091+0000] {processor.py:840} INFO - DAG(s) 'ml_prediction_pipeline' retrieved from /opt/airflow/dags/predict.py
[2026-02-01T18:18:05.105+0000] {logging_mixin.py:188} INFO - [2026-02-01T18:18:05.105+0000] {dag.py:3096} INFO - Sync 1 DAGs
[2026-02-01T18:18:05.118+0000] {logging_mixin.py:188} INFO - [2026-02-01T18:18:05.118+0000] {dag.py:3954} INFO - Setting next_dagrun for ml_prediction_pipeline to 2026-01-31 00:00:00+00:00, run_after=2026-02-01 00:00:00+00:00
[2026-02-01T18:18:05.132+0000] {processor.py:183} INFO - Processing /opt/airflow/dags/predict.py took 1.686 seconds
[2026-02-01T18:18:35.414+0000] {processor.py:161} INFO - Started process (PID=19504) to work on /opt/airflow/dags/predict.py
[2026-02-01T18:18:35.415+0000] {processor.py:830} INFO - Processing file /opt/airflow/dags/predict.py for tasks to queue
[2026-02-01T18:18:35.417+0000] {logging_mixin.py:188} INFO - [2026-02-01T18:18:35.416+0000] {dagbag.py:545} INFO - Filling up the DagBag from /opt/airflow/dags/predict.py
[2026-02-01T18:18:37.145+0000] {logging_mixin.py:188} WARNING - /opt/airflow/dags/predict.py:34 RemovedInAirflow3Warning: Function `days_ago` is deprecated and will be removed in Airflow 3.0. You can achieve equivalent behavior with `pendulum.today('UTC').add(days=-N, ...)`
[2026-02-01T18:18:37.146+0000] {logging_mixin.py:188} WARNING - /opt/airflow/dags/predict.py:29 RemovedInAirflow3Warning: Param `schedule_interval` is deprecated and will be removed in a future release. Please use `schedule` instead.
[2026-02-01T18:18:37.150+0000] {processor.py:840} INFO - DAG(s) 'ml_prediction_pipeline' retrieved from /opt/airflow/dags/predict.py
[2026-02-01T18:18:37.169+0000] {logging_mixin.py:188} INFO - [2026-02-01T18:18:37.168+0000] {dag.py:3096} INFO - Sync 1 DAGs
[2026-02-01T18:18:37.183+0000] {logging_mixin.py:188} INFO - [2026-02-01T18:18:37.182+0000] {dag.py:3954} INFO - Setting next_dagrun for ml_prediction_pipeline to 2026-01-31 00:00:00+00:00, run_after=2026-02-01 00:00:00+00:00
[2026-02-01T18:18:37.198+0000] {processor.py:183} INFO - Processing /opt/airflow/dags/predict.py took 1.788 seconds
[2026-02-01T18:19:07.854+0000] {processor.py:161} INFO - Started process (PID=19551) to work on /opt/airflow/dags/predict.py
[2026-02-01T18:19:07.877+0000] {processor.py:830} INFO - Processing file /opt/airflow/dags/predict.py for tasks to queue
[2026-02-01T18:19:07.879+0000] {logging_mixin.py:188} INFO - [2026-02-01T18:19:07.878+0000] {dagbag.py:545} INFO - Filling up the DagBag from /opt/airflow/dags/predict.py
[2026-02-01T18:19:09.888+0000] {logging_mixin.py:188} WARNING - /opt/airflow/dags/predict.py:34 RemovedInAirflow3Warning: Function `days_ago` is deprecated and will be removed in Airflow 3.0. You can achieve equivalent behavior with `pendulum.today('UTC').add(days=-N, ...)`
[2026-02-01T18:19:09.889+0000] {logging_mixin.py:188} WARNING - /opt/airflow/dags/predict.py:29 RemovedInAirflow3Warning: Param `schedule_interval` is deprecated and will be removed in a future release. Please use `schedule` instead.
[2026-02-01T18:19:09.893+0000] {processor.py:840} INFO - DAG(s) 'ml_prediction_pipeline' retrieved from /opt/airflow/dags/predict.py
[2026-02-01T18:19:09.911+0000] {logging_mixin.py:188} INFO - [2026-02-01T18:19:09.911+0000] {dag.py:3096} INFO - Sync 1 DAGs
[2026-02-01T18:19:09.925+0000] {logging_mixin.py:188} INFO - [2026-02-01T18:19:09.925+0000] {dag.py:3954} INFO - Setting next_dagrun for ml_prediction_pipeline to 2026-01-31 00:00:00+00:00, run_after=2026-02-01 00:00:00+00:00
[2026-02-01T18:19:09.940+0000] {processor.py:183} INFO - Processing /opt/airflow/dags/predict.py took 2.091 seconds
[2026-02-01T18:19:40.039+0000] {processor.py:161} INFO - Started process (PID=19597) to work on /opt/airflow/dags/predict.py
[2026-02-01T18:19:40.040+0000] {processor.py:830} INFO - Processing file /opt/airflow/dags/predict.py for tasks to queue
[2026-02-01T18:19:40.042+0000] {logging_mixin.py:188} INFO - [2026-02-01T18:19:40.041+0000] {dagbag.py:545} INFO - Filling up the DagBag from /opt/airflow/dags/predict.py
[2026-02-01T18:19:41.650+0000] {logging_mixin.py:188} WARNING - /opt/airflow/dags/predict.py:34 RemovedInAirflow3Warning: Function `days_ago` is deprecated and will be removed in Airflow 3.0. You can achieve equivalent behavior with `pendulum.today('UTC').add(days=-N, ...)`
[2026-02-01T18:19:41.675+0000] {logging_mixin.py:188} WARNING - /opt/airflow/dags/predict.py:29 RemovedInAirflow3Warning: Param `schedule_interval` is deprecated and will be removed in a future release. Please use `schedule` instead.
[2026-02-01T18:19:41.679+0000] {processor.py:840} INFO - DAG(s) 'ml_prediction_pipeline' retrieved from /opt/airflow/dags/predict.py
[2026-02-01T18:19:41.698+0000] {logging_mixin.py:188} INFO - [2026-02-01T18:19:41.698+0000] {dag.py:3096} INFO - Sync 1 DAGs
[2026-02-01T18:19:41.710+0000] {logging_mixin.py:188} INFO - [2026-02-01T18:19:41.710+0000] {dag.py:3954} INFO - Setting next_dagrun for ml_prediction_pipeline to 2026-01-31 00:00:00+00:00, run_after=2026-02-01 00:00:00+00:00
[2026-02-01T18:19:41.725+0000] {processor.py:183} INFO - Processing /opt/airflow/dags/predict.py took 1.690 seconds
[2026-02-01T18:20:11.813+0000] {processor.py:161} INFO - Started process (PID=19644) to work on /opt/airflow/dags/predict.py
[2026-02-01T18:20:11.814+0000] {processor.py:830} INFO - Processing file /opt/airflow/dags/predict.py for tasks to queue
[2026-02-01T18:20:11.815+0000] {logging_mixin.py:188} INFO - [2026-02-01T18:20:11.815+0000] {dagbag.py:545} INFO - Filling up the DagBag from /opt/airflow/dags/predict.py
[2026-02-01T18:20:14.503+0000] {logging_mixin.py:188} WARNING - /opt/airflow/dags/predict.py:34 RemovedInAirflow3Warning: Function `days_ago` is deprecated and will be removed in Airflow 3.0. You can achieve equivalent behavior with `pendulum.today('UTC').add(days=-N, ...)`
[2026-02-01T18:20:14.504+0000] {logging_mixin.py:188} WARNING - /opt/airflow/dags/predict.py:29 RemovedInAirflow3Warning: Param `schedule_interval` is deprecated and will be removed in a future release. Please use `schedule` instead.
[2026-02-01T18:20:14.509+0000] {processor.py:840} INFO - DAG(s) 'ml_prediction_pipeline' retrieved from /opt/airflow/dags/predict.py
[2026-02-01T18:20:14.534+0000] {logging_mixin.py:188} INFO - [2026-02-01T18:20:14.534+0000] {dag.py:3096} INFO - Sync 1 DAGs
[2026-02-01T18:20:14.553+0000] {logging_mixin.py:188} INFO - [2026-02-01T18:20:14.552+0000] {dag.py:3954} INFO - Setting next_dagrun for ml_prediction_pipeline to 2026-01-31 00:00:00+00:00, run_after=2026-02-01 00:00:00+00:00
[2026-02-01T18:20:14.572+0000] {processor.py:183} INFO - Processing /opt/airflow/dags/predict.py took 2.763 seconds
[2026-02-01T18:20:45.260+0000] {processor.py:161} INFO - Started process (PID=19697) to work on /opt/airflow/dags/predict.py
[2026-02-01T18:20:45.278+0000] {processor.py:830} INFO - Processing file /opt/airflow/dags/predict.py for tasks to queue
[2026-02-01T18:20:45.280+0000] {logging_mixin.py:188} INFO - [2026-02-01T18:20:45.279+0000] {dagbag.py:545} INFO - Filling up the DagBag from /opt/airflow/dags/predict.py
[2026-02-01T18:20:46.981+0000] {logging_mixin.py:188} WARNING - /opt/airflow/dags/predict.py:34 RemovedInAirflow3Warning: Function `days_ago` is deprecated and will be removed in Airflow 3.0. You can achieve equivalent behavior with `pendulum.today('UTC').add(days=-N, ...)`
[2026-02-01T18:20:46.982+0000] {logging_mixin.py:188} WARNING - /opt/airflow/dags/predict.py:29 RemovedInAirflow3Warning: Param `schedule_interval` is deprecated and will be removed in a future release. Please use `schedule` instead.
[2026-02-01T18:20:46.986+0000] {processor.py:840} INFO - DAG(s) 'ml_prediction_pipeline' retrieved from /opt/airflow/dags/predict.py
[2026-02-01T18:20:47.006+0000] {logging_mixin.py:188} INFO - [2026-02-01T18:20:47.006+0000] {dag.py:3096} INFO - Sync 1 DAGs
[2026-02-01T18:20:47.020+0000] {logging_mixin.py:188} INFO - [2026-02-01T18:20:47.020+0000] {dag.py:3954} INFO - Setting next_dagrun for ml_prediction_pipeline to 2026-01-31 00:00:00+00:00, run_after=2026-02-01 00:00:00+00:00
[2026-02-01T18:20:47.037+0000] {processor.py:183} INFO - Processing /opt/airflow/dags/predict.py took 1.782 seconds
[2026-02-01T18:21:17.092+0000] {processor.py:161} INFO - Started process (PID=19745) to work on /opt/airflow/dags/predict.py
[2026-02-01T18:21:17.093+0000] {processor.py:830} INFO - Processing file /opt/airflow/dags/predict.py for tasks to queue
[2026-02-01T18:21:17.094+0000] {logging_mixin.py:188} INFO - [2026-02-01T18:21:17.094+0000] {dagbag.py:545} INFO - Filling up the DagBag from /opt/airflow/dags/predict.py
[2026-02-01T18:21:18.970+0000] {logging_mixin.py:188} WARNING - /opt/airflow/dags/predict.py:34 RemovedInAirflow3Warning: Function `days_ago` is deprecated and will be removed in Airflow 3.0. You can achieve equivalent behavior with `pendulum.today('UTC').add(days=-N, ...)`
[2026-02-01T18:21:18.971+0000] {logging_mixin.py:188} WARNING - /opt/airflow/dags/predict.py:29 RemovedInAirflow3Warning: Param `schedule_interval` is deprecated and will be removed in a future release. Please use `schedule` instead.
[2026-02-01T18:21:18.976+0000] {processor.py:840} INFO - DAG(s) 'ml_prediction_pipeline' retrieved from /opt/airflow/dags/predict.py
[2026-02-01T18:21:18.994+0000] {logging_mixin.py:188} INFO - [2026-02-01T18:21:18.994+0000] {dag.py:3096} INFO - Sync 1 DAGs
[2026-02-01T18:21:19.008+0000] {logging_mixin.py:188} INFO - [2026-02-01T18:21:19.008+0000] {dag.py:3954} INFO - Setting next_dagrun for ml_prediction_pipeline to 2026-01-31 00:00:00+00:00, run_after=2026-02-01 00:00:00+00:00
[2026-02-01T18:21:19.022+0000] {processor.py:183} INFO - Processing /opt/airflow/dags/predict.py took 1.935 seconds
[2026-02-01T18:21:49.684+0000] {processor.py:161} INFO - Started process (PID=19792) to work on /opt/airflow/dags/predict.py
[2026-02-01T18:21:49.687+0000] {processor.py:830} INFO - Processing file /opt/airflow/dags/predict.py for tasks to queue
[2026-02-01T18:21:49.689+0000] {logging_mixin.py:188} INFO - [2026-02-01T18:21:49.689+0000] {dagbag.py:545} INFO - Filling up the DagBag from /opt/airflow/dags/predict.py
[2026-02-01T18:21:52.374+0000] {logging_mixin.py:188} WARNING - /opt/airflow/dags/predict.py:34 RemovedInAirflow3Warning: Function `days_ago` is deprecated and will be removed in Airflow 3.0. You can achieve equivalent behavior with `pendulum.today('UTC').add(days=-N, ...)`
[2026-02-01T18:21:52.375+0000] {logging_mixin.py:188} WARNING - /opt/airflow/dags/predict.py:29 RemovedInAirflow3Warning: Param `schedule_interval` is deprecated and will be removed in a future release. Please use `schedule` instead.
[2026-02-01T18:21:52.380+0000] {processor.py:840} INFO - DAG(s) 'ml_prediction_pipeline' retrieved from /opt/airflow/dags/predict.py
[2026-02-01T18:21:52.407+0000] {logging_mixin.py:188} INFO - [2026-02-01T18:21:52.406+0000] {dag.py:3096} INFO - Sync 1 DAGs
[2026-02-01T18:21:52.425+0000] {logging_mixin.py:188} INFO - [2026-02-01T18:21:52.425+0000] {dag.py:3954} INFO - Setting next_dagrun for ml_prediction_pipeline to 2026-01-31 00:00:00+00:00, run_after=2026-02-01 00:00:00+00:00
[2026-02-01T18:21:52.444+0000] {processor.py:183} INFO - Processing /opt/airflow/dags/predict.py took 2.769 seconds
[2026-02-01T18:22:23.358+0000] {processor.py:161} INFO - Started process (PID=19839) to work on /opt/airflow/dags/predict.py
[2026-02-01T18:22:23.359+0000] {processor.py:830} INFO - Processing file /opt/airflow/dags/predict.py for tasks to queue
[2026-02-01T18:22:23.360+0000] {logging_mixin.py:188} INFO - [2026-02-01T18:22:23.360+0000] {dagbag.py:545} INFO - Filling up the DagBag from /opt/airflow/dags/predict.py
[2026-02-01T18:22:24.976+0000] {logging_mixin.py:188} WARNING - /opt/airflow/dags/predict.py:34 RemovedInAirflow3Warning: Function `days_ago` is deprecated and will be removed in Airflow 3.0. You can achieve equivalent behavior with `pendulum.today('UTC').add(days=-N, ...)`
[2026-02-01T18:22:24.977+0000] {logging_mixin.py:188} WARNING - /opt/airflow/dags/predict.py:29 RemovedInAirflow3Warning: Param `schedule_interval` is deprecated and will be removed in a future release. Please use `schedule` instead.
[2026-02-01T18:22:24.980+0000] {processor.py:840} INFO - DAG(s) 'ml_prediction_pipeline' retrieved from /opt/airflow/dags/predict.py
[2026-02-01T18:22:24.996+0000] {logging_mixin.py:188} INFO - [2026-02-01T18:22:24.996+0000] {dag.py:3096} INFO - Sync 1 DAGs
[2026-02-01T18:22:25.009+0000] {logging_mixin.py:188} INFO - [2026-02-01T18:22:25.009+0000] {dag.py:3954} INFO - Setting next_dagrun for ml_prediction_pipeline to 2026-01-31 00:00:00+00:00, run_after=2026-02-01 00:00:00+00:00
[2026-02-01T18:22:25.022+0000] {processor.py:183} INFO - Processing /opt/airflow/dags/predict.py took 1.667 seconds
[2026-02-01T18:22:55.233+0000] {processor.py:161} INFO - Started process (PID=19886) to work on /opt/airflow/dags/predict.py
[2026-02-01T18:22:55.235+0000] {processor.py:830} INFO - Processing file /opt/airflow/dags/predict.py for tasks to queue
[2026-02-01T18:22:55.237+0000] {logging_mixin.py:188} INFO - [2026-02-01T18:22:55.236+0000] {dagbag.py:545} INFO - Filling up the DagBag from /opt/airflow/dags/predict.py
[2026-02-01T18:22:56.936+0000] {logging_mixin.py:188} WARNING - /opt/airflow/dags/predict.py:34 RemovedInAirflow3Warning: Function `days_ago` is deprecated and will be removed in Airflow 3.0. You can achieve equivalent behavior with `pendulum.today('UTC').add(days=-N, ...)`
[2026-02-01T18:22:56.937+0000] {logging_mixin.py:188} WARNING - /opt/airflow/dags/predict.py:29 RemovedInAirflow3Warning: Param `schedule_interval` is deprecated and will be removed in a future release. Please use `schedule` instead.
[2026-02-01T18:22:56.941+0000] {processor.py:840} INFO - DAG(s) 'ml_prediction_pipeline' retrieved from /opt/airflow/dags/predict.py
[2026-02-01T18:22:56.958+0000] {logging_mixin.py:188} INFO - [2026-02-01T18:22:56.958+0000] {dag.py:3096} INFO - Sync 1 DAGs
[2026-02-01T18:22:56.970+0000] {logging_mixin.py:188} INFO - [2026-02-01T18:22:56.970+0000] {dag.py:3954} INFO - Setting next_dagrun for ml_prediction_pipeline to 2026-01-31 00:00:00+00:00, run_after=2026-02-01 00:00:00+00:00
[2026-02-01T18:22:56.984+0000] {processor.py:183} INFO - Processing /opt/airflow/dags/predict.py took 1.756 seconds
[2026-02-01T18:23:27.494+0000] {processor.py:161} INFO - Started process (PID=19931) to work on /opt/airflow/dags/predict.py
[2026-02-01T18:23:27.495+0000] {processor.py:830} INFO - Processing file /opt/airflow/dags/predict.py for tasks to queue
[2026-02-01T18:23:27.497+0000] {logging_mixin.py:188} INFO - [2026-02-01T18:23:27.496+0000] {dagbag.py:545} INFO - Filling up the DagBag from /opt/airflow/dags/predict.py
[2026-02-01T18:23:29.218+0000] {logging_mixin.py:188} WARNING - /opt/airflow/dags/predict.py:34 RemovedInAirflow3Warning: Function `days_ago` is deprecated and will be removed in Airflow 3.0. You can achieve equivalent behavior with `pendulum.today('UTC').add(days=-N, ...)`
[2026-02-01T18:23:29.219+0000] {logging_mixin.py:188} WARNING - /opt/airflow/dags/predict.py:29 RemovedInAirflow3Warning: Param `schedule_interval` is deprecated and will be removed in a future release. Please use `schedule` instead.
[2026-02-01T18:23:29.225+0000] {processor.py:840} INFO - DAG(s) 'ml_prediction_pipeline' retrieved from /opt/airflow/dags/predict.py
[2026-02-01T18:23:29.245+0000] {logging_mixin.py:188} INFO - [2026-02-01T18:23:29.244+0000] {dag.py:3096} INFO - Sync 1 DAGs
[2026-02-01T18:23:29.261+0000] {logging_mixin.py:188} INFO - [2026-02-01T18:23:29.260+0000] {dag.py:3954} INFO - Setting next_dagrun for ml_prediction_pipeline to 2026-01-31 00:00:00+00:00, run_after=2026-02-01 00:00:00+00:00
[2026-02-01T18:23:29.275+0000] {processor.py:183} INFO - Processing /opt/airflow/dags/predict.py took 1.786 seconds
[2026-02-01T18:23:59.408+0000] {processor.py:161} INFO - Started process (PID=19968) to work on /opt/airflow/dags/predict.py
[2026-02-01T18:23:59.410+0000] {processor.py:830} INFO - Processing file /opt/airflow/dags/predict.py for tasks to queue
[2026-02-01T18:23:59.411+0000] {logging_mixin.py:188} INFO - [2026-02-01T18:23:59.411+0000] {dagbag.py:545} INFO - Filling up the DagBag from /opt/airflow/dags/predict.py
[2026-02-01T18:24:01.554+0000] {logging_mixin.py:188} WARNING - /opt/airflow/dags/predict.py:34 RemovedInAirflow3Warning: Function `days_ago` is deprecated and will be removed in Airflow 3.0. You can achieve equivalent behavior with `pendulum.today('UTC').add(days=-N, ...)`
[2026-02-01T18:24:01.555+0000] {logging_mixin.py:188} WARNING - /opt/airflow/dags/predict.py:29 RemovedInAirflow3Warning: Param `schedule_interval` is deprecated and will be removed in a future release. Please use `schedule` instead.
[2026-02-01T18:24:01.561+0000] {processor.py:840} INFO - DAG(s) 'ml_prediction_pipeline' retrieved from /opt/airflow/dags/predict.py
[2026-02-01T18:24:01.584+0000] {logging_mixin.py:188} INFO - [2026-02-01T18:24:01.583+0000] {dag.py:3096} INFO - Sync 1 DAGs
[2026-02-01T18:24:01.607+0000] {logging_mixin.py:188} INFO - [2026-02-01T18:24:01.607+0000] {dag.py:3954} INFO - Setting next_dagrun for ml_prediction_pipeline to 2026-01-31 00:00:00+00:00, run_after=2026-02-01 00:00:00+00:00
[2026-02-01T18:24:01.632+0000] {processor.py:183} INFO - Processing /opt/airflow/dags/predict.py took 2.228 seconds
[2026-02-01T18:24:33.102+0000] {processor.py:161} INFO - Started process (PID=20015) to work on /opt/airflow/dags/predict.py
[2026-02-01T18:24:33.103+0000] {processor.py:830} INFO - Processing file /opt/airflow/dags/predict.py for tasks to queue
[2026-02-01T18:24:33.106+0000] {logging_mixin.py:188} INFO - [2026-02-01T18:24:33.106+0000] {dagbag.py:545} INFO - Filling up the DagBag from /opt/airflow/dags/predict.py
[2026-02-01T18:24:35.954+0000] {logging_mixin.py:188} WARNING - /opt/airflow/dags/predict.py:34 RemovedInAirflow3Warning: Function `days_ago` is deprecated and will be removed in Airflow 3.0. You can achieve equivalent behavior with `pendulum.today('UTC').add(days=-N, ...)`
[2026-02-01T18:24:35.955+0000] {logging_mixin.py:188} WARNING - /opt/airflow/dags/predict.py:29 RemovedInAirflow3Warning: Param `schedule_interval` is deprecated and will be removed in a future release. Please use `schedule` instead.
[2026-02-01T18:24:35.961+0000] {processor.py:840} INFO - DAG(s) 'ml_prediction_pipeline' retrieved from /opt/airflow/dags/predict.py
[2026-02-01T18:24:35.994+0000] {logging_mixin.py:188} INFO - [2026-02-01T18:24:35.993+0000] {dag.py:3096} INFO - Sync 1 DAGs
[2026-02-01T18:24:36.016+0000] {logging_mixin.py:188} INFO - [2026-02-01T18:24:36.016+0000] {dag.py:3954} INFO - Setting next_dagrun for ml_prediction_pipeline to 2026-01-31 00:00:00+00:00, run_after=2026-02-01 00:00:00+00:00
[2026-02-01T18:24:36.038+0000] {processor.py:183} INFO - Processing /opt/airflow/dags/predict.py took 2.941 seconds
[2026-02-01T18:25:06.509+0000] {processor.py:161} INFO - Started process (PID=20062) to work on /opt/airflow/dags/predict.py
[2026-02-01T18:25:06.511+0000] {processor.py:830} INFO - Processing file /opt/airflow/dags/predict.py for tasks to queue
[2026-02-01T18:25:06.513+0000] {logging_mixin.py:188} INFO - [2026-02-01T18:25:06.513+0000] {dagbag.py:545} INFO - Filling up the DagBag from /opt/airflow/dags/predict.py
[2026-02-01T18:25:10.541+0000] {logging_mixin.py:188} WARNING - /opt/airflow/dags/predict.py:34 RemovedInAirflow3Warning: Function `days_ago` is deprecated and will be removed in Airflow 3.0. You can achieve equivalent behavior with `pendulum.today('UTC').add(days=-N, ...)`
[2026-02-01T18:25:10.544+0000] {logging_mixin.py:188} WARNING - /opt/airflow/dags/predict.py:29 RemovedInAirflow3Warning: Param `schedule_interval` is deprecated and will be removed in a future release. Please use `schedule` instead.
[2026-02-01T18:25:10.553+0000] {processor.py:840} INFO - DAG(s) 'ml_prediction_pipeline' retrieved from /opt/airflow/dags/predict.py
[2026-02-01T18:25:10.585+0000] {logging_mixin.py:188} INFO - [2026-02-01T18:25:10.585+0000] {dag.py:3096} INFO - Sync 1 DAGs
[2026-02-01T18:25:10.612+0000] {logging_mixin.py:188} INFO - [2026-02-01T18:25:10.612+0000] {dag.py:3954} INFO - Setting next_dagrun for ml_prediction_pipeline to 2026-01-31 00:00:00+00:00, run_after=2026-02-01 00:00:00+00:00
[2026-02-01T18:25:10.643+0000] {processor.py:183} INFO - Processing /opt/airflow/dags/predict.py took 4.139 seconds
[2026-02-01T18:25:41.112+0000] {processor.py:161} INFO - Started process (PID=20113) to work on /opt/airflow/dags/predict.py
[2026-02-01T18:25:41.112+0000] {processor.py:830} INFO - Processing file /opt/airflow/dags/predict.py for tasks to queue
[2026-02-01T18:25:41.113+0000] {logging_mixin.py:188} INFO - [2026-02-01T18:25:41.113+0000] {dagbag.py:545} INFO - Filling up the DagBag from /opt/airflow/dags/predict.py
[2026-02-01T18:25:43.127+0000] {logging_mixin.py:188} WARNING - /opt/airflow/dags/predict.py:34 RemovedInAirflow3Warning: Function `days_ago` is deprecated and will be removed in Airflow 3.0. You can achieve equivalent behavior with `pendulum.today('UTC').add(days=-N, ...)`
[2026-02-01T18:25:43.128+0000] {logging_mixin.py:188} WARNING - /opt/airflow/dags/predict.py:29 RemovedInAirflow3Warning: Param `schedule_interval` is deprecated and will be removed in a future release. Please use `schedule` instead.
[2026-02-01T18:25:43.132+0000] {processor.py:840} INFO - DAG(s) 'ml_prediction_pipeline' retrieved from /opt/airflow/dags/predict.py
[2026-02-01T18:25:43.151+0000] {logging_mixin.py:188} INFO - [2026-02-01T18:25:43.151+0000] {dag.py:3096} INFO - Sync 1 DAGs
[2026-02-01T18:25:43.166+0000] {logging_mixin.py:188} INFO - [2026-02-01T18:25:43.166+0000] {dag.py:3954} INFO - Setting next_dagrun for ml_prediction_pipeline to 2026-01-31 00:00:00+00:00, run_after=2026-02-01 00:00:00+00:00
[2026-02-01T18:25:43.183+0000] {processor.py:183} INFO - Processing /opt/airflow/dags/predict.py took 2.076 seconds
[2026-02-01T18:26:13.388+0000] {processor.py:161} INFO - Started process (PID=20166) to work on /opt/airflow/dags/predict.py
[2026-02-01T18:26:13.390+0000] {processor.py:830} INFO - Processing file /opt/airflow/dags/predict.py for tasks to queue
[2026-02-01T18:26:13.394+0000] {logging_mixin.py:188} INFO - [2026-02-01T18:26:13.394+0000] {dagbag.py:545} INFO - Filling up the DagBag from /opt/airflow/dags/predict.py
[2026-02-01T18:26:16.938+0000] {logging_mixin.py:188} WARNING - /opt/airflow/dags/predict.py:34 RemovedInAirflow3Warning: Function `days_ago` is deprecated and will be removed in Airflow 3.0. You can achieve equivalent behavior with `pendulum.today('UTC').add(days=-N, ...)`
[2026-02-01T18:26:16.940+0000] {logging_mixin.py:188} WARNING - /opt/airflow/dags/predict.py:29 RemovedInAirflow3Warning: Param `schedule_interval` is deprecated and will be removed in a future release. Please use `schedule` instead.
[2026-02-01T18:26:16.947+0000] {processor.py:840} INFO - DAG(s) 'ml_prediction_pipeline' retrieved from /opt/airflow/dags/predict.py
[2026-02-01T18:26:16.977+0000] {logging_mixin.py:188} INFO - [2026-02-01T18:26:16.977+0000] {dag.py:3096} INFO - Sync 1 DAGs
[2026-02-01T18:26:17.004+0000] {logging_mixin.py:188} INFO - [2026-02-01T18:26:17.004+0000] {dag.py:3954} INFO - Setting next_dagrun for ml_prediction_pipeline to 2026-01-31 00:00:00+00:00, run_after=2026-02-01 00:00:00+00:00
[2026-02-01T18:26:17.033+0000] {processor.py:183} INFO - Processing /opt/airflow/dags/predict.py took 3.656 seconds
[2026-02-01T18:26:47.128+0000] {processor.py:161} INFO - Started process (PID=20213) to work on /opt/airflow/dags/predict.py
[2026-02-01T18:26:47.129+0000] {processor.py:830} INFO - Processing file /opt/airflow/dags/predict.py for tasks to queue
[2026-02-01T18:26:47.132+0000] {logging_mixin.py:188} INFO - [2026-02-01T18:26:47.131+0000] {dagbag.py:545} INFO - Filling up the DagBag from /opt/airflow/dags/predict.py
[2026-02-01T18:26:50.837+0000] {logging_mixin.py:188} WARNING - /opt/airflow/dags/predict.py:34 RemovedInAirflow3Warning: Function `days_ago` is deprecated and will be removed in Airflow 3.0. You can achieve equivalent behavior with `pendulum.today('UTC').add(days=-N, ...)`
[2026-02-01T18:26:50.839+0000] {logging_mixin.py:188} WARNING - /opt/airflow/dags/predict.py:29 RemovedInAirflow3Warning: Param `schedule_interval` is deprecated and will be removed in a future release. Please use `schedule` instead.
[2026-02-01T18:26:50.846+0000] {processor.py:840} INFO - DAG(s) 'ml_prediction_pipeline' retrieved from /opt/airflow/dags/predict.py
[2026-02-01T18:26:50.878+0000] {logging_mixin.py:188} INFO - [2026-02-01T18:26:50.877+0000] {dag.py:3096} INFO - Sync 1 DAGs
[2026-02-01T18:26:50.906+0000] {logging_mixin.py:188} INFO - [2026-02-01T18:26:50.906+0000] {dag.py:3954} INFO - Setting next_dagrun for ml_prediction_pipeline to 2026-01-31 00:00:00+00:00, run_after=2026-02-01 00:00:00+00:00
[2026-02-01T18:26:50.934+0000] {processor.py:183} INFO - Processing /opt/airflow/dags/predict.py took 3.816 seconds
[2026-02-01T18:27:21.339+0000] {processor.py:161} INFO - Started process (PID=20262) to work on /opt/airflow/dags/predict.py
[2026-02-01T18:27:21.341+0000] {processor.py:830} INFO - Processing file /opt/airflow/dags/predict.py for tasks to queue
[2026-02-01T18:27:21.343+0000] {logging_mixin.py:188} INFO - [2026-02-01T18:27:21.343+0000] {dagbag.py:545} INFO - Filling up the DagBag from /opt/airflow/dags/predict.py
[2026-02-01T18:27:23.305+0000] {logging_mixin.py:188} WARNING - /opt/airflow/dags/predict.py:34 RemovedInAirflow3Warning: Function `days_ago` is deprecated and will be removed in Airflow 3.0. You can achieve equivalent behavior with `pendulum.today('UTC').add(days=-N, ...)`
[2026-02-01T18:27:23.306+0000] {logging_mixin.py:188} WARNING - /opt/airflow/dags/predict.py:29 RemovedInAirflow3Warning: Param `schedule_interval` is deprecated and will be removed in a future release. Please use `schedule` instead.
[2026-02-01T18:27:23.311+0000] {processor.py:840} INFO - DAG(s) 'ml_prediction_pipeline' retrieved from /opt/airflow/dags/predict.py
[2026-02-01T18:27:23.329+0000] {logging_mixin.py:188} INFO - [2026-02-01T18:27:23.329+0000] {dag.py:3096} INFO - Sync 1 DAGs
[2026-02-01T18:27:23.345+0000] {logging_mixin.py:188} INFO - [2026-02-01T18:27:23.344+0000] {dag.py:3954} INFO - Setting next_dagrun for ml_prediction_pipeline to 2026-01-31 00:00:00+00:00, run_after=2026-02-01 00:00:00+00:00
[2026-02-01T18:27:23.361+0000] {processor.py:183} INFO - Processing /opt/airflow/dags/predict.py took 2.028 seconds
[2026-02-01T18:27:54.000+0000] {processor.py:161} INFO - Started process (PID=20307) to work on /opt/airflow/dags/predict.py
[2026-02-01T18:27:54.001+0000] {processor.py:830} INFO - Processing file /opt/airflow/dags/predict.py for tasks to queue
[2026-02-01T18:27:54.003+0000] {logging_mixin.py:188} INFO - [2026-02-01T18:27:54.002+0000] {dagbag.py:545} INFO - Filling up the DagBag from /opt/airflow/dags/predict.py
[2026-02-01T18:27:56.124+0000] {logging_mixin.py:188} WARNING - /opt/airflow/dags/predict.py:34 RemovedInAirflow3Warning: Function `days_ago` is deprecated and will be removed in Airflow 3.0. You can achieve equivalent behavior with `pendulum.today('UTC').add(days=-N, ...)`
[2026-02-01T18:27:56.125+0000] {logging_mixin.py:188} WARNING - /opt/airflow/dags/predict.py:29 RemovedInAirflow3Warning: Param `schedule_interval` is deprecated and will be removed in a future release. Please use `schedule` instead.
[2026-02-01T18:27:56.129+0000] {processor.py:840} INFO - DAG(s) 'ml_prediction_pipeline' retrieved from /opt/airflow/dags/predict.py
[2026-02-01T18:27:56.148+0000] {logging_mixin.py:188} INFO - [2026-02-01T18:27:56.148+0000] {dag.py:3096} INFO - Sync 1 DAGs
[2026-02-01T18:27:56.164+0000] {logging_mixin.py:188} INFO - [2026-02-01T18:27:56.164+0000] {dag.py:3954} INFO - Setting next_dagrun for ml_prediction_pipeline to 2026-01-31 00:00:00+00:00, run_after=2026-02-01 00:00:00+00:00
[2026-02-01T18:27:56.179+0000] {processor.py:183} INFO - Processing /opt/airflow/dags/predict.py took 2.184 seconds
[2026-02-01T18:28:26.620+0000] {processor.py:161} INFO - Started process (PID=20344) to work on /opt/airflow/dags/predict.py
[2026-02-01T18:28:26.622+0000] {processor.py:830} INFO - Processing file /opt/airflow/dags/predict.py for tasks to queue
[2026-02-01T18:28:26.623+0000] {logging_mixin.py:188} INFO - [2026-02-01T18:28:26.623+0000] {dagbag.py:545} INFO - Filling up the DagBag from /opt/airflow/dags/predict.py
[2026-02-01T18:28:28.938+0000] {logging_mixin.py:188} WARNING - /opt/airflow/dags/predict.py:34 RemovedInAirflow3Warning: Function `days_ago` is deprecated and will be removed in Airflow 3.0. You can achieve equivalent behavior with `pendulum.today('UTC').add(days=-N, ...)`
[2026-02-01T18:28:28.939+0000] {logging_mixin.py:188} WARNING - /opt/airflow/dags/predict.py:29 RemovedInAirflow3Warning: Param `schedule_interval` is deprecated and will be removed in a future release. Please use `schedule` instead.
[2026-02-01T18:28:28.944+0000] {processor.py:840} INFO - DAG(s) 'ml_prediction_pipeline' retrieved from /opt/airflow/dags/predict.py
[2026-02-01T18:28:28.968+0000] {logging_mixin.py:188} INFO - [2026-02-01T18:28:28.968+0000] {dag.py:3096} INFO - Sync 1 DAGs
[2026-02-01T18:28:28.985+0000] {logging_mixin.py:188} INFO - [2026-02-01T18:28:28.985+0000] {dag.py:3954} INFO - Setting next_dagrun for ml_prediction_pipeline to 2026-01-31 00:00:00+00:00, run_after=2026-02-01 00:00:00+00:00
[2026-02-01T18:28:29.004+0000] {processor.py:183} INFO - Processing /opt/airflow/dags/predict.py took 2.388 seconds
[2026-02-01T18:28:59.331+0000] {processor.py:161} INFO - Started process (PID=20391) to work on /opt/airflow/dags/predict.py
[2026-02-01T18:28:59.331+0000] {processor.py:830} INFO - Processing file /opt/airflow/dags/predict.py for tasks to queue
[2026-02-01T18:28:59.332+0000] {logging_mixin.py:188} INFO - [2026-02-01T18:28:59.332+0000] {dagbag.py:545} INFO - Filling up the DagBag from /opt/airflow/dags/predict.py
[2026-02-01T18:29:01.589+0000] {logging_mixin.py:188} WARNING - /opt/airflow/dags/predict.py:34 RemovedInAirflow3Warning: Function `days_ago` is deprecated and will be removed in Airflow 3.0. You can achieve equivalent behavior with `pendulum.today('UTC').add(days=-N, ...)`
[2026-02-01T18:29:01.590+0000] {logging_mixin.py:188} WARNING - /opt/airflow/dags/predict.py:29 RemovedInAirflow3Warning: Param `schedule_interval` is deprecated and will be removed in a future release. Please use `schedule` instead.
[2026-02-01T18:29:01.595+0000] {processor.py:840} INFO - DAG(s) 'ml_prediction_pipeline' retrieved from /opt/airflow/dags/predict.py
[2026-02-01T18:29:01.624+0000] {logging_mixin.py:188} INFO - [2026-02-01T18:29:01.623+0000] {dag.py:3096} INFO - Sync 1 DAGs
[2026-02-01T18:29:01.644+0000] {logging_mixin.py:188} INFO - [2026-02-01T18:29:01.643+0000] {dag.py:3954} INFO - Setting next_dagrun for ml_prediction_pipeline to 2026-01-31 00:00:00+00:00, run_after=2026-02-01 00:00:00+00:00
[2026-02-01T18:29:01.667+0000] {processor.py:183} INFO - Processing /opt/airflow/dags/predict.py took 2.340 seconds
[2026-02-01T18:29:33.186+0000] {processor.py:161} INFO - Started process (PID=20438) to work on /opt/airflow/dags/predict.py
[2026-02-01T18:29:33.188+0000] {processor.py:830} INFO - Processing file /opt/airflow/dags/predict.py for tasks to queue
[2026-02-01T18:29:33.189+0000] {logging_mixin.py:188} INFO - [2026-02-01T18:29:33.189+0000] {dagbag.py:545} INFO - Filling up the DagBag from /opt/airflow/dags/predict.py
[2026-02-01T18:29:34.821+0000] {logging_mixin.py:188} WARNING - /opt/airflow/dags/predict.py:34 RemovedInAirflow3Warning: Function `days_ago` is deprecated and will be removed in Airflow 3.0. You can achieve equivalent behavior with `pendulum.today('UTC').add(days=-N, ...)`
[2026-02-01T18:29:34.822+0000] {logging_mixin.py:188} WARNING - /opt/airflow/dags/predict.py:29 RemovedInAirflow3Warning: Param `schedule_interval` is deprecated and will be removed in a future release. Please use `schedule` instead.
[2026-02-01T18:29:34.825+0000] {processor.py:840} INFO - DAG(s) 'ml_prediction_pipeline' retrieved from /opt/airflow/dags/predict.py
[2026-02-01T18:29:34.841+0000] {logging_mixin.py:188} INFO - [2026-02-01T18:29:34.841+0000] {dag.py:3096} INFO - Sync 1 DAGs
[2026-02-01T18:29:34.856+0000] {logging_mixin.py:188} INFO - [2026-02-01T18:29:34.856+0000] {dag.py:3954} INFO - Setting next_dagrun for ml_prediction_pipeline to 2026-01-31 00:00:00+00:00, run_after=2026-02-01 00:00:00+00:00
[2026-02-01T18:29:34.872+0000] {processor.py:183} INFO - Processing /opt/airflow/dags/predict.py took 1.690 seconds
[2026-02-01T18:30:06.362+0000] {processor.py:161} INFO - Started process (PID=20485) to work on /opt/airflow/dags/predict.py
[2026-02-01T18:30:06.363+0000] {processor.py:830} INFO - Processing file /opt/airflow/dags/predict.py for tasks to queue
[2026-02-01T18:30:06.365+0000] {logging_mixin.py:188} INFO - [2026-02-01T18:30:06.365+0000] {dagbag.py:545} INFO - Filling up the DagBag from /opt/airflow/dags/predict.py
[2026-02-01T18:30:08.136+0000] {logging_mixin.py:188} WARNING - /opt/airflow/dags/predict.py:34 RemovedInAirflow3Warning: Function `days_ago` is deprecated and will be removed in Airflow 3.0. You can achieve equivalent behavior with `pendulum.today('UTC').add(days=-N, ...)`
[2026-02-01T18:30:08.136+0000] {logging_mixin.py:188} WARNING - /opt/airflow/dags/predict.py:29 RemovedInAirflow3Warning: Param `schedule_interval` is deprecated and will be removed in a future release. Please use `schedule` instead.
[2026-02-01T18:30:08.140+0000] {processor.py:840} INFO - DAG(s) 'ml_prediction_pipeline' retrieved from /opt/airflow/dags/predict.py
[2026-02-01T18:30:08.159+0000] {logging_mixin.py:188} INFO - [2026-02-01T18:30:08.159+0000] {dag.py:3096} INFO - Sync 1 DAGs
[2026-02-01T18:30:08.172+0000] {logging_mixin.py:188} INFO - [2026-02-01T18:30:08.172+0000] {dag.py:3954} INFO - Setting next_dagrun for ml_prediction_pipeline to 2026-01-31 00:00:00+00:00, run_after=2026-02-01 00:00:00+00:00
[2026-02-01T18:30:08.188+0000] {processor.py:183} INFO - Processing /opt/airflow/dags/predict.py took 1.833 seconds
[2026-02-01T18:30:39.686+0000] {processor.py:161} INFO - Started process (PID=20532) to work on /opt/airflow/dags/predict.py
[2026-02-01T18:30:39.688+0000] {processor.py:830} INFO - Processing file /opt/airflow/dags/predict.py for tasks to queue
[2026-02-01T18:30:39.689+0000] {logging_mixin.py:188} INFO - [2026-02-01T18:30:39.689+0000] {dagbag.py:545} INFO - Filling up the DagBag from /opt/airflow/dags/predict.py
[2026-02-01T18:30:41.399+0000] {logging_mixin.py:188} WARNING - /opt/airflow/dags/predict.py:34 RemovedInAirflow3Warning: Function `days_ago` is deprecated and will be removed in Airflow 3.0. You can achieve equivalent behavior with `pendulum.today('UTC').add(days=-N, ...)`
[2026-02-01T18:30:41.400+0000] {logging_mixin.py:188} WARNING - /opt/airflow/dags/predict.py:29 RemovedInAirflow3Warning: Param `schedule_interval` is deprecated and will be removed in a future release. Please use `schedule` instead.
[2026-02-01T18:30:41.403+0000] {processor.py:840} INFO - DAG(s) 'ml_prediction_pipeline' retrieved from /opt/airflow/dags/predict.py
[2026-02-01T18:30:41.419+0000] {logging_mixin.py:188} INFO - [2026-02-01T18:30:41.419+0000] {dag.py:3096} INFO - Sync 1 DAGs
[2026-02-01T18:30:41.431+0000] {logging_mixin.py:188} INFO - [2026-02-01T18:30:41.431+0000] {dag.py:3954} INFO - Setting next_dagrun for ml_prediction_pipeline to 2026-01-31 00:00:00+00:00, run_after=2026-02-01 00:00:00+00:00
[2026-02-01T18:30:41.446+0000] {processor.py:183} INFO - Processing /opt/airflow/dags/predict.py took 1.764 seconds
[2026-02-01T18:31:12.948+0000] {processor.py:161} INFO - Started process (PID=20579) to work on /opt/airflow/dags/predict.py
[2026-02-01T18:31:12.949+0000] {processor.py:830} INFO - Processing file /opt/airflow/dags/predict.py for tasks to queue
[2026-02-01T18:31:12.950+0000] {logging_mixin.py:188} INFO - [2026-02-01T18:31:12.950+0000] {dagbag.py:545} INFO - Filling up the DagBag from /opt/airflow/dags/predict.py
[2026-02-01T18:31:14.672+0000] {logging_mixin.py:188} WARNING - /opt/airflow/dags/predict.py:34 RemovedInAirflow3Warning: Function `days_ago` is deprecated and will be removed in Airflow 3.0. You can achieve equivalent behavior with `pendulum.today('UTC').add(days=-N, ...)`
[2026-02-01T18:31:14.673+0000] {logging_mixin.py:188} WARNING - /opt/airflow/dags/predict.py:29 RemovedInAirflow3Warning: Param `schedule_interval` is deprecated and will be removed in a future release. Please use `schedule` instead.
[2026-02-01T18:31:14.676+0000] {processor.py:840} INFO - DAG(s) 'ml_prediction_pipeline' retrieved from /opt/airflow/dags/predict.py
[2026-02-01T18:31:14.694+0000] {logging_mixin.py:188} INFO - [2026-02-01T18:31:14.694+0000] {dag.py:3096} INFO - Sync 1 DAGs
[2026-02-01T18:31:14.708+0000] {logging_mixin.py:188} INFO - [2026-02-01T18:31:14.708+0000] {dag.py:3954} INFO - Setting next_dagrun for ml_prediction_pipeline to 2026-01-31 00:00:00+00:00, run_after=2026-02-01 00:00:00+00:00
[2026-02-01T18:31:14.723+0000] {processor.py:183} INFO - Processing /opt/airflow/dags/predict.py took 1.779 seconds
[2026-02-01T18:31:46.198+0000] {processor.py:161} INFO - Started process (PID=20626) to work on /opt/airflow/dags/predict.py
[2026-02-01T18:31:46.200+0000] {processor.py:830} INFO - Processing file /opt/airflow/dags/predict.py for tasks to queue
[2026-02-01T18:31:46.202+0000] {logging_mixin.py:188} INFO - [2026-02-01T18:31:46.202+0000] {dagbag.py:545} INFO - Filling up the DagBag from /opt/airflow/dags/predict.py
[2026-02-01T18:31:47.907+0000] {logging_mixin.py:188} WARNING - /opt/airflow/dags/predict.py:34 RemovedInAirflow3Warning: Function `days_ago` is deprecated and will be removed in Airflow 3.0. You can achieve equivalent behavior with `pendulum.today('UTC').add(days=-N, ...)`
[2026-02-01T18:31:47.907+0000] {logging_mixin.py:188} WARNING - /opt/airflow/dags/predict.py:29 RemovedInAirflow3Warning: Param `schedule_interval` is deprecated and will be removed in a future release. Please use `schedule` instead.
[2026-02-01T18:31:47.911+0000] {processor.py:840} INFO - DAG(s) 'ml_prediction_pipeline' retrieved from /opt/airflow/dags/predict.py
[2026-02-01T18:31:47.930+0000] {logging_mixin.py:188} INFO - [2026-02-01T18:31:47.930+0000] {dag.py:3096} INFO - Sync 1 DAGs
[2026-02-01T18:31:47.943+0000] {logging_mixin.py:188} INFO - [2026-02-01T18:31:47.943+0000] {dag.py:3954} INFO - Setting next_dagrun for ml_prediction_pipeline to 2026-01-31 00:00:00+00:00, run_after=2026-02-01 00:00:00+00:00
[2026-02-01T18:31:47.958+0000] {processor.py:183} INFO - Processing /opt/airflow/dags/predict.py took 1.763 seconds
[2026-02-01T18:32:19.438+0000] {processor.py:161} INFO - Started process (PID=20673) to work on /opt/airflow/dags/predict.py
[2026-02-01T18:32:19.439+0000] {processor.py:830} INFO - Processing file /opt/airflow/dags/predict.py for tasks to queue
[2026-02-01T18:32:19.440+0000] {logging_mixin.py:188} INFO - [2026-02-01T18:32:19.440+0000] {dagbag.py:545} INFO - Filling up the DagBag from /opt/airflow/dags/predict.py
[2026-02-01T18:32:21.158+0000] {logging_mixin.py:188} WARNING - /opt/airflow/dags/predict.py:34 RemovedInAirflow3Warning: Function `days_ago` is deprecated and will be removed in Airflow 3.0. You can achieve equivalent behavior with `pendulum.today('UTC').add(days=-N, ...)`
[2026-02-01T18:32:21.159+0000] {logging_mixin.py:188} WARNING - /opt/airflow/dags/predict.py:29 RemovedInAirflow3Warning: Param `schedule_interval` is deprecated and will be removed in a future release. Please use `schedule` instead.
[2026-02-01T18:32:21.162+0000] {processor.py:840} INFO - DAG(s) 'ml_prediction_pipeline' retrieved from /opt/airflow/dags/predict.py
[2026-02-01T18:32:21.179+0000] {logging_mixin.py:188} INFO - [2026-02-01T18:32:21.179+0000] {dag.py:3096} INFO - Sync 1 DAGs
[2026-02-01T18:32:21.195+0000] {logging_mixin.py:188} INFO - [2026-02-01T18:32:21.195+0000] {dag.py:3954} INFO - Setting next_dagrun for ml_prediction_pipeline to 2026-01-31 00:00:00+00:00, run_after=2026-02-01 00:00:00+00:00
[2026-02-01T18:32:21.209+0000] {processor.py:183} INFO - Processing /opt/airflow/dags/predict.py took 1.776 seconds
[2026-02-01T18:32:52.692+0000] {processor.py:161} INFO - Started process (PID=20720) to work on /opt/airflow/dags/predict.py
[2026-02-01T18:32:52.694+0000] {processor.py:830} INFO - Processing file /opt/airflow/dags/predict.py for tasks to queue
[2026-02-01T18:32:52.696+0000] {logging_mixin.py:188} INFO - [2026-02-01T18:32:52.695+0000] {dagbag.py:545} INFO - Filling up the DagBag from /opt/airflow/dags/predict.py
[2026-02-01T18:32:54.398+0000] {logging_mixin.py:188} WARNING - /opt/airflow/dags/predict.py:34 RemovedInAirflow3Warning: Function `days_ago` is deprecated and will be removed in Airflow 3.0. You can achieve equivalent behavior with `pendulum.today('UTC').add(days=-N, ...)`
[2026-02-01T18:32:54.399+0000] {logging_mixin.py:188} WARNING - /opt/airflow/dags/predict.py:29 RemovedInAirflow3Warning: Param `schedule_interval` is deprecated and will be removed in a future release. Please use `schedule` instead.
[2026-02-01T18:32:54.403+0000] {processor.py:840} INFO - DAG(s) 'ml_prediction_pipeline' retrieved from /opt/airflow/dags/predict.py
[2026-02-01T18:32:54.424+0000] {logging_mixin.py:188} INFO - [2026-02-01T18:32:54.424+0000] {dag.py:3096} INFO - Sync 1 DAGs
[2026-02-01T18:32:54.438+0000] {logging_mixin.py:188} INFO - [2026-02-01T18:32:54.438+0000] {dag.py:3954} INFO - Setting next_dagrun for ml_prediction_pipeline to 2026-01-31 00:00:00+00:00, run_after=2026-02-01 00:00:00+00:00
[2026-02-01T18:32:54.454+0000] {processor.py:183} INFO - Processing /opt/airflow/dags/predict.py took 1.766 seconds
[2026-02-01T18:33:26.568+0000] {processor.py:161} INFO - Started process (PID=20767) to work on /opt/airflow/dags/predict.py
[2026-02-01T18:33:26.568+0000] {processor.py:830} INFO - Processing file /opt/airflow/dags/predict.py for tasks to queue
[2026-02-01T18:33:26.569+0000] {logging_mixin.py:188} INFO - [2026-02-01T18:33:26.569+0000] {dagbag.py:545} INFO - Filling up the DagBag from /opt/airflow/dags/predict.py
[2026-02-01T18:33:28.251+0000] {logging_mixin.py:188} WARNING - /opt/airflow/dags/predict.py:34 RemovedInAirflow3Warning: Function `days_ago` is deprecated and will be removed in Airflow 3.0. You can achieve equivalent behavior with `pendulum.today('UTC').add(days=-N, ...)`
[2026-02-01T18:33:28.252+0000] {logging_mixin.py:188} WARNING - /opt/airflow/dags/predict.py:29 RemovedInAirflow3Warning: Param `schedule_interval` is deprecated and will be removed in a future release. Please use `schedule` instead.
[2026-02-01T18:33:28.255+0000] {processor.py:840} INFO - DAG(s) 'ml_prediction_pipeline' retrieved from /opt/airflow/dags/predict.py
[2026-02-01T18:33:28.272+0000] {logging_mixin.py:188} INFO - [2026-02-01T18:33:28.271+0000] {dag.py:3096} INFO - Sync 1 DAGs
[2026-02-01T18:33:28.285+0000] {logging_mixin.py:188} INFO - [2026-02-01T18:33:28.284+0000] {dag.py:3954} INFO - Setting next_dagrun for ml_prediction_pipeline to 2026-01-31 00:00:00+00:00, run_after=2026-02-01 00:00:00+00:00
[2026-02-01T18:33:28.300+0000] {processor.py:183} INFO - Processing /opt/airflow/dags/predict.py took 1.736 seconds
[2026-02-01T18:33:59.784+0000] {processor.py:161} INFO - Started process (PID=20814) to work on /opt/airflow/dags/predict.py
[2026-02-01T18:33:59.786+0000] {processor.py:830} INFO - Processing file /opt/airflow/dags/predict.py for tasks to queue
[2026-02-01T18:33:59.788+0000] {logging_mixin.py:188} INFO - [2026-02-01T18:33:59.787+0000] {dagbag.py:545} INFO - Filling up the DagBag from /opt/airflow/dags/predict.py
[2026-02-01T18:34:01.901+0000] {logging_mixin.py:188} WARNING - /opt/airflow/dags/predict.py:34 RemovedInAirflow3Warning: Function `days_ago` is deprecated and will be removed in Airflow 3.0. You can achieve equivalent behavior with `pendulum.today('UTC').add(days=-N, ...)`
[2026-02-01T18:34:01.902+0000] {logging_mixin.py:188} WARNING - /opt/airflow/dags/predict.py:29 RemovedInAirflow3Warning: Param `schedule_interval` is deprecated and will be removed in a future release. Please use `schedule` instead.
[2026-02-01T18:34:01.905+0000] {processor.py:840} INFO - DAG(s) 'ml_prediction_pipeline' retrieved from /opt/airflow/dags/predict.py
[2026-02-01T18:34:01.919+0000] {logging_mixin.py:188} INFO - [2026-02-01T18:34:01.919+0000] {dag.py:3096} INFO - Sync 1 DAGs
[2026-02-01T18:34:01.930+0000] {logging_mixin.py:188} INFO - [2026-02-01T18:34:01.929+0000] {dag.py:3954} INFO - Setting next_dagrun for ml_prediction_pipeline to 2026-01-31 00:00:00+00:00, run_after=2026-02-01 00:00:00+00:00
[2026-02-01T18:34:01.946+0000] {processor.py:183} INFO - Processing /opt/airflow/dags/predict.py took 2.166 seconds
[2026-02-01T18:34:33.414+0000] {processor.py:161} INFO - Started process (PID=20861) to work on /opt/airflow/dags/predict.py
[2026-02-01T18:34:33.414+0000] {processor.py:830} INFO - Processing file /opt/airflow/dags/predict.py for tasks to queue
[2026-02-01T18:34:33.416+0000] {logging_mixin.py:188} INFO - [2026-02-01T18:34:33.415+0000] {dagbag.py:545} INFO - Filling up the DagBag from /opt/airflow/dags/predict.py
[2026-02-01T18:34:34.977+0000] {logging_mixin.py:188} WARNING - /opt/airflow/dags/predict.py:34 RemovedInAirflow3Warning: Function `days_ago` is deprecated and will be removed in Airflow 3.0. You can achieve equivalent behavior with `pendulum.today('UTC').add(days=-N, ...)`
[2026-02-01T18:34:34.978+0000] {logging_mixin.py:188} WARNING - /opt/airflow/dags/predict.py:29 RemovedInAirflow3Warning: Param `schedule_interval` is deprecated and will be removed in a future release. Please use `schedule` instead.
[2026-02-01T18:34:34.981+0000] {processor.py:840} INFO - DAG(s) 'ml_prediction_pipeline' retrieved from /opt/airflow/dags/predict.py
[2026-02-01T18:34:34.996+0000] {logging_mixin.py:188} INFO - [2026-02-01T18:34:34.996+0000] {dag.py:3096} INFO - Sync 1 DAGs
[2026-02-01T18:34:35.010+0000] {logging_mixin.py:188} INFO - [2026-02-01T18:34:35.010+0000] {dag.py:3954} INFO - Setting next_dagrun for ml_prediction_pipeline to 2026-01-31 00:00:00+00:00, run_after=2026-02-01 00:00:00+00:00
[2026-02-01T18:34:35.024+0000] {processor.py:183} INFO - Processing /opt/airflow/dags/predict.py took 1.614 seconds
[2026-02-01T18:35:06.518+0000] {processor.py:161} INFO - Started process (PID=20908) to work on /opt/airflow/dags/predict.py
[2026-02-01T18:35:06.519+0000] {processor.py:830} INFO - Processing file /opt/airflow/dags/predict.py for tasks to queue
[2026-02-01T18:35:06.520+0000] {logging_mixin.py:188} INFO - [2026-02-01T18:35:06.520+0000] {dagbag.py:545} INFO - Filling up the DagBag from /opt/airflow/dags/predict.py
[2026-02-01T18:35:08.481+0000] {logging_mixin.py:188} WARNING - /opt/airflow/dags/predict.py:34 RemovedInAirflow3Warning: Function `days_ago` is deprecated and will be removed in Airflow 3.0. You can achieve equivalent behavior with `pendulum.today('UTC').add(days=-N, ...)`
[2026-02-01T18:35:08.482+0000] {logging_mixin.py:188} WARNING - /opt/airflow/dags/predict.py:29 RemovedInAirflow3Warning: Param `schedule_interval` is deprecated and will be removed in a future release. Please use `schedule` instead.
[2026-02-01T18:35:08.487+0000] {processor.py:840} INFO - DAG(s) 'ml_prediction_pipeline' retrieved from /opt/airflow/dags/predict.py
[2026-02-01T18:35:08.509+0000] {logging_mixin.py:188} INFO - [2026-02-01T18:35:08.508+0000] {dag.py:3096} INFO - Sync 1 DAGs
[2026-02-01T18:35:08.528+0000] {logging_mixin.py:188} INFO - [2026-02-01T18:35:08.528+0000] {dag.py:3954} INFO - Setting next_dagrun for ml_prediction_pipeline to 2026-01-31 00:00:00+00:00, run_after=2026-02-01 00:00:00+00:00
[2026-02-01T18:35:08.544+0000] {processor.py:183} INFO - Processing /opt/airflow/dags/predict.py took 2.030 seconds
[2026-02-01T18:35:40.017+0000] {processor.py:161} INFO - Started process (PID=20955) to work on /opt/airflow/dags/predict.py
[2026-02-01T18:35:40.018+0000] {processor.py:830} INFO - Processing file /opt/airflow/dags/predict.py for tasks to queue
[2026-02-01T18:35:40.019+0000] {logging_mixin.py:188} INFO - [2026-02-01T18:35:40.019+0000] {dagbag.py:545} INFO - Filling up the DagBag from /opt/airflow/dags/predict.py
[2026-02-01T18:35:41.942+0000] {logging_mixin.py:188} WARNING - /opt/airflow/dags/predict.py:34 RemovedInAirflow3Warning: Function `days_ago` is deprecated and will be removed in Airflow 3.0. You can achieve equivalent behavior with `pendulum.today('UTC').add(days=-N, ...)`
[2026-02-01T18:35:41.943+0000] {logging_mixin.py:188} WARNING - /opt/airflow/dags/predict.py:29 RemovedInAirflow3Warning: Param `schedule_interval` is deprecated and will be removed in a future release. Please use `schedule` instead.
[2026-02-01T18:35:41.946+0000] {processor.py:840} INFO - DAG(s) 'ml_prediction_pipeline' retrieved from /opt/airflow/dags/predict.py
[2026-02-01T18:35:41.962+0000] {logging_mixin.py:188} INFO - [2026-02-01T18:35:41.962+0000] {dag.py:3096} INFO - Sync 1 DAGs
[2026-02-01T18:35:41.974+0000] {logging_mixin.py:188} INFO - [2026-02-01T18:35:41.974+0000] {dag.py:3954} INFO - Setting next_dagrun for ml_prediction_pipeline to 2026-01-31 00:00:00+00:00, run_after=2026-02-01 00:00:00+00:00
[2026-02-01T18:35:41.987+0000] {processor.py:183} INFO - Processing /opt/airflow/dags/predict.py took 1.973 seconds
[2026-02-01T18:36:13.492+0000] {processor.py:161} INFO - Started process (PID=21002) to work on /opt/airflow/dags/predict.py
[2026-02-01T18:36:13.493+0000] {processor.py:830} INFO - Processing file /opt/airflow/dags/predict.py for tasks to queue
[2026-02-01T18:36:13.494+0000] {logging_mixin.py:188} INFO - [2026-02-01T18:36:13.494+0000] {dagbag.py:545} INFO - Filling up the DagBag from /opt/airflow/dags/predict.py
[2026-02-01T18:36:15.159+0000] {logging_mixin.py:188} WARNING - /opt/airflow/dags/predict.py:34 RemovedInAirflow3Warning: Function `days_ago` is deprecated and will be removed in Airflow 3.0. You can achieve equivalent behavior with `pendulum.today('UTC').add(days=-N, ...)`
[2026-02-01T18:36:15.161+0000] {logging_mixin.py:188} WARNING - /opt/airflow/dags/predict.py:29 RemovedInAirflow3Warning: Param `schedule_interval` is deprecated and will be removed in a future release. Please use `schedule` instead.
[2026-02-01T18:36:15.166+0000] {processor.py:840} INFO - DAG(s) 'ml_prediction_pipeline' retrieved from /opt/airflow/dags/predict.py
[2026-02-01T18:36:15.199+0000] {logging_mixin.py:188} INFO - [2026-02-01T18:36:15.198+0000] {dag.py:3096} INFO - Sync 1 DAGs
[2026-02-01T18:36:15.219+0000] {logging_mixin.py:188} INFO - [2026-02-01T18:36:15.219+0000] {dag.py:3954} INFO - Setting next_dagrun for ml_prediction_pipeline to 2026-01-31 00:00:00+00:00, run_after=2026-02-01 00:00:00+00:00
[2026-02-01T18:36:15.237+0000] {processor.py:183} INFO - Processing /opt/airflow/dags/predict.py took 1.750 seconds
[2026-02-01T18:36:46.734+0000] {processor.py:161} INFO - Started process (PID=21049) to work on /opt/airflow/dags/predict.py
[2026-02-01T18:36:46.735+0000] {processor.py:830} INFO - Processing file /opt/airflow/dags/predict.py for tasks to queue
[2026-02-01T18:36:46.736+0000] {logging_mixin.py:188} INFO - [2026-02-01T18:36:46.736+0000] {dagbag.py:545} INFO - Filling up the DagBag from /opt/airflow/dags/predict.py
[2026-02-01T18:36:48.337+0000] {logging_mixin.py:188} WARNING - /opt/airflow/dags/predict.py:34 RemovedInAirflow3Warning: Function `days_ago` is deprecated and will be removed in Airflow 3.0. You can achieve equivalent behavior with `pendulum.today('UTC').add(days=-N, ...)`
[2026-02-01T18:36:48.338+0000] {logging_mixin.py:188} WARNING - /opt/airflow/dags/predict.py:29 RemovedInAirflow3Warning: Param `schedule_interval` is deprecated and will be removed in a future release. Please use `schedule` instead.
[2026-02-01T18:36:48.341+0000] {processor.py:840} INFO - DAG(s) 'ml_prediction_pipeline' retrieved from /opt/airflow/dags/predict.py
[2026-02-01T18:36:48.359+0000] {logging_mixin.py:188} INFO - [2026-02-01T18:36:48.359+0000] {dag.py:3096} INFO - Sync 1 DAGs
[2026-02-01T18:36:48.372+0000] {logging_mixin.py:188} INFO - [2026-02-01T18:36:48.372+0000] {dag.py:3954} INFO - Setting next_dagrun for ml_prediction_pipeline to 2026-01-31 00:00:00+00:00, run_after=2026-02-01 00:00:00+00:00
[2026-02-01T18:36:48.386+0000] {processor.py:183} INFO - Processing /opt/airflow/dags/predict.py took 1.655 seconds
[2026-02-01T18:37:19.860+0000] {processor.py:161} INFO - Started process (PID=21096) to work on /opt/airflow/dags/predict.py
[2026-02-01T18:37:19.862+0000] {processor.py:830} INFO - Processing file /opt/airflow/dags/predict.py for tasks to queue
[2026-02-01T18:37:19.863+0000] {logging_mixin.py:188} INFO - [2026-02-01T18:37:19.863+0000] {dagbag.py:545} INFO - Filling up the DagBag from /opt/airflow/dags/predict.py
[2026-02-01T18:37:21.615+0000] {logging_mixin.py:188} WARNING - /opt/airflow/dags/predict.py:34 RemovedInAirflow3Warning: Function `days_ago` is deprecated and will be removed in Airflow 3.0. You can achieve equivalent behavior with `pendulum.today('UTC').add(days=-N, ...)`
[2026-02-01T18:37:21.616+0000] {logging_mixin.py:188} WARNING - /opt/airflow/dags/predict.py:29 RemovedInAirflow3Warning: Param `schedule_interval` is deprecated and will be removed in a future release. Please use `schedule` instead.
[2026-02-01T18:37:21.620+0000] {processor.py:840} INFO - DAG(s) 'ml_prediction_pipeline' retrieved from /opt/airflow/dags/predict.py
[2026-02-01T18:37:21.636+0000] {logging_mixin.py:188} INFO - [2026-02-01T18:37:21.636+0000] {dag.py:3096} INFO - Sync 1 DAGs
[2026-02-01T18:37:21.649+0000] {logging_mixin.py:188} INFO - [2026-02-01T18:37:21.649+0000] {dag.py:3954} INFO - Setting next_dagrun for ml_prediction_pipeline to 2026-01-31 00:00:00+00:00, run_after=2026-02-01 00:00:00+00:00
[2026-02-01T18:37:21.663+0000] {processor.py:183} INFO - Processing /opt/airflow/dags/predict.py took 1.807 seconds
[2026-02-01T18:37:53.158+0000] {processor.py:161} INFO - Started process (PID=21143) to work on /opt/airflow/dags/predict.py
[2026-02-01T18:37:53.159+0000] {processor.py:830} INFO - Processing file /opt/airflow/dags/predict.py for tasks to queue
[2026-02-01T18:37:53.160+0000] {logging_mixin.py:188} INFO - [2026-02-01T18:37:53.160+0000] {dagbag.py:545} INFO - Filling up the DagBag from /opt/airflow/dags/predict.py
[2026-02-01T18:37:54.799+0000] {logging_mixin.py:188} WARNING - /opt/airflow/dags/predict.py:34 RemovedInAirflow3Warning: Function `days_ago` is deprecated and will be removed in Airflow 3.0. You can achieve equivalent behavior with `pendulum.today('UTC').add(days=-N, ...)`
[2026-02-01T18:37:54.802+0000] {logging_mixin.py:188} WARNING - /opt/airflow/dags/predict.py:29 RemovedInAirflow3Warning: Param `schedule_interval` is deprecated and will be removed in a future release. Please use `schedule` instead.
[2026-02-01T18:37:54.805+0000] {processor.py:840} INFO - DAG(s) 'ml_prediction_pipeline' retrieved from /opt/airflow/dags/predict.py
[2026-02-01T18:37:54.823+0000] {logging_mixin.py:188} INFO - [2026-02-01T18:37:54.823+0000] {dag.py:3096} INFO - Sync 1 DAGs
[2026-02-01T18:37:54.838+0000] {logging_mixin.py:188} INFO - [2026-02-01T18:37:54.838+0000] {dag.py:3954} INFO - Setting next_dagrun for ml_prediction_pipeline to 2026-01-31 00:00:00+00:00, run_after=2026-02-01 00:00:00+00:00
[2026-02-01T18:37:54.854+0000] {processor.py:183} INFO - Processing /opt/airflow/dags/predict.py took 1.700 seconds
[2026-02-01T18:38:26.395+0000] {processor.py:161} INFO - Started process (PID=21190) to work on /opt/airflow/dags/predict.py
[2026-02-01T18:38:26.395+0000] {processor.py:830} INFO - Processing file /opt/airflow/dags/predict.py for tasks to queue
[2026-02-01T18:38:26.396+0000] {logging_mixin.py:188} INFO - [2026-02-01T18:38:26.396+0000] {dagbag.py:545} INFO - Filling up the DagBag from /opt/airflow/dags/predict.py
[2026-02-01T18:38:28.049+0000] {logging_mixin.py:188} WARNING - /opt/airflow/dags/predict.py:34 RemovedInAirflow3Warning: Function `days_ago` is deprecated and will be removed in Airflow 3.0. You can achieve equivalent behavior with `pendulum.today('UTC').add(days=-N, ...)`
[2026-02-01T18:38:28.049+0000] {logging_mixin.py:188} WARNING - /opt/airflow/dags/predict.py:29 RemovedInAirflow3Warning: Param `schedule_interval` is deprecated and will be removed in a future release. Please use `schedule` instead.
[2026-02-01T18:38:28.053+0000] {processor.py:840} INFO - DAG(s) 'ml_prediction_pipeline' retrieved from /opt/airflow/dags/predict.py
[2026-02-01T18:38:28.071+0000] {logging_mixin.py:188} INFO - [2026-02-01T18:38:28.070+0000] {dag.py:3096} INFO - Sync 1 DAGs
[2026-02-01T18:38:28.088+0000] {logging_mixin.py:188} INFO - [2026-02-01T18:38:28.088+0000] {dag.py:3954} INFO - Setting next_dagrun for ml_prediction_pipeline to 2026-01-31 00:00:00+00:00, run_after=2026-02-01 00:00:00+00:00
[2026-02-01T18:38:28.102+0000] {processor.py:183} INFO - Processing /opt/airflow/dags/predict.py took 1.711 seconds
[2026-02-01T18:38:59.581+0000] {processor.py:161} INFO - Started process (PID=21237) to work on /opt/airflow/dags/predict.py
[2026-02-01T18:38:59.582+0000] {processor.py:830} INFO - Processing file /opt/airflow/dags/predict.py for tasks to queue
[2026-02-01T18:38:59.583+0000] {logging_mixin.py:188} INFO - [2026-02-01T18:38:59.583+0000] {dagbag.py:545} INFO - Filling up the DagBag from /opt/airflow/dags/predict.py
[2026-02-01T18:39:01.298+0000] {logging_mixin.py:188} WARNING - /opt/airflow/dags/predict.py:34 RemovedInAirflow3Warning: Function `days_ago` is deprecated and will be removed in Airflow 3.0. You can achieve equivalent behavior with `pendulum.today('UTC').add(days=-N, ...)`
[2026-02-01T18:39:01.299+0000] {logging_mixin.py:188} WARNING - /opt/airflow/dags/predict.py:29 RemovedInAirflow3Warning: Param `schedule_interval` is deprecated and will be removed in a future release. Please use `schedule` instead.
[2026-02-01T18:39:01.302+0000] {processor.py:840} INFO - DAG(s) 'ml_prediction_pipeline' retrieved from /opt/airflow/dags/predict.py
[2026-02-01T18:39:01.318+0000] {logging_mixin.py:188} INFO - [2026-02-01T18:39:01.318+0000] {dag.py:3096} INFO - Sync 1 DAGs
[2026-02-01T18:39:01.331+0000] {logging_mixin.py:188} INFO - [2026-02-01T18:39:01.331+0000] {dag.py:3954} INFO - Setting next_dagrun for ml_prediction_pipeline to 2026-01-31 00:00:00+00:00, run_after=2026-02-01 00:00:00+00:00
[2026-02-01T18:39:01.345+0000] {processor.py:183} INFO - Processing /opt/airflow/dags/predict.py took 1.767 seconds
[2026-02-01T18:39:33.243+0000] {processor.py:161} INFO - Started process (PID=21284) to work on /opt/airflow/dags/predict.py
[2026-02-01T18:39:33.244+0000] {processor.py:830} INFO - Processing file /opt/airflow/dags/predict.py for tasks to queue
[2026-02-01T18:39:33.245+0000] {logging_mixin.py:188} INFO - [2026-02-01T18:39:33.245+0000] {dagbag.py:545} INFO - Filling up the DagBag from /opt/airflow/dags/predict.py
[2026-02-01T18:39:34.870+0000] {logging_mixin.py:188} WARNING - /opt/airflow/dags/predict.py:34 RemovedInAirflow3Warning: Function `days_ago` is deprecated and will be removed in Airflow 3.0. You can achieve equivalent behavior with `pendulum.today('UTC').add(days=-N, ...)`
[2026-02-01T18:39:34.873+0000] {logging_mixin.py:188} WARNING - /opt/airflow/dags/predict.py:29 RemovedInAirflow3Warning: Param `schedule_interval` is deprecated and will be removed in a future release. Please use `schedule` instead.
[2026-02-01T18:39:34.877+0000] {processor.py:840} INFO - DAG(s) 'ml_prediction_pipeline' retrieved from /opt/airflow/dags/predict.py
[2026-02-01T18:39:34.895+0000] {logging_mixin.py:188} INFO - [2026-02-01T18:39:34.894+0000] {dag.py:3096} INFO - Sync 1 DAGs
[2026-02-01T18:39:34.907+0000] {logging_mixin.py:188} INFO - [2026-02-01T18:39:34.906+0000] {dag.py:3954} INFO - Setting next_dagrun for ml_prediction_pipeline to 2026-01-31 00:00:00+00:00, run_after=2026-02-01 00:00:00+00:00
[2026-02-01T18:39:34.920+0000] {processor.py:183} INFO - Processing /opt/airflow/dags/predict.py took 1.681 seconds
[2026-02-01T18:40:06.403+0000] {processor.py:161} INFO - Started process (PID=21331) to work on /opt/airflow/dags/predict.py
[2026-02-01T18:40:06.403+0000] {processor.py:830} INFO - Processing file /opt/airflow/dags/predict.py for tasks to queue
[2026-02-01T18:40:06.405+0000] {logging_mixin.py:188} INFO - [2026-02-01T18:40:06.404+0000] {dagbag.py:545} INFO - Filling up the DagBag from /opt/airflow/dags/predict.py
[2026-02-01T18:40:08.022+0000] {logging_mixin.py:188} WARNING - /opt/airflow/dags/predict.py:34 RemovedInAirflow3Warning: Function `days_ago` is deprecated and will be removed in Airflow 3.0. You can achieve equivalent behavior with `pendulum.today('UTC').add(days=-N, ...)`
[2026-02-01T18:40:08.023+0000] {logging_mixin.py:188} WARNING - /opt/airflow/dags/predict.py:29 RemovedInAirflow3Warning: Param `schedule_interval` is deprecated and will be removed in a future release. Please use `schedule` instead.
[2026-02-01T18:40:08.026+0000] {processor.py:840} INFO - DAG(s) 'ml_prediction_pipeline' retrieved from /opt/airflow/dags/predict.py
[2026-02-01T18:40:08.042+0000] {logging_mixin.py:188} INFO - [2026-02-01T18:40:08.042+0000] {dag.py:3096} INFO - Sync 1 DAGs
[2026-02-01T18:40:08.056+0000] {logging_mixin.py:188} INFO - [2026-02-01T18:40:08.056+0000] {dag.py:3954} INFO - Setting next_dagrun for ml_prediction_pipeline to 2026-01-31 00:00:00+00:00, run_after=2026-02-01 00:00:00+00:00
[2026-02-01T18:40:08.069+0000] {processor.py:183} INFO - Processing /opt/airflow/dags/predict.py took 1.670 seconds
[2026-02-01T18:40:39.562+0000] {processor.py:161} INFO - Started process (PID=21378) to work on /opt/airflow/dags/predict.py
[2026-02-01T18:40:39.564+0000] {processor.py:830} INFO - Processing file /opt/airflow/dags/predict.py for tasks to queue
[2026-02-01T18:40:39.565+0000] {logging_mixin.py:188} INFO - [2026-02-01T18:40:39.565+0000] {dagbag.py:545} INFO - Filling up the DagBag from /opt/airflow/dags/predict.py
[2026-02-01T18:40:41.255+0000] {logging_mixin.py:188} WARNING - /opt/airflow/dags/predict.py:34 RemovedInAirflow3Warning: Function `days_ago` is deprecated and will be removed in Airflow 3.0. You can achieve equivalent behavior with `pendulum.today('UTC').add(days=-N, ...)`
[2026-02-01T18:40:41.256+0000] {logging_mixin.py:188} WARNING - /opt/airflow/dags/predict.py:29 RemovedInAirflow3Warning: Param `schedule_interval` is deprecated and will be removed in a future release. Please use `schedule` instead.
[2026-02-01T18:40:41.259+0000] {processor.py:840} INFO - DAG(s) 'ml_prediction_pipeline' retrieved from /opt/airflow/dags/predict.py
[2026-02-01T18:40:41.276+0000] {logging_mixin.py:188} INFO - [2026-02-01T18:40:41.276+0000] {dag.py:3096} INFO - Sync 1 DAGs
[2026-02-01T18:40:41.290+0000] {logging_mixin.py:188} INFO - [2026-02-01T18:40:41.290+0000] {dag.py:3954} INFO - Setting next_dagrun for ml_prediction_pipeline to 2026-01-31 00:00:00+00:00, run_after=2026-02-01 00:00:00+00:00
[2026-02-01T18:40:41.304+0000] {processor.py:183} INFO - Processing /opt/airflow/dags/predict.py took 1.746 seconds
[2026-02-01T18:41:13.437+0000] {processor.py:161} INFO - Started process (PID=21425) to work on /opt/airflow/dags/predict.py
[2026-02-01T18:41:13.437+0000] {processor.py:830} INFO - Processing file /opt/airflow/dags/predict.py for tasks to queue
[2026-02-01T18:41:13.438+0000] {logging_mixin.py:188} INFO - [2026-02-01T18:41:13.438+0000] {dagbag.py:545} INFO - Filling up the DagBag from /opt/airflow/dags/predict.py
[2026-02-01T18:41:15.182+0000] {logging_mixin.py:188} WARNING - /opt/airflow/dags/predict.py:34 RemovedInAirflow3Warning: Function `days_ago` is deprecated and will be removed in Airflow 3.0. You can achieve equivalent behavior with `pendulum.today('UTC').add(days=-N, ...)`
[2026-02-01T18:41:15.184+0000] {logging_mixin.py:188} WARNING - /opt/airflow/dags/predict.py:29 RemovedInAirflow3Warning: Param `schedule_interval` is deprecated and will be removed in a future release. Please use `schedule` instead.
[2026-02-01T18:41:15.188+0000] {processor.py:840} INFO - DAG(s) 'ml_prediction_pipeline' retrieved from /opt/airflow/dags/predict.py
[2026-02-01T18:41:15.205+0000] {logging_mixin.py:188} INFO - [2026-02-01T18:41:15.205+0000] {dag.py:3096} INFO - Sync 1 DAGs
[2026-02-01T18:41:15.219+0000] {logging_mixin.py:188} INFO - [2026-02-01T18:41:15.219+0000] {dag.py:3954} INFO - Setting next_dagrun for ml_prediction_pipeline to 2026-01-31 00:00:00+00:00, run_after=2026-02-01 00:00:00+00:00
[2026-02-01T18:41:15.233+0000] {processor.py:183} INFO - Processing /opt/airflow/dags/predict.py took 1.801 seconds
[2026-02-01T18:41:46.472+0000] {processor.py:161} INFO - Started process (PID=21472) to work on /opt/airflow/dags/predict.py
[2026-02-01T18:41:46.473+0000] {processor.py:830} INFO - Processing file /opt/airflow/dags/predict.py for tasks to queue
[2026-02-01T18:41:46.475+0000] {logging_mixin.py:188} INFO - [2026-02-01T18:41:46.474+0000] {dagbag.py:545} INFO - Filling up the DagBag from /opt/airflow/dags/predict.py
[2026-02-01T18:41:48.390+0000] {logging_mixin.py:188} WARNING - /opt/airflow/dags/predict.py:34 RemovedInAirflow3Warning: Function `days_ago` is deprecated and will be removed in Airflow 3.0. You can achieve equivalent behavior with `pendulum.today('UTC').add(days=-N, ...)`
[2026-02-01T18:41:48.391+0000] {logging_mixin.py:188} WARNING - /opt/airflow/dags/predict.py:29 RemovedInAirflow3Warning: Param `schedule_interval` is deprecated and will be removed in a future release. Please use `schedule` instead.
[2026-02-01T18:41:48.396+0000] {processor.py:840} INFO - DAG(s) 'ml_prediction_pipeline' retrieved from /opt/airflow/dags/predict.py
[2026-02-01T18:41:48.414+0000] {logging_mixin.py:188} INFO - [2026-02-01T18:41:48.413+0000] {dag.py:3096} INFO - Sync 1 DAGs
[2026-02-01T18:41:48.431+0000] {logging_mixin.py:188} INFO - [2026-02-01T18:41:48.431+0000] {dag.py:3954} INFO - Setting next_dagrun for ml_prediction_pipeline to 2026-01-31 00:00:00+00:00, run_after=2026-02-01 00:00:00+00:00
[2026-02-01T18:41:48.446+0000] {processor.py:183} INFO - Processing /opt/airflow/dags/predict.py took 1.978 seconds
[2026-02-01T18:42:19.592+0000] {processor.py:161} INFO - Started process (PID=21519) to work on /opt/airflow/dags/predict.py
[2026-02-01T18:42:19.594+0000] {processor.py:830} INFO - Processing file /opt/airflow/dags/predict.py for tasks to queue
[2026-02-01T18:42:19.596+0000] {logging_mixin.py:188} INFO - [2026-02-01T18:42:19.595+0000] {dagbag.py:545} INFO - Filling up the DagBag from /opt/airflow/dags/predict.py
[2026-02-01T18:42:21.535+0000] {logging_mixin.py:188} WARNING - /opt/airflow/dags/predict.py:34 RemovedInAirflow3Warning: Function `days_ago` is deprecated and will be removed in Airflow 3.0. You can achieve equivalent behavior with `pendulum.today('UTC').add(days=-N, ...)`
[2026-02-01T18:42:21.536+0000] {logging_mixin.py:188} WARNING - /opt/airflow/dags/predict.py:29 RemovedInAirflow3Warning: Param `schedule_interval` is deprecated and will be removed in a future release. Please use `schedule` instead.
[2026-02-01T18:42:21.539+0000] {processor.py:840} INFO - DAG(s) 'ml_prediction_pipeline' retrieved from /opt/airflow/dags/predict.py
[2026-02-01T18:42:21.557+0000] {logging_mixin.py:188} INFO - [2026-02-01T18:42:21.557+0000] {dag.py:3096} INFO - Sync 1 DAGs
[2026-02-01T18:42:21.571+0000] {logging_mixin.py:188} INFO - [2026-02-01T18:42:21.571+0000] {dag.py:3954} INFO - Setting next_dagrun for ml_prediction_pipeline to 2026-01-31 00:00:00+00:00, run_after=2026-02-01 00:00:00+00:00
[2026-02-01T18:42:21.586+0000] {processor.py:183} INFO - Processing /opt/airflow/dags/predict.py took 1.998 seconds
[2026-02-01T18:42:53.078+0000] {processor.py:161} INFO - Started process (PID=21567) to work on /opt/airflow/dags/predict.py
[2026-02-01T18:42:53.079+0000] {processor.py:830} INFO - Processing file /opt/airflow/dags/predict.py for tasks to queue
[2026-02-01T18:42:53.080+0000] {logging_mixin.py:188} INFO - [2026-02-01T18:42:53.080+0000] {dagbag.py:545} INFO - Filling up the DagBag from /opt/airflow/dags/predict.py
[2026-02-01T18:42:54.961+0000] {logging_mixin.py:188} WARNING - /opt/airflow/dags/predict.py:34 RemovedInAirflow3Warning: Function `days_ago` is deprecated and will be removed in Airflow 3.0. You can achieve equivalent behavior with `pendulum.today('UTC').add(days=-N, ...)`
[2026-02-01T18:42:54.962+0000] {logging_mixin.py:188} WARNING - /opt/airflow/dags/predict.py:29 RemovedInAirflow3Warning: Param `schedule_interval` is deprecated and will be removed in a future release. Please use `schedule` instead.
[2026-02-01T18:42:54.966+0000] {processor.py:840} INFO - DAG(s) 'ml_prediction_pipeline' retrieved from /opt/airflow/dags/predict.py
[2026-02-01T18:42:54.983+0000] {logging_mixin.py:188} INFO - [2026-02-01T18:42:54.983+0000] {dag.py:3096} INFO - Sync 1 DAGs
[2026-02-01T18:42:54.997+0000] {logging_mixin.py:188} INFO - [2026-02-01T18:42:54.997+0000] {dag.py:3954} INFO - Setting next_dagrun for ml_prediction_pipeline to 2026-01-31 00:00:00+00:00, run_after=2026-02-01 00:00:00+00:00
[2026-02-01T18:42:55.011+0000] {processor.py:183} INFO - Processing /opt/airflow/dags/predict.py took 1.939 seconds
[2026-02-01T18:43:26.456+0000] {processor.py:161} INFO - Started process (PID=21614) to work on /opt/airflow/dags/predict.py
[2026-02-01T18:43:26.457+0000] {processor.py:830} INFO - Processing file /opt/airflow/dags/predict.py for tasks to queue
[2026-02-01T18:43:26.459+0000] {logging_mixin.py:188} INFO - [2026-02-01T18:43:26.459+0000] {dagbag.py:545} INFO - Filling up the DagBag from /opt/airflow/dags/predict.py
[2026-02-01T18:43:28.974+0000] {logging_mixin.py:188} WARNING - /opt/airflow/dags/predict.py:34 RemovedInAirflow3Warning: Function `days_ago` is deprecated and will be removed in Airflow 3.0. You can achieve equivalent behavior with `pendulum.today('UTC').add(days=-N, ...)`
[2026-02-01T18:43:28.975+0000] {logging_mixin.py:188} WARNING - /opt/airflow/dags/predict.py:29 RemovedInAirflow3Warning: Param `schedule_interval` is deprecated and will be removed in a future release. Please use `schedule` instead.
[2026-02-01T18:43:28.980+0000] {processor.py:840} INFO - DAG(s) 'ml_prediction_pipeline' retrieved from /opt/airflow/dags/predict.py
[2026-02-01T18:43:29.001+0000] {logging_mixin.py:188} INFO - [2026-02-01T18:43:29.001+0000] {dag.py:3096} INFO - Sync 1 DAGs
[2026-02-01T18:43:29.019+0000] {logging_mixin.py:188} INFO - [2026-02-01T18:43:29.019+0000] {dag.py:3954} INFO - Setting next_dagrun for ml_prediction_pipeline to 2026-01-31 00:00:00+00:00, run_after=2026-02-01 00:00:00+00:00
[2026-02-01T18:43:29.035+0000] {processor.py:183} INFO - Processing /opt/airflow/dags/predict.py took 2.584 seconds
[2026-02-01T18:43:59.988+0000] {processor.py:161} INFO - Started process (PID=21661) to work on /opt/airflow/dags/predict.py
[2026-02-01T18:43:59.990+0000] {processor.py:830} INFO - Processing file /opt/airflow/dags/predict.py for tasks to queue
[2026-02-01T18:43:59.993+0000] {logging_mixin.py:188} INFO - [2026-02-01T18:43:59.992+0000] {dagbag.py:545} INFO - Filling up the DagBag from /opt/airflow/dags/predict.py
[2026-02-01T18:44:02.455+0000] {logging_mixin.py:188} WARNING - /opt/airflow/dags/predict.py:34 RemovedInAirflow3Warning: Function `days_ago` is deprecated and will be removed in Airflow 3.0. You can achieve equivalent behavior with `pendulum.today('UTC').add(days=-N, ...)`
[2026-02-01T18:44:02.457+0000] {logging_mixin.py:188} WARNING - /opt/airflow/dags/predict.py:29 RemovedInAirflow3Warning: Param `schedule_interval` is deprecated and will be removed in a future release. Please use `schedule` instead.
[2026-02-01T18:44:02.462+0000] {processor.py:840} INFO - DAG(s) 'ml_prediction_pipeline' retrieved from /opt/airflow/dags/predict.py
[2026-02-01T18:44:02.484+0000] {logging_mixin.py:188} INFO - [2026-02-01T18:44:02.484+0000] {dag.py:3096} INFO - Sync 1 DAGs
[2026-02-01T18:44:02.501+0000] {logging_mixin.py:188} INFO - [2026-02-01T18:44:02.501+0000] {dag.py:3954} INFO - Setting next_dagrun for ml_prediction_pipeline to 2026-01-31 00:00:00+00:00, run_after=2026-02-01 00:00:00+00:00
[2026-02-01T18:44:02.517+0000] {processor.py:183} INFO - Processing /opt/airflow/dags/predict.py took 2.533 seconds
[2026-02-01T18:44:32.945+0000] {processor.py:161} INFO - Started process (PID=21708) to work on /opt/airflow/dags/predict.py
[2026-02-01T18:44:32.946+0000] {processor.py:830} INFO - Processing file /opt/airflow/dags/predict.py for tasks to queue
[2026-02-01T18:44:32.949+0000] {logging_mixin.py:188} INFO - [2026-02-01T18:44:32.948+0000] {dagbag.py:545} INFO - Filling up the DagBag from /opt/airflow/dags/predict.py
[2026-02-01T18:44:34.969+0000] {logging_mixin.py:188} WARNING - /opt/airflow/dags/predict.py:34 RemovedInAirflow3Warning: Function `days_ago` is deprecated and will be removed in Airflow 3.0. You can achieve equivalent behavior with `pendulum.today('UTC').add(days=-N, ...)`
[2026-02-01T18:44:34.970+0000] {logging_mixin.py:188} WARNING - /opt/airflow/dags/predict.py:29 RemovedInAirflow3Warning: Param `schedule_interval` is deprecated and will be removed in a future release. Please use `schedule` instead.
[2026-02-01T18:44:34.974+0000] {processor.py:840} INFO - DAG(s) 'ml_prediction_pipeline' retrieved from /opt/airflow/dags/predict.py
[2026-02-01T18:44:34.998+0000] {logging_mixin.py:188} INFO - [2026-02-01T18:44:34.998+0000] {dag.py:3096} INFO - Sync 1 DAGs
[2026-02-01T18:44:35.016+0000] {logging_mixin.py:188} INFO - [2026-02-01T18:44:35.016+0000] {dag.py:3954} INFO - Setting next_dagrun for ml_prediction_pipeline to 2026-01-31 00:00:00+00:00, run_after=2026-02-01 00:00:00+00:00
[2026-02-01T18:44:35.037+0000] {processor.py:183} INFO - Processing /opt/airflow/dags/predict.py took 2.097 seconds
[2026-02-01T18:45:06.508+0000] {processor.py:161} INFO - Started process (PID=21755) to work on /opt/airflow/dags/predict.py
[2026-02-01T18:45:06.512+0000] {processor.py:830} INFO - Processing file /opt/airflow/dags/predict.py for tasks to queue
[2026-02-01T18:45:06.513+0000] {logging_mixin.py:188} INFO - [2026-02-01T18:45:06.513+0000] {dagbag.py:545} INFO - Filling up the DagBag from /opt/airflow/dags/predict.py
[2026-02-01T18:45:08.252+0000] {logging_mixin.py:188} WARNING - /opt/airflow/dags/predict.py:34 RemovedInAirflow3Warning: Function `days_ago` is deprecated and will be removed in Airflow 3.0. You can achieve equivalent behavior with `pendulum.today('UTC').add(days=-N, ...)`
[2026-02-01T18:45:08.253+0000] {logging_mixin.py:188} WARNING - /opt/airflow/dags/predict.py:29 RemovedInAirflow3Warning: Param `schedule_interval` is deprecated and will be removed in a future release. Please use `schedule` instead.
[2026-02-01T18:45:08.257+0000] {processor.py:840} INFO - DAG(s) 'ml_prediction_pipeline' retrieved from /opt/airflow/dags/predict.py
[2026-02-01T18:45:08.277+0000] {logging_mixin.py:188} INFO - [2026-02-01T18:45:08.276+0000] {dag.py:3096} INFO - Sync 1 DAGs
[2026-02-01T18:45:08.293+0000] {logging_mixin.py:188} INFO - [2026-02-01T18:45:08.293+0000] {dag.py:3954} INFO - Setting next_dagrun for ml_prediction_pipeline to 2026-01-31 00:00:00+00:00, run_after=2026-02-01 00:00:00+00:00
[2026-02-01T18:45:08.309+0000] {processor.py:183} INFO - Processing /opt/airflow/dags/predict.py took 1.805 seconds
[2026-02-01T18:45:39.793+0000] {processor.py:161} INFO - Started process (PID=21802) to work on /opt/airflow/dags/predict.py
[2026-02-01T18:45:39.794+0000] {processor.py:830} INFO - Processing file /opt/airflow/dags/predict.py for tasks to queue
[2026-02-01T18:45:39.795+0000] {logging_mixin.py:188} INFO - [2026-02-01T18:45:39.795+0000] {dagbag.py:545} INFO - Filling up the DagBag from /opt/airflow/dags/predict.py
[2026-02-01T18:45:41.524+0000] {logging_mixin.py:188} WARNING - /opt/airflow/dags/predict.py:34 RemovedInAirflow3Warning: Function `days_ago` is deprecated and will be removed in Airflow 3.0. You can achieve equivalent behavior with `pendulum.today('UTC').add(days=-N, ...)`
[2026-02-01T18:45:41.525+0000] {logging_mixin.py:188} WARNING - /opt/airflow/dags/predict.py:29 RemovedInAirflow3Warning: Param `schedule_interval` is deprecated and will be removed in a future release. Please use `schedule` instead.
[2026-02-01T18:45:41.528+0000] {processor.py:840} INFO - DAG(s) 'ml_prediction_pipeline' retrieved from /opt/airflow/dags/predict.py
[2026-02-01T18:45:41.546+0000] {logging_mixin.py:188} INFO - [2026-02-01T18:45:41.546+0000] {dag.py:3096} INFO - Sync 1 DAGs
[2026-02-01T18:45:41.561+0000] {logging_mixin.py:188} INFO - [2026-02-01T18:45:41.561+0000] {dag.py:3954} INFO - Setting next_dagrun for ml_prediction_pipeline to 2026-01-31 00:00:00+00:00, run_after=2026-02-01 00:00:00+00:00
[2026-02-01T18:45:41.576+0000] {processor.py:183} INFO - Processing /opt/airflow/dags/predict.py took 1.787 seconds
[2026-02-01T18:46:13.121+0000] {processor.py:161} INFO - Started process (PID=21849) to work on /opt/airflow/dags/predict.py
[2026-02-01T18:46:13.123+0000] {processor.py:830} INFO - Processing file /opt/airflow/dags/predict.py for tasks to queue
[2026-02-01T18:46:13.124+0000] {logging_mixin.py:188} INFO - [2026-02-01T18:46:13.124+0000] {dagbag.py:545} INFO - Filling up the DagBag from /opt/airflow/dags/predict.py
[2026-02-01T18:46:15.201+0000] {logging_mixin.py:188} WARNING - /opt/airflow/dags/predict.py:34 RemovedInAirflow3Warning: Function `days_ago` is deprecated and will be removed in Airflow 3.0. You can achieve equivalent behavior with `pendulum.today('UTC').add(days=-N, ...)`
[2026-02-01T18:46:15.202+0000] {logging_mixin.py:188} WARNING - /opt/airflow/dags/predict.py:29 RemovedInAirflow3Warning: Param `schedule_interval` is deprecated and will be removed in a future release. Please use `schedule` instead.
[2026-02-01T18:46:15.206+0000] {processor.py:840} INFO - DAG(s) 'ml_prediction_pipeline' retrieved from /opt/airflow/dags/predict.py
[2026-02-01T18:46:15.236+0000] {logging_mixin.py:188} INFO - [2026-02-01T18:46:15.236+0000] {dag.py:3096} INFO - Sync 1 DAGs
[2026-02-01T18:46:15.256+0000] {logging_mixin.py:188} INFO - [2026-02-01T18:46:15.256+0000] {dag.py:3954} INFO - Setting next_dagrun for ml_prediction_pipeline to 2026-01-31 00:00:00+00:00, run_after=2026-02-01 00:00:00+00:00
[2026-02-01T18:46:15.277+0000] {processor.py:183} INFO - Processing /opt/airflow/dags/predict.py took 2.160 seconds
[2026-02-01T18:46:46.783+0000] {processor.py:161} INFO - Started process (PID=21896) to work on /opt/airflow/dags/predict.py
[2026-02-01T18:46:46.783+0000] {processor.py:830} INFO - Processing file /opt/airflow/dags/predict.py for tasks to queue
[2026-02-01T18:46:46.785+0000] {logging_mixin.py:188} INFO - [2026-02-01T18:46:46.784+0000] {dagbag.py:545} INFO - Filling up the DagBag from /opt/airflow/dags/predict.py
[2026-02-01T18:46:48.568+0000] {logging_mixin.py:188} WARNING - /opt/airflow/dags/predict.py:34 RemovedInAirflow3Warning: Function `days_ago` is deprecated and will be removed in Airflow 3.0. You can achieve equivalent behavior with `pendulum.today('UTC').add(days=-N, ...)`
[2026-02-01T18:46:48.569+0000] {logging_mixin.py:188} WARNING - /opt/airflow/dags/predict.py:29 RemovedInAirflow3Warning: Param `schedule_interval` is deprecated and will be removed in a future release. Please use `schedule` instead.
[2026-02-01T18:46:48.572+0000] {processor.py:840} INFO - DAG(s) 'ml_prediction_pipeline' retrieved from /opt/airflow/dags/predict.py
[2026-02-01T18:46:48.591+0000] {logging_mixin.py:188} INFO - [2026-02-01T18:46:48.591+0000] {dag.py:3096} INFO - Sync 1 DAGs
[2026-02-01T18:46:48.605+0000] {logging_mixin.py:188} INFO - [2026-02-01T18:46:48.605+0000] {dag.py:3954} INFO - Setting next_dagrun for ml_prediction_pipeline to 2026-01-31 00:00:00+00:00, run_after=2026-02-01 00:00:00+00:00
[2026-02-01T18:46:48.623+0000] {processor.py:183} INFO - Processing /opt/airflow/dags/predict.py took 1.844 seconds
[2026-02-01T18:47:20.090+0000] {processor.py:161} INFO - Started process (PID=21943) to work on /opt/airflow/dags/predict.py
[2026-02-01T18:47:20.092+0000] {processor.py:830} INFO - Processing file /opt/airflow/dags/predict.py for tasks to queue
[2026-02-01T18:47:20.094+0000] {logging_mixin.py:188} INFO - [2026-02-01T18:47:20.093+0000] {dagbag.py:545} INFO - Filling up the DagBag from /opt/airflow/dags/predict.py
[2026-02-01T18:47:22.080+0000] {logging_mixin.py:188} WARNING - /opt/airflow/dags/predict.py:34 RemovedInAirflow3Warning: Function `days_ago` is deprecated and will be removed in Airflow 3.0. You can achieve equivalent behavior with `pendulum.today('UTC').add(days=-N, ...)`
[2026-02-01T18:47:22.081+0000] {logging_mixin.py:188} WARNING - /opt/airflow/dags/predict.py:29 RemovedInAirflow3Warning: Param `schedule_interval` is deprecated and will be removed in a future release. Please use `schedule` instead.
[2026-02-01T18:47:22.088+0000] {processor.py:840} INFO - DAG(s) 'ml_prediction_pipeline' retrieved from /opt/airflow/dags/predict.py
[2026-02-01T18:47:22.110+0000] {logging_mixin.py:188} INFO - [2026-02-01T18:47:22.110+0000] {dag.py:3096} INFO - Sync 1 DAGs
[2026-02-01T18:47:22.129+0000] {logging_mixin.py:188} INFO - [2026-02-01T18:47:22.129+0000] {dag.py:3954} INFO - Setting next_dagrun for ml_prediction_pipeline to 2026-01-31 00:00:00+00:00, run_after=2026-02-01 00:00:00+00:00
[2026-02-01T18:47:22.151+0000] {processor.py:183} INFO - Processing /opt/airflow/dags/predict.py took 2.065 seconds
[2026-02-01T18:47:53.642+0000] {processor.py:161} INFO - Started process (PID=21990) to work on /opt/airflow/dags/predict.py
[2026-02-01T18:47:53.643+0000] {processor.py:830} INFO - Processing file /opt/airflow/dags/predict.py for tasks to queue
[2026-02-01T18:47:53.644+0000] {logging_mixin.py:188} INFO - [2026-02-01T18:47:53.644+0000] {dagbag.py:545} INFO - Filling up the DagBag from /opt/airflow/dags/predict.py
[2026-02-01T18:47:55.333+0000] {logging_mixin.py:188} WARNING - /opt/airflow/dags/predict.py:34 RemovedInAirflow3Warning: Function `days_ago` is deprecated and will be removed in Airflow 3.0. You can achieve equivalent behavior with `pendulum.today('UTC').add(days=-N, ...)`
[2026-02-01T18:47:55.334+0000] {logging_mixin.py:188} WARNING - /opt/airflow/dags/predict.py:29 RemovedInAirflow3Warning: Param `schedule_interval` is deprecated and will be removed in a future release. Please use `schedule` instead.
[2026-02-01T18:47:55.337+0000] {processor.py:840} INFO - DAG(s) 'ml_prediction_pipeline' retrieved from /opt/airflow/dags/predict.py
[2026-02-01T18:47:55.355+0000] {logging_mixin.py:188} INFO - [2026-02-01T18:47:55.355+0000] {dag.py:3096} INFO - Sync 1 DAGs
[2026-02-01T18:47:55.370+0000] {logging_mixin.py:188} INFO - [2026-02-01T18:47:55.370+0000] {dag.py:3954} INFO - Setting next_dagrun for ml_prediction_pipeline to 2026-01-31 00:00:00+00:00, run_after=2026-02-01 00:00:00+00:00
[2026-02-01T18:47:55.384+0000] {processor.py:183} INFO - Processing /opt/airflow/dags/predict.py took 1.746 seconds
[2026-02-01T18:48:26.846+0000] {processor.py:161} INFO - Started process (PID=22037) to work on /opt/airflow/dags/predict.py
[2026-02-01T18:48:26.848+0000] {processor.py:830} INFO - Processing file /opt/airflow/dags/predict.py for tasks to queue
[2026-02-01T18:48:26.849+0000] {logging_mixin.py:188} INFO - [2026-02-01T18:48:26.849+0000] {dagbag.py:545} INFO - Filling up the DagBag from /opt/airflow/dags/predict.py
[2026-02-01T18:48:28.562+0000] {logging_mixin.py:188} WARNING - /opt/airflow/dags/predict.py:34 RemovedInAirflow3Warning: Function `days_ago` is deprecated and will be removed in Airflow 3.0. You can achieve equivalent behavior with `pendulum.today('UTC').add(days=-N, ...)`
[2026-02-01T18:48:28.563+0000] {logging_mixin.py:188} WARNING - /opt/airflow/dags/predict.py:29 RemovedInAirflow3Warning: Param `schedule_interval` is deprecated and will be removed in a future release. Please use `schedule` instead.
[2026-02-01T18:48:28.567+0000] {processor.py:840} INFO - DAG(s) 'ml_prediction_pipeline' retrieved from /opt/airflow/dags/predict.py
[2026-02-01T18:48:28.584+0000] {logging_mixin.py:188} INFO - [2026-02-01T18:48:28.583+0000] {dag.py:3096} INFO - Sync 1 DAGs
[2026-02-01T18:48:28.597+0000] {logging_mixin.py:188} INFO - [2026-02-01T18:48:28.597+0000] {dag.py:3954} INFO - Setting next_dagrun for ml_prediction_pipeline to 2026-01-31 00:00:00+00:00, run_after=2026-02-01 00:00:00+00:00
[2026-02-01T18:48:28.613+0000] {processor.py:183} INFO - Processing /opt/airflow/dags/predict.py took 1.772 seconds
[2026-02-01T18:49:00.093+0000] {processor.py:161} INFO - Started process (PID=22084) to work on /opt/airflow/dags/predict.py
[2026-02-01T18:49:00.094+0000] {processor.py:830} INFO - Processing file /opt/airflow/dags/predict.py for tasks to queue
[2026-02-01T18:49:00.095+0000] {logging_mixin.py:188} INFO - [2026-02-01T18:49:00.095+0000] {dagbag.py:545} INFO - Filling up the DagBag from /opt/airflow/dags/predict.py
[2026-02-01T18:49:01.930+0000] {logging_mixin.py:188} WARNING - /opt/airflow/dags/predict.py:34 RemovedInAirflow3Warning: Function `days_ago` is deprecated and will be removed in Airflow 3.0. You can achieve equivalent behavior with `pendulum.today('UTC').add(days=-N, ...)`
[2026-02-01T18:49:01.931+0000] {logging_mixin.py:188} WARNING - /opt/airflow/dags/predict.py:29 RemovedInAirflow3Warning: Param `schedule_interval` is deprecated and will be removed in a future release. Please use `schedule` instead.
[2026-02-01T18:49:01.935+0000] {processor.py:840} INFO - DAG(s) 'ml_prediction_pipeline' retrieved from /opt/airflow/dags/predict.py
[2026-02-01T18:49:01.954+0000] {logging_mixin.py:188} INFO - [2026-02-01T18:49:01.954+0000] {dag.py:3096} INFO - Sync 1 DAGs
[2026-02-01T18:49:01.971+0000] {logging_mixin.py:188} INFO - [2026-02-01T18:49:01.971+0000] {dag.py:3954} INFO - Setting next_dagrun for ml_prediction_pipeline to 2026-01-31 00:00:00+00:00, run_after=2026-02-01 00:00:00+00:00
[2026-02-01T18:49:01.986+0000] {processor.py:183} INFO - Processing /opt/airflow/dags/predict.py took 1.897 seconds
[2026-02-01T18:49:33.470+0000] {processor.py:161} INFO - Started process (PID=22131) to work on /opt/airflow/dags/predict.py
[2026-02-01T18:49:33.472+0000] {processor.py:830} INFO - Processing file /opt/airflow/dags/predict.py for tasks to queue
[2026-02-01T18:49:33.474+0000] {logging_mixin.py:188} INFO - [2026-02-01T18:49:33.473+0000] {dagbag.py:545} INFO - Filling up the DagBag from /opt/airflow/dags/predict.py
[2026-02-01T18:49:35.092+0000] {logging_mixin.py:188} WARNING - /opt/airflow/dags/predict.py:34 RemovedInAirflow3Warning: Function `days_ago` is deprecated and will be removed in Airflow 3.0. You can achieve equivalent behavior with `pendulum.today('UTC').add(days=-N, ...)`
[2026-02-01T18:49:35.093+0000] {logging_mixin.py:188} WARNING - /opt/airflow/dags/predict.py:29 RemovedInAirflow3Warning: Param `schedule_interval` is deprecated and will be removed in a future release. Please use `schedule` instead.
[2026-02-01T18:49:35.096+0000] {processor.py:840} INFO - DAG(s) 'ml_prediction_pipeline' retrieved from /opt/airflow/dags/predict.py
[2026-02-01T18:49:35.112+0000] {logging_mixin.py:188} INFO - [2026-02-01T18:49:35.112+0000] {dag.py:3096} INFO - Sync 1 DAGs
[2026-02-01T18:49:35.127+0000] {logging_mixin.py:188} INFO - [2026-02-01T18:49:35.126+0000] {dag.py:3954} INFO - Setting next_dagrun for ml_prediction_pipeline to 2026-01-31 00:00:00+00:00, run_after=2026-02-01 00:00:00+00:00
[2026-02-01T18:49:35.141+0000] {processor.py:183} INFO - Processing /opt/airflow/dags/predict.py took 1.675 seconds
[2026-02-01T18:50:06.643+0000] {processor.py:161} INFO - Started process (PID=22178) to work on /opt/airflow/dags/predict.py
[2026-02-01T18:50:06.643+0000] {processor.py:830} INFO - Processing file /opt/airflow/dags/predict.py for tasks to queue
[2026-02-01T18:50:06.644+0000] {logging_mixin.py:188} INFO - [2026-02-01T18:50:06.644+0000] {dagbag.py:545} INFO - Filling up the DagBag from /opt/airflow/dags/predict.py
[2026-02-01T18:50:08.307+0000] {logging_mixin.py:188} WARNING - /opt/airflow/dags/predict.py:34 RemovedInAirflow3Warning: Function `days_ago` is deprecated and will be removed in Airflow 3.0. You can achieve equivalent behavior with `pendulum.today('UTC').add(days=-N, ...)`
[2026-02-01T18:50:08.308+0000] {logging_mixin.py:188} WARNING - /opt/airflow/dags/predict.py:29 RemovedInAirflow3Warning: Param `schedule_interval` is deprecated and will be removed in a future release. Please use `schedule` instead.
[2026-02-01T18:50:08.313+0000] {processor.py:840} INFO - DAG(s) 'ml_prediction_pipeline' retrieved from /opt/airflow/dags/predict.py
[2026-02-01T18:50:08.334+0000] {logging_mixin.py:188} INFO - [2026-02-01T18:50:08.334+0000] {dag.py:3096} INFO - Sync 1 DAGs
[2026-02-01T18:50:08.349+0000] {logging_mixin.py:188} INFO - [2026-02-01T18:50:08.349+0000] {dag.py:3954} INFO - Setting next_dagrun for ml_prediction_pipeline to 2026-01-31 00:00:00+00:00, run_after=2026-02-01 00:00:00+00:00
[2026-02-01T18:50:08.367+0000] {processor.py:183} INFO - Processing /opt/airflow/dags/predict.py took 1.729 seconds
[2026-02-01T18:50:39.823+0000] {processor.py:161} INFO - Started process (PID=22225) to work on /opt/airflow/dags/predict.py
[2026-02-01T18:50:39.824+0000] {processor.py:830} INFO - Processing file /opt/airflow/dags/predict.py for tasks to queue
[2026-02-01T18:50:39.826+0000] {logging_mixin.py:188} INFO - [2026-02-01T18:50:39.825+0000] {dagbag.py:545} INFO - Filling up the DagBag from /opt/airflow/dags/predict.py
[2026-02-01T18:50:41.500+0000] {logging_mixin.py:188} WARNING - /opt/airflow/dags/predict.py:34 RemovedInAirflow3Warning: Function `days_ago` is deprecated and will be removed in Airflow 3.0. You can achieve equivalent behavior with `pendulum.today('UTC').add(days=-N, ...)`
[2026-02-01T18:50:41.501+0000] {logging_mixin.py:188} WARNING - /opt/airflow/dags/predict.py:29 RemovedInAirflow3Warning: Param `schedule_interval` is deprecated and will be removed in a future release. Please use `schedule` instead.
[2026-02-01T18:50:41.507+0000] {processor.py:840} INFO - DAG(s) 'ml_prediction_pipeline' retrieved from /opt/airflow/dags/predict.py
[2026-02-01T18:50:41.527+0000] {logging_mixin.py:188} INFO - [2026-02-01T18:50:41.526+0000] {dag.py:3096} INFO - Sync 1 DAGs
[2026-02-01T18:50:41.543+0000] {logging_mixin.py:188} INFO - [2026-02-01T18:50:41.543+0000] {dag.py:3954} INFO - Setting next_dagrun for ml_prediction_pipeline to 2026-01-31 00:00:00+00:00, run_after=2026-02-01 00:00:00+00:00
[2026-02-01T18:50:41.561+0000] {processor.py:183} INFO - Processing /opt/airflow/dags/predict.py took 1.743 seconds
[2026-02-01T18:51:13.387+0000] {processor.py:161} INFO - Started process (PID=22272) to work on /opt/airflow/dags/predict.py
[2026-02-01T18:51:13.387+0000] {processor.py:830} INFO - Processing file /opt/airflow/dags/predict.py for tasks to queue
[2026-02-01T18:51:13.389+0000] {logging_mixin.py:188} INFO - [2026-02-01T18:51:13.388+0000] {dagbag.py:545} INFO - Filling up the DagBag from /opt/airflow/dags/predict.py
[2026-02-01T18:51:14.979+0000] {logging_mixin.py:188} WARNING - /opt/airflow/dags/predict.py:34 RemovedInAirflow3Warning: Function `days_ago` is deprecated and will be removed in Airflow 3.0. You can achieve equivalent behavior with `pendulum.today('UTC').add(days=-N, ...)`
[2026-02-01T18:51:14.980+0000] {logging_mixin.py:188} WARNING - /opt/airflow/dags/predict.py:29 RemovedInAirflow3Warning: Param `schedule_interval` is deprecated and will be removed in a future release. Please use `schedule` instead.
[2026-02-01T18:51:14.983+0000] {processor.py:840} INFO - DAG(s) 'ml_prediction_pipeline' retrieved from /opt/airflow/dags/predict.py
[2026-02-01T18:51:15.001+0000] {logging_mixin.py:188} INFO - [2026-02-01T18:51:15.001+0000] {dag.py:3096} INFO - Sync 1 DAGs
[2026-02-01T18:51:15.017+0000] {logging_mixin.py:188} INFO - [2026-02-01T18:51:15.017+0000] {dag.py:3954} INFO - Setting next_dagrun for ml_prediction_pipeline to 2026-01-31 00:00:00+00:00, run_after=2026-02-01 00:00:00+00:00
[2026-02-01T18:51:15.030+0000] {processor.py:183} INFO - Processing /opt/airflow/dags/predict.py took 1.647 seconds
[2026-02-01T18:51:46.506+0000] {processor.py:161} INFO - Started process (PID=22319) to work on /opt/airflow/dags/predict.py
[2026-02-01T18:51:46.508+0000] {processor.py:830} INFO - Processing file /opt/airflow/dags/predict.py for tasks to queue
[2026-02-01T18:51:46.509+0000] {logging_mixin.py:188} INFO - [2026-02-01T18:51:46.509+0000] {dagbag.py:545} INFO - Filling up the DagBag from /opt/airflow/dags/predict.py
[2026-02-01T18:51:48.230+0000] {logging_mixin.py:188} WARNING - /opt/airflow/dags/predict.py:34 RemovedInAirflow3Warning: Function `days_ago` is deprecated and will be removed in Airflow 3.0. You can achieve equivalent behavior with `pendulum.today('UTC').add(days=-N, ...)`
[2026-02-01T18:51:48.231+0000] {logging_mixin.py:188} WARNING - /opt/airflow/dags/predict.py:29 RemovedInAirflow3Warning: Param `schedule_interval` is deprecated and will be removed in a future release. Please use `schedule` instead.
[2026-02-01T18:51:48.236+0000] {processor.py:840} INFO - DAG(s) 'ml_prediction_pipeline' retrieved from /opt/airflow/dags/predict.py
[2026-02-01T18:51:48.262+0000] {logging_mixin.py:188} INFO - [2026-02-01T18:51:48.261+0000] {dag.py:3096} INFO - Sync 1 DAGs
[2026-02-01T18:51:48.284+0000] {logging_mixin.py:188} INFO - [2026-02-01T18:51:48.283+0000] {dag.py:3954} INFO - Setting next_dagrun for ml_prediction_pipeline to 2026-01-31 00:00:00+00:00, run_after=2026-02-01 00:00:00+00:00
[2026-02-01T18:51:48.302+0000] {processor.py:183} INFO - Processing /opt/airflow/dags/predict.py took 1.800 seconds
[2026-02-01T18:52:19.804+0000] {processor.py:161} INFO - Started process (PID=22366) to work on /opt/airflow/dags/predict.py
[2026-02-01T18:52:19.805+0000] {processor.py:830} INFO - Processing file /opt/airflow/dags/predict.py for tasks to queue
[2026-02-01T18:52:19.806+0000] {logging_mixin.py:188} INFO - [2026-02-01T18:52:19.806+0000] {dagbag.py:545} INFO - Filling up the DagBag from /opt/airflow/dags/predict.py
[2026-02-01T18:52:21.488+0000] {logging_mixin.py:188} WARNING - /opt/airflow/dags/predict.py:34 RemovedInAirflow3Warning: Function `days_ago` is deprecated and will be removed in Airflow 3.0. You can achieve equivalent behavior with `pendulum.today('UTC').add(days=-N, ...)`
[2026-02-01T18:52:21.489+0000] {logging_mixin.py:188} WARNING - /opt/airflow/dags/predict.py:29 RemovedInAirflow3Warning: Param `schedule_interval` is deprecated and will be removed in a future release. Please use `schedule` instead.
[2026-02-01T18:52:21.493+0000] {processor.py:840} INFO - DAG(s) 'ml_prediction_pipeline' retrieved from /opt/airflow/dags/predict.py
[2026-02-01T18:52:21.512+0000] {logging_mixin.py:188} INFO - [2026-02-01T18:52:21.511+0000] {dag.py:3096} INFO - Sync 1 DAGs
[2026-02-01T18:52:21.527+0000] {logging_mixin.py:188} INFO - [2026-02-01T18:52:21.527+0000] {dag.py:3954} INFO - Setting next_dagrun for ml_prediction_pipeline to 2026-01-31 00:00:00+00:00, run_after=2026-02-01 00:00:00+00:00
[2026-02-01T18:52:21.542+0000] {processor.py:183} INFO - Processing /opt/airflow/dags/predict.py took 1.741 seconds
[2026-02-01T18:52:53.317+0000] {processor.py:161} INFO - Started process (PID=22413) to work on /opt/airflow/dags/predict.py
[2026-02-01T18:52:53.320+0000] {processor.py:830} INFO - Processing file /opt/airflow/dags/predict.py for tasks to queue
[2026-02-01T18:52:53.321+0000] {logging_mixin.py:188} INFO - [2026-02-01T18:52:53.321+0000] {dagbag.py:545} INFO - Filling up the DagBag from /opt/airflow/dags/predict.py
[2026-02-01T18:52:55.012+0000] {logging_mixin.py:188} WARNING - /opt/airflow/dags/predict.py:34 RemovedInAirflow3Warning: Function `days_ago` is deprecated and will be removed in Airflow 3.0. You can achieve equivalent behavior with `pendulum.today('UTC').add(days=-N, ...)`
[2026-02-01T18:52:55.012+0000] {logging_mixin.py:188} WARNING - /opt/airflow/dags/predict.py:29 RemovedInAirflow3Warning: Param `schedule_interval` is deprecated and will be removed in a future release. Please use `schedule` instead.
[2026-02-01T18:52:55.016+0000] {processor.py:840} INFO - DAG(s) 'ml_prediction_pipeline' retrieved from /opt/airflow/dags/predict.py
[2026-02-01T18:52:55.033+0000] {logging_mixin.py:188} INFO - [2026-02-01T18:52:55.032+0000] {dag.py:3096} INFO - Sync 1 DAGs
[2026-02-01T18:52:55.045+0000] {logging_mixin.py:188} INFO - [2026-02-01T18:52:55.045+0000] {dag.py:3954} INFO - Setting next_dagrun for ml_prediction_pipeline to 2026-01-31 00:00:00+00:00, run_after=2026-02-01 00:00:00+00:00
[2026-02-01T18:52:55.060+0000] {processor.py:183} INFO - Processing /opt/airflow/dags/predict.py took 1.748 seconds
[2026-02-01T18:53:26.532+0000] {processor.py:161} INFO - Started process (PID=22460) to work on /opt/airflow/dags/predict.py
[2026-02-01T18:53:26.532+0000] {processor.py:830} INFO - Processing file /opt/airflow/dags/predict.py for tasks to queue
[2026-02-01T18:53:26.534+0000] {logging_mixin.py:188} INFO - [2026-02-01T18:53:26.533+0000] {dagbag.py:545} INFO - Filling up the DagBag from /opt/airflow/dags/predict.py
[2026-02-01T18:53:28.128+0000] {logging_mixin.py:188} WARNING - /opt/airflow/dags/predict.py:34 RemovedInAirflow3Warning: Function `days_ago` is deprecated and will be removed in Airflow 3.0. You can achieve equivalent behavior with `pendulum.today('UTC').add(days=-N, ...)`
[2026-02-01T18:53:28.129+0000] {logging_mixin.py:188} WARNING - /opt/airflow/dags/predict.py:29 RemovedInAirflow3Warning: Param `schedule_interval` is deprecated and will be removed in a future release. Please use `schedule` instead.
[2026-02-01T18:53:28.133+0000] {processor.py:840} INFO - DAG(s) 'ml_prediction_pipeline' retrieved from /opt/airflow/dags/predict.py
[2026-02-01T18:53:28.151+0000] {logging_mixin.py:188} INFO - [2026-02-01T18:53:28.150+0000] {dag.py:3096} INFO - Sync 1 DAGs
[2026-02-01T18:53:28.165+0000] {logging_mixin.py:188} INFO - [2026-02-01T18:53:28.165+0000] {dag.py:3954} INFO - Setting next_dagrun for ml_prediction_pipeline to 2026-01-31 00:00:00+00:00, run_after=2026-02-01 00:00:00+00:00
[2026-02-01T18:53:28.179+0000] {processor.py:183} INFO - Processing /opt/airflow/dags/predict.py took 1.651 seconds
[2026-02-01T18:53:59.953+0000] {processor.py:161} INFO - Started process (PID=22507) to work on /opt/airflow/dags/predict.py
[2026-02-01T18:53:59.954+0000] {processor.py:830} INFO - Processing file /opt/airflow/dags/predict.py for tasks to queue
[2026-02-01T18:53:59.955+0000] {logging_mixin.py:188} INFO - [2026-02-01T18:53:59.955+0000] {dagbag.py:545} INFO - Filling up the DagBag from /opt/airflow/dags/predict.py
[2026-02-01T18:54:01.658+0000] {logging_mixin.py:188} WARNING - /opt/airflow/dags/predict.py:34 RemovedInAirflow3Warning: Function `days_ago` is deprecated and will be removed in Airflow 3.0. You can achieve equivalent behavior with `pendulum.today('UTC').add(days=-N, ...)`
[2026-02-01T18:54:01.659+0000] {logging_mixin.py:188} WARNING - /opt/airflow/dags/predict.py:29 RemovedInAirflow3Warning: Param `schedule_interval` is deprecated and will be removed in a future release. Please use `schedule` instead.
[2026-02-01T18:54:01.664+0000] {processor.py:840} INFO - DAG(s) 'ml_prediction_pipeline' retrieved from /opt/airflow/dags/predict.py
[2026-02-01T18:54:01.682+0000] {logging_mixin.py:188} INFO - [2026-02-01T18:54:01.682+0000] {dag.py:3096} INFO - Sync 1 DAGs
[2026-02-01T18:54:01.696+0000] {logging_mixin.py:188} INFO - [2026-02-01T18:54:01.696+0000] {dag.py:3954} INFO - Setting next_dagrun for ml_prediction_pipeline to 2026-01-31 00:00:00+00:00, run_after=2026-02-01 00:00:00+00:00
[2026-02-01T18:54:01.714+0000] {processor.py:183} INFO - Processing /opt/airflow/dags/predict.py took 1.766 seconds
[2026-02-01T18:54:33.228+0000] {processor.py:161} INFO - Started process (PID=22554) to work on /opt/airflow/dags/predict.py
[2026-02-01T18:54:33.229+0000] {processor.py:830} INFO - Processing file /opt/airflow/dags/predict.py for tasks to queue
[2026-02-01T18:54:33.231+0000] {logging_mixin.py:188} INFO - [2026-02-01T18:54:33.230+0000] {dagbag.py:545} INFO - Filling up the DagBag from /opt/airflow/dags/predict.py
[2026-02-01T18:54:34.960+0000] {logging_mixin.py:188} WARNING - /opt/airflow/dags/predict.py:34 RemovedInAirflow3Warning: Function `days_ago` is deprecated and will be removed in Airflow 3.0. You can achieve equivalent behavior with `pendulum.today('UTC').add(days=-N, ...)`
[2026-02-01T18:54:34.961+0000] {logging_mixin.py:188} WARNING - /opt/airflow/dags/predict.py:29 RemovedInAirflow3Warning: Param `schedule_interval` is deprecated and will be removed in a future release. Please use `schedule` instead.
[2026-02-01T18:54:34.964+0000] {processor.py:840} INFO - DAG(s) 'ml_prediction_pipeline' retrieved from /opt/airflow/dags/predict.py
[2026-02-01T18:54:34.980+0000] {logging_mixin.py:188} INFO - [2026-02-01T18:54:34.980+0000] {dag.py:3096} INFO - Sync 1 DAGs
[2026-02-01T18:54:34.992+0000] {logging_mixin.py:188} INFO - [2026-02-01T18:54:34.992+0000] {dag.py:3954} INFO - Setting next_dagrun for ml_prediction_pipeline to 2026-01-31 00:00:00+00:00, run_after=2026-02-01 00:00:00+00:00
[2026-02-01T18:54:35.005+0000] {processor.py:183} INFO - Processing /opt/airflow/dags/predict.py took 1.782 seconds
[2026-02-01T18:55:06.795+0000] {processor.py:161} INFO - Started process (PID=22602) to work on /opt/airflow/dags/predict.py
[2026-02-01T18:55:06.796+0000] {processor.py:830} INFO - Processing file /opt/airflow/dags/predict.py for tasks to queue
[2026-02-01T18:55:06.797+0000] {logging_mixin.py:188} INFO - [2026-02-01T18:55:06.797+0000] {dagbag.py:545} INFO - Filling up the DagBag from /opt/airflow/dags/predict.py
[2026-02-01T18:55:08.662+0000] {logging_mixin.py:188} WARNING - /opt/airflow/dags/predict.py:34 RemovedInAirflow3Warning: Function `days_ago` is deprecated and will be removed in Airflow 3.0. You can achieve equivalent behavior with `pendulum.today('UTC').add(days=-N, ...)`
[2026-02-01T18:55:08.663+0000] {logging_mixin.py:188} WARNING - /opt/airflow/dags/predict.py:29 RemovedInAirflow3Warning: Param `schedule_interval` is deprecated and will be removed in a future release. Please use `schedule` instead.
[2026-02-01T18:55:08.669+0000] {processor.py:840} INFO - DAG(s) 'ml_prediction_pipeline' retrieved from /opt/airflow/dags/predict.py
[2026-02-01T18:55:08.692+0000] {logging_mixin.py:188} INFO - [2026-02-01T18:55:08.691+0000] {dag.py:3096} INFO - Sync 1 DAGs
[2026-02-01T18:55:08.713+0000] {logging_mixin.py:188} INFO - [2026-02-01T18:55:08.713+0000] {dag.py:3954} INFO - Setting next_dagrun for ml_prediction_pipeline to 2026-01-31 00:00:00+00:00, run_after=2026-02-01 00:00:00+00:00
[2026-02-01T18:55:08.732+0000] {processor.py:183} INFO - Processing /opt/airflow/dags/predict.py took 1.941 seconds
[2026-02-01T18:55:40.236+0000] {processor.py:161} INFO - Started process (PID=22649) to work on /opt/airflow/dags/predict.py
[2026-02-01T18:55:40.237+0000] {processor.py:830} INFO - Processing file /opt/airflow/dags/predict.py for tasks to queue
[2026-02-01T18:55:40.238+0000] {logging_mixin.py:188} INFO - [2026-02-01T18:55:40.237+0000] {dagbag.py:545} INFO - Filling up the DagBag from /opt/airflow/dags/predict.py
[2026-02-01T18:55:41.943+0000] {logging_mixin.py:188} WARNING - /opt/airflow/dags/predict.py:34 RemovedInAirflow3Warning: Function `days_ago` is deprecated and will be removed in Airflow 3.0. You can achieve equivalent behavior with `pendulum.today('UTC').add(days=-N, ...)`
[2026-02-01T18:55:41.944+0000] {logging_mixin.py:188} WARNING - /opt/airflow/dags/predict.py:29 RemovedInAirflow3Warning: Param `schedule_interval` is deprecated and will be removed in a future release. Please use `schedule` instead.
[2026-02-01T18:55:41.948+0000] {processor.py:840} INFO - DAG(s) 'ml_prediction_pipeline' retrieved from /opt/airflow/dags/predict.py
[2026-02-01T18:55:41.965+0000] {logging_mixin.py:188} INFO - [2026-02-01T18:55:41.964+0000] {dag.py:3096} INFO - Sync 1 DAGs
[2026-02-01T18:55:41.977+0000] {logging_mixin.py:188} INFO - [2026-02-01T18:55:41.977+0000] {dag.py:3954} INFO - Setting next_dagrun for ml_prediction_pipeline to 2026-01-31 00:00:00+00:00, run_after=2026-02-01 00:00:00+00:00
[2026-02-01T18:55:41.990+0000] {processor.py:183} INFO - Processing /opt/airflow/dags/predict.py took 1.759 seconds
[2026-02-01T18:56:13.488+0000] {processor.py:161} INFO - Started process (PID=22696) to work on /opt/airflow/dags/predict.py
[2026-02-01T18:56:13.490+0000] {processor.py:830} INFO - Processing file /opt/airflow/dags/predict.py for tasks to queue
[2026-02-01T18:56:13.492+0000] {logging_mixin.py:188} INFO - [2026-02-01T18:56:13.492+0000] {dagbag.py:545} INFO - Filling up the DagBag from /opt/airflow/dags/predict.py
[2026-02-01T18:56:15.196+0000] {logging_mixin.py:188} WARNING - /opt/airflow/dags/predict.py:34 RemovedInAirflow3Warning: Function `days_ago` is deprecated and will be removed in Airflow 3.0. You can achieve equivalent behavior with `pendulum.today('UTC').add(days=-N, ...)`
[2026-02-01T18:56:15.197+0000] {logging_mixin.py:188} WARNING - /opt/airflow/dags/predict.py:29 RemovedInAirflow3Warning: Param `schedule_interval` is deprecated and will be removed in a future release. Please use `schedule` instead.
[2026-02-01T18:56:15.201+0000] {processor.py:840} INFO - DAG(s) 'ml_prediction_pipeline' retrieved from /opt/airflow/dags/predict.py
[2026-02-01T18:56:15.217+0000] {logging_mixin.py:188} INFO - [2026-02-01T18:56:15.217+0000] {dag.py:3096} INFO - Sync 1 DAGs
[2026-02-01T18:56:15.230+0000] {logging_mixin.py:188} INFO - [2026-02-01T18:56:15.230+0000] {dag.py:3954} INFO - Setting next_dagrun for ml_prediction_pipeline to 2026-01-31 00:00:00+00:00, run_after=2026-02-01 00:00:00+00:00
[2026-02-01T18:56:15.244+0000] {processor.py:183} INFO - Processing /opt/airflow/dags/predict.py took 1.760 seconds
[2026-02-01T18:56:46.741+0000] {processor.py:161} INFO - Started process (PID=22743) to work on /opt/airflow/dags/predict.py
[2026-02-01T18:56:46.742+0000] {processor.py:830} INFO - Processing file /opt/airflow/dags/predict.py for tasks to queue
[2026-02-01T18:56:46.743+0000] {logging_mixin.py:188} INFO - [2026-02-01T18:56:46.743+0000] {dagbag.py:545} INFO - Filling up the DagBag from /opt/airflow/dags/predict.py
[2026-02-01T18:56:48.677+0000] {logging_mixin.py:188} WARNING - /opt/airflow/dags/predict.py:34 RemovedInAirflow3Warning: Function `days_ago` is deprecated and will be removed in Airflow 3.0. You can achieve equivalent behavior with `pendulum.today('UTC').add(days=-N, ...)`
[2026-02-01T18:56:48.677+0000] {logging_mixin.py:188} WARNING - /opt/airflow/dags/predict.py:29 RemovedInAirflow3Warning: Param `schedule_interval` is deprecated and will be removed in a future release. Please use `schedule` instead.
[2026-02-01T18:56:48.682+0000] {processor.py:840} INFO - DAG(s) 'ml_prediction_pipeline' retrieved from /opt/airflow/dags/predict.py
[2026-02-01T18:56:48.699+0000] {logging_mixin.py:188} INFO - [2026-02-01T18:56:48.699+0000] {dag.py:3096} INFO - Sync 1 DAGs
[2026-02-01T18:56:48.713+0000] {logging_mixin.py:188} INFO - [2026-02-01T18:56:48.713+0000] {dag.py:3954} INFO - Setting next_dagrun for ml_prediction_pipeline to 2026-01-31 00:00:00+00:00, run_after=2026-02-01 00:00:00+00:00
[2026-02-01T18:56:48.729+0000] {processor.py:183} INFO - Processing /opt/airflow/dags/predict.py took 1.992 seconds
[2026-02-01T18:57:20.190+0000] {processor.py:161} INFO - Started process (PID=22790) to work on /opt/airflow/dags/predict.py
[2026-02-01T18:57:20.192+0000] {processor.py:830} INFO - Processing file /opt/airflow/dags/predict.py for tasks to queue
[2026-02-01T18:57:20.193+0000] {logging_mixin.py:188} INFO - [2026-02-01T18:57:20.193+0000] {dagbag.py:545} INFO - Filling up the DagBag from /opt/airflow/dags/predict.py
[2026-02-01T18:57:21.978+0000] {logging_mixin.py:188} WARNING - /opt/airflow/dags/predict.py:34 RemovedInAirflow3Warning: Function `days_ago` is deprecated and will be removed in Airflow 3.0. You can achieve equivalent behavior with `pendulum.today('UTC').add(days=-N, ...)`
[2026-02-01T18:57:21.979+0000] {logging_mixin.py:188} WARNING - /opt/airflow/dags/predict.py:29 RemovedInAirflow3Warning: Param `schedule_interval` is deprecated and will be removed in a future release. Please use `schedule` instead.
[2026-02-01T18:57:21.984+0000] {processor.py:840} INFO - DAG(s) 'ml_prediction_pipeline' retrieved from /opt/airflow/dags/predict.py
[2026-02-01T18:57:22.007+0000] {logging_mixin.py:188} INFO - [2026-02-01T18:57:22.007+0000] {dag.py:3096} INFO - Sync 1 DAGs
[2026-02-01T18:57:22.026+0000] {logging_mixin.py:188} INFO - [2026-02-01T18:57:22.025+0000] {dag.py:3954} INFO - Setting next_dagrun for ml_prediction_pipeline to 2026-01-31 00:00:00+00:00, run_after=2026-02-01 00:00:00+00:00
[2026-02-01T18:57:22.046+0000] {processor.py:183} INFO - Processing /opt/airflow/dags/predict.py took 1.861 seconds
[2026-02-01T18:57:53.497+0000] {processor.py:161} INFO - Started process (PID=22837) to work on /opt/airflow/dags/predict.py
[2026-02-01T18:57:53.498+0000] {processor.py:830} INFO - Processing file /opt/airflow/dags/predict.py for tasks to queue
[2026-02-01T18:57:53.499+0000] {logging_mixin.py:188} INFO - [2026-02-01T18:57:53.499+0000] {dagbag.py:545} INFO - Filling up the DagBag from /opt/airflow/dags/predict.py
[2026-02-01T18:57:55.371+0000] {logging_mixin.py:188} WARNING - /opt/airflow/dags/predict.py:34 RemovedInAirflow3Warning: Function `days_ago` is deprecated and will be removed in Airflow 3.0. You can achieve equivalent behavior with `pendulum.today('UTC').add(days=-N, ...)`
[2026-02-01T18:57:55.371+0000] {logging_mixin.py:188} WARNING - /opt/airflow/dags/predict.py:29 RemovedInAirflow3Warning: Param `schedule_interval` is deprecated and will be removed in a future release. Please use `schedule` instead.
[2026-02-01T18:57:55.375+0000] {processor.py:840} INFO - DAG(s) 'ml_prediction_pipeline' retrieved from /opt/airflow/dags/predict.py
[2026-02-01T18:57:55.392+0000] {logging_mixin.py:188} INFO - [2026-02-01T18:57:55.392+0000] {dag.py:3096} INFO - Sync 1 DAGs
[2026-02-01T18:57:55.407+0000] {logging_mixin.py:188} INFO - [2026-02-01T18:57:55.407+0000] {dag.py:3954} INFO - Setting next_dagrun for ml_prediction_pipeline to 2026-01-31 00:00:00+00:00, run_after=2026-02-01 00:00:00+00:00
[2026-02-01T18:57:55.422+0000] {processor.py:183} INFO - Processing /opt/airflow/dags/predict.py took 1.930 seconds
[2026-02-01T18:58:26.928+0000] {processor.py:161} INFO - Started process (PID=22884) to work on /opt/airflow/dags/predict.py
[2026-02-01T18:58:26.931+0000] {processor.py:830} INFO - Processing file /opt/airflow/dags/predict.py for tasks to queue
[2026-02-01T18:58:26.932+0000] {logging_mixin.py:188} INFO - [2026-02-01T18:58:26.932+0000] {dagbag.py:545} INFO - Filling up the DagBag from /opt/airflow/dags/predict.py
[2026-02-01T18:58:28.836+0000] {logging_mixin.py:188} WARNING - /opt/airflow/dags/predict.py:34 RemovedInAirflow3Warning: Function `days_ago` is deprecated and will be removed in Airflow 3.0. You can achieve equivalent behavior with `pendulum.today('UTC').add(days=-N, ...)`
[2026-02-01T18:58:28.838+0000] {logging_mixin.py:188} WARNING - /opt/airflow/dags/predict.py:29 RemovedInAirflow3Warning: Param `schedule_interval` is deprecated and will be removed in a future release. Please use `schedule` instead.
[2026-02-01T18:58:28.841+0000] {processor.py:840} INFO - DAG(s) 'ml_prediction_pipeline' retrieved from /opt/airflow/dags/predict.py
[2026-02-01T18:58:28.859+0000] {logging_mixin.py:188} INFO - [2026-02-01T18:58:28.858+0000] {dag.py:3096} INFO - Sync 1 DAGs
[2026-02-01T18:58:28.880+0000] {logging_mixin.py:188} INFO - [2026-02-01T18:58:28.880+0000] {dag.py:3954} INFO - Setting next_dagrun for ml_prediction_pipeline to 2026-01-31 00:00:00+00:00, run_after=2026-02-01 00:00:00+00:00
[2026-02-01T18:58:28.909+0000] {processor.py:183} INFO - Processing /opt/airflow/dags/predict.py took 1.985 seconds
[2026-02-01T18:58:59.952+0000] {processor.py:161} INFO - Started process (PID=22931) to work on /opt/airflow/dags/predict.py
[2026-02-01T18:58:59.953+0000] {processor.py:830} INFO - Processing file /opt/airflow/dags/predict.py for tasks to queue
[2026-02-01T18:58:59.955+0000] {logging_mixin.py:188} INFO - [2026-02-01T18:58:59.954+0000] {dagbag.py:545} INFO - Filling up the DagBag from /opt/airflow/dags/predict.py
[2026-02-01T18:59:01.957+0000] {logging_mixin.py:188} WARNING - /opt/airflow/dags/predict.py:34 RemovedInAirflow3Warning: Function `days_ago` is deprecated and will be removed in Airflow 3.0. You can achieve equivalent behavior with `pendulum.today('UTC').add(days=-N, ...)`
[2026-02-01T18:59:01.958+0000] {logging_mixin.py:188} WARNING - /opt/airflow/dags/predict.py:29 RemovedInAirflow3Warning: Param `schedule_interval` is deprecated and will be removed in a future release. Please use `schedule` instead.
[2026-02-01T18:59:01.962+0000] {processor.py:840} INFO - DAG(s) 'ml_prediction_pipeline' retrieved from /opt/airflow/dags/predict.py
[2026-02-01T18:59:01.982+0000] {logging_mixin.py:188} INFO - [2026-02-01T18:59:01.982+0000] {dag.py:3096} INFO - Sync 1 DAGs
[2026-02-01T18:59:02.000+0000] {logging_mixin.py:188} INFO - [2026-02-01T18:59:02.000+0000] {dag.py:3954} INFO - Setting next_dagrun for ml_prediction_pipeline to 2026-01-31 00:00:00+00:00, run_after=2026-02-01 00:00:00+00:00
[2026-02-01T18:59:02.016+0000] {processor.py:183} INFO - Processing /opt/airflow/dags/predict.py took 2.068 seconds
[2026-02-01T18:59:33.284+0000] {processor.py:161} INFO - Started process (PID=22979) to work on /opt/airflow/dags/predict.py
[2026-02-01T18:59:33.286+0000] {processor.py:830} INFO - Processing file /opt/airflow/dags/predict.py for tasks to queue
[2026-02-01T18:59:33.287+0000] {logging_mixin.py:188} INFO - [2026-02-01T18:59:33.287+0000] {dagbag.py:545} INFO - Filling up the DagBag from /opt/airflow/dags/predict.py
[2026-02-01T18:59:35.125+0000] {logging_mixin.py:188} WARNING - /opt/airflow/dags/predict.py:34 RemovedInAirflow3Warning: Function `days_ago` is deprecated and will be removed in Airflow 3.0. You can achieve equivalent behavior with `pendulum.today('UTC').add(days=-N, ...)`
[2026-02-01T18:59:35.126+0000] {logging_mixin.py:188} WARNING - /opt/airflow/dags/predict.py:29 RemovedInAirflow3Warning: Param `schedule_interval` is deprecated and will be removed in a future release. Please use `schedule` instead.
[2026-02-01T18:59:35.130+0000] {processor.py:840} INFO - DAG(s) 'ml_prediction_pipeline' retrieved from /opt/airflow/dags/predict.py
[2026-02-01T18:59:35.147+0000] {logging_mixin.py:188} INFO - [2026-02-01T18:59:35.146+0000] {dag.py:3096} INFO - Sync 1 DAGs
[2026-02-01T18:59:35.160+0000] {logging_mixin.py:188} INFO - [2026-02-01T18:59:35.160+0000] {dag.py:3954} INFO - Setting next_dagrun for ml_prediction_pipeline to 2026-01-31 00:00:00+00:00, run_after=2026-02-01 00:00:00+00:00
[2026-02-01T18:59:35.175+0000] {processor.py:183} INFO - Processing /opt/airflow/dags/predict.py took 1.895 seconds
[2026-02-01T19:00:06.642+0000] {processor.py:161} INFO - Started process (PID=23026) to work on /opt/airflow/dags/predict.py
[2026-02-01T19:00:06.643+0000] {processor.py:830} INFO - Processing file /opt/airflow/dags/predict.py for tasks to queue
[2026-02-01T19:00:06.645+0000] {logging_mixin.py:188} INFO - [2026-02-01T19:00:06.644+0000] {dagbag.py:545} INFO - Filling up the DagBag from /opt/airflow/dags/predict.py
[2026-02-01T19:00:08.514+0000] {logging_mixin.py:188} WARNING - /opt/airflow/dags/predict.py:34 RemovedInAirflow3Warning: Function `days_ago` is deprecated and will be removed in Airflow 3.0. You can achieve equivalent behavior with `pendulum.today('UTC').add(days=-N, ...)`
[2026-02-01T19:00:08.515+0000] {logging_mixin.py:188} WARNING - /opt/airflow/dags/predict.py:29 RemovedInAirflow3Warning: Param `schedule_interval` is deprecated and will be removed in a future release. Please use `schedule` instead.
[2026-02-01T19:00:08.520+0000] {processor.py:840} INFO - DAG(s) 'ml_prediction_pipeline' retrieved from /opt/airflow/dags/predict.py
[2026-02-01T19:00:08.540+0000] {logging_mixin.py:188} INFO - [2026-02-01T19:00:08.539+0000] {dag.py:3096} INFO - Sync 1 DAGs
[2026-02-01T19:00:08.556+0000] {logging_mixin.py:188} INFO - [2026-02-01T19:00:08.555+0000] {dag.py:3954} INFO - Setting next_dagrun for ml_prediction_pipeline to 2026-01-31 00:00:00+00:00, run_after=2026-02-01 00:00:00+00:00
[2026-02-01T19:00:08.573+0000] {processor.py:183} INFO - Processing /opt/airflow/dags/predict.py took 1.935 seconds
[2026-02-01T19:00:40.080+0000] {processor.py:161} INFO - Started process (PID=23073) to work on /opt/airflow/dags/predict.py
[2026-02-01T19:00:40.082+0000] {processor.py:830} INFO - Processing file /opt/airflow/dags/predict.py for tasks to queue
[2026-02-01T19:00:40.083+0000] {logging_mixin.py:188} INFO - [2026-02-01T19:00:40.083+0000] {dagbag.py:545} INFO - Filling up the DagBag from /opt/airflow/dags/predict.py
[2026-02-01T19:00:42.080+0000] {logging_mixin.py:188} WARNING - /opt/airflow/dags/predict.py:34 RemovedInAirflow3Warning: Function `days_ago` is deprecated and will be removed in Airflow 3.0. You can achieve equivalent behavior with `pendulum.today('UTC').add(days=-N, ...)`
[2026-02-01T19:00:42.081+0000] {logging_mixin.py:188} WARNING - /opt/airflow/dags/predict.py:29 RemovedInAirflow3Warning: Param `schedule_interval` is deprecated and will be removed in a future release. Please use `schedule` instead.
[2026-02-01T19:00:42.086+0000] {processor.py:840} INFO - DAG(s) 'ml_prediction_pipeline' retrieved from /opt/airflow/dags/predict.py
[2026-02-01T19:00:42.105+0000] {logging_mixin.py:188} INFO - [2026-02-01T19:00:42.104+0000] {dag.py:3096} INFO - Sync 1 DAGs
[2026-02-01T19:00:42.119+0000] {logging_mixin.py:188} INFO - [2026-02-01T19:00:42.119+0000] {dag.py:3954} INFO - Setting next_dagrun for ml_prediction_pipeline to 2026-01-31 00:00:00+00:00, run_after=2026-02-01 00:00:00+00:00
[2026-02-01T19:00:42.135+0000] {processor.py:183} INFO - Processing /opt/airflow/dags/predict.py took 2.060 seconds
[2026-02-01T19:01:13.588+0000] {processor.py:161} INFO - Started process (PID=23120) to work on /opt/airflow/dags/predict.py
[2026-02-01T19:01:13.589+0000] {processor.py:830} INFO - Processing file /opt/airflow/dags/predict.py for tasks to queue
[2026-02-01T19:01:13.590+0000] {logging_mixin.py:188} INFO - [2026-02-01T19:01:13.590+0000] {dagbag.py:545} INFO - Filling up the DagBag from /opt/airflow/dags/predict.py
[2026-02-01T19:01:16.263+0000] {logging_mixin.py:188} WARNING - /opt/airflow/dags/predict.py:34 RemovedInAirflow3Warning: Function `days_ago` is deprecated and will be removed in Airflow 3.0. You can achieve equivalent behavior with `pendulum.today('UTC').add(days=-N, ...)`
[2026-02-01T19:01:16.265+0000] {logging_mixin.py:188} WARNING - /opt/airflow/dags/predict.py:29 RemovedInAirflow3Warning: Param `schedule_interval` is deprecated and will be removed in a future release. Please use `schedule` instead.
[2026-02-01T19:01:16.270+0000] {processor.py:840} INFO - DAG(s) 'ml_prediction_pipeline' retrieved from /opt/airflow/dags/predict.py
[2026-02-01T19:01:16.295+0000] {logging_mixin.py:188} INFO - [2026-02-01T19:01:16.294+0000] {dag.py:3096} INFO - Sync 1 DAGs
[2026-02-01T19:01:16.316+0000] {logging_mixin.py:188} INFO - [2026-02-01T19:01:16.316+0000] {dag.py:3954} INFO - Setting next_dagrun for ml_prediction_pipeline to 2026-01-31 00:00:00+00:00, run_after=2026-02-01 00:00:00+00:00
[2026-02-01T19:01:16.334+0000] {processor.py:183} INFO - Processing /opt/airflow/dags/predict.py took 2.751 seconds
[2026-02-01T19:01:46.832+0000] {processor.py:161} INFO - Started process (PID=23167) to work on /opt/airflow/dags/predict.py
[2026-02-01T19:01:46.835+0000] {processor.py:830} INFO - Processing file /opt/airflow/dags/predict.py for tasks to queue
[2026-02-01T19:01:46.836+0000] {logging_mixin.py:188} INFO - [2026-02-01T19:01:46.836+0000] {dagbag.py:545} INFO - Filling up the DagBag from /opt/airflow/dags/predict.py
[2026-02-01T19:01:48.529+0000] {logging_mixin.py:188} WARNING - /opt/airflow/dags/predict.py:34 RemovedInAirflow3Warning: Function `days_ago` is deprecated and will be removed in Airflow 3.0. You can achieve equivalent behavior with `pendulum.today('UTC').add(days=-N, ...)`
[2026-02-01T19:01:48.530+0000] {logging_mixin.py:188} WARNING - /opt/airflow/dags/predict.py:29 RemovedInAirflow3Warning: Param `schedule_interval` is deprecated and will be removed in a future release. Please use `schedule` instead.
[2026-02-01T19:01:48.533+0000] {processor.py:840} INFO - DAG(s) 'ml_prediction_pipeline' retrieved from /opt/airflow/dags/predict.py
[2026-02-01T19:01:48.550+0000] {logging_mixin.py:188} INFO - [2026-02-01T19:01:48.550+0000] {dag.py:3096} INFO - Sync 1 DAGs
[2026-02-01T19:01:48.564+0000] {logging_mixin.py:188} INFO - [2026-02-01T19:01:48.564+0000] {dag.py:3954} INFO - Setting next_dagrun for ml_prediction_pipeline to 2026-01-31 00:00:00+00:00, run_after=2026-02-01 00:00:00+00:00
[2026-02-01T19:01:48.580+0000] {processor.py:183} INFO - Processing /opt/airflow/dags/predict.py took 1.752 seconds
[2026-02-01T19:02:20.050+0000] {processor.py:161} INFO - Started process (PID=23214) to work on /opt/airflow/dags/predict.py
[2026-02-01T19:02:20.051+0000] {processor.py:830} INFO - Processing file /opt/airflow/dags/predict.py for tasks to queue
[2026-02-01T19:02:20.052+0000] {logging_mixin.py:188} INFO - [2026-02-01T19:02:20.052+0000] {dagbag.py:545} INFO - Filling up the DagBag from /opt/airflow/dags/predict.py
[2026-02-01T19:02:21.794+0000] {logging_mixin.py:188} WARNING - /opt/airflow/dags/predict.py:34 RemovedInAirflow3Warning: Function `days_ago` is deprecated and will be removed in Airflow 3.0. You can achieve equivalent behavior with `pendulum.today('UTC').add(days=-N, ...)`
[2026-02-01T19:02:21.795+0000] {logging_mixin.py:188} WARNING - /opt/airflow/dags/predict.py:29 RemovedInAirflow3Warning: Param `schedule_interval` is deprecated and will be removed in a future release. Please use `schedule` instead.
[2026-02-01T19:02:21.798+0000] {processor.py:840} INFO - DAG(s) 'ml_prediction_pipeline' retrieved from /opt/airflow/dags/predict.py
[2026-02-01T19:02:21.817+0000] {logging_mixin.py:188} INFO - [2026-02-01T19:02:21.816+0000] {dag.py:3096} INFO - Sync 1 DAGs
[2026-02-01T19:02:21.831+0000] {logging_mixin.py:188} INFO - [2026-02-01T19:02:21.831+0000] {dag.py:3954} INFO - Setting next_dagrun for ml_prediction_pipeline to 2026-01-31 00:00:00+00:00, run_after=2026-02-01 00:00:00+00:00
[2026-02-01T19:02:21.845+0000] {processor.py:183} INFO - Processing /opt/airflow/dags/predict.py took 1.799 seconds
[2026-02-01T19:02:53.348+0000] {processor.py:161} INFO - Started process (PID=23261) to work on /opt/airflow/dags/predict.py
[2026-02-01T19:02:53.350+0000] {processor.py:830} INFO - Processing file /opt/airflow/dags/predict.py for tasks to queue
[2026-02-01T19:02:53.352+0000] {logging_mixin.py:188} INFO - [2026-02-01T19:02:53.351+0000] {dagbag.py:545} INFO - Filling up the DagBag from /opt/airflow/dags/predict.py
[2026-02-01T19:02:55.068+0000] {logging_mixin.py:188} WARNING - /opt/airflow/dags/predict.py:34 RemovedInAirflow3Warning: Function `days_ago` is deprecated and will be removed in Airflow 3.0. You can achieve equivalent behavior with `pendulum.today('UTC').add(days=-N, ...)`
[2026-02-01T19:02:55.069+0000] {logging_mixin.py:188} WARNING - /opt/airflow/dags/predict.py:29 RemovedInAirflow3Warning: Param `schedule_interval` is deprecated and will be removed in a future release. Please use `schedule` instead.
[2026-02-01T19:02:55.074+0000] {processor.py:840} INFO - DAG(s) 'ml_prediction_pipeline' retrieved from /opt/airflow/dags/predict.py
[2026-02-01T19:02:55.093+0000] {logging_mixin.py:188} INFO - [2026-02-01T19:02:55.093+0000] {dag.py:3096} INFO - Sync 1 DAGs
[2026-02-01T19:02:55.108+0000] {logging_mixin.py:188} INFO - [2026-02-01T19:02:55.107+0000] {dag.py:3954} INFO - Setting next_dagrun for ml_prediction_pipeline to 2026-01-31 00:00:00+00:00, run_after=2026-02-01 00:00:00+00:00
[2026-02-01T19:02:55.121+0000] {processor.py:183} INFO - Processing /opt/airflow/dags/predict.py took 1.777 seconds
[2026-02-01T19:03:26.966+0000] {processor.py:161} INFO - Started process (PID=23308) to work on /opt/airflow/dags/predict.py
[2026-02-01T19:03:26.966+0000] {processor.py:830} INFO - Processing file /opt/airflow/dags/predict.py for tasks to queue
[2026-02-01T19:03:26.967+0000] {logging_mixin.py:188} INFO - [2026-02-01T19:03:26.967+0000] {dagbag.py:545} INFO - Filling up the DagBag from /opt/airflow/dags/predict.py
[2026-02-01T19:03:28.646+0000] {logging_mixin.py:188} WARNING - /opt/airflow/dags/predict.py:34 RemovedInAirflow3Warning: Function `days_ago` is deprecated and will be removed in Airflow 3.0. You can achieve equivalent behavior with `pendulum.today('UTC').add(days=-N, ...)`
[2026-02-01T19:03:28.647+0000] {logging_mixin.py:188} WARNING - /opt/airflow/dags/predict.py:29 RemovedInAirflow3Warning: Param `schedule_interval` is deprecated and will be removed in a future release. Please use `schedule` instead.
[2026-02-01T19:03:28.652+0000] {processor.py:840} INFO - DAG(s) 'ml_prediction_pipeline' retrieved from /opt/airflow/dags/predict.py
[2026-02-01T19:03:28.672+0000] {logging_mixin.py:188} INFO - [2026-02-01T19:03:28.672+0000] {dag.py:3096} INFO - Sync 1 DAGs
[2026-02-01T19:03:28.687+0000] {logging_mixin.py:188} INFO - [2026-02-01T19:03:28.687+0000] {dag.py:3954} INFO - Setting next_dagrun for ml_prediction_pipeline to 2026-01-31 00:00:00+00:00, run_after=2026-02-01 00:00:00+00:00
[2026-02-01T19:03:28.705+0000] {processor.py:183} INFO - Processing /opt/airflow/dags/predict.py took 1.743 seconds
[2026-02-01T19:04:00.209+0000] {processor.py:161} INFO - Started process (PID=23355) to work on /opt/airflow/dags/predict.py
[2026-02-01T19:04:00.211+0000] {processor.py:830} INFO - Processing file /opt/airflow/dags/predict.py for tasks to queue
[2026-02-01T19:04:00.212+0000] {logging_mixin.py:188} INFO - [2026-02-01T19:04:00.212+0000] {dagbag.py:545} INFO - Filling up the DagBag from /opt/airflow/dags/predict.py
[2026-02-01T19:04:01.889+0000] {logging_mixin.py:188} WARNING - /opt/airflow/dags/predict.py:34 RemovedInAirflow3Warning: Function `days_ago` is deprecated and will be removed in Airflow 3.0. You can achieve equivalent behavior with `pendulum.today('UTC').add(days=-N, ...)`
[2026-02-01T19:04:01.890+0000] {logging_mixin.py:188} WARNING - /opt/airflow/dags/predict.py:29 RemovedInAirflow3Warning: Param `schedule_interval` is deprecated and will be removed in a future release. Please use `schedule` instead.
[2026-02-01T19:04:01.894+0000] {processor.py:840} INFO - DAG(s) 'ml_prediction_pipeline' retrieved from /opt/airflow/dags/predict.py
[2026-02-01T19:04:01.910+0000] {logging_mixin.py:188} INFO - [2026-02-01T19:04:01.910+0000] {dag.py:3096} INFO - Sync 1 DAGs
[2026-02-01T19:04:01.925+0000] {logging_mixin.py:188} INFO - [2026-02-01T19:04:01.925+0000] {dag.py:3954} INFO - Setting next_dagrun for ml_prediction_pipeline to 2026-01-31 00:00:00+00:00, run_after=2026-02-01 00:00:00+00:00
[2026-02-01T19:04:01.940+0000] {processor.py:183} INFO - Processing /opt/airflow/dags/predict.py took 1.736 seconds
[2026-02-01T19:04:33.478+0000] {processor.py:161} INFO - Started process (PID=23402) to work on /opt/airflow/dags/predict.py
[2026-02-01T19:04:33.478+0000] {processor.py:830} INFO - Processing file /opt/airflow/dags/predict.py for tasks to queue
[2026-02-01T19:04:33.480+0000] {logging_mixin.py:188} INFO - [2026-02-01T19:04:33.479+0000] {dagbag.py:545} INFO - Filling up the DagBag from /opt/airflow/dags/predict.py
[2026-02-01T19:04:35.225+0000] {logging_mixin.py:188} WARNING - /opt/airflow/dags/predict.py:34 RemovedInAirflow3Warning: Function `days_ago` is deprecated and will be removed in Airflow 3.0. You can achieve equivalent behavior with `pendulum.today('UTC').add(days=-N, ...)`
[2026-02-01T19:04:35.226+0000] {logging_mixin.py:188} WARNING - /opt/airflow/dags/predict.py:29 RemovedInAirflow3Warning: Param `schedule_interval` is deprecated and will be removed in a future release. Please use `schedule` instead.
[2026-02-01T19:04:35.229+0000] {processor.py:840} INFO - DAG(s) 'ml_prediction_pipeline' retrieved from /opt/airflow/dags/predict.py
[2026-02-01T19:04:35.246+0000] {logging_mixin.py:188} INFO - [2026-02-01T19:04:35.246+0000] {dag.py:3096} INFO - Sync 1 DAGs
[2026-02-01T19:04:35.260+0000] {logging_mixin.py:188} INFO - [2026-02-01T19:04:35.260+0000] {dag.py:3954} INFO - Setting next_dagrun for ml_prediction_pipeline to 2026-01-31 00:00:00+00:00, run_after=2026-02-01 00:00:00+00:00
[2026-02-01T19:04:35.275+0000] {processor.py:183} INFO - Processing /opt/airflow/dags/predict.py took 1.802 seconds
[2026-02-01T19:05:06.749+0000] {processor.py:161} INFO - Started process (PID=23449) to work on /opt/airflow/dags/predict.py
[2026-02-01T19:05:06.750+0000] {processor.py:830} INFO - Processing file /opt/airflow/dags/predict.py for tasks to queue
[2026-02-01T19:05:06.752+0000] {logging_mixin.py:188} INFO - [2026-02-01T19:05:06.751+0000] {dagbag.py:545} INFO - Filling up the DagBag from /opt/airflow/dags/predict.py
[2026-02-01T19:05:08.450+0000] {logging_mixin.py:188} WARNING - /opt/airflow/dags/predict.py:34 RemovedInAirflow3Warning: Function `days_ago` is deprecated and will be removed in Airflow 3.0. You can achieve equivalent behavior with `pendulum.today('UTC').add(days=-N, ...)`
[2026-02-01T19:05:08.451+0000] {logging_mixin.py:188} WARNING - /opt/airflow/dags/predict.py:29 RemovedInAirflow3Warning: Param `schedule_interval` is deprecated and will be removed in a future release. Please use `schedule` instead.
[2026-02-01T19:05:08.454+0000] {processor.py:840} INFO - DAG(s) 'ml_prediction_pipeline' retrieved from /opt/airflow/dags/predict.py
[2026-02-01T19:05:08.472+0000] {logging_mixin.py:188} INFO - [2026-02-01T19:05:08.472+0000] {dag.py:3096} INFO - Sync 1 DAGs
[2026-02-01T19:05:08.485+0000] {logging_mixin.py:188} INFO - [2026-02-01T19:05:08.485+0000] {dag.py:3954} INFO - Setting next_dagrun for ml_prediction_pipeline to 2026-01-31 00:00:00+00:00, run_after=2026-02-01 00:00:00+00:00
[2026-02-01T19:05:08.499+0000] {processor.py:183} INFO - Processing /opt/airflow/dags/predict.py took 1.754 seconds
[2026-02-01T19:05:40.777+0000] {processor.py:161} INFO - Started process (PID=23496) to work on /opt/airflow/dags/predict.py
[2026-02-01T19:05:40.778+0000] {processor.py:830} INFO - Processing file /opt/airflow/dags/predict.py for tasks to queue
[2026-02-01T19:05:40.779+0000] {logging_mixin.py:188} INFO - [2026-02-01T19:05:40.779+0000] {dagbag.py:545} INFO - Filling up the DagBag from /opt/airflow/dags/predict.py
[2026-02-01T19:05:42.851+0000] {logging_mixin.py:188} WARNING - /opt/airflow/dags/predict.py:34 RemovedInAirflow3Warning: Function `days_ago` is deprecated and will be removed in Airflow 3.0. You can achieve equivalent behavior with `pendulum.today('UTC').add(days=-N, ...)`
[2026-02-01T19:05:42.853+0000] {logging_mixin.py:188} WARNING - /opt/airflow/dags/predict.py:29 RemovedInAirflow3Warning: Param `schedule_interval` is deprecated and will be removed in a future release. Please use `schedule` instead.
[2026-02-01T19:05:42.856+0000] {processor.py:840} INFO - DAG(s) 'ml_prediction_pipeline' retrieved from /opt/airflow/dags/predict.py
[2026-02-01T19:05:42.871+0000] {logging_mixin.py:188} INFO - [2026-02-01T19:05:42.871+0000] {dag.py:3096} INFO - Sync 1 DAGs
[2026-02-01T19:05:42.882+0000] {logging_mixin.py:188} INFO - [2026-02-01T19:05:42.882+0000] {dag.py:3954} INFO - Setting next_dagrun for ml_prediction_pipeline to 2026-01-31 00:00:00+00:00, run_after=2026-02-01 00:00:00+00:00
[2026-02-01T19:05:42.893+0000] {processor.py:183} INFO - Processing /opt/airflow/dags/predict.py took 2.119 seconds
[2026-02-01T19:06:13.684+0000] {processor.py:161} INFO - Started process (PID=23543) to work on /opt/airflow/dags/predict.py
[2026-02-01T19:06:13.685+0000] {processor.py:830} INFO - Processing file /opt/airflow/dags/predict.py for tasks to queue
[2026-02-01T19:06:13.686+0000] {logging_mixin.py:188} INFO - [2026-02-01T19:06:13.686+0000] {dagbag.py:545} INFO - Filling up the DagBag from /opt/airflow/dags/predict.py
[2026-02-01T19:06:15.333+0000] {logging_mixin.py:188} WARNING - /opt/airflow/dags/predict.py:34 RemovedInAirflow3Warning: Function `days_ago` is deprecated and will be removed in Airflow 3.0. You can achieve equivalent behavior with `pendulum.today('UTC').add(days=-N, ...)`
[2026-02-01T19:06:15.334+0000] {logging_mixin.py:188} WARNING - /opt/airflow/dags/predict.py:29 RemovedInAirflow3Warning: Param `schedule_interval` is deprecated and will be removed in a future release. Please use `schedule` instead.
[2026-02-01T19:06:15.338+0000] {processor.py:840} INFO - DAG(s) 'ml_prediction_pipeline' retrieved from /opt/airflow/dags/predict.py
[2026-02-01T19:06:15.355+0000] {logging_mixin.py:188} INFO - [2026-02-01T19:06:15.355+0000] {dag.py:3096} INFO - Sync 1 DAGs
[2026-02-01T19:06:15.368+0000] {logging_mixin.py:188} INFO - [2026-02-01T19:06:15.368+0000] {dag.py:3954} INFO - Setting next_dagrun for ml_prediction_pipeline to 2026-01-31 00:00:00+00:00, run_after=2026-02-01 00:00:00+00:00
[2026-02-01T19:06:15.384+0000] {processor.py:183} INFO - Processing /opt/airflow/dags/predict.py took 1.704 seconds
[2026-02-01T19:06:46.890+0000] {processor.py:161} INFO - Started process (PID=23590) to work on /opt/airflow/dags/predict.py
[2026-02-01T19:06:46.891+0000] {processor.py:830} INFO - Processing file /opt/airflow/dags/predict.py for tasks to queue
[2026-02-01T19:06:46.892+0000] {logging_mixin.py:188} INFO - [2026-02-01T19:06:46.891+0000] {dagbag.py:545} INFO - Filling up the DagBag from /opt/airflow/dags/predict.py
[2026-02-01T19:06:48.515+0000] {logging_mixin.py:188} WARNING - /opt/airflow/dags/predict.py:34 RemovedInAirflow3Warning: Function `days_ago` is deprecated and will be removed in Airflow 3.0. You can achieve equivalent behavior with `pendulum.today('UTC').add(days=-N, ...)`
[2026-02-01T19:06:48.516+0000] {logging_mixin.py:188} WARNING - /opt/airflow/dags/predict.py:29 RemovedInAirflow3Warning: Param `schedule_interval` is deprecated and will be removed in a future release. Please use `schedule` instead.
[2026-02-01T19:06:48.519+0000] {processor.py:840} INFO - DAG(s) 'ml_prediction_pipeline' retrieved from /opt/airflow/dags/predict.py
[2026-02-01T19:06:48.536+0000] {logging_mixin.py:188} INFO - [2026-02-01T19:06:48.535+0000] {dag.py:3096} INFO - Sync 1 DAGs
[2026-02-01T19:06:48.548+0000] {logging_mixin.py:188} INFO - [2026-02-01T19:06:48.548+0000] {dag.py:3954} INFO - Setting next_dagrun for ml_prediction_pipeline to 2026-01-31 00:00:00+00:00, run_after=2026-02-01 00:00:00+00:00
[2026-02-01T19:06:48.563+0000] {processor.py:183} INFO - Processing /opt/airflow/dags/predict.py took 1.677 seconds
[2026-02-01T19:07:20.693+0000] {processor.py:161} INFO - Started process (PID=23637) to work on /opt/airflow/dags/predict.py
[2026-02-01T19:07:20.694+0000] {processor.py:830} INFO - Processing file /opt/airflow/dags/predict.py for tasks to queue
[2026-02-01T19:07:20.695+0000] {logging_mixin.py:188} INFO - [2026-02-01T19:07:20.695+0000] {dagbag.py:545} INFO - Filling up the DagBag from /opt/airflow/dags/predict.py
[2026-02-01T19:07:22.657+0000] {logging_mixin.py:188} WARNING - /opt/airflow/dags/predict.py:34 RemovedInAirflow3Warning: Function `days_ago` is deprecated and will be removed in Airflow 3.0. You can achieve equivalent behavior with `pendulum.today('UTC').add(days=-N, ...)`
[2026-02-01T19:07:22.657+0000] {logging_mixin.py:188} WARNING - /opt/airflow/dags/predict.py:29 RemovedInAirflow3Warning: Param `schedule_interval` is deprecated and will be removed in a future release. Please use `schedule` instead.
[2026-02-01T19:07:22.660+0000] {processor.py:840} INFO - DAG(s) 'ml_prediction_pipeline' retrieved from /opt/airflow/dags/predict.py
[2026-02-01T19:07:22.676+0000] {logging_mixin.py:188} INFO - [2026-02-01T19:07:22.675+0000] {dag.py:3096} INFO - Sync 1 DAGs
[2026-02-01T19:07:22.690+0000] {logging_mixin.py:188} INFO - [2026-02-01T19:07:22.690+0000] {dag.py:3954} INFO - Setting next_dagrun for ml_prediction_pipeline to 2026-01-31 00:00:00+00:00, run_after=2026-02-01 00:00:00+00:00
[2026-02-01T19:07:22.702+0000] {processor.py:183} INFO - Processing /opt/airflow/dags/predict.py took 2.014 seconds
[2026-02-01T19:07:53.760+0000] {processor.py:161} INFO - Started process (PID=23684) to work on /opt/airflow/dags/predict.py
[2026-02-01T19:07:53.761+0000] {processor.py:830} INFO - Processing file /opt/airflow/dags/predict.py for tasks to queue
[2026-02-01T19:07:53.762+0000] {logging_mixin.py:188} INFO - [2026-02-01T19:07:53.762+0000] {dagbag.py:545} INFO - Filling up the DagBag from /opt/airflow/dags/predict.py
[2026-02-01T19:07:55.552+0000] {logging_mixin.py:188} WARNING - /opt/airflow/dags/predict.py:34 RemovedInAirflow3Warning: Function `days_ago` is deprecated and will be removed in Airflow 3.0. You can achieve equivalent behavior with `pendulum.today('UTC').add(days=-N, ...)`
[2026-02-01T19:07:55.553+0000] {logging_mixin.py:188} WARNING - /opt/airflow/dags/predict.py:29 RemovedInAirflow3Warning: Param `schedule_interval` is deprecated and will be removed in a future release. Please use `schedule` instead.
[2026-02-01T19:07:55.557+0000] {processor.py:840} INFO - DAG(s) 'ml_prediction_pipeline' retrieved from /opt/airflow/dags/predict.py
[2026-02-01T19:07:55.578+0000] {logging_mixin.py:188} INFO - [2026-02-01T19:07:55.578+0000] {dag.py:3096} INFO - Sync 1 DAGs
[2026-02-01T19:07:55.594+0000] {logging_mixin.py:188} INFO - [2026-02-01T19:07:55.594+0000] {dag.py:3954} INFO - Setting next_dagrun for ml_prediction_pipeline to 2026-01-31 00:00:00+00:00, run_after=2026-02-01 00:00:00+00:00
[2026-02-01T19:07:55.611+0000] {processor.py:183} INFO - Processing /opt/airflow/dags/predict.py took 1.855 seconds
[2026-02-01T19:08:27.111+0000] {processor.py:161} INFO - Started process (PID=23731) to work on /opt/airflow/dags/predict.py
[2026-02-01T19:08:27.113+0000] {processor.py:830} INFO - Processing file /opt/airflow/dags/predict.py for tasks to queue
[2026-02-01T19:08:27.115+0000] {logging_mixin.py:188} INFO - [2026-02-01T19:08:27.114+0000] {dagbag.py:545} INFO - Filling up the DagBag from /opt/airflow/dags/predict.py
[2026-02-01T19:08:28.841+0000] {logging_mixin.py:188} WARNING - /opt/airflow/dags/predict.py:34 RemovedInAirflow3Warning: Function `days_ago` is deprecated and will be removed in Airflow 3.0. You can achieve equivalent behavior with `pendulum.today('UTC').add(days=-N, ...)`
[2026-02-01T19:08:28.842+0000] {logging_mixin.py:188} WARNING - /opt/airflow/dags/predict.py:29 RemovedInAirflow3Warning: Param `schedule_interval` is deprecated and will be removed in a future release. Please use `schedule` instead.
[2026-02-01T19:08:28.845+0000] {processor.py:840} INFO - DAG(s) 'ml_prediction_pipeline' retrieved from /opt/airflow/dags/predict.py
[2026-02-01T19:08:28.864+0000] {logging_mixin.py:188} INFO - [2026-02-01T19:08:28.864+0000] {dag.py:3096} INFO - Sync 1 DAGs
[2026-02-01T19:08:28.879+0000] {logging_mixin.py:188} INFO - [2026-02-01T19:08:28.879+0000] {dag.py:3954} INFO - Setting next_dagrun for ml_prediction_pipeline to 2026-01-31 00:00:00+00:00, run_after=2026-02-01 00:00:00+00:00
[2026-02-01T19:08:28.896+0000] {processor.py:183} INFO - Processing /opt/airflow/dags/predict.py took 1.789 seconds
[2026-02-01T19:09:00.475+0000] {processor.py:161} INFO - Started process (PID=23778) to work on /opt/airflow/dags/predict.py
[2026-02-01T19:09:00.477+0000] {processor.py:830} INFO - Processing file /opt/airflow/dags/predict.py for tasks to queue
[2026-02-01T19:09:00.480+0000] {logging_mixin.py:188} INFO - [2026-02-01T19:09:00.479+0000] {dagbag.py:545} INFO - Filling up the DagBag from /opt/airflow/dags/predict.py
[2026-02-01T19:09:06.322+0000] {logging_mixin.py:188} WARNING - /opt/airflow/dags/predict.py:34 RemovedInAirflow3Warning: Function `days_ago` is deprecated and will be removed in Airflow 3.0. You can achieve equivalent behavior with `pendulum.today('UTC').add(days=-N, ...)`
[2026-02-01T19:09:06.324+0000] {logging_mixin.py:188} WARNING - /opt/airflow/dags/predict.py:29 RemovedInAirflow3Warning: Param `schedule_interval` is deprecated and will be removed in a future release. Please use `schedule` instead.
[2026-02-01T19:09:06.334+0000] {processor.py:840} INFO - DAG(s) 'ml_prediction_pipeline' retrieved from /opt/airflow/dags/predict.py
[2026-02-01T19:09:06.375+0000] {logging_mixin.py:188} INFO - [2026-02-01T19:09:06.374+0000] {dag.py:3096} INFO - Sync 1 DAGs
[2026-02-01T19:09:06.405+0000] {logging_mixin.py:188} INFO - [2026-02-01T19:09:06.405+0000] {dag.py:3954} INFO - Setting next_dagrun for ml_prediction_pipeline to 2026-01-31 00:00:00+00:00, run_after=2026-02-01 00:00:00+00:00
[2026-02-01T19:09:06.449+0000] {processor.py:183} INFO - Processing /opt/airflow/dags/predict.py took 5.986 seconds
[2026-02-01T19:09:36.616+0000] {processor.py:161} INFO - Started process (PID=23829) to work on /opt/airflow/dags/predict.py
[2026-02-01T19:09:36.619+0000] {processor.py:830} INFO - Processing file /opt/airflow/dags/predict.py for tasks to queue
[2026-02-01T19:09:36.627+0000] {logging_mixin.py:188} INFO - [2026-02-01T19:09:36.624+0000] {dagbag.py:545} INFO - Filling up the DagBag from /opt/airflow/dags/predict.py
[2026-02-01T19:09:40.640+0000] {logging_mixin.py:188} WARNING - /opt/airflow/dags/predict.py:34 RemovedInAirflow3Warning: Function `days_ago` is deprecated and will be removed in Airflow 3.0. You can achieve equivalent behavior with `pendulum.today('UTC').add(days=-N, ...)`
[2026-02-01T19:09:40.641+0000] {logging_mixin.py:188} WARNING - /opt/airflow/dags/predict.py:29 RemovedInAirflow3Warning: Param `schedule_interval` is deprecated and will be removed in a future release. Please use `schedule` instead.
[2026-02-01T19:09:40.646+0000] {processor.py:840} INFO - DAG(s) 'ml_prediction_pipeline' retrieved from /opt/airflow/dags/predict.py
[2026-02-01T19:09:40.666+0000] {logging_mixin.py:188} INFO - [2026-02-01T19:09:40.666+0000] {dag.py:3096} INFO - Sync 1 DAGs
[2026-02-01T19:09:40.684+0000] {logging_mixin.py:188} INFO - [2026-02-01T19:09:40.684+0000] {dag.py:3954} INFO - Setting next_dagrun for ml_prediction_pipeline to 2026-01-31 00:00:00+00:00, run_after=2026-02-01 00:00:00+00:00
[2026-02-01T19:09:40.715+0000] {processor.py:183} INFO - Processing /opt/airflow/dags/predict.py took 4.116 seconds
[2026-02-01T19:10:11.208+0000] {processor.py:161} INFO - Started process (PID=23882) to work on /opt/airflow/dags/predict.py
[2026-02-01T19:10:11.209+0000] {processor.py:830} INFO - Processing file /opt/airflow/dags/predict.py for tasks to queue
[2026-02-01T19:10:11.211+0000] {logging_mixin.py:188} INFO - [2026-02-01T19:10:11.210+0000] {dagbag.py:545} INFO - Filling up the DagBag from /opt/airflow/dags/predict.py
[2026-02-01T19:10:14.436+0000] {logging_mixin.py:188} WARNING - /opt/airflow/dags/predict.py:34 RemovedInAirflow3Warning: Function `days_ago` is deprecated and will be removed in Airflow 3.0. You can achieve equivalent behavior with `pendulum.today('UTC').add(days=-N, ...)`
[2026-02-01T19:10:14.437+0000] {logging_mixin.py:188} WARNING - /opt/airflow/dags/predict.py:29 RemovedInAirflow3Warning: Param `schedule_interval` is deprecated and will be removed in a future release. Please use `schedule` instead.
[2026-02-01T19:10:14.442+0000] {processor.py:840} INFO - DAG(s) 'ml_prediction_pipeline' retrieved from /opt/airflow/dags/predict.py
[2026-02-01T19:10:14.464+0000] {logging_mixin.py:188} INFO - [2026-02-01T19:10:14.464+0000] {dag.py:3096} INFO - Sync 1 DAGs
[2026-02-01T19:10:14.491+0000] {logging_mixin.py:188} INFO - [2026-02-01T19:10:14.490+0000] {dag.py:3954} INFO - Setting next_dagrun for ml_prediction_pipeline to 2026-01-31 00:00:00+00:00, run_after=2026-02-01 00:00:00+00:00
[2026-02-01T19:10:14.511+0000] {processor.py:183} INFO - Processing /opt/airflow/dags/predict.py took 3.310 seconds
[2026-02-01T19:10:45.044+0000] {processor.py:161} INFO - Started process (PID=23931) to work on /opt/airflow/dags/predict.py
[2026-02-01T19:10:45.047+0000] {processor.py:830} INFO - Processing file /opt/airflow/dags/predict.py for tasks to queue
[2026-02-01T19:10:45.049+0000] {logging_mixin.py:188} INFO - [2026-02-01T19:10:45.049+0000] {dagbag.py:545} INFO - Filling up the DagBag from /opt/airflow/dags/predict.py
[2026-02-01T19:10:47.418+0000] {logging_mixin.py:188} WARNING - /opt/airflow/dags/predict.py:34 RemovedInAirflow3Warning: Function `days_ago` is deprecated and will be removed in Airflow 3.0. You can achieve equivalent behavior with `pendulum.today('UTC').add(days=-N, ...)`
[2026-02-01T19:10:47.419+0000] {logging_mixin.py:188} WARNING - /opt/airflow/dags/predict.py:29 RemovedInAirflow3Warning: Param `schedule_interval` is deprecated and will be removed in a future release. Please use `schedule` instead.
[2026-02-01T19:10:47.424+0000] {processor.py:840} INFO - DAG(s) 'ml_prediction_pipeline' retrieved from /opt/airflow/dags/predict.py
[2026-02-01T19:10:47.445+0000] {logging_mixin.py:188} INFO - [2026-02-01T19:10:47.445+0000] {dag.py:3096} INFO - Sync 1 DAGs
[2026-02-01T19:10:47.467+0000] {logging_mixin.py:188} INFO - [2026-02-01T19:10:47.466+0000] {dag.py:3954} INFO - Setting next_dagrun for ml_prediction_pipeline to 2026-01-31 00:00:00+00:00, run_after=2026-02-01 00:00:00+00:00
[2026-02-01T19:10:47.486+0000] {processor.py:183} INFO - Processing /opt/airflow/dags/predict.py took 2.447 seconds
[2026-02-01T19:11:17.599+0000] {processor.py:161} INFO - Started process (PID=23978) to work on /opt/airflow/dags/predict.py
[2026-02-01T19:11:17.600+0000] {processor.py:830} INFO - Processing file /opt/airflow/dags/predict.py for tasks to queue
[2026-02-01T19:11:17.601+0000] {logging_mixin.py:188} INFO - [2026-02-01T19:11:17.601+0000] {dagbag.py:545} INFO - Filling up the DagBag from /opt/airflow/dags/predict.py
[2026-02-01T19:11:20.525+0000] {logging_mixin.py:188} WARNING - /opt/airflow/dags/predict.py:34 RemovedInAirflow3Warning: Function `days_ago` is deprecated and will be removed in Airflow 3.0. You can achieve equivalent behavior with `pendulum.today('UTC').add(days=-N, ...)`
[2026-02-01T19:11:20.527+0000] {logging_mixin.py:188} WARNING - /opt/airflow/dags/predict.py:29 RemovedInAirflow3Warning: Param `schedule_interval` is deprecated and will be removed in a future release. Please use `schedule` instead.
[2026-02-01T19:11:20.532+0000] {processor.py:840} INFO - DAG(s) 'ml_prediction_pipeline' retrieved from /opt/airflow/dags/predict.py
[2026-02-01T19:11:20.557+0000] {logging_mixin.py:188} INFO - [2026-02-01T19:11:20.557+0000] {dag.py:3096} INFO - Sync 1 DAGs
[2026-02-01T19:11:20.577+0000] {logging_mixin.py:188} INFO - [2026-02-01T19:11:20.577+0000] {dag.py:3954} INFO - Setting next_dagrun for ml_prediction_pipeline to 2026-01-31 00:00:00+00:00, run_after=2026-02-01 00:00:00+00:00
[2026-02-01T19:11:20.601+0000] {processor.py:183} INFO - Processing /opt/airflow/dags/predict.py took 3.009 seconds
[2026-02-01T19:11:51.117+0000] {processor.py:161} INFO - Started process (PID=24025) to work on /opt/airflow/dags/predict.py
[2026-02-01T19:11:51.121+0000] {processor.py:830} INFO - Processing file /opt/airflow/dags/predict.py for tasks to queue
[2026-02-01T19:11:51.126+0000] {logging_mixin.py:188} INFO - [2026-02-01T19:11:51.126+0000] {dagbag.py:545} INFO - Filling up the DagBag from /opt/airflow/dags/predict.py
[2026-02-01T19:11:53.824+0000] {logging_mixin.py:188} WARNING - /opt/airflow/dags/predict.py:34 RemovedInAirflow3Warning: Function `days_ago` is deprecated and will be removed in Airflow 3.0. You can achieve equivalent behavior with `pendulum.today('UTC').add(days=-N, ...)`
[2026-02-01T19:11:53.825+0000] {logging_mixin.py:188} WARNING - /opt/airflow/dags/predict.py:29 RemovedInAirflow3Warning: Param `schedule_interval` is deprecated and will be removed in a future release. Please use `schedule` instead.
[2026-02-01T19:11:53.830+0000] {processor.py:840} INFO - DAG(s) 'ml_prediction_pipeline' retrieved from /opt/airflow/dags/predict.py
[2026-02-01T19:11:53.862+0000] {logging_mixin.py:188} INFO - [2026-02-01T19:11:53.861+0000] {dag.py:3096} INFO - Sync 1 DAGs
[2026-02-01T19:11:53.880+0000] {logging_mixin.py:188} INFO - [2026-02-01T19:11:53.879+0000] {dag.py:3954} INFO - Setting next_dagrun for ml_prediction_pipeline to 2026-01-31 00:00:00+00:00, run_after=2026-02-01 00:00:00+00:00
[2026-02-01T19:11:53.901+0000] {processor.py:183} INFO - Processing /opt/airflow/dags/predict.py took 2.790 seconds
[2026-02-01T19:12:24.517+0000] {processor.py:161} INFO - Started process (PID=24072) to work on /opt/airflow/dags/predict.py
[2026-02-01T19:12:24.518+0000] {processor.py:830} INFO - Processing file /opt/airflow/dags/predict.py for tasks to queue
[2026-02-01T19:12:24.519+0000] {logging_mixin.py:188} INFO - [2026-02-01T19:12:24.519+0000] {dagbag.py:545} INFO - Filling up the DagBag from /opt/airflow/dags/predict.py
[2026-02-01T19:12:26.728+0000] {logging_mixin.py:188} WARNING - /opt/airflow/dags/predict.py:34 RemovedInAirflow3Warning: Function `days_ago` is deprecated and will be removed in Airflow 3.0. You can achieve equivalent behavior with `pendulum.today('UTC').add(days=-N, ...)`
[2026-02-01T19:12:26.730+0000] {logging_mixin.py:188} WARNING - /opt/airflow/dags/predict.py:29 RemovedInAirflow3Warning: Param `schedule_interval` is deprecated and will be removed in a future release. Please use `schedule` instead.
[2026-02-01T19:12:26.735+0000] {processor.py:840} INFO - DAG(s) 'ml_prediction_pipeline' retrieved from /opt/airflow/dags/predict.py
[2026-02-01T19:12:26.756+0000] {logging_mixin.py:188} INFO - [2026-02-01T19:12:26.755+0000] {dag.py:3096} INFO - Sync 1 DAGs
[2026-02-01T19:12:26.773+0000] {logging_mixin.py:188} INFO - [2026-02-01T19:12:26.773+0000] {dag.py:3954} INFO - Setting next_dagrun for ml_prediction_pipeline to 2026-01-31 00:00:00+00:00, run_after=2026-02-01 00:00:00+00:00
[2026-02-01T19:12:26.790+0000] {processor.py:183} INFO - Processing /opt/airflow/dags/predict.py took 2.278 seconds
[2026-02-01T19:12:57.276+0000] {processor.py:161} INFO - Started process (PID=24119) to work on /opt/airflow/dags/predict.py
[2026-02-01T19:12:57.279+0000] {processor.py:830} INFO - Processing file /opt/airflow/dags/predict.py for tasks to queue
[2026-02-01T19:12:57.280+0000] {logging_mixin.py:188} INFO - [2026-02-01T19:12:57.280+0000] {dagbag.py:545} INFO - Filling up the DagBag from /opt/airflow/dags/predict.py
[2026-02-01T19:12:59.717+0000] {logging_mixin.py:188} WARNING - /opt/airflow/dags/predict.py:34 RemovedInAirflow3Warning: Function `days_ago` is deprecated and will be removed in Airflow 3.0. You can achieve equivalent behavior with `pendulum.today('UTC').add(days=-N, ...)`
[2026-02-01T19:12:59.719+0000] {logging_mixin.py:188} WARNING - /opt/airflow/dags/predict.py:29 RemovedInAirflow3Warning: Param `schedule_interval` is deprecated and will be removed in a future release. Please use `schedule` instead.
[2026-02-01T19:12:59.723+0000] {processor.py:840} INFO - DAG(s) 'ml_prediction_pipeline' retrieved from /opt/airflow/dags/predict.py
[2026-02-01T19:12:59.750+0000] {logging_mixin.py:188} INFO - [2026-02-01T19:12:59.749+0000] {dag.py:3096} INFO - Sync 1 DAGs
[2026-02-01T19:12:59.769+0000] {logging_mixin.py:188} INFO - [2026-02-01T19:12:59.769+0000] {dag.py:3954} INFO - Setting next_dagrun for ml_prediction_pipeline to 2026-01-31 00:00:00+00:00, run_after=2026-02-01 00:00:00+00:00
[2026-02-01T19:12:59.793+0000] {processor.py:183} INFO - Processing /opt/airflow/dags/predict.py took 2.521 seconds
[2026-02-01T19:13:30.616+0000] {processor.py:161} INFO - Started process (PID=24166) to work on /opt/airflow/dags/predict.py
[2026-02-01T19:13:30.616+0000] {processor.py:830} INFO - Processing file /opt/airflow/dags/predict.py for tasks to queue
[2026-02-01T19:13:30.618+0000] {logging_mixin.py:188} INFO - [2026-02-01T19:13:30.618+0000] {dagbag.py:545} INFO - Filling up the DagBag from /opt/airflow/dags/predict.py
[2026-02-01T19:13:33.522+0000] {logging_mixin.py:188} WARNING - /opt/airflow/dags/predict.py:34 RemovedInAirflow3Warning: Function `days_ago` is deprecated and will be removed in Airflow 3.0. You can achieve equivalent behavior with `pendulum.today('UTC').add(days=-N, ...)`
[2026-02-01T19:13:33.523+0000] {logging_mixin.py:188} WARNING - /opt/airflow/dags/predict.py:29 RemovedInAirflow3Warning: Param `schedule_interval` is deprecated and will be removed in a future release. Please use `schedule` instead.
[2026-02-01T19:13:33.528+0000] {processor.py:840} INFO - DAG(s) 'ml_prediction_pipeline' retrieved from /opt/airflow/dags/predict.py
[2026-02-01T19:13:33.548+0000] {logging_mixin.py:188} INFO - [2026-02-01T19:13:33.548+0000] {dag.py:3096} INFO - Sync 1 DAGs
[2026-02-01T19:13:33.573+0000] {logging_mixin.py:188} INFO - [2026-02-01T19:13:33.573+0000] {dag.py:3954} INFO - Setting next_dagrun for ml_prediction_pipeline to 2026-01-31 00:00:00+00:00, run_after=2026-02-01 00:00:00+00:00
[2026-02-01T19:13:33.608+0000] {processor.py:183} INFO - Processing /opt/airflow/dags/predict.py took 3.002 seconds
[2026-02-01T19:14:03.901+0000] {processor.py:161} INFO - Started process (PID=24213) to work on /opt/airflow/dags/predict.py
[2026-02-01T19:14:03.903+0000] {processor.py:830} INFO - Processing file /opt/airflow/dags/predict.py for tasks to queue
[2026-02-01T19:14:03.907+0000] {logging_mixin.py:188} INFO - [2026-02-01T19:14:03.906+0000] {dagbag.py:545} INFO - Filling up the DagBag from /opt/airflow/dags/predict.py
[2026-02-01T19:14:06.995+0000] {logging_mixin.py:188} WARNING - /opt/airflow/dags/predict.py:34 RemovedInAirflow3Warning: Function `days_ago` is deprecated and will be removed in Airflow 3.0. You can achieve equivalent behavior with `pendulum.today('UTC').add(days=-N, ...)`
[2026-02-01T19:14:06.997+0000] {logging_mixin.py:188} WARNING - /opt/airflow/dags/predict.py:29 RemovedInAirflow3Warning: Param `schedule_interval` is deprecated and will be removed in a future release. Please use `schedule` instead.
[2026-02-01T19:14:07.005+0000] {processor.py:840} INFO - DAG(s) 'ml_prediction_pipeline' retrieved from /opt/airflow/dags/predict.py
[2026-02-01T19:14:07.033+0000] {logging_mixin.py:188} INFO - [2026-02-01T19:14:07.032+0000] {dag.py:3096} INFO - Sync 1 DAGs
[2026-02-01T19:14:07.058+0000] {logging_mixin.py:188} INFO - [2026-02-01T19:14:07.058+0000] {dag.py:3954} INFO - Setting next_dagrun for ml_prediction_pipeline to 2026-01-31 00:00:00+00:00, run_after=2026-02-01 00:00:00+00:00
[2026-02-01T19:14:07.083+0000] {processor.py:183} INFO - Processing /opt/airflow/dags/predict.py took 3.191 seconds
[2026-02-01T19:14:37.587+0000] {processor.py:161} INFO - Started process (PID=24260) to work on /opt/airflow/dags/predict.py
[2026-02-01T19:14:37.587+0000] {processor.py:830} INFO - Processing file /opt/airflow/dags/predict.py for tasks to queue
[2026-02-01T19:14:37.589+0000] {logging_mixin.py:188} INFO - [2026-02-01T19:14:37.589+0000] {dagbag.py:545} INFO - Filling up the DagBag from /opt/airflow/dags/predict.py
[2026-02-01T19:14:41.164+0000] {logging_mixin.py:188} WARNING - /opt/airflow/dags/predict.py:34 RemovedInAirflow3Warning: Function `days_ago` is deprecated and will be removed in Airflow 3.0. You can achieve equivalent behavior with `pendulum.today('UTC').add(days=-N, ...)`
[2026-02-01T19:14:41.166+0000] {logging_mixin.py:188} WARNING - /opt/airflow/dags/predict.py:29 RemovedInAirflow3Warning: Param `schedule_interval` is deprecated and will be removed in a future release. Please use `schedule` instead.
[2026-02-01T19:14:41.175+0000] {processor.py:840} INFO - DAG(s) 'ml_prediction_pipeline' retrieved from /opt/airflow/dags/predict.py
[2026-02-01T19:14:41.217+0000] {logging_mixin.py:188} INFO - [2026-02-01T19:14:41.216+0000] {dag.py:3096} INFO - Sync 1 DAGs
[2026-02-01T19:14:41.243+0000] {logging_mixin.py:188} INFO - [2026-02-01T19:14:41.243+0000] {dag.py:3954} INFO - Setting next_dagrun for ml_prediction_pipeline to 2026-01-31 00:00:00+00:00, run_after=2026-02-01 00:00:00+00:00
[2026-02-01T19:14:41.275+0000] {processor.py:183} INFO - Processing /opt/airflow/dags/predict.py took 3.695 seconds
[2026-02-01T19:15:11.670+0000] {processor.py:161} INFO - Started process (PID=24307) to work on /opt/airflow/dags/predict.py
[2026-02-01T19:15:11.672+0000] {processor.py:830} INFO - Processing file /opt/airflow/dags/predict.py for tasks to queue
[2026-02-01T19:15:11.675+0000] {logging_mixin.py:188} INFO - [2026-02-01T19:15:11.674+0000] {dagbag.py:545} INFO - Filling up the DagBag from /opt/airflow/dags/predict.py
[2026-02-01T19:15:17.879+0000] {logging_mixin.py:188} WARNING - /opt/airflow/dags/predict.py:34 RemovedInAirflow3Warning: Function `days_ago` is deprecated and will be removed in Airflow 3.0. You can achieve equivalent behavior with `pendulum.today('UTC').add(days=-N, ...)`
[2026-02-01T19:15:17.882+0000] {logging_mixin.py:188} WARNING - /opt/airflow/dags/predict.py:29 RemovedInAirflow3Warning: Param `schedule_interval` is deprecated and will be removed in a future release. Please use `schedule` instead.
[2026-02-01T19:15:17.892+0000] {processor.py:840} INFO - DAG(s) 'ml_prediction_pipeline' retrieved from /opt/airflow/dags/predict.py
[2026-02-01T19:15:17.935+0000] {logging_mixin.py:188} INFO - [2026-02-01T19:15:17.935+0000] {dag.py:3096} INFO - Sync 1 DAGs
[2026-02-01T19:15:17.968+0000] {logging_mixin.py:188} INFO - [2026-02-01T19:15:17.967+0000] {dag.py:3954} INFO - Setting next_dagrun for ml_prediction_pipeline to 2026-01-31 00:00:00+00:00, run_after=2026-02-01 00:00:00+00:00
[2026-02-01T19:15:18.002+0000] {processor.py:183} INFO - Processing /opt/airflow/dags/predict.py took 6.342 seconds
[2026-02-01T19:15:48.183+0000] {processor.py:161} INFO - Started process (PID=24354) to work on /opt/airflow/dags/predict.py
[2026-02-01T19:15:48.184+0000] {processor.py:830} INFO - Processing file /opt/airflow/dags/predict.py for tasks to queue
[2026-02-01T19:15:48.186+0000] {logging_mixin.py:188} INFO - [2026-02-01T19:15:48.185+0000] {dagbag.py:545} INFO - Filling up the DagBag from /opt/airflow/dags/predict.py
[2026-02-01T19:15:51.519+0000] {logging_mixin.py:188} WARNING - /opt/airflow/dags/predict.py:34 RemovedInAirflow3Warning: Function `days_ago` is deprecated and will be removed in Airflow 3.0. You can achieve equivalent behavior with `pendulum.today('UTC').add(days=-N, ...)`
[2026-02-01T19:15:51.521+0000] {logging_mixin.py:188} WARNING - /opt/airflow/dags/predict.py:29 RemovedInAirflow3Warning: Param `schedule_interval` is deprecated and will be removed in a future release. Please use `schedule` instead.
[2026-02-01T19:15:51.528+0000] {processor.py:840} INFO - DAG(s) 'ml_prediction_pipeline' retrieved from /opt/airflow/dags/predict.py
[2026-02-01T19:15:51.564+0000] {logging_mixin.py:188} INFO - [2026-02-01T19:15:51.563+0000] {dag.py:3096} INFO - Sync 1 DAGs
[2026-02-01T19:15:51.588+0000] {logging_mixin.py:188} INFO - [2026-02-01T19:15:51.588+0000] {dag.py:3954} INFO - Setting next_dagrun for ml_prediction_pipeline to 2026-01-31 00:00:00+00:00, run_after=2026-02-01 00:00:00+00:00
[2026-02-01T19:15:51.622+0000] {processor.py:183} INFO - Processing /opt/airflow/dags/predict.py took 3.444 seconds
[2026-02-01T19:16:21.731+0000] {processor.py:161} INFO - Started process (PID=24401) to work on /opt/airflow/dags/predict.py
[2026-02-01T19:16:21.735+0000] {processor.py:830} INFO - Processing file /opt/airflow/dags/predict.py for tasks to queue
[2026-02-01T19:16:21.741+0000] {logging_mixin.py:188} INFO - [2026-02-01T19:16:21.740+0000] {dagbag.py:545} INFO - Filling up the DagBag from /opt/airflow/dags/predict.py
[2026-02-01T19:16:24.861+0000] {logging_mixin.py:188} WARNING - /opt/airflow/dags/predict.py:34 RemovedInAirflow3Warning: Function `days_ago` is deprecated and will be removed in Airflow 3.0. You can achieve equivalent behavior with `pendulum.today('UTC').add(days=-N, ...)`
[2026-02-01T19:16:24.862+0000] {logging_mixin.py:188} WARNING - /opt/airflow/dags/predict.py:29 RemovedInAirflow3Warning: Param `schedule_interval` is deprecated and will be removed in a future release. Please use `schedule` instead.
[2026-02-01T19:16:24.871+0000] {processor.py:840} INFO - DAG(s) 'ml_prediction_pipeline' retrieved from /opt/airflow/dags/predict.py
[2026-02-01T19:16:24.900+0000] {logging_mixin.py:188} INFO - [2026-02-01T19:16:24.900+0000] {dag.py:3096} INFO - Sync 1 DAGs
[2026-02-01T19:16:24.924+0000] {logging_mixin.py:188} INFO - [2026-02-01T19:16:24.924+0000] {dag.py:3954} INFO - Setting next_dagrun for ml_prediction_pipeline to 2026-01-31 00:00:00+00:00, run_after=2026-02-01 00:00:00+00:00
[2026-02-01T19:16:24.947+0000] {processor.py:183} INFO - Processing /opt/airflow/dags/predict.py took 3.233 seconds
[2026-02-01T19:16:55.444+0000] {processor.py:161} INFO - Started process (PID=24446) to work on /opt/airflow/dags/predict.py
[2026-02-01T19:16:55.445+0000] {processor.py:830} INFO - Processing file /opt/airflow/dags/predict.py for tasks to queue
[2026-02-01T19:16:55.448+0000] {logging_mixin.py:188} INFO - [2026-02-01T19:16:55.447+0000] {dagbag.py:545} INFO - Filling up the DagBag from /opt/airflow/dags/predict.py
[2026-02-01T19:16:58.762+0000] {logging_mixin.py:188} WARNING - /opt/airflow/dags/predict.py:34 RemovedInAirflow3Warning: Function `days_ago` is deprecated and will be removed in Airflow 3.0. You can achieve equivalent behavior with `pendulum.today('UTC').add(days=-N, ...)`
[2026-02-01T19:16:58.763+0000] {logging_mixin.py:188} WARNING - /opt/airflow/dags/predict.py:29 RemovedInAirflow3Warning: Param `schedule_interval` is deprecated and will be removed in a future release. Please use `schedule` instead.
[2026-02-01T19:16:58.770+0000] {processor.py:840} INFO - DAG(s) 'ml_prediction_pipeline' retrieved from /opt/airflow/dags/predict.py
[2026-02-01T19:16:58.802+0000] {logging_mixin.py:188} INFO - [2026-02-01T19:16:58.801+0000] {dag.py:3096} INFO - Sync 1 DAGs
[2026-02-01T19:16:58.829+0000] {logging_mixin.py:188} INFO - [2026-02-01T19:16:58.828+0000] {dag.py:3954} INFO - Setting next_dagrun for ml_prediction_pipeline to 2026-01-31 00:00:00+00:00, run_after=2026-02-01 00:00:00+00:00
[2026-02-01T19:16:58.852+0000] {processor.py:183} INFO - Processing /opt/airflow/dags/predict.py took 3.415 seconds
[2026-02-01T19:17:29.708+0000] {processor.py:161} INFO - Started process (PID=24490) to work on /opt/airflow/dags/predict.py
[2026-02-01T19:17:29.710+0000] {processor.py:830} INFO - Processing file /opt/airflow/dags/predict.py for tasks to queue
[2026-02-01T19:17:29.712+0000] {logging_mixin.py:188} INFO - [2026-02-01T19:17:29.712+0000] {dagbag.py:545} INFO - Filling up the DagBag from /opt/airflow/dags/predict.py
[2026-02-01T19:17:33.564+0000] {logging_mixin.py:188} WARNING - /opt/airflow/dags/predict.py:34 RemovedInAirflow3Warning: Function `days_ago` is deprecated and will be removed in Airflow 3.0. You can achieve equivalent behavior with `pendulum.today('UTC').add(days=-N, ...)`
[2026-02-01T19:17:33.565+0000] {logging_mixin.py:188} WARNING - /opt/airflow/dags/predict.py:29 RemovedInAirflow3Warning: Param `schedule_interval` is deprecated and will be removed in a future release. Please use `schedule` instead.
[2026-02-01T19:17:33.571+0000] {processor.py:840} INFO - DAG(s) 'ml_prediction_pipeline' retrieved from /opt/airflow/dags/predict.py
[2026-02-01T19:17:33.599+0000] {logging_mixin.py:188} INFO - [2026-02-01T19:17:33.599+0000] {dag.py:3096} INFO - Sync 1 DAGs
[2026-02-01T19:17:33.622+0000] {logging_mixin.py:188} INFO - [2026-02-01T19:17:33.621+0000] {dag.py:3954} INFO - Setting next_dagrun for ml_prediction_pipeline to 2026-01-31 00:00:00+00:00, run_after=2026-02-01 00:00:00+00:00
[2026-02-01T19:17:33.644+0000] {processor.py:183} INFO - Processing /opt/airflow/dags/predict.py took 3.944 seconds
[2026-02-01T19:18:03.774+0000] {processor.py:161} INFO - Started process (PID=24525) to work on /opt/airflow/dags/predict.py
[2026-02-01T19:18:03.775+0000] {processor.py:830} INFO - Processing file /opt/airflow/dags/predict.py for tasks to queue
[2026-02-01T19:18:03.778+0000] {logging_mixin.py:188} INFO - [2026-02-01T19:18:03.777+0000] {dagbag.py:545} INFO - Filling up the DagBag from /opt/airflow/dags/predict.py
[2026-02-01T19:18:07.550+0000] {logging_mixin.py:188} WARNING - /opt/airflow/dags/predict.py:34 RemovedInAirflow3Warning: Function `days_ago` is deprecated and will be removed in Airflow 3.0. You can achieve equivalent behavior with `pendulum.today('UTC').add(days=-N, ...)`
[2026-02-01T19:18:07.555+0000] {logging_mixin.py:188} WARNING - /opt/airflow/dags/predict.py:29 RemovedInAirflow3Warning: Param `schedule_interval` is deprecated and will be removed in a future release. Please use `schedule` instead.
[2026-02-01T19:18:07.565+0000] {processor.py:840} INFO - DAG(s) 'ml_prediction_pipeline' retrieved from /opt/airflow/dags/predict.py
[2026-02-01T19:18:07.606+0000] {logging_mixin.py:188} INFO - [2026-02-01T19:18:07.606+0000] {dag.py:3096} INFO - Sync 1 DAGs
[2026-02-01T19:18:07.642+0000] {logging_mixin.py:188} INFO - [2026-02-01T19:18:07.641+0000] {dag.py:3954} INFO - Setting next_dagrun for ml_prediction_pipeline to 2026-01-31 00:00:00+00:00, run_after=2026-02-01 00:00:00+00:00
[2026-02-01T19:18:07.671+0000] {processor.py:183} INFO - Processing /opt/airflow/dags/predict.py took 3.906 seconds
[2026-02-01T19:18:37.788+0000] {processor.py:161} INFO - Started process (PID=24568) to work on /opt/airflow/dags/predict.py
[2026-02-01T19:18:37.789+0000] {processor.py:830} INFO - Processing file /opt/airflow/dags/predict.py for tasks to queue
[2026-02-01T19:18:37.790+0000] {logging_mixin.py:188} INFO - [2026-02-01T19:18:37.790+0000] {dagbag.py:545} INFO - Filling up the DagBag from /opt/airflow/dags/predict.py
[2026-02-01T19:18:41.678+0000] {logging_mixin.py:188} WARNING - /opt/airflow/dags/predict.py:34 RemovedInAirflow3Warning: Function `days_ago` is deprecated and will be removed in Airflow 3.0. You can achieve equivalent behavior with `pendulum.today('UTC').add(days=-N, ...)`
[2026-02-01T19:18:41.682+0000] {logging_mixin.py:188} WARNING - /opt/airflow/dags/predict.py:29 RemovedInAirflow3Warning: Param `schedule_interval` is deprecated and will be removed in a future release. Please use `schedule` instead.
[2026-02-01T19:18:41.698+0000] {processor.py:840} INFO - DAG(s) 'ml_prediction_pipeline' retrieved from /opt/airflow/dags/predict.py
[2026-02-01T19:18:41.765+0000] {logging_mixin.py:188} INFO - [2026-02-01T19:18:41.764+0000] {dag.py:3096} INFO - Sync 1 DAGs
[2026-02-01T19:18:41.812+0000] {logging_mixin.py:188} INFO - [2026-02-01T19:18:41.812+0000] {dag.py:3954} INFO - Setting next_dagrun for ml_prediction_pipeline to 2026-01-31 00:00:00+00:00, run_after=2026-02-01 00:00:00+00:00
[2026-02-01T19:18:41.845+0000] {processor.py:183} INFO - Processing /opt/airflow/dags/predict.py took 4.063 seconds
[2026-02-01T19:19:12.646+0000] {processor.py:161} INFO - Started process (PID=24615) to work on /opt/airflow/dags/predict.py
[2026-02-01T19:19:12.649+0000] {processor.py:830} INFO - Processing file /opt/airflow/dags/predict.py for tasks to queue
[2026-02-01T19:19:12.653+0000] {logging_mixin.py:188} INFO - [2026-02-01T19:19:12.652+0000] {dagbag.py:545} INFO - Filling up the DagBag from /opt/airflow/dags/predict.py
[2026-02-01T19:19:16.785+0000] {logging_mixin.py:188} WARNING - /opt/airflow/dags/predict.py:34 RemovedInAirflow3Warning: Function `days_ago` is deprecated and will be removed in Airflow 3.0. You can achieve equivalent behavior with `pendulum.today('UTC').add(days=-N, ...)`
[2026-02-01T19:19:16.789+0000] {logging_mixin.py:188} WARNING - /opt/airflow/dags/predict.py:29 RemovedInAirflow3Warning: Param `schedule_interval` is deprecated and will be removed in a future release. Please use `schedule` instead.
[2026-02-01T19:19:16.800+0000] {processor.py:840} INFO - DAG(s) 'ml_prediction_pipeline' retrieved from /opt/airflow/dags/predict.py
[2026-02-01T19:19:16.845+0000] {logging_mixin.py:188} INFO - [2026-02-01T19:19:16.845+0000] {dag.py:3096} INFO - Sync 1 DAGs
[2026-02-01T19:19:16.879+0000] {logging_mixin.py:188} INFO - [2026-02-01T19:19:16.878+0000] {dag.py:3954} INFO - Setting next_dagrun for ml_prediction_pipeline to 2026-01-31 00:00:00+00:00, run_after=2026-02-01 00:00:00+00:00
[2026-02-01T19:19:16.913+0000] {processor.py:183} INFO - Processing /opt/airflow/dags/predict.py took 4.275 seconds
[2026-02-01T19:19:47.339+0000] {processor.py:161} INFO - Started process (PID=24662) to work on /opt/airflow/dags/predict.py
[2026-02-01T19:19:47.340+0000] {processor.py:830} INFO - Processing file /opt/airflow/dags/predict.py for tasks to queue
[2026-02-01T19:19:47.341+0000] {logging_mixin.py:188} INFO - [2026-02-01T19:19:47.341+0000] {dagbag.py:545} INFO - Filling up the DagBag from /opt/airflow/dags/predict.py
[2026-02-01T19:19:50.392+0000] {logging_mixin.py:188} WARNING - /opt/airflow/dags/predict.py:34 RemovedInAirflow3Warning: Function `days_ago` is deprecated and will be removed in Airflow 3.0. You can achieve equivalent behavior with `pendulum.today('UTC').add(days=-N, ...)`
[2026-02-01T19:19:50.394+0000] {logging_mixin.py:188} WARNING - /opt/airflow/dags/predict.py:29 RemovedInAirflow3Warning: Param `schedule_interval` is deprecated and will be removed in a future release. Please use `schedule` instead.
[2026-02-01T19:19:50.400+0000] {processor.py:840} INFO - DAG(s) 'ml_prediction_pipeline' retrieved from /opt/airflow/dags/predict.py
[2026-02-01T19:19:50.445+0000] {logging_mixin.py:188} INFO - [2026-02-01T19:19:50.444+0000] {dag.py:3096} INFO - Sync 1 DAGs
[2026-02-01T19:19:50.485+0000] {logging_mixin.py:188} INFO - [2026-02-01T19:19:50.484+0000] {dag.py:3954} INFO - Setting next_dagrun for ml_prediction_pipeline to 2026-01-31 00:00:00+00:00, run_after=2026-02-01 00:00:00+00:00
[2026-02-01T19:19:50.703+0000] {processor.py:183} INFO - Processing /opt/airflow/dags/predict.py took 3.369 seconds
[2026-02-01T19:20:20.771+0000] {processor.py:161} INFO - Started process (PID=24709) to work on /opt/airflow/dags/predict.py
[2026-02-01T19:20:20.771+0000] {processor.py:830} INFO - Processing file /opt/airflow/dags/predict.py for tasks to queue
[2026-02-01T19:20:20.773+0000] {logging_mixin.py:188} INFO - [2026-02-01T19:20:20.773+0000] {dagbag.py:545} INFO - Filling up the DagBag from /opt/airflow/dags/predict.py
[2026-02-01T19:20:23.473+0000] {logging_mixin.py:188} WARNING - /opt/airflow/dags/predict.py:34 RemovedInAirflow3Warning: Function `days_ago` is deprecated and will be removed in Airflow 3.0. You can achieve equivalent behavior with `pendulum.today('UTC').add(days=-N, ...)`
[2026-02-01T19:20:23.474+0000] {logging_mixin.py:188} WARNING - /opt/airflow/dags/predict.py:29 RemovedInAirflow3Warning: Param `schedule_interval` is deprecated and will be removed in a future release. Please use `schedule` instead.
[2026-02-01T19:20:23.479+0000] {processor.py:840} INFO - DAG(s) 'ml_prediction_pipeline' retrieved from /opt/airflow/dags/predict.py
[2026-02-01T19:20:23.503+0000] {logging_mixin.py:188} INFO - [2026-02-01T19:20:23.502+0000] {dag.py:3096} INFO - Sync 1 DAGs
[2026-02-01T19:20:23.525+0000] {logging_mixin.py:188} INFO - [2026-02-01T19:20:23.524+0000] {dag.py:3954} INFO - Setting next_dagrun for ml_prediction_pipeline to 2026-01-31 00:00:00+00:00, run_after=2026-02-01 00:00:00+00:00
[2026-02-01T19:20:23.542+0000] {processor.py:183} INFO - Processing /opt/airflow/dags/predict.py took 2.776 seconds
[2026-02-01T19:20:54.345+0000] {processor.py:161} INFO - Started process (PID=24756) to work on /opt/airflow/dags/predict.py
[2026-02-01T19:20:54.348+0000] {processor.py:830} INFO - Processing file /opt/airflow/dags/predict.py for tasks to queue
[2026-02-01T19:20:54.350+0000] {logging_mixin.py:188} INFO - [2026-02-01T19:20:54.350+0000] {dagbag.py:545} INFO - Filling up the DagBag from /opt/airflow/dags/predict.py
[2026-02-01T19:20:57.535+0000] {logging_mixin.py:188} WARNING - /opt/airflow/dags/predict.py:34 RemovedInAirflow3Warning: Function `days_ago` is deprecated and will be removed in Airflow 3.0. You can achieve equivalent behavior with `pendulum.today('UTC').add(days=-N, ...)`
[2026-02-01T19:20:57.536+0000] {logging_mixin.py:188} WARNING - /opt/airflow/dags/predict.py:29 RemovedInAirflow3Warning: Param `schedule_interval` is deprecated and will be removed in a future release. Please use `schedule` instead.
[2026-02-01T19:20:57.541+0000] {processor.py:840} INFO - DAG(s) 'ml_prediction_pipeline' retrieved from /opt/airflow/dags/predict.py
[2026-02-01T19:20:57.568+0000] {logging_mixin.py:188} INFO - [2026-02-01T19:20:57.568+0000] {dag.py:3096} INFO - Sync 1 DAGs
[2026-02-01T19:20:57.589+0000] {logging_mixin.py:188} INFO - [2026-02-01T19:20:57.589+0000] {dag.py:3954} INFO - Setting next_dagrun for ml_prediction_pipeline to 2026-01-31 00:00:00+00:00, run_after=2026-02-01 00:00:00+00:00
[2026-02-01T19:20:57.612+0000] {processor.py:183} INFO - Processing /opt/airflow/dags/predict.py took 3.273 seconds
[2026-02-01T19:21:28.213+0000] {processor.py:161} INFO - Started process (PID=24803) to work on /opt/airflow/dags/predict.py
[2026-02-01T19:21:28.214+0000] {processor.py:830} INFO - Processing file /opt/airflow/dags/predict.py for tasks to queue
[2026-02-01T19:21:28.216+0000] {logging_mixin.py:188} INFO - [2026-02-01T19:21:28.215+0000] {dagbag.py:545} INFO - Filling up the DagBag from /opt/airflow/dags/predict.py
[2026-02-01T19:21:31.469+0000] {logging_mixin.py:188} WARNING - /opt/airflow/dags/predict.py:34 RemovedInAirflow3Warning: Function `days_ago` is deprecated and will be removed in Airflow 3.0. You can achieve equivalent behavior with `pendulum.today('UTC').add(days=-N, ...)`
[2026-02-01T19:21:31.472+0000] {logging_mixin.py:188} WARNING - /opt/airflow/dags/predict.py:29 RemovedInAirflow3Warning: Param `schedule_interval` is deprecated and will be removed in a future release. Please use `schedule` instead.
[2026-02-01T19:21:31.480+0000] {processor.py:840} INFO - DAG(s) 'ml_prediction_pipeline' retrieved from /opt/airflow/dags/predict.py
[2026-02-01T19:21:31.516+0000] {logging_mixin.py:188} INFO - [2026-02-01T19:21:31.516+0000] {dag.py:3096} INFO - Sync 1 DAGs
[2026-02-01T19:21:31.557+0000] {logging_mixin.py:188} INFO - [2026-02-01T19:21:31.556+0000] {dag.py:3954} INFO - Setting next_dagrun for ml_prediction_pipeline to 2026-01-31 00:00:00+00:00, run_after=2026-02-01 00:00:00+00:00
[2026-02-01T19:21:31.586+0000] {processor.py:183} INFO - Processing /opt/airflow/dags/predict.py took 3.379 seconds
[2026-02-01T19:22:01.758+0000] {processor.py:161} INFO - Started process (PID=24850) to work on /opt/airflow/dags/predict.py
[2026-02-01T19:22:01.760+0000] {processor.py:830} INFO - Processing file /opt/airflow/dags/predict.py for tasks to queue
[2026-02-01T19:22:01.763+0000] {logging_mixin.py:188} INFO - [2026-02-01T19:22:01.762+0000] {dagbag.py:545} INFO - Filling up the DagBag from /opt/airflow/dags/predict.py
[2026-02-01T19:22:05.136+0000] {logging_mixin.py:188} WARNING - /opt/airflow/dags/predict.py:34 RemovedInAirflow3Warning: Function `days_ago` is deprecated and will be removed in Airflow 3.0. You can achieve equivalent behavior with `pendulum.today('UTC').add(days=-N, ...)`
[2026-02-01T19:22:05.138+0000] {logging_mixin.py:188} WARNING - /opt/airflow/dags/predict.py:29 RemovedInAirflow3Warning: Param `schedule_interval` is deprecated and will be removed in a future release. Please use `schedule` instead.
[2026-02-01T19:22:05.143+0000] {processor.py:840} INFO - DAG(s) 'ml_prediction_pipeline' retrieved from /opt/airflow/dags/predict.py
[2026-02-01T19:22:05.183+0000] {logging_mixin.py:188} INFO - [2026-02-01T19:22:05.182+0000] {dag.py:3096} INFO - Sync 1 DAGs
[2026-02-01T19:22:05.209+0000] {logging_mixin.py:188} INFO - [2026-02-01T19:22:05.209+0000] {dag.py:3954} INFO - Setting next_dagrun for ml_prediction_pipeline to 2026-01-31 00:00:00+00:00, run_after=2026-02-01 00:00:00+00:00
[2026-02-01T19:22:05.238+0000] {processor.py:183} INFO - Processing /opt/airflow/dags/predict.py took 3.489 seconds
[2026-02-01T19:22:36.147+0000] {processor.py:161} INFO - Started process (PID=24897) to work on /opt/airflow/dags/predict.py
[2026-02-01T19:22:36.149+0000] {processor.py:830} INFO - Processing file /opt/airflow/dags/predict.py for tasks to queue
[2026-02-01T19:22:36.151+0000] {logging_mixin.py:188} INFO - [2026-02-01T19:22:36.150+0000] {dagbag.py:545} INFO - Filling up the DagBag from /opt/airflow/dags/predict.py
[2026-02-01T19:22:38.636+0000] {logging_mixin.py:188} WARNING - /opt/airflow/dags/predict.py:34 RemovedInAirflow3Warning: Function `days_ago` is deprecated and will be removed in Airflow 3.0. You can achieve equivalent behavior with `pendulum.today('UTC').add(days=-N, ...)`
[2026-02-01T19:22:38.637+0000] {logging_mixin.py:188} WARNING - /opt/airflow/dags/predict.py:29 RemovedInAirflow3Warning: Param `schedule_interval` is deprecated and will be removed in a future release. Please use `schedule` instead.
[2026-02-01T19:22:38.642+0000] {processor.py:840} INFO - DAG(s) 'ml_prediction_pipeline' retrieved from /opt/airflow/dags/predict.py
[2026-02-01T19:22:38.667+0000] {logging_mixin.py:188} INFO - [2026-02-01T19:22:38.666+0000] {dag.py:3096} INFO - Sync 1 DAGs
[2026-02-01T19:22:38.686+0000] {logging_mixin.py:188} INFO - [2026-02-01T19:22:38.686+0000] {dag.py:3954} INFO - Setting next_dagrun for ml_prediction_pipeline to 2026-01-31 00:00:00+00:00, run_after=2026-02-01 00:00:00+00:00
[2026-02-01T19:22:38.707+0000] {processor.py:183} INFO - Processing /opt/airflow/dags/predict.py took 2.564 seconds
[2026-02-01T19:23:09.490+0000] {processor.py:161} INFO - Started process (PID=24944) to work on /opt/airflow/dags/predict.py
[2026-02-01T19:23:09.497+0000] {processor.py:830} INFO - Processing file /opt/airflow/dags/predict.py for tasks to queue
[2026-02-01T19:23:09.502+0000] {logging_mixin.py:188} INFO - [2026-02-01T19:23:09.501+0000] {dagbag.py:545} INFO - Filling up the DagBag from /opt/airflow/dags/predict.py
[2026-02-01T19:23:14.223+0000] {logging_mixin.py:188} WARNING - /opt/airflow/dags/predict.py:34 RemovedInAirflow3Warning: Function `days_ago` is deprecated and will be removed in Airflow 3.0. You can achieve equivalent behavior with `pendulum.today('UTC').add(days=-N, ...)`
[2026-02-01T19:23:14.224+0000] {logging_mixin.py:188} WARNING - /opt/airflow/dags/predict.py:29 RemovedInAirflow3Warning: Param `schedule_interval` is deprecated and will be removed in a future release. Please use `schedule` instead.
[2026-02-01T19:23:14.232+0000] {processor.py:840} INFO - DAG(s) 'ml_prediction_pipeline' retrieved from /opt/airflow/dags/predict.py
[2026-02-01T19:23:14.259+0000] {logging_mixin.py:188} INFO - [2026-02-01T19:23:14.258+0000] {dag.py:3096} INFO - Sync 1 DAGs
[2026-02-01T19:23:14.281+0000] {logging_mixin.py:188} INFO - [2026-02-01T19:23:14.281+0000] {dag.py:3954} INFO - Setting next_dagrun for ml_prediction_pipeline to 2026-01-31 00:00:00+00:00, run_after=2026-02-01 00:00:00+00:00
[2026-02-01T19:23:14.304+0000] {processor.py:183} INFO - Processing /opt/airflow/dags/predict.py took 4.837 seconds
[2026-02-01T19:23:44.948+0000] {processor.py:161} INFO - Started process (PID=24991) to work on /opt/airflow/dags/predict.py
[2026-02-01T19:23:44.951+0000] {processor.py:830} INFO - Processing file /opt/airflow/dags/predict.py for tasks to queue
[2026-02-01T19:23:44.953+0000] {logging_mixin.py:188} INFO - [2026-02-01T19:23:44.952+0000] {dagbag.py:545} INFO - Filling up the DagBag from /opt/airflow/dags/predict.py
[2026-02-01T19:23:47.287+0000] {logging_mixin.py:188} WARNING - /opt/airflow/dags/predict.py:34 RemovedInAirflow3Warning: Function `days_ago` is deprecated and will be removed in Airflow 3.0. You can achieve equivalent behavior with `pendulum.today('UTC').add(days=-N, ...)`
[2026-02-01T19:23:47.288+0000] {logging_mixin.py:188} WARNING - /opt/airflow/dags/predict.py:29 RemovedInAirflow3Warning: Param `schedule_interval` is deprecated and will be removed in a future release. Please use `schedule` instead.
[2026-02-01T19:23:47.293+0000] {processor.py:840} INFO - DAG(s) 'ml_prediction_pipeline' retrieved from /opt/airflow/dags/predict.py
[2026-02-01T19:23:47.315+0000] {logging_mixin.py:188} INFO - [2026-02-01T19:23:47.315+0000] {dag.py:3096} INFO - Sync 1 DAGs
[2026-02-01T19:23:47.334+0000] {logging_mixin.py:188} INFO - [2026-02-01T19:23:47.334+0000] {dag.py:3954} INFO - Setting next_dagrun for ml_prediction_pipeline to 2026-01-31 00:00:00+00:00, run_after=2026-02-01 00:00:00+00:00
[2026-02-01T19:23:47.353+0000] {processor.py:183} INFO - Processing /opt/airflow/dags/predict.py took 2.411 seconds
[2026-02-01T19:24:17.689+0000] {processor.py:161} INFO - Started process (PID=25038) to work on /opt/airflow/dags/predict.py
[2026-02-01T19:24:17.690+0000] {processor.py:830} INFO - Processing file /opt/airflow/dags/predict.py for tasks to queue
[2026-02-01T19:24:17.692+0000] {logging_mixin.py:188} INFO - [2026-02-01T19:24:17.691+0000] {dagbag.py:545} INFO - Filling up the DagBag from /opt/airflow/dags/predict.py
[2026-02-01T19:24:20.409+0000] {logging_mixin.py:188} WARNING - /opt/airflow/dags/predict.py:34 RemovedInAirflow3Warning: Function `days_ago` is deprecated and will be removed in Airflow 3.0. You can achieve equivalent behavior with `pendulum.today('UTC').add(days=-N, ...)`
[2026-02-01T19:24:20.410+0000] {logging_mixin.py:188} WARNING - /opt/airflow/dags/predict.py:29 RemovedInAirflow3Warning: Param `schedule_interval` is deprecated and will be removed in a future release. Please use `schedule` instead.
[2026-02-01T19:24:20.416+0000] {processor.py:840} INFO - DAG(s) 'ml_prediction_pipeline' retrieved from /opt/airflow/dags/predict.py
[2026-02-01T19:24:20.449+0000] {logging_mixin.py:188} INFO - [2026-02-01T19:24:20.448+0000] {dag.py:3096} INFO - Sync 1 DAGs
[2026-02-01T19:24:20.475+0000] {logging_mixin.py:188} INFO - [2026-02-01T19:24:20.475+0000] {dag.py:3954} INFO - Setting next_dagrun for ml_prediction_pipeline to 2026-01-31 00:00:00+00:00, run_after=2026-02-01 00:00:00+00:00
[2026-02-01T19:24:20.503+0000] {processor.py:183} INFO - Processing /opt/airflow/dags/predict.py took 2.821 seconds
[2026-02-01T19:24:50.591+0000] {processor.py:161} INFO - Started process (PID=25085) to work on /opt/airflow/dags/predict.py
[2026-02-01T19:24:50.594+0000] {processor.py:830} INFO - Processing file /opt/airflow/dags/predict.py for tasks to queue
[2026-02-01T19:24:50.595+0000] {logging_mixin.py:188} INFO - [2026-02-01T19:24:50.595+0000] {dagbag.py:545} INFO - Filling up the DagBag from /opt/airflow/dags/predict.py
[2026-02-01T19:24:53.460+0000] {logging_mixin.py:188} WARNING - /opt/airflow/dags/predict.py:34 RemovedInAirflow3Warning: Function `days_ago` is deprecated and will be removed in Airflow 3.0. You can achieve equivalent behavior with `pendulum.today('UTC').add(days=-N, ...)`
[2026-02-01T19:24:53.462+0000] {logging_mixin.py:188} WARNING - /opt/airflow/dags/predict.py:29 RemovedInAirflow3Warning: Param `schedule_interval` is deprecated and will be removed in a future release. Please use `schedule` instead.
[2026-02-01T19:24:53.471+0000] {processor.py:840} INFO - DAG(s) 'ml_prediction_pipeline' retrieved from /opt/airflow/dags/predict.py
[2026-02-01T19:24:53.522+0000] {logging_mixin.py:188} INFO - [2026-02-01T19:24:53.521+0000] {dag.py:3096} INFO - Sync 1 DAGs
[2026-02-01T19:24:53.574+0000] {logging_mixin.py:188} INFO - [2026-02-01T19:24:53.574+0000] {dag.py:3954} INFO - Setting next_dagrun for ml_prediction_pipeline to 2026-01-31 00:00:00+00:00, run_after=2026-02-01 00:00:00+00:00
[2026-02-01T19:24:53.617+0000] {processor.py:183} INFO - Processing /opt/airflow/dags/predict.py took 3.031 seconds
[2026-02-01T19:25:23.730+0000] {processor.py:161} INFO - Started process (PID=25132) to work on /opt/airflow/dags/predict.py
[2026-02-01T19:25:23.731+0000] {processor.py:830} INFO - Processing file /opt/airflow/dags/predict.py for tasks to queue
[2026-02-01T19:25:23.733+0000] {logging_mixin.py:188} INFO - [2026-02-01T19:25:23.732+0000] {dagbag.py:545} INFO - Filling up the DagBag from /opt/airflow/dags/predict.py
[2026-02-01T19:25:26.032+0000] {logging_mixin.py:188} WARNING - /opt/airflow/dags/predict.py:34 RemovedInAirflow3Warning: Function `days_ago` is deprecated and will be removed in Airflow 3.0. You can achieve equivalent behavior with `pendulum.today('UTC').add(days=-N, ...)`
[2026-02-01T19:25:26.033+0000] {logging_mixin.py:188} WARNING - /opt/airflow/dags/predict.py:29 RemovedInAirflow3Warning: Param `schedule_interval` is deprecated and will be removed in a future release. Please use `schedule` instead.
[2026-02-01T19:25:26.038+0000] {processor.py:840} INFO - DAG(s) 'ml_prediction_pipeline' retrieved from /opt/airflow/dags/predict.py
[2026-02-01T19:25:26.060+0000] {logging_mixin.py:188} INFO - [2026-02-01T19:25:26.060+0000] {dag.py:3096} INFO - Sync 1 DAGs
[2026-02-01T19:25:26.079+0000] {logging_mixin.py:188} INFO - [2026-02-01T19:25:26.079+0000] {dag.py:3954} INFO - Setting next_dagrun for ml_prediction_pipeline to 2026-01-31 00:00:00+00:00, run_after=2026-02-01 00:00:00+00:00
[2026-02-01T19:25:26.101+0000] {processor.py:183} INFO - Processing /opt/airflow/dags/predict.py took 2.376 seconds
[2026-02-01T19:25:56.636+0000] {processor.py:161} INFO - Started process (PID=25179) to work on /opt/airflow/dags/predict.py
[2026-02-01T19:25:56.638+0000] {processor.py:830} INFO - Processing file /opt/airflow/dags/predict.py for tasks to queue
[2026-02-01T19:25:56.640+0000] {logging_mixin.py:188} INFO - [2026-02-01T19:25:56.640+0000] {dagbag.py:545} INFO - Filling up the DagBag from /opt/airflow/dags/predict.py
[2026-02-01T19:25:59.054+0000] {logging_mixin.py:188} WARNING - /opt/airflow/dags/predict.py:34 RemovedInAirflow3Warning: Function `days_ago` is deprecated and will be removed in Airflow 3.0. You can achieve equivalent behavior with `pendulum.today('UTC').add(days=-N, ...)`
[2026-02-01T19:25:59.055+0000] {logging_mixin.py:188} WARNING - /opt/airflow/dags/predict.py:29 RemovedInAirflow3Warning: Param `schedule_interval` is deprecated and will be removed in a future release. Please use `schedule` instead.
[2026-02-01T19:25:59.059+0000] {processor.py:840} INFO - DAG(s) 'ml_prediction_pipeline' retrieved from /opt/airflow/dags/predict.py
[2026-02-01T19:25:59.085+0000] {logging_mixin.py:188} INFO - [2026-02-01T19:25:59.084+0000] {dag.py:3096} INFO - Sync 1 DAGs
[2026-02-01T19:25:59.108+0000] {logging_mixin.py:188} INFO - [2026-02-01T19:25:59.108+0000] {dag.py:3954} INFO - Setting next_dagrun for ml_prediction_pipeline to 2026-01-31 00:00:00+00:00, run_after=2026-02-01 00:00:00+00:00
[2026-02-01T19:25:59.132+0000] {processor.py:183} INFO - Processing /opt/airflow/dags/predict.py took 2.501 seconds
[2026-02-01T19:26:29.685+0000] {processor.py:161} INFO - Started process (PID=25226) to work on /opt/airflow/dags/predict.py
[2026-02-01T19:26:29.686+0000] {processor.py:830} INFO - Processing file /opt/airflow/dags/predict.py for tasks to queue
[2026-02-01T19:26:29.690+0000] {logging_mixin.py:188} INFO - [2026-02-01T19:26:29.689+0000] {dagbag.py:545} INFO - Filling up the DagBag from /opt/airflow/dags/predict.py
[2026-02-01T19:26:32.527+0000] {logging_mixin.py:188} WARNING - /opt/airflow/dags/predict.py:34 RemovedInAirflow3Warning: Function `days_ago` is deprecated and will be removed in Airflow 3.0. You can achieve equivalent behavior with `pendulum.today('UTC').add(days=-N, ...)`
[2026-02-01T19:26:32.529+0000] {logging_mixin.py:188} WARNING - /opt/airflow/dags/predict.py:29 RemovedInAirflow3Warning: Param `schedule_interval` is deprecated and will be removed in a future release. Please use `schedule` instead.
[2026-02-01T19:26:32.534+0000] {processor.py:840} INFO - DAG(s) 'ml_prediction_pipeline' retrieved from /opt/airflow/dags/predict.py
[2026-02-01T19:26:32.556+0000] {logging_mixin.py:188} INFO - [2026-02-01T19:26:32.555+0000] {dag.py:3096} INFO - Sync 1 DAGs
[2026-02-01T19:26:32.575+0000] {logging_mixin.py:188} INFO - [2026-02-01T19:26:32.575+0000] {dag.py:3954} INFO - Setting next_dagrun for ml_prediction_pipeline to 2026-01-31 00:00:00+00:00, run_after=2026-02-01 00:00:00+00:00
[2026-02-01T19:26:32.595+0000] {processor.py:183} INFO - Processing /opt/airflow/dags/predict.py took 2.917 seconds
[2026-02-01T19:27:02.897+0000] {processor.py:161} INFO - Started process (PID=25273) to work on /opt/airflow/dags/predict.py
[2026-02-01T19:27:02.898+0000] {processor.py:830} INFO - Processing file /opt/airflow/dags/predict.py for tasks to queue
[2026-02-01T19:27:02.900+0000] {logging_mixin.py:188} INFO - [2026-02-01T19:27:02.899+0000] {dagbag.py:545} INFO - Filling up the DagBag from /opt/airflow/dags/predict.py
[2026-02-01T19:27:06.124+0000] {logging_mixin.py:188} WARNING - /opt/airflow/dags/predict.py:34 RemovedInAirflow3Warning: Function `days_ago` is deprecated and will be removed in Airflow 3.0. You can achieve equivalent behavior with `pendulum.today('UTC').add(days=-N, ...)`
[2026-02-01T19:27:06.129+0000] {logging_mixin.py:188} WARNING - /opt/airflow/dags/predict.py:29 RemovedInAirflow3Warning: Param `schedule_interval` is deprecated and will be removed in a future release. Please use `schedule` instead.
[2026-02-01T19:27:06.138+0000] {processor.py:840} INFO - DAG(s) 'ml_prediction_pipeline' retrieved from /opt/airflow/dags/predict.py
[2026-02-01T19:27:06.169+0000] {logging_mixin.py:188} INFO - [2026-02-01T19:27:06.167+0000] {dag.py:3096} INFO - Sync 1 DAGs
[2026-02-01T19:27:06.199+0000] {logging_mixin.py:188} INFO - [2026-02-01T19:27:06.198+0000] {dag.py:3954} INFO - Setting next_dagrun for ml_prediction_pipeline to 2026-01-31 00:00:00+00:00, run_after=2026-02-01 00:00:00+00:00
[2026-02-01T19:27:06.228+0000] {processor.py:183} INFO - Processing /opt/airflow/dags/predict.py took 3.336 seconds
[2026-02-01T19:27:36.529+0000] {processor.py:161} INFO - Started process (PID=25320) to work on /opt/airflow/dags/predict.py
[2026-02-01T19:27:36.530+0000] {processor.py:830} INFO - Processing file /opt/airflow/dags/predict.py for tasks to queue
[2026-02-01T19:27:36.533+0000] {logging_mixin.py:188} INFO - [2026-02-01T19:27:36.532+0000] {dagbag.py:545} INFO - Filling up the DagBag from /opt/airflow/dags/predict.py
[2026-02-01T19:27:39.296+0000] {logging_mixin.py:188} WARNING - /opt/airflow/dags/predict.py:34 RemovedInAirflow3Warning: Function `days_ago` is deprecated and will be removed in Airflow 3.0. You can achieve equivalent behavior with `pendulum.today('UTC').add(days=-N, ...)`
[2026-02-01T19:27:39.297+0000] {logging_mixin.py:188} WARNING - /opt/airflow/dags/predict.py:29 RemovedInAirflow3Warning: Param `schedule_interval` is deprecated and will be removed in a future release. Please use `schedule` instead.
[2026-02-01T19:27:39.302+0000] {processor.py:840} INFO - DAG(s) 'ml_prediction_pipeline' retrieved from /opt/airflow/dags/predict.py
[2026-02-01T19:27:39.328+0000] {logging_mixin.py:188} INFO - [2026-02-01T19:27:39.328+0000] {dag.py:3096} INFO - Sync 1 DAGs
[2026-02-01T19:27:39.347+0000] {logging_mixin.py:188} INFO - [2026-02-01T19:27:39.347+0000] {dag.py:3954} INFO - Setting next_dagrun for ml_prediction_pipeline to 2026-01-31 00:00:00+00:00, run_after=2026-02-01 00:00:00+00:00
[2026-02-01T19:27:39.370+0000] {processor.py:183} INFO - Processing /opt/airflow/dags/predict.py took 2.849 seconds
[2026-02-01T19:28:09.853+0000] {processor.py:161} INFO - Started process (PID=25362) to work on /opt/airflow/dags/predict.py
[2026-02-01T19:28:09.856+0000] {processor.py:830} INFO - Processing file /opt/airflow/dags/predict.py for tasks to queue
[2026-02-01T19:28:09.859+0000] {logging_mixin.py:188} INFO - [2026-02-01T19:28:09.858+0000] {dagbag.py:545} INFO - Filling up the DagBag from /opt/airflow/dags/predict.py
[2026-02-01T19:28:13.763+0000] {logging_mixin.py:188} WARNING - /opt/airflow/dags/predict.py:34 RemovedInAirflow3Warning: Function `days_ago` is deprecated and will be removed in Airflow 3.0. You can achieve equivalent behavior with `pendulum.today('UTC').add(days=-N, ...)`
[2026-02-01T19:28:13.764+0000] {logging_mixin.py:188} WARNING - /opt/airflow/dags/predict.py:29 RemovedInAirflow3Warning: Param `schedule_interval` is deprecated and will be removed in a future release. Please use `schedule` instead.
[2026-02-01T19:28:13.768+0000] {processor.py:840} INFO - DAG(s) 'ml_prediction_pipeline' retrieved from /opt/airflow/dags/predict.py
[2026-02-01T19:28:13.792+0000] {logging_mixin.py:188} INFO - [2026-02-01T19:28:13.791+0000] {dag.py:3096} INFO - Sync 1 DAGs
[2026-02-01T19:28:13.810+0000] {logging_mixin.py:188} INFO - [2026-02-01T19:28:13.809+0000] {dag.py:3954} INFO - Setting next_dagrun for ml_prediction_pipeline to 2026-01-31 00:00:00+00:00, run_after=2026-02-01 00:00:00+00:00
[2026-02-01T19:28:13.827+0000] {processor.py:183} INFO - Processing /opt/airflow/dags/predict.py took 3.980 seconds
[2026-02-01T19:28:44.213+0000] {processor.py:161} INFO - Started process (PID=25409) to work on /opt/airflow/dags/predict.py
[2026-02-01T19:28:44.215+0000] {processor.py:830} INFO - Processing file /opt/airflow/dags/predict.py for tasks to queue
[2026-02-01T19:28:44.218+0000] {logging_mixin.py:188} INFO - [2026-02-01T19:28:44.218+0000] {dagbag.py:545} INFO - Filling up the DagBag from /opt/airflow/dags/predict.py
[2026-02-01T19:28:47.525+0000] {logging_mixin.py:188} WARNING - /opt/airflow/dags/predict.py:34 RemovedInAirflow3Warning: Function `days_ago` is deprecated and will be removed in Airflow 3.0. You can achieve equivalent behavior with `pendulum.today('UTC').add(days=-N, ...)`
[2026-02-01T19:28:47.527+0000] {logging_mixin.py:188} WARNING - /opt/airflow/dags/predict.py:29 RemovedInAirflow3Warning: Param `schedule_interval` is deprecated and will be removed in a future release. Please use `schedule` instead.
[2026-02-01T19:28:47.533+0000] {processor.py:840} INFO - DAG(s) 'ml_prediction_pipeline' retrieved from /opt/airflow/dags/predict.py
[2026-02-01T19:28:47.567+0000] {logging_mixin.py:188} INFO - [2026-02-01T19:28:47.566+0000] {dag.py:3096} INFO - Sync 1 DAGs
[2026-02-01T19:28:47.592+0000] {logging_mixin.py:188} INFO - [2026-02-01T19:28:47.592+0000] {dag.py:3954} INFO - Setting next_dagrun for ml_prediction_pipeline to 2026-01-31 00:00:00+00:00, run_after=2026-02-01 00:00:00+00:00
[2026-02-01T19:28:47.617+0000] {processor.py:183} INFO - Processing /opt/airflow/dags/predict.py took 3.411 seconds
[2026-02-01T19:29:18.570+0000] {processor.py:161} INFO - Started process (PID=25444) to work on /opt/airflow/dags/predict.py
[2026-02-01T19:29:18.571+0000] {processor.py:830} INFO - Processing file /opt/airflow/dags/predict.py for tasks to queue
[2026-02-01T19:29:18.576+0000] {logging_mixin.py:188} INFO - [2026-02-01T19:29:18.576+0000] {dagbag.py:545} INFO - Filling up the DagBag from /opt/airflow/dags/predict.py
[2026-02-01T19:29:22.082+0000] {logging_mixin.py:188} WARNING - /opt/airflow/dags/predict.py:34 RemovedInAirflow3Warning: Function `days_ago` is deprecated and will be removed in Airflow 3.0. You can achieve equivalent behavior with `pendulum.today('UTC').add(days=-N, ...)`
[2026-02-01T19:29:22.084+0000] {logging_mixin.py:188} WARNING - /opt/airflow/dags/predict.py:29 RemovedInAirflow3Warning: Param `schedule_interval` is deprecated and will be removed in a future release. Please use `schedule` instead.
[2026-02-01T19:29:22.088+0000] {processor.py:840} INFO - DAG(s) 'ml_prediction_pipeline' retrieved from /opt/airflow/dags/predict.py
[2026-02-01T19:29:22.125+0000] {logging_mixin.py:188} INFO - [2026-02-01T19:29:22.124+0000] {dag.py:3096} INFO - Sync 1 DAGs
[2026-02-01T19:29:22.147+0000] {logging_mixin.py:188} INFO - [2026-02-01T19:29:22.147+0000] {dag.py:3954} INFO - Setting next_dagrun for ml_prediction_pipeline to 2026-01-31 00:00:00+00:00, run_after=2026-02-01 00:00:00+00:00
[2026-02-01T19:29:22.169+0000] {processor.py:183} INFO - Processing /opt/airflow/dags/predict.py took 3.613 seconds
[2026-02-01T19:29:52.297+0000] {processor.py:161} INFO - Started process (PID=25491) to work on /opt/airflow/dags/predict.py
[2026-02-01T19:29:52.300+0000] {processor.py:830} INFO - Processing file /opt/airflow/dags/predict.py for tasks to queue
[2026-02-01T19:29:52.303+0000] {logging_mixin.py:188} INFO - [2026-02-01T19:29:52.303+0000] {dagbag.py:545} INFO - Filling up the DagBag from /opt/airflow/dags/predict.py
[2026-02-01T19:29:55.542+0000] {logging_mixin.py:188} WARNING - /opt/airflow/dags/predict.py:34 RemovedInAirflow3Warning: Function `days_ago` is deprecated and will be removed in Airflow 3.0. You can achieve equivalent behavior with `pendulum.today('UTC').add(days=-N, ...)`
[2026-02-01T19:29:55.543+0000] {logging_mixin.py:188} WARNING - /opt/airflow/dags/predict.py:29 RemovedInAirflow3Warning: Param `schedule_interval` is deprecated and will be removed in a future release. Please use `schedule` instead.
[2026-02-01T19:29:55.548+0000] {processor.py:840} INFO - DAG(s) 'ml_prediction_pipeline' retrieved from /opt/airflow/dags/predict.py
[2026-02-01T19:29:55.587+0000] {logging_mixin.py:188} INFO - [2026-02-01T19:29:55.587+0000] {dag.py:3096} INFO - Sync 1 DAGs
[2026-02-01T19:29:55.613+0000] {logging_mixin.py:188} INFO - [2026-02-01T19:29:55.612+0000] {dag.py:3954} INFO - Setting next_dagrun for ml_prediction_pipeline to 2026-01-31 00:00:00+00:00, run_after=2026-02-01 00:00:00+00:00
[2026-02-01T19:29:55.641+0000] {processor.py:183} INFO - Processing /opt/airflow/dags/predict.py took 3.352 seconds
[2026-02-01T19:30:25.985+0000] {processor.py:161} INFO - Started process (PID=25534) to work on /opt/airflow/dags/predict.py
[2026-02-01T19:30:25.986+0000] {processor.py:830} INFO - Processing file /opt/airflow/dags/predict.py for tasks to queue
[2026-02-01T19:30:25.987+0000] {logging_mixin.py:188} INFO - [2026-02-01T19:30:25.987+0000] {dagbag.py:545} INFO - Filling up the DagBag from /opt/airflow/dags/predict.py
[2026-02-01T19:30:28.869+0000] {logging_mixin.py:188} WARNING - /opt/airflow/dags/predict.py:34 RemovedInAirflow3Warning: Function `days_ago` is deprecated and will be removed in Airflow 3.0. You can achieve equivalent behavior with `pendulum.today('UTC').add(days=-N, ...)`
[2026-02-01T19:30:28.873+0000] {logging_mixin.py:188} WARNING - /opt/airflow/dags/predict.py:29 RemovedInAirflow3Warning: Param `schedule_interval` is deprecated and will be removed in a future release. Please use `schedule` instead.
[2026-02-01T19:30:28.880+0000] {processor.py:840} INFO - DAG(s) 'ml_prediction_pipeline' retrieved from /opt/airflow/dags/predict.py
[2026-02-01T19:30:28.910+0000] {logging_mixin.py:188} INFO - [2026-02-01T19:30:28.909+0000] {dag.py:3096} INFO - Sync 1 DAGs
[2026-02-01T19:30:28.935+0000] {logging_mixin.py:188} INFO - [2026-02-01T19:30:28.935+0000] {dag.py:3954} INFO - Setting next_dagrun for ml_prediction_pipeline to 2026-01-31 00:00:00+00:00, run_after=2026-02-01 00:00:00+00:00
[2026-02-01T19:30:28.964+0000] {processor.py:183} INFO - Processing /opt/airflow/dags/predict.py took 2.986 seconds
[2026-02-01T19:30:59.417+0000] {processor.py:161} INFO - Started process (PID=25582) to work on /opt/airflow/dags/predict.py
[2026-02-01T19:30:59.418+0000] {processor.py:830} INFO - Processing file /opt/airflow/dags/predict.py for tasks to queue
[2026-02-01T19:30:59.420+0000] {logging_mixin.py:188} INFO - [2026-02-01T19:30:59.420+0000] {dagbag.py:545} INFO - Filling up the DagBag from /opt/airflow/dags/predict.py
[2026-02-01T19:31:02.851+0000] {logging_mixin.py:188} WARNING - /opt/airflow/dags/predict.py:34 RemovedInAirflow3Warning: Function `days_ago` is deprecated and will be removed in Airflow 3.0. You can achieve equivalent behavior with `pendulum.today('UTC').add(days=-N, ...)`
[2026-02-01T19:31:02.852+0000] {logging_mixin.py:188} WARNING - /opt/airflow/dags/predict.py:29 RemovedInAirflow3Warning: Param `schedule_interval` is deprecated and will be removed in a future release. Please use `schedule` instead.
[2026-02-01T19:31:02.859+0000] {processor.py:840} INFO - DAG(s) 'ml_prediction_pipeline' retrieved from /opt/airflow/dags/predict.py
[2026-02-01T19:31:02.895+0000] {logging_mixin.py:188} INFO - [2026-02-01T19:31:02.895+0000] {dag.py:3096} INFO - Sync 1 DAGs
[2026-02-01T19:31:02.925+0000] {logging_mixin.py:188} INFO - [2026-02-01T19:31:02.924+0000] {dag.py:3954} INFO - Setting next_dagrun for ml_prediction_pipeline to 2026-01-31 00:00:00+00:00, run_after=2026-02-01 00:00:00+00:00
[2026-02-01T19:31:02.959+0000] {processor.py:183} INFO - Processing /opt/airflow/dags/predict.py took 3.549 seconds
[2026-02-01T19:31:33.010+0000] {processor.py:161} INFO - Started process (PID=25629) to work on /opt/airflow/dags/predict.py
[2026-02-01T19:31:33.013+0000] {processor.py:830} INFO - Processing file /opt/airflow/dags/predict.py for tasks to queue
[2026-02-01T19:31:33.017+0000] {logging_mixin.py:188} INFO - [2026-02-01T19:31:33.015+0000] {dagbag.py:545} INFO - Filling up the DagBag from /opt/airflow/dags/predict.py
[2026-02-01T19:31:35.871+0000] {logging_mixin.py:188} WARNING - /opt/airflow/dags/predict.py:34 RemovedInAirflow3Warning: Function `days_ago` is deprecated and will be removed in Airflow 3.0. You can achieve equivalent behavior with `pendulum.today('UTC').add(days=-N, ...)`
[2026-02-01T19:31:35.872+0000] {logging_mixin.py:188} WARNING - /opt/airflow/dags/predict.py:29 RemovedInAirflow3Warning: Param `schedule_interval` is deprecated and will be removed in a future release. Please use `schedule` instead.
[2026-02-01T19:31:35.878+0000] {processor.py:840} INFO - DAG(s) 'ml_prediction_pipeline' retrieved from /opt/airflow/dags/predict.py
[2026-02-01T19:31:35.924+0000] {logging_mixin.py:188} INFO - [2026-02-01T19:31:35.923+0000] {dag.py:3096} INFO - Sync 1 DAGs
[2026-02-01T19:31:35.950+0000] {logging_mixin.py:188} INFO - [2026-02-01T19:31:35.950+0000] {dag.py:3954} INFO - Setting next_dagrun for ml_prediction_pipeline to 2026-01-31 00:00:00+00:00, run_after=2026-02-01 00:00:00+00:00
[2026-02-01T19:31:35.977+0000] {processor.py:183} INFO - Processing /opt/airflow/dags/predict.py took 2.974 seconds
[2026-02-01T19:32:06.249+0000] {processor.py:161} INFO - Started process (PID=25676) to work on /opt/airflow/dags/predict.py
[2026-02-01T19:32:06.250+0000] {processor.py:830} INFO - Processing file /opt/airflow/dags/predict.py for tasks to queue
[2026-02-01T19:32:06.252+0000] {logging_mixin.py:188} INFO - [2026-02-01T19:32:06.252+0000] {dagbag.py:545} INFO - Filling up the DagBag from /opt/airflow/dags/predict.py
[2026-02-01T19:32:09.683+0000] {logging_mixin.py:188} WARNING - /opt/airflow/dags/predict.py:34 RemovedInAirflow3Warning: Function `days_ago` is deprecated and will be removed in Airflow 3.0. You can achieve equivalent behavior with `pendulum.today('UTC').add(days=-N, ...)`
[2026-02-01T19:32:09.687+0000] {logging_mixin.py:188} WARNING - /opt/airflow/dags/predict.py:29 RemovedInAirflow3Warning: Param `schedule_interval` is deprecated and will be removed in a future release. Please use `schedule` instead.
[2026-02-01T19:32:09.693+0000] {processor.py:840} INFO - DAG(s) 'ml_prediction_pipeline' retrieved from /opt/airflow/dags/predict.py
[2026-02-01T19:32:09.728+0000] {logging_mixin.py:188} INFO - [2026-02-01T19:32:09.727+0000] {dag.py:3096} INFO - Sync 1 DAGs
[2026-02-01T19:32:09.750+0000] {logging_mixin.py:188} INFO - [2026-02-01T19:32:09.750+0000] {dag.py:3954} INFO - Setting next_dagrun for ml_prediction_pipeline to 2026-01-31 00:00:00+00:00, run_after=2026-02-01 00:00:00+00:00
[2026-02-01T19:32:09.776+0000] {processor.py:183} INFO - Processing /opt/airflow/dags/predict.py took 3.532 seconds
[2026-02-01T19:32:39.964+0000] {processor.py:161} INFO - Started process (PID=25723) to work on /opt/airflow/dags/predict.py
[2026-02-01T19:32:39.965+0000] {processor.py:830} INFO - Processing file /opt/airflow/dags/predict.py for tasks to queue
[2026-02-01T19:32:39.966+0000] {logging_mixin.py:188} INFO - [2026-02-01T19:32:39.966+0000] {dagbag.py:545} INFO - Filling up the DagBag from /opt/airflow/dags/predict.py
[2026-02-01T19:32:43.211+0000] {logging_mixin.py:188} WARNING - /opt/airflow/dags/predict.py:34 RemovedInAirflow3Warning: Function `days_ago` is deprecated and will be removed in Airflow 3.0. You can achieve equivalent behavior with `pendulum.today('UTC').add(days=-N, ...)`
[2026-02-01T19:32:43.212+0000] {logging_mixin.py:188} WARNING - /opt/airflow/dags/predict.py:29 RemovedInAirflow3Warning: Param `schedule_interval` is deprecated and will be removed in a future release. Please use `schedule` instead.
[2026-02-01T19:32:43.218+0000] {processor.py:840} INFO - DAG(s) 'ml_prediction_pipeline' retrieved from /opt/airflow/dags/predict.py
[2026-02-01T19:32:43.244+0000] {logging_mixin.py:188} INFO - [2026-02-01T19:32:43.244+0000] {dag.py:3096} INFO - Sync 1 DAGs
[2026-02-01T19:32:43.264+0000] {logging_mixin.py:188} INFO - [2026-02-01T19:32:43.263+0000] {dag.py:3954} INFO - Setting next_dagrun for ml_prediction_pipeline to 2026-01-31 00:00:00+00:00, run_after=2026-02-01 00:00:00+00:00
[2026-02-01T19:32:43.287+0000] {processor.py:183} INFO - Processing /opt/airflow/dags/predict.py took 3.330 seconds
[2026-02-01T19:33:13.956+0000] {processor.py:161} INFO - Started process (PID=25770) to work on /opt/airflow/dags/predict.py
[2026-02-01T19:33:13.965+0000] {processor.py:830} INFO - Processing file /opt/airflow/dags/predict.py for tasks to queue
[2026-02-01T19:33:13.971+0000] {logging_mixin.py:188} INFO - [2026-02-01T19:33:13.969+0000] {dagbag.py:545} INFO - Filling up the DagBag from /opt/airflow/dags/predict.py
[2026-02-01T19:33:19.575+0000] {logging_mixin.py:188} WARNING - /opt/airflow/dags/predict.py:34 RemovedInAirflow3Warning: Function `days_ago` is deprecated and will be removed in Airflow 3.0. You can achieve equivalent behavior with `pendulum.today('UTC').add(days=-N, ...)`
[2026-02-01T19:33:19.577+0000] {logging_mixin.py:188} WARNING - /opt/airflow/dags/predict.py:29 RemovedInAirflow3Warning: Param `schedule_interval` is deprecated and will be removed in a future release. Please use `schedule` instead.
[2026-02-01T19:33:19.586+0000] {processor.py:840} INFO - DAG(s) 'ml_prediction_pipeline' retrieved from /opt/airflow/dags/predict.py
[2026-02-01T19:33:19.627+0000] {logging_mixin.py:188} INFO - [2026-02-01T19:33:19.627+0000] {dag.py:3096} INFO - Sync 1 DAGs
[2026-02-01T19:33:19.660+0000] {logging_mixin.py:188} INFO - [2026-02-01T19:33:19.660+0000] {dag.py:3954} INFO - Setting next_dagrun for ml_prediction_pipeline to 2026-01-31 00:00:00+00:00, run_after=2026-02-01 00:00:00+00:00
[2026-02-01T19:33:19.691+0000] {processor.py:183} INFO - Processing /opt/airflow/dags/predict.py took 5.757 seconds
[2026-02-01T19:33:50.058+0000] {processor.py:161} INFO - Started process (PID=25817) to work on /opt/airflow/dags/predict.py
[2026-02-01T19:33:50.060+0000] {processor.py:830} INFO - Processing file /opt/airflow/dags/predict.py for tasks to queue
[2026-02-01T19:33:50.061+0000] {logging_mixin.py:188} INFO - [2026-02-01T19:33:50.061+0000] {dagbag.py:545} INFO - Filling up the DagBag from /opt/airflow/dags/predict.py
[2026-02-01T19:33:54.178+0000] {logging_mixin.py:188} WARNING - /opt/airflow/dags/predict.py:34 RemovedInAirflow3Warning: Function `days_ago` is deprecated and will be removed in Airflow 3.0. You can achieve equivalent behavior with `pendulum.today('UTC').add(days=-N, ...)`
[2026-02-01T19:33:54.180+0000] {logging_mixin.py:188} WARNING - /opt/airflow/dags/predict.py:29 RemovedInAirflow3Warning: Param `schedule_interval` is deprecated and will be removed in a future release. Please use `schedule` instead.
[2026-02-01T19:33:54.187+0000] {processor.py:840} INFO - DAG(s) 'ml_prediction_pipeline' retrieved from /opt/airflow/dags/predict.py
[2026-02-01T19:33:54.256+0000] {logging_mixin.py:188} INFO - [2026-02-01T19:33:54.255+0000] {dag.py:3096} INFO - Sync 1 DAGs
[2026-02-01T19:33:54.303+0000] {logging_mixin.py:188} INFO - [2026-02-01T19:33:54.303+0000] {dag.py:3954} INFO - Setting next_dagrun for ml_prediction_pipeline to 2026-01-31 00:00:00+00:00, run_after=2026-02-01 00:00:00+00:00
[2026-02-01T19:33:54.343+0000] {processor.py:183} INFO - Processing /opt/airflow/dags/predict.py took 4.291 seconds
[2026-02-01T19:34:24.453+0000] {processor.py:161} INFO - Started process (PID=25864) to work on /opt/airflow/dags/predict.py
[2026-02-01T19:34:24.454+0000] {processor.py:830} INFO - Processing file /opt/airflow/dags/predict.py for tasks to queue
[2026-02-01T19:34:24.455+0000] {logging_mixin.py:188} INFO - [2026-02-01T19:34:24.455+0000] {dagbag.py:545} INFO - Filling up the DagBag from /opt/airflow/dags/predict.py
[2026-02-01T19:34:26.945+0000] {logging_mixin.py:188} WARNING - /opt/airflow/dags/predict.py:34 RemovedInAirflow3Warning: Function `days_ago` is deprecated and will be removed in Airflow 3.0. You can achieve equivalent behavior with `pendulum.today('UTC').add(days=-N, ...)`
[2026-02-01T19:34:26.946+0000] {logging_mixin.py:188} WARNING - /opt/airflow/dags/predict.py:29 RemovedInAirflow3Warning: Param `schedule_interval` is deprecated and will be removed in a future release. Please use `schedule` instead.
[2026-02-01T19:34:26.954+0000] {processor.py:840} INFO - DAG(s) 'ml_prediction_pipeline' retrieved from /opt/airflow/dags/predict.py
[2026-02-01T19:34:26.980+0000] {logging_mixin.py:188} INFO - [2026-02-01T19:34:26.979+0000] {dag.py:3096} INFO - Sync 1 DAGs
[2026-02-01T19:34:26.997+0000] {logging_mixin.py:188} INFO - [2026-02-01T19:34:26.997+0000] {dag.py:3954} INFO - Setting next_dagrun for ml_prediction_pipeline to 2026-01-31 00:00:00+00:00, run_after=2026-02-01 00:00:00+00:00
[2026-02-01T19:34:27.018+0000] {processor.py:183} INFO - Processing /opt/airflow/dags/predict.py took 2.570 seconds
[2026-02-01T19:34:57.348+0000] {processor.py:161} INFO - Started process (PID=25911) to work on /opt/airflow/dags/predict.py
[2026-02-01T19:34:57.351+0000] {processor.py:830} INFO - Processing file /opt/airflow/dags/predict.py for tasks to queue
[2026-02-01T19:34:57.354+0000] {logging_mixin.py:188} INFO - [2026-02-01T19:34:57.353+0000] {dagbag.py:545} INFO - Filling up the DagBag from /opt/airflow/dags/predict.py
[2026-02-01T19:35:00.323+0000] {logging_mixin.py:188} WARNING - /opt/airflow/dags/predict.py:34 RemovedInAirflow3Warning: Function `days_ago` is deprecated and will be removed in Airflow 3.0. You can achieve equivalent behavior with `pendulum.today('UTC').add(days=-N, ...)`
[2026-02-01T19:35:00.324+0000] {logging_mixin.py:188} WARNING - /opt/airflow/dags/predict.py:29 RemovedInAirflow3Warning: Param `schedule_interval` is deprecated and will be removed in a future release. Please use `schedule` instead.
[2026-02-01T19:35:00.330+0000] {processor.py:840} INFO - DAG(s) 'ml_prediction_pipeline' retrieved from /opt/airflow/dags/predict.py
[2026-02-01T19:35:00.364+0000] {logging_mixin.py:188} INFO - [2026-02-01T19:35:00.363+0000] {dag.py:3096} INFO - Sync 1 DAGs
[2026-02-01T19:35:00.384+0000] {logging_mixin.py:188} INFO - [2026-02-01T19:35:00.384+0000] {dag.py:3954} INFO - Setting next_dagrun for ml_prediction_pipeline to 2026-01-31 00:00:00+00:00, run_after=2026-02-01 00:00:00+00:00
[2026-02-01T19:35:00.412+0000] {processor.py:183} INFO - Processing /opt/airflow/dags/predict.py took 3.070 seconds
[2026-02-01T19:35:30.557+0000] {processor.py:161} INFO - Started process (PID=25958) to work on /opt/airflow/dags/predict.py
[2026-02-01T19:35:30.559+0000] {processor.py:830} INFO - Processing file /opt/airflow/dags/predict.py for tasks to queue
[2026-02-01T19:35:30.561+0000] {logging_mixin.py:188} INFO - [2026-02-01T19:35:30.561+0000] {dagbag.py:545} INFO - Filling up the DagBag from /opt/airflow/dags/predict.py
[2026-02-01T19:35:33.461+0000] {logging_mixin.py:188} WARNING - /opt/airflow/dags/predict.py:34 RemovedInAirflow3Warning: Function `days_ago` is deprecated and will be removed in Airflow 3.0. You can achieve equivalent behavior with `pendulum.today('UTC').add(days=-N, ...)`
[2026-02-01T19:35:33.463+0000] {logging_mixin.py:188} WARNING - /opt/airflow/dags/predict.py:29 RemovedInAirflow3Warning: Param `schedule_interval` is deprecated and will be removed in a future release. Please use `schedule` instead.
[2026-02-01T19:35:33.468+0000] {processor.py:840} INFO - DAG(s) 'ml_prediction_pipeline' retrieved from /opt/airflow/dags/predict.py
[2026-02-01T19:35:33.494+0000] {logging_mixin.py:188} INFO - [2026-02-01T19:35:33.494+0000] {dag.py:3096} INFO - Sync 1 DAGs
[2026-02-01T19:35:33.513+0000] {logging_mixin.py:188} INFO - [2026-02-01T19:35:33.513+0000] {dag.py:3954} INFO - Setting next_dagrun for ml_prediction_pipeline to 2026-01-31 00:00:00+00:00, run_after=2026-02-01 00:00:00+00:00
[2026-02-01T19:35:33.535+0000] {processor.py:183} INFO - Processing /opt/airflow/dags/predict.py took 2.985 seconds
[2026-02-01T19:36:03.597+0000] {processor.py:161} INFO - Started process (PID=26005) to work on /opt/airflow/dags/predict.py
[2026-02-01T19:36:03.600+0000] {processor.py:830} INFO - Processing file /opt/airflow/dags/predict.py for tasks to queue
[2026-02-01T19:36:03.603+0000] {logging_mixin.py:188} INFO - [2026-02-01T19:36:03.602+0000] {dagbag.py:545} INFO - Filling up the DagBag from /opt/airflow/dags/predict.py
[2026-02-01T19:36:06.859+0000] {logging_mixin.py:188} WARNING - /opt/airflow/dags/predict.py:34 RemovedInAirflow3Warning: Function `days_ago` is deprecated and will be removed in Airflow 3.0. You can achieve equivalent behavior with `pendulum.today('UTC').add(days=-N, ...)`
[2026-02-01T19:36:06.861+0000] {logging_mixin.py:188} WARNING - /opt/airflow/dags/predict.py:29 RemovedInAirflow3Warning: Param `schedule_interval` is deprecated and will be removed in a future release. Please use `schedule` instead.
[2026-02-01T19:36:06.866+0000] {processor.py:840} INFO - DAG(s) 'ml_prediction_pipeline' retrieved from /opt/airflow/dags/predict.py
[2026-02-01T19:36:06.896+0000] {logging_mixin.py:188} INFO - [2026-02-01T19:36:06.896+0000] {dag.py:3096} INFO - Sync 1 DAGs
[2026-02-01T19:36:06.917+0000] {logging_mixin.py:188} INFO - [2026-02-01T19:36:06.917+0000] {dag.py:3954} INFO - Setting next_dagrun for ml_prediction_pipeline to 2026-01-31 00:00:00+00:00, run_after=2026-02-01 00:00:00+00:00
[2026-02-01T19:36:07.045+0000] {processor.py:183} INFO - Processing /opt/airflow/dags/predict.py took 3.457 seconds
[2026-02-01T19:36:37.226+0000] {processor.py:161} INFO - Started process (PID=26053) to work on /opt/airflow/dags/predict.py
[2026-02-01T19:36:37.227+0000] {processor.py:830} INFO - Processing file /opt/airflow/dags/predict.py for tasks to queue
[2026-02-01T19:36:37.230+0000] {logging_mixin.py:188} INFO - [2026-02-01T19:36:37.229+0000] {dagbag.py:545} INFO - Filling up the DagBag from /opt/airflow/dags/predict.py
[2026-02-01T19:36:39.817+0000] {logging_mixin.py:188} WARNING - /opt/airflow/dags/predict.py:34 RemovedInAirflow3Warning: Function `days_ago` is deprecated and will be removed in Airflow 3.0. You can achieve equivalent behavior with `pendulum.today('UTC').add(days=-N, ...)`
[2026-02-01T19:36:39.818+0000] {logging_mixin.py:188} WARNING - /opt/airflow/dags/predict.py:29 RemovedInAirflow3Warning: Param `schedule_interval` is deprecated and will be removed in a future release. Please use `schedule` instead.
[2026-02-01T19:36:39.823+0000] {processor.py:840} INFO - DAG(s) 'ml_prediction_pipeline' retrieved from /opt/airflow/dags/predict.py
[2026-02-01T19:36:39.847+0000] {logging_mixin.py:188} INFO - [2026-02-01T19:36:39.846+0000] {dag.py:3096} INFO - Sync 1 DAGs
[2026-02-01T19:36:39.874+0000] {logging_mixin.py:188} INFO - [2026-02-01T19:36:39.874+0000] {dag.py:3954} INFO - Setting next_dagrun for ml_prediction_pipeline to 2026-01-31 00:00:00+00:00, run_after=2026-02-01 00:00:00+00:00
[2026-02-01T19:36:39.905+0000] {processor.py:183} INFO - Processing /opt/airflow/dags/predict.py took 2.683 seconds
[2026-02-01T19:37:10.589+0000] {processor.py:161} INFO - Started process (PID=26100) to work on /opt/airflow/dags/predict.py
[2026-02-01T19:37:10.592+0000] {processor.py:830} INFO - Processing file /opt/airflow/dags/predict.py for tasks to queue
[2026-02-01T19:37:10.595+0000] {logging_mixin.py:188} INFO - [2026-02-01T19:37:10.595+0000] {dagbag.py:545} INFO - Filling up the DagBag from /opt/airflow/dags/predict.py
[2026-02-01T19:37:14.655+0000] {logging_mixin.py:188} WARNING - /opt/airflow/dags/predict.py:34 RemovedInAirflow3Warning: Function `days_ago` is deprecated and will be removed in Airflow 3.0. You can achieve equivalent behavior with `pendulum.today('UTC').add(days=-N, ...)`
[2026-02-01T19:37:14.657+0000] {logging_mixin.py:188} WARNING - /opt/airflow/dags/predict.py:29 RemovedInAirflow3Warning: Param `schedule_interval` is deprecated and will be removed in a future release. Please use `schedule` instead.
[2026-02-01T19:37:14.667+0000] {processor.py:840} INFO - DAG(s) 'ml_prediction_pipeline' retrieved from /opt/airflow/dags/predict.py
[2026-02-01T19:37:14.712+0000] {logging_mixin.py:188} INFO - [2026-02-01T19:37:14.711+0000] {dag.py:3096} INFO - Sync 1 DAGs
[2026-02-01T19:37:14.753+0000] {logging_mixin.py:188} INFO - [2026-02-01T19:37:14.753+0000] {dag.py:3954} INFO - Setting next_dagrun for ml_prediction_pipeline to 2026-01-31 00:00:00+00:00, run_after=2026-02-01 00:00:00+00:00
[2026-02-01T19:37:14.795+0000] {processor.py:183} INFO - Processing /opt/airflow/dags/predict.py took 4.213 seconds
[2026-02-01T19:37:45.227+0000] {processor.py:161} INFO - Started process (PID=26147) to work on /opt/airflow/dags/predict.py
[2026-02-01T19:37:45.228+0000] {processor.py:830} INFO - Processing file /opt/airflow/dags/predict.py for tasks to queue
[2026-02-01T19:37:45.229+0000] {logging_mixin.py:188} INFO - [2026-02-01T19:37:45.229+0000] {dagbag.py:545} INFO - Filling up the DagBag from /opt/airflow/dags/predict.py
[2026-02-01T19:37:47.582+0000] {logging_mixin.py:188} WARNING - /opt/airflow/dags/predict.py:34 RemovedInAirflow3Warning: Function `days_ago` is deprecated and will be removed in Airflow 3.0. You can achieve equivalent behavior with `pendulum.today('UTC').add(days=-N, ...)`
[2026-02-01T19:37:47.583+0000] {logging_mixin.py:188} WARNING - /opt/airflow/dags/predict.py:29 RemovedInAirflow3Warning: Param `schedule_interval` is deprecated and will be removed in a future release. Please use `schedule` instead.
[2026-02-01T19:37:47.588+0000] {processor.py:840} INFO - DAG(s) 'ml_prediction_pipeline' retrieved from /opt/airflow/dags/predict.py
[2026-02-01T19:37:47.614+0000] {logging_mixin.py:188} INFO - [2026-02-01T19:37:47.614+0000] {dag.py:3096} INFO - Sync 1 DAGs
[2026-02-01T19:37:47.634+0000] {logging_mixin.py:188} INFO - [2026-02-01T19:37:47.633+0000] {dag.py:3954} INFO - Setting next_dagrun for ml_prediction_pipeline to 2026-01-31 00:00:00+00:00, run_after=2026-02-01 00:00:00+00:00
[2026-02-01T19:37:47.655+0000] {processor.py:183} INFO - Processing /opt/airflow/dags/predict.py took 2.433 seconds
[2026-02-01T19:38:18.056+0000] {processor.py:161} INFO - Started process (PID=26194) to work on /opt/airflow/dags/predict.py
[2026-02-01T19:38:18.058+0000] {processor.py:830} INFO - Processing file /opt/airflow/dags/predict.py for tasks to queue
[2026-02-01T19:38:18.060+0000] {logging_mixin.py:188} INFO - [2026-02-01T19:38:18.060+0000] {dagbag.py:545} INFO - Filling up the DagBag from /opt/airflow/dags/predict.py
[2026-02-01T19:38:20.747+0000] {logging_mixin.py:188} WARNING - /opt/airflow/dags/predict.py:34 RemovedInAirflow3Warning: Function `days_ago` is deprecated and will be removed in Airflow 3.0. You can achieve equivalent behavior with `pendulum.today('UTC').add(days=-N, ...)`
[2026-02-01T19:38:20.751+0000] {logging_mixin.py:188} WARNING - /opt/airflow/dags/predict.py:29 RemovedInAirflow3Warning: Param `schedule_interval` is deprecated and will be removed in a future release. Please use `schedule` instead.
[2026-02-01T19:38:20.766+0000] {processor.py:840} INFO - DAG(s) 'ml_prediction_pipeline' retrieved from /opt/airflow/dags/predict.py
[2026-02-01T19:38:20.804+0000] {logging_mixin.py:188} INFO - [2026-02-01T19:38:20.803+0000] {dag.py:3096} INFO - Sync 1 DAGs
[2026-02-01T19:38:20.829+0000] {logging_mixin.py:188} INFO - [2026-02-01T19:38:20.829+0000] {dag.py:3954} INFO - Setting next_dagrun for ml_prediction_pipeline to 2026-01-31 00:00:00+00:00, run_after=2026-02-01 00:00:00+00:00
[2026-02-01T19:38:20.858+0000] {processor.py:183} INFO - Processing /opt/airflow/dags/predict.py took 2.807 seconds
[2026-02-01T19:38:50.971+0000] {processor.py:161} INFO - Started process (PID=26241) to work on /opt/airflow/dags/predict.py
[2026-02-01T19:38:50.972+0000] {processor.py:830} INFO - Processing file /opt/airflow/dags/predict.py for tasks to queue
[2026-02-01T19:38:50.973+0000] {logging_mixin.py:188} INFO - [2026-02-01T19:38:50.973+0000] {dagbag.py:545} INFO - Filling up the DagBag from /opt/airflow/dags/predict.py
[2026-02-01T19:38:53.656+0000] {logging_mixin.py:188} WARNING - /opt/airflow/dags/predict.py:34 RemovedInAirflow3Warning: Function `days_ago` is deprecated and will be removed in Airflow 3.0. You can achieve equivalent behavior with `pendulum.today('UTC').add(days=-N, ...)`
[2026-02-01T19:38:53.657+0000] {logging_mixin.py:188} WARNING - /opt/airflow/dags/predict.py:29 RemovedInAirflow3Warning: Param `schedule_interval` is deprecated and will be removed in a future release. Please use `schedule` instead.
[2026-02-01T19:38:53.663+0000] {processor.py:840} INFO - DAG(s) 'ml_prediction_pipeline' retrieved from /opt/airflow/dags/predict.py
[2026-02-01T19:38:53.685+0000] {logging_mixin.py:188} INFO - [2026-02-01T19:38:53.684+0000] {dag.py:3096} INFO - Sync 1 DAGs
[2026-02-01T19:38:53.706+0000] {logging_mixin.py:188} INFO - [2026-02-01T19:38:53.706+0000] {dag.py:3954} INFO - Setting next_dagrun for ml_prediction_pipeline to 2026-01-31 00:00:00+00:00, run_after=2026-02-01 00:00:00+00:00
[2026-02-01T19:38:53.730+0000] {processor.py:183} INFO - Processing /opt/airflow/dags/predict.py took 2.769 seconds
[2026-02-01T19:39:23.800+0000] {processor.py:161} INFO - Started process (PID=26288) to work on /opt/airflow/dags/predict.py
[2026-02-01T19:39:23.803+0000] {processor.py:830} INFO - Processing file /opt/airflow/dags/predict.py for tasks to queue
[2026-02-01T19:39:23.805+0000] {logging_mixin.py:188} INFO - [2026-02-01T19:39:23.805+0000] {dagbag.py:545} INFO - Filling up the DagBag from /opt/airflow/dags/predict.py
[2026-02-01T19:39:26.678+0000] {logging_mixin.py:188} WARNING - /opt/airflow/dags/predict.py:34 RemovedInAirflow3Warning: Function `days_ago` is deprecated and will be removed in Airflow 3.0. You can achieve equivalent behavior with `pendulum.today('UTC').add(days=-N, ...)`
[2026-02-01T19:39:26.679+0000] {logging_mixin.py:188} WARNING - /opt/airflow/dags/predict.py:29 RemovedInAirflow3Warning: Param `schedule_interval` is deprecated and will be removed in a future release. Please use `schedule` instead.
[2026-02-01T19:39:26.685+0000] {processor.py:840} INFO - DAG(s) 'ml_prediction_pipeline' retrieved from /opt/airflow/dags/predict.py
[2026-02-01T19:39:26.714+0000] {logging_mixin.py:188} INFO - [2026-02-01T19:39:26.713+0000] {dag.py:3096} INFO - Sync 1 DAGs
[2026-02-01T19:39:26.732+0000] {logging_mixin.py:188} INFO - [2026-02-01T19:39:26.732+0000] {dag.py:3954} INFO - Setting next_dagrun for ml_prediction_pipeline to 2026-01-31 00:00:00+00:00, run_after=2026-02-01 00:00:00+00:00
[2026-02-01T19:39:26.849+0000] {processor.py:183} INFO - Processing /opt/airflow/dags/predict.py took 3.055 seconds
[2026-02-01T19:39:56.931+0000] {processor.py:161} INFO - Started process (PID=26335) to work on /opt/airflow/dags/predict.py
[2026-02-01T19:39:56.932+0000] {processor.py:830} INFO - Processing file /opt/airflow/dags/predict.py for tasks to queue
[2026-02-01T19:39:56.934+0000] {logging_mixin.py:188} INFO - [2026-02-01T19:39:56.934+0000] {dagbag.py:545} INFO - Filling up the DagBag from /opt/airflow/dags/predict.py
[2026-02-01T19:39:59.727+0000] {logging_mixin.py:188} WARNING - /opt/airflow/dags/predict.py:34 RemovedInAirflow3Warning: Function `days_ago` is deprecated and will be removed in Airflow 3.0. You can achieve equivalent behavior with `pendulum.today('UTC').add(days=-N, ...)`
[2026-02-01T19:39:59.731+0000] {logging_mixin.py:188} WARNING - /opt/airflow/dags/predict.py:29 RemovedInAirflow3Warning: Param `schedule_interval` is deprecated and will be removed in a future release. Please use `schedule` instead.
[2026-02-01T19:39:59.736+0000] {processor.py:840} INFO - DAG(s) 'ml_prediction_pipeline' retrieved from /opt/airflow/dags/predict.py
[2026-02-01T19:39:59.763+0000] {logging_mixin.py:188} INFO - [2026-02-01T19:39:59.763+0000] {dag.py:3096} INFO - Sync 1 DAGs
[2026-02-01T19:39:59.787+0000] {logging_mixin.py:188} INFO - [2026-02-01T19:39:59.787+0000] {dag.py:3954} INFO - Setting next_dagrun for ml_prediction_pipeline to 2026-01-31 00:00:00+00:00, run_after=2026-02-01 00:00:00+00:00
[2026-02-01T19:39:59.922+0000] {processor.py:183} INFO - Processing /opt/airflow/dags/predict.py took 2.998 seconds
[2026-02-01T19:40:30.434+0000] {processor.py:161} INFO - Started process (PID=26382) to work on /opt/airflow/dags/predict.py
[2026-02-01T19:40:30.434+0000] {processor.py:830} INFO - Processing file /opt/airflow/dags/predict.py for tasks to queue
[2026-02-01T19:40:30.436+0000] {logging_mixin.py:188} INFO - [2026-02-01T19:40:30.436+0000] {dagbag.py:545} INFO - Filling up the DagBag from /opt/airflow/dags/predict.py
[2026-02-01T19:40:33.410+0000] {logging_mixin.py:188} WARNING - /opt/airflow/dags/predict.py:34 RemovedInAirflow3Warning: Function `days_ago` is deprecated and will be removed in Airflow 3.0. You can achieve equivalent behavior with `pendulum.today('UTC').add(days=-N, ...)`
[2026-02-01T19:40:33.411+0000] {logging_mixin.py:188} WARNING - /opt/airflow/dags/predict.py:29 RemovedInAirflow3Warning: Param `schedule_interval` is deprecated and will be removed in a future release. Please use `schedule` instead.
[2026-02-01T19:40:33.416+0000] {processor.py:840} INFO - DAG(s) 'ml_prediction_pipeline' retrieved from /opt/airflow/dags/predict.py
[2026-02-01T19:40:33.439+0000] {logging_mixin.py:188} INFO - [2026-02-01T19:40:33.438+0000] {dag.py:3096} INFO - Sync 1 DAGs
[2026-02-01T19:40:33.455+0000] {logging_mixin.py:188} INFO - [2026-02-01T19:40:33.455+0000] {dag.py:3954} INFO - Setting next_dagrun for ml_prediction_pipeline to 2026-01-31 00:00:00+00:00, run_after=2026-02-01 00:00:00+00:00
[2026-02-01T19:40:33.472+0000] {processor.py:183} INFO - Processing /opt/airflow/dags/predict.py took 3.044 seconds
[2026-02-01T19:41:03.664+0000] {processor.py:161} INFO - Started process (PID=26429) to work on /opt/airflow/dags/predict.py
[2026-02-01T19:41:03.666+0000] {processor.py:830} INFO - Processing file /opt/airflow/dags/predict.py for tasks to queue
[2026-02-01T19:41:03.668+0000] {logging_mixin.py:188} INFO - [2026-02-01T19:41:03.668+0000] {dagbag.py:545} INFO - Filling up the DagBag from /opt/airflow/dags/predict.py
[2026-02-01T19:41:06.737+0000] {logging_mixin.py:188} WARNING - /opt/airflow/dags/predict.py:34 RemovedInAirflow3Warning: Function `days_ago` is deprecated and will be removed in Airflow 3.0. You can achieve equivalent behavior with `pendulum.today('UTC').add(days=-N, ...)`
[2026-02-01T19:41:06.738+0000] {logging_mixin.py:188} WARNING - /opt/airflow/dags/predict.py:29 RemovedInAirflow3Warning: Param `schedule_interval` is deprecated and will be removed in a future release. Please use `schedule` instead.
[2026-02-01T19:41:06.744+0000] {processor.py:840} INFO - DAG(s) 'ml_prediction_pipeline' retrieved from /opt/airflow/dags/predict.py
[2026-02-01T19:41:06.776+0000] {logging_mixin.py:188} INFO - [2026-02-01T19:41:06.775+0000] {dag.py:3096} INFO - Sync 1 DAGs
[2026-02-01T19:41:06.803+0000] {logging_mixin.py:188} INFO - [2026-02-01T19:41:06.803+0000] {dag.py:3954} INFO - Setting next_dagrun for ml_prediction_pipeline to 2026-01-31 00:00:00+00:00, run_after=2026-02-01 00:00:00+00:00
[2026-02-01T19:41:06.834+0000] {processor.py:183} INFO - Processing /opt/airflow/dags/predict.py took 3.176 seconds
[2026-02-01T19:41:37.169+0000] {processor.py:161} INFO - Started process (PID=26471) to work on /opt/airflow/dags/predict.py
[2026-02-01T19:41:37.171+0000] {processor.py:830} INFO - Processing file /opt/airflow/dags/predict.py for tasks to queue
[2026-02-01T19:41:37.173+0000] {logging_mixin.py:188} INFO - [2026-02-01T19:41:37.172+0000] {dagbag.py:545} INFO - Filling up the DagBag from /opt/airflow/dags/predict.py
[2026-02-01T19:41:41.500+0000] {logging_mixin.py:188} WARNING - /opt/airflow/dags/predict.py:34 RemovedInAirflow3Warning: Function `days_ago` is deprecated and will be removed in Airflow 3.0. You can achieve equivalent behavior with `pendulum.today('UTC').add(days=-N, ...)`
[2026-02-01T19:41:41.502+0000] {logging_mixin.py:188} WARNING - /opt/airflow/dags/predict.py:29 RemovedInAirflow3Warning: Param `schedule_interval` is deprecated and will be removed in a future release. Please use `schedule` instead.
[2026-02-01T19:41:41.511+0000] {processor.py:840} INFO - DAG(s) 'ml_prediction_pipeline' retrieved from /opt/airflow/dags/predict.py
[2026-02-01T19:41:41.548+0000] {logging_mixin.py:188} INFO - [2026-02-01T19:41:41.547+0000] {dag.py:3096} INFO - Sync 1 DAGs
[2026-02-01T19:41:41.581+0000] {logging_mixin.py:188} INFO - [2026-02-01T19:41:41.580+0000] {dag.py:3954} INFO - Setting next_dagrun for ml_prediction_pipeline to 2026-01-31 00:00:00+00:00, run_after=2026-02-01 00:00:00+00:00
[2026-02-01T19:41:41.610+0000] {processor.py:183} INFO - Processing /opt/airflow/dags/predict.py took 4.452 seconds
[2026-02-01T19:42:12.140+0000] {processor.py:161} INFO - Started process (PID=26507) to work on /opt/airflow/dags/predict.py
[2026-02-01T19:42:12.141+0000] {processor.py:830} INFO - Processing file /opt/airflow/dags/predict.py for tasks to queue
[2026-02-01T19:42:12.144+0000] {logging_mixin.py:188} INFO - [2026-02-01T19:42:12.143+0000] {dagbag.py:545} INFO - Filling up the DagBag from /opt/airflow/dags/predict.py
[2026-02-01T19:42:15.426+0000] {logging_mixin.py:188} WARNING - /opt/airflow/dags/predict.py:34 RemovedInAirflow3Warning: Function `days_ago` is deprecated and will be removed in Airflow 3.0. You can achieve equivalent behavior with `pendulum.today('UTC').add(days=-N, ...)`
[2026-02-01T19:42:15.428+0000] {logging_mixin.py:188} WARNING - /opt/airflow/dags/predict.py:29 RemovedInAirflow3Warning: Param `schedule_interval` is deprecated and will be removed in a future release. Please use `schedule` instead.
[2026-02-01T19:42:15.436+0000] {processor.py:840} INFO - DAG(s) 'ml_prediction_pipeline' retrieved from /opt/airflow/dags/predict.py
[2026-02-01T19:42:15.478+0000] {logging_mixin.py:188} INFO - [2026-02-01T19:42:15.477+0000] {dag.py:3096} INFO - Sync 1 DAGs
[2026-02-01T19:42:15.508+0000] {logging_mixin.py:188} INFO - [2026-02-01T19:42:15.507+0000] {dag.py:3954} INFO - Setting next_dagrun for ml_prediction_pipeline to 2026-01-31 00:00:00+00:00, run_after=2026-02-01 00:00:00+00:00
[2026-02-01T19:42:15.548+0000] {processor.py:183} INFO - Processing /opt/airflow/dags/predict.py took 3.419 seconds
[2026-02-01T19:42:46.458+0000] {processor.py:161} INFO - Started process (PID=26553) to work on /opt/airflow/dags/predict.py
[2026-02-01T19:42:46.461+0000] {processor.py:830} INFO - Processing file /opt/airflow/dags/predict.py for tasks to queue
[2026-02-01T19:42:46.466+0000] {logging_mixin.py:188} INFO - [2026-02-01T19:42:46.465+0000] {dagbag.py:545} INFO - Filling up the DagBag from /opt/airflow/dags/predict.py
[2026-02-01T19:42:49.761+0000] {logging_mixin.py:188} WARNING - /opt/airflow/dags/predict.py:34 RemovedInAirflow3Warning: Function `days_ago` is deprecated and will be removed in Airflow 3.0. You can achieve equivalent behavior with `pendulum.today('UTC').add(days=-N, ...)`
[2026-02-01T19:42:49.762+0000] {logging_mixin.py:188} WARNING - /opt/airflow/dags/predict.py:29 RemovedInAirflow3Warning: Param `schedule_interval` is deprecated and will be removed in a future release. Please use `schedule` instead.
[2026-02-01T19:42:49.768+0000] {processor.py:840} INFO - DAG(s) 'ml_prediction_pipeline' retrieved from /opt/airflow/dags/predict.py
[2026-02-01T19:42:49.814+0000] {logging_mixin.py:188} INFO - [2026-02-01T19:42:49.814+0000] {dag.py:3096} INFO - Sync 1 DAGs
[2026-02-01T19:42:49.844+0000] {logging_mixin.py:188} INFO - [2026-02-01T19:42:49.844+0000] {dag.py:3954} INFO - Setting next_dagrun for ml_prediction_pipeline to 2026-01-31 00:00:00+00:00, run_after=2026-02-01 00:00:00+00:00
[2026-02-01T19:42:49.870+0000] {processor.py:183} INFO - Processing /opt/airflow/dags/predict.py took 3.421 seconds
[2026-02-01T19:43:20.579+0000] {processor.py:161} INFO - Started process (PID=26599) to work on /opt/airflow/dags/predict.py
[2026-02-01T19:43:20.579+0000] {processor.py:830} INFO - Processing file /opt/airflow/dags/predict.py for tasks to queue
[2026-02-01T19:43:20.581+0000] {logging_mixin.py:188} INFO - [2026-02-01T19:43:20.581+0000] {dagbag.py:545} INFO - Filling up the DagBag from /opt/airflow/dags/predict.py
[2026-02-01T19:43:23.809+0000] {logging_mixin.py:188} WARNING - /opt/airflow/dags/predict.py:34 RemovedInAirflow3Warning: Function `days_ago` is deprecated and will be removed in Airflow 3.0. You can achieve equivalent behavior with `pendulum.today('UTC').add(days=-N, ...)`
[2026-02-01T19:43:23.810+0000] {logging_mixin.py:188} WARNING - /opt/airflow/dags/predict.py:29 RemovedInAirflow3Warning: Param `schedule_interval` is deprecated and will be removed in a future release. Please use `schedule` instead.
[2026-02-01T19:43:23.816+0000] {processor.py:840} INFO - DAG(s) 'ml_prediction_pipeline' retrieved from /opt/airflow/dags/predict.py
[2026-02-01T19:43:23.855+0000] {logging_mixin.py:188} INFO - [2026-02-01T19:43:23.855+0000] {dag.py:3096} INFO - Sync 1 DAGs
[2026-02-01T19:43:27.669+0000] {logging_mixin.py:188} INFO - [2026-02-01T19:43:27.669+0000] {dag.py:3954} INFO - Setting next_dagrun for ml_prediction_pipeline to 2026-01-31 00:00:00+00:00, run_after=2026-02-01 00:00:00+00:00
[2026-02-01T19:43:27.700+0000] {processor.py:183} INFO - Processing /opt/airflow/dags/predict.py took 3.810 seconds
[2026-02-01T19:44:01.172+0000] {processor.py:161} INFO - Started process (PID=26652) to work on /opt/airflow/dags/predict.py
[2026-02-01T19:44:01.175+0000] {processor.py:830} INFO - Processing file /opt/airflow/dags/predict.py for tasks to queue
[2026-02-01T19:44:01.178+0000] {logging_mixin.py:188} INFO - [2026-02-01T19:44:01.177+0000] {dagbag.py:545} INFO - Filling up the DagBag from /opt/airflow/dags/predict.py
[2026-02-01T19:44:05.073+0000] {logging_mixin.py:188} WARNING - /opt/airflow/dags/predict.py:34 RemovedInAirflow3Warning: Function `days_ago` is deprecated and will be removed in Airflow 3.0. You can achieve equivalent behavior with `pendulum.today('UTC').add(days=-N, ...)`
[2026-02-01T19:44:05.075+0000] {logging_mixin.py:188} WARNING - /opt/airflow/dags/predict.py:29 RemovedInAirflow3Warning: Param `schedule_interval` is deprecated and will be removed in a future release. Please use `schedule` instead.
[2026-02-01T19:44:05.083+0000] {processor.py:840} INFO - DAG(s) 'ml_prediction_pipeline' retrieved from /opt/airflow/dags/predict.py
[2026-02-01T19:44:05.121+0000] {logging_mixin.py:188} INFO - [2026-02-01T19:44:05.120+0000] {dag.py:3096} INFO - Sync 1 DAGs
[2026-02-01T19:44:05.152+0000] {logging_mixin.py:188} INFO - [2026-02-01T19:44:05.152+0000] {dag.py:3954} INFO - Setting next_dagrun for ml_prediction_pipeline to 2026-01-31 00:00:00+00:00, run_after=2026-02-01 00:00:00+00:00
[2026-02-01T19:44:05.184+0000] {processor.py:183} INFO - Processing /opt/airflow/dags/predict.py took 4.019 seconds
[2026-02-01T19:44:35.249+0000] {processor.py:161} INFO - Started process (PID=26696) to work on /opt/airflow/dags/predict.py
[2026-02-01T19:44:35.250+0000] {processor.py:830} INFO - Processing file /opt/airflow/dags/predict.py for tasks to queue
[2026-02-01T19:44:35.252+0000] {logging_mixin.py:188} INFO - [2026-02-01T19:44:35.251+0000] {dagbag.py:545} INFO - Filling up the DagBag from /opt/airflow/dags/predict.py
[2026-02-01T19:44:37.810+0000] {logging_mixin.py:188} WARNING - /opt/airflow/dags/predict.py:34 RemovedInAirflow3Warning: Function `days_ago` is deprecated and will be removed in Airflow 3.0. You can achieve equivalent behavior with `pendulum.today('UTC').add(days=-N, ...)`
[2026-02-01T19:44:37.812+0000] {logging_mixin.py:188} WARNING - /opt/airflow/dags/predict.py:29 RemovedInAirflow3Warning: Param `schedule_interval` is deprecated and will be removed in a future release. Please use `schedule` instead.
[2026-02-01T19:44:37.820+0000] {processor.py:840} INFO - DAG(s) 'ml_prediction_pipeline' retrieved from /opt/airflow/dags/predict.py
[2026-02-01T19:44:37.855+0000] {logging_mixin.py:188} INFO - [2026-02-01T19:44:37.855+0000] {dag.py:3096} INFO - Sync 1 DAGs
[2026-02-01T19:44:37.879+0000] {logging_mixin.py:188} INFO - [2026-02-01T19:44:37.878+0000] {dag.py:3954} INFO - Setting next_dagrun for ml_prediction_pipeline to 2026-01-31 00:00:00+00:00, run_after=2026-02-01 00:00:00+00:00
[2026-02-01T19:44:37.906+0000] {processor.py:183} INFO - Processing /opt/airflow/dags/predict.py took 2.661 seconds
[2026-02-01T19:45:08.201+0000] {processor.py:161} INFO - Started process (PID=26743) to work on /opt/airflow/dags/predict.py
[2026-02-01T19:45:08.203+0000] {processor.py:830} INFO - Processing file /opt/airflow/dags/predict.py for tasks to queue
[2026-02-01T19:45:08.205+0000] {logging_mixin.py:188} INFO - [2026-02-01T19:45:08.205+0000] {dagbag.py:545} INFO - Filling up the DagBag from /opt/airflow/dags/predict.py
[2026-02-01T19:45:10.500+0000] {logging_mixin.py:188} WARNING - /opt/airflow/dags/predict.py:34 RemovedInAirflow3Warning: Function `days_ago` is deprecated and will be removed in Airflow 3.0. You can achieve equivalent behavior with `pendulum.today('UTC').add(days=-N, ...)`
[2026-02-01T19:45:10.501+0000] {logging_mixin.py:188} WARNING - /opt/airflow/dags/predict.py:29 RemovedInAirflow3Warning: Param `schedule_interval` is deprecated and will be removed in a future release. Please use `schedule` instead.
[2026-02-01T19:45:10.506+0000] {processor.py:840} INFO - DAG(s) 'ml_prediction_pipeline' retrieved from /opt/airflow/dags/predict.py
[2026-02-01T19:45:10.535+0000] {logging_mixin.py:188} INFO - [2026-02-01T19:45:10.534+0000] {dag.py:3096} INFO - Sync 1 DAGs
[2026-02-01T19:45:10.553+0000] {logging_mixin.py:188} INFO - [2026-02-01T19:45:10.553+0000] {dag.py:3954} INFO - Setting next_dagrun for ml_prediction_pipeline to 2026-01-31 00:00:00+00:00, run_after=2026-02-01 00:00:00+00:00
[2026-02-01T19:45:10.573+0000] {processor.py:183} INFO - Processing /opt/airflow/dags/predict.py took 2.376 seconds
[2026-02-01T19:45:41.502+0000] {processor.py:161} INFO - Started process (PID=26791) to work on /opt/airflow/dags/predict.py
[2026-02-01T19:45:41.503+0000] {processor.py:830} INFO - Processing file /opt/airflow/dags/predict.py for tasks to queue
[2026-02-01T19:45:41.505+0000] {logging_mixin.py:188} INFO - [2026-02-01T19:45:41.504+0000] {dagbag.py:545} INFO - Filling up the DagBag from /opt/airflow/dags/predict.py
[2026-02-01T19:45:44.445+0000] {logging_mixin.py:188} WARNING - /opt/airflow/dags/predict.py:34 RemovedInAirflow3Warning: Function `days_ago` is deprecated and will be removed in Airflow 3.0. You can achieve equivalent behavior with `pendulum.today('UTC').add(days=-N, ...)`
[2026-02-01T19:45:44.446+0000] {logging_mixin.py:188} WARNING - /opt/airflow/dags/predict.py:29 RemovedInAirflow3Warning: Param `schedule_interval` is deprecated and will be removed in a future release. Please use `schedule` instead.
[2026-02-01T19:45:44.452+0000] {processor.py:840} INFO - DAG(s) 'ml_prediction_pipeline' retrieved from /opt/airflow/dags/predict.py
[2026-02-01T19:45:44.482+0000] {logging_mixin.py:188} INFO - [2026-02-01T19:45:44.481+0000] {dag.py:3096} INFO - Sync 1 DAGs
[2026-02-01T19:45:44.504+0000] {logging_mixin.py:188} INFO - [2026-02-01T19:45:44.503+0000] {dag.py:3954} INFO - Setting next_dagrun for ml_prediction_pipeline to 2026-01-31 00:00:00+00:00, run_after=2026-02-01 00:00:00+00:00
[2026-02-01T19:45:44.527+0000] {processor.py:183} INFO - Processing /opt/airflow/dags/predict.py took 3.032 seconds
[2026-02-01T19:46:14.646+0000] {processor.py:161} INFO - Started process (PID=26838) to work on /opt/airflow/dags/predict.py
[2026-02-01T19:46:14.648+0000] {processor.py:830} INFO - Processing file /opt/airflow/dags/predict.py for tasks to queue
[2026-02-01T19:46:14.650+0000] {logging_mixin.py:188} INFO - [2026-02-01T19:46:14.649+0000] {dagbag.py:545} INFO - Filling up the DagBag from /opt/airflow/dags/predict.py
[2026-02-01T19:46:17.330+0000] {logging_mixin.py:188} WARNING - /opt/airflow/dags/predict.py:34 RemovedInAirflow3Warning: Function `days_ago` is deprecated and will be removed in Airflow 3.0. You can achieve equivalent behavior with `pendulum.today('UTC').add(days=-N, ...)`
[2026-02-01T19:46:17.330+0000] {logging_mixin.py:188} WARNING - /opt/airflow/dags/predict.py:29 RemovedInAirflow3Warning: Param `schedule_interval` is deprecated and will be removed in a future release. Please use `schedule` instead.
[2026-02-01T19:46:17.335+0000] {processor.py:840} INFO - DAG(s) 'ml_prediction_pipeline' retrieved from /opt/airflow/dags/predict.py
[2026-02-01T19:46:17.361+0000] {logging_mixin.py:188} INFO - [2026-02-01T19:46:17.361+0000] {dag.py:3096} INFO - Sync 1 DAGs
[2026-02-01T19:46:17.382+0000] {logging_mixin.py:188} INFO - [2026-02-01T19:46:17.382+0000] {dag.py:3954} INFO - Setting next_dagrun for ml_prediction_pipeline to 2026-01-31 00:00:00+00:00, run_after=2026-02-01 00:00:00+00:00
[2026-02-01T19:46:17.514+0000] {processor.py:183} INFO - Processing /opt/airflow/dags/predict.py took 2.876 seconds
[2026-02-01T19:46:48.013+0000] {processor.py:161} INFO - Started process (PID=26885) to work on /opt/airflow/dags/predict.py
[2026-02-01T19:46:48.014+0000] {processor.py:830} INFO - Processing file /opt/airflow/dags/predict.py for tasks to queue
[2026-02-01T19:46:48.015+0000] {logging_mixin.py:188} INFO - [2026-02-01T19:46:48.015+0000] {dagbag.py:545} INFO - Filling up the DagBag from /opt/airflow/dags/predict.py
[2026-02-01T19:46:50.578+0000] {logging_mixin.py:188} WARNING - /opt/airflow/dags/predict.py:34 RemovedInAirflow3Warning: Function `days_ago` is deprecated and will be removed in Airflow 3.0. You can achieve equivalent behavior with `pendulum.today('UTC').add(days=-N, ...)`
[2026-02-01T19:46:50.579+0000] {logging_mixin.py:188} WARNING - /opt/airflow/dags/predict.py:29 RemovedInAirflow3Warning: Param `schedule_interval` is deprecated and will be removed in a future release. Please use `schedule` instead.
[2026-02-01T19:46:50.585+0000] {processor.py:840} INFO - DAG(s) 'ml_prediction_pipeline' retrieved from /opt/airflow/dags/predict.py
[2026-02-01T19:46:50.615+0000] {logging_mixin.py:188} INFO - [2026-02-01T19:46:50.614+0000] {dag.py:3096} INFO - Sync 1 DAGs
[2026-02-01T19:46:50.641+0000] {logging_mixin.py:188} INFO - [2026-02-01T19:46:50.640+0000] {dag.py:3954} INFO - Setting next_dagrun for ml_prediction_pipeline to 2026-01-31 00:00:00+00:00, run_after=2026-02-01 00:00:00+00:00
[2026-02-01T19:46:50.669+0000] {processor.py:183} INFO - Processing /opt/airflow/dags/predict.py took 2.663 seconds
[2026-02-01T19:47:21.152+0000] {processor.py:161} INFO - Started process (PID=26932) to work on /opt/airflow/dags/predict.py
[2026-02-01T19:47:21.154+0000] {processor.py:830} INFO - Processing file /opt/airflow/dags/predict.py for tasks to queue
[2026-02-01T19:47:21.156+0000] {logging_mixin.py:188} INFO - [2026-02-01T19:47:21.155+0000] {dagbag.py:545} INFO - Filling up the DagBag from /opt/airflow/dags/predict.py
[2026-02-01T19:47:25.301+0000] {logging_mixin.py:188} WARNING - /opt/airflow/dags/predict.py:34 RemovedInAirflow3Warning: Function `days_ago` is deprecated and will be removed in Airflow 3.0. You can achieve equivalent behavior with `pendulum.today('UTC').add(days=-N, ...)`
[2026-02-01T19:47:25.302+0000] {logging_mixin.py:188} WARNING - /opt/airflow/dags/predict.py:29 RemovedInAirflow3Warning: Param `schedule_interval` is deprecated and will be removed in a future release. Please use `schedule` instead.
[2026-02-01T19:47:25.308+0000] {processor.py:840} INFO - DAG(s) 'ml_prediction_pipeline' retrieved from /opt/airflow/dags/predict.py
[2026-02-01T19:47:25.345+0000] {logging_mixin.py:188} INFO - [2026-02-01T19:47:25.344+0000] {dag.py:3096} INFO - Sync 1 DAGs
[2026-02-01T19:47:25.376+0000] {logging_mixin.py:188} INFO - [2026-02-01T19:47:25.376+0000] {dag.py:3954} INFO - Setting next_dagrun for ml_prediction_pipeline to 2026-01-31 00:00:00+00:00, run_after=2026-02-01 00:00:00+00:00
[2026-02-01T19:47:25.409+0000] {processor.py:183} INFO - Processing /opt/airflow/dags/predict.py took 4.264 seconds
[2026-02-01T19:47:55.530+0000] {processor.py:161} INFO - Started process (PID=26985) to work on /opt/airflow/dags/predict.py
[2026-02-01T19:47:55.531+0000] {processor.py:830} INFO - Processing file /opt/airflow/dags/predict.py for tasks to queue
[2026-02-01T19:47:55.533+0000] {logging_mixin.py:188} INFO - [2026-02-01T19:47:55.533+0000] {dagbag.py:545} INFO - Filling up the DagBag from /opt/airflow/dags/predict.py
[2026-02-01T19:47:59.219+0000] {logging_mixin.py:188} WARNING - /opt/airflow/dags/predict.py:34 RemovedInAirflow3Warning: Function `days_ago` is deprecated and will be removed in Airflow 3.0. You can achieve equivalent behavior with `pendulum.today('UTC').add(days=-N, ...)`
[2026-02-01T19:47:59.221+0000] {logging_mixin.py:188} WARNING - /opt/airflow/dags/predict.py:29 RemovedInAirflow3Warning: Param `schedule_interval` is deprecated and will be removed in a future release. Please use `schedule` instead.
[2026-02-01T19:47:59.232+0000] {processor.py:840} INFO - DAG(s) 'ml_prediction_pipeline' retrieved from /opt/airflow/dags/predict.py
[2026-02-01T19:47:59.283+0000] {logging_mixin.py:188} INFO - [2026-02-01T19:47:59.282+0000] {dag.py:3096} INFO - Sync 1 DAGs
[2026-02-01T19:47:59.312+0000] {logging_mixin.py:188} INFO - [2026-02-01T19:47:59.312+0000] {dag.py:3954} INFO - Setting next_dagrun for ml_prediction_pipeline to 2026-01-31 00:00:00+00:00, run_after=2026-02-01 00:00:00+00:00
[2026-02-01T19:47:59.345+0000] {processor.py:183} INFO - Processing /opt/airflow/dags/predict.py took 3.823 seconds
[2026-02-01T19:48:29.460+0000] {processor.py:161} INFO - Started process (PID=27032) to work on /opt/airflow/dags/predict.py
[2026-02-01T19:48:29.463+0000] {processor.py:830} INFO - Processing file /opt/airflow/dags/predict.py for tasks to queue
[2026-02-01T19:48:29.465+0000] {logging_mixin.py:188} INFO - [2026-02-01T19:48:29.464+0000] {dagbag.py:545} INFO - Filling up the DagBag from /opt/airflow/dags/predict.py
[2026-02-01T19:48:33.254+0000] {logging_mixin.py:188} WARNING - /opt/airflow/dags/predict.py:34 RemovedInAirflow3Warning: Function `days_ago` is deprecated and will be removed in Airflow 3.0. You can achieve equivalent behavior with `pendulum.today('UTC').add(days=-N, ...)`
[2026-02-01T19:48:33.256+0000] {logging_mixin.py:188} WARNING - /opt/airflow/dags/predict.py:29 RemovedInAirflow3Warning: Param `schedule_interval` is deprecated and will be removed in a future release. Please use `schedule` instead.
[2026-02-01T19:48:33.267+0000] {processor.py:840} INFO - DAG(s) 'ml_prediction_pipeline' retrieved from /opt/airflow/dags/predict.py
[2026-02-01T19:48:33.307+0000] {logging_mixin.py:188} INFO - [2026-02-01T19:48:33.306+0000] {dag.py:3096} INFO - Sync 1 DAGs
[2026-02-01T19:48:33.341+0000] {logging_mixin.py:188} INFO - [2026-02-01T19:48:33.340+0000] {dag.py:3954} INFO - Setting next_dagrun for ml_prediction_pipeline to 2026-01-31 00:00:00+00:00, run_after=2026-02-01 00:00:00+00:00
[2026-02-01T19:48:33.382+0000] {processor.py:183} INFO - Processing /opt/airflow/dags/predict.py took 3.929 seconds
[2026-02-01T19:49:03.856+0000] {processor.py:161} INFO - Started process (PID=27083) to work on /opt/airflow/dags/predict.py
[2026-02-01T19:49:03.859+0000] {processor.py:830} INFO - Processing file /opt/airflow/dags/predict.py for tasks to queue
[2026-02-01T19:49:03.864+0000] {logging_mixin.py:188} INFO - [2026-02-01T19:49:03.863+0000] {dagbag.py:545} INFO - Filling up the DagBag from /opt/airflow/dags/predict.py
[2026-02-01T19:49:08.440+0000] {logging_mixin.py:188} WARNING - /opt/airflow/dags/predict.py:34 RemovedInAirflow3Warning: Function `days_ago` is deprecated and will be removed in Airflow 3.0. You can achieve equivalent behavior with `pendulum.today('UTC').add(days=-N, ...)`
[2026-02-01T19:49:08.441+0000] {logging_mixin.py:188} WARNING - /opt/airflow/dags/predict.py:29 RemovedInAirflow3Warning: Param `schedule_interval` is deprecated and will be removed in a future release. Please use `schedule` instead.
[2026-02-01T19:49:08.448+0000] {processor.py:840} INFO - DAG(s) 'ml_prediction_pipeline' retrieved from /opt/airflow/dags/predict.py
[2026-02-01T19:49:08.480+0000] {logging_mixin.py:188} INFO - [2026-02-01T19:49:08.480+0000] {dag.py:3096} INFO - Sync 1 DAGs
[2026-02-01T19:49:08.508+0000] {logging_mixin.py:188} INFO - [2026-02-01T19:49:08.508+0000] {dag.py:3954} INFO - Setting next_dagrun for ml_prediction_pipeline to 2026-01-31 00:00:00+00:00, run_after=2026-02-01 00:00:00+00:00
[2026-02-01T19:49:08.642+0000] {processor.py:183} INFO - Processing /opt/airflow/dags/predict.py took 4.809 seconds
[2026-02-01T19:49:39.145+0000] {processor.py:161} INFO - Started process (PID=27130) to work on /opt/airflow/dags/predict.py
[2026-02-01T19:49:39.147+0000] {processor.py:830} INFO - Processing file /opt/airflow/dags/predict.py for tasks to queue
[2026-02-01T19:49:39.152+0000] {logging_mixin.py:188} INFO - [2026-02-01T19:49:39.152+0000] {dagbag.py:545} INFO - Filling up the DagBag from /opt/airflow/dags/predict.py
[2026-02-01T19:49:46.103+0000] {logging_mixin.py:188} WARNING - /opt/airflow/dags/predict.py:34 RemovedInAirflow3Warning: Function `days_ago` is deprecated and will be removed in Airflow 3.0. You can achieve equivalent behavior with `pendulum.today('UTC').add(days=-N, ...)`
[2026-02-01T19:49:46.105+0000] {logging_mixin.py:188} WARNING - /opt/airflow/dags/predict.py:29 RemovedInAirflow3Warning: Param `schedule_interval` is deprecated and will be removed in a future release. Please use `schedule` instead.
[2026-02-01T19:49:46.115+0000] {processor.py:840} INFO - DAG(s) 'ml_prediction_pipeline' retrieved from /opt/airflow/dags/predict.py
[2026-02-01T19:49:46.159+0000] {logging_mixin.py:188} INFO - [2026-02-01T19:49:46.158+0000] {dag.py:3096} INFO - Sync 1 DAGs
[2026-02-01T19:49:46.195+0000] {logging_mixin.py:188} INFO - [2026-02-01T19:49:46.195+0000] {dag.py:3954} INFO - Setting next_dagrun for ml_prediction_pipeline to 2026-01-31 00:00:00+00:00, run_after=2026-02-01 00:00:00+00:00
[2026-02-01T19:49:46.361+0000] {processor.py:183} INFO - Processing /opt/airflow/dags/predict.py took 7.225 seconds
[2026-02-01T19:50:16.572+0000] {processor.py:161} INFO - Started process (PID=27179) to work on /opt/airflow/dags/predict.py
[2026-02-01T19:50:16.573+0000] {processor.py:830} INFO - Processing file /opt/airflow/dags/predict.py for tasks to queue
[2026-02-01T19:50:16.575+0000] {logging_mixin.py:188} INFO - [2026-02-01T19:50:16.575+0000] {dagbag.py:545} INFO - Filling up the DagBag from /opt/airflow/dags/predict.py
[2026-02-01T19:50:19.591+0000] {logging_mixin.py:188} WARNING - /opt/airflow/dags/predict.py:34 RemovedInAirflow3Warning: Function `days_ago` is deprecated and will be removed in Airflow 3.0. You can achieve equivalent behavior with `pendulum.today('UTC').add(days=-N, ...)`
[2026-02-01T19:50:19.592+0000] {logging_mixin.py:188} WARNING - /opt/airflow/dags/predict.py:29 RemovedInAirflow3Warning: Param `schedule_interval` is deprecated and will be removed in a future release. Please use `schedule` instead.
[2026-02-01T19:50:19.598+0000] {processor.py:840} INFO - DAG(s) 'ml_prediction_pipeline' retrieved from /opt/airflow/dags/predict.py
[2026-02-01T19:50:19.625+0000] {logging_mixin.py:188} INFO - [2026-02-01T19:50:19.624+0000] {dag.py:3096} INFO - Sync 1 DAGs
[2026-02-01T19:50:19.753+0000] {logging_mixin.py:188} INFO - [2026-02-01T19:50:19.753+0000] {dag.py:3954} INFO - Setting next_dagrun for ml_prediction_pipeline to 2026-01-31 00:00:00+00:00, run_after=2026-02-01 00:00:00+00:00
[2026-02-01T19:50:19.779+0000] {processor.py:183} INFO - Processing /opt/airflow/dags/predict.py took 3.212 seconds
[2026-02-01T19:50:50.015+0000] {processor.py:161} INFO - Started process (PID=27226) to work on /opt/airflow/dags/predict.py
[2026-02-01T19:50:50.016+0000] {processor.py:830} INFO - Processing file /opt/airflow/dags/predict.py for tasks to queue
[2026-02-01T19:50:50.018+0000] {logging_mixin.py:188} INFO - [2026-02-01T19:50:50.017+0000] {dagbag.py:545} INFO - Filling up the DagBag from /opt/airflow/dags/predict.py
[2026-02-01T19:50:53.699+0000] {logging_mixin.py:188} WARNING - /opt/airflow/dags/predict.py:34 RemovedInAirflow3Warning: Function `days_ago` is deprecated and will be removed in Airflow 3.0. You can achieve equivalent behavior with `pendulum.today('UTC').add(days=-N, ...)`
[2026-02-01T19:50:53.703+0000] {logging_mixin.py:188} WARNING - /opt/airflow/dags/predict.py:29 RemovedInAirflow3Warning: Param `schedule_interval` is deprecated and will be removed in a future release. Please use `schedule` instead.
[2026-02-01T19:50:53.711+0000] {processor.py:840} INFO - DAG(s) 'ml_prediction_pipeline' retrieved from /opt/airflow/dags/predict.py
[2026-02-01T19:50:53.754+0000] {logging_mixin.py:188} INFO - [2026-02-01T19:50:53.754+0000] {dag.py:3096} INFO - Sync 1 DAGs
[2026-02-01T19:50:53.792+0000] {logging_mixin.py:188} INFO - [2026-02-01T19:50:53.791+0000] {dag.py:3954} INFO - Setting next_dagrun for ml_prediction_pipeline to 2026-01-31 00:00:00+00:00, run_after=2026-02-01 00:00:00+00:00
[2026-02-01T19:50:53.822+0000] {processor.py:183} INFO - Processing /opt/airflow/dags/predict.py took 3.813 seconds
[2026-02-01T19:51:23.949+0000] {processor.py:161} INFO - Started process (PID=27273) to work on /opt/airflow/dags/predict.py
[2026-02-01T19:51:23.949+0000] {processor.py:830} INFO - Processing file /opt/airflow/dags/predict.py for tasks to queue
[2026-02-01T19:51:23.953+0000] {logging_mixin.py:188} INFO - [2026-02-01T19:51:23.952+0000] {dagbag.py:545} INFO - Filling up the DagBag from /opt/airflow/dags/predict.py
[2026-02-01T19:51:26.701+0000] {logging_mixin.py:188} WARNING - /opt/airflow/dags/predict.py:34 RemovedInAirflow3Warning: Function `days_ago` is deprecated and will be removed in Airflow 3.0. You can achieve equivalent behavior with `pendulum.today('UTC').add(days=-N, ...)`
[2026-02-01T19:51:26.703+0000] {logging_mixin.py:188} WARNING - /opt/airflow/dags/predict.py:29 RemovedInAirflow3Warning: Param `schedule_interval` is deprecated and will be removed in a future release. Please use `schedule` instead.
[2026-02-01T19:51:26.709+0000] {processor.py:840} INFO - DAG(s) 'ml_prediction_pipeline' retrieved from /opt/airflow/dags/predict.py
[2026-02-01T19:51:26.738+0000] {logging_mixin.py:188} INFO - [2026-02-01T19:51:26.737+0000] {dag.py:3096} INFO - Sync 1 DAGs
[2026-02-01T19:51:26.757+0000] {logging_mixin.py:188} INFO - [2026-02-01T19:51:26.756+0000] {dag.py:3954} INFO - Setting next_dagrun for ml_prediction_pipeline to 2026-01-31 00:00:00+00:00, run_after=2026-02-01 00:00:00+00:00
[2026-02-01T19:51:26.781+0000] {processor.py:183} INFO - Processing /opt/airflow/dags/predict.py took 2.839 seconds
[2026-02-01T19:51:56.932+0000] {processor.py:161} INFO - Started process (PID=27320) to work on /opt/airflow/dags/predict.py
[2026-02-01T19:51:56.934+0000] {processor.py:830} INFO - Processing file /opt/airflow/dags/predict.py for tasks to queue
[2026-02-01T19:51:56.937+0000] {logging_mixin.py:188} INFO - [2026-02-01T19:51:56.936+0000] {dagbag.py:545} INFO - Filling up the DagBag from /opt/airflow/dags/predict.py
[2026-02-01T19:52:00.232+0000] {logging_mixin.py:188} WARNING - /opt/airflow/dags/predict.py:34 RemovedInAirflow3Warning: Function `days_ago` is deprecated and will be removed in Airflow 3.0. You can achieve equivalent behavior with `pendulum.today('UTC').add(days=-N, ...)`
[2026-02-01T19:52:00.235+0000] {logging_mixin.py:188} WARNING - /opt/airflow/dags/predict.py:29 RemovedInAirflow3Warning: Param `schedule_interval` is deprecated and will be removed in a future release. Please use `schedule` instead.
[2026-02-01T19:52:00.251+0000] {processor.py:840} INFO - DAG(s) 'ml_prediction_pipeline' retrieved from /opt/airflow/dags/predict.py
[2026-02-01T19:52:00.293+0000] {logging_mixin.py:188} INFO - [2026-02-01T19:52:00.292+0000] {dag.py:3096} INFO - Sync 1 DAGs
[2026-02-01T19:52:00.326+0000] {logging_mixin.py:188} INFO - [2026-02-01T19:52:00.326+0000] {dag.py:3954} INFO - Setting next_dagrun for ml_prediction_pipeline to 2026-01-31 00:00:00+00:00, run_after=2026-02-01 00:00:00+00:00
[2026-02-01T19:52:00.359+0000] {processor.py:183} INFO - Processing /opt/airflow/dags/predict.py took 3.436 seconds
[2026-02-01T19:52:30.867+0000] {processor.py:161} INFO - Started process (PID=27362) to work on /opt/airflow/dags/predict.py
[2026-02-01T19:52:30.869+0000] {processor.py:830} INFO - Processing file /opt/airflow/dags/predict.py for tasks to queue
[2026-02-01T19:52:30.871+0000] {logging_mixin.py:188} INFO - [2026-02-01T19:52:30.870+0000] {dagbag.py:545} INFO - Filling up the DagBag from /opt/airflow/dags/predict.py
[2026-02-01T19:52:34.563+0000] {logging_mixin.py:188} WARNING - /opt/airflow/dags/predict.py:34 RemovedInAirflow3Warning: Function `days_ago` is deprecated and will be removed in Airflow 3.0. You can achieve equivalent behavior with `pendulum.today('UTC').add(days=-N, ...)`
[2026-02-01T19:52:34.567+0000] {logging_mixin.py:188} WARNING - /opt/airflow/dags/predict.py:29 RemovedInAirflow3Warning: Param `schedule_interval` is deprecated and will be removed in a future release. Please use `schedule` instead.
[2026-02-01T19:52:34.573+0000] {processor.py:840} INFO - DAG(s) 'ml_prediction_pipeline' retrieved from /opt/airflow/dags/predict.py
[2026-02-01T19:52:34.599+0000] {logging_mixin.py:188} INFO - [2026-02-01T19:52:34.599+0000] {dag.py:3096} INFO - Sync 1 DAGs
[2026-02-01T19:52:34.617+0000] {logging_mixin.py:188} INFO - [2026-02-01T19:52:34.617+0000] {dag.py:3954} INFO - Setting next_dagrun for ml_prediction_pipeline to 2026-01-31 00:00:00+00:00, run_after=2026-02-01 00:00:00+00:00
[2026-02-01T19:52:34.768+0000] {processor.py:183} INFO - Processing /opt/airflow/dags/predict.py took 3.908 seconds
[2026-02-01T19:53:05.636+0000] {processor.py:161} INFO - Started process (PID=27397) to work on /opt/airflow/dags/predict.py
[2026-02-01T19:53:05.640+0000] {processor.py:830} INFO - Processing file /opt/airflow/dags/predict.py for tasks to queue
[2026-02-01T19:53:05.644+0000] {logging_mixin.py:188} INFO - [2026-02-01T19:53:05.643+0000] {dagbag.py:545} INFO - Filling up the DagBag from /opt/airflow/dags/predict.py
[2026-02-01T19:53:14.856+0000] {logging_mixin.py:188} WARNING - /opt/airflow/dags/predict.py:34 RemovedInAirflow3Warning: Function `days_ago` is deprecated and will be removed in Airflow 3.0. You can achieve equivalent behavior with `pendulum.today('UTC').add(days=-N, ...)`
[2026-02-01T19:53:14.859+0000] {logging_mixin.py:188} WARNING - /opt/airflow/dags/predict.py:29 RemovedInAirflow3Warning: Param `schedule_interval` is deprecated and will be removed in a future release. Please use `schedule` instead.
[2026-02-01T19:53:14.866+0000] {processor.py:840} INFO - DAG(s) 'ml_prediction_pipeline' retrieved from /opt/airflow/dags/predict.py
[2026-02-01T19:53:14.912+0000] {logging_mixin.py:188} INFO - [2026-02-01T19:53:14.911+0000] {dag.py:3096} INFO - Sync 1 DAGs
[2026-02-01T19:53:15.135+0000] {logging_mixin.py:188} INFO - [2026-02-01T19:53:15.135+0000] {dag.py:3954} INFO - Setting next_dagrun for ml_prediction_pipeline to 2026-01-31 00:00:00+00:00, run_after=2026-02-01 00:00:00+00:00
[2026-02-01T19:53:15.176+0000] {processor.py:183} INFO - Processing /opt/airflow/dags/predict.py took 9.561 seconds
[2026-02-01T19:53:45.803+0000] {processor.py:161} INFO - Started process (PID=27440) to work on /opt/airflow/dags/predict.py
[2026-02-01T19:53:45.805+0000] {processor.py:830} INFO - Processing file /opt/airflow/dags/predict.py for tasks to queue
[2026-02-01T19:53:45.808+0000] {logging_mixin.py:188} INFO - [2026-02-01T19:53:45.808+0000] {dagbag.py:545} INFO - Filling up the DagBag from /opt/airflow/dags/predict.py
[2026-02-01T19:53:49.039+0000] {logging_mixin.py:188} WARNING - /opt/airflow/dags/predict.py:34 RemovedInAirflow3Warning: Function `days_ago` is deprecated and will be removed in Airflow 3.0. You can achieve equivalent behavior with `pendulum.today('UTC').add(days=-N, ...)`
[2026-02-01T19:53:49.040+0000] {logging_mixin.py:188} WARNING - /opt/airflow/dags/predict.py:29 RemovedInAirflow3Warning: Param `schedule_interval` is deprecated and will be removed in a future release. Please use `schedule` instead.
[2026-02-01T19:53:49.048+0000] {processor.py:840} INFO - DAG(s) 'ml_prediction_pipeline' retrieved from /opt/airflow/dags/predict.py
[2026-02-01T19:53:49.083+0000] {logging_mixin.py:188} INFO - [2026-02-01T19:53:49.083+0000] {dag.py:3096} INFO - Sync 1 DAGs
[2026-02-01T19:53:49.245+0000] {logging_mixin.py:188} INFO - [2026-02-01T19:53:49.244+0000] {dag.py:3954} INFO - Setting next_dagrun for ml_prediction_pipeline to 2026-01-31 00:00:00+00:00, run_after=2026-02-01 00:00:00+00:00
[2026-02-01T19:53:49.279+0000] {processor.py:183} INFO - Processing /opt/airflow/dags/predict.py took 3.485 seconds
[2026-02-01T19:54:19.992+0000] {processor.py:161} INFO - Started process (PID=27487) to work on /opt/airflow/dags/predict.py
[2026-02-01T19:54:19.993+0000] {processor.py:830} INFO - Processing file /opt/airflow/dags/predict.py for tasks to queue
[2026-02-01T19:54:19.994+0000] {logging_mixin.py:188} INFO - [2026-02-01T19:54:19.994+0000] {dagbag.py:545} INFO - Filling up the DagBag from /opt/airflow/dags/predict.py
[2026-02-01T19:54:22.814+0000] {logging_mixin.py:188} WARNING - /opt/airflow/dags/predict.py:34 RemovedInAirflow3Warning: Function `days_ago` is deprecated and will be removed in Airflow 3.0. You can achieve equivalent behavior with `pendulum.today('UTC').add(days=-N, ...)`
[2026-02-01T19:54:22.817+0000] {logging_mixin.py:188} WARNING - /opt/airflow/dags/predict.py:29 RemovedInAirflow3Warning: Param `schedule_interval` is deprecated and will be removed in a future release. Please use `schedule` instead.
[2026-02-01T19:54:22.825+0000] {processor.py:840} INFO - DAG(s) 'ml_prediction_pipeline' retrieved from /opt/airflow/dags/predict.py
[2026-02-01T19:54:22.868+0000] {logging_mixin.py:188} INFO - [2026-02-01T19:54:22.867+0000] {dag.py:3096} INFO - Sync 1 DAGs
[2026-02-01T19:54:22.895+0000] {logging_mixin.py:188} INFO - [2026-02-01T19:54:22.895+0000] {dag.py:3954} INFO - Setting next_dagrun for ml_prediction_pipeline to 2026-01-31 00:00:00+00:00, run_after=2026-02-01 00:00:00+00:00
[2026-02-01T19:54:22.922+0000] {processor.py:183} INFO - Processing /opt/airflow/dags/predict.py took 2.936 seconds
[2026-02-01T19:54:53.042+0000] {processor.py:161} INFO - Started process (PID=27534) to work on /opt/airflow/dags/predict.py
[2026-02-01T19:54:53.044+0000] {processor.py:830} INFO - Processing file /opt/airflow/dags/predict.py for tasks to queue
[2026-02-01T19:54:53.046+0000] {logging_mixin.py:188} INFO - [2026-02-01T19:54:53.046+0000] {dagbag.py:545} INFO - Filling up the DagBag from /opt/airflow/dags/predict.py
[2026-02-01T19:54:56.311+0000] {logging_mixin.py:188} WARNING - /opt/airflow/dags/predict.py:34 RemovedInAirflow3Warning: Function `days_ago` is deprecated and will be removed in Airflow 3.0. You can achieve equivalent behavior with `pendulum.today('UTC').add(days=-N, ...)`
[2026-02-01T19:54:56.312+0000] {logging_mixin.py:188} WARNING - /opt/airflow/dags/predict.py:29 RemovedInAirflow3Warning: Param `schedule_interval` is deprecated and will be removed in a future release. Please use `schedule` instead.
[2026-02-01T19:54:56.317+0000] {processor.py:840} INFO - DAG(s) 'ml_prediction_pipeline' retrieved from /opt/airflow/dags/predict.py
[2026-02-01T19:54:56.341+0000] {logging_mixin.py:188} INFO - [2026-02-01T19:54:56.341+0000] {dag.py:3096} INFO - Sync 1 DAGs
[2026-02-01T19:54:56.359+0000] {logging_mixin.py:188} INFO - [2026-02-01T19:54:56.359+0000] {dag.py:3954} INFO - Setting next_dagrun for ml_prediction_pipeline to 2026-01-31 00:00:00+00:00, run_after=2026-02-01 00:00:00+00:00
[2026-02-01T19:54:56.377+0000] {processor.py:183} INFO - Processing /opt/airflow/dags/predict.py took 3.341 seconds
[2026-02-01T19:55:26.696+0000] {processor.py:161} INFO - Started process (PID=27581) to work on /opt/airflow/dags/predict.py
[2026-02-01T19:55:26.697+0000] {processor.py:830} INFO - Processing file /opt/airflow/dags/predict.py for tasks to queue
[2026-02-01T19:55:26.700+0000] {logging_mixin.py:188} INFO - [2026-02-01T19:55:26.699+0000] {dagbag.py:545} INFO - Filling up the DagBag from /opt/airflow/dags/predict.py
[2026-02-01T19:55:29.082+0000] {logging_mixin.py:188} WARNING - /opt/airflow/dags/predict.py:34 RemovedInAirflow3Warning: Function `days_ago` is deprecated and will be removed in Airflow 3.0. You can achieve equivalent behavior with `pendulum.today('UTC').add(days=-N, ...)`
[2026-02-01T19:55:29.086+0000] {logging_mixin.py:188} WARNING - /opt/airflow/dags/predict.py:29 RemovedInAirflow3Warning: Param `schedule_interval` is deprecated and will be removed in a future release. Please use `schedule` instead.
[2026-02-01T19:55:29.091+0000] {processor.py:840} INFO - DAG(s) 'ml_prediction_pipeline' retrieved from /opt/airflow/dags/predict.py
[2026-02-01T19:55:29.120+0000] {logging_mixin.py:188} INFO - [2026-02-01T19:55:29.120+0000] {dag.py:3096} INFO - Sync 1 DAGs
[2026-02-01T19:55:29.139+0000] {logging_mixin.py:188} INFO - [2026-02-01T19:55:29.139+0000] {dag.py:3954} INFO - Setting next_dagrun for ml_prediction_pipeline to 2026-01-31 00:00:00+00:00, run_after=2026-02-01 00:00:00+00:00
[2026-02-01T19:55:29.285+0000] {processor.py:183} INFO - Processing /opt/airflow/dags/predict.py took 2.594 seconds
[2026-02-01T19:56:00.184+0000] {processor.py:161} INFO - Started process (PID=27628) to work on /opt/airflow/dags/predict.py
[2026-02-01T19:56:00.187+0000] {processor.py:830} INFO - Processing file /opt/airflow/dags/predict.py for tasks to queue
[2026-02-01T19:56:00.189+0000] {logging_mixin.py:188} INFO - [2026-02-01T19:56:00.189+0000] {dagbag.py:545} INFO - Filling up the DagBag from /opt/airflow/dags/predict.py
[2026-02-01T19:56:03.460+0000] {logging_mixin.py:188} WARNING - /opt/airflow/dags/predict.py:34 RemovedInAirflow3Warning: Function `days_ago` is deprecated and will be removed in Airflow 3.0. You can achieve equivalent behavior with `pendulum.today('UTC').add(days=-N, ...)`
[2026-02-01T19:56:03.461+0000] {logging_mixin.py:188} WARNING - /opt/airflow/dags/predict.py:29 RemovedInAirflow3Warning: Param `schedule_interval` is deprecated and will be removed in a future release. Please use `schedule` instead.
[2026-02-01T19:56:03.465+0000] {processor.py:840} INFO - DAG(s) 'ml_prediction_pipeline' retrieved from /opt/airflow/dags/predict.py
[2026-02-01T19:56:03.489+0000] {logging_mixin.py:188} INFO - [2026-02-01T19:56:03.488+0000] {dag.py:3096} INFO - Sync 1 DAGs
[2026-02-01T19:56:03.510+0000] {logging_mixin.py:188} INFO - [2026-02-01T19:56:03.509+0000] {dag.py:3954} INFO - Setting next_dagrun for ml_prediction_pipeline to 2026-01-31 00:00:00+00:00, run_after=2026-02-01 00:00:00+00:00
[2026-02-01T19:56:03.637+0000] {processor.py:183} INFO - Processing /opt/airflow/dags/predict.py took 3.457 seconds
[2026-02-01T19:56:33.797+0000] {processor.py:161} INFO - Started process (PID=27675) to work on /opt/airflow/dags/predict.py
[2026-02-01T19:56:33.798+0000] {processor.py:830} INFO - Processing file /opt/airflow/dags/predict.py for tasks to queue
[2026-02-01T19:56:33.800+0000] {logging_mixin.py:188} INFO - [2026-02-01T19:56:33.800+0000] {dagbag.py:545} INFO - Filling up the DagBag from /opt/airflow/dags/predict.py
[2026-02-01T19:56:36.309+0000] {logging_mixin.py:188} WARNING - /opt/airflow/dags/predict.py:34 RemovedInAirflow3Warning: Function `days_ago` is deprecated and will be removed in Airflow 3.0. You can achieve equivalent behavior with `pendulum.today('UTC').add(days=-N, ...)`
[2026-02-01T19:56:36.310+0000] {logging_mixin.py:188} WARNING - /opt/airflow/dags/predict.py:29 RemovedInAirflow3Warning: Param `schedule_interval` is deprecated and will be removed in a future release. Please use `schedule` instead.
[2026-02-01T19:56:36.315+0000] {processor.py:840} INFO - DAG(s) 'ml_prediction_pipeline' retrieved from /opt/airflow/dags/predict.py
[2026-02-01T19:56:36.340+0000] {logging_mixin.py:188} INFO - [2026-02-01T19:56:36.340+0000] {dag.py:3096} INFO - Sync 1 DAGs
[2026-02-01T19:56:36.359+0000] {logging_mixin.py:188} INFO - [2026-02-01T19:56:36.359+0000] {dag.py:3954} INFO - Setting next_dagrun for ml_prediction_pipeline to 2026-01-31 00:00:00+00:00, run_after=2026-02-01 00:00:00+00:00
[2026-02-01T19:56:36.378+0000] {processor.py:183} INFO - Processing /opt/airflow/dags/predict.py took 2.586 seconds
[2026-02-01T19:57:06.935+0000] {processor.py:161} INFO - Started process (PID=27722) to work on /opt/airflow/dags/predict.py
[2026-02-01T19:57:06.938+0000] {processor.py:830} INFO - Processing file /opt/airflow/dags/predict.py for tasks to queue
[2026-02-01T19:57:06.940+0000] {logging_mixin.py:188} INFO - [2026-02-01T19:57:06.940+0000] {dagbag.py:545} INFO - Filling up the DagBag from /opt/airflow/dags/predict.py
[2026-02-01T19:57:10.051+0000] {logging_mixin.py:188} WARNING - /opt/airflow/dags/predict.py:34 RemovedInAirflow3Warning: Function `days_ago` is deprecated and will be removed in Airflow 3.0. You can achieve equivalent behavior with `pendulum.today('UTC').add(days=-N, ...)`
[2026-02-01T19:57:10.054+0000] {logging_mixin.py:188} WARNING - /opt/airflow/dags/predict.py:29 RemovedInAirflow3Warning: Param `schedule_interval` is deprecated and will be removed in a future release. Please use `schedule` instead.
[2026-02-01T19:57:10.063+0000] {processor.py:840} INFO - DAG(s) 'ml_prediction_pipeline' retrieved from /opt/airflow/dags/predict.py
[2026-02-01T19:57:10.222+0000] {logging_mixin.py:188} INFO - [2026-02-01T19:57:10.222+0000] {dag.py:3096} INFO - Sync 1 DAGs
[2026-02-01T19:57:10.254+0000] {logging_mixin.py:188} INFO - [2026-02-01T19:57:10.254+0000] {dag.py:3954} INFO - Setting next_dagrun for ml_prediction_pipeline to 2026-01-31 00:00:00+00:00, run_after=2026-02-01 00:00:00+00:00
[2026-02-01T19:57:10.285+0000] {processor.py:183} INFO - Processing /opt/airflow/dags/predict.py took 3.357 seconds
[2026-02-01T19:57:40.466+0000] {processor.py:161} INFO - Started process (PID=27769) to work on /opt/airflow/dags/predict.py
[2026-02-01T19:57:40.466+0000] {processor.py:830} INFO - Processing file /opt/airflow/dags/predict.py for tasks to queue
[2026-02-01T19:57:40.468+0000] {logging_mixin.py:188} INFO - [2026-02-01T19:57:40.468+0000] {dagbag.py:545} INFO - Filling up the DagBag from /opt/airflow/dags/predict.py
[2026-02-01T19:57:42.748+0000] {logging_mixin.py:188} WARNING - /opt/airflow/dags/predict.py:34 RemovedInAirflow3Warning: Function `days_ago` is deprecated and will be removed in Airflow 3.0. You can achieve equivalent behavior with `pendulum.today('UTC').add(days=-N, ...)`
[2026-02-01T19:57:42.750+0000] {logging_mixin.py:188} WARNING - /opt/airflow/dags/predict.py:29 RemovedInAirflow3Warning: Param `schedule_interval` is deprecated and will be removed in a future release. Please use `schedule` instead.
[2026-02-01T19:57:42.756+0000] {processor.py:840} INFO - DAG(s) 'ml_prediction_pipeline' retrieved from /opt/airflow/dags/predict.py
[2026-02-01T19:57:42.786+0000] {logging_mixin.py:188} INFO - [2026-02-01T19:57:42.785+0000] {dag.py:3096} INFO - Sync 1 DAGs
[2026-02-01T19:57:42.813+0000] {logging_mixin.py:188} INFO - [2026-02-01T19:57:42.813+0000] {dag.py:3954} INFO - Setting next_dagrun for ml_prediction_pipeline to 2026-01-31 00:00:00+00:00, run_after=2026-02-01 00:00:00+00:00
[2026-02-01T19:57:42.840+0000] {processor.py:183} INFO - Processing /opt/airflow/dags/predict.py took 2.379 seconds
[2026-02-01T19:58:12.929+0000] {processor.py:161} INFO - Started process (PID=27816) to work on /opt/airflow/dags/predict.py
[2026-02-01T19:58:12.932+0000] {processor.py:830} INFO - Processing file /opt/airflow/dags/predict.py for tasks to queue
[2026-02-01T19:58:12.934+0000] {logging_mixin.py:188} INFO - [2026-02-01T19:58:12.933+0000] {dagbag.py:545} INFO - Filling up the DagBag from /opt/airflow/dags/predict.py
[2026-02-01T19:58:15.119+0000] {logging_mixin.py:188} WARNING - /opt/airflow/dags/predict.py:34 RemovedInAirflow3Warning: Function `days_ago` is deprecated and will be removed in Airflow 3.0. You can achieve equivalent behavior with `pendulum.today('UTC').add(days=-N, ...)`
[2026-02-01T19:58:15.120+0000] {logging_mixin.py:188} WARNING - /opt/airflow/dags/predict.py:29 RemovedInAirflow3Warning: Param `schedule_interval` is deprecated and will be removed in a future release. Please use `schedule` instead.
[2026-02-01T19:58:15.126+0000] {processor.py:840} INFO - DAG(s) 'ml_prediction_pipeline' retrieved from /opt/airflow/dags/predict.py
[2026-02-01T19:58:15.150+0000] {logging_mixin.py:188} INFO - [2026-02-01T19:58:15.149+0000] {dag.py:3096} INFO - Sync 1 DAGs
[2026-02-01T19:58:15.165+0000] {logging_mixin.py:188} INFO - [2026-02-01T19:58:15.164+0000] {dag.py:3954} INFO - Setting next_dagrun for ml_prediction_pipeline to 2026-01-31 00:00:00+00:00, run_after=2026-02-01 00:00:00+00:00
[2026-02-01T19:58:15.180+0000] {processor.py:183} INFO - Processing /opt/airflow/dags/predict.py took 2.258 seconds
[2026-02-01T19:58:45.782+0000] {processor.py:161} INFO - Started process (PID=27863) to work on /opt/airflow/dags/predict.py
[2026-02-01T19:58:45.783+0000] {processor.py:830} INFO - Processing file /opt/airflow/dags/predict.py for tasks to queue
[2026-02-01T19:58:45.784+0000] {logging_mixin.py:188} INFO - [2026-02-01T19:58:45.784+0000] {dagbag.py:545} INFO - Filling up the DagBag from /opt/airflow/dags/predict.py
[2026-02-01T19:58:47.956+0000] {logging_mixin.py:188} WARNING - /opt/airflow/dags/predict.py:34 RemovedInAirflow3Warning: Function `days_ago` is deprecated and will be removed in Airflow 3.0. You can achieve equivalent behavior with `pendulum.today('UTC').add(days=-N, ...)`
[2026-02-01T19:58:47.957+0000] {logging_mixin.py:188} WARNING - /opt/airflow/dags/predict.py:29 RemovedInAirflow3Warning: Param `schedule_interval` is deprecated and will be removed in a future release. Please use `schedule` instead.
[2026-02-01T19:58:47.963+0000] {processor.py:840} INFO - DAG(s) 'ml_prediction_pipeline' retrieved from /opt/airflow/dags/predict.py
[2026-02-01T19:58:47.990+0000] {logging_mixin.py:188} INFO - [2026-02-01T19:58:47.989+0000] {dag.py:3096} INFO - Sync 1 DAGs
[2026-02-01T19:58:48.012+0000] {logging_mixin.py:188} INFO - [2026-02-01T19:58:48.012+0000] {dag.py:3954} INFO - Setting next_dagrun for ml_prediction_pipeline to 2026-01-31 00:00:00+00:00, run_after=2026-02-01 00:00:00+00:00
[2026-02-01T19:58:48.034+0000] {processor.py:183} INFO - Processing /opt/airflow/dags/predict.py took 2.255 seconds
[2026-02-01T19:59:18.805+0000] {processor.py:161} INFO - Started process (PID=27910) to work on /opt/airflow/dags/predict.py
[2026-02-01T19:59:18.806+0000] {processor.py:830} INFO - Processing file /opt/airflow/dags/predict.py for tasks to queue
[2026-02-01T19:59:18.808+0000] {logging_mixin.py:188} INFO - [2026-02-01T19:59:18.808+0000] {dagbag.py:545} INFO - Filling up the DagBag from /opt/airflow/dags/predict.py
[2026-02-01T19:59:20.405+0000] {logging_mixin.py:188} WARNING - /opt/airflow/dags/predict.py:34 RemovedInAirflow3Warning: Function `days_ago` is deprecated and will be removed in Airflow 3.0. You can achieve equivalent behavior with `pendulum.today('UTC').add(days=-N, ...)`
[2026-02-01T19:59:20.406+0000] {logging_mixin.py:188} WARNING - /opt/airflow/dags/predict.py:29 RemovedInAirflow3Warning: Param `schedule_interval` is deprecated and will be removed in a future release. Please use `schedule` instead.
[2026-02-01T19:59:20.409+0000] {processor.py:840} INFO - DAG(s) 'ml_prediction_pipeline' retrieved from /opt/airflow/dags/predict.py
[2026-02-01T19:59:20.426+0000] {logging_mixin.py:188} INFO - [2026-02-01T19:59:20.426+0000] {dag.py:3096} INFO - Sync 1 DAGs
[2026-02-01T19:59:20.527+0000] {logging_mixin.py:188} INFO - [2026-02-01T19:59:20.526+0000] {dag.py:3954} INFO - Setting next_dagrun for ml_prediction_pipeline to 2026-01-31 00:00:00+00:00, run_after=2026-02-01 00:00:00+00:00
[2026-02-01T19:59:20.538+0000] {processor.py:183} INFO - Processing /opt/airflow/dags/predict.py took 1.738 seconds
[2026-02-01T19:59:50.958+0000] {processor.py:161} INFO - Started process (PID=27957) to work on /opt/airflow/dags/predict.py
[2026-02-01T19:59:50.959+0000] {processor.py:830} INFO - Processing file /opt/airflow/dags/predict.py for tasks to queue
[2026-02-01T19:59:50.960+0000] {logging_mixin.py:188} INFO - [2026-02-01T19:59:50.960+0000] {dagbag.py:545} INFO - Filling up the DagBag from /opt/airflow/dags/predict.py
[2026-02-01T19:59:53.806+0000] {logging_mixin.py:188} WARNING - /opt/airflow/dags/predict.py:34 RemovedInAirflow3Warning: Function `days_ago` is deprecated and will be removed in Airflow 3.0. You can achieve equivalent behavior with `pendulum.today('UTC').add(days=-N, ...)`
[2026-02-01T19:59:53.807+0000] {logging_mixin.py:188} WARNING - /opt/airflow/dags/predict.py:29 RemovedInAirflow3Warning: Param `schedule_interval` is deprecated and will be removed in a future release. Please use `schedule` instead.
[2026-02-01T19:59:53.815+0000] {processor.py:840} INFO - DAG(s) 'ml_prediction_pipeline' retrieved from /opt/airflow/dags/predict.py
[2026-02-01T19:59:53.849+0000] {logging_mixin.py:188} INFO - [2026-02-01T19:59:53.849+0000] {dag.py:3096} INFO - Sync 1 DAGs
[2026-02-01T19:59:54.014+0000] {logging_mixin.py:188} INFO - [2026-02-01T19:59:54.013+0000] {dag.py:3954} INFO - Setting next_dagrun for ml_prediction_pipeline to 2026-01-31 00:00:00+00:00, run_after=2026-02-01 00:00:00+00:00
[2026-02-01T19:59:54.046+0000] {processor.py:183} INFO - Processing /opt/airflow/dags/predict.py took 3.092 seconds
[2026-02-01T20:00:24.469+0000] {processor.py:161} INFO - Started process (PID=27999) to work on /opt/airflow/dags/predict.py
[2026-02-01T20:00:24.473+0000] {processor.py:830} INFO - Processing file /opt/airflow/dags/predict.py for tasks to queue
[2026-02-01T20:00:24.476+0000] {logging_mixin.py:188} INFO - [2026-02-01T20:00:24.475+0000] {dagbag.py:545} INFO - Filling up the DagBag from /opt/airflow/dags/predict.py
[2026-02-01T20:00:27.538+0000] {logging_mixin.py:188} WARNING - /opt/airflow/dags/predict.py:34 RemovedInAirflow3Warning: Function `days_ago` is deprecated and will be removed in Airflow 3.0. You can achieve equivalent behavior with `pendulum.today('UTC').add(days=-N, ...)`
[2026-02-01T20:00:27.539+0000] {logging_mixin.py:188} WARNING - /opt/airflow/dags/predict.py:29 RemovedInAirflow3Warning: Param `schedule_interval` is deprecated and will be removed in a future release. Please use `schedule` instead.
[2026-02-01T20:00:27.544+0000] {processor.py:840} INFO - DAG(s) 'ml_prediction_pipeline' retrieved from /opt/airflow/dags/predict.py
[2026-02-01T20:00:27.569+0000] {logging_mixin.py:188} INFO - [2026-02-01T20:00:27.569+0000] {dag.py:3096} INFO - Sync 1 DAGs
[2026-02-01T20:00:27.587+0000] {logging_mixin.py:188} INFO - [2026-02-01T20:00:27.587+0000] {dag.py:3954} INFO - Setting next_dagrun for ml_prediction_pipeline to 2026-01-31 00:00:00+00:00, run_after=2026-02-01 00:00:00+00:00
[2026-02-01T20:00:27.607+0000] {processor.py:183} INFO - Processing /opt/airflow/dags/predict.py took 3.147 seconds
[2026-02-01T20:00:58.090+0000] {processor.py:161} INFO - Started process (PID=28034) to work on /opt/airflow/dags/predict.py
[2026-02-01T20:00:58.092+0000] {processor.py:830} INFO - Processing file /opt/airflow/dags/predict.py for tasks to queue
[2026-02-01T20:00:58.095+0000] {logging_mixin.py:188} INFO - [2026-02-01T20:00:58.094+0000] {dagbag.py:545} INFO - Filling up the DagBag from /opt/airflow/dags/predict.py
[2026-02-01T20:01:02.131+0000] {logging_mixin.py:188} WARNING - /opt/airflow/dags/predict.py:34 RemovedInAirflow3Warning: Function `days_ago` is deprecated and will be removed in Airflow 3.0. You can achieve equivalent behavior with `pendulum.today('UTC').add(days=-N, ...)`
[2026-02-01T20:01:02.132+0000] {logging_mixin.py:188} WARNING - /opt/airflow/dags/predict.py:29 RemovedInAirflow3Warning: Param `schedule_interval` is deprecated and will be removed in a future release. Please use `schedule` instead.
[2026-02-01T20:01:02.146+0000] {processor.py:840} INFO - DAG(s) 'ml_prediction_pipeline' retrieved from /opt/airflow/dags/predict.py
[2026-02-01T20:01:02.195+0000] {logging_mixin.py:188} INFO - [2026-02-01T20:01:02.194+0000] {dag.py:3096} INFO - Sync 1 DAGs
[2026-02-01T20:01:02.240+0000] {logging_mixin.py:188} INFO - [2026-02-01T20:01:02.239+0000] {dag.py:3954} INFO - Setting next_dagrun for ml_prediction_pipeline to 2026-01-31 00:00:00+00:00, run_after=2026-02-01 00:00:00+00:00
[2026-02-01T20:01:02.279+0000] {processor.py:183} INFO - Processing /opt/airflow/dags/predict.py took 4.198 seconds
[2026-02-01T20:01:32.623+0000] {processor.py:161} INFO - Started process (PID=28080) to work on /opt/airflow/dags/predict.py
[2026-02-01T20:01:32.624+0000] {processor.py:830} INFO - Processing file /opt/airflow/dags/predict.py for tasks to queue
[2026-02-01T20:01:32.627+0000] {logging_mixin.py:188} INFO - [2026-02-01T20:01:32.627+0000] {dagbag.py:545} INFO - Filling up the DagBag from /opt/airflow/dags/predict.py
[2026-02-01T20:01:35.881+0000] {logging_mixin.py:188} WARNING - /opt/airflow/dags/predict.py:34 RemovedInAirflow3Warning: Function `days_ago` is deprecated and will be removed in Airflow 3.0. You can achieve equivalent behavior with `pendulum.today('UTC').add(days=-N, ...)`
[2026-02-01T20:01:35.883+0000] {logging_mixin.py:188} WARNING - /opt/airflow/dags/predict.py:29 RemovedInAirflow3Warning: Param `schedule_interval` is deprecated and will be removed in a future release. Please use `schedule` instead.
[2026-02-01T20:01:35.892+0000] {processor.py:840} INFO - DAG(s) 'ml_prediction_pipeline' retrieved from /opt/airflow/dags/predict.py
[2026-02-01T20:01:35.928+0000] {logging_mixin.py:188} INFO - [2026-02-01T20:01:35.927+0000] {dag.py:3096} INFO - Sync 1 DAGs
[2026-02-01T20:01:35.954+0000] {logging_mixin.py:188} INFO - [2026-02-01T20:01:35.953+0000] {dag.py:3954} INFO - Setting next_dagrun for ml_prediction_pipeline to 2026-01-31 00:00:00+00:00, run_after=2026-02-01 00:00:00+00:00
[2026-02-01T20:01:35.989+0000] {processor.py:183} INFO - Processing /opt/airflow/dags/predict.py took 3.373 seconds
[2026-02-01T20:02:06.848+0000] {processor.py:161} INFO - Started process (PID=28124) to work on /opt/airflow/dags/predict.py
[2026-02-01T20:02:06.849+0000] {processor.py:830} INFO - Processing file /opt/airflow/dags/predict.py for tasks to queue
[2026-02-01T20:02:06.852+0000] {logging_mixin.py:188} INFO - [2026-02-01T20:02:06.852+0000] {dagbag.py:545} INFO - Filling up the DagBag from /opt/airflow/dags/predict.py
[2026-02-01T20:02:10.638+0000] {logging_mixin.py:188} WARNING - /opt/airflow/dags/predict.py:34 RemovedInAirflow3Warning: Function `days_ago` is deprecated and will be removed in Airflow 3.0. You can achieve equivalent behavior with `pendulum.today('UTC').add(days=-N, ...)`
[2026-02-01T20:02:10.639+0000] {logging_mixin.py:188} WARNING - /opt/airflow/dags/predict.py:29 RemovedInAirflow3Warning: Param `schedule_interval` is deprecated and will be removed in a future release. Please use `schedule` instead.
[2026-02-01T20:02:10.649+0000] {processor.py:840} INFO - DAG(s) 'ml_prediction_pipeline' retrieved from /opt/airflow/dags/predict.py
[2026-02-01T20:02:10.683+0000] {logging_mixin.py:188} INFO - [2026-02-01T20:02:10.683+0000] {dag.py:3096} INFO - Sync 1 DAGs
[2026-02-01T20:02:10.712+0000] {logging_mixin.py:188} INFO - [2026-02-01T20:02:10.711+0000] {dag.py:3954} INFO - Setting next_dagrun for ml_prediction_pipeline to 2026-01-31 00:00:00+00:00, run_after=2026-02-01 00:00:00+00:00
[2026-02-01T20:02:10.748+0000] {processor.py:183} INFO - Processing /opt/airflow/dags/predict.py took 3.909 seconds
[2026-02-01T20:02:41.461+0000] {processor.py:161} INFO - Started process (PID=28171) to work on /opt/airflow/dags/predict.py
[2026-02-01T20:02:41.463+0000] {processor.py:830} INFO - Processing file /opt/airflow/dags/predict.py for tasks to queue
[2026-02-01T20:02:41.467+0000] {logging_mixin.py:188} INFO - [2026-02-01T20:02:41.466+0000] {dagbag.py:545} INFO - Filling up the DagBag from /opt/airflow/dags/predict.py
[2026-02-01T20:02:44.786+0000] {logging_mixin.py:188} WARNING - /opt/airflow/dags/predict.py:34 RemovedInAirflow3Warning: Function `days_ago` is deprecated and will be removed in Airflow 3.0. You can achieve equivalent behavior with `pendulum.today('UTC').add(days=-N, ...)`
[2026-02-01T20:02:44.789+0000] {logging_mixin.py:188} WARNING - /opt/airflow/dags/predict.py:29 RemovedInAirflow3Warning: Param `schedule_interval` is deprecated and will be removed in a future release. Please use `schedule` instead.
[2026-02-01T20:02:44.799+0000] {processor.py:840} INFO - DAG(s) 'ml_prediction_pipeline' retrieved from /opt/airflow/dags/predict.py
[2026-02-01T20:02:44.844+0000] {logging_mixin.py:188} INFO - [2026-02-01T20:02:44.844+0000] {dag.py:3096} INFO - Sync 1 DAGs
[2026-02-01T20:02:44.874+0000] {logging_mixin.py:188} INFO - [2026-02-01T20:02:44.874+0000] {dag.py:3954} INFO - Setting next_dagrun for ml_prediction_pipeline to 2026-01-31 00:00:00+00:00, run_after=2026-02-01 00:00:00+00:00
[2026-02-01T20:02:44.910+0000] {processor.py:183} INFO - Processing /opt/airflow/dags/predict.py took 3.457 seconds
[2026-02-01T20:03:15.437+0000] {processor.py:161} INFO - Started process (PID=28218) to work on /opt/airflow/dags/predict.py
[2026-02-01T20:03:15.439+0000] {processor.py:830} INFO - Processing file /opt/airflow/dags/predict.py for tasks to queue
[2026-02-01T20:03:15.442+0000] {logging_mixin.py:188} INFO - [2026-02-01T20:03:15.441+0000] {dagbag.py:545} INFO - Filling up the DagBag from /opt/airflow/dags/predict.py
[2026-02-01T20:03:18.794+0000] {logging_mixin.py:188} WARNING - /opt/airflow/dags/predict.py:34 RemovedInAirflow3Warning: Function `days_ago` is deprecated and will be removed in Airflow 3.0. You can achieve equivalent behavior with `pendulum.today('UTC').add(days=-N, ...)`
[2026-02-01T20:03:18.796+0000] {logging_mixin.py:188} WARNING - /opt/airflow/dags/predict.py:29 RemovedInAirflow3Warning: Param `schedule_interval` is deprecated and will be removed in a future release. Please use `schedule` instead.
[2026-02-01T20:03:18.802+0000] {processor.py:840} INFO - DAG(s) 'ml_prediction_pipeline' retrieved from /opt/airflow/dags/predict.py
[2026-02-01T20:03:18.942+0000] {logging_mixin.py:188} INFO - [2026-02-01T20:03:18.942+0000] {dag.py:3096} INFO - Sync 1 DAGs
[2026-02-01T20:03:18.972+0000] {logging_mixin.py:188} INFO - [2026-02-01T20:03:18.971+0000] {dag.py:3954} INFO - Setting next_dagrun for ml_prediction_pipeline to 2026-01-31 00:00:00+00:00, run_after=2026-02-01 00:00:00+00:00
[2026-02-01T20:03:19.003+0000] {processor.py:183} INFO - Processing /opt/airflow/dags/predict.py took 3.574 seconds
[2026-02-01T20:03:49.146+0000] {processor.py:161} INFO - Started process (PID=28265) to work on /opt/airflow/dags/predict.py
[2026-02-01T20:03:49.148+0000] {processor.py:830} INFO - Processing file /opt/airflow/dags/predict.py for tasks to queue
[2026-02-01T20:03:49.150+0000] {logging_mixin.py:188} INFO - [2026-02-01T20:03:49.150+0000] {dagbag.py:545} INFO - Filling up the DagBag from /opt/airflow/dags/predict.py
[2026-02-01T20:03:51.799+0000] {logging_mixin.py:188} WARNING - /opt/airflow/dags/predict.py:34 RemovedInAirflow3Warning: Function `days_ago` is deprecated and will be removed in Airflow 3.0. You can achieve equivalent behavior with `pendulum.today('UTC').add(days=-N, ...)`
[2026-02-01T20:03:51.801+0000] {logging_mixin.py:188} WARNING - /opt/airflow/dags/predict.py:29 RemovedInAirflow3Warning: Param `schedule_interval` is deprecated and will be removed in a future release. Please use `schedule` instead.
[2026-02-01T20:03:51.807+0000] {processor.py:840} INFO - DAG(s) 'ml_prediction_pipeline' retrieved from /opt/airflow/dags/predict.py
[2026-02-01T20:03:51.840+0000] {logging_mixin.py:188} INFO - [2026-02-01T20:03:51.839+0000] {dag.py:3096} INFO - Sync 1 DAGs
[2026-02-01T20:03:51.863+0000] {logging_mixin.py:188} INFO - [2026-02-01T20:03:51.863+0000] {dag.py:3954} INFO - Setting next_dagrun for ml_prediction_pipeline to 2026-01-31 00:00:00+00:00, run_after=2026-02-01 00:00:00+00:00
[2026-02-01T20:03:51.889+0000] {processor.py:183} INFO - Processing /opt/airflow/dags/predict.py took 2.748 seconds
[2026-02-01T20:04:22.579+0000] {processor.py:161} INFO - Started process (PID=28312) to work on /opt/airflow/dags/predict.py
[2026-02-01T20:04:22.582+0000] {processor.py:830} INFO - Processing file /opt/airflow/dags/predict.py for tasks to queue
[2026-02-01T20:04:22.589+0000] {logging_mixin.py:188} INFO - [2026-02-01T20:04:22.588+0000] {dagbag.py:545} INFO - Filling up the DagBag from /opt/airflow/dags/predict.py
[2026-02-01T20:04:27.106+0000] {logging_mixin.py:188} WARNING - /opt/airflow/dags/predict.py:34 RemovedInAirflow3Warning: Function `days_ago` is deprecated and will be removed in Airflow 3.0. You can achieve equivalent behavior with `pendulum.today('UTC').add(days=-N, ...)`
[2026-02-01T20:04:27.107+0000] {logging_mixin.py:188} WARNING - /opt/airflow/dags/predict.py:29 RemovedInAirflow3Warning: Param `schedule_interval` is deprecated and will be removed in a future release. Please use `schedule` instead.
[2026-02-01T20:04:27.115+0000] {processor.py:840} INFO - DAG(s) 'ml_prediction_pipeline' retrieved from /opt/airflow/dags/predict.py
[2026-02-01T20:04:27.151+0000] {logging_mixin.py:188} INFO - [2026-02-01T20:04:27.150+0000] {dag.py:3096} INFO - Sync 1 DAGs
[2026-02-01T20:04:27.183+0000] {logging_mixin.py:188} INFO - [2026-02-01T20:04:27.183+0000] {dag.py:3954} INFO - Setting next_dagrun for ml_prediction_pipeline to 2026-01-31 00:00:00+00:00, run_after=2026-02-01 00:00:00+00:00
[2026-02-01T20:04:27.215+0000] {processor.py:183} INFO - Processing /opt/airflow/dags/predict.py took 4.651 seconds
[2026-02-01T20:04:58.141+0000] {processor.py:161} INFO - Started process (PID=28360) to work on /opt/airflow/dags/predict.py
[2026-02-01T20:04:58.143+0000] {processor.py:830} INFO - Processing file /opt/airflow/dags/predict.py for tasks to queue
[2026-02-01T20:04:58.146+0000] {logging_mixin.py:188} INFO - [2026-02-01T20:04:58.145+0000] {dagbag.py:545} INFO - Filling up the DagBag from /opt/airflow/dags/predict.py
[2026-02-01T20:05:02.122+0000] {logging_mixin.py:188} WARNING - /opt/airflow/dags/predict.py:34 RemovedInAirflow3Warning: Function `days_ago` is deprecated and will be removed in Airflow 3.0. You can achieve equivalent behavior with `pendulum.today('UTC').add(days=-N, ...)`
[2026-02-01T20:05:02.125+0000] {logging_mixin.py:188} WARNING - /opt/airflow/dags/predict.py:29 RemovedInAirflow3Warning: Param `schedule_interval` is deprecated and will be removed in a future release. Please use `schedule` instead.
[2026-02-01T20:05:02.151+0000] {processor.py:840} INFO - DAG(s) 'ml_prediction_pipeline' retrieved from /opt/airflow/dags/predict.py
[2026-02-01T20:05:02.214+0000] {logging_mixin.py:188} INFO - [2026-02-01T20:05:02.213+0000] {dag.py:3096} INFO - Sync 1 DAGs
[2026-02-01T20:05:02.257+0000] {logging_mixin.py:188} INFO - [2026-02-01T20:05:02.256+0000] {dag.py:3954} INFO - Setting next_dagrun for ml_prediction_pipeline to 2026-01-31 00:00:00+00:00, run_after=2026-02-01 00:00:00+00:00
[2026-02-01T20:05:02.488+0000] {processor.py:183} INFO - Processing /opt/airflow/dags/predict.py took 4.353 seconds
[2026-02-01T20:05:32.868+0000] {processor.py:161} INFO - Started process (PID=28407) to work on /opt/airflow/dags/predict.py
[2026-02-01T20:05:32.869+0000] {processor.py:830} INFO - Processing file /opt/airflow/dags/predict.py for tasks to queue
[2026-02-01T20:05:32.872+0000] {logging_mixin.py:188} INFO - [2026-02-01T20:05:32.871+0000] {dagbag.py:545} INFO - Filling up the DagBag from /opt/airflow/dags/predict.py
[2026-02-01T20:05:36.554+0000] {logging_mixin.py:188} WARNING - /opt/airflow/dags/predict.py:34 RemovedInAirflow3Warning: Function `days_ago` is deprecated and will be removed in Airflow 3.0. You can achieve equivalent behavior with `pendulum.today('UTC').add(days=-N, ...)`
[2026-02-01T20:05:36.556+0000] {logging_mixin.py:188} WARNING - /opt/airflow/dags/predict.py:29 RemovedInAirflow3Warning: Param `schedule_interval` is deprecated and will be removed in a future release. Please use `schedule` instead.
[2026-02-01T20:05:36.562+0000] {processor.py:840} INFO - DAG(s) 'ml_prediction_pipeline' retrieved from /opt/airflow/dags/predict.py
[2026-02-01T20:05:36.595+0000] {logging_mixin.py:188} INFO - [2026-02-01T20:05:36.594+0000] {dag.py:3096} INFO - Sync 1 DAGs
[2026-02-01T20:05:36.774+0000] {logging_mixin.py:188} INFO - [2026-02-01T20:05:36.773+0000] {dag.py:3954} INFO - Setting next_dagrun for ml_prediction_pipeline to 2026-01-31 00:00:00+00:00, run_after=2026-02-01 00:00:00+00:00
[2026-02-01T20:05:36.839+0000] {processor.py:183} INFO - Processing /opt/airflow/dags/predict.py took 3.984 seconds
[2026-02-01T20:06:07.380+0000] {processor.py:161} INFO - Started process (PID=28454) to work on /opt/airflow/dags/predict.py
[2026-02-01T20:06:07.383+0000] {processor.py:830} INFO - Processing file /opt/airflow/dags/predict.py for tasks to queue
[2026-02-01T20:06:07.385+0000] {logging_mixin.py:188} INFO - [2026-02-01T20:06:07.385+0000] {dagbag.py:545} INFO - Filling up the DagBag from /opt/airflow/dags/predict.py
[2026-02-01T20:06:11.156+0000] {logging_mixin.py:188} WARNING - /opt/airflow/dags/predict.py:34 RemovedInAirflow3Warning: Function `days_ago` is deprecated and will be removed in Airflow 3.0. You can achieve equivalent behavior with `pendulum.today('UTC').add(days=-N, ...)`
[2026-02-01T20:06:11.159+0000] {logging_mixin.py:188} WARNING - /opt/airflow/dags/predict.py:29 RemovedInAirflow3Warning: Param `schedule_interval` is deprecated and will be removed in a future release. Please use `schedule` instead.
[2026-02-01T20:06:11.169+0000] {processor.py:840} INFO - DAG(s) 'ml_prediction_pipeline' retrieved from /opt/airflow/dags/predict.py
[2026-02-01T20:06:11.223+0000] {logging_mixin.py:188} INFO - [2026-02-01T20:06:11.222+0000] {dag.py:3096} INFO - Sync 1 DAGs
[2026-02-01T20:06:11.052+0000] {logging_mixin.py:188} INFO - [2026-02-01T20:06:11.051+0000] {dag.py:3954} INFO - Setting next_dagrun for ml_prediction_pipeline to 2026-01-31 00:00:00+00:00, run_after=2026-02-01 00:00:00+00:00
[2026-02-01T20:06:11.083+0000] {processor.py:183} INFO - Processing /opt/airflow/dags/predict.py took 4.071 seconds
[2026-02-01T20:06:48.666+0000] {processor.py:161} INFO - Started process (PID=28507) to work on /opt/airflow/dags/predict.py
[2026-02-01T20:06:48.667+0000] {processor.py:830} INFO - Processing file /opt/airflow/dags/predict.py for tasks to queue
[2026-02-01T20:06:48.670+0000] {logging_mixin.py:188} INFO - [2026-02-01T20:06:48.670+0000] {dagbag.py:545} INFO - Filling up the DagBag from /opt/airflow/dags/predict.py
[2026-02-01T20:06:53.012+0000] {logging_mixin.py:188} WARNING - /opt/airflow/dags/predict.py:34 RemovedInAirflow3Warning: Function `days_ago` is deprecated and will be removed in Airflow 3.0. You can achieve equivalent behavior with `pendulum.today('UTC').add(days=-N, ...)`
[2026-02-01T20:06:53.016+0000] {logging_mixin.py:188} WARNING - /opt/airflow/dags/predict.py:29 RemovedInAirflow3Warning: Param `schedule_interval` is deprecated and will be removed in a future release. Please use `schedule` instead.
[2026-02-01T20:06:53.026+0000] {processor.py:840} INFO - DAG(s) 'ml_prediction_pipeline' retrieved from /opt/airflow/dags/predict.py
[2026-02-01T20:06:53.074+0000] {logging_mixin.py:188} INFO - [2026-02-01T20:06:53.073+0000] {dag.py:3096} INFO - Sync 1 DAGs
[2026-02-01T20:06:53.113+0000] {logging_mixin.py:188} INFO - [2026-02-01T20:06:53.113+0000] {dag.py:3954} INFO - Setting next_dagrun for ml_prediction_pipeline to 2026-01-31 00:00:00+00:00, run_after=2026-02-01 00:00:00+00:00
[2026-02-01T20:06:53.155+0000] {processor.py:183} INFO - Processing /opt/airflow/dags/predict.py took 4.496 seconds
[2026-02-01T20:07:23.663+0000] {processor.py:161} INFO - Started process (PID=28560) to work on /opt/airflow/dags/predict.py
[2026-02-01T20:07:23.664+0000] {processor.py:830} INFO - Processing file /opt/airflow/dags/predict.py for tasks to queue
[2026-02-01T20:07:23.666+0000] {logging_mixin.py:188} INFO - [2026-02-01T20:07:23.666+0000] {dagbag.py:545} INFO - Filling up the DagBag from /opt/airflow/dags/predict.py
[2026-02-01T20:07:28.328+0000] {logging_mixin.py:188} WARNING - /opt/airflow/dags/predict.py:34 RemovedInAirflow3Warning: Function `days_ago` is deprecated and will be removed in Airflow 3.0. You can achieve equivalent behavior with `pendulum.today('UTC').add(days=-N, ...)`
[2026-02-01T20:07:28.330+0000] {logging_mixin.py:188} WARNING - /opt/airflow/dags/predict.py:29 RemovedInAirflow3Warning: Param `schedule_interval` is deprecated and will be removed in a future release. Please use `schedule` instead.
[2026-02-01T20:07:28.337+0000] {processor.py:840} INFO - DAG(s) 'ml_prediction_pipeline' retrieved from /opt/airflow/dags/predict.py
[2026-02-01T20:07:28.382+0000] {logging_mixin.py:188} INFO - [2026-02-01T20:07:28.381+0000] {dag.py:3096} INFO - Sync 1 DAGs
[2026-02-01T20:07:28.411+0000] {logging_mixin.py:188} INFO - [2026-02-01T20:07:28.411+0000] {dag.py:3954} INFO - Setting next_dagrun for ml_prediction_pipeline to 2026-01-31 00:00:00+00:00, run_after=2026-02-01 00:00:00+00:00
[2026-02-01T20:07:28.439+0000] {processor.py:183} INFO - Processing /opt/airflow/dags/predict.py took 4.785 seconds
[2026-02-01T20:07:58.972+0000] {processor.py:161} INFO - Started process (PID=28607) to work on /opt/airflow/dags/predict.py
[2026-02-01T20:07:58.974+0000] {processor.py:830} INFO - Processing file /opt/airflow/dags/predict.py for tasks to queue
[2026-02-01T20:07:58.975+0000] {logging_mixin.py:188} INFO - [2026-02-01T20:07:58.975+0000] {dagbag.py:545} INFO - Filling up the DagBag from /opt/airflow/dags/predict.py
[2026-02-01T20:08:03.365+0000] {logging_mixin.py:188} WARNING - /opt/airflow/dags/predict.py:34 RemovedInAirflow3Warning: Function `days_ago` is deprecated and will be removed in Airflow 3.0. You can achieve equivalent behavior with `pendulum.today('UTC').add(days=-N, ...)`
[2026-02-01T20:08:03.367+0000] {logging_mixin.py:188} WARNING - /opt/airflow/dags/predict.py:29 RemovedInAirflow3Warning: Param `schedule_interval` is deprecated and will be removed in a future release. Please use `schedule` instead.
[2026-02-01T20:08:03.380+0000] {processor.py:840} INFO - DAG(s) 'ml_prediction_pipeline' retrieved from /opt/airflow/dags/predict.py
[2026-02-01T20:08:03.421+0000] {logging_mixin.py:188} INFO - [2026-02-01T20:08:03.420+0000] {dag.py:3096} INFO - Sync 1 DAGs
[2026-02-01T20:08:03.459+0000] {logging_mixin.py:188} INFO - [2026-02-01T20:08:03.459+0000] {dag.py:3954} INFO - Setting next_dagrun for ml_prediction_pipeline to 2026-01-31 00:00:00+00:00, run_after=2026-02-01 00:00:00+00:00
[2026-02-01T20:08:03.624+0000] {processor.py:183} INFO - Processing /opt/airflow/dags/predict.py took 4.659 seconds
[2026-02-01T20:08:34.154+0000] {processor.py:161} INFO - Started process (PID=28658) to work on /opt/airflow/dags/predict.py
[2026-02-01T20:08:34.156+0000] {processor.py:830} INFO - Processing file /opt/airflow/dags/predict.py for tasks to queue
[2026-02-01T20:08:34.160+0000] {logging_mixin.py:188} INFO - [2026-02-01T20:08:34.159+0000] {dagbag.py:545} INFO - Filling up the DagBag from /opt/airflow/dags/predict.py
[2026-02-01T20:08:37.798+0000] {logging_mixin.py:188} WARNING - /opt/airflow/dags/predict.py:34 RemovedInAirflow3Warning: Function `days_ago` is deprecated and will be removed in Airflow 3.0. You can achieve equivalent behavior with `pendulum.today('UTC').add(days=-N, ...)`
[2026-02-01T20:08:37.800+0000] {logging_mixin.py:188} WARNING - /opt/airflow/dags/predict.py:29 RemovedInAirflow3Warning: Param `schedule_interval` is deprecated and will be removed in a future release. Please use `schedule` instead.
[2026-02-01T20:08:37.805+0000] {processor.py:840} INFO - DAG(s) 'ml_prediction_pipeline' retrieved from /opt/airflow/dags/predict.py
[2026-02-01T20:08:37.834+0000] {logging_mixin.py:188} INFO - [2026-02-01T20:08:37.833+0000] {dag.py:3096} INFO - Sync 1 DAGs
[2026-02-01T20:08:37.855+0000] {logging_mixin.py:188} INFO - [2026-02-01T20:08:37.855+0000] {dag.py:3954} INFO - Setting next_dagrun for ml_prediction_pipeline to 2026-01-31 00:00:00+00:00, run_after=2026-02-01 00:00:00+00:00
[2026-02-01T20:08:37.995+0000] {processor.py:183} INFO - Processing /opt/airflow/dags/predict.py took 3.853 seconds
[2026-02-01T20:09:08.465+0000] {processor.py:161} INFO - Started process (PID=28705) to work on /opt/airflow/dags/predict.py
[2026-02-01T20:09:08.475+0000] {processor.py:830} INFO - Processing file /opt/airflow/dags/predict.py for tasks to queue
[2026-02-01T20:09:08.488+0000] {logging_mixin.py:188} INFO - [2026-02-01T20:09:08.486+0000] {dagbag.py:545} INFO - Filling up the DagBag from /opt/airflow/dags/predict.py
[2026-02-01T20:09:12.672+0000] {logging_mixin.py:188} WARNING - /opt/airflow/dags/predict.py:34 RemovedInAirflow3Warning: Function `days_ago` is deprecated and will be removed in Airflow 3.0. You can achieve equivalent behavior with `pendulum.today('UTC').add(days=-N, ...)`
[2026-02-01T20:09:12.674+0000] {logging_mixin.py:188} WARNING - /opt/airflow/dags/predict.py:29 RemovedInAirflow3Warning: Param `schedule_interval` is deprecated and will be removed in a future release. Please use `schedule` instead.
[2026-02-01T20:09:12.686+0000] {processor.py:840} INFO - DAG(s) 'ml_prediction_pipeline' retrieved from /opt/airflow/dags/predict.py
[2026-02-01T20:09:12.722+0000] {logging_mixin.py:188} INFO - [2026-02-01T20:09:12.722+0000] {dag.py:3096} INFO - Sync 1 DAGs
[2026-02-01T20:09:12.748+0000] {logging_mixin.py:188} INFO - [2026-02-01T20:09:12.748+0000] {dag.py:3954} INFO - Setting next_dagrun for ml_prediction_pipeline to 2026-01-31 00:00:00+00:00, run_after=2026-02-01 00:00:00+00:00
[2026-02-01T20:09:12.777+0000] {processor.py:183} INFO - Processing /opt/airflow/dags/predict.py took 4.368 seconds
[2026-02-01T20:09:43.099+0000] {processor.py:161} INFO - Started process (PID=28752) to work on /opt/airflow/dags/predict.py
[2026-02-01T20:09:43.101+0000] {processor.py:830} INFO - Processing file /opt/airflow/dags/predict.py for tasks to queue
[2026-02-01T20:09:43.103+0000] {logging_mixin.py:188} INFO - [2026-02-01T20:09:43.103+0000] {dagbag.py:545} INFO - Filling up the DagBag from /opt/airflow/dags/predict.py
[2026-02-01T20:09:48.249+0000] {logging_mixin.py:188} WARNING - /opt/airflow/dags/predict.py:34 RemovedInAirflow3Warning: Function `days_ago` is deprecated and will be removed in Airflow 3.0. You can achieve equivalent behavior with `pendulum.today('UTC').add(days=-N, ...)`
[2026-02-01T20:09:48.251+0000] {logging_mixin.py:188} WARNING - /opt/airflow/dags/predict.py:29 RemovedInAirflow3Warning: Param `schedule_interval` is deprecated and will be removed in a future release. Please use `schedule` instead.
[2026-02-01T20:09:48.258+0000] {processor.py:840} INFO - DAG(s) 'ml_prediction_pipeline' retrieved from /opt/airflow/dags/predict.py
[2026-02-01T20:09:48.428+0000] {logging_mixin.py:188} INFO - [2026-02-01T20:09:48.428+0000] {dag.py:3096} INFO - Sync 1 DAGs
[2026-02-01T20:09:48.451+0000] {logging_mixin.py:188} INFO - [2026-02-01T20:09:48.450+0000] {dag.py:3954} INFO - Setting next_dagrun for ml_prediction_pipeline to 2026-01-31 00:00:00+00:00, run_after=2026-02-01 00:00:00+00:00
[2026-02-01T20:09:48.477+0000] {processor.py:183} INFO - Processing /opt/airflow/dags/predict.py took 5.388 seconds
[2026-02-01T20:10:19.145+0000] {processor.py:161} INFO - Started process (PID=28801) to work on /opt/airflow/dags/predict.py
[2026-02-01T20:10:19.147+0000] {processor.py:830} INFO - Processing file /opt/airflow/dags/predict.py for tasks to queue
[2026-02-01T20:10:19.149+0000] {logging_mixin.py:188} INFO - [2026-02-01T20:10:19.149+0000] {dagbag.py:545} INFO - Filling up the DagBag from /opt/airflow/dags/predict.py
[2026-02-01T20:10:22.797+0000] {logging_mixin.py:188} WARNING - /opt/airflow/dags/predict.py:34 RemovedInAirflow3Warning: Function `days_ago` is deprecated and will be removed in Airflow 3.0. You can achieve equivalent behavior with `pendulum.today('UTC').add(days=-N, ...)`
[2026-02-01T20:10:22.801+0000] {logging_mixin.py:188} WARNING - /opt/airflow/dags/predict.py:29 RemovedInAirflow3Warning: Param `schedule_interval` is deprecated and will be removed in a future release. Please use `schedule` instead.
[2026-02-01T20:10:22.816+0000] {processor.py:840} INFO - DAG(s) 'ml_prediction_pipeline' retrieved from /opt/airflow/dags/predict.py
[2026-02-01T20:10:22.879+0000] {logging_mixin.py:188} INFO - [2026-02-01T20:10:22.877+0000] {dag.py:3096} INFO - Sync 1 DAGs
[2026-02-01T20:10:22.946+0000] {logging_mixin.py:188} INFO - [2026-02-01T20:10:22.945+0000] {dag.py:3954} INFO - Setting next_dagrun for ml_prediction_pipeline to 2026-01-31 00:00:00+00:00, run_after=2026-02-01 00:00:00+00:00
[2026-02-01T20:10:23.009+0000] {processor.py:183} INFO - Processing /opt/airflow/dags/predict.py took 3.870 seconds
[2026-02-01T20:10:53.149+0000] {processor.py:161} INFO - Started process (PID=28848) to work on /opt/airflow/dags/predict.py
[2026-02-01T20:10:53.150+0000] {processor.py:830} INFO - Processing file /opt/airflow/dags/predict.py for tasks to queue
[2026-02-01T20:10:53.153+0000] {logging_mixin.py:188} INFO - [2026-02-01T20:10:53.152+0000] {dagbag.py:545} INFO - Filling up the DagBag from /opt/airflow/dags/predict.py
[2026-02-01T20:10:56.130+0000] {logging_mixin.py:188} WARNING - /opt/airflow/dags/predict.py:34 RemovedInAirflow3Warning: Function `days_ago` is deprecated and will be removed in Airflow 3.0. You can achieve equivalent behavior with `pendulum.today('UTC').add(days=-N, ...)`
[2026-02-01T20:10:56.131+0000] {logging_mixin.py:188} WARNING - /opt/airflow/dags/predict.py:29 RemovedInAirflow3Warning: Param `schedule_interval` is deprecated and will be removed in a future release. Please use `schedule` instead.
[2026-02-01T20:10:56.137+0000] {processor.py:840} INFO - DAG(s) 'ml_prediction_pipeline' retrieved from /opt/airflow/dags/predict.py
[2026-02-01T20:10:56.160+0000] {logging_mixin.py:188} INFO - [2026-02-01T20:10:56.159+0000] {dag.py:3096} INFO - Sync 1 DAGs
[2026-02-01T20:10:56.180+0000] {logging_mixin.py:188} INFO - [2026-02-01T20:10:56.180+0000] {dag.py:3954} INFO - Setting next_dagrun for ml_prediction_pipeline to 2026-01-31 00:00:00+00:00, run_after=2026-02-01 00:00:00+00:00
[2026-02-01T20:10:56.204+0000] {processor.py:183} INFO - Processing /opt/airflow/dags/predict.py took 3.064 seconds
[2026-02-01T20:11:26.350+0000] {processor.py:161} INFO - Started process (PID=28895) to work on /opt/airflow/dags/predict.py
[2026-02-01T20:11:26.353+0000] {processor.py:830} INFO - Processing file /opt/airflow/dags/predict.py for tasks to queue
[2026-02-01T20:11:26.355+0000] {logging_mixin.py:188} INFO - [2026-02-01T20:11:26.354+0000] {dagbag.py:545} INFO - Filling up the DagBag from /opt/airflow/dags/predict.py
[2026-02-01T20:11:28.723+0000] {logging_mixin.py:188} WARNING - /opt/airflow/dags/predict.py:34 RemovedInAirflow3Warning: Function `days_ago` is deprecated and will be removed in Airflow 3.0. You can achieve equivalent behavior with `pendulum.today('UTC').add(days=-N, ...)`
[2026-02-01T20:11:28.724+0000] {logging_mixin.py:188} WARNING - /opt/airflow/dags/predict.py:29 RemovedInAirflow3Warning: Param `schedule_interval` is deprecated and will be removed in a future release. Please use `schedule` instead.
[2026-02-01T20:11:28.729+0000] {processor.py:840} INFO - DAG(s) 'ml_prediction_pipeline' retrieved from /opt/airflow/dags/predict.py
[2026-02-01T20:11:28.753+0000] {logging_mixin.py:188} INFO - [2026-02-01T20:11:28.752+0000] {dag.py:3096} INFO - Sync 1 DAGs
[2026-02-01T20:11:28.770+0000] {logging_mixin.py:188} INFO - [2026-02-01T20:11:28.770+0000] {dag.py:3954} INFO - Setting next_dagrun for ml_prediction_pipeline to 2026-01-31 00:00:00+00:00, run_after=2026-02-01 00:00:00+00:00
[2026-02-01T20:11:28.786+0000] {processor.py:183} INFO - Processing /opt/airflow/dags/predict.py took 2.444 seconds
[2026-02-01T20:11:59.083+0000] {processor.py:161} INFO - Started process (PID=28942) to work on /opt/airflow/dags/predict.py
[2026-02-01T20:11:59.084+0000] {processor.py:830} INFO - Processing file /opt/airflow/dags/predict.py for tasks to queue
[2026-02-01T20:11:59.085+0000] {logging_mixin.py:188} INFO - [2026-02-01T20:11:59.085+0000] {dagbag.py:545} INFO - Filling up the DagBag from /opt/airflow/dags/predict.py
[2026-02-01T20:12:01.678+0000] {logging_mixin.py:188} WARNING - /opt/airflow/dags/predict.py:34 RemovedInAirflow3Warning: Function `days_ago` is deprecated and will be removed in Airflow 3.0. You can achieve equivalent behavior with `pendulum.today('UTC').add(days=-N, ...)`
[2026-02-01T20:12:01.680+0000] {logging_mixin.py:188} WARNING - /opt/airflow/dags/predict.py:29 RemovedInAirflow3Warning: Param `schedule_interval` is deprecated and will be removed in a future release. Please use `schedule` instead.
[2026-02-01T20:12:01.686+0000] {processor.py:840} INFO - DAG(s) 'ml_prediction_pipeline' retrieved from /opt/airflow/dags/predict.py
[2026-02-01T20:12:01.711+0000] {logging_mixin.py:188} INFO - [2026-02-01T20:12:01.711+0000] {dag.py:3096} INFO - Sync 1 DAGs
[2026-02-01T20:12:01.826+0000] {logging_mixin.py:188} INFO - [2026-02-01T20:12:01.826+0000] {dag.py:3954} INFO - Setting next_dagrun for ml_prediction_pipeline to 2026-01-31 00:00:00+00:00, run_after=2026-02-01 00:00:00+00:00
[2026-02-01T20:12:01.851+0000] {processor.py:183} INFO - Processing /opt/airflow/dags/predict.py took 2.773 seconds
[2026-02-01T20:12:32.358+0000] {processor.py:161} INFO - Started process (PID=28985) to work on /opt/airflow/dags/predict.py
[2026-02-01T20:12:32.361+0000] {processor.py:830} INFO - Processing file /opt/airflow/dags/predict.py for tasks to queue
[2026-02-01T20:12:32.364+0000] {logging_mixin.py:188} INFO - [2026-02-01T20:12:32.364+0000] {dagbag.py:545} INFO - Filling up the DagBag from /opt/airflow/dags/predict.py
[2026-02-01T20:12:36.276+0000] {logging_mixin.py:188} WARNING - /opt/airflow/dags/predict.py:34 RemovedInAirflow3Warning: Function `days_ago` is deprecated and will be removed in Airflow 3.0. You can achieve equivalent behavior with `pendulum.today('UTC').add(days=-N, ...)`
[2026-02-01T20:12:36.277+0000] {logging_mixin.py:188} WARNING - /opt/airflow/dags/predict.py:29 RemovedInAirflow3Warning: Param `schedule_interval` is deprecated and will be removed in a future release. Please use `schedule` instead.
[2026-02-01T20:12:36.284+0000] {processor.py:840} INFO - DAG(s) 'ml_prediction_pipeline' retrieved from /opt/airflow/dags/predict.py
[2026-02-01T20:12:36.313+0000] {logging_mixin.py:188} INFO - [2026-02-01T20:12:36.312+0000] {dag.py:3096} INFO - Sync 1 DAGs
[2026-02-01T20:12:36.445+0000] {logging_mixin.py:188} INFO - [2026-02-01T20:12:36.444+0000] {dag.py:3954} INFO - Setting next_dagrun for ml_prediction_pipeline to 2026-01-31 00:00:00+00:00, run_after=2026-02-01 00:00:00+00:00
[2026-02-01T20:12:36.464+0000] {processor.py:183} INFO - Processing /opt/airflow/dags/predict.py took 4.116 seconds
[2026-02-01T20:13:06.653+0000] {processor.py:161} INFO - Started process (PID=29031) to work on /opt/airflow/dags/predict.py
[2026-02-01T20:13:06.654+0000] {processor.py:830} INFO - Processing file /opt/airflow/dags/predict.py for tasks to queue
[2026-02-01T20:13:06.657+0000] {logging_mixin.py:188} INFO - [2026-02-01T20:13:06.657+0000] {dagbag.py:545} INFO - Filling up the DagBag from /opt/airflow/dags/predict.py
[2026-02-01T20:13:12.040+0000] {logging_mixin.py:188} WARNING - /opt/airflow/dags/predict.py:34 RemovedInAirflow3Warning: Function `days_ago` is deprecated and will be removed in Airflow 3.0. You can achieve equivalent behavior with `pendulum.today('UTC').add(days=-N, ...)`
[2026-02-01T20:13:12.042+0000] {logging_mixin.py:188} WARNING - /opt/airflow/dags/predict.py:29 RemovedInAirflow3Warning: Param `schedule_interval` is deprecated and will be removed in a future release. Please use `schedule` instead.
[2026-02-01T20:13:12.053+0000] {processor.py:840} INFO - DAG(s) 'ml_prediction_pipeline' retrieved from /opt/airflow/dags/predict.py
[2026-02-01T20:13:12.096+0000] {logging_mixin.py:188} INFO - [2026-02-01T20:13:12.095+0000] {dag.py:3096} INFO - Sync 1 DAGs
[2026-02-01T20:13:12.130+0000] {logging_mixin.py:188} INFO - [2026-02-01T20:13:12.129+0000] {dag.py:3954} INFO - Setting next_dagrun for ml_prediction_pipeline to 2026-01-31 00:00:00+00:00, run_after=2026-02-01 00:00:00+00:00
[2026-02-01T20:13:12.162+0000] {processor.py:183} INFO - Processing /opt/airflow/dags/predict.py took 5.514 seconds
[2026-02-01T20:13:42.660+0000] {processor.py:161} INFO - Started process (PID=29078) to work on /opt/airflow/dags/predict.py
[2026-02-01T20:13:42.664+0000] {processor.py:830} INFO - Processing file /opt/airflow/dags/predict.py for tasks to queue
[2026-02-01T20:13:42.665+0000] {logging_mixin.py:188} INFO - [2026-02-01T20:13:42.665+0000] {dagbag.py:545} INFO - Filling up the DagBag from /opt/airflow/dags/predict.py
[2026-02-01T20:13:46.333+0000] {logging_mixin.py:188} WARNING - /opt/airflow/dags/predict.py:34 RemovedInAirflow3Warning: Function `days_ago` is deprecated and will be removed in Airflow 3.0. You can achieve equivalent behavior with `pendulum.today('UTC').add(days=-N, ...)`
[2026-02-01T20:13:46.333+0000] {logging_mixin.py:188} WARNING - /opt/airflow/dags/predict.py:29 RemovedInAirflow3Warning: Param `schedule_interval` is deprecated and will be removed in a future release. Please use `schedule` instead.
[2026-02-01T20:13:46.339+0000] {processor.py:840} INFO - DAG(s) 'ml_prediction_pipeline' retrieved from /opt/airflow/dags/predict.py
[2026-02-01T20:13:46.450+0000] {logging_mixin.py:188} INFO - [2026-02-01T20:13:46.449+0000] {dag.py:3096} INFO - Sync 1 DAGs
[2026-02-01T20:13:46.467+0000] {logging_mixin.py:188} INFO - [2026-02-01T20:13:46.466+0000] {dag.py:3954} INFO - Setting next_dagrun for ml_prediction_pipeline to 2026-01-31 00:00:00+00:00, run_after=2026-02-01 00:00:00+00:00
[2026-02-01T20:13:46.483+0000] {processor.py:183} INFO - Processing /opt/airflow/dags/predict.py took 3.830 seconds
[2026-02-01T20:14:16.954+0000] {processor.py:161} INFO - Started process (PID=29113) to work on /opt/airflow/dags/predict.py
[2026-02-01T20:14:16.955+0000] {processor.py:830} INFO - Processing file /opt/airflow/dags/predict.py for tasks to queue
[2026-02-01T20:14:16.957+0000] {logging_mixin.py:188} INFO - [2026-02-01T20:14:16.957+0000] {dagbag.py:545} INFO - Filling up the DagBag from /opt/airflow/dags/predict.py
[2026-02-01T20:14:21.032+0000] {logging_mixin.py:188} WARNING - /opt/airflow/dags/predict.py:34 RemovedInAirflow3Warning: Function `days_ago` is deprecated and will be removed in Airflow 3.0. You can achieve equivalent behavior with `pendulum.today('UTC').add(days=-N, ...)`
[2026-02-01T20:14:21.033+0000] {logging_mixin.py:188} WARNING - /opt/airflow/dags/predict.py:29 RemovedInAirflow3Warning: Param `schedule_interval` is deprecated and will be removed in a future release. Please use `schedule` instead.
[2026-02-01T20:14:21.045+0000] {processor.py:840} INFO - DAG(s) 'ml_prediction_pipeline' retrieved from /opt/airflow/dags/predict.py
[2026-02-01T20:14:21.084+0000] {logging_mixin.py:188} INFO - [2026-02-01T20:14:21.083+0000] {dag.py:3096} INFO - Sync 1 DAGs
[2026-02-01T20:14:21.117+0000] {logging_mixin.py:188} INFO - [2026-02-01T20:14:21.116+0000] {dag.py:3954} INFO - Setting next_dagrun for ml_prediction_pipeline to 2026-01-31 00:00:00+00:00, run_after=2026-02-01 00:00:00+00:00
[2026-02-01T20:14:21.152+0000] {processor.py:183} INFO - Processing /opt/airflow/dags/predict.py took 4.206 seconds
[2026-02-01T20:14:51.935+0000] {processor.py:161} INFO - Started process (PID=29159) to work on /opt/airflow/dags/predict.py
[2026-02-01T20:14:51.937+0000] {processor.py:830} INFO - Processing file /opt/airflow/dags/predict.py for tasks to queue
[2026-02-01T20:14:51.939+0000] {logging_mixin.py:188} INFO - [2026-02-01T20:14:51.939+0000] {dagbag.py:545} INFO - Filling up the DagBag from /opt/airflow/dags/predict.py
[2026-02-01T20:14:55.731+0000] {logging_mixin.py:188} WARNING - /opt/airflow/dags/predict.py:34 RemovedInAirflow3Warning: Function `days_ago` is deprecated and will be removed in Airflow 3.0. You can achieve equivalent behavior with `pendulum.today('UTC').add(days=-N, ...)`
[2026-02-01T20:14:55.732+0000] {logging_mixin.py:188} WARNING - /opt/airflow/dags/predict.py:29 RemovedInAirflow3Warning: Param `schedule_interval` is deprecated and will be removed in a future release. Please use `schedule` instead.
[2026-02-01T20:14:55.738+0000] {processor.py:840} INFO - DAG(s) 'ml_prediction_pipeline' retrieved from /opt/airflow/dags/predict.py
[2026-02-01T20:14:55.773+0000] {logging_mixin.py:188} INFO - [2026-02-01T20:14:55.772+0000] {dag.py:3096} INFO - Sync 1 DAGs
[2026-02-01T20:14:55.799+0000] {logging_mixin.py:188} INFO - [2026-02-01T20:14:55.799+0000] {dag.py:3954} INFO - Setting next_dagrun for ml_prediction_pipeline to 2026-01-31 00:00:00+00:00, run_after=2026-02-01 00:00:00+00:00
[2026-02-01T20:14:55.940+0000] {processor.py:183} INFO - Processing /opt/airflow/dags/predict.py took 4.014 seconds
[2026-02-01T20:15:26.071+0000] {processor.py:161} INFO - Started process (PID=29204) to work on /opt/airflow/dags/predict.py
[2026-02-01T20:15:26.071+0000] {processor.py:830} INFO - Processing file /opt/airflow/dags/predict.py for tasks to queue
[2026-02-01T20:15:26.073+0000] {logging_mixin.py:188} INFO - [2026-02-01T20:15:26.072+0000] {dagbag.py:545} INFO - Filling up the DagBag from /opt/airflow/dags/predict.py
[2026-02-01T20:15:28.555+0000] {logging_mixin.py:188} WARNING - /opt/airflow/dags/predict.py:34 RemovedInAirflow3Warning: Function `days_ago` is deprecated and will be removed in Airflow 3.0. You can achieve equivalent behavior with `pendulum.today('UTC').add(days=-N, ...)`
[2026-02-01T20:15:28.557+0000] {logging_mixin.py:188} WARNING - /opt/airflow/dags/predict.py:29 RemovedInAirflow3Warning: Param `schedule_interval` is deprecated and will be removed in a future release. Please use `schedule` instead.
[2026-02-01T20:15:28.563+0000] {processor.py:840} INFO - DAG(s) 'ml_prediction_pipeline' retrieved from /opt/airflow/dags/predict.py
[2026-02-01T20:15:28.600+0000] {logging_mixin.py:188} INFO - [2026-02-01T20:15:28.599+0000] {dag.py:3096} INFO - Sync 1 DAGs
[2026-02-01T20:15:28.621+0000] {logging_mixin.py:188} INFO - [2026-02-01T20:15:28.621+0000] {dag.py:3954} INFO - Setting next_dagrun for ml_prediction_pipeline to 2026-01-31 00:00:00+00:00, run_after=2026-02-01 00:00:00+00:00
[2026-02-01T20:15:28.649+0000] {processor.py:183} INFO - Processing /opt/airflow/dags/predict.py took 2.583 seconds
[2026-02-01T20:15:59.139+0000] {processor.py:161} INFO - Started process (PID=29251) to work on /opt/airflow/dags/predict.py
[2026-02-01T20:15:59.142+0000] {processor.py:830} INFO - Processing file /opt/airflow/dags/predict.py for tasks to queue
[2026-02-01T20:15:59.144+0000] {logging_mixin.py:188} INFO - [2026-02-01T20:15:59.143+0000] {dagbag.py:545} INFO - Filling up the DagBag from /opt/airflow/dags/predict.py
[2026-02-01T20:16:01.875+0000] {logging_mixin.py:188} WARNING - /opt/airflow/dags/predict.py:34 RemovedInAirflow3Warning: Function `days_ago` is deprecated and will be removed in Airflow 3.0. You can achieve equivalent behavior with `pendulum.today('UTC').add(days=-N, ...)`
[2026-02-01T20:16:01.876+0000] {logging_mixin.py:188} WARNING - /opt/airflow/dags/predict.py:29 RemovedInAirflow3Warning: Param `schedule_interval` is deprecated and will be removed in a future release. Please use `schedule` instead.
[2026-02-01T20:16:01.881+0000] {processor.py:840} INFO - DAG(s) 'ml_prediction_pipeline' retrieved from /opt/airflow/dags/predict.py
[2026-02-01T20:16:01.990+0000] {logging_mixin.py:188} INFO - [2026-02-01T20:16:01.989+0000] {dag.py:3096} INFO - Sync 1 DAGs
[2026-02-01T20:16:02.006+0000] {logging_mixin.py:188} INFO - [2026-02-01T20:16:02.006+0000] {dag.py:3954} INFO - Setting next_dagrun for ml_prediction_pipeline to 2026-01-31 00:00:00+00:00, run_after=2026-02-01 00:00:00+00:00
[2026-02-01T20:16:02.028+0000] {processor.py:183} INFO - Processing /opt/airflow/dags/predict.py took 2.893 seconds
[2026-02-01T20:16:32.439+0000] {processor.py:161} INFO - Started process (PID=29298) to work on /opt/airflow/dags/predict.py
[2026-02-01T20:16:32.439+0000] {processor.py:830} INFO - Processing file /opt/airflow/dags/predict.py for tasks to queue
[2026-02-01T20:16:32.440+0000] {logging_mixin.py:188} INFO - [2026-02-01T20:16:32.440+0000] {dagbag.py:545} INFO - Filling up the DagBag from /opt/airflow/dags/predict.py
[2026-02-01T20:16:34.923+0000] {logging_mixin.py:188} WARNING - /opt/airflow/dags/predict.py:34 RemovedInAirflow3Warning: Function `days_ago` is deprecated and will be removed in Airflow 3.0. You can achieve equivalent behavior with `pendulum.today('UTC').add(days=-N, ...)`
[2026-02-01T20:16:34.924+0000] {logging_mixin.py:188} WARNING - /opt/airflow/dags/predict.py:29 RemovedInAirflow3Warning: Param `schedule_interval` is deprecated and will be removed in a future release. Please use `schedule` instead.
[2026-02-01T20:16:34.928+0000] {processor.py:840} INFO - DAG(s) 'ml_prediction_pipeline' retrieved from /opt/airflow/dags/predict.py
[2026-02-01T20:16:34.956+0000] {logging_mixin.py:188} INFO - [2026-02-01T20:16:34.955+0000] {dag.py:3096} INFO - Sync 1 DAGs
[2026-02-01T20:16:34.984+0000] {logging_mixin.py:188} INFO - [2026-02-01T20:16:34.983+0000] {dag.py:3954} INFO - Setting next_dagrun for ml_prediction_pipeline to 2026-01-31 00:00:00+00:00, run_after=2026-02-01 00:00:00+00:00
[2026-02-01T20:16:35.006+0000] {processor.py:183} INFO - Processing /opt/airflow/dags/predict.py took 2.571 seconds
[2026-02-01T20:17:05.513+0000] {processor.py:161} INFO - Started process (PID=29345) to work on /opt/airflow/dags/predict.py
[2026-02-01T20:17:05.516+0000] {processor.py:830} INFO - Processing file /opt/airflow/dags/predict.py for tasks to queue
[2026-02-01T20:17:05.521+0000] {logging_mixin.py:188} INFO - [2026-02-01T20:17:05.521+0000] {dagbag.py:545} INFO - Filling up the DagBag from /opt/airflow/dags/predict.py
[2026-02-01T20:17:08.022+0000] {logging_mixin.py:188} WARNING - /opt/airflow/dags/predict.py:34 RemovedInAirflow3Warning: Function `days_ago` is deprecated and will be removed in Airflow 3.0. You can achieve equivalent behavior with `pendulum.today('UTC').add(days=-N, ...)`
[2026-02-01T20:17:08.023+0000] {logging_mixin.py:188} WARNING - /opt/airflow/dags/predict.py:29 RemovedInAirflow3Warning: Param `schedule_interval` is deprecated and will be removed in a future release. Please use `schedule` instead.
[2026-02-01T20:17:08.028+0000] {processor.py:840} INFO - DAG(s) 'ml_prediction_pipeline' retrieved from /opt/airflow/dags/predict.py
[2026-02-01T20:17:08.051+0000] {logging_mixin.py:188} INFO - [2026-02-01T20:17:08.050+0000] {dag.py:3096} INFO - Sync 1 DAGs
[2026-02-01T20:17:08.067+0000] {logging_mixin.py:188} INFO - [2026-02-01T20:17:08.067+0000] {dag.py:3954} INFO - Setting next_dagrun for ml_prediction_pipeline to 2026-01-31 00:00:00+00:00, run_after=2026-02-01 00:00:00+00:00
[2026-02-01T20:17:08.087+0000] {processor.py:183} INFO - Processing /opt/airflow/dags/predict.py took 2.583 seconds
[2026-02-01T20:17:38.422+0000] {processor.py:161} INFO - Started process (PID=29392) to work on /opt/airflow/dags/predict.py
[2026-02-01T20:17:38.422+0000] {processor.py:830} INFO - Processing file /opt/airflow/dags/predict.py for tasks to queue
[2026-02-01T20:17:38.424+0000] {logging_mixin.py:188} INFO - [2026-02-01T20:17:38.424+0000] {dagbag.py:545} INFO - Filling up the DagBag from /opt/airflow/dags/predict.py
[2026-02-01T20:17:41.130+0000] {logging_mixin.py:188} WARNING - /opt/airflow/dags/predict.py:34 RemovedInAirflow3Warning: Function `days_ago` is deprecated and will be removed in Airflow 3.0. You can achieve equivalent behavior with `pendulum.today('UTC').add(days=-N, ...)`
[2026-02-01T20:17:41.132+0000] {logging_mixin.py:188} WARNING - /opt/airflow/dags/predict.py:29 RemovedInAirflow3Warning: Param `schedule_interval` is deprecated and will be removed in a future release. Please use `schedule` instead.
[2026-02-01T20:17:41.139+0000] {processor.py:840} INFO - DAG(s) 'ml_prediction_pipeline' retrieved from /opt/airflow/dags/predict.py
[2026-02-01T20:17:41.173+0000] {logging_mixin.py:188} INFO - [2026-02-01T20:17:41.173+0000] {dag.py:3096} INFO - Sync 1 DAGs
[2026-02-01T20:17:41.202+0000] {logging_mixin.py:188} INFO - [2026-02-01T20:17:41.202+0000] {dag.py:3954} INFO - Setting next_dagrun for ml_prediction_pipeline to 2026-01-31 00:00:00+00:00, run_after=2026-02-01 00:00:00+00:00
[2026-02-01T20:17:41.351+0000] {processor.py:183} INFO - Processing /opt/airflow/dags/predict.py took 2.934 seconds
[2026-02-01T20:18:11.674+0000] {processor.py:161} INFO - Started process (PID=29439) to work on /opt/airflow/dags/predict.py
[2026-02-01T20:18:11.678+0000] {processor.py:830} INFO - Processing file /opt/airflow/dags/predict.py for tasks to queue
[2026-02-01T20:18:11.680+0000] {logging_mixin.py:188} INFO - [2026-02-01T20:18:11.680+0000] {dagbag.py:545} INFO - Filling up the DagBag from /opt/airflow/dags/predict.py
[2026-02-01T20:18:14.863+0000] {logging_mixin.py:188} WARNING - /opt/airflow/dags/predict.py:34 RemovedInAirflow3Warning: Function `days_ago` is deprecated and will be removed in Airflow 3.0. You can achieve equivalent behavior with `pendulum.today('UTC').add(days=-N, ...)`
[2026-02-01T20:18:14.865+0000] {logging_mixin.py:188} WARNING - /opt/airflow/dags/predict.py:29 RemovedInAirflow3Warning: Param `schedule_interval` is deprecated and will be removed in a future release. Please use `schedule` instead.
[2026-02-01T20:18:14.871+0000] {processor.py:840} INFO - DAG(s) 'ml_prediction_pipeline' retrieved from /opt/airflow/dags/predict.py
[2026-02-01T20:18:14.895+0000] {logging_mixin.py:188} INFO - [2026-02-01T20:18:14.894+0000] {dag.py:3096} INFO - Sync 1 DAGs
[2026-02-01T20:18:14.916+0000] {logging_mixin.py:188} INFO - [2026-02-01T20:18:14.915+0000] {dag.py:3954} INFO - Setting next_dagrun for ml_prediction_pipeline to 2026-01-31 00:00:00+00:00, run_after=2026-02-01 00:00:00+00:00
[2026-02-01T20:18:15.039+0000] {processor.py:183} INFO - Processing /opt/airflow/dags/predict.py took 3.370 seconds
[2026-02-01T20:18:45.641+0000] {processor.py:161} INFO - Started process (PID=29486) to work on /opt/airflow/dags/predict.py
[2026-02-01T20:18:45.642+0000] {processor.py:830} INFO - Processing file /opt/airflow/dags/predict.py for tasks to queue
[2026-02-01T20:18:45.646+0000] {logging_mixin.py:188} INFO - [2026-02-01T20:18:45.645+0000] {dagbag.py:545} INFO - Filling up the DagBag from /opt/airflow/dags/predict.py
[2026-02-01T20:18:47.930+0000] {logging_mixin.py:188} WARNING - /opt/airflow/dags/predict.py:34 RemovedInAirflow3Warning: Function `days_ago` is deprecated and will be removed in Airflow 3.0. You can achieve equivalent behavior with `pendulum.today('UTC').add(days=-N, ...)`
[2026-02-01T20:18:47.932+0000] {logging_mixin.py:188} WARNING - /opt/airflow/dags/predict.py:29 RemovedInAirflow3Warning: Param `schedule_interval` is deprecated and will be removed in a future release. Please use `schedule` instead.
[2026-02-01T20:18:47.939+0000] {processor.py:840} INFO - DAG(s) 'ml_prediction_pipeline' retrieved from /opt/airflow/dags/predict.py
[2026-02-01T20:18:47.966+0000] {logging_mixin.py:188} INFO - [2026-02-01T20:18:47.966+0000] {dag.py:3096} INFO - Sync 1 DAGs
[2026-02-01T20:18:47.985+0000] {logging_mixin.py:188} INFO - [2026-02-01T20:18:47.985+0000] {dag.py:3954} INFO - Setting next_dagrun for ml_prediction_pipeline to 2026-01-31 00:00:00+00:00, run_after=2026-02-01 00:00:00+00:00
[2026-02-01T20:18:48.003+0000] {processor.py:183} INFO - Processing /opt/airflow/dags/predict.py took 2.369 seconds
[2026-02-01T20:19:18.391+0000] {processor.py:161} INFO - Started process (PID=29533) to work on /opt/airflow/dags/predict.py
[2026-02-01T20:19:18.394+0000] {processor.py:830} INFO - Processing file /opt/airflow/dags/predict.py for tasks to queue
[2026-02-01T20:19:18.396+0000] {logging_mixin.py:188} INFO - [2026-02-01T20:19:18.395+0000] {dagbag.py:545} INFO - Filling up the DagBag from /opt/airflow/dags/predict.py
[2026-02-01T20:19:20.920+0000] {logging_mixin.py:188} WARNING - /opt/airflow/dags/predict.py:34 RemovedInAirflow3Warning: Function `days_ago` is deprecated and will be removed in Airflow 3.0. You can achieve equivalent behavior with `pendulum.today('UTC').add(days=-N, ...)`
[2026-02-01T20:19:20.921+0000] {logging_mixin.py:188} WARNING - /opt/airflow/dags/predict.py:29 RemovedInAirflow3Warning: Param `schedule_interval` is deprecated and will be removed in a future release. Please use `schedule` instead.
[2026-02-01T20:19:20.928+0000] {processor.py:840} INFO - DAG(s) 'ml_prediction_pipeline' retrieved from /opt/airflow/dags/predict.py
[2026-02-01T20:19:21.068+0000] {logging_mixin.py:188} INFO - [2026-02-01T20:19:21.067+0000] {dag.py:3096} INFO - Sync 1 DAGs
[2026-02-01T20:19:21.089+0000] {logging_mixin.py:188} INFO - [2026-02-01T20:19:21.088+0000] {dag.py:3954} INFO - Setting next_dagrun for ml_prediction_pipeline to 2026-01-31 00:00:00+00:00, run_after=2026-02-01 00:00:00+00:00
[2026-02-01T20:19:21.115+0000] {processor.py:183} INFO - Processing /opt/airflow/dags/predict.py took 2.728 seconds
[2026-02-01T20:19:51.899+0000] {processor.py:161} INFO - Started process (PID=29581) to work on /opt/airflow/dags/predict.py
[2026-02-01T20:19:51.900+0000] {processor.py:830} INFO - Processing file /opt/airflow/dags/predict.py for tasks to queue
[2026-02-01T20:19:51.901+0000] {logging_mixin.py:188} INFO - [2026-02-01T20:19:51.901+0000] {dagbag.py:545} INFO - Filling up the DagBag from /opt/airflow/dags/predict.py
[2026-02-01T20:19:54.823+0000] {logging_mixin.py:188} WARNING - /opt/airflow/dags/predict.py:34 RemovedInAirflow3Warning: Function `days_ago` is deprecated and will be removed in Airflow 3.0. You can achieve equivalent behavior with `pendulum.today('UTC').add(days=-N, ...)`
[2026-02-01T20:19:54.825+0000] {logging_mixin.py:188} WARNING - /opt/airflow/dags/predict.py:29 RemovedInAirflow3Warning: Param `schedule_interval` is deprecated and will be removed in a future release. Please use `schedule` instead.
[2026-02-01T20:19:54.829+0000] {processor.py:840} INFO - DAG(s) 'ml_prediction_pipeline' retrieved from /opt/airflow/dags/predict.py
[2026-02-01T20:19:54.854+0000] {logging_mixin.py:188} INFO - [2026-02-01T20:19:54.854+0000] {dag.py:3096} INFO - Sync 1 DAGs
[2026-02-01T20:19:54.872+0000] {logging_mixin.py:188} INFO - [2026-02-01T20:19:54.872+0000] {dag.py:3954} INFO - Setting next_dagrun for ml_prediction_pipeline to 2026-01-31 00:00:00+00:00, run_after=2026-02-01 00:00:00+00:00
[2026-02-01T20:19:54.892+0000] {processor.py:183} INFO - Processing /opt/airflow/dags/predict.py took 3.000 seconds
[2026-02-01T20:20:25.368+0000] {processor.py:161} INFO - Started process (PID=29629) to work on /opt/airflow/dags/predict.py
[2026-02-01T20:20:25.371+0000] {processor.py:830} INFO - Processing file /opt/airflow/dags/predict.py for tasks to queue
[2026-02-01T20:20:25.373+0000] {logging_mixin.py:188} INFO - [2026-02-01T20:20:25.373+0000] {dagbag.py:545} INFO - Filling up the DagBag from /opt/airflow/dags/predict.py
[2026-02-01T20:20:28.360+0000] {logging_mixin.py:188} WARNING - /opt/airflow/dags/predict.py:34 RemovedInAirflow3Warning: Function `days_ago` is deprecated and will be removed in Airflow 3.0. You can achieve equivalent behavior with `pendulum.today('UTC').add(days=-N, ...)`
[2026-02-01T20:20:28.362+0000] {logging_mixin.py:188} WARNING - /opt/airflow/dags/predict.py:29 RemovedInAirflow3Warning: Param `schedule_interval` is deprecated and will be removed in a future release. Please use `schedule` instead.
[2026-02-01T20:20:28.373+0000] {processor.py:840} INFO - DAG(s) 'ml_prediction_pipeline' retrieved from /opt/airflow/dags/predict.py
[2026-02-01T20:20:28.409+0000] {logging_mixin.py:188} INFO - [2026-02-01T20:20:28.408+0000] {dag.py:3096} INFO - Sync 1 DAGs
[2026-02-01T20:20:28.440+0000] {logging_mixin.py:188} INFO - [2026-02-01T20:20:28.440+0000] {dag.py:3954} INFO - Setting next_dagrun for ml_prediction_pipeline to 2026-01-31 00:00:00+00:00, run_after=2026-02-01 00:00:00+00:00
[2026-02-01T20:20:28.469+0000] {processor.py:183} INFO - Processing /opt/airflow/dags/predict.py took 3.105 seconds
[2026-02-01T20:20:59.346+0000] {processor.py:161} INFO - Started process (PID=29676) to work on /opt/airflow/dags/predict.py
[2026-02-01T20:20:59.347+0000] {processor.py:830} INFO - Processing file /opt/airflow/dags/predict.py for tasks to queue
[2026-02-01T20:20:59.348+0000] {logging_mixin.py:188} INFO - [2026-02-01T20:20:59.348+0000] {dagbag.py:545} INFO - Filling up the DagBag from /opt/airflow/dags/predict.py
[2026-02-01T20:21:02.299+0000] {logging_mixin.py:188} WARNING - /opt/airflow/dags/predict.py:34 RemovedInAirflow3Warning: Function `days_ago` is deprecated and will be removed in Airflow 3.0. You can achieve equivalent behavior with `pendulum.today('UTC').add(days=-N, ...)`
[2026-02-01T20:21:02.300+0000] {logging_mixin.py:188} WARNING - /opt/airflow/dags/predict.py:29 RemovedInAirflow3Warning: Param `schedule_interval` is deprecated and will be removed in a future release. Please use `schedule` instead.
[2026-02-01T20:21:02.307+0000] {processor.py:840} INFO - DAG(s) 'ml_prediction_pipeline' retrieved from /opt/airflow/dags/predict.py
[2026-02-01T20:21:02.334+0000] {logging_mixin.py:188} INFO - [2026-02-01T20:21:02.333+0000] {dag.py:3096} INFO - Sync 1 DAGs
[2026-02-01T20:21:02.354+0000] {logging_mixin.py:188} INFO - [2026-02-01T20:21:02.354+0000] {dag.py:3954} INFO - Setting next_dagrun for ml_prediction_pipeline to 2026-01-31 00:00:00+00:00, run_after=2026-02-01 00:00:00+00:00
[2026-02-01T20:21:02.480+0000] {processor.py:183} INFO - Processing /opt/airflow/dags/predict.py took 3.140 seconds
[2026-02-01T20:21:32.575+0000] {processor.py:161} INFO - Started process (PID=29723) to work on /opt/airflow/dags/predict.py
[2026-02-01T20:21:32.577+0000] {processor.py:830} INFO - Processing file /opt/airflow/dags/predict.py for tasks to queue
[2026-02-01T20:21:32.579+0000] {logging_mixin.py:188} INFO - [2026-02-01T20:21:32.579+0000] {dagbag.py:545} INFO - Filling up the DagBag from /opt/airflow/dags/predict.py
[2026-02-01T20:21:35.839+0000] {logging_mixin.py:188} WARNING - /opt/airflow/dags/predict.py:34 RemovedInAirflow3Warning: Function `days_ago` is deprecated and will be removed in Airflow 3.0. You can achieve equivalent behavior with `pendulum.today('UTC').add(days=-N, ...)`
[2026-02-01T20:21:35.841+0000] {logging_mixin.py:188} WARNING - /opt/airflow/dags/predict.py:29 RemovedInAirflow3Warning: Param `schedule_interval` is deprecated and will be removed in a future release. Please use `schedule` instead.
[2026-02-01T20:21:35.847+0000] {processor.py:840} INFO - DAG(s) 'ml_prediction_pipeline' retrieved from /opt/airflow/dags/predict.py
[2026-02-01T20:21:35.880+0000] {logging_mixin.py:188} INFO - [2026-02-01T20:21:35.879+0000] {dag.py:3096} INFO - Sync 1 DAGs
[2026-02-01T20:21:35.904+0000] {logging_mixin.py:188} INFO - [2026-02-01T20:21:35.904+0000] {dag.py:3954} INFO - Setting next_dagrun for ml_prediction_pipeline to 2026-01-31 00:00:00+00:00, run_after=2026-02-01 00:00:00+00:00
[2026-02-01T20:21:36.048+0000] {processor.py:183} INFO - Processing /opt/airflow/dags/predict.py took 3.479 seconds
[2026-02-01T20:22:06.482+0000] {processor.py:161} INFO - Started process (PID=29770) to work on /opt/airflow/dags/predict.py
[2026-02-01T20:22:06.483+0000] {processor.py:830} INFO - Processing file /opt/airflow/dags/predict.py for tasks to queue
[2026-02-01T20:22:06.486+0000] {logging_mixin.py:188} INFO - [2026-02-01T20:22:06.486+0000] {dagbag.py:545} INFO - Filling up the DagBag from /opt/airflow/dags/predict.py
[2026-02-01T20:22:09.072+0000] {logging_mixin.py:188} WARNING - /opt/airflow/dags/predict.py:34 RemovedInAirflow3Warning: Function `days_ago` is deprecated and will be removed in Airflow 3.0. You can achieve equivalent behavior with `pendulum.today('UTC').add(days=-N, ...)`
[2026-02-01T20:22:09.073+0000] {logging_mixin.py:188} WARNING - /opt/airflow/dags/predict.py:29 RemovedInAirflow3Warning: Param `schedule_interval` is deprecated and will be removed in a future release. Please use `schedule` instead.
[2026-02-01T20:22:09.080+0000] {processor.py:840} INFO - DAG(s) 'ml_prediction_pipeline' retrieved from /opt/airflow/dags/predict.py
[2026-02-01T20:22:09.103+0000] {logging_mixin.py:188} INFO - [2026-02-01T20:22:09.103+0000] {dag.py:3096} INFO - Sync 1 DAGs
[2026-02-01T20:22:09.125+0000] {logging_mixin.py:188} INFO - [2026-02-01T20:22:09.124+0000] {dag.py:3954} INFO - Setting next_dagrun for ml_prediction_pipeline to 2026-01-31 00:00:00+00:00, run_after=2026-02-01 00:00:00+00:00
[2026-02-01T20:22:09.147+0000] {processor.py:183} INFO - Processing /opt/airflow/dags/predict.py took 2.669 seconds
[2026-02-01T20:22:39.334+0000] {processor.py:161} INFO - Started process (PID=29815) to work on /opt/airflow/dags/predict.py
[2026-02-01T20:22:39.338+0000] {processor.py:830} INFO - Processing file /opt/airflow/dags/predict.py for tasks to queue
[2026-02-01T20:22:39.342+0000] {logging_mixin.py:188} INFO - [2026-02-01T20:22:39.342+0000] {dagbag.py:545} INFO - Filling up the DagBag from /opt/airflow/dags/predict.py
[2026-02-01T20:22:42.808+0000] {logging_mixin.py:188} WARNING - /opt/airflow/dags/predict.py:34 RemovedInAirflow3Warning: Function `days_ago` is deprecated and will be removed in Airflow 3.0. You can achieve equivalent behavior with `pendulum.today('UTC').add(days=-N, ...)`
[2026-02-01T20:22:42.810+0000] {logging_mixin.py:188} WARNING - /opt/airflow/dags/predict.py:29 RemovedInAirflow3Warning: Param `schedule_interval` is deprecated and will be removed in a future release. Please use `schedule` instead.
[2026-02-01T20:22:42.816+0000] {processor.py:840} INFO - DAG(s) 'ml_prediction_pipeline' retrieved from /opt/airflow/dags/predict.py
[2026-02-01T20:22:42.846+0000] {logging_mixin.py:188} INFO - [2026-02-01T20:22:42.846+0000] {dag.py:3096} INFO - Sync 1 DAGs
[2026-02-01T20:22:42.868+0000] {logging_mixin.py:188} INFO - [2026-02-01T20:22:42.867+0000] {dag.py:3954} INFO - Setting next_dagrun for ml_prediction_pipeline to 2026-01-31 00:00:00+00:00, run_after=2026-02-01 00:00:00+00:00
[2026-02-01T20:22:42.898+0000] {processor.py:183} INFO - Processing /opt/airflow/dags/predict.py took 3.579 seconds
[2026-02-01T20:23:13.223+0000] {processor.py:161} INFO - Started process (PID=29847) to work on /opt/airflow/dags/predict.py
[2026-02-01T20:23:13.226+0000] {processor.py:830} INFO - Processing file /opt/airflow/dags/predict.py for tasks to queue
[2026-02-01T20:23:13.230+0000] {logging_mixin.py:188} INFO - [2026-02-01T20:23:13.229+0000] {dagbag.py:545} INFO - Filling up the DagBag from /opt/airflow/dags/predict.py
[2026-02-01T20:23:19.565+0000] {logging_mixin.py:188} WARNING - /opt/airflow/dags/predict.py:34 RemovedInAirflow3Warning: Function `days_ago` is deprecated and will be removed in Airflow 3.0. You can achieve equivalent behavior with `pendulum.today('UTC').add(days=-N, ...)`
[2026-02-01T20:23:19.570+0000] {logging_mixin.py:188} WARNING - /opt/airflow/dags/predict.py:29 RemovedInAirflow3Warning: Param `schedule_interval` is deprecated and will be removed in a future release. Please use `schedule` instead.
[2026-02-01T20:23:19.577+0000] {processor.py:840} INFO - DAG(s) 'ml_prediction_pipeline' retrieved from /opt/airflow/dags/predict.py
[2026-02-01T20:23:19.724+0000] {logging_mixin.py:188} INFO - [2026-02-01T20:23:19.723+0000] {dag.py:3096} INFO - Sync 1 DAGs
[2026-02-01T20:23:19.749+0000] {logging_mixin.py:188} INFO - [2026-02-01T20:23:19.748+0000] {dag.py:3954} INFO - Setting next_dagrun for ml_prediction_pipeline to 2026-01-31 00:00:00+00:00, run_after=2026-02-01 00:00:00+00:00
[2026-02-01T20:23:19.774+0000] {processor.py:183} INFO - Processing /opt/airflow/dags/predict.py took 6.564 seconds
[2026-02-01T20:23:50.426+0000] {processor.py:161} INFO - Started process (PID=29893) to work on /opt/airflow/dags/predict.py
[2026-02-01T20:23:50.427+0000] {processor.py:830} INFO - Processing file /opt/airflow/dags/predict.py for tasks to queue
[2026-02-01T20:23:50.430+0000] {logging_mixin.py:188} INFO - [2026-02-01T20:23:50.429+0000] {dagbag.py:545} INFO - Filling up the DagBag from /opt/airflow/dags/predict.py
[2026-02-01T20:23:55.854+0000] {logging_mixin.py:188} WARNING - /opt/airflow/dags/predict.py:34 RemovedInAirflow3Warning: Function `days_ago` is deprecated and will be removed in Airflow 3.0. You can achieve equivalent behavior with `pendulum.today('UTC').add(days=-N, ...)`
[2026-02-01T20:23:55.857+0000] {logging_mixin.py:188} WARNING - /opt/airflow/dags/predict.py:29 RemovedInAirflow3Warning: Param `schedule_interval` is deprecated and will be removed in a future release. Please use `schedule` instead.
[2026-02-01T20:23:55.869+0000] {processor.py:840} INFO - DAG(s) 'ml_prediction_pipeline' retrieved from /opt/airflow/dags/predict.py
[2026-02-01T20:23:55.933+0000] {logging_mixin.py:188} INFO - [2026-02-01T20:23:55.933+0000] {dag.py:3096} INFO - Sync 1 DAGs
[2026-02-01T20:23:55.975+0000] {logging_mixin.py:188} INFO - [2026-02-01T20:23:55.975+0000] {dag.py:3954} INFO - Setting next_dagrun for ml_prediction_pipeline to 2026-01-31 00:00:00+00:00, run_after=2026-02-01 00:00:00+00:00
[2026-02-01T20:23:56.017+0000] {processor.py:183} INFO - Processing /opt/airflow/dags/predict.py took 5.598 seconds
[2026-02-01T20:24:26.713+0000] {processor.py:161} INFO - Started process (PID=29937) to work on /opt/airflow/dags/predict.py
[2026-02-01T20:24:26.716+0000] {processor.py:830} INFO - Processing file /opt/airflow/dags/predict.py for tasks to queue
[2026-02-01T20:24:26.718+0000] {logging_mixin.py:188} INFO - [2026-02-01T20:24:26.718+0000] {dagbag.py:545} INFO - Filling up the DagBag from /opt/airflow/dags/predict.py
[2026-02-01T20:24:29.786+0000] {logging_mixin.py:188} WARNING - /opt/airflow/dags/predict.py:34 RemovedInAirflow3Warning: Function `days_ago` is deprecated and will be removed in Airflow 3.0. You can achieve equivalent behavior with `pendulum.today('UTC').add(days=-N, ...)`
[2026-02-01T20:24:29.788+0000] {logging_mixin.py:188} WARNING - /opt/airflow/dags/predict.py:29 RemovedInAirflow3Warning: Param `schedule_interval` is deprecated and will be removed in a future release. Please use `schedule` instead.
[2026-02-01T20:24:29.797+0000] {processor.py:840} INFO - DAG(s) 'ml_prediction_pipeline' retrieved from /opt/airflow/dags/predict.py
[2026-02-01T20:24:29.842+0000] {logging_mixin.py:188} INFO - [2026-02-01T20:24:29.841+0000] {dag.py:3096} INFO - Sync 1 DAGs
[2026-02-01T20:24:29.880+0000] {logging_mixin.py:188} INFO - [2026-02-01T20:24:29.879+0000] {dag.py:3954} INFO - Setting next_dagrun for ml_prediction_pipeline to 2026-01-31 00:00:00+00:00, run_after=2026-02-01 00:00:00+00:00
[2026-02-01T20:24:29.915+0000] {processor.py:183} INFO - Processing /opt/airflow/dags/predict.py took 3.208 seconds
[2026-02-01T20:25:00.350+0000] {processor.py:161} INFO - Started process (PID=29984) to work on /opt/airflow/dags/predict.py
[2026-02-01T20:25:00.351+0000] {processor.py:830} INFO - Processing file /opt/airflow/dags/predict.py for tasks to queue
[2026-02-01T20:25:00.354+0000] {logging_mixin.py:188} INFO - [2026-02-01T20:25:00.353+0000] {dagbag.py:545} INFO - Filling up the DagBag from /opt/airflow/dags/predict.py
[2026-02-01T20:25:04.963+0000] {logging_mixin.py:188} WARNING - /opt/airflow/dags/predict.py:34 RemovedInAirflow3Warning: Function `days_ago` is deprecated and will be removed in Airflow 3.0. You can achieve equivalent behavior with `pendulum.today('UTC').add(days=-N, ...)`
[2026-02-01T20:25:04.965+0000] {logging_mixin.py:188} WARNING - /opt/airflow/dags/predict.py:29 RemovedInAirflow3Warning: Param `schedule_interval` is deprecated and will be removed in a future release. Please use `schedule` instead.
[2026-02-01T20:25:04.977+0000] {processor.py:840} INFO - DAG(s) 'ml_prediction_pipeline' retrieved from /opt/airflow/dags/predict.py
[2026-02-01T20:25:05.026+0000] {logging_mixin.py:188} INFO - [2026-02-01T20:25:05.025+0000] {dag.py:3096} INFO - Sync 1 DAGs
[2026-02-01T20:25:05.066+0000] {logging_mixin.py:188} INFO - [2026-02-01T20:25:05.065+0000] {dag.py:3954} INFO - Setting next_dagrun for ml_prediction_pipeline to 2026-01-31 00:00:00+00:00, run_after=2026-02-01 00:00:00+00:00
[2026-02-01T20:25:05.113+0000] {processor.py:183} INFO - Processing /opt/airflow/dags/predict.py took 4.773 seconds
[2026-02-01T20:25:35.713+0000] {processor.py:161} INFO - Started process (PID=30031) to work on /opt/airflow/dags/predict.py
[2026-02-01T20:25:35.716+0000] {processor.py:830} INFO - Processing file /opt/airflow/dags/predict.py for tasks to queue
[2026-02-01T20:25:35.718+0000] {logging_mixin.py:188} INFO - [2026-02-01T20:25:35.717+0000] {dagbag.py:545} INFO - Filling up the DagBag from /opt/airflow/dags/predict.py
[2026-02-01T20:25:38.166+0000] {logging_mixin.py:188} WARNING - /opt/airflow/dags/predict.py:34 RemovedInAirflow3Warning: Function `days_ago` is deprecated and will be removed in Airflow 3.0. You can achieve equivalent behavior with `pendulum.today('UTC').add(days=-N, ...)`
[2026-02-01T20:25:38.168+0000] {logging_mixin.py:188} WARNING - /opt/airflow/dags/predict.py:29 RemovedInAirflow3Warning: Param `schedule_interval` is deprecated and will be removed in a future release. Please use `schedule` instead.
[2026-02-01T20:25:38.174+0000] {processor.py:840} INFO - DAG(s) 'ml_prediction_pipeline' retrieved from /opt/airflow/dags/predict.py
[2026-02-01T20:25:42.037+0000] {logging_mixin.py:188} INFO - [2026-02-01T20:25:42.036+0000] {dag.py:3096} INFO - Sync 1 DAGs
[2026-02-01T20:25:42.060+0000] {logging_mixin.py:188} INFO - [2026-02-01T20:25:42.059+0000] {dag.py:3954} INFO - Setting next_dagrun for ml_prediction_pipeline to 2026-01-31 00:00:00+00:00, run_after=2026-02-01 00:00:00+00:00
[2026-02-01T20:25:42.087+0000] {processor.py:183} INFO - Processing /opt/airflow/dags/predict.py took 3.046 seconds
[2026-02-01T20:26:15.631+0000] {processor.py:161} INFO - Started process (PID=30078) to work on /opt/airflow/dags/predict.py
[2026-02-01T20:26:15.634+0000] {processor.py:830} INFO - Processing file /opt/airflow/dags/predict.py for tasks to queue
[2026-02-01T20:26:15.639+0000] {logging_mixin.py:188} INFO - [2026-02-01T20:26:15.639+0000] {dagbag.py:545} INFO - Filling up the DagBag from /opt/airflow/dags/predict.py
[2026-02-01T20:26:19.870+0000] {logging_mixin.py:188} WARNING - /opt/airflow/dags/predict.py:34 RemovedInAirflow3Warning: Function `days_ago` is deprecated and will be removed in Airflow 3.0. You can achieve equivalent behavior with `pendulum.today('UTC').add(days=-N, ...)`
[2026-02-01T20:26:19.871+0000] {logging_mixin.py:188} WARNING - /opt/airflow/dags/predict.py:29 RemovedInAirflow3Warning: Param `schedule_interval` is deprecated and will be removed in a future release. Please use `schedule` instead.
[2026-02-01T20:26:19.876+0000] {processor.py:840} INFO - DAG(s) 'ml_prediction_pipeline' retrieved from /opt/airflow/dags/predict.py
[2026-02-01T20:26:19.906+0000] {logging_mixin.py:188} INFO - [2026-02-01T20:26:19.905+0000] {dag.py:3096} INFO - Sync 1 DAGs
[2026-02-01T20:26:19.928+0000] {logging_mixin.py:188} INFO - [2026-02-01T20:26:19.927+0000] {dag.py:3954} INFO - Setting next_dagrun for ml_prediction_pipeline to 2026-01-31 00:00:00+00:00, run_after=2026-02-01 00:00:00+00:00
[2026-02-01T20:26:19.951+0000] {processor.py:183} INFO - Processing /opt/airflow/dags/predict.py took 4.330 seconds
[2026-02-01T20:26:50.106+0000] {processor.py:161} INFO - Started process (PID=30131) to work on /opt/airflow/dags/predict.py
[2026-02-01T20:26:50.108+0000] {processor.py:830} INFO - Processing file /opt/airflow/dags/predict.py for tasks to queue
[2026-02-01T20:26:50.110+0000] {logging_mixin.py:188} INFO - [2026-02-01T20:26:50.109+0000] {dagbag.py:545} INFO - Filling up the DagBag from /opt/airflow/dags/predict.py
[2026-02-01T20:26:53.432+0000] {logging_mixin.py:188} WARNING - /opt/airflow/dags/predict.py:34 RemovedInAirflow3Warning: Function `days_ago` is deprecated and will be removed in Airflow 3.0. You can achieve equivalent behavior with `pendulum.today('UTC').add(days=-N, ...)`
[2026-02-01T20:26:53.433+0000] {logging_mixin.py:188} WARNING - /opt/airflow/dags/predict.py:29 RemovedInAirflow3Warning: Param `schedule_interval` is deprecated and will be removed in a future release. Please use `schedule` instead.
[2026-02-01T20:26:53.439+0000] {processor.py:840} INFO - DAG(s) 'ml_prediction_pipeline' retrieved from /opt/airflow/dags/predict.py
[2026-02-01T20:26:53.473+0000] {logging_mixin.py:188} INFO - [2026-02-01T20:26:53.472+0000] {dag.py:3096} INFO - Sync 1 DAGs
[2026-02-01T20:26:53.501+0000] {logging_mixin.py:188} INFO - [2026-02-01T20:26:53.501+0000] {dag.py:3954} INFO - Setting next_dagrun for ml_prediction_pipeline to 2026-01-31 00:00:00+00:00, run_after=2026-02-01 00:00:00+00:00
[2026-02-01T20:26:53.528+0000] {processor.py:183} INFO - Processing /opt/airflow/dags/predict.py took 3.428 seconds
[2026-02-01T20:27:24.030+0000] {processor.py:161} INFO - Started process (PID=30178) to work on /opt/airflow/dags/predict.py
[2026-02-01T20:27:24.031+0000] {processor.py:830} INFO - Processing file /opt/airflow/dags/predict.py for tasks to queue
[2026-02-01T20:27:24.033+0000] {logging_mixin.py:188} INFO - [2026-02-01T20:27:24.033+0000] {dagbag.py:545} INFO - Filling up the DagBag from /opt/airflow/dags/predict.py
[2026-02-01T20:27:27.162+0000] {logging_mixin.py:188} WARNING - /opt/airflow/dags/predict.py:34 RemovedInAirflow3Warning: Function `days_ago` is deprecated and will be removed in Airflow 3.0. You can achieve equivalent behavior with `pendulum.today('UTC').add(days=-N, ...)`
[2026-02-01T20:27:27.164+0000] {logging_mixin.py:188} WARNING - /opt/airflow/dags/predict.py:29 RemovedInAirflow3Warning: Param `schedule_interval` is deprecated and will be removed in a future release. Please use `schedule` instead.
[2026-02-01T20:27:27.170+0000] {processor.py:840} INFO - DAG(s) 'ml_prediction_pipeline' retrieved from /opt/airflow/dags/predict.py
[2026-02-01T20:27:27.196+0000] {logging_mixin.py:188} INFO - [2026-02-01T20:27:27.195+0000] {dag.py:3096} INFO - Sync 1 DAGs
[2026-02-01T20:27:27.215+0000] {logging_mixin.py:188} INFO - [2026-02-01T20:27:27.215+0000] {dag.py:3954} INFO - Setting next_dagrun for ml_prediction_pipeline to 2026-01-31 00:00:00+00:00, run_after=2026-02-01 00:00:00+00:00
[2026-02-01T20:27:27.237+0000] {processor.py:183} INFO - Processing /opt/airflow/dags/predict.py took 3.215 seconds
[2026-02-01T20:27:57.815+0000] {processor.py:161} INFO - Started process (PID=30225) to work on /opt/airflow/dags/predict.py
[2026-02-01T20:27:57.821+0000] {processor.py:830} INFO - Processing file /opt/airflow/dags/predict.py for tasks to queue
[2026-02-01T20:27:57.824+0000] {logging_mixin.py:188} INFO - [2026-02-01T20:27:57.824+0000] {dagbag.py:545} INFO - Filling up the DagBag from /opt/airflow/dags/predict.py
[2026-02-01T20:28:01.843+0000] {logging_mixin.py:188} WARNING - /opt/airflow/dags/predict.py:34 RemovedInAirflow3Warning: Function `days_ago` is deprecated and will be removed in Airflow 3.0. You can achieve equivalent behavior with `pendulum.today('UTC').add(days=-N, ...)`
[2026-02-01T20:28:01.845+0000] {logging_mixin.py:188} WARNING - /opt/airflow/dags/predict.py:29 RemovedInAirflow3Warning: Param `schedule_interval` is deprecated and will be removed in a future release. Please use `schedule` instead.
[2026-02-01T20:28:01.850+0000] {processor.py:840} INFO - DAG(s) 'ml_prediction_pipeline' retrieved from /opt/airflow/dags/predict.py
[2026-02-01T20:28:01.878+0000] {logging_mixin.py:188} INFO - [2026-02-01T20:28:01.877+0000] {dag.py:3096} INFO - Sync 1 DAGs
[2026-02-01T20:28:02.013+0000] {logging_mixin.py:188} INFO - [2026-02-01T20:28:02.012+0000] {dag.py:3954} INFO - Setting next_dagrun for ml_prediction_pipeline to 2026-01-31 00:00:00+00:00, run_after=2026-02-01 00:00:00+00:00
[2026-02-01T20:28:02.040+0000] {processor.py:183} INFO - Processing /opt/airflow/dags/predict.py took 4.235 seconds
[2026-02-01T20:28:32.685+0000] {processor.py:161} INFO - Started process (PID=30278) to work on /opt/airflow/dags/predict.py
[2026-02-01T20:28:32.686+0000] {processor.py:830} INFO - Processing file /opt/airflow/dags/predict.py for tasks to queue
[2026-02-01T20:28:32.689+0000] {logging_mixin.py:188} INFO - [2026-02-01T20:28:32.688+0000] {dagbag.py:545} INFO - Filling up the DagBag from /opt/airflow/dags/predict.py
[2026-02-01T20:28:36.216+0000] {logging_mixin.py:188} WARNING - /opt/airflow/dags/predict.py:34 RemovedInAirflow3Warning: Function `days_ago` is deprecated and will be removed in Airflow 3.0. You can achieve equivalent behavior with `pendulum.today('UTC').add(days=-N, ...)`
[2026-02-01T20:28:36.220+0000] {logging_mixin.py:188} WARNING - /opt/airflow/dags/predict.py:29 RemovedInAirflow3Warning: Param `schedule_interval` is deprecated and will be removed in a future release. Please use `schedule` instead.
[2026-02-01T20:28:36.231+0000] {processor.py:840} INFO - DAG(s) 'ml_prediction_pipeline' retrieved from /opt/airflow/dags/predict.py
[2026-02-01T20:28:36.287+0000] {logging_mixin.py:188} INFO - [2026-02-01T20:28:36.286+0000] {dag.py:3096} INFO - Sync 1 DAGs
[2026-02-01T20:28:36.543+0000] {logging_mixin.py:188} INFO - [2026-02-01T20:28:36.543+0000] {dag.py:3954} INFO - Setting next_dagrun for ml_prediction_pipeline to 2026-01-31 00:00:00+00:00, run_after=2026-02-01 00:00:00+00:00
[2026-02-01T20:28:36.596+0000] {processor.py:183} INFO - Processing /opt/airflow/dags/predict.py took 3.917 seconds
[2026-02-01T20:29:06.854+0000] {processor.py:161} INFO - Started process (PID=30325) to work on /opt/airflow/dags/predict.py
[2026-02-01T20:29:06.856+0000] {processor.py:830} INFO - Processing file /opt/airflow/dags/predict.py for tasks to queue
[2026-02-01T20:29:06.857+0000] {logging_mixin.py:188} INFO - [2026-02-01T20:29:06.857+0000] {dagbag.py:545} INFO - Filling up the DagBag from /opt/airflow/dags/predict.py
[2026-02-01T20:29:09.154+0000] {logging_mixin.py:188} WARNING - /opt/airflow/dags/predict.py:34 RemovedInAirflow3Warning: Function `days_ago` is deprecated and will be removed in Airflow 3.0. You can achieve equivalent behavior with `pendulum.today('UTC').add(days=-N, ...)`
[2026-02-01T20:29:09.156+0000] {logging_mixin.py:188} WARNING - /opt/airflow/dags/predict.py:29 RemovedInAirflow3Warning: Param `schedule_interval` is deprecated and will be removed in a future release. Please use `schedule` instead.
[2026-02-01T20:29:09.161+0000] {processor.py:840} INFO - DAG(s) 'ml_prediction_pipeline' retrieved from /opt/airflow/dags/predict.py
[2026-02-01T20:29:09.184+0000] {logging_mixin.py:188} INFO - [2026-02-01T20:29:09.183+0000] {dag.py:3096} INFO - Sync 1 DAGs
[2026-02-01T20:29:09.205+0000] {logging_mixin.py:188} INFO - [2026-02-01T20:29:09.204+0000] {dag.py:3954} INFO - Setting next_dagrun for ml_prediction_pipeline to 2026-01-31 00:00:00+00:00, run_after=2026-02-01 00:00:00+00:00
[2026-02-01T20:29:09.227+0000] {processor.py:183} INFO - Processing /opt/airflow/dags/predict.py took 2.378 seconds
[2026-02-01T20:29:39.465+0000] {processor.py:161} INFO - Started process (PID=30372) to work on /opt/airflow/dags/predict.py
[2026-02-01T20:29:39.466+0000] {processor.py:830} INFO - Processing file /opt/airflow/dags/predict.py for tasks to queue
[2026-02-01T20:29:39.467+0000] {logging_mixin.py:188} INFO - [2026-02-01T20:29:39.467+0000] {dagbag.py:545} INFO - Filling up the DagBag from /opt/airflow/dags/predict.py
[2026-02-01T20:29:41.841+0000] {logging_mixin.py:188} WARNING - /opt/airflow/dags/predict.py:34 RemovedInAirflow3Warning: Function `days_ago` is deprecated and will be removed in Airflow 3.0. You can achieve equivalent behavior with `pendulum.today('UTC').add(days=-N, ...)`
[2026-02-01T20:29:41.842+0000] {logging_mixin.py:188} WARNING - /opt/airflow/dags/predict.py:29 RemovedInAirflow3Warning: Param `schedule_interval` is deprecated and will be removed in a future release. Please use `schedule` instead.
[2026-02-01T20:29:41.848+0000] {processor.py:840} INFO - DAG(s) 'ml_prediction_pipeline' retrieved from /opt/airflow/dags/predict.py
[2026-02-01T20:29:41.968+0000] {logging_mixin.py:188} INFO - [2026-02-01T20:29:41.967+0000] {dag.py:3096} INFO - Sync 1 DAGs
[2026-02-01T20:29:41.985+0000] {logging_mixin.py:188} INFO - [2026-02-01T20:29:41.985+0000] {dag.py:3954} INFO - Setting next_dagrun for ml_prediction_pipeline to 2026-01-31 00:00:00+00:00, run_after=2026-02-01 00:00:00+00:00
[2026-02-01T20:29:42.007+0000] {processor.py:183} INFO - Processing /opt/airflow/dags/predict.py took 2.547 seconds
[2026-02-01T20:30:12.210+0000] {processor.py:161} INFO - Started process (PID=30413) to work on /opt/airflow/dags/predict.py
[2026-02-01T20:30:12.213+0000] {processor.py:830} INFO - Processing file /opt/airflow/dags/predict.py for tasks to queue
[2026-02-01T20:30:12.216+0000] {logging_mixin.py:188} INFO - [2026-02-01T20:30:12.215+0000] {dagbag.py:545} INFO - Filling up the DagBag from /opt/airflow/dags/predict.py
[2026-02-01T20:30:16.615+0000] {logging_mixin.py:188} WARNING - /opt/airflow/dags/predict.py:34 RemovedInAirflow3Warning: Function `days_ago` is deprecated and will be removed in Airflow 3.0. You can achieve equivalent behavior with `pendulum.today('UTC').add(days=-N, ...)`
[2026-02-01T20:30:16.617+0000] {logging_mixin.py:188} WARNING - /opt/airflow/dags/predict.py:29 RemovedInAirflow3Warning: Param `schedule_interval` is deprecated and will be removed in a future release. Please use `schedule` instead.
[2026-02-01T20:30:16.624+0000] {processor.py:840} INFO - DAG(s) 'ml_prediction_pipeline' retrieved from /opt/airflow/dags/predict.py
[2026-02-01T20:30:16.662+0000] {logging_mixin.py:188} INFO - [2026-02-01T20:30:16.660+0000] {dag.py:3096} INFO - Sync 1 DAGs
[2026-02-01T20:30:16.696+0000] {logging_mixin.py:188} INFO - [2026-02-01T20:30:16.696+0000] {dag.py:3954} INFO - Setting next_dagrun for ml_prediction_pipeline to 2026-01-31 00:00:00+00:00, run_after=2026-02-01 00:00:00+00:00
[2026-02-01T20:30:16.725+0000] {processor.py:183} INFO - Processing /opt/airflow/dags/predict.py took 4.522 seconds
[2026-02-01T20:30:47.198+0000] {processor.py:161} INFO - Started process (PID=30466) to work on /opt/airflow/dags/predict.py
[2026-02-01T20:30:47.199+0000] {processor.py:830} INFO - Processing file /opt/airflow/dags/predict.py for tasks to queue
[2026-02-01T20:30:47.200+0000] {logging_mixin.py:188} INFO - [2026-02-01T20:30:47.200+0000] {dagbag.py:545} INFO - Filling up the DagBag from /opt/airflow/dags/predict.py
[2026-02-01T20:30:50.209+0000] {logging_mixin.py:188} WARNING - /opt/airflow/dags/predict.py:34 RemovedInAirflow3Warning: Function `days_ago` is deprecated and will be removed in Airflow 3.0. You can achieve equivalent behavior with `pendulum.today('UTC').add(days=-N, ...)`
[2026-02-01T20:30:50.211+0000] {logging_mixin.py:188} WARNING - /opt/airflow/dags/predict.py:29 RemovedInAirflow3Warning: Param `schedule_interval` is deprecated and will be removed in a future release. Please use `schedule` instead.
[2026-02-01T20:30:50.222+0000] {processor.py:840} INFO - DAG(s) 'ml_prediction_pipeline' retrieved from /opt/airflow/dags/predict.py
[2026-02-01T20:30:50.266+0000] {logging_mixin.py:188} INFO - [2026-02-01T20:30:50.265+0000] {dag.py:3096} INFO - Sync 1 DAGs
[2026-02-01T20:30:50.312+0000] {logging_mixin.py:188} INFO - [2026-02-01T20:30:50.312+0000] {dag.py:3954} INFO - Setting next_dagrun for ml_prediction_pipeline to 2026-01-31 00:00:00+00:00, run_after=2026-02-01 00:00:00+00:00
[2026-02-01T20:30:50.354+0000] {processor.py:183} INFO - Processing /opt/airflow/dags/predict.py took 3.161 seconds
[2026-02-01T20:31:20.745+0000] {processor.py:161} INFO - Started process (PID=30513) to work on /opt/airflow/dags/predict.py
[2026-02-01T20:31:20.746+0000] {processor.py:830} INFO - Processing file /opt/airflow/dags/predict.py for tasks to queue
[2026-02-01T20:31:20.747+0000] {logging_mixin.py:188} INFO - [2026-02-01T20:31:20.747+0000] {dagbag.py:545} INFO - Filling up the DagBag from /opt/airflow/dags/predict.py
[2026-02-01T20:31:23.666+0000] {logging_mixin.py:188} WARNING - /opt/airflow/dags/predict.py:34 RemovedInAirflow3Warning: Function `days_ago` is deprecated and will be removed in Airflow 3.0. You can achieve equivalent behavior with `pendulum.today('UTC').add(days=-N, ...)`
[2026-02-01T20:31:23.667+0000] {logging_mixin.py:188} WARNING - /opt/airflow/dags/predict.py:29 RemovedInAirflow3Warning: Param `schedule_interval` is deprecated and will be removed in a future release. Please use `schedule` instead.
[2026-02-01T20:31:23.673+0000] {processor.py:840} INFO - DAG(s) 'ml_prediction_pipeline' retrieved from /opt/airflow/dags/predict.py
[2026-02-01T20:31:23.708+0000] {logging_mixin.py:188} INFO - [2026-02-01T20:31:23.708+0000] {dag.py:3096} INFO - Sync 1 DAGs
[2026-02-01T20:31:23.731+0000] {logging_mixin.py:188} INFO - [2026-02-01T20:31:23.731+0000] {dag.py:3954} INFO - Setting next_dagrun for ml_prediction_pipeline to 2026-01-31 00:00:00+00:00, run_after=2026-02-01 00:00:00+00:00
[2026-02-01T20:31:23.760+0000] {processor.py:183} INFO - Processing /opt/airflow/dags/predict.py took 3.019 seconds
[2026-02-01T20:31:54.389+0000] {processor.py:161} INFO - Started process (PID=30560) to work on /opt/airflow/dags/predict.py
[2026-02-01T20:31:54.391+0000] {processor.py:830} INFO - Processing file /opt/airflow/dags/predict.py for tasks to queue
[2026-02-01T20:31:54.395+0000] {logging_mixin.py:188} INFO - [2026-02-01T20:31:54.394+0000] {dagbag.py:545} INFO - Filling up the DagBag from /opt/airflow/dags/predict.py
[2026-02-01T20:31:59.181+0000] {logging_mixin.py:188} WARNING - /opt/airflow/dags/predict.py:34 RemovedInAirflow3Warning: Function `days_ago` is deprecated and will be removed in Airflow 3.0. You can achieve equivalent behavior with `pendulum.today('UTC').add(days=-N, ...)`
[2026-02-01T20:31:59.183+0000] {logging_mixin.py:188} WARNING - /opt/airflow/dags/predict.py:29 RemovedInAirflow3Warning: Param `schedule_interval` is deprecated and will be removed in a future release. Please use `schedule` instead.
[2026-02-01T20:31:59.191+0000] {processor.py:840} INFO - DAG(s) 'ml_prediction_pipeline' retrieved from /opt/airflow/dags/predict.py
[2026-02-01T20:31:59.343+0000] {logging_mixin.py:188} INFO - [2026-02-01T20:31:59.343+0000] {dag.py:3096} INFO - Sync 1 DAGs
[2026-02-01T20:31:59.367+0000] {logging_mixin.py:188} INFO - [2026-02-01T20:31:59.366+0000] {dag.py:3954} INFO - Setting next_dagrun for ml_prediction_pipeline to 2026-01-31 00:00:00+00:00, run_after=2026-02-01 00:00:00+00:00
[2026-02-01T20:31:59.391+0000] {processor.py:183} INFO - Processing /opt/airflow/dags/predict.py took 5.009 seconds
[2026-02-01T20:32:29.851+0000] {processor.py:161} INFO - Started process (PID=30607) to work on /opt/airflow/dags/predict.py
[2026-02-01T20:32:29.851+0000] {processor.py:830} INFO - Processing file /opt/airflow/dags/predict.py for tasks to queue
[2026-02-01T20:32:29.852+0000] {logging_mixin.py:188} INFO - [2026-02-01T20:32:29.852+0000] {dagbag.py:545} INFO - Filling up the DagBag from /opt/airflow/dags/predict.py
[2026-02-01T20:32:33.003+0000] {logging_mixin.py:188} WARNING - /opt/airflow/dags/predict.py:34 RemovedInAirflow3Warning: Function `days_ago` is deprecated and will be removed in Airflow 3.0. You can achieve equivalent behavior with `pendulum.today('UTC').add(days=-N, ...)`
[2026-02-01T20:32:33.005+0000] {logging_mixin.py:188} WARNING - /opt/airflow/dags/predict.py:29 RemovedInAirflow3Warning: Param `schedule_interval` is deprecated and will be removed in a future release. Please use `schedule` instead.
[2026-02-01T20:32:33.018+0000] {processor.py:840} INFO - DAG(s) 'ml_prediction_pipeline' retrieved from /opt/airflow/dags/predict.py
[2026-02-01T20:32:33.085+0000] {logging_mixin.py:188} INFO - [2026-02-01T20:32:33.084+0000] {dag.py:3096} INFO - Sync 1 DAGs
[2026-02-01T20:32:33.131+0000] {logging_mixin.py:188} INFO - [2026-02-01T20:32:33.131+0000] {dag.py:3954} INFO - Setting next_dagrun for ml_prediction_pipeline to 2026-01-31 00:00:00+00:00, run_after=2026-02-01 00:00:00+00:00
[2026-02-01T20:32:33.175+0000] {processor.py:183} INFO - Processing /opt/airflow/dags/predict.py took 3.328 seconds
[2026-02-01T20:33:03.357+0000] {processor.py:161} INFO - Started process (PID=30658) to work on /opt/airflow/dags/predict.py
[2026-02-01T20:33:03.360+0000] {processor.py:830} INFO - Processing file /opt/airflow/dags/predict.py for tasks to queue
[2026-02-01T20:33:03.361+0000] {logging_mixin.py:188} INFO - [2026-02-01T20:33:03.361+0000] {dagbag.py:545} INFO - Filling up the DagBag from /opt/airflow/dags/predict.py
[2026-02-01T20:33:06.469+0000] {logging_mixin.py:188} WARNING - /opt/airflow/dags/predict.py:34 RemovedInAirflow3Warning: Function `days_ago` is deprecated and will be removed in Airflow 3.0. You can achieve equivalent behavior with `pendulum.today('UTC').add(days=-N, ...)`
[2026-02-01T20:33:06.471+0000] {logging_mixin.py:188} WARNING - /opt/airflow/dags/predict.py:29 RemovedInAirflow3Warning: Param `schedule_interval` is deprecated and will be removed in a future release. Please use `schedule` instead.
[2026-02-01T20:33:06.478+0000] {processor.py:840} INFO - DAG(s) 'ml_prediction_pipeline' retrieved from /opt/airflow/dags/predict.py
[2026-02-01T20:33:06.507+0000] {logging_mixin.py:188} INFO - [2026-02-01T20:33:06.506+0000] {dag.py:3096} INFO - Sync 1 DAGs
[2026-02-01T20:33:06.526+0000] {logging_mixin.py:188} INFO - [2026-02-01T20:33:06.525+0000] {dag.py:3954} INFO - Setting next_dagrun for ml_prediction_pipeline to 2026-01-31 00:00:00+00:00, run_after=2026-02-01 00:00:00+00:00
[2026-02-01T20:33:06.545+0000] {processor.py:183} INFO - Processing /opt/airflow/dags/predict.py took 3.194 seconds
[2026-02-01T20:33:36.994+0000] {processor.py:161} INFO - Started process (PID=30705) to work on /opt/airflow/dags/predict.py
[2026-02-01T20:33:36.996+0000] {processor.py:830} INFO - Processing file /opt/airflow/dags/predict.py for tasks to queue
[2026-02-01T20:33:37.001+0000] {logging_mixin.py:188} INFO - [2026-02-01T20:33:37.000+0000] {dagbag.py:545} INFO - Filling up the DagBag from /opt/airflow/dags/predict.py
[2026-02-01T20:33:39.927+0000] {logging_mixin.py:188} WARNING - /opt/airflow/dags/predict.py:34 RemovedInAirflow3Warning: Function `days_ago` is deprecated and will be removed in Airflow 3.0. You can achieve equivalent behavior with `pendulum.today('UTC').add(days=-N, ...)`
[2026-02-01T20:33:39.928+0000] {logging_mixin.py:188} WARNING - /opt/airflow/dags/predict.py:29 RemovedInAirflow3Warning: Param `schedule_interval` is deprecated and will be removed in a future release. Please use `schedule` instead.
[2026-02-01T20:33:39.933+0000] {processor.py:840} INFO - DAG(s) 'ml_prediction_pipeline' retrieved from /opt/airflow/dags/predict.py
[2026-02-01T20:33:39.959+0000] {logging_mixin.py:188} INFO - [2026-02-01T20:33:39.959+0000] {dag.py:3096} INFO - Sync 1 DAGs
[2026-02-01T20:33:39.979+0000] {logging_mixin.py:188} INFO - [2026-02-01T20:33:39.979+0000] {dag.py:3954} INFO - Setting next_dagrun for ml_prediction_pipeline to 2026-01-31 00:00:00+00:00, run_after=2026-02-01 00:00:00+00:00
[2026-02-01T20:33:40.089+0000] {processor.py:183} INFO - Processing /opt/airflow/dags/predict.py took 3.105 seconds
[2026-02-01T20:34:11.772+0000] {processor.py:161} INFO - Started process (PID=30750) to work on /opt/airflow/dags/predict.py
[2026-02-01T20:34:11.775+0000] {processor.py:830} INFO - Processing file /opt/airflow/dags/predict.py for tasks to queue
[2026-02-01T20:34:11.779+0000] {logging_mixin.py:188} INFO - [2026-02-01T20:34:11.778+0000] {dagbag.py:545} INFO - Filling up the DagBag from /opt/airflow/dags/predict.py
[2026-02-01T20:34:15.000+0000] {logging_mixin.py:188} WARNING - /opt/airflow/dags/predict.py:34 RemovedInAirflow3Warning: Function `days_ago` is deprecated and will be removed in Airflow 3.0. You can achieve equivalent behavior with `pendulum.today('UTC').add(days=-N, ...)`
[2026-02-01T20:34:15.001+0000] {logging_mixin.py:188} WARNING - /opt/airflow/dags/predict.py:29 RemovedInAirflow3Warning: Param `schedule_interval` is deprecated and will be removed in a future release. Please use `schedule` instead.
[2026-02-01T20:34:15.011+0000] {processor.py:840} INFO - DAG(s) 'ml_prediction_pipeline' retrieved from /opt/airflow/dags/predict.py
[2026-02-01T20:34:15.035+0000] {logging_mixin.py:188} INFO - [2026-02-01T20:34:15.035+0000] {dag.py:3096} INFO - Sync 1 DAGs
[2026-02-01T20:34:15.263+0000] {logging_mixin.py:188} INFO - [2026-02-01T20:34:15.262+0000] {dag.py:3954} INFO - Setting next_dagrun for ml_prediction_pipeline to 2026-01-31 00:00:00+00:00, run_after=2026-02-01 00:00:00+00:00
[2026-02-01T20:34:15.312+0000] {processor.py:183} INFO - Processing /opt/airflow/dags/predict.py took 3.547 seconds
[2026-02-01T20:34:45.646+0000] {processor.py:161} INFO - Started process (PID=30784) to work on /opt/airflow/dags/predict.py
[2026-02-01T20:34:45.649+0000] {processor.py:830} INFO - Processing file /opt/airflow/dags/predict.py for tasks to queue
[2026-02-01T20:34:45.653+0000] {logging_mixin.py:188} INFO - [2026-02-01T20:34:45.652+0000] {dagbag.py:545} INFO - Filling up the DagBag from /opt/airflow/dags/predict.py
[2026-02-01T20:34:49.533+0000] {logging_mixin.py:188} WARNING - /opt/airflow/dags/predict.py:34 RemovedInAirflow3Warning: Function `days_ago` is deprecated and will be removed in Airflow 3.0. You can achieve equivalent behavior with `pendulum.today('UTC').add(days=-N, ...)`
[2026-02-01T20:34:49.534+0000] {logging_mixin.py:188} WARNING - /opt/airflow/dags/predict.py:29 RemovedInAirflow3Warning: Param `schedule_interval` is deprecated and will be removed in a future release. Please use `schedule` instead.
[2026-02-01T20:34:49.540+0000] {processor.py:840} INFO - DAG(s) 'ml_prediction_pipeline' retrieved from /opt/airflow/dags/predict.py
[2026-02-01T20:34:49.577+0000] {logging_mixin.py:188} INFO - [2026-02-01T20:34:49.576+0000] {dag.py:3096} INFO - Sync 1 DAGs
[2026-02-01T20:34:49.715+0000] {logging_mixin.py:188} INFO - [2026-02-01T20:34:49.715+0000] {dag.py:3954} INFO - Setting next_dagrun for ml_prediction_pipeline to 2026-01-31 00:00:00+00:00, run_after=2026-02-01 00:00:00+00:00
[2026-02-01T20:34:49.742+0000] {processor.py:183} INFO - Processing /opt/airflow/dags/predict.py took 4.106 seconds
[2026-02-01T20:35:20.521+0000] {processor.py:161} INFO - Started process (PID=30831) to work on /opt/airflow/dags/predict.py
[2026-02-01T20:35:20.522+0000] {processor.py:830} INFO - Processing file /opt/airflow/dags/predict.py for tasks to queue
[2026-02-01T20:35:20.524+0000] {logging_mixin.py:188} INFO - [2026-02-01T20:35:20.523+0000] {dagbag.py:545} INFO - Filling up the DagBag from /opt/airflow/dags/predict.py
[2026-02-01T20:35:24.219+0000] {logging_mixin.py:188} WARNING - /opt/airflow/dags/predict.py:34 RemovedInAirflow3Warning: Function `days_ago` is deprecated and will be removed in Airflow 3.0. You can achieve equivalent behavior with `pendulum.today('UTC').add(days=-N, ...)`
[2026-02-01T20:35:24.222+0000] {logging_mixin.py:188} WARNING - /opt/airflow/dags/predict.py:29 RemovedInAirflow3Warning: Param `schedule_interval` is deprecated and will be removed in a future release. Please use `schedule` instead.
[2026-02-01T20:35:24.243+0000] {processor.py:840} INFO - DAG(s) 'ml_prediction_pipeline' retrieved from /opt/airflow/dags/predict.py
[2026-02-01T20:35:24.309+0000] {logging_mixin.py:188} INFO - [2026-02-01T20:35:24.308+0000] {dag.py:3096} INFO - Sync 1 DAGs
[2026-02-01T20:35:24.350+0000] {logging_mixin.py:188} INFO - [2026-02-01T20:35:24.350+0000] {dag.py:3954} INFO - Setting next_dagrun for ml_prediction_pipeline to 2026-01-31 00:00:00+00:00, run_after=2026-02-01 00:00:00+00:00
[2026-02-01T20:35:24.406+0000] {processor.py:183} INFO - Processing /opt/airflow/dags/predict.py took 3.891 seconds
[2026-02-01T20:35:54.800+0000] {processor.py:161} INFO - Started process (PID=30874) to work on /opt/airflow/dags/predict.py
[2026-02-01T20:35:54.802+0000] {processor.py:830} INFO - Processing file /opt/airflow/dags/predict.py for tasks to queue
[2026-02-01T20:35:54.805+0000] {logging_mixin.py:188} INFO - [2026-02-01T20:35:54.804+0000] {dagbag.py:545} INFO - Filling up the DagBag from /opt/airflow/dags/predict.py
[2026-02-01T20:35:58.170+0000] {logging_mixin.py:188} WARNING - /opt/airflow/dags/predict.py:34 RemovedInAirflow3Warning: Function `days_ago` is deprecated and will be removed in Airflow 3.0. You can achieve equivalent behavior with `pendulum.today('UTC').add(days=-N, ...)`
[2026-02-01T20:35:58.171+0000] {logging_mixin.py:188} WARNING - /opt/airflow/dags/predict.py:29 RemovedInAirflow3Warning: Param `schedule_interval` is deprecated and will be removed in a future release. Please use `schedule` instead.
[2026-02-01T20:35:58.180+0000] {processor.py:840} INFO - DAG(s) 'ml_prediction_pipeline' retrieved from /opt/airflow/dags/predict.py
[2026-02-01T20:35:58.338+0000] {logging_mixin.py:188} INFO - [2026-02-01T20:35:58.338+0000] {dag.py:3096} INFO - Sync 1 DAGs
[2026-02-01T20:35:58.364+0000] {logging_mixin.py:188} INFO - [2026-02-01T20:35:58.363+0000] {dag.py:3954} INFO - Setting next_dagrun for ml_prediction_pipeline to 2026-01-31 00:00:00+00:00, run_after=2026-02-01 00:00:00+00:00
[2026-02-01T20:35:58.398+0000] {processor.py:183} INFO - Processing /opt/airflow/dags/predict.py took 3.609 seconds
[2026-02-01T20:36:28.892+0000] {processor.py:161} INFO - Started process (PID=30922) to work on /opt/airflow/dags/predict.py
[2026-02-01T20:36:28.894+0000] {processor.py:830} INFO - Processing file /opt/airflow/dags/predict.py for tasks to queue
[2026-02-01T20:36:28.895+0000] {logging_mixin.py:188} INFO - [2026-02-01T20:36:28.895+0000] {dagbag.py:545} INFO - Filling up the DagBag from /opt/airflow/dags/predict.py
[2026-02-01T20:36:31.437+0000] {logging_mixin.py:188} WARNING - /opt/airflow/dags/predict.py:34 RemovedInAirflow3Warning: Function `days_ago` is deprecated and will be removed in Airflow 3.0. You can achieve equivalent behavior with `pendulum.today('UTC').add(days=-N, ...)`
[2026-02-01T20:36:31.439+0000] {logging_mixin.py:188} WARNING - /opt/airflow/dags/predict.py:29 RemovedInAirflow3Warning: Param `schedule_interval` is deprecated and will be removed in a future release. Please use `schedule` instead.
[2026-02-01T20:36:31.446+0000] {processor.py:840} INFO - DAG(s) 'ml_prediction_pipeline' retrieved from /opt/airflow/dags/predict.py
[2026-02-01T20:36:31.481+0000] {logging_mixin.py:188} INFO - [2026-02-01T20:36:31.480+0000] {dag.py:3096} INFO - Sync 1 DAGs
[2026-02-01T20:36:31.509+0000] {logging_mixin.py:188} INFO - [2026-02-01T20:36:31.508+0000] {dag.py:3954} INFO - Setting next_dagrun for ml_prediction_pipeline to 2026-01-31 00:00:00+00:00, run_after=2026-02-01 00:00:00+00:00
[2026-02-01T20:36:31.539+0000] {processor.py:183} INFO - Processing /opt/airflow/dags/predict.py took 2.651 seconds
[2026-02-01T20:37:01.709+0000] {processor.py:161} INFO - Started process (PID=30969) to work on /opt/airflow/dags/predict.py
[2026-02-01T20:37:01.710+0000] {processor.py:830} INFO - Processing file /opt/airflow/dags/predict.py for tasks to queue
[2026-02-01T20:37:01.711+0000] {logging_mixin.py:188} INFO - [2026-02-01T20:37:01.711+0000] {dagbag.py:545} INFO - Filling up the DagBag from /opt/airflow/dags/predict.py
[2026-02-01T20:37:04.337+0000] {logging_mixin.py:188} WARNING - /opt/airflow/dags/predict.py:34 RemovedInAirflow3Warning: Function `days_ago` is deprecated and will be removed in Airflow 3.0. You can achieve equivalent behavior with `pendulum.today('UTC').add(days=-N, ...)`
[2026-02-01T20:37:04.339+0000] {logging_mixin.py:188} WARNING - /opt/airflow/dags/predict.py:29 RemovedInAirflow3Warning: Param `schedule_interval` is deprecated and will be removed in a future release. Please use `schedule` instead.
[2026-02-01T20:37:04.346+0000] {processor.py:840} INFO - DAG(s) 'ml_prediction_pipeline' retrieved from /opt/airflow/dags/predict.py
[2026-02-01T20:37:04.372+0000] {logging_mixin.py:188} INFO - [2026-02-01T20:37:04.372+0000] {dag.py:3096} INFO - Sync 1 DAGs
[2026-02-01T20:37:04.414+0000] {logging_mixin.py:188} INFO - [2026-02-01T20:37:04.414+0000] {dag.py:3954} INFO - Setting next_dagrun for ml_prediction_pipeline to 2026-01-31 00:00:00+00:00, run_after=2026-02-01 00:00:00+00:00
[2026-02-01T20:37:04.449+0000] {processor.py:183} INFO - Processing /opt/airflow/dags/predict.py took 2.745 seconds
[2026-02-01T20:37:34.857+0000] {processor.py:161} INFO - Started process (PID=31016) to work on /opt/airflow/dags/predict.py
[2026-02-01T20:37:34.860+0000] {processor.py:830} INFO - Processing file /opt/airflow/dags/predict.py for tasks to queue
[2026-02-01T20:37:34.861+0000] {logging_mixin.py:188} INFO - [2026-02-01T20:37:34.861+0000] {dagbag.py:545} INFO - Filling up the DagBag from /opt/airflow/dags/predict.py
[2026-02-01T20:37:37.836+0000] {logging_mixin.py:188} WARNING - /opt/airflow/dags/predict.py:34 RemovedInAirflow3Warning: Function `days_ago` is deprecated and will be removed in Airflow 3.0. You can achieve equivalent behavior with `pendulum.today('UTC').add(days=-N, ...)`
[2026-02-01T20:37:37.838+0000] {logging_mixin.py:188} WARNING - /opt/airflow/dags/predict.py:29 RemovedInAirflow3Warning: Param `schedule_interval` is deprecated and will be removed in a future release. Please use `schedule` instead.
[2026-02-01T20:37:37.845+0000] {processor.py:840} INFO - DAG(s) 'ml_prediction_pipeline' retrieved from /opt/airflow/dags/predict.py
[2026-02-01T20:37:37.880+0000] {logging_mixin.py:188} INFO - [2026-02-01T20:37:37.880+0000] {dag.py:3096} INFO - Sync 1 DAGs
[2026-02-01T20:37:37.907+0000] {logging_mixin.py:188} INFO - [2026-02-01T20:37:37.907+0000] {dag.py:3954} INFO - Setting next_dagrun for ml_prediction_pipeline to 2026-01-31 00:00:00+00:00, run_after=2026-02-01 00:00:00+00:00
[2026-02-01T20:37:37.930+0000] {processor.py:183} INFO - Processing /opt/airflow/dags/predict.py took 3.078 seconds
[2026-02-01T20:38:08.535+0000] {processor.py:161} INFO - Started process (PID=31063) to work on /opt/airflow/dags/predict.py
[2026-02-01T20:38:08.535+0000] {processor.py:830} INFO - Processing file /opt/airflow/dags/predict.py for tasks to queue
[2026-02-01T20:38:08.538+0000] {logging_mixin.py:188} INFO - [2026-02-01T20:38:08.537+0000] {dagbag.py:545} INFO - Filling up the DagBag from /opt/airflow/dags/predict.py
[2026-02-01T20:38:11.738+0000] {logging_mixin.py:188} WARNING - /opt/airflow/dags/predict.py:34 RemovedInAirflow3Warning: Function `days_ago` is deprecated and will be removed in Airflow 3.0. You can achieve equivalent behavior with `pendulum.today('UTC').add(days=-N, ...)`
[2026-02-01T20:38:11.739+0000] {logging_mixin.py:188} WARNING - /opt/airflow/dags/predict.py:29 RemovedInAirflow3Warning: Param `schedule_interval` is deprecated and will be removed in a future release. Please use `schedule` instead.
[2026-02-01T20:38:11.748+0000] {processor.py:840} INFO - DAG(s) 'ml_prediction_pipeline' retrieved from /opt/airflow/dags/predict.py
[2026-02-01T20:38:11.784+0000] {logging_mixin.py:188} INFO - [2026-02-01T20:38:11.783+0000] {dag.py:3096} INFO - Sync 1 DAGs
[2026-02-01T20:38:11.944+0000] {logging_mixin.py:188} INFO - [2026-02-01T20:38:11.944+0000] {dag.py:3954} INFO - Setting next_dagrun for ml_prediction_pipeline to 2026-01-31 00:00:00+00:00, run_after=2026-02-01 00:00:00+00:00
[2026-02-01T20:38:11.982+0000] {processor.py:183} INFO - Processing /opt/airflow/dags/predict.py took 3.454 seconds
[2026-02-01T20:38:42.132+0000] {processor.py:161} INFO - Started process (PID=31111) to work on /opt/airflow/dags/predict.py
[2026-02-01T20:38:42.134+0000] {processor.py:830} INFO - Processing file /opt/airflow/dags/predict.py for tasks to queue
[2026-02-01T20:38:42.136+0000] {logging_mixin.py:188} INFO - [2026-02-01T20:38:42.135+0000] {dagbag.py:545} INFO - Filling up the DagBag from /opt/airflow/dags/predict.py
[2026-02-01T20:38:46.007+0000] {logging_mixin.py:188} WARNING - /opt/airflow/dags/predict.py:34 RemovedInAirflow3Warning: Function `days_ago` is deprecated and will be removed in Airflow 3.0. You can achieve equivalent behavior with `pendulum.today('UTC').add(days=-N, ...)`
[2026-02-01T20:38:46.008+0000] {logging_mixin.py:188} WARNING - /opt/airflow/dags/predict.py:29 RemovedInAirflow3Warning: Param `schedule_interval` is deprecated and will be removed in a future release. Please use `schedule` instead.
[2026-02-01T20:38:46.017+0000] {processor.py:840} INFO - DAG(s) 'ml_prediction_pipeline' retrieved from /opt/airflow/dags/predict.py
[2026-02-01T20:38:46.063+0000] {logging_mixin.py:188} INFO - [2026-02-01T20:38:46.063+0000] {dag.py:3096} INFO - Sync 1 DAGs
[2026-02-01T20:38:46.092+0000] {logging_mixin.py:188} INFO - [2026-02-01T20:38:46.092+0000] {dag.py:3954} INFO - Setting next_dagrun for ml_prediction_pipeline to 2026-01-31 00:00:00+00:00, run_after=2026-02-01 00:00:00+00:00
[2026-02-01T20:38:46.120+0000] {processor.py:183} INFO - Processing /opt/airflow/dags/predict.py took 3.997 seconds
[2026-02-01T20:39:16.232+0000] {processor.py:161} INFO - Started process (PID=31158) to work on /opt/airflow/dags/predict.py
[2026-02-01T20:39:16.234+0000] {processor.py:830} INFO - Processing file /opt/airflow/dags/predict.py for tasks to queue
[2026-02-01T20:39:16.237+0000] {logging_mixin.py:188} INFO - [2026-02-01T20:39:16.237+0000] {dagbag.py:545} INFO - Filling up the DagBag from /opt/airflow/dags/predict.py
[2026-02-01T20:39:20.523+0000] {logging_mixin.py:188} WARNING - /opt/airflow/dags/predict.py:34 RemovedInAirflow3Warning: Function `days_ago` is deprecated and will be removed in Airflow 3.0. You can achieve equivalent behavior with `pendulum.today('UTC').add(days=-N, ...)`
[2026-02-01T20:39:20.524+0000] {logging_mixin.py:188} WARNING - /opt/airflow/dags/predict.py:29 RemovedInAirflow3Warning: Param `schedule_interval` is deprecated and will be removed in a future release. Please use `schedule` instead.
[2026-02-01T20:39:20.529+0000] {processor.py:840} INFO - DAG(s) 'ml_prediction_pipeline' retrieved from /opt/airflow/dags/predict.py
[2026-02-01T20:39:20.663+0000] {logging_mixin.py:188} INFO - [2026-02-01T20:39:20.662+0000] {dag.py:3096} INFO - Sync 1 DAGs
[2026-02-01T20:39:20.686+0000] {logging_mixin.py:188} INFO - [2026-02-01T20:39:20.685+0000] {dag.py:3954} INFO - Setting next_dagrun for ml_prediction_pipeline to 2026-01-31 00:00:00+00:00, run_after=2026-02-01 00:00:00+00:00
[2026-02-01T20:39:20.709+0000] {processor.py:183} INFO - Processing /opt/airflow/dags/predict.py took 4.507 seconds
[2026-02-01T20:39:50.816+0000] {processor.py:161} INFO - Started process (PID=31205) to work on /opt/airflow/dags/predict.py
[2026-02-01T20:39:50.818+0000] {processor.py:830} INFO - Processing file /opt/airflow/dags/predict.py for tasks to queue
[2026-02-01T20:39:50.820+0000] {logging_mixin.py:188} INFO - [2026-02-01T20:39:50.819+0000] {dagbag.py:545} INFO - Filling up the DagBag from /opt/airflow/dags/predict.py
[2026-02-01T20:39:56.683+0000] {logging_mixin.py:188} WARNING - /opt/airflow/dags/predict.py:34 RemovedInAirflow3Warning: Function `days_ago` is deprecated and will be removed in Airflow 3.0. You can achieve equivalent behavior with `pendulum.today('UTC').add(days=-N, ...)`
[2026-02-01T20:39:56.685+0000] {logging_mixin.py:188} WARNING - /opt/airflow/dags/predict.py:29 RemovedInAirflow3Warning: Param `schedule_interval` is deprecated and will be removed in a future release. Please use `schedule` instead.
[2026-02-01T20:39:56.697+0000] {processor.py:840} INFO - DAG(s) 'ml_prediction_pipeline' retrieved from /opt/airflow/dags/predict.py
[2026-02-01T20:39:56.732+0000] {logging_mixin.py:188} INFO - [2026-02-01T20:39:56.731+0000] {dag.py:3096} INFO - Sync 1 DAGs
[2026-02-01T20:39:56.764+0000] {logging_mixin.py:188} INFO - [2026-02-01T20:39:56.764+0000] {dag.py:3954} INFO - Setting next_dagrun for ml_prediction_pipeline to 2026-01-31 00:00:00+00:00, run_after=2026-02-01 00:00:00+00:00
[2026-02-01T20:39:56.802+0000] {processor.py:183} INFO - Processing /opt/airflow/dags/predict.py took 5.997 seconds
[2026-02-01T20:40:26.896+0000] {processor.py:161} INFO - Started process (PID=31253) to work on /opt/airflow/dags/predict.py
[2026-02-01T20:40:26.897+0000] {processor.py:830} INFO - Processing file /opt/airflow/dags/predict.py for tasks to queue
[2026-02-01T20:40:26.899+0000] {logging_mixin.py:188} INFO - [2026-02-01T20:40:26.899+0000] {dagbag.py:545} INFO - Filling up the DagBag from /opt/airflow/dags/predict.py
[2026-02-01T20:40:29.730+0000] {logging_mixin.py:188} WARNING - /opt/airflow/dags/predict.py:34 RemovedInAirflow3Warning: Function `days_ago` is deprecated and will be removed in Airflow 3.0. You can achieve equivalent behavior with `pendulum.today('UTC').add(days=-N, ...)`
[2026-02-01T20:40:29.731+0000] {logging_mixin.py:188} WARNING - /opt/airflow/dags/predict.py:29 RemovedInAirflow3Warning: Param `schedule_interval` is deprecated and will be removed in a future release. Please use `schedule` instead.
[2026-02-01T20:40:29.737+0000] {processor.py:840} INFO - DAG(s) 'ml_prediction_pipeline' retrieved from /opt/airflow/dags/predict.py
[2026-02-01T20:40:29.769+0000] {logging_mixin.py:188} INFO - [2026-02-01T20:40:29.768+0000] {dag.py:3096} INFO - Sync 1 DAGs
[2026-02-01T20:40:29.799+0000] {logging_mixin.py:188} INFO - [2026-02-01T20:40:29.799+0000] {dag.py:3954} INFO - Setting next_dagrun for ml_prediction_pipeline to 2026-01-31 00:00:00+00:00, run_after=2026-02-01 00:00:00+00:00
[2026-02-01T20:40:29.947+0000] {processor.py:183} INFO - Processing /opt/airflow/dags/predict.py took 3.056 seconds
[2026-02-01T20:41:00.805+0000] {processor.py:161} INFO - Started process (PID=31300) to work on /opt/airflow/dags/predict.py
[2026-02-01T20:41:00.807+0000] {processor.py:830} INFO - Processing file /opt/airflow/dags/predict.py for tasks to queue
[2026-02-01T20:41:00.809+0000] {logging_mixin.py:188} INFO - [2026-02-01T20:41:00.809+0000] {dagbag.py:545} INFO - Filling up the DagBag from /opt/airflow/dags/predict.py
[2026-02-01T20:41:04.065+0000] {logging_mixin.py:188} WARNING - /opt/airflow/dags/predict.py:34 RemovedInAirflow3Warning: Function `days_ago` is deprecated and will be removed in Airflow 3.0. You can achieve equivalent behavior with `pendulum.today('UTC').add(days=-N, ...)`
[2026-02-01T20:41:04.067+0000] {logging_mixin.py:188} WARNING - /opt/airflow/dags/predict.py:29 RemovedInAirflow3Warning: Param `schedule_interval` is deprecated and will be removed in a future release. Please use `schedule` instead.
[2026-02-01T20:41:04.080+0000] {processor.py:840} INFO - DAG(s) 'ml_prediction_pipeline' retrieved from /opt/airflow/dags/predict.py
[2026-02-01T20:41:04.152+0000] {logging_mixin.py:188} INFO - [2026-02-01T20:41:04.151+0000] {dag.py:3096} INFO - Sync 1 DAGs
[2026-02-01T20:41:04.206+0000] {logging_mixin.py:188} INFO - [2026-02-01T20:41:04.205+0000] {dag.py:3954} INFO - Setting next_dagrun for ml_prediction_pipeline to 2026-01-31 00:00:00+00:00, run_after=2026-02-01 00:00:00+00:00
[2026-02-01T20:41:04.244+0000] {processor.py:183} INFO - Processing /opt/airflow/dags/predict.py took 3.444 seconds
[2026-02-01T20:41:34.391+0000] {processor.py:161} INFO - Started process (PID=31347) to work on /opt/airflow/dags/predict.py
[2026-02-01T20:41:34.392+0000] {processor.py:830} INFO - Processing file /opt/airflow/dags/predict.py for tasks to queue
[2026-02-01T20:41:34.394+0000] {logging_mixin.py:188} INFO - [2026-02-01T20:41:34.393+0000] {dagbag.py:545} INFO - Filling up the DagBag from /opt/airflow/dags/predict.py
[2026-02-01T20:41:37.702+0000] {logging_mixin.py:188} WARNING - /opt/airflow/dags/predict.py:34 RemovedInAirflow3Warning: Function `days_ago` is deprecated and will be removed in Airflow 3.0. You can achieve equivalent behavior with `pendulum.today('UTC').add(days=-N, ...)`
[2026-02-01T20:41:37.704+0000] {logging_mixin.py:188} WARNING - /opt/airflow/dags/predict.py:29 RemovedInAirflow3Warning: Param `schedule_interval` is deprecated and will be removed in a future release. Please use `schedule` instead.
[2026-02-01T20:41:37.710+0000] {processor.py:840} INFO - DAG(s) 'ml_prediction_pipeline' retrieved from /opt/airflow/dags/predict.py
[2026-02-01T20:41:37.737+0000] {logging_mixin.py:188} INFO - [2026-02-01T20:41:37.736+0000] {dag.py:3096} INFO - Sync 1 DAGs
[2026-02-01T20:41:37.762+0000] {logging_mixin.py:188} INFO - [2026-02-01T20:41:37.762+0000] {dag.py:3954} INFO - Setting next_dagrun for ml_prediction_pipeline to 2026-01-31 00:00:00+00:00, run_after=2026-02-01 00:00:00+00:00
[2026-02-01T20:41:37.790+0000] {processor.py:183} INFO - Processing /opt/airflow/dags/predict.py took 3.405 seconds
[2026-02-01T20:42:08.526+0000] {processor.py:161} INFO - Started process (PID=31394) to work on /opt/airflow/dags/predict.py
[2026-02-01T20:42:08.530+0000] {processor.py:830} INFO - Processing file /opt/airflow/dags/predict.py for tasks to queue
[2026-02-01T20:42:08.532+0000] {logging_mixin.py:188} INFO - [2026-02-01T20:42:08.531+0000] {dagbag.py:545} INFO - Filling up the DagBag from /opt/airflow/dags/predict.py
[2026-02-01T20:42:12.138+0000] {logging_mixin.py:188} WARNING - /opt/airflow/dags/predict.py:34 RemovedInAirflow3Warning: Function `days_ago` is deprecated and will be removed in Airflow 3.0. You can achieve equivalent behavior with `pendulum.today('UTC').add(days=-N, ...)`
[2026-02-01T20:42:12.140+0000] {logging_mixin.py:188} WARNING - /opt/airflow/dags/predict.py:29 RemovedInAirflow3Warning: Param `schedule_interval` is deprecated and will be removed in a future release. Please use `schedule` instead.
[2026-02-01T20:42:12.149+0000] {processor.py:840} INFO - DAG(s) 'ml_prediction_pipeline' retrieved from /opt/airflow/dags/predict.py
[2026-02-01T20:42:12.296+0000] {logging_mixin.py:188} INFO - [2026-02-01T20:42:12.296+0000] {dag.py:3096} INFO - Sync 1 DAGs
[2026-02-01T20:42:12.321+0000] {logging_mixin.py:188} INFO - [2026-02-01T20:42:12.321+0000] {dag.py:3954} INFO - Setting next_dagrun for ml_prediction_pipeline to 2026-01-31 00:00:00+00:00, run_after=2026-02-01 00:00:00+00:00
[2026-02-01T20:42:12.351+0000] {processor.py:183} INFO - Processing /opt/airflow/dags/predict.py took 3.832 seconds
[2026-02-01T20:42:42.557+0000] {processor.py:161} INFO - Started process (PID=31441) to work on /opt/airflow/dags/predict.py
[2026-02-01T20:42:42.558+0000] {processor.py:830} INFO - Processing file /opt/airflow/dags/predict.py for tasks to queue
[2026-02-01T20:42:42.561+0000] {logging_mixin.py:188} INFO - [2026-02-01T20:42:42.560+0000] {dagbag.py:545} INFO - Filling up the DagBag from /opt/airflow/dags/predict.py
[2026-02-01T20:42:46.034+0000] {logging_mixin.py:188} WARNING - /opt/airflow/dags/predict.py:34 RemovedInAirflow3Warning: Function `days_ago` is deprecated and will be removed in Airflow 3.0. You can achieve equivalent behavior with `pendulum.today('UTC').add(days=-N, ...)`
[2026-02-01T20:42:46.038+0000] {logging_mixin.py:188} WARNING - /opt/airflow/dags/predict.py:29 RemovedInAirflow3Warning: Param `schedule_interval` is deprecated and will be removed in a future release. Please use `schedule` instead.
[2026-02-01T20:42:46.043+0000] {processor.py:840} INFO - DAG(s) 'ml_prediction_pipeline' retrieved from /opt/airflow/dags/predict.py
[2026-02-01T20:42:46.070+0000] {logging_mixin.py:188} INFO - [2026-02-01T20:42:46.069+0000] {dag.py:3096} INFO - Sync 1 DAGs
[2026-02-01T20:42:46.093+0000] {logging_mixin.py:188} INFO - [2026-02-01T20:42:46.093+0000] {dag.py:3954} INFO - Setting next_dagrun for ml_prediction_pipeline to 2026-01-31 00:00:00+00:00, run_after=2026-02-01 00:00:00+00:00
[2026-02-01T20:42:46.122+0000] {processor.py:183} INFO - Processing /opt/airflow/dags/predict.py took 3.571 seconds
[2026-02-01T20:43:16.635+0000] {processor.py:161} INFO - Started process (PID=31471) to work on /opt/airflow/dags/predict.py
[2026-02-01T20:43:16.637+0000] {processor.py:830} INFO - Processing file /opt/airflow/dags/predict.py for tasks to queue
[2026-02-01T20:43:16.644+0000] {logging_mixin.py:188} INFO - [2026-02-01T20:43:16.643+0000] {dagbag.py:545} INFO - Filling up the DagBag from /opt/airflow/dags/predict.py
[2026-02-01T20:43:22.909+0000] {logging_mixin.py:188} WARNING - /opt/airflow/dags/predict.py:34 RemovedInAirflow3Warning: Function `days_ago` is deprecated and will be removed in Airflow 3.0. You can achieve equivalent behavior with `pendulum.today('UTC').add(days=-N, ...)`
[2026-02-01T20:43:22.910+0000] {logging_mixin.py:188} WARNING - /opt/airflow/dags/predict.py:29 RemovedInAirflow3Warning: Param `schedule_interval` is deprecated and will be removed in a future release. Please use `schedule` instead.
[2026-02-01T20:43:22.918+0000] {processor.py:840} INFO - DAG(s) 'ml_prediction_pipeline' retrieved from /opt/airflow/dags/predict.py
[2026-02-01T20:43:22.951+0000] {logging_mixin.py:188} INFO - [2026-02-01T20:43:22.950+0000] {dag.py:3096} INFO - Sync 1 DAGs
[2026-02-01T20:43:22.984+0000] {logging_mixin.py:188} INFO - [2026-02-01T20:43:22.984+0000] {dag.py:3954} INFO - Setting next_dagrun for ml_prediction_pipeline to 2026-01-31 00:00:00+00:00, run_after=2026-02-01 00:00:00+00:00
[2026-02-01T20:43:23.015+0000] {processor.py:183} INFO - Processing /opt/airflow/dags/predict.py took 6.403 seconds
[2026-02-01T20:43:53.708+0000] {processor.py:161} INFO - Started process (PID=31517) to work on /opt/airflow/dags/predict.py
[2026-02-01T20:43:53.710+0000] {processor.py:830} INFO - Processing file /opt/airflow/dags/predict.py for tasks to queue
[2026-02-01T20:43:53.713+0000] {logging_mixin.py:188} INFO - [2026-02-01T20:43:53.713+0000] {dagbag.py:545} INFO - Filling up the DagBag from /opt/airflow/dags/predict.py
[2026-02-01T20:43:58.216+0000] {logging_mixin.py:188} WARNING - /opt/airflow/dags/predict.py:34 RemovedInAirflow3Warning: Function `days_ago` is deprecated and will be removed in Airflow 3.0. You can achieve equivalent behavior with `pendulum.today('UTC').add(days=-N, ...)`
[2026-02-01T20:43:58.219+0000] {logging_mixin.py:188} WARNING - /opt/airflow/dags/predict.py:29 RemovedInAirflow3Warning: Param `schedule_interval` is deprecated and will be removed in a future release. Please use `schedule` instead.
[2026-02-01T20:43:58.228+0000] {processor.py:840} INFO - DAG(s) 'ml_prediction_pipeline' retrieved from /opt/airflow/dags/predict.py
[2026-02-01T20:43:58.280+0000] {logging_mixin.py:188} INFO - [2026-02-01T20:43:58.279+0000] {dag.py:3096} INFO - Sync 1 DAGs
[2026-02-01T20:43:58.316+0000] {logging_mixin.py:188} INFO - [2026-02-01T20:43:58.316+0000] {dag.py:3954} INFO - Setting next_dagrun for ml_prediction_pipeline to 2026-01-31 00:00:00+00:00, run_after=2026-02-01 00:00:00+00:00
[2026-02-01T20:43:58.350+0000] {processor.py:183} INFO - Processing /opt/airflow/dags/predict.py took 4.654 seconds
[2026-02-01T20:44:28.402+0000] {processor.py:161} INFO - Started process (PID=31561) to work on /opt/airflow/dags/predict.py
[2026-02-01T20:44:28.402+0000] {processor.py:830} INFO - Processing file /opt/airflow/dags/predict.py for tasks to queue
[2026-02-01T20:44:28.405+0000] {logging_mixin.py:188} INFO - [2026-02-01T20:44:28.404+0000] {dagbag.py:545} INFO - Filling up the DagBag from /opt/airflow/dags/predict.py
[2026-02-01T20:44:31.756+0000] {logging_mixin.py:188} WARNING - /opt/airflow/dags/predict.py:34 RemovedInAirflow3Warning: Function `days_ago` is deprecated and will be removed in Airflow 3.0. You can achieve equivalent behavior with `pendulum.today('UTC').add(days=-N, ...)`
[2026-02-01T20:44:31.758+0000] {logging_mixin.py:188} WARNING - /opt/airflow/dags/predict.py:29 RemovedInAirflow3Warning: Param `schedule_interval` is deprecated and will be removed in a future release. Please use `schedule` instead.
[2026-02-01T20:44:31.765+0000] {processor.py:840} INFO - DAG(s) 'ml_prediction_pipeline' retrieved from /opt/airflow/dags/predict.py
[2026-02-01T20:44:31.799+0000] {logging_mixin.py:188} INFO - [2026-02-01T20:44:31.798+0000] {dag.py:3096} INFO - Sync 1 DAGs
[2026-02-01T20:44:31.937+0000] {logging_mixin.py:188} INFO - [2026-02-01T20:44:31.936+0000] {dag.py:3954} INFO - Setting next_dagrun for ml_prediction_pipeline to 2026-01-31 00:00:00+00:00, run_after=2026-02-01 00:00:00+00:00
[2026-02-01T20:44:31.966+0000] {processor.py:183} INFO - Processing /opt/airflow/dags/predict.py took 3.568 seconds
[2026-02-01T20:45:02.045+0000] {processor.py:161} INFO - Started process (PID=31608) to work on /opt/airflow/dags/predict.py
[2026-02-01T20:45:02.047+0000] {processor.py:830} INFO - Processing file /opt/airflow/dags/predict.py for tasks to queue
[2026-02-01T20:45:02.049+0000] {logging_mixin.py:188} INFO - [2026-02-01T20:45:02.049+0000] {dagbag.py:545} INFO - Filling up the DagBag from /opt/airflow/dags/predict.py
[2026-02-01T20:45:04.822+0000] {logging_mixin.py:188} WARNING - /opt/airflow/dags/predict.py:34 RemovedInAirflow3Warning: Function `days_ago` is deprecated and will be removed in Airflow 3.0. You can achieve equivalent behavior with `pendulum.today('UTC').add(days=-N, ...)`
[2026-02-01T20:45:04.823+0000] {logging_mixin.py:188} WARNING - /opt/airflow/dags/predict.py:29 RemovedInAirflow3Warning: Param `schedule_interval` is deprecated and will be removed in a future release. Please use `schedule` instead.
[2026-02-01T20:45:04.828+0000] {processor.py:840} INFO - DAG(s) 'ml_prediction_pipeline' retrieved from /opt/airflow/dags/predict.py
[2026-02-01T20:45:04.856+0000] {logging_mixin.py:188} INFO - [2026-02-01T20:45:04.855+0000] {dag.py:3096} INFO - Sync 1 DAGs
[2026-02-01T20:45:04.875+0000] {logging_mixin.py:188} INFO - [2026-02-01T20:45:04.875+0000] {dag.py:3954} INFO - Setting next_dagrun for ml_prediction_pipeline to 2026-01-31 00:00:00+00:00, run_after=2026-02-01 00:00:00+00:00
[2026-02-01T20:45:04.898+0000] {processor.py:183} INFO - Processing /opt/airflow/dags/predict.py took 2.859 seconds
[2026-02-01T20:45:35.124+0000] {processor.py:161} INFO - Started process (PID=31654) to work on /opt/airflow/dags/predict.py
[2026-02-01T20:45:35.124+0000] {processor.py:830} INFO - Processing file /opt/airflow/dags/predict.py for tasks to queue
[2026-02-01T20:45:35.126+0000] {logging_mixin.py:188} INFO - [2026-02-01T20:45:35.126+0000] {dagbag.py:545} INFO - Filling up the DagBag from /opt/airflow/dags/predict.py
[2026-02-01T20:45:37.573+0000] {logging_mixin.py:188} WARNING - /opt/airflow/dags/predict.py:34 RemovedInAirflow3Warning: Function `days_ago` is deprecated and will be removed in Airflow 3.0. You can achieve equivalent behavior with `pendulum.today('UTC').add(days=-N, ...)`
[2026-02-01T20:45:37.575+0000] {logging_mixin.py:188} WARNING - /opt/airflow/dags/predict.py:29 RemovedInAirflow3Warning: Param `schedule_interval` is deprecated and will be removed in a future release. Please use `schedule` instead.
[2026-02-01T20:45:37.584+0000] {processor.py:840} INFO - DAG(s) 'ml_prediction_pipeline' retrieved from /opt/airflow/dags/predict.py
[2026-02-01T20:45:37.609+0000] {logging_mixin.py:188} INFO - [2026-02-01T20:45:37.609+0000] {dag.py:3096} INFO - Sync 1 DAGs
[2026-02-01T20:45:37.628+0000] {logging_mixin.py:188} INFO - [2026-02-01T20:45:37.628+0000] {dag.py:3954} INFO - Setting next_dagrun for ml_prediction_pipeline to 2026-01-31 00:00:00+00:00, run_after=2026-02-01 00:00:00+00:00
[2026-02-01T20:45:37.647+0000] {processor.py:183} INFO - Processing /opt/airflow/dags/predict.py took 2.529 seconds
[2026-02-01T20:46:08.584+0000] {processor.py:161} INFO - Started process (PID=31701) to work on /opt/airflow/dags/predict.py
[2026-02-01T20:46:08.584+0000] {processor.py:830} INFO - Processing file /opt/airflow/dags/predict.py for tasks to queue
[2026-02-01T20:46:08.586+0000] {logging_mixin.py:188} INFO - [2026-02-01T20:46:08.586+0000] {dagbag.py:545} INFO - Filling up the DagBag from /opt/airflow/dags/predict.py
[2026-02-01T20:46:11.256+0000] {logging_mixin.py:188} WARNING - /opt/airflow/dags/predict.py:34 RemovedInAirflow3Warning: Function `days_ago` is deprecated and will be removed in Airflow 3.0. You can achieve equivalent behavior with `pendulum.today('UTC').add(days=-N, ...)`
[2026-02-01T20:46:11.258+0000] {logging_mixin.py:188} WARNING - /opt/airflow/dags/predict.py:29 RemovedInAirflow3Warning: Param `schedule_interval` is deprecated and will be removed in a future release. Please use `schedule` instead.
[2026-02-01T20:46:11.264+0000] {processor.py:840} INFO - DAG(s) 'ml_prediction_pipeline' retrieved from /opt/airflow/dags/predict.py
[2026-02-01T20:46:11.287+0000] {logging_mixin.py:188} INFO - [2026-02-01T20:46:11.286+0000] {dag.py:3096} INFO - Sync 1 DAGs
[2026-02-01T20:46:11.305+0000] {logging_mixin.py:188} INFO - [2026-02-01T20:46:11.305+0000] {dag.py:3954} INFO - Setting next_dagrun for ml_prediction_pipeline to 2026-01-31 00:00:00+00:00, run_after=2026-02-01 00:00:00+00:00
[2026-02-01T20:46:11.330+0000] {processor.py:183} INFO - Processing /opt/airflow/dags/predict.py took 2.751 seconds
[2026-02-01T20:46:42.074+0000] {processor.py:161} INFO - Started process (PID=31748) to work on /opt/airflow/dags/predict.py
[2026-02-01T20:46:42.074+0000] {processor.py:830} INFO - Processing file /opt/airflow/dags/predict.py for tasks to queue
[2026-02-01T20:46:42.076+0000] {logging_mixin.py:188} INFO - [2026-02-01T20:46:42.075+0000] {dagbag.py:545} INFO - Filling up the DagBag from /opt/airflow/dags/predict.py
[2026-02-01T20:46:44.785+0000] {logging_mixin.py:188} WARNING - /opt/airflow/dags/predict.py:34 RemovedInAirflow3Warning: Function `days_ago` is deprecated and will be removed in Airflow 3.0. You can achieve equivalent behavior with `pendulum.today('UTC').add(days=-N, ...)`
[2026-02-01T20:46:44.786+0000] {logging_mixin.py:188} WARNING - /opt/airflow/dags/predict.py:29 RemovedInAirflow3Warning: Param `schedule_interval` is deprecated and will be removed in a future release. Please use `schedule` instead.
[2026-02-01T20:46:44.791+0000] {processor.py:840} INFO - DAG(s) 'ml_prediction_pipeline' retrieved from /opt/airflow/dags/predict.py
[2026-02-01T20:46:44.813+0000] {logging_mixin.py:188} INFO - [2026-02-01T20:46:44.813+0000] {dag.py:3096} INFO - Sync 1 DAGs
[2026-02-01T20:46:44.836+0000] {logging_mixin.py:188} INFO - [2026-02-01T20:46:44.836+0000] {dag.py:3954} INFO - Setting next_dagrun for ml_prediction_pipeline to 2026-01-31 00:00:00+00:00, run_after=2026-02-01 00:00:00+00:00
[2026-02-01T20:46:44.951+0000] {processor.py:183} INFO - Processing /opt/airflow/dags/predict.py took 2.882 seconds
[2026-02-01T20:47:15.104+0000] {processor.py:161} INFO - Started process (PID=31795) to work on /opt/airflow/dags/predict.py
[2026-02-01T20:47:15.108+0000] {processor.py:830} INFO - Processing file /opt/airflow/dags/predict.py for tasks to queue
[2026-02-01T20:47:15.112+0000] {logging_mixin.py:188} INFO - [2026-02-01T20:47:15.111+0000] {dagbag.py:545} INFO - Filling up the DagBag from /opt/airflow/dags/predict.py
[2026-02-01T20:47:18.362+0000] {logging_mixin.py:188} WARNING - /opt/airflow/dags/predict.py:34 RemovedInAirflow3Warning: Function `days_ago` is deprecated and will be removed in Airflow 3.0. You can achieve equivalent behavior with `pendulum.today('UTC').add(days=-N, ...)`
[2026-02-01T20:47:18.364+0000] {logging_mixin.py:188} WARNING - /opt/airflow/dags/predict.py:29 RemovedInAirflow3Warning: Param `schedule_interval` is deprecated and will be removed in a future release. Please use `schedule` instead.
[2026-02-01T20:47:18.370+0000] {processor.py:840} INFO - DAG(s) 'ml_prediction_pipeline' retrieved from /opt/airflow/dags/predict.py
[2026-02-01T20:47:18.392+0000] {logging_mixin.py:188} INFO - [2026-02-01T20:47:18.391+0000] {dag.py:3096} INFO - Sync 1 DAGs
[2026-02-01T20:47:18.408+0000] {logging_mixin.py:188} INFO - [2026-02-01T20:47:18.408+0000] {dag.py:3954} INFO - Setting next_dagrun for ml_prediction_pipeline to 2026-01-31 00:00:00+00:00, run_after=2026-02-01 00:00:00+00:00
[2026-02-01T20:47:18.430+0000] {processor.py:183} INFO - Processing /opt/airflow/dags/predict.py took 3.336 seconds
[2026-02-01T20:47:48.584+0000] {processor.py:161} INFO - Started process (PID=31842) to work on /opt/airflow/dags/predict.py
[2026-02-01T20:47:48.585+0000] {processor.py:830} INFO - Processing file /opt/airflow/dags/predict.py for tasks to queue
[2026-02-01T20:47:48.587+0000] {logging_mixin.py:188} INFO - [2026-02-01T20:47:48.586+0000] {dagbag.py:545} INFO - Filling up the DagBag from /opt/airflow/dags/predict.py
[2026-02-01T20:47:56.158+0000] {logging_mixin.py:188} WARNING - /opt/airflow/dags/predict.py:34 RemovedInAirflow3Warning: Function `days_ago` is deprecated and will be removed in Airflow 3.0. You can achieve equivalent behavior with `pendulum.today('UTC').add(days=-N, ...)`
[2026-02-01T20:47:56.162+0000] {logging_mixin.py:188} WARNING - /opt/airflow/dags/predict.py:29 RemovedInAirflow3Warning: Param `schedule_interval` is deprecated and will be removed in a future release. Please use `schedule` instead.
[2026-02-01T20:47:56.192+0000] {processor.py:840} INFO - DAG(s) 'ml_prediction_pipeline' retrieved from /opt/airflow/dags/predict.py
[2026-02-01T20:47:56.395+0000] {logging_mixin.py:188} INFO - [2026-02-01T20:47:56.394+0000] {dag.py:3096} INFO - Sync 1 DAGs
[2026-02-01T20:47:56.452+0000] {logging_mixin.py:188} INFO - [2026-02-01T20:47:56.452+0000] {dag.py:3954} INFO - Setting next_dagrun for ml_prediction_pipeline to 2026-01-31 00:00:00+00:00, run_after=2026-02-01 00:00:00+00:00
[2026-02-01T20:47:56.497+0000] {processor.py:183} INFO - Processing /opt/airflow/dags/predict.py took 4.594 seconds
[2026-02-01T20:48:29.446+0000] {processor.py:161} INFO - Started process (PID=31889) to work on /opt/airflow/dags/predict.py
[2026-02-01T20:48:29.449+0000] {processor.py:830} INFO - Processing file /opt/airflow/dags/predict.py for tasks to queue
[2026-02-01T20:48:29.451+0000] {logging_mixin.py:188} INFO - [2026-02-01T20:48:29.451+0000] {dagbag.py:545} INFO - Filling up the DagBag from /opt/airflow/dags/predict.py
[2026-02-01T20:48:34.031+0000] {logging_mixin.py:188} WARNING - /opt/airflow/dags/predict.py:34 RemovedInAirflow3Warning: Function `days_ago` is deprecated and will be removed in Airflow 3.0. You can achieve equivalent behavior with `pendulum.today('UTC').add(days=-N, ...)`
[2026-02-01T20:48:34.032+0000] {logging_mixin.py:188} WARNING - /opt/airflow/dags/predict.py:29 RemovedInAirflow3Warning: Param `schedule_interval` is deprecated and will be removed in a future release. Please use `schedule` instead.
[2026-02-01T20:48:34.038+0000] {processor.py:840} INFO - DAG(s) 'ml_prediction_pipeline' retrieved from /opt/airflow/dags/predict.py
[2026-02-01T20:48:34.079+0000] {logging_mixin.py:188} INFO - [2026-02-01T20:48:34.078+0000] {dag.py:3096} INFO - Sync 1 DAGs
[2026-02-01T20:48:34.107+0000] {logging_mixin.py:188} INFO - [2026-02-01T20:48:34.106+0000] {dag.py:3954} INFO - Setting next_dagrun for ml_prediction_pipeline to 2026-01-31 00:00:00+00:00, run_after=2026-02-01 00:00:00+00:00
[2026-02-01T20:48:34.138+0000] {processor.py:183} INFO - Processing /opt/airflow/dags/predict.py took 4.707 seconds
[2026-02-01T20:49:04.633+0000] {processor.py:161} INFO - Started process (PID=31942) to work on /opt/airflow/dags/predict.py
[2026-02-01T20:49:04.633+0000] {processor.py:830} INFO - Processing file /opt/airflow/dags/predict.py for tasks to queue
[2026-02-01T20:49:04.635+0000] {logging_mixin.py:188} INFO - [2026-02-01T20:49:04.634+0000] {dagbag.py:545} INFO - Filling up the DagBag from /opt/airflow/dags/predict.py
[2026-02-01T20:49:07.802+0000] {logging_mixin.py:188} WARNING - /opt/airflow/dags/predict.py:34 RemovedInAirflow3Warning: Function `days_ago` is deprecated and will be removed in Airflow 3.0. You can achieve equivalent behavior with `pendulum.today('UTC').add(days=-N, ...)`
[2026-02-01T20:49:07.804+0000] {logging_mixin.py:188} WARNING - /opt/airflow/dags/predict.py:29 RemovedInAirflow3Warning: Param `schedule_interval` is deprecated and will be removed in a future release. Please use `schedule` instead.
[2026-02-01T20:49:07.812+0000] {processor.py:840} INFO - DAG(s) 'ml_prediction_pipeline' retrieved from /opt/airflow/dags/predict.py
[2026-02-01T20:49:07.843+0000] {logging_mixin.py:188} INFO - [2026-02-01T20:49:07.843+0000] {dag.py:3096} INFO - Sync 1 DAGs
[2026-02-01T20:49:07.883+0000] {logging_mixin.py:188} INFO - [2026-02-01T20:49:07.882+0000] {dag.py:3954} INFO - Setting next_dagrun for ml_prediction_pipeline to 2026-01-31 00:00:00+00:00, run_after=2026-02-01 00:00:00+00:00
[2026-02-01T20:49:07.916+0000] {processor.py:183} INFO - Processing /opt/airflow/dags/predict.py took 3.289 seconds
[2026-02-01T20:49:38.011+0000] {processor.py:161} INFO - Started process (PID=31989) to work on /opt/airflow/dags/predict.py
[2026-02-01T20:49:38.013+0000] {processor.py:830} INFO - Processing file /opt/airflow/dags/predict.py for tasks to queue
[2026-02-01T20:49:38.014+0000] {logging_mixin.py:188} INFO - [2026-02-01T20:49:38.014+0000] {dagbag.py:545} INFO - Filling up the DagBag from /opt/airflow/dags/predict.py
[2026-02-01T20:49:40.293+0000] {logging_mixin.py:188} WARNING - /opt/airflow/dags/predict.py:34 RemovedInAirflow3Warning: Function `days_ago` is deprecated and will be removed in Airflow 3.0. You can achieve equivalent behavior with `pendulum.today('UTC').add(days=-N, ...)`
[2026-02-01T20:49:40.295+0000] {logging_mixin.py:188} WARNING - /opt/airflow/dags/predict.py:29 RemovedInAirflow3Warning: Param `schedule_interval` is deprecated and will be removed in a future release. Please use `schedule` instead.
[2026-02-01T20:49:40.299+0000] {processor.py:840} INFO - DAG(s) 'ml_prediction_pipeline' retrieved from /opt/airflow/dags/predict.py
[2026-02-01T20:49:40.323+0000] {logging_mixin.py:188} INFO - [2026-02-01T20:49:40.323+0000] {dag.py:3096} INFO - Sync 1 DAGs
[2026-02-01T20:49:40.342+0000] {logging_mixin.py:188} INFO - [2026-02-01T20:49:40.341+0000] {dag.py:3954} INFO - Setting next_dagrun for ml_prediction_pipeline to 2026-01-31 00:00:00+00:00, run_after=2026-02-01 00:00:00+00:00
[2026-02-01T20:49:40.458+0000] {processor.py:183} INFO - Processing /opt/airflow/dags/predict.py took 2.451 seconds
[2026-02-01T20:50:10.572+0000] {processor.py:161} INFO - Started process (PID=32036) to work on /opt/airflow/dags/predict.py
[2026-02-01T20:50:10.573+0000] {processor.py:830} INFO - Processing file /opt/airflow/dags/predict.py for tasks to queue
[2026-02-01T20:50:10.575+0000] {logging_mixin.py:188} INFO - [2026-02-01T20:50:10.575+0000] {dagbag.py:545} INFO - Filling up the DagBag from /opt/airflow/dags/predict.py
[2026-02-01T20:50:13.182+0000] {logging_mixin.py:188} WARNING - /opt/airflow/dags/predict.py:34 RemovedInAirflow3Warning: Function `days_ago` is deprecated and will be removed in Airflow 3.0. You can achieve equivalent behavior with `pendulum.today('UTC').add(days=-N, ...)`
[2026-02-01T20:50:13.183+0000] {logging_mixin.py:188} WARNING - /opt/airflow/dags/predict.py:29 RemovedInAirflow3Warning: Param `schedule_interval` is deprecated and will be removed in a future release. Please use `schedule` instead.
[2026-02-01T20:50:13.189+0000] {processor.py:840} INFO - DAG(s) 'ml_prediction_pipeline' retrieved from /opt/airflow/dags/predict.py
[2026-02-01T20:50:13.215+0000] {logging_mixin.py:188} INFO - [2026-02-01T20:50:13.214+0000] {dag.py:3096} INFO - Sync 1 DAGs
[2026-02-01T20:50:13.341+0000] {logging_mixin.py:188} INFO - [2026-02-01T20:50:13.341+0000] {dag.py:3954} INFO - Setting next_dagrun for ml_prediction_pipeline to 2026-01-31 00:00:00+00:00, run_after=2026-02-01 00:00:00+00:00
[2026-02-01T20:50:13.365+0000] {processor.py:183} INFO - Processing /opt/airflow/dags/predict.py took 2.800 seconds
[2026-02-01T20:50:43.979+0000] {processor.py:161} INFO - Started process (PID=32083) to work on /opt/airflow/dags/predict.py
[2026-02-01T20:50:43.982+0000] {processor.py:830} INFO - Processing file /opt/airflow/dags/predict.py for tasks to queue
[2026-02-01T20:50:43.984+0000] {logging_mixin.py:188} INFO - [2026-02-01T20:50:43.984+0000] {dagbag.py:545} INFO - Filling up the DagBag from /opt/airflow/dags/predict.py
[2026-02-01T20:50:46.637+0000] {logging_mixin.py:188} WARNING - /opt/airflow/dags/predict.py:34 RemovedInAirflow3Warning: Function `days_ago` is deprecated and will be removed in Airflow 3.0. You can achieve equivalent behavior with `pendulum.today('UTC').add(days=-N, ...)`
[2026-02-01T20:50:46.639+0000] {logging_mixin.py:188} WARNING - /opt/airflow/dags/predict.py:29 RemovedInAirflow3Warning: Param `schedule_interval` is deprecated and will be removed in a future release. Please use `schedule` instead.
[2026-02-01T20:50:46.644+0000] {processor.py:840} INFO - DAG(s) 'ml_prediction_pipeline' retrieved from /opt/airflow/dags/predict.py
[2026-02-01T20:50:46.675+0000] {logging_mixin.py:188} INFO - [2026-02-01T20:50:46.674+0000] {dag.py:3096} INFO - Sync 1 DAGs
[2026-02-01T20:50:46.809+0000] {logging_mixin.py:188} INFO - [2026-02-01T20:50:46.808+0000] {dag.py:3954} INFO - Setting next_dagrun for ml_prediction_pipeline to 2026-01-31 00:00:00+00:00, run_after=2026-02-01 00:00:00+00:00
[2026-02-01T20:50:46.834+0000] {processor.py:183} INFO - Processing /opt/airflow/dags/predict.py took 2.862 seconds
[2026-02-01T20:51:17.412+0000] {processor.py:161} INFO - Started process (PID=32128) to work on /opt/airflow/dags/predict.py
[2026-02-01T20:51:17.415+0000] {processor.py:830} INFO - Processing file /opt/airflow/dags/predict.py for tasks to queue
[2026-02-01T20:51:17.420+0000] {logging_mixin.py:188} INFO - [2026-02-01T20:51:17.419+0000] {dagbag.py:545} INFO - Filling up the DagBag from /opt/airflow/dags/predict.py
[2026-02-01T20:51:20.765+0000] {logging_mixin.py:188} WARNING - /opt/airflow/dags/predict.py:34 RemovedInAirflow3Warning: Function `days_ago` is deprecated and will be removed in Airflow 3.0. You can achieve equivalent behavior with `pendulum.today('UTC').add(days=-N, ...)`
[2026-02-01T20:51:20.767+0000] {logging_mixin.py:188} WARNING - /opt/airflow/dags/predict.py:29 RemovedInAirflow3Warning: Param `schedule_interval` is deprecated and will be removed in a future release. Please use `schedule` instead.
[2026-02-01T20:51:20.774+0000] {processor.py:840} INFO - DAG(s) 'ml_prediction_pipeline' retrieved from /opt/airflow/dags/predict.py
[2026-02-01T20:51:20.800+0000] {logging_mixin.py:188} INFO - [2026-02-01T20:51:20.800+0000] {dag.py:3096} INFO - Sync 1 DAGs
[2026-02-01T20:51:20.819+0000] {logging_mixin.py:188} INFO - [2026-02-01T20:51:20.819+0000] {dag.py:3954} INFO - Setting next_dagrun for ml_prediction_pipeline to 2026-01-31 00:00:00+00:00, run_after=2026-02-01 00:00:00+00:00
[2026-02-01T20:51:20.843+0000] {processor.py:183} INFO - Processing /opt/airflow/dags/predict.py took 3.456 seconds
[2026-02-01T20:51:51.137+0000] {processor.py:161} INFO - Started process (PID=32160) to work on /opt/airflow/dags/predict.py
[2026-02-01T20:51:51.139+0000] {processor.py:830} INFO - Processing file /opt/airflow/dags/predict.py for tasks to queue
[2026-02-01T20:51:51.142+0000] {logging_mixin.py:188} INFO - [2026-02-01T20:51:51.142+0000] {dagbag.py:545} INFO - Filling up the DagBag from /opt/airflow/dags/predict.py
[2026-02-01T20:51:54.749+0000] {logging_mixin.py:188} WARNING - /opt/airflow/dags/predict.py:34 RemovedInAirflow3Warning: Function `days_ago` is deprecated and will be removed in Airflow 3.0. You can achieve equivalent behavior with `pendulum.today('UTC').add(days=-N, ...)`
[2026-02-01T20:51:54.750+0000] {logging_mixin.py:188} WARNING - /opt/airflow/dags/predict.py:29 RemovedInAirflow3Warning: Param `schedule_interval` is deprecated and will be removed in a future release. Please use `schedule` instead.
[2026-02-01T20:51:54.757+0000] {processor.py:840} INFO - DAG(s) 'ml_prediction_pipeline' retrieved from /opt/airflow/dags/predict.py
[2026-02-01T20:51:54.917+0000] {logging_mixin.py:188} INFO - [2026-02-01T20:51:54.916+0000] {dag.py:3096} INFO - Sync 1 DAGs
[2026-02-01T20:51:54.941+0000] {logging_mixin.py:188} INFO - [2026-02-01T20:51:54.941+0000] {dag.py:3954} INFO - Setting next_dagrun for ml_prediction_pipeline to 2026-01-31 00:00:00+00:00, run_after=2026-02-01 00:00:00+00:00
[2026-02-01T20:51:54.974+0000] {processor.py:183} INFO - Processing /opt/airflow/dags/predict.py took 3.845 seconds
[2026-02-01T20:52:25.283+0000] {processor.py:161} INFO - Started process (PID=32206) to work on /opt/airflow/dags/predict.py
[2026-02-01T20:52:25.283+0000] {processor.py:830} INFO - Processing file /opt/airflow/dags/predict.py for tasks to queue
[2026-02-01T20:52:25.285+0000] {logging_mixin.py:188} INFO - [2026-02-01T20:52:25.285+0000] {dagbag.py:545} INFO - Filling up the DagBag from /opt/airflow/dags/predict.py
[2026-02-01T20:52:30.567+0000] {logging_mixin.py:188} WARNING - /opt/airflow/dags/predict.py:34 RemovedInAirflow3Warning: Function `days_ago` is deprecated and will be removed in Airflow 3.0. You can achieve equivalent behavior with `pendulum.today('UTC').add(days=-N, ...)`
[2026-02-01T20:52:30.568+0000] {logging_mixin.py:188} WARNING - /opt/airflow/dags/predict.py:29 RemovedInAirflow3Warning: Param `schedule_interval` is deprecated and will be removed in a future release. Please use `schedule` instead.
[2026-02-01T20:52:30.575+0000] {processor.py:840} INFO - DAG(s) 'ml_prediction_pipeline' retrieved from /opt/airflow/dags/predict.py
[2026-02-01T20:52:30.621+0000] {logging_mixin.py:188} INFO - [2026-02-01T20:52:30.620+0000] {dag.py:3096} INFO - Sync 1 DAGs
[2026-02-01T20:52:30.659+0000] {logging_mixin.py:188} INFO - [2026-02-01T20:52:30.658+0000] {dag.py:3954} INFO - Setting next_dagrun for ml_prediction_pipeline to 2026-01-31 00:00:00+00:00, run_after=2026-02-01 00:00:00+00:00
[2026-02-01T20:52:30.689+0000] {processor.py:183} INFO - Processing /opt/airflow/dags/predict.py took 5.411 seconds
[2026-02-01T20:53:01.096+0000] {processor.py:161} INFO - Started process (PID=32251) to work on /opt/airflow/dags/predict.py
[2026-02-01T20:53:01.098+0000] {processor.py:830} INFO - Processing file /opt/airflow/dags/predict.py for tasks to queue
[2026-02-01T20:53:01.100+0000] {logging_mixin.py:188} INFO - [2026-02-01T20:53:01.100+0000] {dagbag.py:545} INFO - Filling up the DagBag from /opt/airflow/dags/predict.py
[2026-02-01T20:53:04.040+0000] {logging_mixin.py:188} WARNING - /opt/airflow/dags/predict.py:34 RemovedInAirflow3Warning: Function `days_ago` is deprecated and will be removed in Airflow 3.0. You can achieve equivalent behavior with `pendulum.today('UTC').add(days=-N, ...)`
[2026-02-01T20:53:04.041+0000] {logging_mixin.py:188} WARNING - /opt/airflow/dags/predict.py:29 RemovedInAirflow3Warning: Param `schedule_interval` is deprecated and will be removed in a future release. Please use `schedule` instead.
[2026-02-01T20:53:04.047+0000] {processor.py:840} INFO - DAG(s) 'ml_prediction_pipeline' retrieved from /opt/airflow/dags/predict.py
[2026-02-01T20:53:04.078+0000] {logging_mixin.py:188} INFO - [2026-02-01T20:53:04.077+0000] {dag.py:3096} INFO - Sync 1 DAGs
[2026-02-01T20:53:04.111+0000] {logging_mixin.py:188} INFO - [2026-02-01T20:53:04.111+0000] {dag.py:3954} INFO - Setting next_dagrun for ml_prediction_pipeline to 2026-01-31 00:00:00+00:00, run_after=2026-02-01 00:00:00+00:00
[2026-02-01T20:53:04.264+0000] {processor.py:183} INFO - Processing /opt/airflow/dags/predict.py took 3.173 seconds
[2026-02-01T20:53:34.477+0000] {processor.py:161} INFO - Started process (PID=32298) to work on /opt/airflow/dags/predict.py
[2026-02-01T20:53:34.479+0000] {processor.py:830} INFO - Processing file /opt/airflow/dags/predict.py for tasks to queue
[2026-02-01T20:53:34.480+0000] {logging_mixin.py:188} INFO - [2026-02-01T20:53:34.480+0000] {dagbag.py:545} INFO - Filling up the DagBag from /opt/airflow/dags/predict.py
[2026-02-01T20:53:37.311+0000] {logging_mixin.py:188} WARNING - /opt/airflow/dags/predict.py:34 RemovedInAirflow3Warning: Function `days_ago` is deprecated and will be removed in Airflow 3.0. You can achieve equivalent behavior with `pendulum.today('UTC').add(days=-N, ...)`
[2026-02-01T20:53:37.313+0000] {logging_mixin.py:188} WARNING - /opt/airflow/dags/predict.py:29 RemovedInAirflow3Warning: Param `schedule_interval` is deprecated and will be removed in a future release. Please use `schedule` instead.
[2026-02-01T20:53:37.320+0000] {processor.py:840} INFO - DAG(s) 'ml_prediction_pipeline' retrieved from /opt/airflow/dags/predict.py
[2026-02-01T20:53:37.351+0000] {logging_mixin.py:188} INFO - [2026-02-01T20:53:37.351+0000] {dag.py:3096} INFO - Sync 1 DAGs
[2026-02-01T20:53:37.377+0000] {logging_mixin.py:188} INFO - [2026-02-01T20:53:37.376+0000] {dag.py:3954} INFO - Setting next_dagrun for ml_prediction_pipeline to 2026-01-31 00:00:00+00:00, run_after=2026-02-01 00:00:00+00:00
[2026-02-01T20:53:37.399+0000] {processor.py:183} INFO - Processing /opt/airflow/dags/predict.py took 2.927 seconds
[2026-02-01T20:54:07.717+0000] {processor.py:161} INFO - Started process (PID=32345) to work on /opt/airflow/dags/predict.py
[2026-02-01T20:54:07.719+0000] {processor.py:830} INFO - Processing file /opt/airflow/dags/predict.py for tasks to queue
[2026-02-01T20:54:07.721+0000] {logging_mixin.py:188} INFO - [2026-02-01T20:54:07.720+0000] {dagbag.py:545} INFO - Filling up the DagBag from /opt/airflow/dags/predict.py
[2026-02-01T20:54:10.547+0000] {logging_mixin.py:188} WARNING - /opt/airflow/dags/predict.py:34 RemovedInAirflow3Warning: Function `days_ago` is deprecated and will be removed in Airflow 3.0. You can achieve equivalent behavior with `pendulum.today('UTC').add(days=-N, ...)`
[2026-02-01T20:54:10.548+0000] {logging_mixin.py:188} WARNING - /opt/airflow/dags/predict.py:29 RemovedInAirflow3Warning: Param `schedule_interval` is deprecated and will be removed in a future release. Please use `schedule` instead.
[2026-02-01T20:54:10.557+0000] {processor.py:840} INFO - DAG(s) 'ml_prediction_pipeline' retrieved from /opt/airflow/dags/predict.py
[2026-02-01T20:54:10.683+0000] {logging_mixin.py:188} INFO - [2026-02-01T20:54:10.683+0000] {dag.py:3096} INFO - Sync 1 DAGs
[2026-02-01T20:54:10.704+0000] {logging_mixin.py:188} INFO - [2026-02-01T20:54:10.704+0000] {dag.py:3954} INFO - Setting next_dagrun for ml_prediction_pipeline to 2026-01-31 00:00:00+00:00, run_after=2026-02-01 00:00:00+00:00
[2026-02-01T20:54:10.731+0000] {processor.py:183} INFO - Processing /opt/airflow/dags/predict.py took 3.021 seconds
[2026-02-01T20:54:40.910+0000] {processor.py:161} INFO - Started process (PID=32393) to work on /opt/airflow/dags/predict.py
[2026-02-01T20:54:40.911+0000] {processor.py:830} INFO - Processing file /opt/airflow/dags/predict.py for tasks to queue
[2026-02-01T20:54:40.914+0000] {logging_mixin.py:188} INFO - [2026-02-01T20:54:40.913+0000] {dagbag.py:545} INFO - Filling up the DagBag from /opt/airflow/dags/predict.py
[2026-02-01T20:54:44.737+0000] {logging_mixin.py:188} WARNING - /opt/airflow/dags/predict.py:34 RemovedInAirflow3Warning: Function `days_ago` is deprecated and will be removed in Airflow 3.0. You can achieve equivalent behavior with `pendulum.today('UTC').add(days=-N, ...)`
[2026-02-01T20:54:44.740+0000] {logging_mixin.py:188} WARNING - /opt/airflow/dags/predict.py:29 RemovedInAirflow3Warning: Param `schedule_interval` is deprecated and will be removed in a future release. Please use `schedule` instead.
[2026-02-01T20:54:44.747+0000] {processor.py:840} INFO - DAG(s) 'ml_prediction_pipeline' retrieved from /opt/airflow/dags/predict.py
[2026-02-01T20:54:44.795+0000] {logging_mixin.py:188} INFO - [2026-02-01T20:54:44.795+0000] {dag.py:3096} INFO - Sync 1 DAGs
[2026-02-01T20:54:44.836+0000] {logging_mixin.py:188} INFO - [2026-02-01T20:54:44.836+0000] {dag.py:3954} INFO - Setting next_dagrun for ml_prediction_pipeline to 2026-01-31 00:00:00+00:00, run_after=2026-02-01 00:00:00+00:00
[2026-02-01T20:54:44.866+0000] {processor.py:183} INFO - Processing /opt/airflow/dags/predict.py took 3.967 seconds
[2026-02-01T20:55:15.100+0000] {processor.py:161} INFO - Started process (PID=32440) to work on /opt/airflow/dags/predict.py
[2026-02-01T20:55:15.103+0000] {processor.py:830} INFO - Processing file /opt/airflow/dags/predict.py for tasks to queue
[2026-02-01T20:55:15.109+0000] {logging_mixin.py:188} INFO - [2026-02-01T20:55:15.109+0000] {dagbag.py:545} INFO - Filling up the DagBag from /opt/airflow/dags/predict.py
[2026-02-01T20:55:21.464+0000] {logging_mixin.py:188} WARNING - /opt/airflow/dags/predict.py:34 RemovedInAirflow3Warning: Function `days_ago` is deprecated and will be removed in Airflow 3.0. You can achieve equivalent behavior with `pendulum.today('UTC').add(days=-N, ...)`
[2026-02-01T20:55:21.468+0000] {logging_mixin.py:188} WARNING - /opt/airflow/dags/predict.py:29 RemovedInAirflow3Warning: Param `schedule_interval` is deprecated and will be removed in a future release. Please use `schedule` instead.
[2026-02-01T20:55:21.476+0000] {processor.py:840} INFO - DAG(s) 'ml_prediction_pipeline' retrieved from /opt/airflow/dags/predict.py
[2026-02-01T20:55:21.520+0000] {logging_mixin.py:188} INFO - [2026-02-01T20:55:21.519+0000] {dag.py:3096} INFO - Sync 1 DAGs
[2026-02-01T20:55:21.564+0000] {logging_mixin.py:188} INFO - [2026-02-01T20:55:21.563+0000] {dag.py:3954} INFO - Setting next_dagrun for ml_prediction_pipeline to 2026-01-31 00:00:00+00:00, run_after=2026-02-01 00:00:00+00:00
[2026-02-01T20:55:21.604+0000] {processor.py:183} INFO - Processing /opt/airflow/dags/predict.py took 6.514 seconds
[2026-02-01T20:55:52.086+0000] {processor.py:161} INFO - Started process (PID=32494) to work on /opt/airflow/dags/predict.py
[2026-02-01T20:55:52.087+0000] {processor.py:830} INFO - Processing file /opt/airflow/dags/predict.py for tasks to queue
[2026-02-01T20:55:52.088+0000] {logging_mixin.py:188} INFO - [2026-02-01T20:55:52.088+0000] {dagbag.py:545} INFO - Filling up the DagBag from /opt/airflow/dags/predict.py
[2026-02-01T20:55:57.054+0000] {logging_mixin.py:188} WARNING - /opt/airflow/dags/predict.py:34 RemovedInAirflow3Warning: Function `days_ago` is deprecated and will be removed in Airflow 3.0. You can achieve equivalent behavior with `pendulum.today('UTC').add(days=-N, ...)`
[2026-02-01T20:55:57.059+0000] {logging_mixin.py:188} WARNING - /opt/airflow/dags/predict.py:29 RemovedInAirflow3Warning: Param `schedule_interval` is deprecated and will be removed in a future release. Please use `schedule` instead.
[2026-02-01T20:55:57.074+0000] {processor.py:840} INFO - DAG(s) 'ml_prediction_pipeline' retrieved from /opt/airflow/dags/predict.py
[2026-02-01T20:55:57.140+0000] {logging_mixin.py:188} INFO - [2026-02-01T20:55:57.138+0000] {dag.py:3096} INFO - Sync 1 DAGs
[2026-02-01T20:55:57.186+0000] {logging_mixin.py:188} INFO - [2026-02-01T20:55:57.185+0000] {dag.py:3954} INFO - Setting next_dagrun for ml_prediction_pipeline to 2026-01-31 00:00:00+00:00, run_after=2026-02-01 00:00:00+00:00
[2026-02-01T20:55:57.237+0000] {processor.py:183} INFO - Processing /opt/airflow/dags/predict.py took 5.157 seconds
[2026-02-01T20:56:27.720+0000] {processor.py:161} INFO - Started process (PID=32542) to work on /opt/airflow/dags/predict.py
[2026-02-01T20:56:27.721+0000] {processor.py:830} INFO - Processing file /opt/airflow/dags/predict.py for tasks to queue
[2026-02-01T20:56:27.724+0000] {logging_mixin.py:188} INFO - [2026-02-01T20:56:27.723+0000] {dagbag.py:545} INFO - Filling up the DagBag from /opt/airflow/dags/predict.py
[2026-02-01T20:56:31.416+0000] {logging_mixin.py:188} WARNING - /opt/airflow/dags/predict.py:34 RemovedInAirflow3Warning: Function `days_ago` is deprecated and will be removed in Airflow 3.0. You can achieve equivalent behavior with `pendulum.today('UTC').add(days=-N, ...)`
[2026-02-01T20:56:31.417+0000] {logging_mixin.py:188} WARNING - /opt/airflow/dags/predict.py:29 RemovedInAirflow3Warning: Param `schedule_interval` is deprecated and will be removed in a future release. Please use `schedule` instead.
[2026-02-01T20:56:31.425+0000] {processor.py:840} INFO - DAG(s) 'ml_prediction_pipeline' retrieved from /opt/airflow/dags/predict.py
[2026-02-01T20:56:31.452+0000] {logging_mixin.py:188} INFO - [2026-02-01T20:56:31.452+0000] {dag.py:3096} INFO - Sync 1 DAGs
[2026-02-01T20:56:31.590+0000] {logging_mixin.py:188} INFO - [2026-02-01T20:56:31.590+0000] {dag.py:3954} INFO - Setting next_dagrun for ml_prediction_pipeline to 2026-01-31 00:00:00+00:00, run_after=2026-02-01 00:00:00+00:00
[2026-02-01T20:56:31.613+0000] {processor.py:183} INFO - Processing /opt/airflow/dags/predict.py took 3.902 seconds
[2026-02-01T20:57:02.101+0000] {processor.py:161} INFO - Started process (PID=32589) to work on /opt/airflow/dags/predict.py
[2026-02-01T20:57:02.105+0000] {processor.py:830} INFO - Processing file /opt/airflow/dags/predict.py for tasks to queue
[2026-02-01T20:57:02.108+0000] {logging_mixin.py:188} INFO - [2026-02-01T20:57:02.107+0000] {dagbag.py:545} INFO - Filling up the DagBag from /opt/airflow/dags/predict.py
[2026-02-01T20:57:08.007+0000] {logging_mixin.py:188} WARNING - /opt/airflow/dags/predict.py:34 RemovedInAirflow3Warning: Function `days_ago` is deprecated and will be removed in Airflow 3.0. You can achieve equivalent behavior with `pendulum.today('UTC').add(days=-N, ...)`
[2026-02-01T20:57:08.012+0000] {logging_mixin.py:188} WARNING - /opt/airflow/dags/predict.py:29 RemovedInAirflow3Warning: Param `schedule_interval` is deprecated and will be removed in a future release. Please use `schedule` instead.
[2026-02-01T20:57:08.020+0000] {processor.py:840} INFO - DAG(s) 'ml_prediction_pipeline' retrieved from /opt/airflow/dags/predict.py
[2026-02-01T20:57:08.053+0000] {logging_mixin.py:188} INFO - [2026-02-01T20:57:08.052+0000] {dag.py:3096} INFO - Sync 1 DAGs
[2026-02-01T20:57:08.200+0000] {logging_mixin.py:188} INFO - [2026-02-01T20:57:08.200+0000] {dag.py:3954} INFO - Setting next_dagrun for ml_prediction_pipeline to 2026-01-31 00:00:00+00:00, run_after=2026-02-01 00:00:00+00:00
[2026-02-01T20:57:08.227+0000] {processor.py:183} INFO - Processing /opt/airflow/dags/predict.py took 6.131 seconds
[2026-02-01T20:57:38.496+0000] {processor.py:161} INFO - Started process (PID=32641) to work on /opt/airflow/dags/predict.py
[2026-02-01T20:57:38.499+0000] {processor.py:830} INFO - Processing file /opt/airflow/dags/predict.py for tasks to queue
[2026-02-01T20:57:38.503+0000] {logging_mixin.py:188} INFO - [2026-02-01T20:57:38.502+0000] {dagbag.py:545} INFO - Filling up the DagBag from /opt/airflow/dags/predict.py
[2026-02-01T20:57:48.348+0000] {logging_mixin.py:188} WARNING - /opt/airflow/dags/predict.py:34 RemovedInAirflow3Warning: Function `days_ago` is deprecated and will be removed in Airflow 3.0. You can achieve equivalent behavior with `pendulum.today('UTC').add(days=-N, ...)`
[2026-02-01T20:57:48.352+0000] {logging_mixin.py:188} WARNING - /opt/airflow/dags/predict.py:29 RemovedInAirflow3Warning: Param `schedule_interval` is deprecated and will be removed in a future release. Please use `schedule` instead.
[2026-02-01T20:57:48.387+0000] {processor.py:840} INFO - DAG(s) 'ml_prediction_pipeline' retrieved from /opt/airflow/dags/predict.py
[2026-02-01T20:57:48.508+0000] {logging_mixin.py:188} INFO - [2026-02-01T20:57:48.507+0000] {dag.py:3096} INFO - Sync 1 DAGs
[2026-02-01T20:57:48.660+0000] {logging_mixin.py:188} INFO - [2026-02-01T20:57:48.659+0000] {dag.py:3954} INFO - Setting next_dagrun for ml_prediction_pipeline to 2026-01-31 00:00:00+00:00, run_after=2026-02-01 00:00:00+00:00
[2026-02-01T20:57:48.787+0000] {processor.py:183} INFO - Processing /opt/airflow/dags/predict.py took 10.300 seconds
[2026-02-01T20:58:19.318+0000] {processor.py:161} INFO - Started process (PID=32690) to work on /opt/airflow/dags/predict.py
[2026-02-01T20:58:19.318+0000] {processor.py:830} INFO - Processing file /opt/airflow/dags/predict.py for tasks to queue
[2026-02-01T20:58:19.320+0000] {logging_mixin.py:188} INFO - [2026-02-01T20:58:19.320+0000] {dagbag.py:545} INFO - Filling up the DagBag from /opt/airflow/dags/predict.py
[2026-02-01T20:58:22.615+0000] {logging_mixin.py:188} WARNING - /opt/airflow/dags/predict.py:34 RemovedInAirflow3Warning: Function `days_ago` is deprecated and will be removed in Airflow 3.0. You can achieve equivalent behavior with `pendulum.today('UTC').add(days=-N, ...)`
[2026-02-01T20:58:22.616+0000] {logging_mixin.py:188} WARNING - /opt/airflow/dags/predict.py:29 RemovedInAirflow3Warning: Param `schedule_interval` is deprecated and will be removed in a future release. Please use `schedule` instead.
[2026-02-01T20:58:22.622+0000] {processor.py:840} INFO - DAG(s) 'ml_prediction_pipeline' retrieved from /opt/airflow/dags/predict.py
[2026-02-01T20:58:22.655+0000] {logging_mixin.py:188} INFO - [2026-02-01T20:58:22.654+0000] {dag.py:3096} INFO - Sync 1 DAGs
[2026-02-01T20:58:22.681+0000] {logging_mixin.py:188} INFO - [2026-02-01T20:58:22.680+0000] {dag.py:3954} INFO - Setting next_dagrun for ml_prediction_pipeline to 2026-01-31 00:00:00+00:00, run_after=2026-02-01 00:00:00+00:00
[2026-02-01T20:58:22.704+0000] {processor.py:183} INFO - Processing /opt/airflow/dags/predict.py took 3.392 seconds
[2026-02-01T20:58:53.204+0000] {processor.py:161} INFO - Started process (PID=32738) to work on /opt/airflow/dags/predict.py
[2026-02-01T20:58:53.206+0000] {processor.py:830} INFO - Processing file /opt/airflow/dags/predict.py for tasks to queue
[2026-02-01T20:58:53.209+0000] {logging_mixin.py:188} INFO - [2026-02-01T20:58:53.209+0000] {dagbag.py:545} INFO - Filling up the DagBag from /opt/airflow/dags/predict.py
[2026-02-01T20:58:56.788+0000] {logging_mixin.py:188} WARNING - /opt/airflow/dags/predict.py:34 RemovedInAirflow3Warning: Function `days_ago` is deprecated and will be removed in Airflow 3.0. You can achieve equivalent behavior with `pendulum.today('UTC').add(days=-N, ...)`
[2026-02-01T20:58:56.790+0000] {logging_mixin.py:188} WARNING - /opt/airflow/dags/predict.py:29 RemovedInAirflow3Warning: Param `schedule_interval` is deprecated and will be removed in a future release. Please use `schedule` instead.
[2026-02-01T20:58:56.797+0000] {processor.py:840} INFO - DAG(s) 'ml_prediction_pipeline' retrieved from /opt/airflow/dags/predict.py
[2026-02-01T20:58:56.824+0000] {logging_mixin.py:188} INFO - [2026-02-01T20:58:56.824+0000] {dag.py:3096} INFO - Sync 1 DAGs
[2026-02-01T20:58:56.847+0000] {logging_mixin.py:188} INFO - [2026-02-01T20:58:56.847+0000] {dag.py:3954} INFO - Setting next_dagrun for ml_prediction_pipeline to 2026-01-31 00:00:00+00:00, run_after=2026-02-01 00:00:00+00:00
[2026-02-01T20:58:56.873+0000] {processor.py:183} INFO - Processing /opt/airflow/dags/predict.py took 3.676 seconds
[2026-02-01T20:59:27.238+0000] {processor.py:161} INFO - Started process (PID=32785) to work on /opt/airflow/dags/predict.py
[2026-02-01T20:59:27.239+0000] {processor.py:830} INFO - Processing file /opt/airflow/dags/predict.py for tasks to queue
[2026-02-01T20:59:27.242+0000] {logging_mixin.py:188} INFO - [2026-02-01T20:59:27.241+0000] {dagbag.py:545} INFO - Filling up the DagBag from /opt/airflow/dags/predict.py
[2026-02-01T20:59:31.895+0000] {logging_mixin.py:188} WARNING - /opt/airflow/dags/predict.py:34 RemovedInAirflow3Warning: Function `days_ago` is deprecated and will be removed in Airflow 3.0. You can achieve equivalent behavior with `pendulum.today('UTC').add(days=-N, ...)`
[2026-02-01T20:59:31.900+0000] {logging_mixin.py:188} WARNING - /opt/airflow/dags/predict.py:29 RemovedInAirflow3Warning: Param `schedule_interval` is deprecated and will be removed in a future release. Please use `schedule` instead.
[2026-02-01T20:59:31.911+0000] {processor.py:840} INFO - DAG(s) 'ml_prediction_pipeline' retrieved from /opt/airflow/dags/predict.py
[2026-02-01T20:59:31.953+0000] {logging_mixin.py:188} INFO - [2026-02-01T20:59:31.952+0000] {dag.py:3096} INFO - Sync 1 DAGs
[2026-02-01T20:59:32.120+0000] {logging_mixin.py:188} INFO - [2026-02-01T20:59:32.120+0000] {dag.py:3954} INFO - Setting next_dagrun for ml_prediction_pipeline to 2026-01-31 00:00:00+00:00, run_after=2026-02-01 00:00:00+00:00
[2026-02-01T20:59:32.148+0000] {processor.py:183} INFO - Processing /opt/airflow/dags/predict.py took 4.920 seconds
[2026-02-01T21:00:02.329+0000] {processor.py:161} INFO - Started process (PID=32832) to work on /opt/airflow/dags/predict.py
[2026-02-01T21:00:02.330+0000] {processor.py:830} INFO - Processing file /opt/airflow/dags/predict.py for tasks to queue
[2026-02-01T21:00:02.332+0000] {logging_mixin.py:188} INFO - [2026-02-01T21:00:02.331+0000] {dagbag.py:545} INFO - Filling up the DagBag from /opt/airflow/dags/predict.py
[2026-02-01T21:00:10.481+0000] {logging_mixin.py:188} WARNING - /opt/airflow/dags/predict.py:34 RemovedInAirflow3Warning: Function `days_ago` is deprecated and will be removed in Airflow 3.0. You can achieve equivalent behavior with `pendulum.today('UTC').add(days=-N, ...)`
[2026-02-01T21:00:10.485+0000] {logging_mixin.py:188} WARNING - /opt/airflow/dags/predict.py:29 RemovedInAirflow3Warning: Param `schedule_interval` is deprecated and will be removed in a future release. Please use `schedule` instead.
[2026-02-01T21:00:10.494+0000] {processor.py:840} INFO - DAG(s) 'ml_prediction_pipeline' retrieved from /opt/airflow/dags/predict.py
[2026-02-01T21:00:10.539+0000] {logging_mixin.py:188} INFO - [2026-02-01T21:00:10.538+0000] {dag.py:3096} INFO - Sync 1 DAGs
[2026-02-01T21:00:10.577+0000] {logging_mixin.py:188} INFO - [2026-02-01T21:00:10.576+0000] {dag.py:3954} INFO - Setting next_dagrun for ml_prediction_pipeline to 2026-01-31 00:00:00+00:00, run_after=2026-02-01 00:00:00+00:00
[2026-02-01T21:00:10.629+0000] {processor.py:183} INFO - Processing /opt/airflow/dags/predict.py took 4.977 seconds
[2026-02-01T21:00:42.765+0000] {processor.py:161} INFO - Started process (PID=32879) to work on /opt/airflow/dags/predict.py
[2026-02-01T21:00:42.768+0000] {processor.py:830} INFO - Processing file /opt/airflow/dags/predict.py for tasks to queue
[2026-02-01T21:00:42.771+0000] {logging_mixin.py:188} INFO - [2026-02-01T21:00:42.770+0000] {dagbag.py:545} INFO - Filling up the DagBag from /opt/airflow/dags/predict.py
[2026-02-01T21:00:46.691+0000] {logging_mixin.py:188} WARNING - /opt/airflow/dags/predict.py:34 RemovedInAirflow3Warning: Function `days_ago` is deprecated and will be removed in Airflow 3.0. You can achieve equivalent behavior with `pendulum.today('UTC').add(days=-N, ...)`
[2026-02-01T21:00:46.693+0000] {logging_mixin.py:188} WARNING - /opt/airflow/dags/predict.py:29 RemovedInAirflow3Warning: Param `schedule_interval` is deprecated and will be removed in a future release. Please use `schedule` instead.
[2026-02-01T21:00:46.709+0000] {processor.py:840} INFO - DAG(s) 'ml_prediction_pipeline' retrieved from /opt/airflow/dags/predict.py
[2026-02-01T21:00:46.751+0000] {logging_mixin.py:188} INFO - [2026-02-01T21:00:46.750+0000] {dag.py:3096} INFO - Sync 1 DAGs
[2026-02-01T21:00:46.779+0000] {logging_mixin.py:188} INFO - [2026-02-01T21:00:46.778+0000] {dag.py:3954} INFO - Setting next_dagrun for ml_prediction_pipeline to 2026-01-31 00:00:00+00:00, run_after=2026-02-01 00:00:00+00:00
[2026-02-01T21:00:46.811+0000] {processor.py:183} INFO - Processing /opt/airflow/dags/predict.py took 4.053 seconds
[2026-02-01T21:01:16.910+0000] {processor.py:161} INFO - Started process (PID=32926) to work on /opt/airflow/dags/predict.py
[2026-02-01T21:01:16.912+0000] {processor.py:830} INFO - Processing file /opt/airflow/dags/predict.py for tasks to queue
[2026-02-01T21:01:16.916+0000] {logging_mixin.py:188} INFO - [2026-02-01T21:01:16.916+0000] {dagbag.py:545} INFO - Filling up the DagBag from /opt/airflow/dags/predict.py
[2026-02-01T21:01:20.972+0000] {logging_mixin.py:188} WARNING - /opt/airflow/dags/predict.py:34 RemovedInAirflow3Warning: Function `days_ago` is deprecated and will be removed in Airflow 3.0. You can achieve equivalent behavior with `pendulum.today('UTC').add(days=-N, ...)`
[2026-02-01T21:01:20.973+0000] {logging_mixin.py:188} WARNING - /opt/airflow/dags/predict.py:29 RemovedInAirflow3Warning: Param `schedule_interval` is deprecated and will be removed in a future release. Please use `schedule` instead.
[2026-02-01T21:01:20.978+0000] {processor.py:840} INFO - DAG(s) 'ml_prediction_pipeline' retrieved from /opt/airflow/dags/predict.py
[2026-02-01T21:01:21.101+0000] {logging_mixin.py:188} INFO - [2026-02-01T21:01:21.100+0000] {dag.py:3096} INFO - Sync 1 DAGs
[2026-02-01T21:01:21.120+0000] {logging_mixin.py:188} INFO - [2026-02-01T21:01:21.120+0000] {dag.py:3954} INFO - Setting next_dagrun for ml_prediction_pipeline to 2026-01-31 00:00:00+00:00, run_after=2026-02-01 00:00:00+00:00
[2026-02-01T21:01:21.143+0000] {processor.py:183} INFO - Processing /opt/airflow/dags/predict.py took 4.250 seconds
[2026-02-01T21:01:51.373+0000] {processor.py:161} INFO - Started process (PID=32979) to work on /opt/airflow/dags/predict.py
[2026-02-01T21:01:51.376+0000] {processor.py:830} INFO - Processing file /opt/airflow/dags/predict.py for tasks to queue
[2026-02-01T21:01:51.379+0000] {logging_mixin.py:188} INFO - [2026-02-01T21:01:51.379+0000] {dagbag.py:545} INFO - Filling up the DagBag from /opt/airflow/dags/predict.py
[2026-02-01T21:01:55.234+0000] {logging_mixin.py:188} WARNING - /opt/airflow/dags/predict.py:34 RemovedInAirflow3Warning: Function `days_ago` is deprecated and will be removed in Airflow 3.0. You can achieve equivalent behavior with `pendulum.today('UTC').add(days=-N, ...)`
[2026-02-01T21:01:55.235+0000] {logging_mixin.py:188} WARNING - /opt/airflow/dags/predict.py:29 RemovedInAirflow3Warning: Param `schedule_interval` is deprecated and will be removed in a future release. Please use `schedule` instead.
[2026-02-01T21:01:55.242+0000] {processor.py:840} INFO - DAG(s) 'ml_prediction_pipeline' retrieved from /opt/airflow/dags/predict.py
[2026-02-01T21:01:55.269+0000] {logging_mixin.py:188} INFO - [2026-02-01T21:01:55.268+0000] {dag.py:3096} INFO - Sync 1 DAGs
[2026-02-01T21:01:55.290+0000] {logging_mixin.py:188} INFO - [2026-02-01T21:01:55.290+0000] {dag.py:3954} INFO - Setting next_dagrun for ml_prediction_pipeline to 2026-01-31 00:00:00+00:00, run_after=2026-02-01 00:00:00+00:00
[2026-02-01T21:01:55.313+0000] {processor.py:183} INFO - Processing /opt/airflow/dags/predict.py took 3.948 seconds
[2026-02-01T21:02:25.727+0000] {processor.py:161} INFO - Started process (PID=33021) to work on /opt/airflow/dags/predict.py
[2026-02-01T21:02:25.728+0000] {processor.py:830} INFO - Processing file /opt/airflow/dags/predict.py for tasks to queue
[2026-02-01T21:02:25.730+0000] {logging_mixin.py:188} INFO - [2026-02-01T21:02:25.730+0000] {dagbag.py:545} INFO - Filling up the DagBag from /opt/airflow/dags/predict.py
[2026-02-01T21:02:28.068+0000] {logging_mixin.py:188} WARNING - /opt/airflow/dags/predict.py:34 RemovedInAirflow3Warning: Function `days_ago` is deprecated and will be removed in Airflow 3.0. You can achieve equivalent behavior with `pendulum.today('UTC').add(days=-N, ...)`
[2026-02-01T21:02:28.070+0000] {logging_mixin.py:188} WARNING - /opt/airflow/dags/predict.py:29 RemovedInAirflow3Warning: Param `schedule_interval` is deprecated and will be removed in a future release. Please use `schedule` instead.
[2026-02-01T21:02:28.075+0000] {processor.py:840} INFO - DAG(s) 'ml_prediction_pipeline' retrieved from /opt/airflow/dags/predict.py
[2026-02-01T21:02:28.101+0000] {logging_mixin.py:188} INFO - [2026-02-01T21:02:28.101+0000] {dag.py:3096} INFO - Sync 1 DAGs
[2026-02-01T21:02:28.121+0000] {logging_mixin.py:188} INFO - [2026-02-01T21:02:28.121+0000] {dag.py:3954} INFO - Setting next_dagrun for ml_prediction_pipeline to 2026-01-31 00:00:00+00:00, run_after=2026-02-01 00:00:00+00:00
[2026-02-01T21:02:28.241+0000] {processor.py:183} INFO - Processing /opt/airflow/dags/predict.py took 2.521 seconds
[2026-02-01T21:02:58.592+0000] {processor.py:161} INFO - Started process (PID=33056) to work on /opt/airflow/dags/predict.py
[2026-02-01T21:02:58.595+0000] {processor.py:830} INFO - Processing file /opt/airflow/dags/predict.py for tasks to queue
[2026-02-01T21:02:58.601+0000] {logging_mixin.py:188} INFO - [2026-02-01T21:02:58.600+0000] {dagbag.py:545} INFO - Filling up the DagBag from /opt/airflow/dags/predict.py
[2026-02-01T21:03:04.214+0000] {logging_mixin.py:188} WARNING - /opt/airflow/dags/predict.py:34 RemovedInAirflow3Warning: Function `days_ago` is deprecated and will be removed in Airflow 3.0. You can achieve equivalent behavior with `pendulum.today('UTC').add(days=-N, ...)`
[2026-02-01T21:03:04.218+0000] {logging_mixin.py:188} WARNING - /opt/airflow/dags/predict.py:29 RemovedInAirflow3Warning: Param `schedule_interval` is deprecated and will be removed in a future release. Please use `schedule` instead.
[2026-02-01T21:03:04.245+0000] {processor.py:840} INFO - DAG(s) 'ml_prediction_pipeline' retrieved from /opt/airflow/dags/predict.py
[2026-02-01T21:03:04.355+0000] {logging_mixin.py:188} INFO - [2026-02-01T21:03:04.345+0000] {dag.py:3096} INFO - Sync 1 DAGs
[2026-02-01T21:03:04.408+0000] {logging_mixin.py:188} INFO - [2026-02-01T21:03:04.408+0000] {dag.py:3954} INFO - Setting next_dagrun for ml_prediction_pipeline to 2026-01-31 00:00:00+00:00, run_after=2026-02-01 00:00:00+00:00
[2026-02-01T21:03:04.461+0000] {processor.py:183} INFO - Processing /opt/airflow/dags/predict.py took 5.880 seconds
[2026-02-01T21:03:35.051+0000] {processor.py:161} INFO - Started process (PID=33099) to work on /opt/airflow/dags/predict.py
[2026-02-01T21:03:35.052+0000] {processor.py:830} INFO - Processing file /opt/airflow/dags/predict.py for tasks to queue
[2026-02-01T21:03:35.055+0000] {logging_mixin.py:188} INFO - [2026-02-01T21:03:35.054+0000] {dagbag.py:545} INFO - Filling up the DagBag from /opt/airflow/dags/predict.py
[2026-02-01T21:03:40.188+0000] {logging_mixin.py:188} WARNING - /opt/airflow/dags/predict.py:34 RemovedInAirflow3Warning: Function `days_ago` is deprecated and will be removed in Airflow 3.0. You can achieve equivalent behavior with `pendulum.today('UTC').add(days=-N, ...)`
[2026-02-01T21:03:40.190+0000] {logging_mixin.py:188} WARNING - /opt/airflow/dags/predict.py:29 RemovedInAirflow3Warning: Param `schedule_interval` is deprecated and will be removed in a future release. Please use `schedule` instead.
[2026-02-01T21:03:40.196+0000] {processor.py:840} INFO - DAG(s) 'ml_prediction_pipeline' retrieved from /opt/airflow/dags/predict.py
[2026-02-01T21:03:40.241+0000] {logging_mixin.py:188} INFO - [2026-02-01T21:03:40.240+0000] {dag.py:3096} INFO - Sync 1 DAGs
[2026-02-01T21:03:40.431+0000] {logging_mixin.py:188} INFO - [2026-02-01T21:03:40.430+0000] {dag.py:3954} INFO - Setting next_dagrun for ml_prediction_pipeline to 2026-01-31 00:00:00+00:00, run_after=2026-02-01 00:00:00+00:00
[2026-02-01T21:03:40.485+0000] {processor.py:183} INFO - Processing /opt/airflow/dags/predict.py took 5.443 seconds
[2026-02-01T21:04:10.982+0000] {processor.py:161} INFO - Started process (PID=33146) to work on /opt/airflow/dags/predict.py
[2026-02-01T21:04:10.985+0000] {processor.py:830} INFO - Processing file /opt/airflow/dags/predict.py for tasks to queue
[2026-02-01T21:04:10.987+0000] {logging_mixin.py:188} INFO - [2026-02-01T21:04:10.987+0000] {dagbag.py:545} INFO - Filling up the DagBag from /opt/airflow/dags/predict.py
[2026-02-01T21:04:14.190+0000] {logging_mixin.py:188} WARNING - /opt/airflow/dags/predict.py:34 RemovedInAirflow3Warning: Function `days_ago` is deprecated and will be removed in Airflow 3.0. You can achieve equivalent behavior with `pendulum.today('UTC').add(days=-N, ...)`
[2026-02-01T21:04:14.192+0000] {logging_mixin.py:188} WARNING - /opt/airflow/dags/predict.py:29 RemovedInAirflow3Warning: Param `schedule_interval` is deprecated and will be removed in a future release. Please use `schedule` instead.
[2026-02-01T21:04:14.207+0000] {processor.py:840} INFO - DAG(s) 'ml_prediction_pipeline' retrieved from /opt/airflow/dags/predict.py
[2026-02-01T21:04:14.260+0000] {logging_mixin.py:188} INFO - [2026-02-01T21:04:14.259+0000] {dag.py:3096} INFO - Sync 1 DAGs
[2026-02-01T21:04:14.322+0000] {logging_mixin.py:188} INFO - [2026-02-01T21:04:14.322+0000] {dag.py:3954} INFO - Setting next_dagrun for ml_prediction_pipeline to 2026-01-31 00:00:00+00:00, run_after=2026-02-01 00:00:00+00:00
[2026-02-01T21:04:14.369+0000] {processor.py:183} INFO - Processing /opt/airflow/dags/predict.py took 3.395 seconds
[2026-02-01T21:04:44.564+0000] {processor.py:161} INFO - Started process (PID=33193) to work on /opt/airflow/dags/predict.py
[2026-02-01T21:04:44.565+0000] {processor.py:830} INFO - Processing file /opt/airflow/dags/predict.py for tasks to queue
[2026-02-01T21:04:44.567+0000] {logging_mixin.py:188} INFO - [2026-02-01T21:04:44.566+0000] {dagbag.py:545} INFO - Filling up the DagBag from /opt/airflow/dags/predict.py
[2026-02-01T21:04:46.953+0000] {logging_mixin.py:188} WARNING - /opt/airflow/dags/predict.py:34 RemovedInAirflow3Warning: Function `days_ago` is deprecated and will be removed in Airflow 3.0. You can achieve equivalent behavior with `pendulum.today('UTC').add(days=-N, ...)`
[2026-02-01T21:04:46.954+0000] {logging_mixin.py:188} WARNING - /opt/airflow/dags/predict.py:29 RemovedInAirflow3Warning: Param `schedule_interval` is deprecated and will be removed in a future release. Please use `schedule` instead.
[2026-02-01T21:04:46.959+0000] {processor.py:840} INFO - DAG(s) 'ml_prediction_pipeline' retrieved from /opt/airflow/dags/predict.py
[2026-02-01T21:04:47.079+0000] {logging_mixin.py:188} INFO - [2026-02-01T21:04:47.078+0000] {dag.py:3096} INFO - Sync 1 DAGs
[2026-02-01T21:04:47.096+0000] {logging_mixin.py:188} INFO - [2026-02-01T21:04:47.095+0000] {dag.py:3954} INFO - Setting next_dagrun for ml_prediction_pipeline to 2026-01-31 00:00:00+00:00, run_after=2026-02-01 00:00:00+00:00
[2026-02-01T21:04:47.114+0000] {processor.py:183} INFO - Processing /opt/airflow/dags/predict.py took 2.558 seconds
[2026-02-01T21:05:17.566+0000] {processor.py:161} INFO - Started process (PID=33240) to work on /opt/airflow/dags/predict.py
[2026-02-01T21:05:17.569+0000] {processor.py:830} INFO - Processing file /opt/airflow/dags/predict.py for tasks to queue
[2026-02-01T21:05:17.572+0000] {logging_mixin.py:188} INFO - [2026-02-01T21:05:17.572+0000] {dagbag.py:545} INFO - Filling up the DagBag from /opt/airflow/dags/predict.py
[2026-02-01T21:05:20.895+0000] {logging_mixin.py:188} WARNING - /opt/airflow/dags/predict.py:34 RemovedInAirflow3Warning: Function `days_ago` is deprecated and will be removed in Airflow 3.0. You can achieve equivalent behavior with `pendulum.today('UTC').add(days=-N, ...)`
[2026-02-01T21:05:20.896+0000] {logging_mixin.py:188} WARNING - /opt/airflow/dags/predict.py:29 RemovedInAirflow3Warning: Param `schedule_interval` is deprecated and will be removed in a future release. Please use `schedule` instead.
[2026-02-01T21:05:20.901+0000] {processor.py:840} INFO - DAG(s) 'ml_prediction_pipeline' retrieved from /opt/airflow/dags/predict.py
[2026-02-01T21:05:20.930+0000] {logging_mixin.py:188} INFO - [2026-02-01T21:05:20.929+0000] {dag.py:3096} INFO - Sync 1 DAGs
[2026-02-01T21:05:20.949+0000] {logging_mixin.py:188} INFO - [2026-02-01T21:05:20.948+0000] {dag.py:3954} INFO - Setting next_dagrun for ml_prediction_pipeline to 2026-01-31 00:00:00+00:00, run_after=2026-02-01 00:00:00+00:00
[2026-02-01T21:05:20.971+0000] {processor.py:183} INFO - Processing /opt/airflow/dags/predict.py took 3.412 seconds
[2026-02-01T21:05:51.419+0000] {processor.py:161} INFO - Started process (PID=33287) to work on /opt/airflow/dags/predict.py
[2026-02-01T21:05:51.419+0000] {processor.py:830} INFO - Processing file /opt/airflow/dags/predict.py for tasks to queue
[2026-02-01T21:05:51.421+0000] {logging_mixin.py:188} INFO - [2026-02-01T21:05:51.421+0000] {dagbag.py:545} INFO - Filling up the DagBag from /opt/airflow/dags/predict.py
[2026-02-01T21:05:54.327+0000] {logging_mixin.py:188} WARNING - /opt/airflow/dags/predict.py:34 RemovedInAirflow3Warning: Function `days_ago` is deprecated and will be removed in Airflow 3.0. You can achieve equivalent behavior with `pendulum.today('UTC').add(days=-N, ...)`
[2026-02-01T21:05:54.328+0000] {logging_mixin.py:188} WARNING - /opt/airflow/dags/predict.py:29 RemovedInAirflow3Warning: Param `schedule_interval` is deprecated and will be removed in a future release. Please use `schedule` instead.
[2026-02-01T21:05:54.334+0000] {processor.py:840} INFO - DAG(s) 'ml_prediction_pipeline' retrieved from /opt/airflow/dags/predict.py
[2026-02-01T21:05:54.358+0000] {logging_mixin.py:188} INFO - [2026-02-01T21:05:54.358+0000] {dag.py:3096} INFO - Sync 1 DAGs
[2026-02-01T21:05:54.503+0000] {logging_mixin.py:188} INFO - [2026-02-01T21:05:54.503+0000] {dag.py:3954} INFO - Setting next_dagrun for ml_prediction_pipeline to 2026-01-31 00:00:00+00:00, run_after=2026-02-01 00:00:00+00:00
[2026-02-01T21:05:54.526+0000] {processor.py:183} INFO - Processing /opt/airflow/dags/predict.py took 3.112 seconds
[2026-02-01T21:06:24.949+0000] {processor.py:161} INFO - Started process (PID=33334) to work on /opt/airflow/dags/predict.py
[2026-02-01T21:06:24.951+0000] {processor.py:830} INFO - Processing file /opt/airflow/dags/predict.py for tasks to queue
[2026-02-01T21:06:24.952+0000] {logging_mixin.py:188} INFO - [2026-02-01T21:06:24.952+0000] {dagbag.py:545} INFO - Filling up the DagBag from /opt/airflow/dags/predict.py
[2026-02-01T21:06:27.482+0000] {logging_mixin.py:188} WARNING - /opt/airflow/dags/predict.py:34 RemovedInAirflow3Warning: Function `days_ago` is deprecated and will be removed in Airflow 3.0. You can achieve equivalent behavior with `pendulum.today('UTC').add(days=-N, ...)`
[2026-02-01T21:06:27.484+0000] {logging_mixin.py:188} WARNING - /opt/airflow/dags/predict.py:29 RemovedInAirflow3Warning: Param `schedule_interval` is deprecated and will be removed in a future release. Please use `schedule` instead.
[2026-02-01T21:06:27.489+0000] {processor.py:840} INFO - DAG(s) 'ml_prediction_pipeline' retrieved from /opt/airflow/dags/predict.py
[2026-02-01T21:06:27.512+0000] {logging_mixin.py:188} INFO - [2026-02-01T21:06:27.511+0000] {dag.py:3096} INFO - Sync 1 DAGs
[2026-02-01T21:06:27.529+0000] {logging_mixin.py:188} INFO - [2026-02-01T21:06:27.529+0000] {dag.py:3954} INFO - Setting next_dagrun for ml_prediction_pipeline to 2026-01-31 00:00:00+00:00, run_after=2026-02-01 00:00:00+00:00
[2026-02-01T21:06:27.546+0000] {processor.py:183} INFO - Processing /opt/airflow/dags/predict.py took 2.603 seconds
[2026-02-01T21:06:57.934+0000] {processor.py:161} INFO - Started process (PID=33381) to work on /opt/airflow/dags/predict.py
[2026-02-01T21:06:57.935+0000] {processor.py:830} INFO - Processing file /opt/airflow/dags/predict.py for tasks to queue
[2026-02-01T21:06:57.937+0000] {logging_mixin.py:188} INFO - [2026-02-01T21:06:57.936+0000] {dagbag.py:545} INFO - Filling up the DagBag from /opt/airflow/dags/predict.py
[2026-02-01T21:07:00.589+0000] {logging_mixin.py:188} WARNING - /opt/airflow/dags/predict.py:34 RemovedInAirflow3Warning: Function `days_ago` is deprecated and will be removed in Airflow 3.0. You can achieve equivalent behavior with `pendulum.today('UTC').add(days=-N, ...)`
[2026-02-01T21:07:00.590+0000] {logging_mixin.py:188} WARNING - /opt/airflow/dags/predict.py:29 RemovedInAirflow3Warning: Param `schedule_interval` is deprecated and will be removed in a future release. Please use `schedule` instead.
[2026-02-01T21:07:00.595+0000] {processor.py:840} INFO - DAG(s) 'ml_prediction_pipeline' retrieved from /opt/airflow/dags/predict.py
[2026-02-01T21:07:00.714+0000] {logging_mixin.py:188} INFO - [2026-02-01T21:07:00.713+0000] {dag.py:3096} INFO - Sync 1 DAGs
[2026-02-01T21:07:00.733+0000] {logging_mixin.py:188} INFO - [2026-02-01T21:07:00.733+0000] {dag.py:3954} INFO - Setting next_dagrun for ml_prediction_pipeline to 2026-01-31 00:00:00+00:00, run_after=2026-02-01 00:00:00+00:00
[2026-02-01T21:07:00.755+0000] {processor.py:183} INFO - Processing /opt/airflow/dags/predict.py took 2.827 seconds
[2026-02-01T21:07:30.869+0000] {processor.py:161} INFO - Started process (PID=33428) to work on /opt/airflow/dags/predict.py
[2026-02-01T21:07:30.872+0000] {processor.py:830} INFO - Processing file /opt/airflow/dags/predict.py for tasks to queue
[2026-02-01T21:07:30.873+0000] {logging_mixin.py:188} INFO - [2026-02-01T21:07:30.873+0000] {dagbag.py:545} INFO - Filling up the DagBag from /opt/airflow/dags/predict.py
[2026-02-01T21:07:33.447+0000] {logging_mixin.py:188} WARNING - /opt/airflow/dags/predict.py:34 RemovedInAirflow3Warning: Function `days_ago` is deprecated and will be removed in Airflow 3.0. You can achieve equivalent behavior with `pendulum.today('UTC').add(days=-N, ...)`
[2026-02-01T21:07:33.448+0000] {logging_mixin.py:188} WARNING - /opt/airflow/dags/predict.py:29 RemovedInAirflow3Warning: Param `schedule_interval` is deprecated and will be removed in a future release. Please use `schedule` instead.
[2026-02-01T21:07:33.459+0000] {processor.py:840} INFO - DAG(s) 'ml_prediction_pipeline' retrieved from /opt/airflow/dags/predict.py
[2026-02-01T21:07:33.506+0000] {logging_mixin.py:188} INFO - [2026-02-01T21:07:33.505+0000] {dag.py:3096} INFO - Sync 1 DAGs
[2026-02-01T21:07:33.538+0000] {logging_mixin.py:188} INFO - [2026-02-01T21:07:33.538+0000] {dag.py:3954} INFO - Setting next_dagrun for ml_prediction_pipeline to 2026-01-31 00:00:00+00:00, run_after=2026-02-01 00:00:00+00:00
[2026-02-01T21:07:33.585+0000] {processor.py:183} INFO - Processing /opt/airflow/dags/predict.py took 2.721 seconds
[2026-02-01T21:08:04.329+0000] {processor.py:161} INFO - Started process (PID=33481) to work on /opt/airflow/dags/predict.py
[2026-02-01T21:08:04.330+0000] {processor.py:830} INFO - Processing file /opt/airflow/dags/predict.py for tasks to queue
[2026-02-01T21:08:04.331+0000] {logging_mixin.py:188} INFO - [2026-02-01T21:08:04.331+0000] {dagbag.py:545} INFO - Filling up the DagBag from /opt/airflow/dags/predict.py
[2026-02-01T21:08:07.066+0000] {logging_mixin.py:188} WARNING - /opt/airflow/dags/predict.py:34 RemovedInAirflow3Warning: Function `days_ago` is deprecated and will be removed in Airflow 3.0. You can achieve equivalent behavior with `pendulum.today('UTC').add(days=-N, ...)`
[2026-02-01T21:08:07.067+0000] {logging_mixin.py:188} WARNING - /opt/airflow/dags/predict.py:29 RemovedInAirflow3Warning: Param `schedule_interval` is deprecated and will be removed in a future release. Please use `schedule` instead.
[2026-02-01T21:08:07.073+0000] {processor.py:840} INFO - DAG(s) 'ml_prediction_pipeline' retrieved from /opt/airflow/dags/predict.py
[2026-02-01T21:08:07.099+0000] {logging_mixin.py:188} INFO - [2026-02-01T21:08:07.098+0000] {dag.py:3096} INFO - Sync 1 DAGs
[2026-02-01T21:08:07.116+0000] {logging_mixin.py:188} INFO - [2026-02-01T21:08:07.116+0000] {dag.py:3954} INFO - Setting next_dagrun for ml_prediction_pipeline to 2026-01-31 00:00:00+00:00, run_after=2026-02-01 00:00:00+00:00
[2026-02-01T21:08:07.135+0000] {processor.py:183} INFO - Processing /opt/airflow/dags/predict.py took 2.812 seconds
[2026-02-01T21:08:37.626+0000] {processor.py:161} INFO - Started process (PID=33522) to work on /opt/airflow/dags/predict.py
[2026-02-01T21:08:37.629+0000] {processor.py:830} INFO - Processing file /opt/airflow/dags/predict.py for tasks to queue
[2026-02-01T21:08:37.631+0000] {logging_mixin.py:188} INFO - [2026-02-01T21:08:37.631+0000] {dagbag.py:545} INFO - Filling up the DagBag from /opt/airflow/dags/predict.py
[2026-02-01T21:08:40.885+0000] {logging_mixin.py:188} WARNING - /opt/airflow/dags/predict.py:34 RemovedInAirflow3Warning: Function `days_ago` is deprecated and will be removed in Airflow 3.0. You can achieve equivalent behavior with `pendulum.today('UTC').add(days=-N, ...)`
[2026-02-01T21:08:40.888+0000] {logging_mixin.py:188} WARNING - /opt/airflow/dags/predict.py:29 RemovedInAirflow3Warning: Param `schedule_interval` is deprecated and will be removed in a future release. Please use `schedule` instead.
[2026-02-01T21:08:40.896+0000] {processor.py:840} INFO - DAG(s) 'ml_prediction_pipeline' retrieved from /opt/airflow/dags/predict.py
[2026-02-01T21:08:40.953+0000] {logging_mixin.py:188} INFO - [2026-02-01T21:08:40.952+0000] {dag.py:3096} INFO - Sync 1 DAGs
[2026-02-01T21:08:40.987+0000] {logging_mixin.py:188} INFO - [2026-02-01T21:08:40.987+0000] {dag.py:3954} INFO - Setting next_dagrun for ml_prediction_pipeline to 2026-01-31 00:00:00+00:00, run_after=2026-02-01 00:00:00+00:00
[2026-02-01T21:08:41.023+0000] {processor.py:183} INFO - Processing /opt/airflow/dags/predict.py took 3.402 seconds
[2026-02-01T21:09:11.196+0000] {processor.py:161} INFO - Started process (PID=33569) to work on /opt/airflow/dags/predict.py
[2026-02-01T21:09:11.199+0000] {processor.py:830} INFO - Processing file /opt/airflow/dags/predict.py for tasks to queue
[2026-02-01T21:09:11.203+0000] {logging_mixin.py:188} INFO - [2026-02-01T21:09:11.202+0000] {dagbag.py:545} INFO - Filling up the DagBag from /opt/airflow/dags/predict.py
[2026-02-01T21:09:16.886+0000] {logging_mixin.py:188} WARNING - /opt/airflow/dags/predict.py:34 RemovedInAirflow3Warning: Function `days_ago` is deprecated and will be removed in Airflow 3.0. You can achieve equivalent behavior with `pendulum.today('UTC').add(days=-N, ...)`
[2026-02-01T21:09:16.898+0000] {logging_mixin.py:188} WARNING - /opt/airflow/dags/predict.py:29 RemovedInAirflow3Warning: Param `schedule_interval` is deprecated and will be removed in a future release. Please use `schedule` instead.
[2026-02-01T21:09:16.933+0000] {processor.py:840} INFO - DAG(s) 'ml_prediction_pipeline' retrieved from /opt/airflow/dags/predict.py
[2026-02-01T21:09:17.002+0000] {logging_mixin.py:188} INFO - [2026-02-01T21:09:17.001+0000] {dag.py:3096} INFO - Sync 1 DAGs
[2026-02-01T21:09:17.067+0000] {logging_mixin.py:188} INFO - [2026-02-01T21:09:17.066+0000] {dag.py:3954} INFO - Setting next_dagrun for ml_prediction_pipeline to 2026-01-31 00:00:00+00:00, run_after=2026-02-01 00:00:00+00:00
[2026-02-01T21:09:17.126+0000] {processor.py:183} INFO - Processing /opt/airflow/dags/predict.py took 5.943 seconds
[2026-02-01T21:09:47.548+0000] {processor.py:161} INFO - Started process (PID=33622) to work on /opt/airflow/dags/predict.py
[2026-02-01T21:09:47.550+0000] {processor.py:830} INFO - Processing file /opt/airflow/dags/predict.py for tasks to queue
[2026-02-01T21:09:47.551+0000] {logging_mixin.py:188} INFO - [2026-02-01T21:09:47.551+0000] {dagbag.py:545} INFO - Filling up the DagBag from /opt/airflow/dags/predict.py
[2026-02-01T21:09:50.559+0000] {logging_mixin.py:188} WARNING - /opt/airflow/dags/predict.py:34 RemovedInAirflow3Warning: Function `days_ago` is deprecated and will be removed in Airflow 3.0. You can achieve equivalent behavior with `pendulum.today('UTC').add(days=-N, ...)`
[2026-02-01T21:09:50.561+0000] {logging_mixin.py:188} WARNING - /opt/airflow/dags/predict.py:29 RemovedInAirflow3Warning: Param `schedule_interval` is deprecated and will be removed in a future release. Please use `schedule` instead.
[2026-02-01T21:09:50.570+0000] {processor.py:840} INFO - DAG(s) 'ml_prediction_pipeline' retrieved from /opt/airflow/dags/predict.py
[2026-02-01T21:09:50.602+0000] {logging_mixin.py:188} INFO - [2026-02-01T21:09:50.602+0000] {dag.py:3096} INFO - Sync 1 DAGs
[2026-02-01T21:09:50.636+0000] {logging_mixin.py:188} INFO - [2026-02-01T21:09:50.635+0000] {dag.py:3954} INFO - Setting next_dagrun for ml_prediction_pipeline to 2026-01-31 00:00:00+00:00, run_after=2026-02-01 00:00:00+00:00
[2026-02-01T21:09:50.669+0000] {processor.py:183} INFO - Processing /opt/airflow/dags/predict.py took 3.126 seconds
[2026-02-01T21:10:21.297+0000] {processor.py:161} INFO - Started process (PID=33669) to work on /opt/airflow/dags/predict.py
[2026-02-01T21:10:21.298+0000] {processor.py:830} INFO - Processing file /opt/airflow/dags/predict.py for tasks to queue
[2026-02-01T21:10:21.299+0000] {logging_mixin.py:188} INFO - [2026-02-01T21:10:21.299+0000] {dagbag.py:545} INFO - Filling up the DagBag from /opt/airflow/dags/predict.py
[2026-02-01T21:10:24.106+0000] {logging_mixin.py:188} WARNING - /opt/airflow/dags/predict.py:34 RemovedInAirflow3Warning: Function `days_ago` is deprecated and will be removed in Airflow 3.0. You can achieve equivalent behavior with `pendulum.today('UTC').add(days=-N, ...)`
[2026-02-01T21:10:24.108+0000] {logging_mixin.py:188} WARNING - /opt/airflow/dags/predict.py:29 RemovedInAirflow3Warning: Param `schedule_interval` is deprecated and will be removed in a future release. Please use `schedule` instead.
[2026-02-01T21:10:24.114+0000] {processor.py:840} INFO - DAG(s) 'ml_prediction_pipeline' retrieved from /opt/airflow/dags/predict.py
[2026-02-01T21:10:24.141+0000] {logging_mixin.py:188} INFO - [2026-02-01T21:10:24.140+0000] {dag.py:3096} INFO - Sync 1 DAGs
[2026-02-01T21:10:24.162+0000] {logging_mixin.py:188} INFO - [2026-02-01T21:10:24.162+0000] {dag.py:3954} INFO - Setting next_dagrun for ml_prediction_pipeline to 2026-01-31 00:00:00+00:00, run_after=2026-02-01 00:00:00+00:00
[2026-02-01T21:10:24.181+0000] {processor.py:183} INFO - Processing /opt/airflow/dags/predict.py took 2.889 seconds
[2026-02-01T21:10:54.893+0000] {processor.py:161} INFO - Started process (PID=33716) to work on /opt/airflow/dags/predict.py
[2026-02-01T21:10:54.897+0000] {processor.py:830} INFO - Processing file /opt/airflow/dags/predict.py for tasks to queue
[2026-02-01T21:10:54.907+0000] {logging_mixin.py:188} INFO - [2026-02-01T21:10:54.904+0000] {dagbag.py:545} INFO - Filling up the DagBag from /opt/airflow/dags/predict.py
[2026-02-01T21:10:57.771+0000] {logging_mixin.py:188} WARNING - /opt/airflow/dags/predict.py:34 RemovedInAirflow3Warning: Function `days_ago` is deprecated and will be removed in Airflow 3.0. You can achieve equivalent behavior with `pendulum.today('UTC').add(days=-N, ...)`
[2026-02-01T21:10:57.772+0000] {logging_mixin.py:188} WARNING - /opt/airflow/dags/predict.py:29 RemovedInAirflow3Warning: Param `schedule_interval` is deprecated and will be removed in a future release. Please use `schedule` instead.
[2026-02-01T21:10:57.778+0000] {processor.py:840} INFO - DAG(s) 'ml_prediction_pipeline' retrieved from /opt/airflow/dags/predict.py
[2026-02-01T21:10:57.926+0000] {logging_mixin.py:188} INFO - [2026-02-01T21:10:57.925+0000] {dag.py:3096} INFO - Sync 1 DAGs
[2026-02-01T21:10:57.953+0000] {logging_mixin.py:188} INFO - [2026-02-01T21:10:57.953+0000] {dag.py:3954} INFO - Setting next_dagrun for ml_prediction_pipeline to 2026-01-31 00:00:00+00:00, run_after=2026-02-01 00:00:00+00:00
[2026-02-01T21:10:57.988+0000] {processor.py:183} INFO - Processing /opt/airflow/dags/predict.py took 3.105 seconds
[2026-02-01T21:11:28.154+0000] {processor.py:161} INFO - Started process (PID=33763) to work on /opt/airflow/dags/predict.py
[2026-02-01T21:11:28.155+0000] {processor.py:830} INFO - Processing file /opt/airflow/dags/predict.py for tasks to queue
[2026-02-01T21:11:28.157+0000] {logging_mixin.py:188} INFO - [2026-02-01T21:11:28.156+0000] {dagbag.py:545} INFO - Filling up the DagBag from /opt/airflow/dags/predict.py
[2026-02-01T21:11:30.959+0000] {logging_mixin.py:188} WARNING - /opt/airflow/dags/predict.py:34 RemovedInAirflow3Warning: Function `days_ago` is deprecated and will be removed in Airflow 3.0. You can achieve equivalent behavior with `pendulum.today('UTC').add(days=-N, ...)`
[2026-02-01T21:11:30.960+0000] {logging_mixin.py:188} WARNING - /opt/airflow/dags/predict.py:29 RemovedInAirflow3Warning: Param `schedule_interval` is deprecated and will be removed in a future release. Please use `schedule` instead.
[2026-02-01T21:11:30.965+0000] {processor.py:840} INFO - DAG(s) 'ml_prediction_pipeline' retrieved from /opt/airflow/dags/predict.py
[2026-02-01T21:11:30.993+0000] {logging_mixin.py:188} INFO - [2026-02-01T21:11:30.993+0000] {dag.py:3096} INFO - Sync 1 DAGs
[2026-02-01T21:11:31.017+0000] {logging_mixin.py:188} INFO - [2026-02-01T21:11:31.017+0000] {dag.py:3954} INFO - Setting next_dagrun for ml_prediction_pipeline to 2026-01-31 00:00:00+00:00, run_after=2026-02-01 00:00:00+00:00
[2026-02-01T21:11:31.043+0000] {processor.py:183} INFO - Processing /opt/airflow/dags/predict.py took 2.896 seconds
[2026-02-01T21:12:01.966+0000] {processor.py:161} INFO - Started process (PID=33810) to work on /opt/airflow/dags/predict.py
[2026-02-01T21:12:01.968+0000] {processor.py:830} INFO - Processing file /opt/airflow/dags/predict.py for tasks to queue
[2026-02-01T21:12:01.971+0000] {logging_mixin.py:188} INFO - [2026-02-01T21:12:01.970+0000] {dagbag.py:545} INFO - Filling up the DagBag from /opt/airflow/dags/predict.py
[2026-02-01T21:12:06.242+0000] {logging_mixin.py:188} WARNING - /opt/airflow/dags/predict.py:34 RemovedInAirflow3Warning: Function `days_ago` is deprecated and will be removed in Airflow 3.0. You can achieve equivalent behavior with `pendulum.today('UTC').add(days=-N, ...)`
[2026-02-01T21:12:06.244+0000] {logging_mixin.py:188} WARNING - /opt/airflow/dags/predict.py:29 RemovedInAirflow3Warning: Param `schedule_interval` is deprecated and will be removed in a future release. Please use `schedule` instead.
[2026-02-01T21:12:06.255+0000] {processor.py:840} INFO - DAG(s) 'ml_prediction_pipeline' retrieved from /opt/airflow/dags/predict.py
[2026-02-01T21:12:06.301+0000] {logging_mixin.py:188} INFO - [2026-02-01T21:12:06.301+0000] {dag.py:3096} INFO - Sync 1 DAGs
[2026-02-01T21:12:06.453+0000] {logging_mixin.py:188} INFO - [2026-02-01T21:12:06.453+0000] {dag.py:3954} INFO - Setting next_dagrun for ml_prediction_pipeline to 2026-01-31 00:00:00+00:00, run_after=2026-02-01 00:00:00+00:00
[2026-02-01T21:12:06.486+0000] {processor.py:183} INFO - Processing /opt/airflow/dags/predict.py took 4.533 seconds
[2026-02-01T21:12:36.867+0000] {processor.py:161} INFO - Started process (PID=33859) to work on /opt/airflow/dags/predict.py
[2026-02-01T21:12:36.868+0000] {processor.py:830} INFO - Processing file /opt/airflow/dags/predict.py for tasks to queue
[2026-02-01T21:12:36.870+0000] {logging_mixin.py:188} INFO - [2026-02-01T21:12:36.870+0000] {dagbag.py:545} INFO - Filling up the DagBag from /opt/airflow/dags/predict.py
[2026-02-01T21:12:41.032+0000] {logging_mixin.py:188} WARNING - /opt/airflow/dags/predict.py:34 RemovedInAirflow3Warning: Function `days_ago` is deprecated and will be removed in Airflow 3.0. You can achieve equivalent behavior with `pendulum.today('UTC').add(days=-N, ...)`
[2026-02-01T21:12:41.034+0000] {logging_mixin.py:188} WARNING - /opt/airflow/dags/predict.py:29 RemovedInAirflow3Warning: Param `schedule_interval` is deprecated and will be removed in a future release. Please use `schedule` instead.
[2026-02-01T21:12:41.042+0000] {processor.py:840} INFO - DAG(s) 'ml_prediction_pipeline' retrieved from /opt/airflow/dags/predict.py
[2026-02-01T21:12:41.079+0000] {logging_mixin.py:188} INFO - [2026-02-01T21:12:41.079+0000] {dag.py:3096} INFO - Sync 1 DAGs
[2026-02-01T21:12:41.115+0000] {logging_mixin.py:188} INFO - [2026-02-01T21:12:41.115+0000] {dag.py:3954} INFO - Setting next_dagrun for ml_prediction_pipeline to 2026-01-31 00:00:00+00:00, run_after=2026-02-01 00:00:00+00:00
[2026-02-01T21:12:41.148+0000] {processor.py:183} INFO - Processing /opt/airflow/dags/predict.py took 4.292 seconds
[2026-02-01T21:13:11.455+0000] {processor.py:161} INFO - Started process (PID=33893) to work on /opt/airflow/dags/predict.py
[2026-02-01T21:13:11.461+0000] {processor.py:830} INFO - Processing file /opt/airflow/dags/predict.py for tasks to queue
[2026-02-01T21:13:11.471+0000] {logging_mixin.py:188} INFO - [2026-02-01T21:13:11.470+0000] {dagbag.py:545} INFO - Filling up the DagBag from /opt/airflow/dags/predict.py
[2026-02-01T21:13:18.791+0000] {logging_mixin.py:188} WARNING - /opt/airflow/dags/predict.py:34 RemovedInAirflow3Warning: Function `days_ago` is deprecated and will be removed in Airflow 3.0. You can achieve equivalent behavior with `pendulum.today('UTC').add(days=-N, ...)`
[2026-02-01T21:13:18.793+0000] {logging_mixin.py:188} WARNING - /opt/airflow/dags/predict.py:29 RemovedInAirflow3Warning: Param `schedule_interval` is deprecated and will be removed in a future release. Please use `schedule` instead.
[2026-02-01T21:13:18.808+0000] {processor.py:840} INFO - DAG(s) 'ml_prediction_pipeline' retrieved from /opt/airflow/dags/predict.py
[2026-02-01T21:13:19.026+0000] {logging_mixin.py:188} INFO - [2026-02-01T21:13:19.025+0000] {dag.py:3096} INFO - Sync 1 DAGs
[2026-02-01T21:13:19.079+0000] {logging_mixin.py:188} INFO - [2026-02-01T21:13:19.078+0000] {dag.py:3954} INFO - Setting next_dagrun for ml_prediction_pipeline to 2026-01-31 00:00:00+00:00, run_after=2026-02-01 00:00:00+00:00
[2026-02-01T21:13:19.123+0000] {processor.py:183} INFO - Processing /opt/airflow/dags/predict.py took 7.691 seconds
[2026-02-01T21:13:49.231+0000] {processor.py:161} INFO - Started process (PID=33936) to work on /opt/airflow/dags/predict.py
[2026-02-01T21:13:49.234+0000] {processor.py:830} INFO - Processing file /opt/airflow/dags/predict.py for tasks to queue
[2026-02-01T21:13:49.238+0000] {logging_mixin.py:188} INFO - [2026-02-01T21:13:49.237+0000] {dagbag.py:545} INFO - Filling up the DagBag from /opt/airflow/dags/predict.py
[2026-02-01T21:13:53.318+0000] {logging_mixin.py:188} WARNING - /opt/airflow/dags/predict.py:34 RemovedInAirflow3Warning: Function `days_ago` is deprecated and will be removed in Airflow 3.0. You can achieve equivalent behavior with `pendulum.today('UTC').add(days=-N, ...)`
[2026-02-01T21:13:53.320+0000] {logging_mixin.py:188} WARNING - /opt/airflow/dags/predict.py:29 RemovedInAirflow3Warning: Param `schedule_interval` is deprecated and will be removed in a future release. Please use `schedule` instead.
[2026-02-01T21:13:53.329+0000] {processor.py:840} INFO - DAG(s) 'ml_prediction_pipeline' retrieved from /opt/airflow/dags/predict.py
[2026-02-01T21:13:53.369+0000] {logging_mixin.py:188} INFO - [2026-02-01T21:13:53.368+0000] {dag.py:3096} INFO - Sync 1 DAGs
[2026-02-01T21:13:53.411+0000] {logging_mixin.py:188} INFO - [2026-02-01T21:13:53.411+0000] {dag.py:3954} INFO - Setting next_dagrun for ml_prediction_pipeline to 2026-01-31 00:00:00+00:00, run_after=2026-02-01 00:00:00+00:00
[2026-02-01T21:13:53.450+0000] {processor.py:183} INFO - Processing /opt/airflow/dags/predict.py took 4.230 seconds
[2026-02-01T21:14:24.094+0000] {processor.py:161} INFO - Started process (PID=33983) to work on /opt/airflow/dags/predict.py
[2026-02-01T21:14:24.096+0000] {processor.py:830} INFO - Processing file /opt/airflow/dags/predict.py for tasks to queue
[2026-02-01T21:14:24.099+0000] {logging_mixin.py:188} INFO - [2026-02-01T21:14:24.099+0000] {dagbag.py:545} INFO - Filling up the DagBag from /opt/airflow/dags/predict.py
[2026-02-01T21:14:27.746+0000] {logging_mixin.py:188} WARNING - /opt/airflow/dags/predict.py:34 RemovedInAirflow3Warning: Function `days_ago` is deprecated and will be removed in Airflow 3.0. You can achieve equivalent behavior with `pendulum.today('UTC').add(days=-N, ...)`
[2026-02-01T21:14:27.748+0000] {logging_mixin.py:188} WARNING - /opt/airflow/dags/predict.py:29 RemovedInAirflow3Warning: Param `schedule_interval` is deprecated and will be removed in a future release. Please use `schedule` instead.
[2026-02-01T21:14:27.756+0000] {processor.py:840} INFO - DAG(s) 'ml_prediction_pipeline' retrieved from /opt/airflow/dags/predict.py
[2026-02-01T21:14:27.788+0000] {logging_mixin.py:188} INFO - [2026-02-01T21:14:27.787+0000] {dag.py:3096} INFO - Sync 1 DAGs
[2026-02-01T21:14:27.810+0000] {logging_mixin.py:188} INFO - [2026-02-01T21:14:27.810+0000] {dag.py:3954} INFO - Setting next_dagrun for ml_prediction_pipeline to 2026-01-31 00:00:00+00:00, run_after=2026-02-01 00:00:00+00:00
[2026-02-01T21:14:27.839+0000] {processor.py:183} INFO - Processing /opt/airflow/dags/predict.py took 3.751 seconds
[2026-02-01T21:14:58.509+0000] {processor.py:161} INFO - Started process (PID=34030) to work on /opt/airflow/dags/predict.py
[2026-02-01T21:14:58.511+0000] {processor.py:830} INFO - Processing file /opt/airflow/dags/predict.py for tasks to queue
[2026-02-01T21:14:58.513+0000] {logging_mixin.py:188} INFO - [2026-02-01T21:14:58.513+0000] {dagbag.py:545} INFO - Filling up the DagBag from /opt/airflow/dags/predict.py
[2026-02-01T21:15:02.971+0000] {logging_mixin.py:188} WARNING - /opt/airflow/dags/predict.py:34 RemovedInAirflow3Warning: Function `days_ago` is deprecated and will be removed in Airflow 3.0. You can achieve equivalent behavior with `pendulum.today('UTC').add(days=-N, ...)`
[2026-02-01T21:15:02.973+0000] {logging_mixin.py:188} WARNING - /opt/airflow/dags/predict.py:29 RemovedInAirflow3Warning: Param `schedule_interval` is deprecated and will be removed in a future release. Please use `schedule` instead.
[2026-02-01T21:15:02.981+0000] {processor.py:840} INFO - DAG(s) 'ml_prediction_pipeline' retrieved from /opt/airflow/dags/predict.py
[2026-02-01T21:15:03.030+0000] {logging_mixin.py:188} INFO - [2026-02-01T21:15:03.029+0000] {dag.py:3096} INFO - Sync 1 DAGs
[2026-02-01T21:15:03.072+0000] {logging_mixin.py:188} INFO - [2026-02-01T21:15:03.072+0000] {dag.py:3954} INFO - Setting next_dagrun for ml_prediction_pipeline to 2026-01-31 00:00:00+00:00, run_after=2026-02-01 00:00:00+00:00
[2026-02-01T21:15:03.281+0000] {processor.py:183} INFO - Processing /opt/airflow/dags/predict.py took 4.779 seconds
[2026-02-01T21:15:33.768+0000] {processor.py:161} INFO - Started process (PID=34077) to work on /opt/airflow/dags/predict.py
[2026-02-01T21:15:33.768+0000] {processor.py:830} INFO - Processing file /opt/airflow/dags/predict.py for tasks to queue
[2026-02-01T21:15:33.770+0000] {logging_mixin.py:188} INFO - [2026-02-01T21:15:33.770+0000] {dagbag.py:545} INFO - Filling up the DagBag from /opt/airflow/dags/predict.py
[2026-02-01T21:15:36.869+0000] {logging_mixin.py:188} WARNING - /opt/airflow/dags/predict.py:34 RemovedInAirflow3Warning: Function `days_ago` is deprecated and will be removed in Airflow 3.0. You can achieve equivalent behavior with `pendulum.today('UTC').add(days=-N, ...)`
[2026-02-01T21:15:36.871+0000] {logging_mixin.py:188} WARNING - /opt/airflow/dags/predict.py:29 RemovedInAirflow3Warning: Param `schedule_interval` is deprecated and will be removed in a future release. Please use `schedule` instead.
[2026-02-01T21:15:36.882+0000] {processor.py:840} INFO - DAG(s) 'ml_prediction_pipeline' retrieved from /opt/airflow/dags/predict.py
[2026-02-01T21:15:36.928+0000] {logging_mixin.py:188} INFO - [2026-02-01T21:15:36.927+0000] {dag.py:3096} INFO - Sync 1 DAGs
[2026-02-01T21:15:36.966+0000] {logging_mixin.py:188} INFO - [2026-02-01T21:15:36.966+0000] {dag.py:3954} INFO - Setting next_dagrun for ml_prediction_pipeline to 2026-01-31 00:00:00+00:00, run_after=2026-02-01 00:00:00+00:00
[2026-02-01T21:15:37.003+0000] {processor.py:183} INFO - Processing /opt/airflow/dags/predict.py took 3.241 seconds
[2026-02-01T21:16:07.787+0000] {processor.py:161} INFO - Started process (PID=34124) to work on /opt/airflow/dags/predict.py
[2026-02-01T21:16:07.789+0000] {processor.py:830} INFO - Processing file /opt/airflow/dags/predict.py for tasks to queue
[2026-02-01T21:16:07.790+0000] {logging_mixin.py:188} INFO - [2026-02-01T21:16:07.790+0000] {dagbag.py:545} INFO - Filling up the DagBag from /opt/airflow/dags/predict.py
[2026-02-01T21:16:10.382+0000] {logging_mixin.py:188} WARNING - /opt/airflow/dags/predict.py:34 RemovedInAirflow3Warning: Function `days_ago` is deprecated and will be removed in Airflow 3.0. You can achieve equivalent behavior with `pendulum.today('UTC').add(days=-N, ...)`
[2026-02-01T21:16:10.383+0000] {logging_mixin.py:188} WARNING - /opt/airflow/dags/predict.py:29 RemovedInAirflow3Warning: Param `schedule_interval` is deprecated and will be removed in a future release. Please use `schedule` instead.
[2026-02-01T21:16:10.388+0000] {processor.py:840} INFO - DAG(s) 'ml_prediction_pipeline' retrieved from /opt/airflow/dags/predict.py
[2026-02-01T21:16:10.416+0000] {logging_mixin.py:188} INFO - [2026-02-01T21:16:10.416+0000] {dag.py:3096} INFO - Sync 1 DAGs
[2026-02-01T21:16:10.449+0000] {logging_mixin.py:188} INFO - [2026-02-01T21:16:10.448+0000] {dag.py:3954} INFO - Setting next_dagrun for ml_prediction_pipeline to 2026-01-31 00:00:00+00:00, run_after=2026-02-01 00:00:00+00:00
[2026-02-01T21:16:10.476+0000] {processor.py:183} INFO - Processing /opt/airflow/dags/predict.py took 2.694 seconds
[2026-02-01T21:16:40.875+0000] {processor.py:161} INFO - Started process (PID=34171) to work on /opt/airflow/dags/predict.py
[2026-02-01T21:16:40.876+0000] {processor.py:830} INFO - Processing file /opt/airflow/dags/predict.py for tasks to queue
[2026-02-01T21:16:40.877+0000] {logging_mixin.py:188} INFO - [2026-02-01T21:16:40.877+0000] {dagbag.py:545} INFO - Filling up the DagBag from /opt/airflow/dags/predict.py
[2026-02-01T21:16:43.587+0000] {logging_mixin.py:188} WARNING - /opt/airflow/dags/predict.py:34 RemovedInAirflow3Warning: Function `days_ago` is deprecated and will be removed in Airflow 3.0. You can achieve equivalent behavior with `pendulum.today('UTC').add(days=-N, ...)`
[2026-02-01T21:16:43.589+0000] {logging_mixin.py:188} WARNING - /opt/airflow/dags/predict.py:29 RemovedInAirflow3Warning: Param `schedule_interval` is deprecated and will be removed in a future release. Please use `schedule` instead.
[2026-02-01T21:16:43.596+0000] {processor.py:840} INFO - DAG(s) 'ml_prediction_pipeline' retrieved from /opt/airflow/dags/predict.py
[2026-02-01T21:16:43.639+0000] {logging_mixin.py:188} INFO - [2026-02-01T21:16:43.638+0000] {dag.py:3096} INFO - Sync 1 DAGs
[2026-02-01T21:16:43.672+0000] {logging_mixin.py:188} INFO - [2026-02-01T21:16:43.672+0000] {dag.py:3954} INFO - Setting next_dagrun for ml_prediction_pipeline to 2026-01-31 00:00:00+00:00, run_after=2026-02-01 00:00:00+00:00
[2026-02-01T21:16:43.703+0000] {processor.py:183} INFO - Processing /opt/airflow/dags/predict.py took 2.833 seconds
[2026-02-01T21:17:13.893+0000] {processor.py:161} INFO - Started process (PID=34218) to work on /opt/airflow/dags/predict.py
[2026-02-01T21:17:13.896+0000] {processor.py:830} INFO - Processing file /opt/airflow/dags/predict.py for tasks to queue
[2026-02-01T21:17:13.899+0000] {logging_mixin.py:188} INFO - [2026-02-01T21:17:13.898+0000] {dagbag.py:545} INFO - Filling up the DagBag from /opt/airflow/dags/predict.py
[2026-02-01T21:17:17.327+0000] {logging_mixin.py:188} WARNING - /opt/airflow/dags/predict.py:34 RemovedInAirflow3Warning: Function `days_ago` is deprecated and will be removed in Airflow 3.0. You can achieve equivalent behavior with `pendulum.today('UTC').add(days=-N, ...)`
[2026-02-01T21:17:17.330+0000] {logging_mixin.py:188} WARNING - /opt/airflow/dags/predict.py:29 RemovedInAirflow3Warning: Param `schedule_interval` is deprecated and will be removed in a future release. Please use `schedule` instead.
[2026-02-01T21:17:17.342+0000] {processor.py:840} INFO - DAG(s) 'ml_prediction_pipeline' retrieved from /opt/airflow/dags/predict.py
[2026-02-01T21:17:17.384+0000] {logging_mixin.py:188} INFO - [2026-02-01T21:17:17.384+0000] {dag.py:3096} INFO - Sync 1 DAGs
[2026-02-01T21:17:17.417+0000] {logging_mixin.py:188} INFO - [2026-02-01T21:17:17.416+0000] {dag.py:3954} INFO - Setting next_dagrun for ml_prediction_pipeline to 2026-01-31 00:00:00+00:00, run_after=2026-02-01 00:00:00+00:00
[2026-02-01T21:17:17.452+0000] {processor.py:183} INFO - Processing /opt/airflow/dags/predict.py took 3.565 seconds
[2026-02-01T21:17:47.861+0000] {processor.py:161} INFO - Started process (PID=34265) to work on /opt/airflow/dags/predict.py
[2026-02-01T21:17:47.862+0000] {processor.py:830} INFO - Processing file /opt/airflow/dags/predict.py for tasks to queue
[2026-02-01T21:17:47.864+0000] {logging_mixin.py:188} INFO - [2026-02-01T21:17:47.863+0000] {dagbag.py:545} INFO - Filling up the DagBag from /opt/airflow/dags/predict.py
[2026-02-01T21:17:50.466+0000] {logging_mixin.py:188} WARNING - /opt/airflow/dags/predict.py:34 RemovedInAirflow3Warning: Function `days_ago` is deprecated and will be removed in Airflow 3.0. You can achieve equivalent behavior with `pendulum.today('UTC').add(days=-N, ...)`
[2026-02-01T21:17:50.467+0000] {logging_mixin.py:188} WARNING - /opt/airflow/dags/predict.py:29 RemovedInAirflow3Warning: Param `schedule_interval` is deprecated and will be removed in a future release. Please use `schedule` instead.
[2026-02-01T21:17:50.477+0000] {processor.py:840} INFO - DAG(s) 'ml_prediction_pipeline' retrieved from /opt/airflow/dags/predict.py
[2026-02-01T21:17:50.505+0000] {logging_mixin.py:188} INFO - [2026-02-01T21:17:50.504+0000] {dag.py:3096} INFO - Sync 1 DAGs
[2026-02-01T21:17:50.526+0000] {logging_mixin.py:188} INFO - [2026-02-01T21:17:50.526+0000] {dag.py:3954} INFO - Setting next_dagrun for ml_prediction_pipeline to 2026-01-31 00:00:00+00:00, run_after=2026-02-01 00:00:00+00:00
[2026-02-01T21:17:50.549+0000] {processor.py:183} INFO - Processing /opt/airflow/dags/predict.py took 2.692 seconds
[2026-02-01T21:18:20.614+0000] {processor.py:161} INFO - Started process (PID=34312) to work on /opt/airflow/dags/predict.py
[2026-02-01T21:18:20.615+0000] {processor.py:830} INFO - Processing file /opt/airflow/dags/predict.py for tasks to queue
[2026-02-01T21:18:20.617+0000] {logging_mixin.py:188} INFO - [2026-02-01T21:18:20.616+0000] {dagbag.py:545} INFO - Filling up the DagBag from /opt/airflow/dags/predict.py
[2026-02-01T21:18:23.447+0000] {logging_mixin.py:188} WARNING - /opt/airflow/dags/predict.py:34 RemovedInAirflow3Warning: Function `days_ago` is deprecated and will be removed in Airflow 3.0. You can achieve equivalent behavior with `pendulum.today('UTC').add(days=-N, ...)`
[2026-02-01T21:18:23.448+0000] {logging_mixin.py:188} WARNING - /opt/airflow/dags/predict.py:29 RemovedInAirflow3Warning: Param `schedule_interval` is deprecated and will be removed in a future release. Please use `schedule` instead.
[2026-02-01T21:18:23.451+0000] {processor.py:840} INFO - DAG(s) 'ml_prediction_pipeline' retrieved from /opt/airflow/dags/predict.py
[2026-02-01T21:18:23.471+0000] {logging_mixin.py:188} INFO - [2026-02-01T21:18:23.470+0000] {dag.py:3096} INFO - Sync 1 DAGs
[2026-02-01T21:18:23.580+0000] {logging_mixin.py:188} INFO - [2026-02-01T21:18:23.580+0000] {dag.py:3954} INFO - Setting next_dagrun for ml_prediction_pipeline to 2026-01-31 00:00:00+00:00, run_after=2026-02-01 00:00:00+00:00
[2026-02-01T21:18:23.595+0000] {processor.py:183} INFO - Processing /opt/airflow/dags/predict.py took 2.988 seconds
[2026-02-01T21:18:53.629+0000] {processor.py:161} INFO - Started process (PID=34359) to work on /opt/airflow/dags/predict.py
[2026-02-01T21:18:53.629+0000] {processor.py:830} INFO - Processing file /opt/airflow/dags/predict.py for tasks to queue
[2026-02-01T21:18:53.631+0000] {logging_mixin.py:188} INFO - [2026-02-01T21:18:53.630+0000] {dagbag.py:545} INFO - Filling up the DagBag from /opt/airflow/dags/predict.py
[2026-02-01T21:18:56.451+0000] {logging_mixin.py:188} WARNING - /opt/airflow/dags/predict.py:34 RemovedInAirflow3Warning: Function `days_ago` is deprecated and will be removed in Airflow 3.0. You can achieve equivalent behavior with `pendulum.today('UTC').add(days=-N, ...)`
[2026-02-01T21:18:56.451+0000] {logging_mixin.py:188} WARNING - /opt/airflow/dags/predict.py:29 RemovedInAirflow3Warning: Param `schedule_interval` is deprecated and will be removed in a future release. Please use `schedule` instead.
[2026-02-01T21:18:56.457+0000] {processor.py:840} INFO - DAG(s) 'ml_prediction_pipeline' retrieved from /opt/airflow/dags/predict.py
[2026-02-01T21:18:56.482+0000] {logging_mixin.py:188} INFO - [2026-02-01T21:18:56.482+0000] {dag.py:3096} INFO - Sync 1 DAGs
[2026-02-01T21:18:56.499+0000] {logging_mixin.py:188} INFO - [2026-02-01T21:18:56.499+0000] {dag.py:3954} INFO - Setting next_dagrun for ml_prediction_pipeline to 2026-01-31 00:00:00+00:00, run_after=2026-02-01 00:00:00+00:00
[2026-02-01T21:18:56.518+0000] {processor.py:183} INFO - Processing /opt/airflow/dags/predict.py took 2.895 seconds
[2026-02-01T21:19:26.876+0000] {processor.py:161} INFO - Started process (PID=34410) to work on /opt/airflow/dags/predict.py
[2026-02-01T21:19:26.879+0000] {processor.py:830} INFO - Processing file /opt/airflow/dags/predict.py for tasks to queue
[2026-02-01T21:19:26.880+0000] {logging_mixin.py:188} INFO - [2026-02-01T21:19:26.880+0000] {dagbag.py:545} INFO - Filling up the DagBag from /opt/airflow/dags/predict.py
[2026-02-01T21:19:30.074+0000] {logging_mixin.py:188} WARNING - /opt/airflow/dags/predict.py:34 RemovedInAirflow3Warning: Function `days_ago` is deprecated and will be removed in Airflow 3.0. You can achieve equivalent behavior with `pendulum.today('UTC').add(days=-N, ...)`
[2026-02-01T21:19:30.075+0000] {logging_mixin.py:188} WARNING - /opt/airflow/dags/predict.py:29 RemovedInAirflow3Warning: Param `schedule_interval` is deprecated and will be removed in a future release. Please use `schedule` instead.
[2026-02-01T21:19:30.081+0000] {processor.py:840} INFO - DAG(s) 'ml_prediction_pipeline' retrieved from /opt/airflow/dags/predict.py
[2026-02-01T21:19:30.193+0000] {logging_mixin.py:188} INFO - [2026-02-01T21:19:30.193+0000] {dag.py:3096} INFO - Sync 1 DAGs
[2026-02-01T21:19:30.211+0000] {logging_mixin.py:188} INFO - [2026-02-01T21:19:30.211+0000] {dag.py:3954} INFO - Setting next_dagrun for ml_prediction_pipeline to 2026-01-31 00:00:00+00:00, run_after=2026-02-01 00:00:00+00:00
[2026-02-01T21:19:30.231+0000] {processor.py:183} INFO - Processing /opt/airflow/dags/predict.py took 3.362 seconds
[2026-02-01T21:20:00.717+0000] {processor.py:161} INFO - Started process (PID=34457) to work on /opt/airflow/dags/predict.py
[2026-02-01T21:20:00.718+0000] {processor.py:830} INFO - Processing file /opt/airflow/dags/predict.py for tasks to queue
[2026-02-01T21:20:00.720+0000] {logging_mixin.py:188} INFO - [2026-02-01T21:20:00.719+0000] {dagbag.py:545} INFO - Filling up the DagBag from /opt/airflow/dags/predict.py
[2026-02-01T21:20:03.969+0000] {logging_mixin.py:188} WARNING - /opt/airflow/dags/predict.py:34 RemovedInAirflow3Warning: Function `days_ago` is deprecated and will be removed in Airflow 3.0. You can achieve equivalent behavior with `pendulum.today('UTC').add(days=-N, ...)`
[2026-02-01T21:20:03.970+0000] {logging_mixin.py:188} WARNING - /opt/airflow/dags/predict.py:29 RemovedInAirflow3Warning: Param `schedule_interval` is deprecated and will be removed in a future release. Please use `schedule` instead.
[2026-02-01T21:20:03.974+0000] {processor.py:840} INFO - DAG(s) 'ml_prediction_pipeline' retrieved from /opt/airflow/dags/predict.py
[2026-02-01T21:20:03.994+0000] {logging_mixin.py:188} INFO - [2026-02-01T21:20:03.993+0000] {dag.py:3096} INFO - Sync 1 DAGs
[2026-02-01T21:20:04.011+0000] {logging_mixin.py:188} INFO - [2026-02-01T21:20:04.011+0000] {dag.py:3954} INFO - Setting next_dagrun for ml_prediction_pipeline to 2026-01-31 00:00:00+00:00, run_after=2026-02-01 00:00:00+00:00
[2026-02-01T21:20:04.031+0000] {processor.py:183} INFO - Processing /opt/airflow/dags/predict.py took 3.321 seconds
[2026-02-01T21:20:34.864+0000] {processor.py:161} INFO - Started process (PID=34504) to work on /opt/airflow/dags/predict.py
[2026-02-01T21:20:34.867+0000] {processor.py:830} INFO - Processing file /opt/airflow/dags/predict.py for tasks to queue
[2026-02-01T21:20:34.869+0000] {logging_mixin.py:188} INFO - [2026-02-01T21:20:34.868+0000] {dagbag.py:545} INFO - Filling up the DagBag from /opt/airflow/dags/predict.py
[2026-02-01T21:20:37.624+0000] {logging_mixin.py:188} WARNING - /opt/airflow/dags/predict.py:34 RemovedInAirflow3Warning: Function `days_ago` is deprecated and will be removed in Airflow 3.0. You can achieve equivalent behavior with `pendulum.today('UTC').add(days=-N, ...)`
[2026-02-01T21:20:37.625+0000] {logging_mixin.py:188} WARNING - /opt/airflow/dags/predict.py:29 RemovedInAirflow3Warning: Param `schedule_interval` is deprecated and will be removed in a future release. Please use `schedule` instead.
[2026-02-01T21:20:37.631+0000] {processor.py:840} INFO - DAG(s) 'ml_prediction_pipeline' retrieved from /opt/airflow/dags/predict.py
[2026-02-01T21:20:37.661+0000] {logging_mixin.py:188} INFO - [2026-02-01T21:20:37.660+0000] {dag.py:3096} INFO - Sync 1 DAGs
[2026-02-01T21:20:37.684+0000] {logging_mixin.py:188} INFO - [2026-02-01T21:20:37.683+0000] {dag.py:3954} INFO - Setting next_dagrun for ml_prediction_pipeline to 2026-01-31 00:00:00+00:00, run_after=2026-02-01 00:00:00+00:00
[2026-02-01T21:20:37.707+0000] {processor.py:183} INFO - Processing /opt/airflow/dags/predict.py took 2.851 seconds
[2026-02-01T21:21:07.952+0000] {processor.py:161} INFO - Started process (PID=34553) to work on /opt/airflow/dags/predict.py
[2026-02-01T21:21:07.952+0000] {processor.py:830} INFO - Processing file /opt/airflow/dags/predict.py for tasks to queue
[2026-02-01T21:21:07.954+0000] {logging_mixin.py:188} INFO - [2026-02-01T21:21:07.954+0000] {dagbag.py:545} INFO - Filling up the DagBag from /opt/airflow/dags/predict.py
[2026-02-01T21:21:10.443+0000] {logging_mixin.py:188} WARNING - /opt/airflow/dags/predict.py:34 RemovedInAirflow3Warning: Function `days_ago` is deprecated and will be removed in Airflow 3.0. You can achieve equivalent behavior with `pendulum.today('UTC').add(days=-N, ...)`
[2026-02-01T21:21:10.446+0000] {logging_mixin.py:188} WARNING - /opt/airflow/dags/predict.py:29 RemovedInAirflow3Warning: Param `schedule_interval` is deprecated and will be removed in a future release. Please use `schedule` instead.
[2026-02-01T21:21:10.457+0000] {processor.py:840} INFO - DAG(s) 'ml_prediction_pipeline' retrieved from /opt/airflow/dags/predict.py
[2026-02-01T21:21:10.487+0000] {logging_mixin.py:188} INFO - [2026-02-01T21:21:10.486+0000] {dag.py:3096} INFO - Sync 1 DAGs
[2026-02-01T21:21:10.509+0000] {logging_mixin.py:188} INFO - [2026-02-01T21:21:10.508+0000] {dag.py:3954} INFO - Setting next_dagrun for ml_prediction_pipeline to 2026-01-31 00:00:00+00:00, run_after=2026-02-01 00:00:00+00:00
[2026-02-01T21:21:10.648+0000] {processor.py:183} INFO - Processing /opt/airflow/dags/predict.py took 2.705 seconds
[2026-02-01T21:21:40.946+0000] {processor.py:161} INFO - Started process (PID=34600) to work on /opt/airflow/dags/predict.py
[2026-02-01T21:21:40.948+0000] {processor.py:830} INFO - Processing file /opt/airflow/dags/predict.py for tasks to queue
[2026-02-01T21:21:40.950+0000] {logging_mixin.py:188} INFO - [2026-02-01T21:21:40.949+0000] {dagbag.py:545} INFO - Filling up the DagBag from /opt/airflow/dags/predict.py
[2026-02-01T21:21:43.147+0000] {logging_mixin.py:188} WARNING - /opt/airflow/dags/predict.py:34 RemovedInAirflow3Warning: Function `days_ago` is deprecated and will be removed in Airflow 3.0. You can achieve equivalent behavior with `pendulum.today('UTC').add(days=-N, ...)`
[2026-02-01T21:21:43.148+0000] {logging_mixin.py:188} WARNING - /opt/airflow/dags/predict.py:29 RemovedInAirflow3Warning: Param `schedule_interval` is deprecated and will be removed in a future release. Please use `schedule` instead.
[2026-02-01T21:21:43.152+0000] {processor.py:840} INFO - DAG(s) 'ml_prediction_pipeline' retrieved from /opt/airflow/dags/predict.py
[2026-02-01T21:21:43.173+0000] {logging_mixin.py:188} INFO - [2026-02-01T21:21:43.172+0000] {dag.py:3096} INFO - Sync 1 DAGs
[2026-02-01T21:21:43.193+0000] {logging_mixin.py:188} INFO - [2026-02-01T21:21:43.193+0000] {dag.py:3954} INFO - Setting next_dagrun for ml_prediction_pipeline to 2026-01-31 00:00:00+00:00, run_after=2026-02-01 00:00:00+00:00
[2026-02-01T21:21:43.211+0000] {processor.py:183} INFO - Processing /opt/airflow/dags/predict.py took 2.270 seconds
[2026-02-01T21:22:14.037+0000] {processor.py:161} INFO - Started process (PID=34647) to work on /opt/airflow/dags/predict.py
[2026-02-01T21:22:14.038+0000] {processor.py:830} INFO - Processing file /opt/airflow/dags/predict.py for tasks to queue
[2026-02-01T21:22:14.039+0000] {logging_mixin.py:188} INFO - [2026-02-01T21:22:14.039+0000] {dagbag.py:545} INFO - Filling up the DagBag from /opt/airflow/dags/predict.py
[2026-02-01T21:22:16.834+0000] {logging_mixin.py:188} WARNING - /opt/airflow/dags/predict.py:34 RemovedInAirflow3Warning: Function `days_ago` is deprecated and will be removed in Airflow 3.0. You can achieve equivalent behavior with `pendulum.today('UTC').add(days=-N, ...)`
[2026-02-01T21:22:16.835+0000] {logging_mixin.py:188} WARNING - /opt/airflow/dags/predict.py:29 RemovedInAirflow3Warning: Param `schedule_interval` is deprecated and will be removed in a future release. Please use `schedule` instead.
[2026-02-01T21:22:16.841+0000] {processor.py:840} INFO - DAG(s) 'ml_prediction_pipeline' retrieved from /opt/airflow/dags/predict.py
[2026-02-01T21:22:16.864+0000] {logging_mixin.py:188} INFO - [2026-02-01T21:22:16.864+0000] {dag.py:3096} INFO - Sync 1 DAGs
[2026-02-01T21:22:16.883+0000] {logging_mixin.py:188} INFO - [2026-02-01T21:22:16.882+0000] {dag.py:3954} INFO - Setting next_dagrun for ml_prediction_pipeline to 2026-01-31 00:00:00+00:00, run_after=2026-02-01 00:00:00+00:00
[2026-02-01T21:22:16.903+0000] {processor.py:183} INFO - Processing /opt/airflow/dags/predict.py took 2.870 seconds
[2026-02-01T21:22:47.496+0000] {processor.py:161} INFO - Started process (PID=34694) to work on /opt/airflow/dags/predict.py
[2026-02-01T21:22:47.498+0000] {processor.py:830} INFO - Processing file /opt/airflow/dags/predict.py for tasks to queue
[2026-02-01T21:22:47.500+0000] {logging_mixin.py:188} INFO - [2026-02-01T21:22:47.499+0000] {dagbag.py:545} INFO - Filling up the DagBag from /opt/airflow/dags/predict.py
[2026-02-01T21:22:49.395+0000] {logging_mixin.py:188} WARNING - /opt/airflow/dags/predict.py:34 RemovedInAirflow3Warning: Function `days_ago` is deprecated and will be removed in Airflow 3.0. You can achieve equivalent behavior with `pendulum.today('UTC').add(days=-N, ...)`
[2026-02-01T21:22:49.396+0000] {logging_mixin.py:188} WARNING - /opt/airflow/dags/predict.py:29 RemovedInAirflow3Warning: Param `schedule_interval` is deprecated and will be removed in a future release. Please use `schedule` instead.
[2026-02-01T21:22:49.401+0000] {processor.py:840} INFO - DAG(s) 'ml_prediction_pipeline' retrieved from /opt/airflow/dags/predict.py
[2026-02-01T21:22:49.422+0000] {logging_mixin.py:188} INFO - [2026-02-01T21:22:49.421+0000] {dag.py:3096} INFO - Sync 1 DAGs
[2026-02-01T21:22:49.437+0000] {logging_mixin.py:188} INFO - [2026-02-01T21:22:49.437+0000] {dag.py:3954} INFO - Setting next_dagrun for ml_prediction_pipeline to 2026-01-31 00:00:00+00:00, run_after=2026-02-01 00:00:00+00:00
[2026-02-01T21:22:49.452+0000] {processor.py:183} INFO - Processing /opt/airflow/dags/predict.py took 1.960 seconds
[2026-02-01T21:23:19.947+0000] {processor.py:161} INFO - Started process (PID=34741) to work on /opt/airflow/dags/predict.py
[2026-02-01T21:23:19.948+0000] {processor.py:830} INFO - Processing file /opt/airflow/dags/predict.py for tasks to queue
[2026-02-01T21:23:19.949+0000] {logging_mixin.py:188} INFO - [2026-02-01T21:23:19.949+0000] {dagbag.py:545} INFO - Filling up the DagBag from /opt/airflow/dags/predict.py
[2026-02-01T21:23:21.954+0000] {logging_mixin.py:188} WARNING - /opt/airflow/dags/predict.py:34 RemovedInAirflow3Warning: Function `days_ago` is deprecated and will be removed in Airflow 3.0. You can achieve equivalent behavior with `pendulum.today('UTC').add(days=-N, ...)`
[2026-02-01T21:23:21.954+0000] {logging_mixin.py:188} WARNING - /opt/airflow/dags/predict.py:29 RemovedInAirflow3Warning: Param `schedule_interval` is deprecated and will be removed in a future release. Please use `schedule` instead.
[2026-02-01T21:23:21.958+0000] {processor.py:840} INFO - DAG(s) 'ml_prediction_pipeline' retrieved from /opt/airflow/dags/predict.py
[2026-02-01T21:23:22.058+0000] {logging_mixin.py:188} INFO - [2026-02-01T21:23:22.057+0000] {dag.py:3096} INFO - Sync 1 DAGs
[2026-02-01T21:23:22.073+0000] {logging_mixin.py:188} INFO - [2026-02-01T21:23:22.073+0000] {dag.py:3954} INFO - Setting next_dagrun for ml_prediction_pipeline to 2026-01-31 00:00:00+00:00, run_after=2026-02-01 00:00:00+00:00
[2026-02-01T21:23:22.087+0000] {processor.py:183} INFO - Processing /opt/airflow/dags/predict.py took 2.144 seconds
[2026-02-01T21:23:52.590+0000] {processor.py:161} INFO - Started process (PID=34788) to work on /opt/airflow/dags/predict.py
[2026-02-01T21:23:52.592+0000] {processor.py:830} INFO - Processing file /opt/airflow/dags/predict.py for tasks to queue
[2026-02-01T21:23:52.593+0000] {logging_mixin.py:188} INFO - [2026-02-01T21:23:52.593+0000] {dagbag.py:545} INFO - Filling up the DagBag from /opt/airflow/dags/predict.py
[2026-02-01T21:23:54.744+0000] {logging_mixin.py:188} WARNING - /opt/airflow/dags/predict.py:34 RemovedInAirflow3Warning: Function `days_ago` is deprecated and will be removed in Airflow 3.0. You can achieve equivalent behavior with `pendulum.today('UTC').add(days=-N, ...)`
[2026-02-01T21:23:54.744+0000] {logging_mixin.py:188} WARNING - /opt/airflow/dags/predict.py:29 RemovedInAirflow3Warning: Param `schedule_interval` is deprecated and will be removed in a future release. Please use `schedule` instead.
[2026-02-01T21:23:54.749+0000] {processor.py:840} INFO - DAG(s) 'ml_prediction_pipeline' retrieved from /opt/airflow/dags/predict.py
[2026-02-01T21:23:54.767+0000] {logging_mixin.py:188} INFO - [2026-02-01T21:23:54.766+0000] {dag.py:3096} INFO - Sync 1 DAGs
[2026-02-01T21:23:54.781+0000] {logging_mixin.py:188} INFO - [2026-02-01T21:23:54.781+0000] {dag.py:3954} INFO - Setting next_dagrun for ml_prediction_pipeline to 2026-01-31 00:00:00+00:00, run_after=2026-02-01 00:00:00+00:00
[2026-02-01T21:23:54.798+0000] {processor.py:183} INFO - Processing /opt/airflow/dags/predict.py took 2.213 seconds
[2026-02-01T21:24:25.407+0000] {processor.py:161} INFO - Started process (PID=34836) to work on /opt/airflow/dags/predict.py
[2026-02-01T21:24:25.407+0000] {processor.py:830} INFO - Processing file /opt/airflow/dags/predict.py for tasks to queue
[2026-02-01T21:24:25.409+0000] {logging_mixin.py:188} INFO - [2026-02-01T21:24:25.409+0000] {dagbag.py:545} INFO - Filling up the DagBag from /opt/airflow/dags/predict.py
[2026-02-01T21:24:27.304+0000] {logging_mixin.py:188} WARNING - /opt/airflow/dags/predict.py:34 RemovedInAirflow3Warning: Function `days_ago` is deprecated and will be removed in Airflow 3.0. You can achieve equivalent behavior with `pendulum.today('UTC').add(days=-N, ...)`
[2026-02-01T21:24:27.308+0000] {logging_mixin.py:188} WARNING - /opt/airflow/dags/predict.py:29 RemovedInAirflow3Warning: Param `schedule_interval` is deprecated and will be removed in a future release. Please use `schedule` instead.
[2026-02-01T21:24:27.313+0000] {processor.py:840} INFO - DAG(s) 'ml_prediction_pipeline' retrieved from /opt/airflow/dags/predict.py
[2026-02-01T21:24:27.335+0000] {logging_mixin.py:188} INFO - [2026-02-01T21:24:27.335+0000] {dag.py:3096} INFO - Sync 1 DAGs
[2026-02-01T21:24:27.351+0000] {logging_mixin.py:188} INFO - [2026-02-01T21:24:27.351+0000] {dag.py:3954} INFO - Setting next_dagrun for ml_prediction_pipeline to 2026-01-31 00:00:00+00:00, run_after=2026-02-01 00:00:00+00:00
[2026-02-01T21:24:27.461+0000] {processor.py:183} INFO - Processing /opt/airflow/dags/predict.py took 2.059 seconds
[2026-02-01T21:24:57.541+0000] {processor.py:161} INFO - Started process (PID=34883) to work on /opt/airflow/dags/predict.py
[2026-02-01T21:24:57.541+0000] {processor.py:830} INFO - Processing file /opt/airflow/dags/predict.py for tasks to queue
[2026-02-01T21:24:57.542+0000] {logging_mixin.py:188} INFO - [2026-02-01T21:24:57.542+0000] {dagbag.py:545} INFO - Filling up the DagBag from /opt/airflow/dags/predict.py
[2026-02-01T21:24:59.692+0000] {logging_mixin.py:188} WARNING - /opt/airflow/dags/predict.py:34 RemovedInAirflow3Warning: Function `days_ago` is deprecated and will be removed in Airflow 3.0. You can achieve equivalent behavior with `pendulum.today('UTC').add(days=-N, ...)`
[2026-02-01T21:24:59.693+0000] {logging_mixin.py:188} WARNING - /opt/airflow/dags/predict.py:29 RemovedInAirflow3Warning: Param `schedule_interval` is deprecated and will be removed in a future release. Please use `schedule` instead.
[2026-02-01T21:24:59.697+0000] {processor.py:840} INFO - DAG(s) 'ml_prediction_pipeline' retrieved from /opt/airflow/dags/predict.py
[2026-02-01T21:24:59.715+0000] {logging_mixin.py:188} INFO - [2026-02-01T21:24:59.715+0000] {dag.py:3096} INFO - Sync 1 DAGs
[2026-02-01T21:24:59.730+0000] {logging_mixin.py:188} INFO - [2026-02-01T21:24:59.729+0000] {dag.py:3954} INFO - Setting next_dagrun for ml_prediction_pipeline to 2026-01-31 00:00:00+00:00, run_after=2026-02-01 00:00:00+00:00
[2026-02-01T21:24:59.747+0000] {processor.py:183} INFO - Processing /opt/airflow/dags/predict.py took 2.211 seconds
[2026-02-01T21:25:30.343+0000] {processor.py:161} INFO - Started process (PID=34925) to work on /opt/airflow/dags/predict.py
[2026-02-01T21:25:30.345+0000] {processor.py:830} INFO - Processing file /opt/airflow/dags/predict.py for tasks to queue
[2026-02-01T21:25:30.348+0000] {logging_mixin.py:188} INFO - [2026-02-01T21:25:30.348+0000] {dagbag.py:545} INFO - Filling up the DagBag from /opt/airflow/dags/predict.py
[2026-02-01T21:25:32.648+0000] {logging_mixin.py:188} WARNING - /opt/airflow/dags/predict.py:34 RemovedInAirflow3Warning: Function `days_ago` is deprecated and will be removed in Airflow 3.0. You can achieve equivalent behavior with `pendulum.today('UTC').add(days=-N, ...)`
[2026-02-01T21:25:32.649+0000] {logging_mixin.py:188} WARNING - /opt/airflow/dags/predict.py:29 RemovedInAirflow3Warning: Param `schedule_interval` is deprecated and will be removed in a future release. Please use `schedule` instead.
[2026-02-01T21:25:32.653+0000] {processor.py:840} INFO - DAG(s) 'ml_prediction_pipeline' retrieved from /opt/airflow/dags/predict.py
[2026-02-01T21:25:32.672+0000] {logging_mixin.py:188} INFO - [2026-02-01T21:25:32.672+0000] {dag.py:3096} INFO - Sync 1 DAGs
[2026-02-01T21:25:32.690+0000] {logging_mixin.py:188} INFO - [2026-02-01T21:25:32.690+0000] {dag.py:3954} INFO - Setting next_dagrun for ml_prediction_pipeline to 2026-01-31 00:00:00+00:00, run_after=2026-02-01 00:00:00+00:00
[2026-02-01T21:25:32.711+0000] {processor.py:183} INFO - Processing /opt/airflow/dags/predict.py took 2.373 seconds
[2026-02-01T21:26:02.838+0000] {processor.py:161} INFO - Started process (PID=34960) to work on /opt/airflow/dags/predict.py
[2026-02-01T21:26:02.839+0000] {processor.py:830} INFO - Processing file /opt/airflow/dags/predict.py for tasks to queue
[2026-02-01T21:26:02.843+0000] {logging_mixin.py:188} INFO - [2026-02-01T21:26:02.842+0000] {dagbag.py:545} INFO - Filling up the DagBag from /opt/airflow/dags/predict.py
[2026-02-01T21:26:06.379+0000] {logging_mixin.py:188} WARNING - /opt/airflow/dags/predict.py:34 RemovedInAirflow3Warning: Function `days_ago` is deprecated and will be removed in Airflow 3.0. You can achieve equivalent behavior with `pendulum.today('UTC').add(days=-N, ...)`
[2026-02-01T21:26:06.380+0000] {logging_mixin.py:188} WARNING - /opt/airflow/dags/predict.py:29 RemovedInAirflow3Warning: Param `schedule_interval` is deprecated and will be removed in a future release. Please use `schedule` instead.
[2026-02-01T21:26:06.385+0000] {processor.py:840} INFO - DAG(s) 'ml_prediction_pipeline' retrieved from /opt/airflow/dags/predict.py
[2026-02-01T21:26:06.409+0000] {logging_mixin.py:188} INFO - [2026-02-01T21:26:06.408+0000] {dag.py:3096} INFO - Sync 1 DAGs
[2026-02-01T21:26:06.428+0000] {logging_mixin.py:188} INFO - [2026-02-01T21:26:06.428+0000] {dag.py:3954} INFO - Setting next_dagrun for ml_prediction_pipeline to 2026-01-31 00:00:00+00:00, run_after=2026-02-01 00:00:00+00:00
[2026-02-01T21:26:06.447+0000] {processor.py:183} INFO - Processing /opt/airflow/dags/predict.py took 3.622 seconds
[2026-02-01T21:26:37.027+0000] {processor.py:161} INFO - Started process (PID=35006) to work on /opt/airflow/dags/predict.py
[2026-02-01T21:26:37.029+0000] {processor.py:830} INFO - Processing file /opt/airflow/dags/predict.py for tasks to queue
[2026-02-01T21:26:37.030+0000] {logging_mixin.py:188} INFO - [2026-02-01T21:26:37.030+0000] {dagbag.py:545} INFO - Filling up the DagBag from /opt/airflow/dags/predict.py
[2026-02-01T21:26:40.010+0000] {logging_mixin.py:188} WARNING - /opt/airflow/dags/predict.py:34 RemovedInAirflow3Warning: Function `days_ago` is deprecated and will be removed in Airflow 3.0. You can achieve equivalent behavior with `pendulum.today('UTC').add(days=-N, ...)`
[2026-02-01T21:26:40.011+0000] {logging_mixin.py:188} WARNING - /opt/airflow/dags/predict.py:29 RemovedInAirflow3Warning: Param `schedule_interval` is deprecated and will be removed in a future release. Please use `schedule` instead.
[2026-02-01T21:26:40.019+0000] {processor.py:840} INFO - DAG(s) 'ml_prediction_pipeline' retrieved from /opt/airflow/dags/predict.py
[2026-02-01T21:26:40.183+0000] {logging_mixin.py:188} INFO - [2026-02-01T21:26:40.183+0000] {dag.py:3096} INFO - Sync 1 DAGs
[2026-02-01T21:26:40.214+0000] {logging_mixin.py:188} INFO - [2026-02-01T21:26:40.214+0000] {dag.py:3954} INFO - Setting next_dagrun for ml_prediction_pipeline to 2026-01-31 00:00:00+00:00, run_after=2026-02-01 00:00:00+00:00
[2026-02-01T21:26:40.246+0000] {processor.py:183} INFO - Processing /opt/airflow/dags/predict.py took 3.223 seconds
[2026-02-01T21:27:10.463+0000] {processor.py:161} INFO - Started process (PID=35050) to work on /opt/airflow/dags/predict.py
[2026-02-01T21:27:10.464+0000] {processor.py:830} INFO - Processing file /opt/airflow/dags/predict.py for tasks to queue
[2026-02-01T21:27:10.466+0000] {logging_mixin.py:188} INFO - [2026-02-01T21:27:10.465+0000] {dagbag.py:545} INFO - Filling up the DagBag from /opt/airflow/dags/predict.py
[2026-02-01T21:27:13.702+0000] {logging_mixin.py:188} WARNING - /opt/airflow/dags/predict.py:34 RemovedInAirflow3Warning: Function `days_ago` is deprecated and will be removed in Airflow 3.0. You can achieve equivalent behavior with `pendulum.today('UTC').add(days=-N, ...)`
[2026-02-01T21:27:13.705+0000] {logging_mixin.py:188} WARNING - /opt/airflow/dags/predict.py:29 RemovedInAirflow3Warning: Param `schedule_interval` is deprecated and will be removed in a future release. Please use `schedule` instead.
[2026-02-01T21:27:13.712+0000] {processor.py:840} INFO - DAG(s) 'ml_prediction_pipeline' retrieved from /opt/airflow/dags/predict.py
[2026-02-01T21:27:13.760+0000] {logging_mixin.py:188} INFO - [2026-02-01T21:27:13.759+0000] {dag.py:3096} INFO - Sync 1 DAGs
[2026-02-01T21:27:13.791+0000] {logging_mixin.py:188} INFO - [2026-02-01T21:27:13.791+0000] {dag.py:3954} INFO - Setting next_dagrun for ml_prediction_pipeline to 2026-01-31 00:00:00+00:00, run_after=2026-02-01 00:00:00+00:00
[2026-02-01T21:27:13.822+0000] {processor.py:183} INFO - Processing /opt/airflow/dags/predict.py took 3.366 seconds
[2026-02-01T21:27:44.019+0000] {processor.py:161} INFO - Started process (PID=35097) to work on /opt/airflow/dags/predict.py
[2026-02-01T21:27:44.020+0000] {processor.py:830} INFO - Processing file /opt/airflow/dags/predict.py for tasks to queue
[2026-02-01T21:27:44.022+0000] {logging_mixin.py:188} INFO - [2026-02-01T21:27:44.022+0000] {dagbag.py:545} INFO - Filling up the DagBag from /opt/airflow/dags/predict.py
[2026-02-01T21:27:47.067+0000] {logging_mixin.py:188} WARNING - /opt/airflow/dags/predict.py:34 RemovedInAirflow3Warning: Function `days_ago` is deprecated and will be removed in Airflow 3.0. You can achieve equivalent behavior with `pendulum.today('UTC').add(days=-N, ...)`
[2026-02-01T21:27:47.069+0000] {logging_mixin.py:188} WARNING - /opt/airflow/dags/predict.py:29 RemovedInAirflow3Warning: Param `schedule_interval` is deprecated and will be removed in a future release. Please use `schedule` instead.
[2026-02-01T21:27:47.075+0000] {processor.py:840} INFO - DAG(s) 'ml_prediction_pipeline' retrieved from /opt/airflow/dags/predict.py
[2026-02-01T21:27:47.098+0000] {logging_mixin.py:188} INFO - [2026-02-01T21:27:47.098+0000] {dag.py:3096} INFO - Sync 1 DAGs
[2026-02-01T21:27:47.117+0000] {logging_mixin.py:188} INFO - [2026-02-01T21:27:47.117+0000] {dag.py:3954} INFO - Setting next_dagrun for ml_prediction_pipeline to 2026-01-31 00:00:00+00:00, run_after=2026-02-01 00:00:00+00:00
[2026-02-01T21:27:47.225+0000] {processor.py:183} INFO - Processing /opt/airflow/dags/predict.py took 3.212 seconds
[2026-02-01T21:28:17.610+0000] {processor.py:161} INFO - Started process (PID=35144) to work on /opt/airflow/dags/predict.py
[2026-02-01T21:28:17.613+0000] {processor.py:830} INFO - Processing file /opt/airflow/dags/predict.py for tasks to queue
[2026-02-01T21:28:17.615+0000] {logging_mixin.py:188} INFO - [2026-02-01T21:28:17.615+0000] {dagbag.py:545} INFO - Filling up the DagBag from /opt/airflow/dags/predict.py
[2026-02-01T21:28:20.447+0000] {logging_mixin.py:188} WARNING - /opt/airflow/dags/predict.py:34 RemovedInAirflow3Warning: Function `days_ago` is deprecated and will be removed in Airflow 3.0. You can achieve equivalent behavior with `pendulum.today('UTC').add(days=-N, ...)`
[2026-02-01T21:28:20.449+0000] {logging_mixin.py:188} WARNING - /opt/airflow/dags/predict.py:29 RemovedInAirflow3Warning: Param `schedule_interval` is deprecated and will be removed in a future release. Please use `schedule` instead.
[2026-02-01T21:28:20.457+0000] {processor.py:840} INFO - DAG(s) 'ml_prediction_pipeline' retrieved from /opt/airflow/dags/predict.py
[2026-02-01T21:28:20.493+0000] {logging_mixin.py:188} INFO - [2026-02-01T21:28:20.493+0000] {dag.py:3096} INFO - Sync 1 DAGs
[2026-02-01T21:28:20.516+0000] {logging_mixin.py:188} INFO - [2026-02-01T21:28:20.516+0000] {dag.py:3954} INFO - Setting next_dagrun for ml_prediction_pipeline to 2026-01-31 00:00:00+00:00, run_after=2026-02-01 00:00:00+00:00
[2026-02-01T21:28:20.541+0000] {processor.py:183} INFO - Processing /opt/airflow/dags/predict.py took 2.937 seconds
[2026-02-01T21:28:50.725+0000] {processor.py:161} INFO - Started process (PID=35191) to work on /opt/airflow/dags/predict.py
[2026-02-01T21:28:50.726+0000] {processor.py:830} INFO - Processing file /opt/airflow/dags/predict.py for tasks to queue
[2026-02-01T21:28:50.728+0000] {logging_mixin.py:188} INFO - [2026-02-01T21:28:50.727+0000] {dagbag.py:545} INFO - Filling up the DagBag from /opt/airflow/dags/predict.py
[2026-02-01T21:28:53.484+0000] {logging_mixin.py:188} WARNING - /opt/airflow/dags/predict.py:34 RemovedInAirflow3Warning: Function `days_ago` is deprecated and will be removed in Airflow 3.0. You can achieve equivalent behavior with `pendulum.today('UTC').add(days=-N, ...)`
[2026-02-01T21:28:53.485+0000] {logging_mixin.py:188} WARNING - /opt/airflow/dags/predict.py:29 RemovedInAirflow3Warning: Param `schedule_interval` is deprecated and will be removed in a future release. Please use `schedule` instead.
[2026-02-01T21:28:53.495+0000] {processor.py:840} INFO - DAG(s) 'ml_prediction_pipeline' retrieved from /opt/airflow/dags/predict.py
[2026-02-01T21:28:53.527+0000] {logging_mixin.py:188} INFO - [2026-02-01T21:28:53.526+0000] {dag.py:3096} INFO - Sync 1 DAGs
[2026-02-01T21:28:53.553+0000] {logging_mixin.py:188} INFO - [2026-02-01T21:28:53.552+0000] {dag.py:3954} INFO - Setting next_dagrun for ml_prediction_pipeline to 2026-01-31 00:00:00+00:00, run_after=2026-02-01 00:00:00+00:00
[2026-02-01T21:28:53.577+0000] {processor.py:183} INFO - Processing /opt/airflow/dags/predict.py took 2.858 seconds
[2026-02-01T21:29:23.799+0000] {processor.py:161} INFO - Started process (PID=35238) to work on /opt/airflow/dags/predict.py
[2026-02-01T21:29:23.808+0000] {processor.py:830} INFO - Processing file /opt/airflow/dags/predict.py for tasks to queue
[2026-02-01T21:29:23.811+0000] {logging_mixin.py:188} INFO - [2026-02-01T21:29:23.810+0000] {dagbag.py:545} INFO - Filling up the DagBag from /opt/airflow/dags/predict.py
[2026-02-01T21:29:28.697+0000] {logging_mixin.py:188} WARNING - /opt/airflow/dags/predict.py:34 RemovedInAirflow3Warning: Function `days_ago` is deprecated and will be removed in Airflow 3.0. You can achieve equivalent behavior with `pendulum.today('UTC').add(days=-N, ...)`
[2026-02-01T21:29:28.698+0000] {logging_mixin.py:188} WARNING - /opt/airflow/dags/predict.py:29 RemovedInAirflow3Warning: Param `schedule_interval` is deprecated and will be removed in a future release. Please use `schedule` instead.
[2026-02-01T21:29:28.704+0000] {processor.py:840} INFO - DAG(s) 'ml_prediction_pipeline' retrieved from /opt/airflow/dags/predict.py
[2026-02-01T21:29:28.730+0000] {logging_mixin.py:188} INFO - [2026-02-01T21:29:28.729+0000] {dag.py:3096} INFO - Sync 1 DAGs
[2026-02-01T21:29:28.750+0000] {logging_mixin.py:188} INFO - [2026-02-01T21:29:28.750+0000] {dag.py:3954} INFO - Setting next_dagrun for ml_prediction_pipeline to 2026-01-31 00:00:00+00:00, run_after=2026-02-01 00:00:00+00:00
[2026-02-01T21:29:28.771+0000] {processor.py:183} INFO - Processing /opt/airflow/dags/predict.py took 4.995 seconds
[2026-02-01T21:29:59.708+0000] {processor.py:161} INFO - Started process (PID=35285) to work on /opt/airflow/dags/predict.py
[2026-02-01T21:29:59.709+0000] {processor.py:830} INFO - Processing file /opt/airflow/dags/predict.py for tasks to queue
[2026-02-01T21:29:59.712+0000] {logging_mixin.py:188} INFO - [2026-02-01T21:29:59.711+0000] {dagbag.py:545} INFO - Filling up the DagBag from /opt/airflow/dags/predict.py
[2026-02-01T21:30:02.423+0000] {logging_mixin.py:188} WARNING - /opt/airflow/dags/predict.py:34 RemovedInAirflow3Warning: Function `days_ago` is deprecated and will be removed in Airflow 3.0. You can achieve equivalent behavior with `pendulum.today('UTC').add(days=-N, ...)`
[2026-02-01T21:30:02.426+0000] {logging_mixin.py:188} WARNING - /opt/airflow/dags/predict.py:29 RemovedInAirflow3Warning: Param `schedule_interval` is deprecated and will be removed in a future release. Please use `schedule` instead.
[2026-02-01T21:30:02.431+0000] {processor.py:840} INFO - DAG(s) 'ml_prediction_pipeline' retrieved from /opt/airflow/dags/predict.py
[2026-02-01T21:30:02.552+0000] {logging_mixin.py:188} INFO - [2026-02-01T21:30:02.551+0000] {dag.py:3096} INFO - Sync 1 DAGs
[2026-02-01T21:30:02.570+0000] {logging_mixin.py:188} INFO - [2026-02-01T21:30:02.570+0000] {dag.py:3954} INFO - Setting next_dagrun for ml_prediction_pipeline to 2026-01-31 00:00:00+00:00, run_after=2026-02-01 00:00:00+00:00
[2026-02-01T21:30:02.590+0000] {processor.py:183} INFO - Processing /opt/airflow/dags/predict.py took 2.888 seconds
[2026-02-01T21:30:32.670+0000] {processor.py:161} INFO - Started process (PID=35332) to work on /opt/airflow/dags/predict.py
[2026-02-01T21:30:32.671+0000] {processor.py:830} INFO - Processing file /opt/airflow/dags/predict.py for tasks to queue
[2026-02-01T21:30:32.672+0000] {logging_mixin.py:188} INFO - [2026-02-01T21:30:32.672+0000] {dagbag.py:545} INFO - Filling up the DagBag from /opt/airflow/dags/predict.py
[2026-02-01T21:30:35.913+0000] {logging_mixin.py:188} WARNING - /opt/airflow/dags/predict.py:34 RemovedInAirflow3Warning: Function `days_ago` is deprecated and will be removed in Airflow 3.0. You can achieve equivalent behavior with `pendulum.today('UTC').add(days=-N, ...)`
[2026-02-01T21:30:35.915+0000] {logging_mixin.py:188} WARNING - /opt/airflow/dags/predict.py:29 RemovedInAirflow3Warning: Param `schedule_interval` is deprecated and will be removed in a future release. Please use `schedule` instead.
[2026-02-01T21:30:35.922+0000] {processor.py:840} INFO - DAG(s) 'ml_prediction_pipeline' retrieved from /opt/airflow/dags/predict.py
[2026-02-01T21:30:35.958+0000] {logging_mixin.py:188} INFO - [2026-02-01T21:30:35.957+0000] {dag.py:3096} INFO - Sync 1 DAGs
[2026-02-01T21:30:35.980+0000] {logging_mixin.py:188} INFO - [2026-02-01T21:30:35.980+0000] {dag.py:3954} INFO - Setting next_dagrun for ml_prediction_pipeline to 2026-01-31 00:00:00+00:00, run_after=2026-02-01 00:00:00+00:00
[2026-02-01T21:30:36.006+0000] {processor.py:183} INFO - Processing /opt/airflow/dags/predict.py took 3.343 seconds
[2026-02-01T21:31:06.549+0000] {processor.py:161} INFO - Started process (PID=35379) to work on /opt/airflow/dags/predict.py
[2026-02-01T21:31:06.551+0000] {processor.py:830} INFO - Processing file /opt/airflow/dags/predict.py for tasks to queue
[2026-02-01T21:31:06.553+0000] {logging_mixin.py:188} INFO - [2026-02-01T21:31:06.552+0000] {dagbag.py:545} INFO - Filling up the DagBag from /opt/airflow/dags/predict.py
[2026-02-01T21:31:09.202+0000] {logging_mixin.py:188} WARNING - /opt/airflow/dags/predict.py:34 RemovedInAirflow3Warning: Function `days_ago` is deprecated and will be removed in Airflow 3.0. You can achieve equivalent behavior with `pendulum.today('UTC').add(days=-N, ...)`
[2026-02-01T21:31:09.203+0000] {logging_mixin.py:188} WARNING - /opt/airflow/dags/predict.py:29 RemovedInAirflow3Warning: Param `schedule_interval` is deprecated and will be removed in a future release. Please use `schedule` instead.
[2026-02-01T21:31:09.208+0000] {processor.py:840} INFO - DAG(s) 'ml_prediction_pipeline' retrieved from /opt/airflow/dags/predict.py
[2026-02-01T21:31:09.235+0000] {logging_mixin.py:188} INFO - [2026-02-01T21:31:09.235+0000] {dag.py:3096} INFO - Sync 1 DAGs
[2026-02-01T21:31:09.355+0000] {logging_mixin.py:188} INFO - [2026-02-01T21:31:09.354+0000] {dag.py:3954} INFO - Setting next_dagrun for ml_prediction_pipeline to 2026-01-31 00:00:00+00:00, run_after=2026-02-01 00:00:00+00:00
[2026-02-01T21:31:09.372+0000] {processor.py:183} INFO - Processing /opt/airflow/dags/predict.py took 2.828 seconds
[2026-02-01T21:31:40.042+0000] {processor.py:161} INFO - Started process (PID=35426) to work on /opt/airflow/dags/predict.py
[2026-02-01T21:31:40.042+0000] {processor.py:830} INFO - Processing file /opt/airflow/dags/predict.py for tasks to queue
[2026-02-01T21:31:40.044+0000] {logging_mixin.py:188} INFO - [2026-02-01T21:31:40.044+0000] {dagbag.py:545} INFO - Filling up the DagBag from /opt/airflow/dags/predict.py
[2026-02-01T21:31:42.718+0000] {logging_mixin.py:188} WARNING - /opt/airflow/dags/predict.py:34 RemovedInAirflow3Warning: Function `days_ago` is deprecated and will be removed in Airflow 3.0. You can achieve equivalent behavior with `pendulum.today('UTC').add(days=-N, ...)`
[2026-02-01T21:31:42.722+0000] {logging_mixin.py:188} WARNING - /opt/airflow/dags/predict.py:29 RemovedInAirflow3Warning: Param `schedule_interval` is deprecated and will be removed in a future release. Please use `schedule` instead.
[2026-02-01T21:31:42.727+0000] {processor.py:840} INFO - DAG(s) 'ml_prediction_pipeline' retrieved from /opt/airflow/dags/predict.py
[2026-02-01T21:31:42.756+0000] {logging_mixin.py:188} INFO - [2026-02-01T21:31:42.755+0000] {dag.py:3096} INFO - Sync 1 DAGs
[2026-02-01T21:31:42.778+0000] {logging_mixin.py:188} INFO - [2026-02-01T21:31:42.777+0000] {dag.py:3954} INFO - Setting next_dagrun for ml_prediction_pipeline to 2026-01-31 00:00:00+00:00, run_after=2026-02-01 00:00:00+00:00
[2026-02-01T21:31:42.805+0000] {processor.py:183} INFO - Processing /opt/airflow/dags/predict.py took 2.768 seconds
[2026-02-01T21:32:13.205+0000] {processor.py:161} INFO - Started process (PID=35473) to work on /opt/airflow/dags/predict.py
[2026-02-01T21:32:13.206+0000] {processor.py:830} INFO - Processing file /opt/airflow/dags/predict.py for tasks to queue
[2026-02-01T21:32:13.208+0000] {logging_mixin.py:188} INFO - [2026-02-01T21:32:13.208+0000] {dagbag.py:545} INFO - Filling up the DagBag from /opt/airflow/dags/predict.py
[2026-02-01T21:32:16.548+0000] {logging_mixin.py:188} WARNING - /opt/airflow/dags/predict.py:34 RemovedInAirflow3Warning: Function `days_ago` is deprecated and will be removed in Airflow 3.0. You can achieve equivalent behavior with `pendulum.today('UTC').add(days=-N, ...)`
[2026-02-01T21:32:16.549+0000] {logging_mixin.py:188} WARNING - /opt/airflow/dags/predict.py:29 RemovedInAirflow3Warning: Param `schedule_interval` is deprecated and will be removed in a future release. Please use `schedule` instead.
[2026-02-01T21:32:16.555+0000] {processor.py:840} INFO - DAG(s) 'ml_prediction_pipeline' retrieved from /opt/airflow/dags/predict.py
[2026-02-01T21:32:16.579+0000] {logging_mixin.py:188} INFO - [2026-02-01T21:32:16.579+0000] {dag.py:3096} INFO - Sync 1 DAGs
[2026-02-01T21:32:16.600+0000] {logging_mixin.py:188} INFO - [2026-02-01T21:32:16.600+0000] {dag.py:3954} INFO - Setting next_dagrun for ml_prediction_pipeline to 2026-01-31 00:00:00+00:00, run_after=2026-02-01 00:00:00+00:00
[2026-02-01T21:32:16.620+0000] {processor.py:183} INFO - Processing /opt/airflow/dags/predict.py took 3.426 seconds
[2026-02-01T21:32:46.821+0000] {processor.py:161} INFO - Started process (PID=35520) to work on /opt/airflow/dags/predict.py
[2026-02-01T21:32:46.823+0000] {processor.py:830} INFO - Processing file /opt/airflow/dags/predict.py for tasks to queue
[2026-02-01T21:32:46.825+0000] {logging_mixin.py:188} INFO - [2026-02-01T21:32:46.825+0000] {dagbag.py:545} INFO - Filling up the DagBag from /opt/airflow/dags/predict.py
[2026-02-01T21:32:49.153+0000] {logging_mixin.py:188} WARNING - /opt/airflow/dags/predict.py:34 RemovedInAirflow3Warning: Function `days_ago` is deprecated and will be removed in Airflow 3.0. You can achieve equivalent behavior with `pendulum.today('UTC').add(days=-N, ...)`
[2026-02-01T21:32:49.154+0000] {logging_mixin.py:188} WARNING - /opt/airflow/dags/predict.py:29 RemovedInAirflow3Warning: Param `schedule_interval` is deprecated and will be removed in a future release. Please use `schedule` instead.
[2026-02-01T21:32:49.160+0000] {processor.py:840} INFO - DAG(s) 'ml_prediction_pipeline' retrieved from /opt/airflow/dags/predict.py
[2026-02-01T21:32:49.182+0000] {logging_mixin.py:188} INFO - [2026-02-01T21:32:49.182+0000] {dag.py:3096} INFO - Sync 1 DAGs
[2026-02-01T21:32:49.205+0000] {logging_mixin.py:188} INFO - [2026-02-01T21:32:49.205+0000] {dag.py:3954} INFO - Setting next_dagrun for ml_prediction_pipeline to 2026-01-31 00:00:00+00:00, run_after=2026-02-01 00:00:00+00:00
[2026-02-01T21:32:49.229+0000] {processor.py:183} INFO - Processing /opt/airflow/dags/predict.py took 2.412 seconds
[2026-02-01T21:33:19.384+0000] {processor.py:161} INFO - Started process (PID=35566) to work on /opt/airflow/dags/predict.py
[2026-02-01T21:33:19.385+0000] {processor.py:830} INFO - Processing file /opt/airflow/dags/predict.py for tasks to queue
[2026-02-01T21:33:19.387+0000] {logging_mixin.py:188} INFO - [2026-02-01T21:33:19.386+0000] {dagbag.py:545} INFO - Filling up the DagBag from /opt/airflow/dags/predict.py
[2026-02-01T21:33:21.954+0000] {logging_mixin.py:188} WARNING - /opt/airflow/dags/predict.py:34 RemovedInAirflow3Warning: Function `days_ago` is deprecated and will be removed in Airflow 3.0. You can achieve equivalent behavior with `pendulum.today('UTC').add(days=-N, ...)`
[2026-02-01T21:33:21.956+0000] {logging_mixin.py:188} WARNING - /opt/airflow/dags/predict.py:29 RemovedInAirflow3Warning: Param `schedule_interval` is deprecated and will be removed in a future release. Please use `schedule` instead.
[2026-02-01T21:33:21.962+0000] {processor.py:840} INFO - DAG(s) 'ml_prediction_pipeline' retrieved from /opt/airflow/dags/predict.py
[2026-02-01T21:33:21.993+0000] {logging_mixin.py:188} INFO - [2026-02-01T21:33:21.993+0000] {dag.py:3096} INFO - Sync 1 DAGs
[2026-02-01T21:33:22.020+0000] {logging_mixin.py:188} INFO - [2026-02-01T21:33:22.019+0000] {dag.py:3954} INFO - Setting next_dagrun for ml_prediction_pipeline to 2026-01-31 00:00:00+00:00, run_after=2026-02-01 00:00:00+00:00
[2026-02-01T21:33:22.048+0000] {processor.py:183} INFO - Processing /opt/airflow/dags/predict.py took 2.669 seconds
[2026-02-01T21:33:52.331+0000] {processor.py:161} INFO - Started process (PID=35613) to work on /opt/airflow/dags/predict.py
[2026-02-01T21:33:52.335+0000] {processor.py:830} INFO - Processing file /opt/airflow/dags/predict.py for tasks to queue
[2026-02-01T21:33:52.338+0000] {logging_mixin.py:188} INFO - [2026-02-01T21:33:52.337+0000] {dagbag.py:545} INFO - Filling up the DagBag from /opt/airflow/dags/predict.py
[2026-02-01T21:33:55.724+0000] {logging_mixin.py:188} WARNING - /opt/airflow/dags/predict.py:34 RemovedInAirflow3Warning: Function `days_ago` is deprecated and will be removed in Airflow 3.0. You can achieve equivalent behavior with `pendulum.today('UTC').add(days=-N, ...)`
[2026-02-01T21:33:55.726+0000] {logging_mixin.py:188} WARNING - /opt/airflow/dags/predict.py:29 RemovedInAirflow3Warning: Param `schedule_interval` is deprecated and will be removed in a future release. Please use `schedule` instead.
[2026-02-01T21:33:55.732+0000] {processor.py:840} INFO - DAG(s) 'ml_prediction_pipeline' retrieved from /opt/airflow/dags/predict.py
[2026-02-01T21:33:55.762+0000] {logging_mixin.py:188} INFO - [2026-02-01T21:33:55.761+0000] {dag.py:3096} INFO - Sync 1 DAGs
[2026-02-01T21:33:55.783+0000] {logging_mixin.py:188} INFO - [2026-02-01T21:33:55.782+0000] {dag.py:3954} INFO - Setting next_dagrun for ml_prediction_pipeline to 2026-01-31 00:00:00+00:00, run_after=2026-02-01 00:00:00+00:00
[2026-02-01T21:33:55.813+0000] {processor.py:183} INFO - Processing /opt/airflow/dags/predict.py took 3.490 seconds
[2026-02-01T21:34:25.938+0000] {processor.py:161} INFO - Started process (PID=35660) to work on /opt/airflow/dags/predict.py
[2026-02-01T21:34:25.939+0000] {processor.py:830} INFO - Processing file /opt/airflow/dags/predict.py for tasks to queue
[2026-02-01T21:34:25.940+0000] {logging_mixin.py:188} INFO - [2026-02-01T21:34:25.940+0000] {dagbag.py:545} INFO - Filling up the DagBag from /opt/airflow/dags/predict.py
[2026-02-01T21:34:28.150+0000] {logging_mixin.py:188} WARNING - /opt/airflow/dags/predict.py:34 RemovedInAirflow3Warning: Function `days_ago` is deprecated and will be removed in Airflow 3.0. You can achieve equivalent behavior with `pendulum.today('UTC').add(days=-N, ...)`
[2026-02-01T21:34:28.152+0000] {logging_mixin.py:188} WARNING - /opt/airflow/dags/predict.py:29 RemovedInAirflow3Warning: Param `schedule_interval` is deprecated and will be removed in a future release. Please use `schedule` instead.
[2026-02-01T21:34:28.157+0000] {processor.py:840} INFO - DAG(s) 'ml_prediction_pipeline' retrieved from /opt/airflow/dags/predict.py
[2026-02-01T21:34:28.189+0000] {logging_mixin.py:188} INFO - [2026-02-01T21:34:28.188+0000] {dag.py:3096} INFO - Sync 1 DAGs
[2026-02-01T21:34:28.332+0000] {logging_mixin.py:188} INFO - [2026-02-01T21:34:28.331+0000] {dag.py:3954} INFO - Setting next_dagrun for ml_prediction_pipeline to 2026-01-31 00:00:00+00:00, run_after=2026-02-01 00:00:00+00:00
[2026-02-01T21:34:28.358+0000] {processor.py:183} INFO - Processing /opt/airflow/dags/predict.py took 2.424 seconds
[2026-02-01T21:34:58.489+0000] {processor.py:161} INFO - Started process (PID=35707) to work on /opt/airflow/dags/predict.py
[2026-02-01T21:34:58.491+0000] {processor.py:830} INFO - Processing file /opt/airflow/dags/predict.py for tasks to queue
[2026-02-01T21:34:58.494+0000] {logging_mixin.py:188} INFO - [2026-02-01T21:34:58.494+0000] {dagbag.py:545} INFO - Filling up the DagBag from /opt/airflow/dags/predict.py
[2026-02-01T21:35:00.688+0000] {logging_mixin.py:188} WARNING - /opt/airflow/dags/predict.py:34 RemovedInAirflow3Warning: Function `days_ago` is deprecated and will be removed in Airflow 3.0. You can achieve equivalent behavior with `pendulum.today('UTC').add(days=-N, ...)`
[2026-02-01T21:35:00.689+0000] {logging_mixin.py:188} WARNING - /opt/airflow/dags/predict.py:29 RemovedInAirflow3Warning: Param `schedule_interval` is deprecated and will be removed in a future release. Please use `schedule` instead.
[2026-02-01T21:35:00.697+0000] {processor.py:840} INFO - DAG(s) 'ml_prediction_pipeline' retrieved from /opt/airflow/dags/predict.py
[2026-02-01T21:35:00.726+0000] {logging_mixin.py:188} INFO - [2026-02-01T21:35:00.726+0000] {dag.py:3096} INFO - Sync 1 DAGs
[2026-02-01T21:35:00.746+0000] {logging_mixin.py:188} INFO - [2026-02-01T21:35:00.746+0000] {dag.py:3954} INFO - Setting next_dagrun for ml_prediction_pipeline to 2026-01-31 00:00:00+00:00, run_after=2026-02-01 00:00:00+00:00
[2026-02-01T21:35:00.765+0000] {processor.py:183} INFO - Processing /opt/airflow/dags/predict.py took 2.281 seconds
[2026-02-01T21:35:31.261+0000] {processor.py:161} INFO - Started process (PID=35754) to work on /opt/airflow/dags/predict.py
[2026-02-01T21:35:31.262+0000] {processor.py:830} INFO - Processing file /opt/airflow/dags/predict.py for tasks to queue
[2026-02-01T21:35:31.264+0000] {logging_mixin.py:188} INFO - [2026-02-01T21:35:31.263+0000] {dagbag.py:545} INFO - Filling up the DagBag from /opt/airflow/dags/predict.py
[2026-02-01T21:35:33.124+0000] {logging_mixin.py:188} WARNING - /opt/airflow/dags/predict.py:34 RemovedInAirflow3Warning: Function `days_ago` is deprecated and will be removed in Airflow 3.0. You can achieve equivalent behavior with `pendulum.today('UTC').add(days=-N, ...)`
[2026-02-01T21:35:33.125+0000] {logging_mixin.py:188} WARNING - /opt/airflow/dags/predict.py:29 RemovedInAirflow3Warning: Param `schedule_interval` is deprecated and will be removed in a future release. Please use `schedule` instead.
[2026-02-01T21:35:33.130+0000] {processor.py:840} INFO - DAG(s) 'ml_prediction_pipeline' retrieved from /opt/airflow/dags/predict.py
[2026-02-01T21:35:33.160+0000] {logging_mixin.py:188} INFO - [2026-02-01T21:35:33.160+0000] {dag.py:3096} INFO - Sync 1 DAGs
[2026-02-01T21:35:33.181+0000] {logging_mixin.py:188} INFO - [2026-02-01T21:35:33.181+0000] {dag.py:3954} INFO - Setting next_dagrun for ml_prediction_pipeline to 2026-01-31 00:00:00+00:00, run_after=2026-02-01 00:00:00+00:00
[2026-02-01T21:35:33.202+0000] {processor.py:183} INFO - Processing /opt/airflow/dags/predict.py took 1.946 seconds
[2026-02-01T21:36:03.434+0000] {processor.py:161} INFO - Started process (PID=35801) to work on /opt/airflow/dags/predict.py
[2026-02-01T21:36:03.436+0000] {processor.py:830} INFO - Processing file /opt/airflow/dags/predict.py for tasks to queue
[2026-02-01T21:36:03.437+0000] {logging_mixin.py:188} INFO - [2026-02-01T21:36:03.437+0000] {dagbag.py:545} INFO - Filling up the DagBag from /opt/airflow/dags/predict.py
[2026-02-01T21:36:05.830+0000] {logging_mixin.py:188} WARNING - /opt/airflow/dags/predict.py:34 RemovedInAirflow3Warning: Function `days_ago` is deprecated and will be removed in Airflow 3.0. You can achieve equivalent behavior with `pendulum.today('UTC').add(days=-N, ...)`
[2026-02-01T21:36:05.832+0000] {logging_mixin.py:188} WARNING - /opt/airflow/dags/predict.py:29 RemovedInAirflow3Warning: Param `schedule_interval` is deprecated and will be removed in a future release. Please use `schedule` instead.
[2026-02-01T21:36:05.839+0000] {processor.py:840} INFO - DAG(s) 'ml_prediction_pipeline' retrieved from /opt/airflow/dags/predict.py
[2026-02-01T21:36:05.867+0000] {logging_mixin.py:188} INFO - [2026-02-01T21:36:05.866+0000] {dag.py:3096} INFO - Sync 1 DAGs
[2026-02-01T21:36:05.891+0000] {logging_mixin.py:188} INFO - [2026-02-01T21:36:05.891+0000] {dag.py:3954} INFO - Setting next_dagrun for ml_prediction_pipeline to 2026-01-31 00:00:00+00:00, run_after=2026-02-01 00:00:00+00:00
[2026-02-01T21:36:05.908+0000] {processor.py:183} INFO - Processing /opt/airflow/dags/predict.py took 2.479 seconds
[2026-02-01T21:36:36.378+0000] {processor.py:161} INFO - Started process (PID=35848) to work on /opt/airflow/dags/predict.py
[2026-02-01T21:36:36.379+0000] {processor.py:830} INFO - Processing file /opt/airflow/dags/predict.py for tasks to queue
[2026-02-01T21:36:36.381+0000] {logging_mixin.py:188} INFO - [2026-02-01T21:36:36.381+0000] {dagbag.py:545} INFO - Filling up the DagBag from /opt/airflow/dags/predict.py
[2026-02-01T21:36:38.499+0000] {logging_mixin.py:188} WARNING - /opt/airflow/dags/predict.py:34 RemovedInAirflow3Warning: Function `days_ago` is deprecated and will be removed in Airflow 3.0. You can achieve equivalent behavior with `pendulum.today('UTC').add(days=-N, ...)`
[2026-02-01T21:36:38.500+0000] {logging_mixin.py:188} WARNING - /opt/airflow/dags/predict.py:29 RemovedInAirflow3Warning: Param `schedule_interval` is deprecated and will be removed in a future release. Please use `schedule` instead.
[2026-02-01T21:36:38.506+0000] {processor.py:840} INFO - DAG(s) 'ml_prediction_pipeline' retrieved from /opt/airflow/dags/predict.py
[2026-02-01T21:36:38.525+0000] {logging_mixin.py:188} INFO - [2026-02-01T21:36:38.525+0000] {dag.py:3096} INFO - Sync 1 DAGs
[2026-02-01T21:36:38.540+0000] {logging_mixin.py:188} INFO - [2026-02-01T21:36:38.540+0000] {dag.py:3954} INFO - Setting next_dagrun for ml_prediction_pipeline to 2026-01-31 00:00:00+00:00, run_after=2026-02-01 00:00:00+00:00
[2026-02-01T21:36:38.557+0000] {processor.py:183} INFO - Processing /opt/airflow/dags/predict.py took 2.185 seconds
[2026-02-01T21:37:09.425+0000] {processor.py:161} INFO - Started process (PID=35896) to work on /opt/airflow/dags/predict.py
[2026-02-01T21:37:09.427+0000] {processor.py:830} INFO - Processing file /opt/airflow/dags/predict.py for tasks to queue
[2026-02-01T21:37:09.429+0000] {logging_mixin.py:188} INFO - [2026-02-01T21:37:09.428+0000] {dagbag.py:545} INFO - Filling up the DagBag from /opt/airflow/dags/predict.py
[2026-02-01T21:37:11.422+0000] {logging_mixin.py:188} WARNING - /opt/airflow/dags/predict.py:34 RemovedInAirflow3Warning: Function `days_ago` is deprecated and will be removed in Airflow 3.0. You can achieve equivalent behavior with `pendulum.today('UTC').add(days=-N, ...)`
[2026-02-01T21:37:11.423+0000] {logging_mixin.py:188} WARNING - /opt/airflow/dags/predict.py:29 RemovedInAirflow3Warning: Param `schedule_interval` is deprecated and will be removed in a future release. Please use `schedule` instead.
[2026-02-01T21:37:11.427+0000] {processor.py:840} INFO - DAG(s) 'ml_prediction_pipeline' retrieved from /opt/airflow/dags/predict.py
[2026-02-01T21:37:11.447+0000] {logging_mixin.py:188} INFO - [2026-02-01T21:37:11.447+0000] {dag.py:3096} INFO - Sync 1 DAGs
[2026-02-01T21:37:11.462+0000] {logging_mixin.py:188} INFO - [2026-02-01T21:37:11.462+0000] {dag.py:3954} INFO - Setting next_dagrun for ml_prediction_pipeline to 2026-01-31 00:00:00+00:00, run_after=2026-02-01 00:00:00+00:00
[2026-02-01T21:37:11.576+0000] {processor.py:183} INFO - Processing /opt/airflow/dags/predict.py took 2.156 seconds
[2026-02-01T21:37:42.046+0000] {processor.py:161} INFO - Started process (PID=35941) to work on /opt/airflow/dags/predict.py
[2026-02-01T21:37:42.047+0000] {processor.py:830} INFO - Processing file /opt/airflow/dags/predict.py for tasks to queue
[2026-02-01T21:37:42.049+0000] {logging_mixin.py:188} INFO - [2026-02-01T21:37:42.048+0000] {dagbag.py:545} INFO - Filling up the DagBag from /opt/airflow/dags/predict.py
[2026-02-01T21:37:44.526+0000] {logging_mixin.py:188} WARNING - /opt/airflow/dags/predict.py:34 RemovedInAirflow3Warning: Function `days_ago` is deprecated and will be removed in Airflow 3.0. You can achieve equivalent behavior with `pendulum.today('UTC').add(days=-N, ...)`
[2026-02-01T21:37:44.527+0000] {logging_mixin.py:188} WARNING - /opt/airflow/dags/predict.py:29 RemovedInAirflow3Warning: Param `schedule_interval` is deprecated and will be removed in a future release. Please use `schedule` instead.
[2026-02-01T21:37:44.534+0000] {processor.py:840} INFO - DAG(s) 'ml_prediction_pipeline' retrieved from /opt/airflow/dags/predict.py
[2026-02-01T21:37:44.557+0000] {logging_mixin.py:188} INFO - [2026-02-01T21:37:44.556+0000] {dag.py:3096} INFO - Sync 1 DAGs
[2026-02-01T21:37:44.576+0000] {logging_mixin.py:188} INFO - [2026-02-01T21:37:44.576+0000] {dag.py:3954} INFO - Setting next_dagrun for ml_prediction_pipeline to 2026-01-31 00:00:00+00:00, run_after=2026-02-01 00:00:00+00:00
[2026-02-01T21:37:44.595+0000] {processor.py:183} INFO - Processing /opt/airflow/dags/predict.py took 2.555 seconds
[2026-02-01T21:38:14.739+0000] {processor.py:161} INFO - Started process (PID=35985) to work on /opt/airflow/dags/predict.py
[2026-02-01T21:38:14.743+0000] {processor.py:830} INFO - Processing file /opt/airflow/dags/predict.py for tasks to queue
[2026-02-01T21:38:14.746+0000] {logging_mixin.py:188} INFO - [2026-02-01T21:38:14.746+0000] {dagbag.py:545} INFO - Filling up the DagBag from /opt/airflow/dags/predict.py
[2026-02-01T21:38:17.387+0000] {logging_mixin.py:188} WARNING - /opt/airflow/dags/predict.py:34 RemovedInAirflow3Warning: Function `days_ago` is deprecated and will be removed in Airflow 3.0. You can achieve equivalent behavior with `pendulum.today('UTC').add(days=-N, ...)`
[2026-02-01T21:38:17.387+0000] {logging_mixin.py:188} WARNING - /opt/airflow/dags/predict.py:29 RemovedInAirflow3Warning: Param `schedule_interval` is deprecated and will be removed in a future release. Please use `schedule` instead.
[2026-02-01T21:38:17.391+0000] {processor.py:840} INFO - DAG(s) 'ml_prediction_pipeline' retrieved from /opt/airflow/dags/predict.py
[2026-02-01T21:38:17.410+0000] {logging_mixin.py:188} INFO - [2026-02-01T21:38:17.410+0000] {dag.py:3096} INFO - Sync 1 DAGs
[2026-02-01T21:38:17.425+0000] {logging_mixin.py:188} INFO - [2026-02-01T21:38:17.425+0000] {dag.py:3954} INFO - Setting next_dagrun for ml_prediction_pipeline to 2026-01-31 00:00:00+00:00, run_after=2026-02-01 00:00:00+00:00
[2026-02-01T21:38:17.441+0000] {processor.py:183} INFO - Processing /opt/airflow/dags/predict.py took 2.710 seconds
[2026-02-01T21:38:47.634+0000] {processor.py:161} INFO - Started process (PID=36020) to work on /opt/airflow/dags/predict.py
[2026-02-01T21:38:47.635+0000] {processor.py:830} INFO - Processing file /opt/airflow/dags/predict.py for tasks to queue
[2026-02-01T21:38:47.637+0000] {logging_mixin.py:188} INFO - [2026-02-01T21:38:47.637+0000] {dagbag.py:545} INFO - Filling up the DagBag from /opt/airflow/dags/predict.py
[2026-02-01T21:38:50.527+0000] {logging_mixin.py:188} WARNING - /opt/airflow/dags/predict.py:34 RemovedInAirflow3Warning: Function `days_ago` is deprecated and will be removed in Airflow 3.0. You can achieve equivalent behavior with `pendulum.today('UTC').add(days=-N, ...)`
[2026-02-01T21:38:50.528+0000] {logging_mixin.py:188} WARNING - /opt/airflow/dags/predict.py:29 RemovedInAirflow3Warning: Param `schedule_interval` is deprecated and will be removed in a future release. Please use `schedule` instead.
[2026-02-01T21:38:50.538+0000] {processor.py:840} INFO - DAG(s) 'ml_prediction_pipeline' retrieved from /opt/airflow/dags/predict.py
[2026-02-01T21:38:50.570+0000] {logging_mixin.py:188} INFO - [2026-02-01T21:38:50.570+0000] {dag.py:3096} INFO - Sync 1 DAGs
[2026-02-01T21:38:50.593+0000] {logging_mixin.py:188} INFO - [2026-02-01T21:38:50.593+0000] {dag.py:3954} INFO - Setting next_dagrun for ml_prediction_pipeline to 2026-01-31 00:00:00+00:00, run_after=2026-02-01 00:00:00+00:00
[2026-02-01T21:38:50.618+0000] {processor.py:183} INFO - Processing /opt/airflow/dags/predict.py took 2.989 seconds
[2026-02-01T21:39:20.718+0000] {processor.py:161} INFO - Started process (PID=36066) to work on /opt/airflow/dags/predict.py
[2026-02-01T21:39:20.719+0000] {processor.py:830} INFO - Processing file /opt/airflow/dags/predict.py for tasks to queue
[2026-02-01T21:39:20.722+0000] {logging_mixin.py:188} INFO - [2026-02-01T21:39:20.721+0000] {dagbag.py:545} INFO - Filling up the DagBag from /opt/airflow/dags/predict.py
[2026-02-01T21:39:23.408+0000] {logging_mixin.py:188} WARNING - /opt/airflow/dags/predict.py:34 RemovedInAirflow3Warning: Function `days_ago` is deprecated and will be removed in Airflow 3.0. You can achieve equivalent behavior with `pendulum.today('UTC').add(days=-N, ...)`
[2026-02-01T21:39:23.409+0000] {logging_mixin.py:188} WARNING - /opt/airflow/dags/predict.py:29 RemovedInAirflow3Warning: Param `schedule_interval` is deprecated and will be removed in a future release. Please use `schedule` instead.
[2026-02-01T21:39:23.414+0000] {processor.py:840} INFO - DAG(s) 'ml_prediction_pipeline' retrieved from /opt/airflow/dags/predict.py
[2026-02-01T21:39:23.441+0000] {logging_mixin.py:188} INFO - [2026-02-01T21:39:23.440+0000] {dag.py:3096} INFO - Sync 1 DAGs
[2026-02-01T21:39:23.462+0000] {logging_mixin.py:188} INFO - [2026-02-01T21:39:23.461+0000] {dag.py:3954} INFO - Setting next_dagrun for ml_prediction_pipeline to 2026-01-31 00:00:00+00:00, run_after=2026-02-01 00:00:00+00:00
[2026-02-01T21:39:23.484+0000] {processor.py:183} INFO - Processing /opt/airflow/dags/predict.py took 2.770 seconds
[2026-02-01T21:39:53.892+0000] {processor.py:161} INFO - Started process (PID=36110) to work on /opt/airflow/dags/predict.py
[2026-02-01T21:39:53.893+0000] {processor.py:830} INFO - Processing file /opt/airflow/dags/predict.py for tasks to queue
[2026-02-01T21:39:53.894+0000] {logging_mixin.py:188} INFO - [2026-02-01T21:39:53.894+0000] {dagbag.py:545} INFO - Filling up the DagBag from /opt/airflow/dags/predict.py
[2026-02-01T21:39:57.309+0000] {logging_mixin.py:188} WARNING - /opt/airflow/dags/predict.py:34 RemovedInAirflow3Warning: Function `days_ago` is deprecated and will be removed in Airflow 3.0. You can achieve equivalent behavior with `pendulum.today('UTC').add(days=-N, ...)`
[2026-02-01T21:39:57.311+0000] {logging_mixin.py:188} WARNING - /opt/airflow/dags/predict.py:29 RemovedInAirflow3Warning: Param `schedule_interval` is deprecated and will be removed in a future release. Please use `schedule` instead.
[2026-02-01T21:39:57.320+0000] {processor.py:840} INFO - DAG(s) 'ml_prediction_pipeline' retrieved from /opt/airflow/dags/predict.py
[2026-02-01T21:39:57.478+0000] {logging_mixin.py:188} INFO - [2026-02-01T21:39:57.477+0000] {dag.py:3096} INFO - Sync 1 DAGs
[2026-02-01T21:39:57.509+0000] {logging_mixin.py:188} INFO - [2026-02-01T21:39:57.509+0000] {dag.py:3954} INFO - Setting next_dagrun for ml_prediction_pipeline to 2026-01-31 00:00:00+00:00, run_after=2026-02-01 00:00:00+00:00
[2026-02-01T21:39:57.534+0000] {processor.py:183} INFO - Processing /opt/airflow/dags/predict.py took 3.648 seconds
[2026-02-01T21:40:27.753+0000] {processor.py:161} INFO - Started process (PID=36157) to work on /opt/airflow/dags/predict.py
[2026-02-01T21:40:27.755+0000] {processor.py:830} INFO - Processing file /opt/airflow/dags/predict.py for tasks to queue
[2026-02-01T21:40:27.757+0000] {logging_mixin.py:188} INFO - [2026-02-01T21:40:27.756+0000] {dagbag.py:545} INFO - Filling up the DagBag from /opt/airflow/dags/predict.py
[2026-02-01T21:40:30.150+0000] {logging_mixin.py:188} WARNING - /opt/airflow/dags/predict.py:34 RemovedInAirflow3Warning: Function `days_ago` is deprecated and will be removed in Airflow 3.0. You can achieve equivalent behavior with `pendulum.today('UTC').add(days=-N, ...)`
[2026-02-01T21:40:30.152+0000] {logging_mixin.py:188} WARNING - /opt/airflow/dags/predict.py:29 RemovedInAirflow3Warning: Param `schedule_interval` is deprecated and will be removed in a future release. Please use `schedule` instead.
[2026-02-01T21:40:30.160+0000] {processor.py:840} INFO - DAG(s) 'ml_prediction_pipeline' retrieved from /opt/airflow/dags/predict.py
[2026-02-01T21:40:30.188+0000] {logging_mixin.py:188} INFO - [2026-02-01T21:40:30.188+0000] {dag.py:3096} INFO - Sync 1 DAGs
[2026-02-01T21:40:30.205+0000] {logging_mixin.py:188} INFO - [2026-02-01T21:40:30.205+0000] {dag.py:3954} INFO - Setting next_dagrun for ml_prediction_pipeline to 2026-01-31 00:00:00+00:00, run_after=2026-02-01 00:00:00+00:00
[2026-02-01T21:40:30.351+0000] {processor.py:183} INFO - Processing /opt/airflow/dags/predict.py took 2.603 seconds
[2026-02-01T21:41:00.655+0000] {processor.py:161} INFO - Started process (PID=36204) to work on /opt/airflow/dags/predict.py
[2026-02-01T21:41:00.656+0000] {processor.py:830} INFO - Processing file /opt/airflow/dags/predict.py for tasks to queue
[2026-02-01T21:41:00.657+0000] {logging_mixin.py:188} INFO - [2026-02-01T21:41:00.657+0000] {dagbag.py:545} INFO - Filling up the DagBag from /opt/airflow/dags/predict.py
[2026-02-01T21:41:02.764+0000] {logging_mixin.py:188} WARNING - /opt/airflow/dags/predict.py:34 RemovedInAirflow3Warning: Function `days_ago` is deprecated and will be removed in Airflow 3.0. You can achieve equivalent behavior with `pendulum.today('UTC').add(days=-N, ...)`
[2026-02-01T21:41:02.766+0000] {logging_mixin.py:188} WARNING - /opt/airflow/dags/predict.py:29 RemovedInAirflow3Warning: Param `schedule_interval` is deprecated and will be removed in a future release. Please use `schedule` instead.
[2026-02-01T21:41:02.771+0000] {processor.py:840} INFO - DAG(s) 'ml_prediction_pipeline' retrieved from /opt/airflow/dags/predict.py
[2026-02-01T21:41:02.794+0000] {logging_mixin.py:188} INFO - [2026-02-01T21:41:02.793+0000] {dag.py:3096} INFO - Sync 1 DAGs
[2026-02-01T21:41:02.814+0000] {logging_mixin.py:188} INFO - [2026-02-01T21:41:02.814+0000] {dag.py:3954} INFO - Setting next_dagrun for ml_prediction_pipeline to 2026-01-31 00:00:00+00:00, run_after=2026-02-01 00:00:00+00:00
[2026-02-01T21:41:02.833+0000] {processor.py:183} INFO - Processing /opt/airflow/dags/predict.py took 2.182 seconds
[2026-02-01T21:41:33.308+0000] {processor.py:161} INFO - Started process (PID=36251) to work on /opt/airflow/dags/predict.py
[2026-02-01T21:41:33.311+0000] {processor.py:830} INFO - Processing file /opt/airflow/dags/predict.py for tasks to queue
[2026-02-01T21:41:33.312+0000] {logging_mixin.py:188} INFO - [2026-02-01T21:41:33.312+0000] {dagbag.py:545} INFO - Filling up the DagBag from /opt/airflow/dags/predict.py
[2026-02-01T21:41:35.441+0000] {logging_mixin.py:188} WARNING - /opt/airflow/dags/predict.py:34 RemovedInAirflow3Warning: Function `days_ago` is deprecated and will be removed in Airflow 3.0. You can achieve equivalent behavior with `pendulum.today('UTC').add(days=-N, ...)`
[2026-02-01T21:41:35.442+0000] {logging_mixin.py:188} WARNING - /opt/airflow/dags/predict.py:29 RemovedInAirflow3Warning: Param `schedule_interval` is deprecated and will be removed in a future release. Please use `schedule` instead.
[2026-02-01T21:41:35.446+0000] {processor.py:840} INFO - DAG(s) 'ml_prediction_pipeline' retrieved from /opt/airflow/dags/predict.py
[2026-02-01T21:41:35.466+0000] {logging_mixin.py:188} INFO - [2026-02-01T21:41:35.466+0000] {dag.py:3096} INFO - Sync 1 DAGs
[2026-02-01T21:41:35.483+0000] {logging_mixin.py:188} INFO - [2026-02-01T21:41:35.482+0000] {dag.py:3954} INFO - Setting next_dagrun for ml_prediction_pipeline to 2026-01-31 00:00:00+00:00, run_after=2026-02-01 00:00:00+00:00
[2026-02-01T21:41:35.498+0000] {processor.py:183} INFO - Processing /opt/airflow/dags/predict.py took 2.194 seconds
[2026-02-01T21:42:05.548+0000] {processor.py:161} INFO - Started process (PID=36298) to work on /opt/airflow/dags/predict.py
[2026-02-01T21:42:05.549+0000] {processor.py:830} INFO - Processing file /opt/airflow/dags/predict.py for tasks to queue
[2026-02-01T21:42:05.550+0000] {logging_mixin.py:188} INFO - [2026-02-01T21:42:05.550+0000] {dagbag.py:545} INFO - Filling up the DagBag from /opt/airflow/dags/predict.py
[2026-02-01T21:42:07.895+0000] {logging_mixin.py:188} WARNING - /opt/airflow/dags/predict.py:34 RemovedInAirflow3Warning: Function `days_ago` is deprecated and will be removed in Airflow 3.0. You can achieve equivalent behavior with `pendulum.today('UTC').add(days=-N, ...)`
[2026-02-01T21:42:07.896+0000] {logging_mixin.py:188} WARNING - /opt/airflow/dags/predict.py:29 RemovedInAirflow3Warning: Param `schedule_interval` is deprecated and will be removed in a future release. Please use `schedule` instead.
[2026-02-01T21:42:07.900+0000] {processor.py:840} INFO - DAG(s) 'ml_prediction_pipeline' retrieved from /opt/airflow/dags/predict.py
[2026-02-01T21:42:07.927+0000] {logging_mixin.py:188} INFO - [2026-02-01T21:42:07.926+0000] {dag.py:3096} INFO - Sync 1 DAGs
[2026-02-01T21:42:07.944+0000] {logging_mixin.py:188} INFO - [2026-02-01T21:42:07.943+0000] {dag.py:3954} INFO - Setting next_dagrun for ml_prediction_pipeline to 2026-01-31 00:00:00+00:00, run_after=2026-02-01 00:00:00+00:00
[2026-02-01T21:42:07.963+0000] {processor.py:183} INFO - Processing /opt/airflow/dags/predict.py took 2.419 seconds
[2026-02-01T21:42:38.462+0000] {processor.py:161} INFO - Started process (PID=36345) to work on /opt/airflow/dags/predict.py
[2026-02-01T21:42:38.463+0000] {processor.py:830} INFO - Processing file /opt/airflow/dags/predict.py for tasks to queue
[2026-02-01T21:42:38.465+0000] {logging_mixin.py:188} INFO - [2026-02-01T21:42:38.465+0000] {dagbag.py:545} INFO - Filling up the DagBag from /opt/airflow/dags/predict.py
[2026-02-01T21:42:40.518+0000] {logging_mixin.py:188} WARNING - /opt/airflow/dags/predict.py:34 RemovedInAirflow3Warning: Function `days_ago` is deprecated and will be removed in Airflow 3.0. You can achieve equivalent behavior with `pendulum.today('UTC').add(days=-N, ...)`
[2026-02-01T21:42:40.519+0000] {logging_mixin.py:188} WARNING - /opt/airflow/dags/predict.py:29 RemovedInAirflow3Warning: Param `schedule_interval` is deprecated and will be removed in a future release. Please use `schedule` instead.
[2026-02-01T21:42:40.523+0000] {processor.py:840} INFO - DAG(s) 'ml_prediction_pipeline' retrieved from /opt/airflow/dags/predict.py
[2026-02-01T21:42:40.544+0000] {logging_mixin.py:188} INFO - [2026-02-01T21:42:40.544+0000] {dag.py:3096} INFO - Sync 1 DAGs
[2026-02-01T21:42:40.559+0000] {logging_mixin.py:188} INFO - [2026-02-01T21:42:40.558+0000] {dag.py:3954} INFO - Setting next_dagrun for ml_prediction_pipeline to 2026-01-31 00:00:00+00:00, run_after=2026-02-01 00:00:00+00:00
[2026-02-01T21:42:40.578+0000] {processor.py:183} INFO - Processing /opt/airflow/dags/predict.py took 2.121 seconds
[2026-02-01T21:43:11.217+0000] {processor.py:161} INFO - Started process (PID=36386) to work on /opt/airflow/dags/predict.py
[2026-02-01T21:43:11.218+0000] {processor.py:830} INFO - Processing file /opt/airflow/dags/predict.py for tasks to queue
[2026-02-01T21:43:11.219+0000] {logging_mixin.py:188} INFO - [2026-02-01T21:43:11.218+0000] {dagbag.py:545} INFO - Filling up the DagBag from /opt/airflow/dags/predict.py
[2026-02-01T21:43:13.661+0000] {logging_mixin.py:188} WARNING - /opt/airflow/dags/predict.py:34 RemovedInAirflow3Warning: Function `days_ago` is deprecated and will be removed in Airflow 3.0. You can achieve equivalent behavior with `pendulum.today('UTC').add(days=-N, ...)`
[2026-02-01T21:43:13.662+0000] {logging_mixin.py:188} WARNING - /opt/airflow/dags/predict.py:29 RemovedInAirflow3Warning: Param `schedule_interval` is deprecated and will be removed in a future release. Please use `schedule` instead.
[2026-02-01T21:43:13.667+0000] {processor.py:840} INFO - DAG(s) 'ml_prediction_pipeline' retrieved from /opt/airflow/dags/predict.py
[2026-02-01T21:43:13.691+0000] {logging_mixin.py:188} INFO - [2026-02-01T21:43:13.691+0000] {dag.py:3096} INFO - Sync 1 DAGs
[2026-02-01T21:43:13.712+0000] {logging_mixin.py:188} INFO - [2026-02-01T21:43:13.712+0000] {dag.py:3954} INFO - Setting next_dagrun for ml_prediction_pipeline to 2026-01-31 00:00:00+00:00, run_after=2026-02-01 00:00:00+00:00
[2026-02-01T21:43:13.730+0000] {processor.py:183} INFO - Processing /opt/airflow/dags/predict.py took 2.517 seconds
[2026-02-01T21:43:43.795+0000] {processor.py:161} INFO - Started process (PID=36434) to work on /opt/airflow/dags/predict.py
[2026-02-01T21:43:43.797+0000] {processor.py:830} INFO - Processing file /opt/airflow/dags/predict.py for tasks to queue
[2026-02-01T21:43:43.799+0000] {logging_mixin.py:188} INFO - [2026-02-01T21:43:43.799+0000] {dagbag.py:545} INFO - Filling up the DagBag from /opt/airflow/dags/predict.py
[2026-02-01T21:43:46.034+0000] {logging_mixin.py:188} WARNING - /opt/airflow/dags/predict.py:34 RemovedInAirflow3Warning: Function `days_ago` is deprecated and will be removed in Airflow 3.0. You can achieve equivalent behavior with `pendulum.today('UTC').add(days=-N, ...)`
[2026-02-01T21:43:46.035+0000] {logging_mixin.py:188} WARNING - /opt/airflow/dags/predict.py:29 RemovedInAirflow3Warning: Param `schedule_interval` is deprecated and will be removed in a future release. Please use `schedule` instead.
[2026-02-01T21:43:46.040+0000] {processor.py:840} INFO - DAG(s) 'ml_prediction_pipeline' retrieved from /opt/airflow/dags/predict.py
[2026-02-01T21:43:46.063+0000] {logging_mixin.py:188} INFO - [2026-02-01T21:43:46.062+0000] {dag.py:3096} INFO - Sync 1 DAGs
[2026-02-01T21:43:46.081+0000] {logging_mixin.py:188} INFO - [2026-02-01T21:43:46.081+0000] {dag.py:3954} INFO - Setting next_dagrun for ml_prediction_pipeline to 2026-01-31 00:00:00+00:00, run_after=2026-02-01 00:00:00+00:00
[2026-02-01T21:43:46.099+0000] {processor.py:183} INFO - Processing /opt/airflow/dags/predict.py took 2.309 seconds
[2026-02-01T21:44:16.584+0000] {processor.py:161} INFO - Started process (PID=36481) to work on /opt/airflow/dags/predict.py
[2026-02-01T21:44:16.585+0000] {processor.py:830} INFO - Processing file /opt/airflow/dags/predict.py for tasks to queue
[2026-02-01T21:44:16.587+0000] {logging_mixin.py:188} INFO - [2026-02-01T21:44:16.587+0000] {dagbag.py:545} INFO - Filling up the DagBag from /opt/airflow/dags/predict.py
[2026-02-01T21:44:19.286+0000] {logging_mixin.py:188} WARNING - /opt/airflow/dags/predict.py:34 RemovedInAirflow3Warning: Function `days_ago` is deprecated and will be removed in Airflow 3.0. You can achieve equivalent behavior with `pendulum.today('UTC').add(days=-N, ...)`
[2026-02-01T21:44:19.288+0000] {logging_mixin.py:188} WARNING - /opt/airflow/dags/predict.py:29 RemovedInAirflow3Warning: Param `schedule_interval` is deprecated and will be removed in a future release. Please use `schedule` instead.
[2026-02-01T21:44:19.294+0000] {processor.py:840} INFO - DAG(s) 'ml_prediction_pipeline' retrieved from /opt/airflow/dags/predict.py
[2026-02-01T21:44:19.317+0000] {logging_mixin.py:188} INFO - [2026-02-01T21:44:19.317+0000] {dag.py:3096} INFO - Sync 1 DAGs
[2026-02-01T21:44:19.337+0000] {logging_mixin.py:188} INFO - [2026-02-01T21:44:19.336+0000] {dag.py:3954} INFO - Setting next_dagrun for ml_prediction_pipeline to 2026-01-31 00:00:00+00:00, run_after=2026-02-01 00:00:00+00:00
[2026-02-01T21:44:19.360+0000] {processor.py:183} INFO - Processing /opt/airflow/dags/predict.py took 2.786 seconds
[2026-02-01T21:44:49.938+0000] {processor.py:161} INFO - Started process (PID=36528) to work on /opt/airflow/dags/predict.py
[2026-02-01T21:44:49.939+0000] {processor.py:830} INFO - Processing file /opt/airflow/dags/predict.py for tasks to queue
[2026-02-01T21:44:49.940+0000] {logging_mixin.py:188} INFO - [2026-02-01T21:44:49.940+0000] {dagbag.py:545} INFO - Filling up the DagBag from /opt/airflow/dags/predict.py
[2026-02-01T21:44:52.502+0000] {logging_mixin.py:188} WARNING - /opt/airflow/dags/predict.py:34 RemovedInAirflow3Warning: Function `days_ago` is deprecated and will be removed in Airflow 3.0. You can achieve equivalent behavior with `pendulum.today('UTC').add(days=-N, ...)`
[2026-02-01T21:44:52.504+0000] {logging_mixin.py:188} WARNING - /opt/airflow/dags/predict.py:29 RemovedInAirflow3Warning: Param `schedule_interval` is deprecated and will be removed in a future release. Please use `schedule` instead.
[2026-02-01T21:44:52.509+0000] {processor.py:840} INFO - DAG(s) 'ml_prediction_pipeline' retrieved from /opt/airflow/dags/predict.py
[2026-02-01T21:44:52.531+0000] {logging_mixin.py:188} INFO - [2026-02-01T21:44:52.530+0000] {dag.py:3096} INFO - Sync 1 DAGs
[2026-02-01T21:44:52.555+0000] {logging_mixin.py:188} INFO - [2026-02-01T21:44:52.554+0000] {dag.py:3954} INFO - Setting next_dagrun for ml_prediction_pipeline to 2026-01-31 00:00:00+00:00, run_after=2026-02-01 00:00:00+00:00
[2026-02-01T21:44:52.575+0000] {processor.py:183} INFO - Processing /opt/airflow/dags/predict.py took 2.643 seconds
[2026-02-01T21:45:23.160+0000] {processor.py:161} INFO - Started process (PID=36575) to work on /opt/airflow/dags/predict.py
[2026-02-01T21:45:23.164+0000] {processor.py:830} INFO - Processing file /opt/airflow/dags/predict.py for tasks to queue
[2026-02-01T21:45:23.166+0000] {logging_mixin.py:188} INFO - [2026-02-01T21:45:23.165+0000] {dagbag.py:545} INFO - Filling up the DagBag from /opt/airflow/dags/predict.py
[2026-02-01T21:45:26.022+0000] {logging_mixin.py:188} WARNING - /opt/airflow/dags/predict.py:34 RemovedInAirflow3Warning: Function `days_ago` is deprecated and will be removed in Airflow 3.0. You can achieve equivalent behavior with `pendulum.today('UTC').add(days=-N, ...)`
[2026-02-01T21:45:26.024+0000] {logging_mixin.py:188} WARNING - /opt/airflow/dags/predict.py:29 RemovedInAirflow3Warning: Param `schedule_interval` is deprecated and will be removed in a future release. Please use `schedule` instead.
[2026-02-01T21:45:26.029+0000] {processor.py:840} INFO - DAG(s) 'ml_prediction_pipeline' retrieved from /opt/airflow/dags/predict.py
[2026-02-01T21:45:26.052+0000] {logging_mixin.py:188} INFO - [2026-02-01T21:45:26.052+0000] {dag.py:3096} INFO - Sync 1 DAGs
[2026-02-01T21:45:26.068+0000] {logging_mixin.py:188} INFO - [2026-02-01T21:45:26.068+0000] {dag.py:3954} INFO - Setting next_dagrun for ml_prediction_pipeline to 2026-01-31 00:00:00+00:00, run_after=2026-02-01 00:00:00+00:00
[2026-02-01T21:45:26.086+0000] {processor.py:183} INFO - Processing /opt/airflow/dags/predict.py took 2.932 seconds
[2026-02-01T21:45:56.175+0000] {processor.py:161} INFO - Started process (PID=36622) to work on /opt/airflow/dags/predict.py
[2026-02-01T21:45:56.176+0000] {processor.py:830} INFO - Processing file /opt/airflow/dags/predict.py for tasks to queue
[2026-02-01T21:45:56.178+0000] {logging_mixin.py:188} INFO - [2026-02-01T21:45:56.177+0000] {dagbag.py:545} INFO - Filling up the DagBag from /opt/airflow/dags/predict.py
[2026-02-01T21:45:59.275+0000] {logging_mixin.py:188} WARNING - /opt/airflow/dags/predict.py:34 RemovedInAirflow3Warning: Function `days_ago` is deprecated and will be removed in Airflow 3.0. You can achieve equivalent behavior with `pendulum.today('UTC').add(days=-N, ...)`
[2026-02-01T21:45:59.278+0000] {logging_mixin.py:188} WARNING - /opt/airflow/dags/predict.py:29 RemovedInAirflow3Warning: Param `schedule_interval` is deprecated and will be removed in a future release. Please use `schedule` instead.
[2026-02-01T21:45:59.289+0000] {processor.py:840} INFO - DAG(s) 'ml_prediction_pipeline' retrieved from /opt/airflow/dags/predict.py
[2026-02-01T21:45:59.443+0000] {logging_mixin.py:188} INFO - [2026-02-01T21:45:59.442+0000] {dag.py:3096} INFO - Sync 1 DAGs
[2026-02-01T21:45:59.476+0000] {logging_mixin.py:188} INFO - [2026-02-01T21:45:59.476+0000] {dag.py:3954} INFO - Setting next_dagrun for ml_prediction_pipeline to 2026-01-31 00:00:00+00:00, run_after=2026-02-01 00:00:00+00:00
[2026-02-01T21:45:59.507+0000] {processor.py:183} INFO - Processing /opt/airflow/dags/predict.py took 3.340 seconds
[2026-02-01T21:46:30.215+0000] {processor.py:161} INFO - Started process (PID=36669) to work on /opt/airflow/dags/predict.py
[2026-02-01T21:46:30.216+0000] {processor.py:830} INFO - Processing file /opt/airflow/dags/predict.py for tasks to queue
[2026-02-01T21:46:30.220+0000] {logging_mixin.py:188} INFO - [2026-02-01T21:46:30.219+0000] {dagbag.py:545} INFO - Filling up the DagBag from /opt/airflow/dags/predict.py
[2026-02-01T21:46:33.685+0000] {logging_mixin.py:188} WARNING - /opt/airflow/dags/predict.py:34 RemovedInAirflow3Warning: Function `days_ago` is deprecated and will be removed in Airflow 3.0. You can achieve equivalent behavior with `pendulum.today('UTC').add(days=-N, ...)`
[2026-02-01T21:46:33.686+0000] {logging_mixin.py:188} WARNING - /opt/airflow/dags/predict.py:29 RemovedInAirflow3Warning: Param `schedule_interval` is deprecated and will be removed in a future release. Please use `schedule` instead.
[2026-02-01T21:46:33.691+0000] {processor.py:840} INFO - DAG(s) 'ml_prediction_pipeline' retrieved from /opt/airflow/dags/predict.py
[2026-02-01T21:46:33.723+0000] {logging_mixin.py:188} INFO - [2026-02-01T21:46:33.722+0000] {dag.py:3096} INFO - Sync 1 DAGs
[2026-02-01T21:46:33.750+0000] {logging_mixin.py:188} INFO - [2026-02-01T21:46:33.749+0000] {dag.py:3954} INFO - Setting next_dagrun for ml_prediction_pipeline to 2026-01-31 00:00:00+00:00, run_after=2026-02-01 00:00:00+00:00
[2026-02-01T21:46:33.777+0000] {processor.py:183} INFO - Processing /opt/airflow/dags/predict.py took 3.573 seconds
[2026-02-01T21:47:03.854+0000] {processor.py:161} INFO - Started process (PID=36716) to work on /opt/airflow/dags/predict.py
[2026-02-01T21:47:03.857+0000] {processor.py:830} INFO - Processing file /opt/airflow/dags/predict.py for tasks to queue
[2026-02-01T21:47:03.859+0000] {logging_mixin.py:188} INFO - [2026-02-01T21:47:03.859+0000] {dagbag.py:545} INFO - Filling up the DagBag from /opt/airflow/dags/predict.py
[2026-02-01T21:47:06.594+0000] {logging_mixin.py:188} WARNING - /opt/airflow/dags/predict.py:34 RemovedInAirflow3Warning: Function `days_ago` is deprecated and will be removed in Airflow 3.0. You can achieve equivalent behavior with `pendulum.today('UTC').add(days=-N, ...)`
[2026-02-01T21:47:06.595+0000] {logging_mixin.py:188} WARNING - /opt/airflow/dags/predict.py:29 RemovedInAirflow3Warning: Param `schedule_interval` is deprecated and will be removed in a future release. Please use `schedule` instead.
[2026-02-01T21:47:06.600+0000] {processor.py:840} INFO - DAG(s) 'ml_prediction_pipeline' retrieved from /opt/airflow/dags/predict.py
[2026-02-01T21:47:06.627+0000] {logging_mixin.py:188} INFO - [2026-02-01T21:47:06.626+0000] {dag.py:3096} INFO - Sync 1 DAGs
[2026-02-01T21:47:06.649+0000] {logging_mixin.py:188} INFO - [2026-02-01T21:47:06.649+0000] {dag.py:3954} INFO - Setting next_dagrun for ml_prediction_pipeline to 2026-01-31 00:00:00+00:00, run_after=2026-02-01 00:00:00+00:00
[2026-02-01T21:47:06.775+0000] {processor.py:183} INFO - Processing /opt/airflow/dags/predict.py took 2.927 seconds
[2026-02-01T21:47:37.612+0000] {processor.py:161} INFO - Started process (PID=36763) to work on /opt/airflow/dags/predict.py
[2026-02-01T21:47:37.613+0000] {processor.py:830} INFO - Processing file /opt/airflow/dags/predict.py for tasks to queue
[2026-02-01T21:47:37.614+0000] {logging_mixin.py:188} INFO - [2026-02-01T21:47:37.614+0000] {dagbag.py:545} INFO - Filling up the DagBag from /opt/airflow/dags/predict.py
[2026-02-01T21:47:40.388+0000] {logging_mixin.py:188} WARNING - /opt/airflow/dags/predict.py:34 RemovedInAirflow3Warning: Function `days_ago` is deprecated and will be removed in Airflow 3.0. You can achieve equivalent behavior with `pendulum.today('UTC').add(days=-N, ...)`
[2026-02-01T21:47:40.390+0000] {logging_mixin.py:188} WARNING - /opt/airflow/dags/predict.py:29 RemovedInAirflow3Warning: Param `schedule_interval` is deprecated and will be removed in a future release. Please use `schedule` instead.
[2026-02-01T21:47:40.397+0000] {processor.py:840} INFO - DAG(s) 'ml_prediction_pipeline' retrieved from /opt/airflow/dags/predict.py
[2026-02-01T21:47:40.420+0000] {logging_mixin.py:188} INFO - [2026-02-01T21:47:40.420+0000] {dag.py:3096} INFO - Sync 1 DAGs
[2026-02-01T21:47:40.438+0000] {logging_mixin.py:188} INFO - [2026-02-01T21:47:40.438+0000] {dag.py:3954} INFO - Setting next_dagrun for ml_prediction_pipeline to 2026-01-31 00:00:00+00:00, run_after=2026-02-01 00:00:00+00:00
[2026-02-01T21:47:40.455+0000] {processor.py:183} INFO - Processing /opt/airflow/dags/predict.py took 2.850 seconds
[2026-02-01T21:48:11.300+0000] {processor.py:161} INFO - Started process (PID=36810) to work on /opt/airflow/dags/predict.py
[2026-02-01T21:48:11.301+0000] {processor.py:830} INFO - Processing file /opt/airflow/dags/predict.py for tasks to queue
[2026-02-01T21:48:11.302+0000] {logging_mixin.py:188} INFO - [2026-02-01T21:48:11.302+0000] {dagbag.py:545} INFO - Filling up the DagBag from /opt/airflow/dags/predict.py
[2026-02-01T21:48:13.928+0000] {logging_mixin.py:188} WARNING - /opt/airflow/dags/predict.py:34 RemovedInAirflow3Warning: Function `days_ago` is deprecated and will be removed in Airflow 3.0. You can achieve equivalent behavior with `pendulum.today('UTC').add(days=-N, ...)`
[2026-02-01T21:48:13.929+0000] {logging_mixin.py:188} WARNING - /opt/airflow/dags/predict.py:29 RemovedInAirflow3Warning: Param `schedule_interval` is deprecated and will be removed in a future release. Please use `schedule` instead.
[2026-02-01T21:48:13.934+0000] {processor.py:840} INFO - DAG(s) 'ml_prediction_pipeline' retrieved from /opt/airflow/dags/predict.py
[2026-02-01T21:48:13.958+0000] {logging_mixin.py:188} INFO - [2026-02-01T21:48:13.957+0000] {dag.py:3096} INFO - Sync 1 DAGs
[2026-02-01T21:48:13.976+0000] {logging_mixin.py:188} INFO - [2026-02-01T21:48:13.976+0000] {dag.py:3954} INFO - Setting next_dagrun for ml_prediction_pipeline to 2026-01-31 00:00:00+00:00, run_after=2026-02-01 00:00:00+00:00
[2026-02-01T21:48:13.993+0000] {processor.py:183} INFO - Processing /opt/airflow/dags/predict.py took 2.697 seconds
[2026-02-01T21:48:44.518+0000] {processor.py:161} INFO - Started process (PID=36857) to work on /opt/airflow/dags/predict.py
[2026-02-01T21:48:44.519+0000] {processor.py:830} INFO - Processing file /opt/airflow/dags/predict.py for tasks to queue
[2026-02-01T21:48:44.521+0000] {logging_mixin.py:188} INFO - [2026-02-01T21:48:44.521+0000] {dagbag.py:545} INFO - Filling up the DagBag from /opt/airflow/dags/predict.py
[2026-02-01T21:48:47.695+0000] {logging_mixin.py:188} WARNING - /opt/airflow/dags/predict.py:34 RemovedInAirflow3Warning: Function `days_ago` is deprecated and will be removed in Airflow 3.0. You can achieve equivalent behavior with `pendulum.today('UTC').add(days=-N, ...)`
[2026-02-01T21:48:47.696+0000] {logging_mixin.py:188} WARNING - /opt/airflow/dags/predict.py:29 RemovedInAirflow3Warning: Param `schedule_interval` is deprecated and will be removed in a future release. Please use `schedule` instead.
[2026-02-01T21:48:47.701+0000] {processor.py:840} INFO - DAG(s) 'ml_prediction_pipeline' retrieved from /opt/airflow/dags/predict.py
[2026-02-01T21:48:47.731+0000] {logging_mixin.py:188} INFO - [2026-02-01T21:48:47.730+0000] {dag.py:3096} INFO - Sync 1 DAGs
[2026-02-01T21:48:47.751+0000] {logging_mixin.py:188} INFO - [2026-02-01T21:48:47.751+0000] {dag.py:3954} INFO - Setting next_dagrun for ml_prediction_pipeline to 2026-01-31 00:00:00+00:00, run_after=2026-02-01 00:00:00+00:00
[2026-02-01T21:48:47.769+0000] {processor.py:183} INFO - Processing /opt/airflow/dags/predict.py took 3.257 seconds
[2026-02-01T21:49:18.003+0000] {processor.py:161} INFO - Started process (PID=36904) to work on /opt/airflow/dags/predict.py
[2026-02-01T21:49:18.003+0000] {processor.py:830} INFO - Processing file /opt/airflow/dags/predict.py for tasks to queue
[2026-02-01T21:49:18.004+0000] {logging_mixin.py:188} INFO - [2026-02-01T21:49:18.004+0000] {dagbag.py:545} INFO - Filling up the DagBag from /opt/airflow/dags/predict.py
[2026-02-01T21:49:20.042+0000] {logging_mixin.py:188} WARNING - /opt/airflow/dags/predict.py:34 RemovedInAirflow3Warning: Function `days_ago` is deprecated and will be removed in Airflow 3.0. You can achieve equivalent behavior with `pendulum.today('UTC').add(days=-N, ...)`
[2026-02-01T21:49:20.043+0000] {logging_mixin.py:188} WARNING - /opt/airflow/dags/predict.py:29 RemovedInAirflow3Warning: Param `schedule_interval` is deprecated and will be removed in a future release. Please use `schedule` instead.
[2026-02-01T21:49:20.048+0000] {processor.py:840} INFO - DAG(s) 'ml_prediction_pipeline' retrieved from /opt/airflow/dags/predict.py
[2026-02-01T21:49:20.167+0000] {logging_mixin.py:188} INFO - [2026-02-01T21:49:20.166+0000] {dag.py:3096} INFO - Sync 1 DAGs
[2026-02-01T21:49:20.187+0000] {logging_mixin.py:188} INFO - [2026-02-01T21:49:20.187+0000] {dag.py:3954} INFO - Setting next_dagrun for ml_prediction_pipeline to 2026-01-31 00:00:00+00:00, run_after=2026-02-01 00:00:00+00:00
[2026-02-01T21:49:20.207+0000] {processor.py:183} INFO - Processing /opt/airflow/dags/predict.py took 2.208 seconds
[2026-02-01T21:49:50.371+0000] {processor.py:161} INFO - Started process (PID=36951) to work on /opt/airflow/dags/predict.py
[2026-02-01T21:49:50.374+0000] {processor.py:830} INFO - Processing file /opt/airflow/dags/predict.py for tasks to queue
[2026-02-01T21:49:50.376+0000] {logging_mixin.py:188} INFO - [2026-02-01T21:49:50.376+0000] {dagbag.py:545} INFO - Filling up the DagBag from /opt/airflow/dags/predict.py
[2026-02-01T21:49:52.873+0000] {logging_mixin.py:188} WARNING - /opt/airflow/dags/predict.py:34 RemovedInAirflow3Warning: Function `days_ago` is deprecated and will be removed in Airflow 3.0. You can achieve equivalent behavior with `pendulum.today('UTC').add(days=-N, ...)`
[2026-02-01T21:49:52.874+0000] {logging_mixin.py:188} WARNING - /opt/airflow/dags/predict.py:29 RemovedInAirflow3Warning: Param `schedule_interval` is deprecated and will be removed in a future release. Please use `schedule` instead.
[2026-02-01T21:49:52.879+0000] {processor.py:840} INFO - DAG(s) 'ml_prediction_pipeline' retrieved from /opt/airflow/dags/predict.py
[2026-02-01T21:49:52.900+0000] {logging_mixin.py:188} INFO - [2026-02-01T21:49:52.899+0000] {dag.py:3096} INFO - Sync 1 DAGs
[2026-02-01T21:49:52.920+0000] {logging_mixin.py:188} INFO - [2026-02-01T21:49:52.919+0000] {dag.py:3954} INFO - Setting next_dagrun for ml_prediction_pipeline to 2026-01-31 00:00:00+00:00, run_after=2026-02-01 00:00:00+00:00
[2026-02-01T21:49:52.942+0000] {processor.py:183} INFO - Processing /opt/airflow/dags/predict.py took 2.576 seconds
[2026-02-01T21:50:23.035+0000] {processor.py:161} INFO - Started process (PID=36998) to work on /opt/airflow/dags/predict.py
[2026-02-01T21:50:23.036+0000] {processor.py:830} INFO - Processing file /opt/airflow/dags/predict.py for tasks to queue
[2026-02-01T21:50:23.038+0000] {logging_mixin.py:188} INFO - [2026-02-01T21:50:23.038+0000] {dagbag.py:545} INFO - Filling up the DagBag from /opt/airflow/dags/predict.py
[2026-02-01T21:50:25.098+0000] {logging_mixin.py:188} WARNING - /opt/airflow/dags/predict.py:34 RemovedInAirflow3Warning: Function `days_ago` is deprecated and will be removed in Airflow 3.0. You can achieve equivalent behavior with `pendulum.today('UTC').add(days=-N, ...)`
[2026-02-01T21:50:25.100+0000] {logging_mixin.py:188} WARNING - /opt/airflow/dags/predict.py:29 RemovedInAirflow3Warning: Param `schedule_interval` is deprecated and will be removed in a future release. Please use `schedule` instead.
[2026-02-01T21:50:25.106+0000] {processor.py:840} INFO - DAG(s) 'ml_prediction_pipeline' retrieved from /opt/airflow/dags/predict.py
[2026-02-01T21:50:25.140+0000] {logging_mixin.py:188} INFO - [2026-02-01T21:50:25.139+0000] {dag.py:3096} INFO - Sync 1 DAGs
[2026-02-01T21:50:25.273+0000] {logging_mixin.py:188} INFO - [2026-02-01T21:50:25.273+0000] {dag.py:3954} INFO - Setting next_dagrun for ml_prediction_pipeline to 2026-01-31 00:00:00+00:00, run_after=2026-02-01 00:00:00+00:00
[2026-02-01T21:50:25.297+0000] {processor.py:183} INFO - Processing /opt/airflow/dags/predict.py took 2.266 seconds
[2026-02-01T21:50:55.740+0000] {processor.py:161} INFO - Started process (PID=37045) to work on /opt/airflow/dags/predict.py
[2026-02-01T21:50:55.742+0000] {processor.py:830} INFO - Processing file /opt/airflow/dags/predict.py for tasks to queue
[2026-02-01T21:50:55.745+0000] {logging_mixin.py:188} INFO - [2026-02-01T21:50:55.744+0000] {dagbag.py:545} INFO - Filling up the DagBag from /opt/airflow/dags/predict.py
[2026-02-01T21:50:58.500+0000] {logging_mixin.py:188} WARNING - /opt/airflow/dags/predict.py:34 RemovedInAirflow3Warning: Function `days_ago` is deprecated and will be removed in Airflow 3.0. You can achieve equivalent behavior with `pendulum.today('UTC').add(days=-N, ...)`
[2026-02-01T21:50:58.501+0000] {logging_mixin.py:188} WARNING - /opt/airflow/dags/predict.py:29 RemovedInAirflow3Warning: Param `schedule_interval` is deprecated and will be removed in a future release. Please use `schedule` instead.
[2026-02-01T21:50:58.506+0000] {processor.py:840} INFO - DAG(s) 'ml_prediction_pipeline' retrieved from /opt/airflow/dags/predict.py
[2026-02-01T21:50:58.530+0000] {logging_mixin.py:188} INFO - [2026-02-01T21:50:58.530+0000] {dag.py:3096} INFO - Sync 1 DAGs
[2026-02-01T21:50:58.550+0000] {logging_mixin.py:188} INFO - [2026-02-01T21:50:58.549+0000] {dag.py:3954} INFO - Setting next_dagrun for ml_prediction_pipeline to 2026-01-31 00:00:00+00:00, run_after=2026-02-01 00:00:00+00:00
[2026-02-01T21:50:58.573+0000] {processor.py:183} INFO - Processing /opt/airflow/dags/predict.py took 2.846 seconds
[2026-02-01T21:51:28.749+0000] {processor.py:161} INFO - Started process (PID=37088) to work on /opt/airflow/dags/predict.py
[2026-02-01T21:51:28.749+0000] {processor.py:830} INFO - Processing file /opt/airflow/dags/predict.py for tasks to queue
[2026-02-01T21:51:28.751+0000] {logging_mixin.py:188} INFO - [2026-02-01T21:51:28.750+0000] {dagbag.py:545} INFO - Filling up the DagBag from /opt/airflow/dags/predict.py
[2026-02-01T21:51:31.138+0000] {logging_mixin.py:188} WARNING - /opt/airflow/dags/predict.py:34 RemovedInAirflow3Warning: Function `days_ago` is deprecated and will be removed in Airflow 3.0. You can achieve equivalent behavior with `pendulum.today('UTC').add(days=-N, ...)`
[2026-02-01T21:51:31.138+0000] {logging_mixin.py:188} WARNING - /opt/airflow/dags/predict.py:29 RemovedInAirflow3Warning: Param `schedule_interval` is deprecated and will be removed in a future release. Please use `schedule` instead.
[2026-02-01T21:51:31.142+0000] {processor.py:840} INFO - DAG(s) 'ml_prediction_pipeline' retrieved from /opt/airflow/dags/predict.py
[2026-02-01T21:51:31.159+0000] {logging_mixin.py:188} INFO - [2026-02-01T21:51:31.159+0000] {dag.py:3096} INFO - Sync 1 DAGs
[2026-02-01T21:51:31.174+0000] {logging_mixin.py:188} INFO - [2026-02-01T21:51:31.174+0000] {dag.py:3954} INFO - Setting next_dagrun for ml_prediction_pipeline to 2026-01-31 00:00:00+00:00, run_after=2026-02-01 00:00:00+00:00
[2026-02-01T21:51:31.191+0000] {processor.py:183} INFO - Processing /opt/airflow/dags/predict.py took 2.447 seconds
[2026-02-01T21:52:01.537+0000] {processor.py:161} INFO - Started process (PID=37122) to work on /opt/airflow/dags/predict.py
[2026-02-01T21:52:01.539+0000] {processor.py:830} INFO - Processing file /opt/airflow/dags/predict.py for tasks to queue
[2026-02-01T21:52:01.540+0000] {logging_mixin.py:188} INFO - [2026-02-01T21:52:01.540+0000] {dagbag.py:545} INFO - Filling up the DagBag from /opt/airflow/dags/predict.py
[2026-02-01T21:52:04.379+0000] {logging_mixin.py:188} WARNING - /opt/airflow/dags/predict.py:34 RemovedInAirflow3Warning: Function `days_ago` is deprecated and will be removed in Airflow 3.0. You can achieve equivalent behavior with `pendulum.today('UTC').add(days=-N, ...)`
[2026-02-01T21:52:04.380+0000] {logging_mixin.py:188} WARNING - /opt/airflow/dags/predict.py:29 RemovedInAirflow3Warning: Param `schedule_interval` is deprecated and will be removed in a future release. Please use `schedule` instead.
[2026-02-01T21:52:04.384+0000] {processor.py:840} INFO - DAG(s) 'ml_prediction_pipeline' retrieved from /opt/airflow/dags/predict.py
[2026-02-01T21:52:04.407+0000] {logging_mixin.py:188} INFO - [2026-02-01T21:52:04.406+0000] {dag.py:3096} INFO - Sync 1 DAGs
[2026-02-01T21:52:04.423+0000] {logging_mixin.py:188} INFO - [2026-02-01T21:52:04.423+0000] {dag.py:3954} INFO - Setting next_dagrun for ml_prediction_pipeline to 2026-01-31 00:00:00+00:00, run_after=2026-02-01 00:00:00+00:00
[2026-02-01T21:52:04.441+0000] {processor.py:183} INFO - Processing /opt/airflow/dags/predict.py took 2.910 seconds
[2026-02-01T21:52:34.581+0000] {processor.py:161} INFO - Started process (PID=37168) to work on /opt/airflow/dags/predict.py
[2026-02-01T21:52:34.581+0000] {processor.py:830} INFO - Processing file /opt/airflow/dags/predict.py for tasks to queue
[2026-02-01T21:52:34.582+0000] {logging_mixin.py:188} INFO - [2026-02-01T21:52:34.582+0000] {dagbag.py:545} INFO - Filling up the DagBag from /opt/airflow/dags/predict.py
[2026-02-01T21:52:38.285+0000] {logging_mixin.py:188} WARNING - /opt/airflow/dags/predict.py:34 RemovedInAirflow3Warning: Function `days_ago` is deprecated and will be removed in Airflow 3.0. You can achieve equivalent behavior with `pendulum.today('UTC').add(days=-N, ...)`
[2026-02-01T21:52:38.286+0000] {logging_mixin.py:188} WARNING - /opt/airflow/dags/predict.py:29 RemovedInAirflow3Warning: Param `schedule_interval` is deprecated and will be removed in a future release. Please use `schedule` instead.
[2026-02-01T21:52:38.292+0000] {processor.py:840} INFO - DAG(s) 'ml_prediction_pipeline' retrieved from /opt/airflow/dags/predict.py
[2026-02-01T21:52:38.422+0000] {logging_mixin.py:188} INFO - [2026-02-01T21:52:38.421+0000] {dag.py:3096} INFO - Sync 1 DAGs
[2026-02-01T21:52:38.446+0000] {logging_mixin.py:188} INFO - [2026-02-01T21:52:38.446+0000] {dag.py:3954} INFO - Setting next_dagrun for ml_prediction_pipeline to 2026-01-31 00:00:00+00:00, run_after=2026-02-01 00:00:00+00:00
[2026-02-01T21:52:38.478+0000] {processor.py:183} INFO - Processing /opt/airflow/dags/predict.py took 3.901 seconds
[2026-02-01T21:53:08.742+0000] {processor.py:161} INFO - Started process (PID=37211) to work on /opt/airflow/dags/predict.py
[2026-02-01T21:53:08.750+0000] {processor.py:830} INFO - Processing file /opt/airflow/dags/predict.py for tasks to queue
[2026-02-01T21:53:08.756+0000] {logging_mixin.py:188} INFO - [2026-02-01T21:53:08.756+0000] {dagbag.py:545} INFO - Filling up the DagBag from /opt/airflow/dags/predict.py
[2026-02-01T21:53:13.130+0000] {logging_mixin.py:188} WARNING - /opt/airflow/dags/predict.py:34 RemovedInAirflow3Warning: Function `days_ago` is deprecated and will be removed in Airflow 3.0. You can achieve equivalent behavior with `pendulum.today('UTC').add(days=-N, ...)`
[2026-02-01T21:53:13.132+0000] {logging_mixin.py:188} WARNING - /opt/airflow/dags/predict.py:29 RemovedInAirflow3Warning: Param `schedule_interval` is deprecated and will be removed in a future release. Please use `schedule` instead.
[2026-02-01T21:53:13.139+0000] {processor.py:840} INFO - DAG(s) 'ml_prediction_pipeline' retrieved from /opt/airflow/dags/predict.py
[2026-02-01T21:53:13.180+0000] {logging_mixin.py:188} INFO - [2026-02-01T21:53:13.179+0000] {dag.py:3096} INFO - Sync 1 DAGs
[2026-02-01T21:53:13.211+0000] {logging_mixin.py:188} INFO - [2026-02-01T21:53:13.210+0000] {dag.py:3954} INFO - Setting next_dagrun for ml_prediction_pipeline to 2026-01-31 00:00:00+00:00, run_after=2026-02-01 00:00:00+00:00
[2026-02-01T21:53:13.248+0000] {processor.py:183} INFO - Processing /opt/airflow/dags/predict.py took 4.542 seconds
[2026-02-01T21:53:43.739+0000] {processor.py:161} INFO - Started process (PID=37258) to work on /opt/airflow/dags/predict.py
[2026-02-01T21:53:43.739+0000] {processor.py:830} INFO - Processing file /opt/airflow/dags/predict.py for tasks to queue
[2026-02-01T21:53:43.741+0000] {logging_mixin.py:188} INFO - [2026-02-01T21:53:43.741+0000] {dagbag.py:545} INFO - Filling up the DagBag from /opt/airflow/dags/predict.py
[2026-02-01T21:53:46.283+0000] {logging_mixin.py:188} WARNING - /opt/airflow/dags/predict.py:34 RemovedInAirflow3Warning: Function `days_ago` is deprecated and will be removed in Airflow 3.0. You can achieve equivalent behavior with `pendulum.today('UTC').add(days=-N, ...)`
[2026-02-01T21:53:46.284+0000] {logging_mixin.py:188} WARNING - /opt/airflow/dags/predict.py:29 RemovedInAirflow3Warning: Param `schedule_interval` is deprecated and will be removed in a future release. Please use `schedule` instead.
[2026-02-01T21:53:46.289+0000] {processor.py:840} INFO - DAG(s) 'ml_prediction_pipeline' retrieved from /opt/airflow/dags/predict.py
[2026-02-01T21:53:46.325+0000] {logging_mixin.py:188} INFO - [2026-02-01T21:53:46.324+0000] {dag.py:3096} INFO - Sync 1 DAGs
[2026-02-01T21:53:46.478+0000] {logging_mixin.py:188} INFO - [2026-02-01T21:53:46.478+0000] {dag.py:3954} INFO - Setting next_dagrun for ml_prediction_pipeline to 2026-01-31 00:00:00+00:00, run_after=2026-02-01 00:00:00+00:00
[2026-02-01T21:53:46.500+0000] {processor.py:183} INFO - Processing /opt/airflow/dags/predict.py took 2.767 seconds
[2026-02-01T21:54:16.936+0000] {processor.py:161} INFO - Started process (PID=37305) to work on /opt/airflow/dags/predict.py
[2026-02-01T21:54:16.940+0000] {processor.py:830} INFO - Processing file /opt/airflow/dags/predict.py for tasks to queue
[2026-02-01T21:54:16.941+0000] {logging_mixin.py:188} INFO - [2026-02-01T21:54:16.941+0000] {dagbag.py:545} INFO - Filling up the DagBag from /opt/airflow/dags/predict.py
[2026-02-01T21:54:19.180+0000] {logging_mixin.py:188} WARNING - /opt/airflow/dags/predict.py:34 RemovedInAirflow3Warning: Function `days_ago` is deprecated and will be removed in Airflow 3.0. You can achieve equivalent behavior with `pendulum.today('UTC').add(days=-N, ...)`
[2026-02-01T21:54:19.183+0000] {logging_mixin.py:188} WARNING - /opt/airflow/dags/predict.py:29 RemovedInAirflow3Warning: Param `schedule_interval` is deprecated and will be removed in a future release. Please use `schedule` instead.
[2026-02-01T21:54:19.187+0000] {processor.py:840} INFO - DAG(s) 'ml_prediction_pipeline' retrieved from /opt/airflow/dags/predict.py
[2026-02-01T21:54:19.204+0000] {logging_mixin.py:188} INFO - [2026-02-01T21:54:19.204+0000] {dag.py:3096} INFO - Sync 1 DAGs
[2026-02-01T21:54:19.219+0000] {logging_mixin.py:188} INFO - [2026-02-01T21:54:19.219+0000] {dag.py:3954} INFO - Setting next_dagrun for ml_prediction_pipeline to 2026-01-31 00:00:00+00:00, run_after=2026-02-01 00:00:00+00:00
[2026-02-01T21:54:19.235+0000] {processor.py:183} INFO - Processing /opt/airflow/dags/predict.py took 2.304 seconds
[2026-02-01T21:54:49.536+0000] {processor.py:161} INFO - Started process (PID=37352) to work on /opt/airflow/dags/predict.py
[2026-02-01T21:54:49.537+0000] {processor.py:830} INFO - Processing file /opt/airflow/dags/predict.py for tasks to queue
[2026-02-01T21:54:49.538+0000] {logging_mixin.py:188} INFO - [2026-02-01T21:54:49.537+0000] {dagbag.py:545} INFO - Filling up the DagBag from /opt/airflow/dags/predict.py
[2026-02-01T21:54:51.513+0000] {logging_mixin.py:188} WARNING - /opt/airflow/dags/predict.py:34 RemovedInAirflow3Warning: Function `days_ago` is deprecated and will be removed in Airflow 3.0. You can achieve equivalent behavior with `pendulum.today('UTC').add(days=-N, ...)`
[2026-02-01T21:54:51.515+0000] {logging_mixin.py:188} WARNING - /opt/airflow/dags/predict.py:29 RemovedInAirflow3Warning: Param `schedule_interval` is deprecated and will be removed in a future release. Please use `schedule` instead.
[2026-02-01T21:54:51.520+0000] {processor.py:840} INFO - DAG(s) 'ml_prediction_pipeline' retrieved from /opt/airflow/dags/predict.py
[2026-02-01T21:54:51.545+0000] {logging_mixin.py:188} INFO - [2026-02-01T21:54:51.544+0000] {dag.py:3096} INFO - Sync 1 DAGs
[2026-02-01T21:54:51.565+0000] {logging_mixin.py:188} INFO - [2026-02-01T21:54:51.564+0000] {dag.py:3954} INFO - Setting next_dagrun for ml_prediction_pipeline to 2026-01-31 00:00:00+00:00, run_after=2026-02-01 00:00:00+00:00
[2026-02-01T21:54:51.583+0000] {processor.py:183} INFO - Processing /opt/airflow/dags/predict.py took 2.051 seconds
[2026-02-01T21:55:21.818+0000] {processor.py:161} INFO - Started process (PID=37399) to work on /opt/airflow/dags/predict.py
[2026-02-01T21:55:21.820+0000] {processor.py:830} INFO - Processing file /opt/airflow/dags/predict.py for tasks to queue
[2026-02-01T21:55:21.822+0000] {logging_mixin.py:188} INFO - [2026-02-01T21:55:21.821+0000] {dagbag.py:545} INFO - Filling up the DagBag from /opt/airflow/dags/predict.py
[2026-02-01T21:55:23.948+0000] {logging_mixin.py:188} WARNING - /opt/airflow/dags/predict.py:34 RemovedInAirflow3Warning: Function `days_ago` is deprecated and will be removed in Airflow 3.0. You can achieve equivalent behavior with `pendulum.today('UTC').add(days=-N, ...)`
[2026-02-01T21:55:23.948+0000] {logging_mixin.py:188} WARNING - /opt/airflow/dags/predict.py:29 RemovedInAirflow3Warning: Param `schedule_interval` is deprecated and will be removed in a future release. Please use `schedule` instead.
[2026-02-01T21:55:23.952+0000] {processor.py:840} INFO - DAG(s) 'ml_prediction_pipeline' retrieved from /opt/airflow/dags/predict.py
[2026-02-01T21:55:23.972+0000] {logging_mixin.py:188} INFO - [2026-02-01T21:55:23.972+0000] {dag.py:3096} INFO - Sync 1 DAGs
[2026-02-01T21:55:23.985+0000] {logging_mixin.py:188} INFO - [2026-02-01T21:55:23.985+0000] {dag.py:3954} INFO - Setting next_dagrun for ml_prediction_pipeline to 2026-01-31 00:00:00+00:00, run_after=2026-02-01 00:00:00+00:00
[2026-02-01T21:55:24.000+0000] {processor.py:183} INFO - Processing /opt/airflow/dags/predict.py took 2.188 seconds
[2026-02-01T21:55:54.678+0000] {processor.py:161} INFO - Started process (PID=37446) to work on /opt/airflow/dags/predict.py
[2026-02-01T21:55:54.679+0000] {processor.py:830} INFO - Processing file /opt/airflow/dags/predict.py for tasks to queue
[2026-02-01T21:55:54.681+0000] {logging_mixin.py:188} INFO - [2026-02-01T21:55:54.680+0000] {dagbag.py:545} INFO - Filling up the DagBag from /opt/airflow/dags/predict.py
[2026-02-01T21:55:56.742+0000] {logging_mixin.py:188} WARNING - /opt/airflow/dags/predict.py:34 RemovedInAirflow3Warning: Function `days_ago` is deprecated and will be removed in Airflow 3.0. You can achieve equivalent behavior with `pendulum.today('UTC').add(days=-N, ...)`
[2026-02-01T21:55:56.743+0000] {logging_mixin.py:188} WARNING - /opt/airflow/dags/predict.py:29 RemovedInAirflow3Warning: Param `schedule_interval` is deprecated and will be removed in a future release. Please use `schedule` instead.
[2026-02-01T21:55:56.749+0000] {processor.py:840} INFO - DAG(s) 'ml_prediction_pipeline' retrieved from /opt/airflow/dags/predict.py
[2026-02-01T21:55:56.855+0000] {logging_mixin.py:188} INFO - [2026-02-01T21:55:56.855+0000] {dag.py:3096} INFO - Sync 1 DAGs
[2026-02-01T21:55:56.871+0000] {logging_mixin.py:188} INFO - [2026-02-01T21:55:56.871+0000] {dag.py:3954} INFO - Setting next_dagrun for ml_prediction_pipeline to 2026-01-31 00:00:00+00:00, run_after=2026-02-01 00:00:00+00:00
[2026-02-01T21:55:56.887+0000] {processor.py:183} INFO - Processing /opt/airflow/dags/predict.py took 2.214 seconds
[2026-02-01T21:56:27.127+0000] {processor.py:161} INFO - Started process (PID=37493) to work on /opt/airflow/dags/predict.py
[2026-02-01T21:56:27.130+0000] {processor.py:830} INFO - Processing file /opt/airflow/dags/predict.py for tasks to queue
[2026-02-01T21:56:27.131+0000] {logging_mixin.py:188} INFO - [2026-02-01T21:56:27.131+0000] {dagbag.py:545} INFO - Filling up the DagBag from /opt/airflow/dags/predict.py
[2026-02-01T21:56:29.220+0000] {logging_mixin.py:188} WARNING - /opt/airflow/dags/predict.py:34 RemovedInAirflow3Warning: Function `days_ago` is deprecated and will be removed in Airflow 3.0. You can achieve equivalent behavior with `pendulum.today('UTC').add(days=-N, ...)`
[2026-02-01T21:56:29.221+0000] {logging_mixin.py:188} WARNING - /opt/airflow/dags/predict.py:29 RemovedInAirflow3Warning: Param `schedule_interval` is deprecated and will be removed in a future release. Please use `schedule` instead.
[2026-02-01T21:56:29.225+0000] {processor.py:840} INFO - DAG(s) 'ml_prediction_pipeline' retrieved from /opt/airflow/dags/predict.py
[2026-02-01T21:56:29.241+0000] {logging_mixin.py:188} INFO - [2026-02-01T21:56:29.240+0000] {dag.py:3096} INFO - Sync 1 DAGs
[2026-02-01T21:56:29.253+0000] {logging_mixin.py:188} INFO - [2026-02-01T21:56:29.253+0000] {dag.py:3954} INFO - Setting next_dagrun for ml_prediction_pipeline to 2026-01-31 00:00:00+00:00, run_after=2026-02-01 00:00:00+00:00
[2026-02-01T21:56:29.273+0000] {processor.py:183} INFO - Processing /opt/airflow/dags/predict.py took 2.151 seconds
[2026-02-01T21:56:59.864+0000] {processor.py:161} INFO - Started process (PID=37540) to work on /opt/airflow/dags/predict.py
[2026-02-01T21:56:59.864+0000] {processor.py:830} INFO - Processing file /opt/airflow/dags/predict.py for tasks to queue
[2026-02-01T21:56:59.866+0000] {logging_mixin.py:188} INFO - [2026-02-01T21:56:59.866+0000] {dagbag.py:545} INFO - Filling up the DagBag from /opt/airflow/dags/predict.py
[2026-02-01T21:57:02.049+0000] {logging_mixin.py:188} WARNING - /opt/airflow/dags/predict.py:34 RemovedInAirflow3Warning: Function `days_ago` is deprecated and will be removed in Airflow 3.0. You can achieve equivalent behavior with `pendulum.today('UTC').add(days=-N, ...)`
[2026-02-01T21:57:02.050+0000] {logging_mixin.py:188} WARNING - /opt/airflow/dags/predict.py:29 RemovedInAirflow3Warning: Param `schedule_interval` is deprecated and will be removed in a future release. Please use `schedule` instead.
[2026-02-01T21:57:02.054+0000] {processor.py:840} INFO - DAG(s) 'ml_prediction_pipeline' retrieved from /opt/airflow/dags/predict.py
[2026-02-01T21:57:02.073+0000] {logging_mixin.py:188} INFO - [2026-02-01T21:57:02.073+0000] {dag.py:3096} INFO - Sync 1 DAGs
[2026-02-01T21:57:02.178+0000] {logging_mixin.py:188} INFO - [2026-02-01T21:57:02.178+0000] {dag.py:3954} INFO - Setting next_dagrun for ml_prediction_pipeline to 2026-01-31 00:00:00+00:00, run_after=2026-02-01 00:00:00+00:00
[2026-02-01T21:57:02.193+0000] {processor.py:183} INFO - Processing /opt/airflow/dags/predict.py took 2.334 seconds
[2026-02-01T21:57:32.727+0000] {processor.py:161} INFO - Started process (PID=37588) to work on /opt/airflow/dags/predict.py
[2026-02-01T21:57:32.729+0000] {processor.py:830} INFO - Processing file /opt/airflow/dags/predict.py for tasks to queue
[2026-02-01T21:57:32.731+0000] {logging_mixin.py:188} INFO - [2026-02-01T21:57:32.730+0000] {dagbag.py:545} INFO - Filling up the DagBag from /opt/airflow/dags/predict.py
[2026-02-01T21:57:34.978+0000] {logging_mixin.py:188} WARNING - /opt/airflow/dags/predict.py:34 RemovedInAirflow3Warning: Function `days_ago` is deprecated and will be removed in Airflow 3.0. You can achieve equivalent behavior with `pendulum.today('UTC').add(days=-N, ...)`
[2026-02-01T21:57:34.980+0000] {logging_mixin.py:188} WARNING - /opt/airflow/dags/predict.py:29 RemovedInAirflow3Warning: Param `schedule_interval` is deprecated and will be removed in a future release. Please use `schedule` instead.
[2026-02-01T21:57:34.985+0000] {processor.py:840} INFO - DAG(s) 'ml_prediction_pipeline' retrieved from /opt/airflow/dags/predict.py
[2026-02-01T21:57:35.003+0000] {logging_mixin.py:188} INFO - [2026-02-01T21:57:35.003+0000] {dag.py:3096} INFO - Sync 1 DAGs
[2026-02-01T21:57:35.018+0000] {logging_mixin.py:188} INFO - [2026-02-01T21:57:35.018+0000] {dag.py:3954} INFO - Setting next_dagrun for ml_prediction_pipeline to 2026-01-31 00:00:00+00:00, run_after=2026-02-01 00:00:00+00:00
[2026-02-01T21:57:35.032+0000] {processor.py:183} INFO - Processing /opt/airflow/dags/predict.py took 2.309 seconds
[2026-02-01T21:58:05.374+0000] {processor.py:161} INFO - Started process (PID=37636) to work on /opt/airflow/dags/predict.py
[2026-02-01T21:58:05.375+0000] {processor.py:830} INFO - Processing file /opt/airflow/dags/predict.py for tasks to queue
[2026-02-01T21:58:05.377+0000] {logging_mixin.py:188} INFO - [2026-02-01T21:58:05.376+0000] {dagbag.py:545} INFO - Filling up the DagBag from /opt/airflow/dags/predict.py
[2026-02-01T21:58:07.639+0000] {logging_mixin.py:188} WARNING - /opt/airflow/dags/predict.py:34 RemovedInAirflow3Warning: Function `days_ago` is deprecated and will be removed in Airflow 3.0. You can achieve equivalent behavior with `pendulum.today('UTC').add(days=-N, ...)`
[2026-02-01T21:58:07.640+0000] {logging_mixin.py:188} WARNING - /opt/airflow/dags/predict.py:29 RemovedInAirflow3Warning: Param `schedule_interval` is deprecated and will be removed in a future release. Please use `schedule` instead.
[2026-02-01T21:58:07.646+0000] {processor.py:840} INFO - DAG(s) 'ml_prediction_pipeline' retrieved from /opt/airflow/dags/predict.py
[2026-02-01T21:58:07.667+0000] {logging_mixin.py:188} INFO - [2026-02-01T21:58:07.667+0000] {dag.py:3096} INFO - Sync 1 DAGs
[2026-02-01T21:58:07.687+0000] {logging_mixin.py:188} INFO - [2026-02-01T21:58:07.686+0000] {dag.py:3954} INFO - Setting next_dagrun for ml_prediction_pipeline to 2026-01-31 00:00:00+00:00, run_after=2026-02-01 00:00:00+00:00
[2026-02-01T21:58:07.704+0000] {processor.py:183} INFO - Processing /opt/airflow/dags/predict.py took 2.334 seconds
[2026-02-01T21:58:38.195+0000] {processor.py:161} INFO - Started process (PID=37683) to work on /opt/airflow/dags/predict.py
[2026-02-01T21:58:38.198+0000] {processor.py:830} INFO - Processing file /opt/airflow/dags/predict.py for tasks to queue
[2026-02-01T21:58:38.199+0000] {logging_mixin.py:188} INFO - [2026-02-01T21:58:38.199+0000] {dagbag.py:545} INFO - Filling up the DagBag from /opt/airflow/dags/predict.py
[2026-02-01T21:58:40.755+0000] {logging_mixin.py:188} WARNING - /opt/airflow/dags/predict.py:34 RemovedInAirflow3Warning: Function `days_ago` is deprecated and will be removed in Airflow 3.0. You can achieve equivalent behavior with `pendulum.today('UTC').add(days=-N, ...)`
[2026-02-01T21:58:40.756+0000] {logging_mixin.py:188} WARNING - /opt/airflow/dags/predict.py:29 RemovedInAirflow3Warning: Param `schedule_interval` is deprecated and will be removed in a future release. Please use `schedule` instead.
[2026-02-01T21:58:40.761+0000] {processor.py:840} INFO - DAG(s) 'ml_prediction_pipeline' retrieved from /opt/airflow/dags/predict.py
[2026-02-01T21:58:40.788+0000] {logging_mixin.py:188} INFO - [2026-02-01T21:58:40.787+0000] {dag.py:3096} INFO - Sync 1 DAGs
[2026-02-01T21:58:40.810+0000] {logging_mixin.py:188} INFO - [2026-02-01T21:58:40.809+0000] {dag.py:3954} INFO - Setting next_dagrun for ml_prediction_pipeline to 2026-01-31 00:00:00+00:00, run_after=2026-02-01 00:00:00+00:00
[2026-02-01T21:58:40.832+0000] {processor.py:183} INFO - Processing /opt/airflow/dags/predict.py took 2.640 seconds
[2026-02-01T21:59:11.142+0000] {processor.py:161} INFO - Started process (PID=37730) to work on /opt/airflow/dags/predict.py
[2026-02-01T21:59:11.143+0000] {processor.py:830} INFO - Processing file /opt/airflow/dags/predict.py for tasks to queue
[2026-02-01T21:59:11.144+0000] {logging_mixin.py:188} INFO - [2026-02-01T21:59:11.144+0000] {dagbag.py:545} INFO - Filling up the DagBag from /opt/airflow/dags/predict.py
[2026-02-01T21:59:13.674+0000] {logging_mixin.py:188} WARNING - /opt/airflow/dags/predict.py:34 RemovedInAirflow3Warning: Function `days_ago` is deprecated and will be removed in Airflow 3.0. You can achieve equivalent behavior with `pendulum.today('UTC').add(days=-N, ...)`
[2026-02-01T21:59:13.675+0000] {logging_mixin.py:188} WARNING - /opt/airflow/dags/predict.py:29 RemovedInAirflow3Warning: Param `schedule_interval` is deprecated and will be removed in a future release. Please use `schedule` instead.
[2026-02-01T21:59:13.682+0000] {processor.py:840} INFO - DAG(s) 'ml_prediction_pipeline' retrieved from /opt/airflow/dags/predict.py
[2026-02-01T21:59:13.821+0000] {logging_mixin.py:188} INFO - [2026-02-01T21:59:13.820+0000] {dag.py:3096} INFO - Sync 1 DAGs
[2026-02-01T21:59:13.843+0000] {logging_mixin.py:188} INFO - [2026-02-01T21:59:13.843+0000] {dag.py:3954} INFO - Setting next_dagrun for ml_prediction_pipeline to 2026-01-31 00:00:00+00:00, run_after=2026-02-01 00:00:00+00:00
[2026-02-01T21:59:13.864+0000] {processor.py:183} INFO - Processing /opt/airflow/dags/predict.py took 2.726 seconds
[2026-02-01T21:59:43.950+0000] {processor.py:161} INFO - Started process (PID=37777) to work on /opt/airflow/dags/predict.py
[2026-02-01T21:59:43.952+0000] {processor.py:830} INFO - Processing file /opt/airflow/dags/predict.py for tasks to queue
[2026-02-01T21:59:43.954+0000] {logging_mixin.py:188} INFO - [2026-02-01T21:59:43.954+0000] {dagbag.py:545} INFO - Filling up the DagBag from /opt/airflow/dags/predict.py
[2026-02-01T21:59:45.788+0000] {logging_mixin.py:188} WARNING - /opt/airflow/dags/predict.py:34 RemovedInAirflow3Warning: Function `days_ago` is deprecated and will be removed in Airflow 3.0. You can achieve equivalent behavior with `pendulum.today('UTC').add(days=-N, ...)`
[2026-02-01T21:59:45.789+0000] {logging_mixin.py:188} WARNING - /opt/airflow/dags/predict.py:29 RemovedInAirflow3Warning: Param `schedule_interval` is deprecated and will be removed in a future release. Please use `schedule` instead.
[2026-02-01T21:59:45.794+0000] {processor.py:840} INFO - DAG(s) 'ml_prediction_pipeline' retrieved from /opt/airflow/dags/predict.py
[2026-02-01T21:59:45.818+0000] {logging_mixin.py:188} INFO - [2026-02-01T21:59:45.817+0000] {dag.py:3096} INFO - Sync 1 DAGs
[2026-02-01T21:59:45.835+0000] {logging_mixin.py:188} INFO - [2026-02-01T21:59:45.835+0000] {dag.py:3954} INFO - Setting next_dagrun for ml_prediction_pipeline to 2026-01-31 00:00:00+00:00, run_after=2026-02-01 00:00:00+00:00
[2026-02-01T21:59:45.856+0000] {processor.py:183} INFO - Processing /opt/airflow/dags/predict.py took 1.910 seconds
[2026-02-01T22:00:16.013+0000] {processor.py:161} INFO - Started process (PID=37824) to work on /opt/airflow/dags/predict.py
[2026-02-01T22:00:16.014+0000] {processor.py:830} INFO - Processing file /opt/airflow/dags/predict.py for tasks to queue
[2026-02-01T22:00:16.016+0000] {logging_mixin.py:188} INFO - [2026-02-01T22:00:16.015+0000] {dagbag.py:545} INFO - Filling up the DagBag from /opt/airflow/dags/predict.py
[2026-02-01T22:00:18.220+0000] {logging_mixin.py:188} WARNING - /opt/airflow/dags/predict.py:34 RemovedInAirflow3Warning: Function `days_ago` is deprecated and will be removed in Airflow 3.0. You can achieve equivalent behavior with `pendulum.today('UTC').add(days=-N, ...)`
[2026-02-01T22:00:18.221+0000] {logging_mixin.py:188} WARNING - /opt/airflow/dags/predict.py:29 RemovedInAirflow3Warning: Param `schedule_interval` is deprecated and will be removed in a future release. Please use `schedule` instead.
[2026-02-01T22:00:18.225+0000] {processor.py:840} INFO - DAG(s) 'ml_prediction_pipeline' retrieved from /opt/airflow/dags/predict.py
[2026-02-01T22:00:18.244+0000] {logging_mixin.py:188} INFO - [2026-02-01T22:00:18.243+0000] {dag.py:3096} INFO - Sync 1 DAGs
[2026-02-01T22:00:18.343+0000] {logging_mixin.py:188} INFO - [2026-02-01T22:00:18.343+0000] {dag.py:3954} INFO - Setting next_dagrun for ml_prediction_pipeline to 2026-01-31 00:00:00+00:00, run_after=2026-02-01 00:00:00+00:00
[2026-02-01T22:00:18.359+0000] {processor.py:183} INFO - Processing /opt/airflow/dags/predict.py took 2.351 seconds
[2026-02-01T22:00:48.863+0000] {processor.py:161} INFO - Started process (PID=37871) to work on /opt/airflow/dags/predict.py
[2026-02-01T22:00:48.865+0000] {processor.py:830} INFO - Processing file /opt/airflow/dags/predict.py for tasks to queue
[2026-02-01T22:00:48.866+0000] {logging_mixin.py:188} INFO - [2026-02-01T22:00:48.866+0000] {dagbag.py:545} INFO - Filling up the DagBag from /opt/airflow/dags/predict.py
[2026-02-01T22:00:50.757+0000] {logging_mixin.py:188} WARNING - /opt/airflow/dags/predict.py:34 RemovedInAirflow3Warning: Function `days_ago` is deprecated and will be removed in Airflow 3.0. You can achieve equivalent behavior with `pendulum.today('UTC').add(days=-N, ...)`
[2026-02-01T22:00:50.758+0000] {logging_mixin.py:188} WARNING - /opt/airflow/dags/predict.py:29 RemovedInAirflow3Warning: Param `schedule_interval` is deprecated and will be removed in a future release. Please use `schedule` instead.
[2026-02-01T22:00:50.761+0000] {processor.py:840} INFO - DAG(s) 'ml_prediction_pipeline' retrieved from /opt/airflow/dags/predict.py
[2026-02-01T22:00:50.780+0000] {logging_mixin.py:188} INFO - [2026-02-01T22:00:50.779+0000] {dag.py:3096} INFO - Sync 1 DAGs
[2026-02-01T22:00:50.796+0000] {logging_mixin.py:188} INFO - [2026-02-01T22:00:50.796+0000] {dag.py:3954} INFO - Setting next_dagrun for ml_prediction_pipeline to 2026-01-31 00:00:00+00:00, run_after=2026-02-01 00:00:00+00:00
[2026-02-01T22:00:50.811+0000] {processor.py:183} INFO - Processing /opt/airflow/dags/predict.py took 1.952 seconds
[2026-02-01T22:01:21.126+0000] {processor.py:161} INFO - Started process (PID=37918) to work on /opt/airflow/dags/predict.py
[2026-02-01T22:01:21.126+0000] {processor.py:830} INFO - Processing file /opt/airflow/dags/predict.py for tasks to queue
[2026-02-01T22:01:21.128+0000] {logging_mixin.py:188} INFO - [2026-02-01T22:01:21.128+0000] {dagbag.py:545} INFO - Filling up the DagBag from /opt/airflow/dags/predict.py
[2026-02-01T22:01:23.831+0000] {logging_mixin.py:188} WARNING - /opt/airflow/dags/predict.py:34 RemovedInAirflow3Warning: Function `days_ago` is deprecated and will be removed in Airflow 3.0. You can achieve equivalent behavior with `pendulum.today('UTC').add(days=-N, ...)`
[2026-02-01T22:01:23.834+0000] {logging_mixin.py:188} WARNING - /opt/airflow/dags/predict.py:29 RemovedInAirflow3Warning: Param `schedule_interval` is deprecated and will be removed in a future release. Please use `schedule` instead.
[2026-02-01T22:01:23.838+0000] {processor.py:840} INFO - DAG(s) 'ml_prediction_pipeline' retrieved from /opt/airflow/dags/predict.py
[2026-02-01T22:01:23.859+0000] {logging_mixin.py:188} INFO - [2026-02-01T22:01:23.859+0000] {dag.py:3096} INFO - Sync 1 DAGs
[2026-02-01T22:01:23.880+0000] {logging_mixin.py:188} INFO - [2026-02-01T22:01:23.880+0000] {dag.py:3954} INFO - Setting next_dagrun for ml_prediction_pipeline to 2026-01-31 00:00:00+00:00, run_after=2026-02-01 00:00:00+00:00
[2026-02-01T22:01:23.898+0000] {processor.py:183} INFO - Processing /opt/airflow/dags/predict.py took 2.780 seconds
[2026-02-01T22:01:54.158+0000] {processor.py:161} INFO - Started process (PID=37965) to work on /opt/airflow/dags/predict.py
[2026-02-01T22:01:54.159+0000] {processor.py:830} INFO - Processing file /opt/airflow/dags/predict.py for tasks to queue
[2026-02-01T22:01:54.160+0000] {logging_mixin.py:188} INFO - [2026-02-01T22:01:54.160+0000] {dagbag.py:545} INFO - Filling up the DagBag from /opt/airflow/dags/predict.py
[2026-02-01T22:01:56.412+0000] {logging_mixin.py:188} WARNING - /opt/airflow/dags/predict.py:34 RemovedInAirflow3Warning: Function `days_ago` is deprecated and will be removed in Airflow 3.0. You can achieve equivalent behavior with `pendulum.today('UTC').add(days=-N, ...)`
[2026-02-01T22:01:56.413+0000] {logging_mixin.py:188} WARNING - /opt/airflow/dags/predict.py:29 RemovedInAirflow3Warning: Param `schedule_interval` is deprecated and will be removed in a future release. Please use `schedule` instead.
[2026-02-01T22:01:56.420+0000] {processor.py:840} INFO - DAG(s) 'ml_prediction_pipeline' retrieved from /opt/airflow/dags/predict.py
[2026-02-01T22:01:56.528+0000] {logging_mixin.py:188} INFO - [2026-02-01T22:01:56.528+0000] {dag.py:3096} INFO - Sync 1 DAGs
[2026-02-01T22:01:56.544+0000] {logging_mixin.py:188} INFO - [2026-02-01T22:01:56.544+0000] {dag.py:3954} INFO - Setting next_dagrun for ml_prediction_pipeline to 2026-01-31 00:00:00+00:00, run_after=2026-02-01 00:00:00+00:00
[2026-02-01T22:01:56.560+0000] {processor.py:183} INFO - Processing /opt/airflow/dags/predict.py took 2.406 seconds
[2026-02-01T22:02:27.208+0000] {processor.py:161} INFO - Started process (PID=38012) to work on /opt/airflow/dags/predict.py
[2026-02-01T22:02:27.212+0000] {processor.py:830} INFO - Processing file /opt/airflow/dags/predict.py for tasks to queue
[2026-02-01T22:02:27.214+0000] {logging_mixin.py:188} INFO - [2026-02-01T22:02:27.214+0000] {dagbag.py:545} INFO - Filling up the DagBag from /opt/airflow/dags/predict.py
[2026-02-01T22:02:30.438+0000] {logging_mixin.py:188} WARNING - /opt/airflow/dags/predict.py:34 RemovedInAirflow3Warning: Function `days_ago` is deprecated and will be removed in Airflow 3.0. You can achieve equivalent behavior with `pendulum.today('UTC').add(days=-N, ...)`
[2026-02-01T22:02:30.439+0000] {logging_mixin.py:188} WARNING - /opt/airflow/dags/predict.py:29 RemovedInAirflow3Warning: Param `schedule_interval` is deprecated and will be removed in a future release. Please use `schedule` instead.
[2026-02-01T22:02:30.445+0000] {processor.py:840} INFO - DAG(s) 'ml_prediction_pipeline' retrieved from /opt/airflow/dags/predict.py
[2026-02-01T22:02:30.476+0000] {logging_mixin.py:188} INFO - [2026-02-01T22:02:30.475+0000] {dag.py:3096} INFO - Sync 1 DAGs
[2026-02-01T22:02:30.498+0000] {logging_mixin.py:188} INFO - [2026-02-01T22:02:30.497+0000] {dag.py:3954} INFO - Setting next_dagrun for ml_prediction_pipeline to 2026-01-31 00:00:00+00:00, run_after=2026-02-01 00:00:00+00:00
[2026-02-01T22:02:30.520+0000] {processor.py:183} INFO - Processing /opt/airflow/dags/predict.py took 3.319 seconds
[2026-02-01T22:03:00.710+0000] {processor.py:161} INFO - Started process (PID=38059) to work on /opt/airflow/dags/predict.py
[2026-02-01T22:03:00.711+0000] {processor.py:830} INFO - Processing file /opt/airflow/dags/predict.py for tasks to queue
[2026-02-01T22:03:00.712+0000] {logging_mixin.py:188} INFO - [2026-02-01T22:03:00.712+0000] {dagbag.py:545} INFO - Filling up the DagBag from /opt/airflow/dags/predict.py
[2026-02-01T22:03:03.174+0000] {logging_mixin.py:188} WARNING - /opt/airflow/dags/predict.py:34 RemovedInAirflow3Warning: Function `days_ago` is deprecated and will be removed in Airflow 3.0. You can achieve equivalent behavior with `pendulum.today('UTC').add(days=-N, ...)`
[2026-02-01T22:03:03.175+0000] {logging_mixin.py:188} WARNING - /opt/airflow/dags/predict.py:29 RemovedInAirflow3Warning: Param `schedule_interval` is deprecated and will be removed in a future release. Please use `schedule` instead.
[2026-02-01T22:03:03.180+0000] {processor.py:840} INFO - DAG(s) 'ml_prediction_pipeline' retrieved from /opt/airflow/dags/predict.py
[2026-02-01T22:03:03.205+0000] {logging_mixin.py:188} INFO - [2026-02-01T22:03:03.204+0000] {dag.py:3096} INFO - Sync 1 DAGs
[2026-02-01T22:03:03.225+0000] {logging_mixin.py:188} INFO - [2026-02-01T22:03:03.224+0000] {dag.py:3954} INFO - Setting next_dagrun for ml_prediction_pipeline to 2026-01-31 00:00:00+00:00, run_after=2026-02-01 00:00:00+00:00
[2026-02-01T22:03:03.341+0000] {processor.py:183} INFO - Processing /opt/airflow/dags/predict.py took 2.635 seconds
[2026-02-01T22:03:33.864+0000] {processor.py:161} INFO - Started process (PID=38101) to work on /opt/airflow/dags/predict.py
[2026-02-01T22:03:33.867+0000] {processor.py:830} INFO - Processing file /opt/airflow/dags/predict.py for tasks to queue
[2026-02-01T22:03:33.870+0000] {logging_mixin.py:188} INFO - [2026-02-01T22:03:33.869+0000] {dagbag.py:545} INFO - Filling up the DagBag from /opt/airflow/dags/predict.py
[2026-02-01T22:03:37.853+0000] {logging_mixin.py:188} WARNING - /opt/airflow/dags/predict.py:34 RemovedInAirflow3Warning: Function `days_ago` is deprecated and will be removed in Airflow 3.0. You can achieve equivalent behavior with `pendulum.today('UTC').add(days=-N, ...)`
[2026-02-01T22:03:37.854+0000] {logging_mixin.py:188} WARNING - /opt/airflow/dags/predict.py:29 RemovedInAirflow3Warning: Param `schedule_interval` is deprecated and will be removed in a future release. Please use `schedule` instead.
[2026-02-01T22:03:37.859+0000] {processor.py:840} INFO - DAG(s) 'ml_prediction_pipeline' retrieved from /opt/airflow/dags/predict.py
[2026-02-01T22:03:37.884+0000] {logging_mixin.py:188} INFO - [2026-02-01T22:03:37.883+0000] {dag.py:3096} INFO - Sync 1 DAGs
[2026-02-01T22:03:37.906+0000] {logging_mixin.py:188} INFO - [2026-02-01T22:03:37.906+0000] {dag.py:3954} INFO - Setting next_dagrun for ml_prediction_pipeline to 2026-01-31 00:00:00+00:00, run_after=2026-02-01 00:00:00+00:00
[2026-02-01T22:03:37.924+0000] {processor.py:183} INFO - Processing /opt/airflow/dags/predict.py took 4.069 seconds
[2026-02-01T22:04:08.742+0000] {processor.py:161} INFO - Started process (PID=38136) to work on /opt/airflow/dags/predict.py
[2026-02-01T22:04:08.743+0000] {processor.py:830} INFO - Processing file /opt/airflow/dags/predict.py for tasks to queue
[2026-02-01T22:04:08.745+0000] {logging_mixin.py:188} INFO - [2026-02-01T22:04:08.744+0000] {dagbag.py:545} INFO - Filling up the DagBag from /opt/airflow/dags/predict.py
[2026-02-01T22:04:11.886+0000] {logging_mixin.py:188} WARNING - /opt/airflow/dags/predict.py:34 RemovedInAirflow3Warning: Function `days_ago` is deprecated and will be removed in Airflow 3.0. You can achieve equivalent behavior with `pendulum.today('UTC').add(days=-N, ...)`
[2026-02-01T22:04:11.889+0000] {logging_mixin.py:188} WARNING - /opt/airflow/dags/predict.py:29 RemovedInAirflow3Warning: Param `schedule_interval` is deprecated and will be removed in a future release. Please use `schedule` instead.
[2026-02-01T22:04:11.897+0000] {processor.py:840} INFO - DAG(s) 'ml_prediction_pipeline' retrieved from /opt/airflow/dags/predict.py
[2026-02-01T22:04:11.922+0000] {logging_mixin.py:188} INFO - [2026-02-01T22:04:11.921+0000] {dag.py:3096} INFO - Sync 1 DAGs
[2026-02-01T22:04:11.941+0000] {logging_mixin.py:188} INFO - [2026-02-01T22:04:11.941+0000] {dag.py:3954} INFO - Setting next_dagrun for ml_prediction_pipeline to 2026-01-31 00:00:00+00:00, run_after=2026-02-01 00:00:00+00:00
[2026-02-01T22:04:11.963+0000] {processor.py:183} INFO - Processing /opt/airflow/dags/predict.py took 3.227 seconds
[2026-02-01T22:04:42.451+0000] {processor.py:161} INFO - Started process (PID=38183) to work on /opt/airflow/dags/predict.py
[2026-02-01T22:04:42.452+0000] {processor.py:830} INFO - Processing file /opt/airflow/dags/predict.py for tasks to queue
[2026-02-01T22:04:42.455+0000] {logging_mixin.py:188} INFO - [2026-02-01T22:04:42.455+0000] {dagbag.py:545} INFO - Filling up the DagBag from /opt/airflow/dags/predict.py
[2026-02-01T22:04:46.272+0000] {logging_mixin.py:188} WARNING - /opt/airflow/dags/predict.py:34 RemovedInAirflow3Warning: Function `days_ago` is deprecated and will be removed in Airflow 3.0. You can achieve equivalent behavior with `pendulum.today('UTC').add(days=-N, ...)`
[2026-02-01T22:04:46.273+0000] {logging_mixin.py:188} WARNING - /opt/airflow/dags/predict.py:29 RemovedInAirflow3Warning: Param `schedule_interval` is deprecated and will be removed in a future release. Please use `schedule` instead.
[2026-02-01T22:04:46.280+0000] {processor.py:840} INFO - DAG(s) 'ml_prediction_pipeline' retrieved from /opt/airflow/dags/predict.py
[2026-02-01T22:04:46.313+0000] {logging_mixin.py:188} INFO - [2026-02-01T22:04:46.312+0000] {dag.py:3096} INFO - Sync 1 DAGs
[2026-02-01T22:04:46.344+0000] {logging_mixin.py:188} INFO - [2026-02-01T22:04:46.343+0000] {dag.py:3954} INFO - Setting next_dagrun for ml_prediction_pipeline to 2026-01-31 00:00:00+00:00, run_after=2026-02-01 00:00:00+00:00
[2026-02-01T22:04:46.372+0000] {processor.py:183} INFO - Processing /opt/airflow/dags/predict.py took 3.930 seconds
[2026-02-01T22:05:16.605+0000] {processor.py:161} INFO - Started process (PID=38227) to work on /opt/airflow/dags/predict.py
[2026-02-01T22:05:16.608+0000] {processor.py:830} INFO - Processing file /opt/airflow/dags/predict.py for tasks to queue
[2026-02-01T22:05:16.610+0000] {logging_mixin.py:188} INFO - [2026-02-01T22:05:16.610+0000] {dagbag.py:545} INFO - Filling up the DagBag from /opt/airflow/dags/predict.py
[2026-02-01T22:05:20.755+0000] {logging_mixin.py:188} WARNING - /opt/airflow/dags/predict.py:34 RemovedInAirflow3Warning: Function `days_ago` is deprecated and will be removed in Airflow 3.0. You can achieve equivalent behavior with `pendulum.today('UTC').add(days=-N, ...)`
[2026-02-01T22:05:20.757+0000] {logging_mixin.py:188} WARNING - /opt/airflow/dags/predict.py:29 RemovedInAirflow3Warning: Param `schedule_interval` is deprecated and will be removed in a future release. Please use `schedule` instead.
[2026-02-01T22:05:20.776+0000] {processor.py:840} INFO - DAG(s) 'ml_prediction_pipeline' retrieved from /opt/airflow/dags/predict.py
[2026-02-01T22:05:20.969+0000] {logging_mixin.py:188} INFO - [2026-02-01T22:05:20.969+0000] {dag.py:3096} INFO - Sync 1 DAGs
[2026-02-01T22:05:21.005+0000] {logging_mixin.py:188} INFO - [2026-02-01T22:05:21.005+0000] {dag.py:3954} INFO - Setting next_dagrun for ml_prediction_pipeline to 2026-01-31 00:00:00+00:00, run_after=2026-02-01 00:00:00+00:00
[2026-02-01T22:05:21.040+0000] {processor.py:183} INFO - Processing /opt/airflow/dags/predict.py took 4.444 seconds
[2026-02-01T22:05:51.414+0000] {processor.py:161} INFO - Started process (PID=38275) to work on /opt/airflow/dags/predict.py
[2026-02-01T22:05:51.415+0000] {processor.py:830} INFO - Processing file /opt/airflow/dags/predict.py for tasks to queue
[2026-02-01T22:05:51.417+0000] {logging_mixin.py:188} INFO - [2026-02-01T22:05:51.417+0000] {dagbag.py:545} INFO - Filling up the DagBag from /opt/airflow/dags/predict.py
[2026-02-01T22:05:54.607+0000] {logging_mixin.py:188} WARNING - /opt/airflow/dags/predict.py:34 RemovedInAirflow3Warning: Function `days_ago` is deprecated and will be removed in Airflow 3.0. You can achieve equivalent behavior with `pendulum.today('UTC').add(days=-N, ...)`
[2026-02-01T22:05:54.611+0000] {logging_mixin.py:188} WARNING - /opt/airflow/dags/predict.py:29 RemovedInAirflow3Warning: Param `schedule_interval` is deprecated and will be removed in a future release. Please use `schedule` instead.
[2026-02-01T22:05:54.622+0000] {processor.py:840} INFO - DAG(s) 'ml_prediction_pipeline' retrieved from /opt/airflow/dags/predict.py
[2026-02-01T22:05:54.667+0000] {logging_mixin.py:188} INFO - [2026-02-01T22:05:54.666+0000] {dag.py:3096} INFO - Sync 1 DAGs
[2026-02-01T22:05:54.698+0000] {logging_mixin.py:188} INFO - [2026-02-01T22:05:54.698+0000] {dag.py:3954} INFO - Setting next_dagrun for ml_prediction_pipeline to 2026-01-31 00:00:00+00:00, run_after=2026-02-01 00:00:00+00:00
[2026-02-01T22:05:54.734+0000] {processor.py:183} INFO - Processing /opt/airflow/dags/predict.py took 3.326 seconds
[2026-02-01T22:06:24.879+0000] {processor.py:161} INFO - Started process (PID=38322) to work on /opt/airflow/dags/predict.py
[2026-02-01T22:06:24.880+0000] {processor.py:830} INFO - Processing file /opt/airflow/dags/predict.py for tasks to queue
[2026-02-01T22:06:24.881+0000] {logging_mixin.py:188} INFO - [2026-02-01T22:06:24.881+0000] {dagbag.py:545} INFO - Filling up the DagBag from /opt/airflow/dags/predict.py
[2026-02-01T22:06:27.429+0000] {logging_mixin.py:188} WARNING - /opt/airflow/dags/predict.py:34 RemovedInAirflow3Warning: Function `days_ago` is deprecated and will be removed in Airflow 3.0. You can achieve equivalent behavior with `pendulum.today('UTC').add(days=-N, ...)`
[2026-02-01T22:06:27.430+0000] {logging_mixin.py:188} WARNING - /opt/airflow/dags/predict.py:29 RemovedInAirflow3Warning: Param `schedule_interval` is deprecated and will be removed in a future release. Please use `schedule` instead.
[2026-02-01T22:06:27.434+0000] {processor.py:840} INFO - DAG(s) 'ml_prediction_pipeline' retrieved from /opt/airflow/dags/predict.py
[2026-02-01T22:06:27.452+0000] {logging_mixin.py:188} INFO - [2026-02-01T22:06:27.452+0000] {dag.py:3096} INFO - Sync 1 DAGs
[2026-02-01T22:06:27.468+0000] {logging_mixin.py:188} INFO - [2026-02-01T22:06:27.467+0000] {dag.py:3954} INFO - Setting next_dagrun for ml_prediction_pipeline to 2026-01-31 00:00:00+00:00, run_after=2026-02-01 00:00:00+00:00
[2026-02-01T22:06:27.483+0000] {processor.py:183} INFO - Processing /opt/airflow/dags/predict.py took 2.608 seconds
[2026-02-01T22:06:58.130+0000] {processor.py:161} INFO - Started process (PID=38369) to work on /opt/airflow/dags/predict.py
[2026-02-01T22:06:58.132+0000] {processor.py:830} INFO - Processing file /opt/airflow/dags/predict.py for tasks to queue
[2026-02-01T22:06:58.133+0000] {logging_mixin.py:188} INFO - [2026-02-01T22:06:58.133+0000] {dagbag.py:545} INFO - Filling up the DagBag from /opt/airflow/dags/predict.py
[2026-02-01T22:07:00.762+0000] {logging_mixin.py:188} WARNING - /opt/airflow/dags/predict.py:34 RemovedInAirflow3Warning: Function `days_ago` is deprecated and will be removed in Airflow 3.0. You can achieve equivalent behavior with `pendulum.today('UTC').add(days=-N, ...)`
[2026-02-01T22:07:00.763+0000] {logging_mixin.py:188} WARNING - /opt/airflow/dags/predict.py:29 RemovedInAirflow3Warning: Param `schedule_interval` is deprecated and will be removed in a future release. Please use `schedule` instead.
[2026-02-01T22:07:00.769+0000] {processor.py:840} INFO - DAG(s) 'ml_prediction_pipeline' retrieved from /opt/airflow/dags/predict.py
[2026-02-01T22:07:00.802+0000] {logging_mixin.py:188} INFO - [2026-02-01T22:07:00.801+0000] {dag.py:3096} INFO - Sync 1 DAGs
[2026-02-01T22:07:00.829+0000] {logging_mixin.py:188} INFO - [2026-02-01T22:07:00.829+0000] {dag.py:3954} INFO - Setting next_dagrun for ml_prediction_pipeline to 2026-01-31 00:00:00+00:00, run_after=2026-02-01 00:00:00+00:00
[2026-02-01T22:07:00.860+0000] {processor.py:183} INFO - Processing /opt/airflow/dags/predict.py took 2.734 seconds
[2026-02-01T22:07:31.009+0000] {processor.py:161} INFO - Started process (PID=38422) to work on /opt/airflow/dags/predict.py
[2026-02-01T22:07:31.009+0000] {processor.py:830} INFO - Processing file /opt/airflow/dags/predict.py for tasks to queue
[2026-02-01T22:07:31.010+0000] {logging_mixin.py:188} INFO - [2026-02-01T22:07:31.010+0000] {dagbag.py:545} INFO - Filling up the DagBag from /opt/airflow/dags/predict.py
[2026-02-01T22:07:33.097+0000] {logging_mixin.py:188} WARNING - /opt/airflow/dags/predict.py:34 RemovedInAirflow3Warning: Function `days_ago` is deprecated and will be removed in Airflow 3.0. You can achieve equivalent behavior with `pendulum.today('UTC').add(days=-N, ...)`
[2026-02-01T22:07:33.099+0000] {logging_mixin.py:188} WARNING - /opt/airflow/dags/predict.py:29 RemovedInAirflow3Warning: Param `schedule_interval` is deprecated and will be removed in a future release. Please use `schedule` instead.
[2026-02-01T22:07:33.105+0000] {processor.py:840} INFO - DAG(s) 'ml_prediction_pipeline' retrieved from /opt/airflow/dags/predict.py
[2026-02-01T22:07:33.125+0000] {logging_mixin.py:188} INFO - [2026-02-01T22:07:33.125+0000] {dag.py:3096} INFO - Sync 1 DAGs
[2026-02-01T22:07:33.143+0000] {logging_mixin.py:188} INFO - [2026-02-01T22:07:33.142+0000] {dag.py:3954} INFO - Setting next_dagrun for ml_prediction_pipeline to 2026-01-31 00:00:00+00:00, run_after=2026-02-01 00:00:00+00:00
[2026-02-01T22:07:33.161+0000] {processor.py:183} INFO - Processing /opt/airflow/dags/predict.py took 2.157 seconds
[2026-02-01T22:08:03.334+0000] {processor.py:161} INFO - Started process (PID=38469) to work on /opt/airflow/dags/predict.py
[2026-02-01T22:08:03.334+0000] {processor.py:830} INFO - Processing file /opt/airflow/dags/predict.py for tasks to queue
[2026-02-01T22:08:03.335+0000] {logging_mixin.py:188} INFO - [2026-02-01T22:08:03.335+0000] {dagbag.py:545} INFO - Filling up the DagBag from /opt/airflow/dags/predict.py
[2026-02-01T22:08:05.169+0000] {logging_mixin.py:188} WARNING - /opt/airflow/dags/predict.py:34 RemovedInAirflow3Warning: Function `days_ago` is deprecated and will be removed in Airflow 3.0. You can achieve equivalent behavior with `pendulum.today('UTC').add(days=-N, ...)`
[2026-02-01T22:08:05.171+0000] {logging_mixin.py:188} WARNING - /opt/airflow/dags/predict.py:29 RemovedInAirflow3Warning: Param `schedule_interval` is deprecated and will be removed in a future release. Please use `schedule` instead.
[2026-02-01T22:08:05.176+0000] {processor.py:840} INFO - DAG(s) 'ml_prediction_pipeline' retrieved from /opt/airflow/dags/predict.py
[2026-02-01T22:08:05.290+0000] {logging_mixin.py:188} INFO - [2026-02-01T22:08:05.290+0000] {dag.py:3096} INFO - Sync 1 DAGs
[2026-02-01T22:08:05.309+0000] {logging_mixin.py:188} INFO - [2026-02-01T22:08:05.309+0000] {dag.py:3954} INFO - Setting next_dagrun for ml_prediction_pipeline to 2026-01-31 00:00:00+00:00, run_after=2026-02-01 00:00:00+00:00
[2026-02-01T22:08:05.328+0000] {processor.py:183} INFO - Processing /opt/airflow/dags/predict.py took 1.998 seconds
[2026-02-01T22:08:36.156+0000] {processor.py:161} INFO - Started process (PID=38516) to work on /opt/airflow/dags/predict.py
[2026-02-01T22:08:36.158+0000] {processor.py:830} INFO - Processing file /opt/airflow/dags/predict.py for tasks to queue
[2026-02-01T22:08:36.159+0000] {logging_mixin.py:188} INFO - [2026-02-01T22:08:36.159+0000] {dagbag.py:545} INFO - Filling up the DagBag from /opt/airflow/dags/predict.py
[2026-02-01T22:08:38.066+0000] {logging_mixin.py:188} WARNING - /opt/airflow/dags/predict.py:34 RemovedInAirflow3Warning: Function `days_ago` is deprecated and will be removed in Airflow 3.0. You can achieve equivalent behavior with `pendulum.today('UTC').add(days=-N, ...)`
[2026-02-01T22:08:38.067+0000] {logging_mixin.py:188} WARNING - /opt/airflow/dags/predict.py:29 RemovedInAirflow3Warning: Param `schedule_interval` is deprecated and will be removed in a future release. Please use `schedule` instead.
[2026-02-01T22:08:38.071+0000] {processor.py:840} INFO - DAG(s) 'ml_prediction_pipeline' retrieved from /opt/airflow/dags/predict.py
[2026-02-01T22:08:38.087+0000] {logging_mixin.py:188} INFO - [2026-02-01T22:08:38.087+0000] {dag.py:3096} INFO - Sync 1 DAGs
[2026-02-01T22:08:38.101+0000] {logging_mixin.py:188} INFO - [2026-02-01T22:08:38.101+0000] {dag.py:3954} INFO - Setting next_dagrun for ml_prediction_pipeline to 2026-01-31 00:00:00+00:00, run_after=2026-02-01 00:00:00+00:00
[2026-02-01T22:08:38.119+0000] {processor.py:183} INFO - Processing /opt/airflow/dags/predict.py took 1.967 seconds
[2026-02-01T22:09:08.999+0000] {processor.py:161} INFO - Started process (PID=38563) to work on /opt/airflow/dags/predict.py
[2026-02-01T22:09:08.999+0000] {processor.py:830} INFO - Processing file /opt/airflow/dags/predict.py for tasks to queue
[2026-02-01T22:09:09.001+0000] {logging_mixin.py:188} INFO - [2026-02-01T22:09:09.000+0000] {dagbag.py:545} INFO - Filling up the DagBag from /opt/airflow/dags/predict.py
[2026-02-01T22:09:10.777+0000] {logging_mixin.py:188} WARNING - /opt/airflow/dags/predict.py:34 RemovedInAirflow3Warning: Function `days_ago` is deprecated and will be removed in Airflow 3.0. You can achieve equivalent behavior with `pendulum.today('UTC').add(days=-N, ...)`
[2026-02-01T22:09:10.777+0000] {logging_mixin.py:188} WARNING - /opt/airflow/dags/predict.py:29 RemovedInAirflow3Warning: Param `schedule_interval` is deprecated and will be removed in a future release. Please use `schedule` instead.
[2026-02-01T22:09:10.782+0000] {processor.py:840} INFO - DAG(s) 'ml_prediction_pipeline' retrieved from /opt/airflow/dags/predict.py
[2026-02-01T22:09:10.805+0000] {logging_mixin.py:188} INFO - [2026-02-01T22:09:10.804+0000] {dag.py:3096} INFO - Sync 1 DAGs
[2026-02-01T22:09:10.821+0000] {logging_mixin.py:188} INFO - [2026-02-01T22:09:10.821+0000] {dag.py:3954} INFO - Setting next_dagrun for ml_prediction_pipeline to 2026-01-31 00:00:00+00:00, run_after=2026-02-01 00:00:00+00:00
[2026-02-01T22:09:10.923+0000] {processor.py:183} INFO - Processing /opt/airflow/dags/predict.py took 1.929 seconds
[2026-02-01T22:09:41.004+0000] {processor.py:161} INFO - Started process (PID=38610) to work on /opt/airflow/dags/predict.py
[2026-02-01T22:09:41.006+0000] {processor.py:830} INFO - Processing file /opt/airflow/dags/predict.py for tasks to queue
[2026-02-01T22:09:41.007+0000] {logging_mixin.py:188} INFO - [2026-02-01T22:09:41.007+0000] {dagbag.py:545} INFO - Filling up the DagBag from /opt/airflow/dags/predict.py
[2026-02-01T22:09:42.993+0000] {logging_mixin.py:188} WARNING - /opt/airflow/dags/predict.py:34 RemovedInAirflow3Warning: Function `days_ago` is deprecated and will be removed in Airflow 3.0. You can achieve equivalent behavior with `pendulum.today('UTC').add(days=-N, ...)`
[2026-02-01T22:09:42.994+0000] {logging_mixin.py:188} WARNING - /opt/airflow/dags/predict.py:29 RemovedInAirflow3Warning: Param `schedule_interval` is deprecated and will be removed in a future release. Please use `schedule` instead.
[2026-02-01T22:09:42.999+0000] {processor.py:840} INFO - DAG(s) 'ml_prediction_pipeline' retrieved from /opt/airflow/dags/predict.py
[2026-02-01T22:09:43.016+0000] {logging_mixin.py:188} INFO - [2026-02-01T22:09:43.016+0000] {dag.py:3096} INFO - Sync 1 DAGs
[2026-02-01T22:09:43.030+0000] {logging_mixin.py:188} INFO - [2026-02-01T22:09:43.030+0000] {dag.py:3954} INFO - Setting next_dagrun for ml_prediction_pipeline to 2026-01-31 00:00:00+00:00, run_after=2026-02-01 00:00:00+00:00
[2026-02-01T22:09:43.046+0000] {processor.py:183} INFO - Processing /opt/airflow/dags/predict.py took 2.047 seconds
[2026-02-01T22:10:13.759+0000] {processor.py:161} INFO - Started process (PID=38657) to work on /opt/airflow/dags/predict.py
[2026-02-01T22:10:13.760+0000] {processor.py:830} INFO - Processing file /opt/airflow/dags/predict.py for tasks to queue
[2026-02-01T22:10:13.761+0000] {logging_mixin.py:188} INFO - [2026-02-01T22:10:13.761+0000] {dagbag.py:545} INFO - Filling up the DagBag from /opt/airflow/dags/predict.py
[2026-02-01T22:10:15.812+0000] {logging_mixin.py:188} WARNING - /opt/airflow/dags/predict.py:34 RemovedInAirflow3Warning: Function `days_ago` is deprecated and will be removed in Airflow 3.0. You can achieve equivalent behavior with `pendulum.today('UTC').add(days=-N, ...)`
[2026-02-01T22:10:15.813+0000] {logging_mixin.py:188} WARNING - /opt/airflow/dags/predict.py:29 RemovedInAirflow3Warning: Param `schedule_interval` is deprecated and will be removed in a future release. Please use `schedule` instead.
[2026-02-01T22:10:15.817+0000] {processor.py:840} INFO - DAG(s) 'ml_prediction_pipeline' retrieved from /opt/airflow/dags/predict.py
[2026-02-01T22:10:15.836+0000] {logging_mixin.py:188} INFO - [2026-02-01T22:10:15.836+0000] {dag.py:3096} INFO - Sync 1 DAGs
[2026-02-01T22:10:15.851+0000] {logging_mixin.py:188} INFO - [2026-02-01T22:10:15.851+0000] {dag.py:3954} INFO - Setting next_dagrun for ml_prediction_pipeline to 2026-01-31 00:00:00+00:00, run_after=2026-02-01 00:00:00+00:00
[2026-02-01T22:10:15.872+0000] {processor.py:183} INFO - Processing /opt/airflow/dags/predict.py took 2.117 seconds
[2026-02-01T22:10:46.116+0000] {processor.py:161} INFO - Started process (PID=38704) to work on /opt/airflow/dags/predict.py
[2026-02-01T22:10:46.118+0000] {processor.py:830} INFO - Processing file /opt/airflow/dags/predict.py for tasks to queue
[2026-02-01T22:10:46.120+0000] {logging_mixin.py:188} INFO - [2026-02-01T22:10:46.120+0000] {dagbag.py:545} INFO - Filling up the DagBag from /opt/airflow/dags/predict.py
[2026-02-01T22:10:48.277+0000] {logging_mixin.py:188} WARNING - /opt/airflow/dags/predict.py:34 RemovedInAirflow3Warning: Function `days_ago` is deprecated and will be removed in Airflow 3.0. You can achieve equivalent behavior with `pendulum.today('UTC').add(days=-N, ...)`
[2026-02-01T22:10:48.278+0000] {logging_mixin.py:188} WARNING - /opt/airflow/dags/predict.py:29 RemovedInAirflow3Warning: Param `schedule_interval` is deprecated and will be removed in a future release. Please use `schedule` instead.
[2026-02-01T22:10:48.282+0000] {processor.py:840} INFO - DAG(s) 'ml_prediction_pipeline' retrieved from /opt/airflow/dags/predict.py
[2026-02-01T22:10:48.305+0000] {logging_mixin.py:188} INFO - [2026-02-01T22:10:48.304+0000] {dag.py:3096} INFO - Sync 1 DAGs
[2026-02-01T22:10:48.320+0000] {logging_mixin.py:188} INFO - [2026-02-01T22:10:48.320+0000] {dag.py:3954} INFO - Setting next_dagrun for ml_prediction_pipeline to 2026-01-31 00:00:00+00:00, run_after=2026-02-01 00:00:00+00:00
[2026-02-01T22:10:48.336+0000] {processor.py:183} INFO - Processing /opt/airflow/dags/predict.py took 2.225 seconds
[2026-02-01T22:11:18.749+0000] {processor.py:161} INFO - Started process (PID=38750) to work on /opt/airflow/dags/predict.py
[2026-02-01T22:11:18.751+0000] {processor.py:830} INFO - Processing file /opt/airflow/dags/predict.py for tasks to queue
[2026-02-01T22:11:18.755+0000] {logging_mixin.py:188} INFO - [2026-02-01T22:11:18.754+0000] {dagbag.py:545} INFO - Filling up the DagBag from /opt/airflow/dags/predict.py
[2026-02-01T22:11:21.400+0000] {logging_mixin.py:188} WARNING - /opt/airflow/dags/predict.py:34 RemovedInAirflow3Warning: Function `days_ago` is deprecated and will be removed in Airflow 3.0. You can achieve equivalent behavior with `pendulum.today('UTC').add(days=-N, ...)`
[2026-02-01T22:11:21.401+0000] {logging_mixin.py:188} WARNING - /opt/airflow/dags/predict.py:29 RemovedInAirflow3Warning: Param `schedule_interval` is deprecated and will be removed in a future release. Please use `schedule` instead.
[2026-02-01T22:11:21.405+0000] {processor.py:840} INFO - DAG(s) 'ml_prediction_pipeline' retrieved from /opt/airflow/dags/predict.py
[2026-02-01T22:11:21.522+0000] {logging_mixin.py:188} INFO - [2026-02-01T22:11:21.522+0000] {dag.py:3096} INFO - Sync 1 DAGs
[2026-02-01T22:11:21.536+0000] {logging_mixin.py:188} INFO - [2026-02-01T22:11:21.535+0000] {dag.py:3954} INFO - Setting next_dagrun for ml_prediction_pipeline to 2026-01-31 00:00:00+00:00, run_after=2026-02-01 00:00:00+00:00
[2026-02-01T22:11:21.550+0000] {processor.py:183} INFO - Processing /opt/airflow/dags/predict.py took 2.810 seconds
[2026-02-01T22:11:51.758+0000] {processor.py:161} INFO - Started process (PID=38797) to work on /opt/airflow/dags/predict.py
[2026-02-01T22:11:51.760+0000] {processor.py:830} INFO - Processing file /opt/airflow/dags/predict.py for tasks to queue
[2026-02-01T22:11:51.762+0000] {logging_mixin.py:188} INFO - [2026-02-01T22:11:51.761+0000] {dagbag.py:545} INFO - Filling up the DagBag from /opt/airflow/dags/predict.py
[2026-02-01T22:11:54.515+0000] {logging_mixin.py:188} WARNING - /opt/airflow/dags/predict.py:34 RemovedInAirflow3Warning: Function `days_ago` is deprecated and will be removed in Airflow 3.0. You can achieve equivalent behavior with `pendulum.today('UTC').add(days=-N, ...)`
[2026-02-01T22:11:54.516+0000] {logging_mixin.py:188} WARNING - /opt/airflow/dags/predict.py:29 RemovedInAirflow3Warning: Param `schedule_interval` is deprecated and will be removed in a future release. Please use `schedule` instead.
[2026-02-01T22:11:54.522+0000] {processor.py:840} INFO - DAG(s) 'ml_prediction_pipeline' retrieved from /opt/airflow/dags/predict.py
[2026-02-01T22:11:54.545+0000] {logging_mixin.py:188} INFO - [2026-02-01T22:11:54.544+0000] {dag.py:3096} INFO - Sync 1 DAGs
[2026-02-01T22:11:54.568+0000] {logging_mixin.py:188} INFO - [2026-02-01T22:11:54.568+0000] {dag.py:3954} INFO - Setting next_dagrun for ml_prediction_pipeline to 2026-01-31 00:00:00+00:00, run_after=2026-02-01 00:00:00+00:00
[2026-02-01T22:11:54.591+0000] {processor.py:183} INFO - Processing /opt/airflow/dags/predict.py took 2.838 seconds
[2026-02-01T22:12:25.047+0000] {processor.py:161} INFO - Started process (PID=38844) to work on /opt/airflow/dags/predict.py
[2026-02-01T22:12:25.048+0000] {processor.py:830} INFO - Processing file /opt/airflow/dags/predict.py for tasks to queue
[2026-02-01T22:12:25.050+0000] {logging_mixin.py:188} INFO - [2026-02-01T22:12:25.049+0000] {dagbag.py:545} INFO - Filling up the DagBag from /opt/airflow/dags/predict.py
[2026-02-01T22:12:27.460+0000] {logging_mixin.py:188} WARNING - /opt/airflow/dags/predict.py:34 RemovedInAirflow3Warning: Function `days_ago` is deprecated and will be removed in Airflow 3.0. You can achieve equivalent behavior with `pendulum.today('UTC').add(days=-N, ...)`
[2026-02-01T22:12:27.461+0000] {logging_mixin.py:188} WARNING - /opt/airflow/dags/predict.py:29 RemovedInAirflow3Warning: Param `schedule_interval` is deprecated and will be removed in a future release. Please use `schedule` instead.
[2026-02-01T22:12:27.467+0000] {processor.py:840} INFO - DAG(s) 'ml_prediction_pipeline' retrieved from /opt/airflow/dags/predict.py
[2026-02-01T22:12:27.493+0000] {logging_mixin.py:188} INFO - [2026-02-01T22:12:27.493+0000] {dag.py:3096} INFO - Sync 1 DAGs
[2026-02-01T22:12:27.514+0000] {logging_mixin.py:188} INFO - [2026-02-01T22:12:27.513+0000] {dag.py:3954} INFO - Setting next_dagrun for ml_prediction_pipeline to 2026-01-31 00:00:00+00:00, run_after=2026-02-01 00:00:00+00:00
[2026-02-01T22:12:27.637+0000] {processor.py:183} INFO - Processing /opt/airflow/dags/predict.py took 2.599 seconds
[2026-02-01T22:12:58.088+0000] {processor.py:161} INFO - Started process (PID=38881) to work on /opt/airflow/dags/predict.py
[2026-02-01T22:12:58.091+0000] {processor.py:830} INFO - Processing file /opt/airflow/dags/predict.py for tasks to queue
[2026-02-01T22:12:58.094+0000] {logging_mixin.py:188} INFO - [2026-02-01T22:12:58.093+0000] {dagbag.py:545} INFO - Filling up the DagBag from /opt/airflow/dags/predict.py
[2026-02-01T22:13:00.831+0000] {logging_mixin.py:188} WARNING - /opt/airflow/dags/predict.py:34 RemovedInAirflow3Warning: Function `days_ago` is deprecated and will be removed in Airflow 3.0. You can achieve equivalent behavior with `pendulum.today('UTC').add(days=-N, ...)`
[2026-02-01T22:13:00.832+0000] {logging_mixin.py:188} WARNING - /opt/airflow/dags/predict.py:29 RemovedInAirflow3Warning: Param `schedule_interval` is deprecated and will be removed in a future release. Please use `schedule` instead.
[2026-02-01T22:13:00.836+0000] {processor.py:840} INFO - DAG(s) 'ml_prediction_pipeline' retrieved from /opt/airflow/dags/predict.py
[2026-02-01T22:13:00.859+0000] {logging_mixin.py:188} INFO - [2026-02-01T22:13:00.859+0000] {dag.py:3096} INFO - Sync 1 DAGs
[2026-02-01T22:13:00.877+0000] {logging_mixin.py:188} INFO - [2026-02-01T22:13:00.877+0000] {dag.py:3954} INFO - Setting next_dagrun for ml_prediction_pipeline to 2026-01-31 00:00:00+00:00, run_after=2026-02-01 00:00:00+00:00
[2026-02-01T22:13:00.892+0000] {processor.py:183} INFO - Processing /opt/airflow/dags/predict.py took 2.808 seconds
[2026-02-01T22:13:30.946+0000] {processor.py:161} INFO - Started process (PID=38928) to work on /opt/airflow/dags/predict.py
[2026-02-01T22:13:30.946+0000] {processor.py:830} INFO - Processing file /opt/airflow/dags/predict.py for tasks to queue
[2026-02-01T22:13:30.948+0000] {logging_mixin.py:188} INFO - [2026-02-01T22:13:30.947+0000] {dagbag.py:545} INFO - Filling up the DagBag from /opt/airflow/dags/predict.py
[2026-02-01T22:13:33.025+0000] {logging_mixin.py:188} WARNING - /opt/airflow/dags/predict.py:34 RemovedInAirflow3Warning: Function `days_ago` is deprecated and will be removed in Airflow 3.0. You can achieve equivalent behavior with `pendulum.today('UTC').add(days=-N, ...)`
[2026-02-01T22:13:33.027+0000] {logging_mixin.py:188} WARNING - /opt/airflow/dags/predict.py:29 RemovedInAirflow3Warning: Param `schedule_interval` is deprecated and will be removed in a future release. Please use `schedule` instead.
[2026-02-01T22:13:33.038+0000] {processor.py:840} INFO - DAG(s) 'ml_prediction_pipeline' retrieved from /opt/airflow/dags/predict.py
[2026-02-01T22:13:33.071+0000] {logging_mixin.py:188} INFO - [2026-02-01T22:13:33.070+0000] {dag.py:3096} INFO - Sync 1 DAGs
[2026-02-01T22:13:33.102+0000] {logging_mixin.py:188} INFO - [2026-02-01T22:13:33.101+0000] {dag.py:3954} INFO - Setting next_dagrun for ml_prediction_pipeline to 2026-01-31 00:00:00+00:00, run_after=2026-02-01 00:00:00+00:00
[2026-02-01T22:13:33.129+0000] {processor.py:183} INFO - Processing /opt/airflow/dags/predict.py took 2.188 seconds
[2026-02-01T22:14:04.590+0000] {processor.py:161} INFO - Started process (PID=38975) to work on /opt/airflow/dags/predict.py
[2026-02-01T22:14:04.593+0000] {processor.py:830} INFO - Processing file /opt/airflow/dags/predict.py for tasks to queue
[2026-02-01T22:14:04.594+0000] {logging_mixin.py:188} INFO - [2026-02-01T22:14:04.594+0000] {dagbag.py:545} INFO - Filling up the DagBag from /opt/airflow/dags/predict.py
[2026-02-01T22:14:07.013+0000] {logging_mixin.py:188} WARNING - /opt/airflow/dags/predict.py:34 RemovedInAirflow3Warning: Function `days_ago` is deprecated and will be removed in Airflow 3.0. You can achieve equivalent behavior with `pendulum.today('UTC').add(days=-N, ...)`
[2026-02-01T22:14:07.014+0000] {logging_mixin.py:188} WARNING - /opt/airflow/dags/predict.py:29 RemovedInAirflow3Warning: Param `schedule_interval` is deprecated and will be removed in a future release. Please use `schedule` instead.
[2026-02-01T22:14:07.019+0000] {processor.py:840} INFO - DAG(s) 'ml_prediction_pipeline' retrieved from /opt/airflow/dags/predict.py
[2026-02-01T22:14:07.041+0000] {logging_mixin.py:188} INFO - [2026-02-01T22:14:07.041+0000] {dag.py:3096} INFO - Sync 1 DAGs
[2026-02-01T22:14:07.058+0000] {logging_mixin.py:188} INFO - [2026-02-01T22:14:07.057+0000] {dag.py:3954} INFO - Setting next_dagrun for ml_prediction_pipeline to 2026-01-31 00:00:00+00:00, run_after=2026-02-01 00:00:00+00:00
[2026-02-01T22:14:07.074+0000] {processor.py:183} INFO - Processing /opt/airflow/dags/predict.py took 2.488 seconds
[2026-02-01T22:14:38.148+0000] {processor.py:161} INFO - Started process (PID=39022) to work on /opt/airflow/dags/predict.py
[2026-02-01T22:14:38.148+0000] {processor.py:830} INFO - Processing file /opt/airflow/dags/predict.py for tasks to queue
[2026-02-01T22:14:38.150+0000] {logging_mixin.py:188} INFO - [2026-02-01T22:14:38.149+0000] {dagbag.py:545} INFO - Filling up the DagBag from /opt/airflow/dags/predict.py
[2026-02-01T22:14:40.621+0000] {logging_mixin.py:188} WARNING - /opt/airflow/dags/predict.py:34 RemovedInAirflow3Warning: Function `days_ago` is deprecated and will be removed in Airflow 3.0. You can achieve equivalent behavior with `pendulum.today('UTC').add(days=-N, ...)`
[2026-02-01T22:14:40.622+0000] {logging_mixin.py:188} WARNING - /opt/airflow/dags/predict.py:29 RemovedInAirflow3Warning: Param `schedule_interval` is deprecated and will be removed in a future release. Please use `schedule` instead.
[2026-02-01T22:14:40.629+0000] {processor.py:840} INFO - DAG(s) 'ml_prediction_pipeline' retrieved from /opt/airflow/dags/predict.py
[2026-02-01T22:14:40.753+0000] {logging_mixin.py:188} INFO - [2026-02-01T22:14:40.753+0000] {dag.py:3096} INFO - Sync 1 DAGs
[2026-02-01T22:14:40.780+0000] {logging_mixin.py:188} INFO - [2026-02-01T22:14:40.780+0000] {dag.py:3954} INFO - Setting next_dagrun for ml_prediction_pipeline to 2026-01-31 00:00:00+00:00, run_after=2026-02-01 00:00:00+00:00
[2026-02-01T22:14:40.800+0000] {processor.py:183} INFO - Processing /opt/airflow/dags/predict.py took 2.658 seconds
[2026-02-01T22:15:11.250+0000] {processor.py:161} INFO - Started process (PID=39069) to work on /opt/airflow/dags/predict.py
[2026-02-01T22:15:11.252+0000] {processor.py:830} INFO - Processing file /opt/airflow/dags/predict.py for tasks to queue
[2026-02-01T22:15:11.254+0000] {logging_mixin.py:188} INFO - [2026-02-01T22:15:11.253+0000] {dagbag.py:545} INFO - Filling up the DagBag from /opt/airflow/dags/predict.py
[2026-02-01T22:15:13.705+0000] {logging_mixin.py:188} WARNING - /opt/airflow/dags/predict.py:34 RemovedInAirflow3Warning: Function `days_ago` is deprecated and will be removed in Airflow 3.0. You can achieve equivalent behavior with `pendulum.today('UTC').add(days=-N, ...)`
[2026-02-01T22:15:13.706+0000] {logging_mixin.py:188} WARNING - /opt/airflow/dags/predict.py:29 RemovedInAirflow3Warning: Param `schedule_interval` is deprecated and will be removed in a future release. Please use `schedule` instead.
[2026-02-01T22:15:13.711+0000] {processor.py:840} INFO - DAG(s) 'ml_prediction_pipeline' retrieved from /opt/airflow/dags/predict.py
[2026-02-01T22:15:13.738+0000] {logging_mixin.py:188} INFO - [2026-02-01T22:15:13.737+0000] {dag.py:3096} INFO - Sync 1 DAGs
[2026-02-01T22:15:13.758+0000] {logging_mixin.py:188} INFO - [2026-02-01T22:15:13.757+0000] {dag.py:3954} INFO - Setting next_dagrun for ml_prediction_pipeline to 2026-01-31 00:00:00+00:00, run_after=2026-02-01 00:00:00+00:00
[2026-02-01T22:15:13.775+0000] {processor.py:183} INFO - Processing /opt/airflow/dags/predict.py took 2.530 seconds
[2026-02-01T22:15:44.257+0000] {processor.py:161} INFO - Started process (PID=39116) to work on /opt/airflow/dags/predict.py
[2026-02-01T22:15:44.258+0000] {processor.py:830} INFO - Processing file /opt/airflow/dags/predict.py for tasks to queue
[2026-02-01T22:15:44.259+0000] {logging_mixin.py:188} INFO - [2026-02-01T22:15:44.259+0000] {dagbag.py:545} INFO - Filling up the DagBag from /opt/airflow/dags/predict.py
[2026-02-01T22:15:46.385+0000] {logging_mixin.py:188} WARNING - /opt/airflow/dags/predict.py:34 RemovedInAirflow3Warning: Function `days_ago` is deprecated and will be removed in Airflow 3.0. You can achieve equivalent behavior with `pendulum.today('UTC').add(days=-N, ...)`
[2026-02-01T22:15:46.386+0000] {logging_mixin.py:188} WARNING - /opt/airflow/dags/predict.py:29 RemovedInAirflow3Warning: Param `schedule_interval` is deprecated and will be removed in a future release. Please use `schedule` instead.
[2026-02-01T22:15:46.395+0000] {processor.py:840} INFO - DAG(s) 'ml_prediction_pipeline' retrieved from /opt/airflow/dags/predict.py
[2026-02-01T22:15:46.426+0000] {logging_mixin.py:188} INFO - [2026-02-01T22:15:46.425+0000] {dag.py:3096} INFO - Sync 1 DAGs
[2026-02-01T22:15:46.452+0000] {logging_mixin.py:188} INFO - [2026-02-01T22:15:46.452+0000] {dag.py:3954} INFO - Setting next_dagrun for ml_prediction_pipeline to 2026-01-31 00:00:00+00:00, run_after=2026-02-01 00:00:00+00:00
[2026-02-01T22:15:46.580+0000] {processor.py:183} INFO - Processing /opt/airflow/dags/predict.py took 2.327 seconds
[2026-02-01T22:16:18.035+0000] {processor.py:161} INFO - Started process (PID=39163) to work on /opt/airflow/dags/predict.py
[2026-02-01T22:16:18.037+0000] {processor.py:830} INFO - Processing file /opt/airflow/dags/predict.py for tasks to queue
[2026-02-01T22:16:18.039+0000] {logging_mixin.py:188} INFO - [2026-02-01T22:16:18.039+0000] {dagbag.py:545} INFO - Filling up the DagBag from /opt/airflow/dags/predict.py
[2026-02-01T22:16:20.445+0000] {logging_mixin.py:188} WARNING - /opt/airflow/dags/predict.py:34 RemovedInAirflow3Warning: Function `days_ago` is deprecated and will be removed in Airflow 3.0. You can achieve equivalent behavior with `pendulum.today('UTC').add(days=-N, ...)`
[2026-02-01T22:16:20.446+0000] {logging_mixin.py:188} WARNING - /opt/airflow/dags/predict.py:29 RemovedInAirflow3Warning: Param `schedule_interval` is deprecated and will be removed in a future release. Please use `schedule` instead.
[2026-02-01T22:16:20.450+0000] {processor.py:840} INFO - DAG(s) 'ml_prediction_pipeline' retrieved from /opt/airflow/dags/predict.py
[2026-02-01T22:16:20.471+0000] {logging_mixin.py:188} INFO - [2026-02-01T22:16:20.471+0000] {dag.py:3096} INFO - Sync 1 DAGs
[2026-02-01T22:16:20.488+0000] {logging_mixin.py:188} INFO - [2026-02-01T22:16:20.487+0000] {dag.py:3954} INFO - Setting next_dagrun for ml_prediction_pipeline to 2026-01-31 00:00:00+00:00, run_after=2026-02-01 00:00:00+00:00
[2026-02-01T22:16:20.505+0000] {processor.py:183} INFO - Processing /opt/airflow/dags/predict.py took 2.475 seconds
[2026-02-01T22:16:50.970+0000] {processor.py:161} INFO - Started process (PID=39210) to work on /opt/airflow/dags/predict.py
[2026-02-01T22:16:50.970+0000] {processor.py:830} INFO - Processing file /opt/airflow/dags/predict.py for tasks to queue
[2026-02-01T22:16:50.972+0000] {logging_mixin.py:188} INFO - [2026-02-01T22:16:50.971+0000] {dagbag.py:545} INFO - Filling up the DagBag from /opt/airflow/dags/predict.py
[2026-02-01T22:16:53.423+0000] {logging_mixin.py:188} WARNING - /opt/airflow/dags/predict.py:34 RemovedInAirflow3Warning: Function `days_ago` is deprecated and will be removed in Airflow 3.0. You can achieve equivalent behavior with `pendulum.today('UTC').add(days=-N, ...)`
[2026-02-01T22:16:53.424+0000] {logging_mixin.py:188} WARNING - /opt/airflow/dags/predict.py:29 RemovedInAirflow3Warning: Param `schedule_interval` is deprecated and will be removed in a future release. Please use `schedule` instead.
[2026-02-01T22:16:53.429+0000] {processor.py:840} INFO - DAG(s) 'ml_prediction_pipeline' retrieved from /opt/airflow/dags/predict.py
[2026-02-01T22:16:53.455+0000] {logging_mixin.py:188} INFO - [2026-02-01T22:16:53.455+0000] {dag.py:3096} INFO - Sync 1 DAGs
[2026-02-01T22:16:53.474+0000] {logging_mixin.py:188} INFO - [2026-02-01T22:16:53.473+0000] {dag.py:3954} INFO - Setting next_dagrun for ml_prediction_pipeline to 2026-01-31 00:00:00+00:00, run_after=2026-02-01 00:00:00+00:00
[2026-02-01T22:16:53.491+0000] {processor.py:183} INFO - Processing /opt/airflow/dags/predict.py took 2.527 seconds
[2026-02-01T22:17:24.980+0000] {processor.py:161} INFO - Started process (PID=39257) to work on /opt/airflow/dags/predict.py
[2026-02-01T22:17:24.981+0000] {processor.py:830} INFO - Processing file /opt/airflow/dags/predict.py for tasks to queue
[2026-02-01T22:17:24.982+0000] {logging_mixin.py:188} INFO - [2026-02-01T22:17:24.982+0000] {dagbag.py:545} INFO - Filling up the DagBag from /opt/airflow/dags/predict.py
[2026-02-01T22:17:27.590+0000] {logging_mixin.py:188} WARNING - /opt/airflow/dags/predict.py:34 RemovedInAirflow3Warning: Function `days_ago` is deprecated and will be removed in Airflow 3.0. You can achieve equivalent behavior with `pendulum.today('UTC').add(days=-N, ...)`
[2026-02-01T22:17:27.592+0000] {logging_mixin.py:188} WARNING - /opt/airflow/dags/predict.py:29 RemovedInAirflow3Warning: Param `schedule_interval` is deprecated and will be removed in a future release. Please use `schedule` instead.
[2026-02-01T22:17:27.602+0000] {processor.py:840} INFO - DAG(s) 'ml_prediction_pipeline' retrieved from /opt/airflow/dags/predict.py
[2026-02-01T22:17:27.639+0000] {logging_mixin.py:188} INFO - [2026-02-01T22:17:27.638+0000] {dag.py:3096} INFO - Sync 1 DAGs
[2026-02-01T22:17:27.668+0000] {logging_mixin.py:188} INFO - [2026-02-01T22:17:27.668+0000] {dag.py:3954} INFO - Setting next_dagrun for ml_prediction_pipeline to 2026-01-31 00:00:00+00:00, run_after=2026-02-01 00:00:00+00:00
[2026-02-01T22:17:27.700+0000] {processor.py:183} INFO - Processing /opt/airflow/dags/predict.py took 2.724 seconds
[2026-02-01T22:17:58.162+0000] {processor.py:161} INFO - Started process (PID=39304) to work on /opt/airflow/dags/predict.py
[2026-02-01T22:17:58.164+0000] {processor.py:830} INFO - Processing file /opt/airflow/dags/predict.py for tasks to queue
[2026-02-01T22:17:58.167+0000] {logging_mixin.py:188} INFO - [2026-02-01T22:17:58.166+0000] {dagbag.py:545} INFO - Filling up the DagBag from /opt/airflow/dags/predict.py
[2026-02-01T22:18:01.563+0000] {logging_mixin.py:188} WARNING - /opt/airflow/dags/predict.py:34 RemovedInAirflow3Warning: Function `days_ago` is deprecated and will be removed in Airflow 3.0. You can achieve equivalent behavior with `pendulum.today('UTC').add(days=-N, ...)`
[2026-02-01T22:18:01.565+0000] {logging_mixin.py:188} WARNING - /opt/airflow/dags/predict.py:29 RemovedInAirflow3Warning: Param `schedule_interval` is deprecated and will be removed in a future release. Please use `schedule` instead.
[2026-02-01T22:18:01.571+0000] {processor.py:840} INFO - DAG(s) 'ml_prediction_pipeline' retrieved from /opt/airflow/dags/predict.py
[2026-02-01T22:18:01.714+0000] {logging_mixin.py:188} INFO - [2026-02-01T22:18:01.714+0000] {dag.py:3096} INFO - Sync 1 DAGs
[2026-02-01T22:18:01.737+0000] {logging_mixin.py:188} INFO - [2026-02-01T22:18:01.736+0000] {dag.py:3954} INFO - Setting next_dagrun for ml_prediction_pipeline to 2026-01-31 00:00:00+00:00, run_after=2026-02-01 00:00:00+00:00
[2026-02-01T22:18:01.760+0000] {processor.py:183} INFO - Processing /opt/airflow/dags/predict.py took 3.614 seconds
[2026-02-01T22:18:32.653+0000] {processor.py:161} INFO - Started process (PID=39355) to work on /opt/airflow/dags/predict.py
[2026-02-01T22:18:32.655+0000] {processor.py:830} INFO - Processing file /opt/airflow/dags/predict.py for tasks to queue
[2026-02-01T22:18:32.657+0000] {logging_mixin.py:188} INFO - [2026-02-01T22:18:32.657+0000] {dagbag.py:545} INFO - Filling up the DagBag from /opt/airflow/dags/predict.py
[2026-02-01T22:18:35.548+0000] {logging_mixin.py:188} WARNING - /opt/airflow/dags/predict.py:34 RemovedInAirflow3Warning: Function `days_ago` is deprecated and will be removed in Airflow 3.0. You can achieve equivalent behavior with `pendulum.today('UTC').add(days=-N, ...)`
[2026-02-01T22:18:35.549+0000] {logging_mixin.py:188} WARNING - /opt/airflow/dags/predict.py:29 RemovedInAirflow3Warning: Param `schedule_interval` is deprecated and will be removed in a future release. Please use `schedule` instead.
[2026-02-01T22:18:35.553+0000] {processor.py:840} INFO - DAG(s) 'ml_prediction_pipeline' retrieved from /opt/airflow/dags/predict.py
[2026-02-01T22:18:35.575+0000] {logging_mixin.py:188} INFO - [2026-02-01T22:18:35.574+0000] {dag.py:3096} INFO - Sync 1 DAGs
[2026-02-01T22:18:35.591+0000] {logging_mixin.py:188} INFO - [2026-02-01T22:18:35.591+0000] {dag.py:3954} INFO - Setting next_dagrun for ml_prediction_pipeline to 2026-01-31 00:00:00+00:00, run_after=2026-02-01 00:00:00+00:00
[2026-02-01T22:18:35.608+0000] {processor.py:183} INFO - Processing /opt/airflow/dags/predict.py took 2.963 seconds
[2026-02-01T22:19:08.493+0000] {processor.py:161} INFO - Started process (PID=39405) to work on /opt/airflow/dags/predict.py
[2026-02-01T22:19:08.494+0000] {processor.py:830} INFO - Processing file /opt/airflow/dags/predict.py for tasks to queue
[2026-02-01T22:19:08.496+0000] {logging_mixin.py:188} INFO - [2026-02-01T22:19:08.495+0000] {dagbag.py:545} INFO - Filling up the DagBag from /opt/airflow/dags/predict.py
[2026-02-01T22:19:11.341+0000] {logging_mixin.py:188} WARNING - /opt/airflow/dags/predict.py:34 RemovedInAirflow3Warning: Function `days_ago` is deprecated and will be removed in Airflow 3.0. You can achieve equivalent behavior with `pendulum.today('UTC').add(days=-N, ...)`
[2026-02-01T22:19:11.342+0000] {logging_mixin.py:188} WARNING - /opt/airflow/dags/predict.py:29 RemovedInAirflow3Warning: Param `schedule_interval` is deprecated and will be removed in a future release. Please use `schedule` instead.
[2026-02-01T22:19:11.348+0000] {processor.py:840} INFO - DAG(s) 'ml_prediction_pipeline' retrieved from /opt/airflow/dags/predict.py
[2026-02-01T22:19:11.372+0000] {logging_mixin.py:188} INFO - [2026-02-01T22:19:11.371+0000] {dag.py:3096} INFO - Sync 1 DAGs
[2026-02-01T22:19:11.502+0000] {logging_mixin.py:188} INFO - [2026-02-01T22:19:11.502+0000] {dag.py:3954} INFO - Setting next_dagrun for ml_prediction_pipeline to 2026-01-31 00:00:00+00:00, run_after=2026-02-01 00:00:00+00:00
[2026-02-01T22:19:11.523+0000] {processor.py:183} INFO - Processing /opt/airflow/dags/predict.py took 3.037 seconds
[2026-02-01T22:19:41.646+0000] {processor.py:161} INFO - Started process (PID=39440) to work on /opt/airflow/dags/predict.py
[2026-02-01T22:19:41.649+0000] {processor.py:830} INFO - Processing file /opt/airflow/dags/predict.py for tasks to queue
[2026-02-01T22:19:41.651+0000] {logging_mixin.py:188} INFO - [2026-02-01T22:19:41.651+0000] {dagbag.py:545} INFO - Filling up the DagBag from /opt/airflow/dags/predict.py
[2026-02-01T22:19:45.137+0000] {logging_mixin.py:188} WARNING - /opt/airflow/dags/predict.py:34 RemovedInAirflow3Warning: Function `days_ago` is deprecated and will be removed in Airflow 3.0. You can achieve equivalent behavior with `pendulum.today('UTC').add(days=-N, ...)`
[2026-02-01T22:19:45.138+0000] {logging_mixin.py:188} WARNING - /opt/airflow/dags/predict.py:29 RemovedInAirflow3Warning: Param `schedule_interval` is deprecated and will be removed in a future release. Please use `schedule` instead.
[2026-02-01T22:19:45.143+0000] {processor.py:840} INFO - DAG(s) 'ml_prediction_pipeline' retrieved from /opt/airflow/dags/predict.py
[2026-02-01T22:19:45.173+0000] {logging_mixin.py:188} INFO - [2026-02-01T22:19:45.173+0000] {dag.py:3096} INFO - Sync 1 DAGs
[2026-02-01T22:19:45.197+0000] {logging_mixin.py:188} INFO - [2026-02-01T22:19:45.197+0000] {dag.py:3954} INFO - Setting next_dagrun for ml_prediction_pipeline to 2026-01-31 00:00:00+00:00, run_after=2026-02-01 00:00:00+00:00
[2026-02-01T22:19:45.224+0000] {processor.py:183} INFO - Processing /opt/airflow/dags/predict.py took 3.585 seconds
[2026-02-01T22:20:15.337+0000] {processor.py:161} INFO - Started process (PID=39483) to work on /opt/airflow/dags/predict.py
[2026-02-01T22:20:15.337+0000] {processor.py:830} INFO - Processing file /opt/airflow/dags/predict.py for tasks to queue
[2026-02-01T22:20:15.339+0000] {logging_mixin.py:188} INFO - [2026-02-01T22:20:15.339+0000] {dagbag.py:545} INFO - Filling up the DagBag from /opt/airflow/dags/predict.py
[2026-02-01T22:20:18.006+0000] {logging_mixin.py:188} WARNING - /opt/airflow/dags/predict.py:34 RemovedInAirflow3Warning: Function `days_ago` is deprecated and will be removed in Airflow 3.0. You can achieve equivalent behavior with `pendulum.today('UTC').add(days=-N, ...)`
[2026-02-01T22:20:18.007+0000] {logging_mixin.py:188} WARNING - /opt/airflow/dags/predict.py:29 RemovedInAirflow3Warning: Param `schedule_interval` is deprecated and will be removed in a future release. Please use `schedule` instead.
[2026-02-01T22:20:18.013+0000] {processor.py:840} INFO - DAG(s) 'ml_prediction_pipeline' retrieved from /opt/airflow/dags/predict.py
[2026-02-01T22:20:18.041+0000] {logging_mixin.py:188} INFO - [2026-02-01T22:20:18.041+0000] {dag.py:3096} INFO - Sync 1 DAGs
[2026-02-01T22:20:18.062+0000] {logging_mixin.py:188} INFO - [2026-02-01T22:20:18.062+0000] {dag.py:3954} INFO - Setting next_dagrun for ml_prediction_pipeline to 2026-01-31 00:00:00+00:00, run_after=2026-02-01 00:00:00+00:00
[2026-02-01T22:20:18.085+0000] {processor.py:183} INFO - Processing /opt/airflow/dags/predict.py took 2.754 seconds
[2026-02-01T22:20:48.699+0000] {processor.py:161} INFO - Started process (PID=39530) to work on /opt/airflow/dags/predict.py
[2026-02-01T22:20:48.702+0000] {processor.py:830} INFO - Processing file /opt/airflow/dags/predict.py for tasks to queue
[2026-02-01T22:20:48.703+0000] {logging_mixin.py:188} INFO - [2026-02-01T22:20:48.703+0000] {dagbag.py:545} INFO - Filling up the DagBag from /opt/airflow/dags/predict.py
[2026-02-01T22:20:51.054+0000] {logging_mixin.py:188} WARNING - /opt/airflow/dags/predict.py:34 RemovedInAirflow3Warning: Function `days_ago` is deprecated and will be removed in Airflow 3.0. You can achieve equivalent behavior with `pendulum.today('UTC').add(days=-N, ...)`
[2026-02-01T22:20:51.055+0000] {logging_mixin.py:188} WARNING - /opt/airflow/dags/predict.py:29 RemovedInAirflow3Warning: Param `schedule_interval` is deprecated and will be removed in a future release. Please use `schedule` instead.
[2026-02-01T22:20:51.060+0000] {processor.py:840} INFO - DAG(s) 'ml_prediction_pipeline' retrieved from /opt/airflow/dags/predict.py
[2026-02-01T22:20:51.085+0000] {logging_mixin.py:188} INFO - [2026-02-01T22:20:51.085+0000] {dag.py:3096} INFO - Sync 1 DAGs
[2026-02-01T22:20:51.111+0000] {logging_mixin.py:188} INFO - [2026-02-01T22:20:51.110+0000] {dag.py:3954} INFO - Setting next_dagrun for ml_prediction_pipeline to 2026-01-31 00:00:00+00:00, run_after=2026-02-01 00:00:00+00:00
[2026-02-01T22:20:51.131+0000] {processor.py:183} INFO - Processing /opt/airflow/dags/predict.py took 2.437 seconds
[2026-02-01T22:21:21.519+0000] {processor.py:161} INFO - Started process (PID=39577) to work on /opt/airflow/dags/predict.py
[2026-02-01T22:21:21.520+0000] {processor.py:830} INFO - Processing file /opt/airflow/dags/predict.py for tasks to queue
[2026-02-01T22:21:21.522+0000] {logging_mixin.py:188} INFO - [2026-02-01T22:21:21.522+0000] {dagbag.py:545} INFO - Filling up the DagBag from /opt/airflow/dags/predict.py
[2026-02-01T22:21:24.127+0000] {logging_mixin.py:188} WARNING - /opt/airflow/dags/predict.py:34 RemovedInAirflow3Warning: Function `days_ago` is deprecated and will be removed in Airflow 3.0. You can achieve equivalent behavior with `pendulum.today('UTC').add(days=-N, ...)`
[2026-02-01T22:21:24.128+0000] {logging_mixin.py:188} WARNING - /opt/airflow/dags/predict.py:29 RemovedInAirflow3Warning: Param `schedule_interval` is deprecated and will be removed in a future release. Please use `schedule` instead.
[2026-02-01T22:21:24.133+0000] {processor.py:840} INFO - DAG(s) 'ml_prediction_pipeline' retrieved from /opt/airflow/dags/predict.py
[2026-02-01T22:21:24.249+0000] {logging_mixin.py:188} INFO - [2026-02-01T22:21:24.249+0000] {dag.py:3096} INFO - Sync 1 DAGs
[2026-02-01T22:21:24.267+0000] {logging_mixin.py:188} INFO - [2026-02-01T22:21:24.267+0000] {dag.py:3954} INFO - Setting next_dagrun for ml_prediction_pipeline to 2026-01-31 00:00:00+00:00, run_after=2026-02-01 00:00:00+00:00
[2026-02-01T22:21:24.284+0000] {processor.py:183} INFO - Processing /opt/airflow/dags/predict.py took 2.772 seconds
[2026-02-01T22:21:54.668+0000] {processor.py:161} INFO - Started process (PID=39624) to work on /opt/airflow/dags/predict.py
[2026-02-01T22:21:54.669+0000] {processor.py:830} INFO - Processing file /opt/airflow/dags/predict.py for tasks to queue
[2026-02-01T22:21:54.671+0000] {logging_mixin.py:188} INFO - [2026-02-01T22:21:54.671+0000] {dagbag.py:545} INFO - Filling up the DagBag from /opt/airflow/dags/predict.py
[2026-02-01T22:21:57.824+0000] {logging_mixin.py:188} WARNING - /opt/airflow/dags/predict.py:34 RemovedInAirflow3Warning: Function `days_ago` is deprecated and will be removed in Airflow 3.0. You can achieve equivalent behavior with `pendulum.today('UTC').add(days=-N, ...)`
[2026-02-01T22:21:57.827+0000] {logging_mixin.py:188} WARNING - /opt/airflow/dags/predict.py:29 RemovedInAirflow3Warning: Param `schedule_interval` is deprecated and will be removed in a future release. Please use `schedule` instead.
[2026-02-01T22:21:57.838+0000] {processor.py:840} INFO - DAG(s) 'ml_prediction_pipeline' retrieved from /opt/airflow/dags/predict.py
[2026-02-01T22:21:57.872+0000] {logging_mixin.py:188} INFO - [2026-02-01T22:21:57.871+0000] {dag.py:3096} INFO - Sync 1 DAGs
[2026-02-01T22:21:57.896+0000] {logging_mixin.py:188} INFO - [2026-02-01T22:21:57.896+0000] {dag.py:3954} INFO - Setting next_dagrun for ml_prediction_pipeline to 2026-01-31 00:00:00+00:00, run_after=2026-02-01 00:00:00+00:00
[2026-02-01T22:21:57.923+0000] {processor.py:183} INFO - Processing /opt/airflow/dags/predict.py took 3.260 seconds
[2026-02-01T22:22:28.475+0000] {processor.py:161} INFO - Started process (PID=39671) to work on /opt/airflow/dags/predict.py
[2026-02-01T22:22:28.476+0000] {processor.py:830} INFO - Processing file /opt/airflow/dags/predict.py for tasks to queue
[2026-02-01T22:22:28.477+0000] {logging_mixin.py:188} INFO - [2026-02-01T22:22:28.477+0000] {dagbag.py:545} INFO - Filling up the DagBag from /opt/airflow/dags/predict.py
[2026-02-01T22:22:30.340+0000] {logging_mixin.py:188} WARNING - /opt/airflow/dags/predict.py:34 RemovedInAirflow3Warning: Function `days_ago` is deprecated and will be removed in Airflow 3.0. You can achieve equivalent behavior with `pendulum.today('UTC').add(days=-N, ...)`
[2026-02-01T22:22:30.341+0000] {logging_mixin.py:188} WARNING - /opt/airflow/dags/predict.py:29 RemovedInAirflow3Warning: Param `schedule_interval` is deprecated and will be removed in a future release. Please use `schedule` instead.
[2026-02-01T22:22:30.345+0000] {processor.py:840} INFO - DAG(s) 'ml_prediction_pipeline' retrieved from /opt/airflow/dags/predict.py
[2026-02-01T22:22:30.366+0000] {logging_mixin.py:188} INFO - [2026-02-01T22:22:30.366+0000] {dag.py:3096} INFO - Sync 1 DAGs
[2026-02-01T22:22:30.463+0000] {logging_mixin.py:188} INFO - [2026-02-01T22:22:30.463+0000] {dag.py:3954} INFO - Setting next_dagrun for ml_prediction_pipeline to 2026-01-31 00:00:00+00:00, run_after=2026-02-01 00:00:00+00:00
[2026-02-01T22:22:30.478+0000] {processor.py:183} INFO - Processing /opt/airflow/dags/predict.py took 2.007 seconds
[2026-02-01T22:23:00.609+0000] {processor.py:161} INFO - Started process (PID=39718) to work on /opt/airflow/dags/predict.py
[2026-02-01T22:23:00.611+0000] {processor.py:830} INFO - Processing file /opt/airflow/dags/predict.py for tasks to queue
[2026-02-01T22:23:00.613+0000] {logging_mixin.py:188} INFO - [2026-02-01T22:23:00.613+0000] {dagbag.py:545} INFO - Filling up the DagBag from /opt/airflow/dags/predict.py
[2026-02-01T22:23:02.714+0000] {logging_mixin.py:188} WARNING - /opt/airflow/dags/predict.py:34 RemovedInAirflow3Warning: Function `days_ago` is deprecated and will be removed in Airflow 3.0. You can achieve equivalent behavior with `pendulum.today('UTC').add(days=-N, ...)`
[2026-02-01T22:23:02.716+0000] {logging_mixin.py:188} WARNING - /opt/airflow/dags/predict.py:29 RemovedInAirflow3Warning: Param `schedule_interval` is deprecated and will be removed in a future release. Please use `schedule` instead.
[2026-02-01T22:23:02.721+0000] {processor.py:840} INFO - DAG(s) 'ml_prediction_pipeline' retrieved from /opt/airflow/dags/predict.py
[2026-02-01T22:23:02.739+0000] {logging_mixin.py:188} INFO - [2026-02-01T22:23:02.739+0000] {dag.py:3096} INFO - Sync 1 DAGs
[2026-02-01T22:23:02.754+0000] {logging_mixin.py:188} INFO - [2026-02-01T22:23:02.754+0000] {dag.py:3954} INFO - Setting next_dagrun for ml_prediction_pipeline to 2026-01-31 00:00:00+00:00, run_after=2026-02-01 00:00:00+00:00
[2026-02-01T22:23:02.772+0000] {processor.py:183} INFO - Processing /opt/airflow/dags/predict.py took 2.167 seconds
[2026-02-01T22:23:33.430+0000] {processor.py:161} INFO - Started process (PID=39765) to work on /opt/airflow/dags/predict.py
[2026-02-01T22:23:33.431+0000] {processor.py:830} INFO - Processing file /opt/airflow/dags/predict.py for tasks to queue
[2026-02-01T22:23:33.432+0000] {logging_mixin.py:188} INFO - [2026-02-01T22:23:33.432+0000] {dagbag.py:545} INFO - Filling up the DagBag from /opt/airflow/dags/predict.py
[2026-02-01T22:23:35.278+0000] {logging_mixin.py:188} WARNING - /opt/airflow/dags/predict.py:34 RemovedInAirflow3Warning: Function `days_ago` is deprecated and will be removed in Airflow 3.0. You can achieve equivalent behavior with `pendulum.today('UTC').add(days=-N, ...)`
[2026-02-01T22:23:35.279+0000] {logging_mixin.py:188} WARNING - /opt/airflow/dags/predict.py:29 RemovedInAirflow3Warning: Param `schedule_interval` is deprecated and will be removed in a future release. Please use `schedule` instead.
[2026-02-01T22:23:35.285+0000] {processor.py:840} INFO - DAG(s) 'ml_prediction_pipeline' retrieved from /opt/airflow/dags/predict.py
[2026-02-01T22:23:35.307+0000] {logging_mixin.py:188} INFO - [2026-02-01T22:23:35.307+0000] {dag.py:3096} INFO - Sync 1 DAGs
[2026-02-01T22:23:35.324+0000] {logging_mixin.py:188} INFO - [2026-02-01T22:23:35.323+0000] {dag.py:3954} INFO - Setting next_dagrun for ml_prediction_pipeline to 2026-01-31 00:00:00+00:00, run_after=2026-02-01 00:00:00+00:00
[2026-02-01T22:23:35.345+0000] {processor.py:183} INFO - Processing /opt/airflow/dags/predict.py took 1.919 seconds
[2026-02-01T22:24:05.414+0000] {processor.py:161} INFO - Started process (PID=39810) to work on /opt/airflow/dags/predict.py
[2026-02-01T22:24:05.417+0000] {processor.py:830} INFO - Processing file /opt/airflow/dags/predict.py for tasks to queue
[2026-02-01T22:24:05.419+0000] {logging_mixin.py:188} INFO - [2026-02-01T22:24:05.419+0000] {dagbag.py:545} INFO - Filling up the DagBag from /opt/airflow/dags/predict.py
[2026-02-01T22:24:07.470+0000] {logging_mixin.py:188} WARNING - /opt/airflow/dags/predict.py:34 RemovedInAirflow3Warning: Function `days_ago` is deprecated and will be removed in Airflow 3.0. You can achieve equivalent behavior with `pendulum.today('UTC').add(days=-N, ...)`
[2026-02-01T22:24:07.471+0000] {logging_mixin.py:188} WARNING - /opt/airflow/dags/predict.py:29 RemovedInAirflow3Warning: Param `schedule_interval` is deprecated and will be removed in a future release. Please use `schedule` instead.
[2026-02-01T22:24:07.475+0000] {processor.py:840} INFO - DAG(s) 'ml_prediction_pipeline' retrieved from /opt/airflow/dags/predict.py
[2026-02-01T22:24:07.579+0000] {logging_mixin.py:188} INFO - [2026-02-01T22:24:07.579+0000] {dag.py:3096} INFO - Sync 1 DAGs
[2026-02-01T22:24:07.595+0000] {logging_mixin.py:188} INFO - [2026-02-01T22:24:07.594+0000] {dag.py:3954} INFO - Setting next_dagrun for ml_prediction_pipeline to 2026-01-31 00:00:00+00:00, run_after=2026-02-01 00:00:00+00:00
[2026-02-01T22:24:07.613+0000] {processor.py:183} INFO - Processing /opt/airflow/dags/predict.py took 2.203 seconds
[2026-02-01T22:24:38.226+0000] {processor.py:161} INFO - Started process (PID=39853) to work on /opt/airflow/dags/predict.py
[2026-02-01T22:24:38.227+0000] {processor.py:830} INFO - Processing file /opt/airflow/dags/predict.py for tasks to queue
[2026-02-01T22:24:38.229+0000] {logging_mixin.py:188} INFO - [2026-02-01T22:24:38.228+0000] {dagbag.py:545} INFO - Filling up the DagBag from /opt/airflow/dags/predict.py
[2026-02-01T22:24:40.624+0000] {logging_mixin.py:188} WARNING - /opt/airflow/dags/predict.py:34 RemovedInAirflow3Warning: Function `days_ago` is deprecated and will be removed in Airflow 3.0. You can achieve equivalent behavior with `pendulum.today('UTC').add(days=-N, ...)`
[2026-02-01T22:24:40.625+0000] {logging_mixin.py:188} WARNING - /opt/airflow/dags/predict.py:29 RemovedInAirflow3Warning: Param `schedule_interval` is deprecated and will be removed in a future release. Please use `schedule` instead.
[2026-02-01T22:24:40.630+0000] {processor.py:840} INFO - DAG(s) 'ml_prediction_pipeline' retrieved from /opt/airflow/dags/predict.py
[2026-02-01T22:24:40.658+0000] {logging_mixin.py:188} INFO - [2026-02-01T22:24:40.658+0000] {dag.py:3096} INFO - Sync 1 DAGs
[2026-02-01T22:24:40.676+0000] {logging_mixin.py:188} INFO - [2026-02-01T22:24:40.675+0000] {dag.py:3954} INFO - Setting next_dagrun for ml_prediction_pipeline to 2026-01-31 00:00:00+00:00, run_after=2026-02-01 00:00:00+00:00
[2026-02-01T22:24:40.698+0000] {processor.py:183} INFO - Processing /opt/airflow/dags/predict.py took 2.478 seconds
[2026-02-01T22:25:11.433+0000] {processor.py:161} INFO - Started process (PID=39900) to work on /opt/airflow/dags/predict.py
[2026-02-01T22:25:11.437+0000] {processor.py:830} INFO - Processing file /opt/airflow/dags/predict.py for tasks to queue
[2026-02-01T22:25:11.439+0000] {logging_mixin.py:188} INFO - [2026-02-01T22:25:11.439+0000] {dagbag.py:545} INFO - Filling up the DagBag from /opt/airflow/dags/predict.py
[2026-02-01T22:25:13.809+0000] {logging_mixin.py:188} WARNING - /opt/airflow/dags/predict.py:34 RemovedInAirflow3Warning: Function `days_ago` is deprecated and will be removed in Airflow 3.0. You can achieve equivalent behavior with `pendulum.today('UTC').add(days=-N, ...)`
[2026-02-01T22:25:13.810+0000] {logging_mixin.py:188} WARNING - /opt/airflow/dags/predict.py:29 RemovedInAirflow3Warning: Param `schedule_interval` is deprecated and will be removed in a future release. Please use `schedule` instead.
[2026-02-01T22:25:13.817+0000] {processor.py:840} INFO - DAG(s) 'ml_prediction_pipeline' retrieved from /opt/airflow/dags/predict.py
[2026-02-01T22:25:13.840+0000] {logging_mixin.py:188} INFO - [2026-02-01T22:25:13.840+0000] {dag.py:3096} INFO - Sync 1 DAGs
[2026-02-01T22:25:13.855+0000] {logging_mixin.py:188} INFO - [2026-02-01T22:25:13.855+0000] {dag.py:3954} INFO - Setting next_dagrun for ml_prediction_pipeline to 2026-01-31 00:00:00+00:00, run_after=2026-02-01 00:00:00+00:00
[2026-02-01T22:25:13.961+0000] {processor.py:183} INFO - Processing /opt/airflow/dags/predict.py took 2.539 seconds
[2026-02-01T22:25:44.659+0000] {processor.py:161} INFO - Started process (PID=39947) to work on /opt/airflow/dags/predict.py
[2026-02-01T22:25:44.660+0000] {processor.py:830} INFO - Processing file /opt/airflow/dags/predict.py for tasks to queue
[2026-02-01T22:25:44.661+0000] {logging_mixin.py:188} INFO - [2026-02-01T22:25:44.661+0000] {dagbag.py:545} INFO - Filling up the DagBag from /opt/airflow/dags/predict.py
[2026-02-01T22:25:47.116+0000] {logging_mixin.py:188} WARNING - /opt/airflow/dags/predict.py:34 RemovedInAirflow3Warning: Function `days_ago` is deprecated and will be removed in Airflow 3.0. You can achieve equivalent behavior with `pendulum.today('UTC').add(days=-N, ...)`
[2026-02-01T22:25:47.118+0000] {logging_mixin.py:188} WARNING - /opt/airflow/dags/predict.py:29 RemovedInAirflow3Warning: Param `schedule_interval` is deprecated and will be removed in a future release. Please use `schedule` instead.
[2026-02-01T22:25:47.122+0000] {processor.py:840} INFO - DAG(s) 'ml_prediction_pipeline' retrieved from /opt/airflow/dags/predict.py
[2026-02-01T22:25:47.139+0000] {logging_mixin.py:188} INFO - [2026-02-01T22:25:47.139+0000] {dag.py:3096} INFO - Sync 1 DAGs
[2026-02-01T22:25:47.154+0000] {logging_mixin.py:188} INFO - [2026-02-01T22:25:47.154+0000] {dag.py:3954} INFO - Setting next_dagrun for ml_prediction_pipeline to 2026-01-31 00:00:00+00:00, run_after=2026-02-01 00:00:00+00:00
[2026-02-01T22:25:47.172+0000] {processor.py:183} INFO - Processing /opt/airflow/dags/predict.py took 2.517 seconds
[2026-02-01T22:26:17.944+0000] {processor.py:161} INFO - Started process (PID=39993) to work on /opt/airflow/dags/predict.py
[2026-02-01T22:26:17.944+0000] {processor.py:830} INFO - Processing file /opt/airflow/dags/predict.py for tasks to queue
[2026-02-01T22:26:17.946+0000] {logging_mixin.py:188} INFO - [2026-02-01T22:26:17.945+0000] {dagbag.py:545} INFO - Filling up the DagBag from /opt/airflow/dags/predict.py
[2026-02-01T22:26:21.418+0000] {logging_mixin.py:188} WARNING - /opt/airflow/dags/predict.py:34 RemovedInAirflow3Warning: Function `days_ago` is deprecated and will be removed in Airflow 3.0. You can achieve equivalent behavior with `pendulum.today('UTC').add(days=-N, ...)`
[2026-02-01T22:26:21.421+0000] {logging_mixin.py:188} WARNING - /opt/airflow/dags/predict.py:29 RemovedInAirflow3Warning: Param `schedule_interval` is deprecated and will be removed in a future release. Please use `schedule` instead.
[2026-02-01T22:26:21.426+0000] {processor.py:840} INFO - DAG(s) 'ml_prediction_pipeline' retrieved from /opt/airflow/dags/predict.py
[2026-02-01T22:26:21.455+0000] {logging_mixin.py:188} INFO - [2026-02-01T22:26:21.455+0000] {dag.py:3096} INFO - Sync 1 DAGs
[2026-02-01T22:26:21.475+0000] {logging_mixin.py:188} INFO - [2026-02-01T22:26:21.475+0000] {dag.py:3954} INFO - Setting next_dagrun for ml_prediction_pipeline to 2026-01-31 00:00:00+00:00, run_after=2026-02-01 00:00:00+00:00
[2026-02-01T22:26:21.492+0000] {processor.py:183} INFO - Processing /opt/airflow/dags/predict.py took 3.554 seconds
[2026-02-01T22:26:51.964+0000] {processor.py:161} INFO - Started process (PID=40050) to work on /opt/airflow/dags/predict.py
[2026-02-01T22:26:51.966+0000] {processor.py:830} INFO - Processing file /opt/airflow/dags/predict.py for tasks to queue
[2026-02-01T22:26:51.969+0000] {logging_mixin.py:188} INFO - [2026-02-01T22:26:51.969+0000] {dagbag.py:545} INFO - Filling up the DagBag from /opt/airflow/dags/predict.py
[2026-02-01T22:26:54.661+0000] {logging_mixin.py:188} WARNING - /opt/airflow/dags/predict.py:34 RemovedInAirflow3Warning: Function `days_ago` is deprecated and will be removed in Airflow 3.0. You can achieve equivalent behavior with `pendulum.today('UTC').add(days=-N, ...)`
[2026-02-01T22:26:54.662+0000] {logging_mixin.py:188} WARNING - /opt/airflow/dags/predict.py:29 RemovedInAirflow3Warning: Param `schedule_interval` is deprecated and will be removed in a future release. Please use `schedule` instead.
[2026-02-01T22:26:54.666+0000] {processor.py:840} INFO - DAG(s) 'ml_prediction_pipeline' retrieved from /opt/airflow/dags/predict.py
[2026-02-01T22:26:54.682+0000] {logging_mixin.py:188} INFO - [2026-02-01T22:26:54.681+0000] {dag.py:3096} INFO - Sync 1 DAGs
[2026-02-01T22:26:54.694+0000] {logging_mixin.py:188} INFO - [2026-02-01T22:26:54.693+0000] {dag.py:3954} INFO - Setting next_dagrun for ml_prediction_pipeline to 2026-01-31 00:00:00+00:00, run_after=2026-02-01 00:00:00+00:00
[2026-02-01T22:26:54.707+0000] {processor.py:183} INFO - Processing /opt/airflow/dags/predict.py took 2.748 seconds
[2026-02-01T22:27:25.065+0000] {processor.py:161} INFO - Started process (PID=40097) to work on /opt/airflow/dags/predict.py
[2026-02-01T22:27:25.066+0000] {processor.py:830} INFO - Processing file /opt/airflow/dags/predict.py for tasks to queue
[2026-02-01T22:27:25.068+0000] {logging_mixin.py:188} INFO - [2026-02-01T22:27:25.068+0000] {dagbag.py:545} INFO - Filling up the DagBag from /opt/airflow/dags/predict.py
[2026-02-01T22:27:26.974+0000] {logging_mixin.py:188} WARNING - /opt/airflow/dags/predict.py:34 RemovedInAirflow3Warning: Function `days_ago` is deprecated and will be removed in Airflow 3.0. You can achieve equivalent behavior with `pendulum.today('UTC').add(days=-N, ...)`
[2026-02-01T22:27:26.976+0000] {logging_mixin.py:188} WARNING - /opt/airflow/dags/predict.py:29 RemovedInAirflow3Warning: Param `schedule_interval` is deprecated and will be removed in a future release. Please use `schedule` instead.
[2026-02-01T22:27:26.981+0000] {processor.py:840} INFO - DAG(s) 'ml_prediction_pipeline' retrieved from /opt/airflow/dags/predict.py
[2026-02-01T22:27:27.091+0000] {logging_mixin.py:188} INFO - [2026-02-01T22:27:27.091+0000] {dag.py:3096} INFO - Sync 1 DAGs
[2026-02-01T22:27:27.108+0000] {logging_mixin.py:188} INFO - [2026-02-01T22:27:27.108+0000] {dag.py:3954} INFO - Setting next_dagrun for ml_prediction_pipeline to 2026-01-31 00:00:00+00:00, run_after=2026-02-01 00:00:00+00:00
[2026-02-01T22:27:27.128+0000] {processor.py:183} INFO - Processing /opt/airflow/dags/predict.py took 2.067 seconds
[2026-02-01T22:27:58.037+0000] {processor.py:161} INFO - Started process (PID=40134) to work on /opt/airflow/dags/predict.py
[2026-02-01T22:27:58.038+0000] {processor.py:830} INFO - Processing file /opt/airflow/dags/predict.py for tasks to queue
[2026-02-01T22:27:58.039+0000] {logging_mixin.py:188} INFO - [2026-02-01T22:27:58.039+0000] {dagbag.py:545} INFO - Filling up the DagBag from /opt/airflow/dags/predict.py
[2026-02-01T22:28:00.319+0000] {logging_mixin.py:188} WARNING - /opt/airflow/dags/predict.py:34 RemovedInAirflow3Warning: Function `days_ago` is deprecated and will be removed in Airflow 3.0. You can achieve equivalent behavior with `pendulum.today('UTC').add(days=-N, ...)`
[2026-02-01T22:28:00.320+0000] {logging_mixin.py:188} WARNING - /opt/airflow/dags/predict.py:29 RemovedInAirflow3Warning: Param `schedule_interval` is deprecated and will be removed in a future release. Please use `schedule` instead.
[2026-02-01T22:28:00.324+0000] {processor.py:840} INFO - DAG(s) 'ml_prediction_pipeline' retrieved from /opt/airflow/dags/predict.py
[2026-02-01T22:28:00.344+0000] {logging_mixin.py:188} INFO - [2026-02-01T22:28:00.343+0000] {dag.py:3096} INFO - Sync 1 DAGs
[2026-02-01T22:28:00.359+0000] {logging_mixin.py:188} INFO - [2026-02-01T22:28:00.358+0000] {dag.py:3954} INFO - Setting next_dagrun for ml_prediction_pipeline to 2026-01-31 00:00:00+00:00, run_after=2026-02-01 00:00:00+00:00
[2026-02-01T22:28:00.374+0000] {processor.py:183} INFO - Processing /opt/airflow/dags/predict.py took 2.342 seconds
[2026-02-01T22:28:31.191+0000] {processor.py:161} INFO - Started process (PID=40181) to work on /opt/airflow/dags/predict.py
[2026-02-01T22:28:31.193+0000] {processor.py:830} INFO - Processing file /opt/airflow/dags/predict.py for tasks to queue
[2026-02-01T22:28:31.195+0000] {logging_mixin.py:188} INFO - [2026-02-01T22:28:31.195+0000] {dagbag.py:545} INFO - Filling up the DagBag from /opt/airflow/dags/predict.py
[2026-02-01T22:28:33.478+0000] {logging_mixin.py:188} WARNING - /opt/airflow/dags/predict.py:34 RemovedInAirflow3Warning: Function `days_ago` is deprecated and will be removed in Airflow 3.0. You can achieve equivalent behavior with `pendulum.today('UTC').add(days=-N, ...)`
[2026-02-01T22:28:33.480+0000] {logging_mixin.py:188} WARNING - /opt/airflow/dags/predict.py:29 RemovedInAirflow3Warning: Param `schedule_interval` is deprecated and will be removed in a future release. Please use `schedule` instead.
[2026-02-01T22:28:33.486+0000] {processor.py:840} INFO - DAG(s) 'ml_prediction_pipeline' retrieved from /opt/airflow/dags/predict.py
[2026-02-01T22:28:33.519+0000] {logging_mixin.py:188} INFO - [2026-02-01T22:28:33.518+0000] {dag.py:3096} INFO - Sync 1 DAGs
[2026-02-01T22:28:33.645+0000] {logging_mixin.py:188} INFO - [2026-02-01T22:28:33.645+0000] {dag.py:3954} INFO - Setting next_dagrun for ml_prediction_pipeline to 2026-01-31 00:00:00+00:00, run_after=2026-02-01 00:00:00+00:00
[2026-02-01T22:28:33.666+0000] {processor.py:183} INFO - Processing /opt/airflow/dags/predict.py took 2.480 seconds
[2026-02-01T22:29:04.696+0000] {processor.py:161} INFO - Started process (PID=40228) to work on /opt/airflow/dags/predict.py
[2026-02-01T22:29:04.697+0000] {processor.py:830} INFO - Processing file /opt/airflow/dags/predict.py for tasks to queue
[2026-02-01T22:29:04.698+0000] {logging_mixin.py:188} INFO - [2026-02-01T22:29:04.698+0000] {dagbag.py:545} INFO - Filling up the DagBag from /opt/airflow/dags/predict.py
[2026-02-01T22:29:06.772+0000] {logging_mixin.py:188} WARNING - /opt/airflow/dags/predict.py:34 RemovedInAirflow3Warning: Function `days_ago` is deprecated and will be removed in Airflow 3.0. You can achieve equivalent behavior with `pendulum.today('UTC').add(days=-N, ...)`
[2026-02-01T22:29:06.773+0000] {logging_mixin.py:188} WARNING - /opt/airflow/dags/predict.py:29 RemovedInAirflow3Warning: Param `schedule_interval` is deprecated and will be removed in a future release. Please use `schedule` instead.
[2026-02-01T22:29:06.777+0000] {processor.py:840} INFO - DAG(s) 'ml_prediction_pipeline' retrieved from /opt/airflow/dags/predict.py
[2026-02-01T22:29:06.796+0000] {logging_mixin.py:188} INFO - [2026-02-01T22:29:06.795+0000] {dag.py:3096} INFO - Sync 1 DAGs
[2026-02-01T22:29:06.811+0000] {logging_mixin.py:188} INFO - [2026-02-01T22:29:06.811+0000] {dag.py:3954} INFO - Setting next_dagrun for ml_prediction_pipeline to 2026-01-31 00:00:00+00:00, run_after=2026-02-01 00:00:00+00:00
[2026-02-01T22:29:06.826+0000] {processor.py:183} INFO - Processing /opt/airflow/dags/predict.py took 2.134 seconds
[2026-02-01T22:29:38.110+0000] {processor.py:161} INFO - Started process (PID=40275) to work on /opt/airflow/dags/predict.py
[2026-02-01T22:29:38.111+0000] {processor.py:830} INFO - Processing file /opt/airflow/dags/predict.py for tasks to queue
[2026-02-01T22:29:38.113+0000] {logging_mixin.py:188} INFO - [2026-02-01T22:29:38.113+0000] {dagbag.py:545} INFO - Filling up the DagBag from /opt/airflow/dags/predict.py
[2026-02-01T22:29:40.089+0000] {logging_mixin.py:188} WARNING - /opt/airflow/dags/predict.py:34 RemovedInAirflow3Warning: Function `days_ago` is deprecated and will be removed in Airflow 3.0. You can achieve equivalent behavior with `pendulum.today('UTC').add(days=-N, ...)`
[2026-02-01T22:29:40.090+0000] {logging_mixin.py:188} WARNING - /opt/airflow/dags/predict.py:29 RemovedInAirflow3Warning: Param `schedule_interval` is deprecated and will be removed in a future release. Please use `schedule` instead.
[2026-02-01T22:29:40.094+0000] {processor.py:840} INFO - DAG(s) 'ml_prediction_pipeline' retrieved from /opt/airflow/dags/predict.py
[2026-02-01T22:29:40.115+0000] {logging_mixin.py:188} INFO - [2026-02-01T22:29:40.114+0000] {dag.py:3096} INFO - Sync 1 DAGs
[2026-02-01T22:29:40.128+0000] {logging_mixin.py:188} INFO - [2026-02-01T22:29:40.128+0000] {dag.py:3954} INFO - Setting next_dagrun for ml_prediction_pipeline to 2026-01-31 00:00:00+00:00, run_after=2026-02-01 00:00:00+00:00
[2026-02-01T22:29:40.140+0000] {processor.py:183} INFO - Processing /opt/airflow/dags/predict.py took 2.035 seconds
[2026-02-01T22:30:11.602+0000] {processor.py:161} INFO - Started process (PID=40322) to work on /opt/airflow/dags/predict.py
[2026-02-01T22:30:11.603+0000] {processor.py:830} INFO - Processing file /opt/airflow/dags/predict.py for tasks to queue
[2026-02-01T22:30:11.604+0000] {logging_mixin.py:188} INFO - [2026-02-01T22:30:11.604+0000] {dagbag.py:545} INFO - Filling up the DagBag from /opt/airflow/dags/predict.py
[2026-02-01T22:30:13.316+0000] {logging_mixin.py:188} WARNING - /opt/airflow/dags/predict.py:34 RemovedInAirflow3Warning: Function `days_ago` is deprecated and will be removed in Airflow 3.0. You can achieve equivalent behavior with `pendulum.today('UTC').add(days=-N, ...)`
[2026-02-01T22:30:13.317+0000] {logging_mixin.py:188} WARNING - /opt/airflow/dags/predict.py:29 RemovedInAirflow3Warning: Param `schedule_interval` is deprecated and will be removed in a future release. Please use `schedule` instead.
[2026-02-01T22:30:13.320+0000] {processor.py:840} INFO - DAG(s) 'ml_prediction_pipeline' retrieved from /opt/airflow/dags/predict.py
[2026-02-01T22:30:13.338+0000] {logging_mixin.py:188} INFO - [2026-02-01T22:30:13.337+0000] {dag.py:3096} INFO - Sync 1 DAGs
[2026-02-01T22:30:13.349+0000] {logging_mixin.py:188} INFO - [2026-02-01T22:30:13.349+0000] {dag.py:3954} INFO - Setting next_dagrun for ml_prediction_pipeline to 2026-01-31 00:00:00+00:00, run_after=2026-02-01 00:00:00+00:00
[2026-02-01T22:30:13.369+0000] {processor.py:183} INFO - Processing /opt/airflow/dags/predict.py took 1.771 seconds
[2026-02-01T22:30:44.667+0000] {processor.py:161} INFO - Started process (PID=40369) to work on /opt/airflow/dags/predict.py
[2026-02-01T22:30:44.668+0000] {processor.py:830} INFO - Processing file /opt/airflow/dags/predict.py for tasks to queue
[2026-02-01T22:30:44.670+0000] {logging_mixin.py:188} INFO - [2026-02-01T22:30:44.669+0000] {dagbag.py:545} INFO - Filling up the DagBag from /opt/airflow/dags/predict.py
[2026-02-01T22:30:46.421+0000] {logging_mixin.py:188} WARNING - /opt/airflow/dags/predict.py:34 RemovedInAirflow3Warning: Function `days_ago` is deprecated and will be removed in Airflow 3.0. You can achieve equivalent behavior with `pendulum.today('UTC').add(days=-N, ...)`
[2026-02-01T22:30:46.422+0000] {logging_mixin.py:188} WARNING - /opt/airflow/dags/predict.py:29 RemovedInAirflow3Warning: Param `schedule_interval` is deprecated and will be removed in a future release. Please use `schedule` instead.
[2026-02-01T22:30:46.425+0000] {processor.py:840} INFO - DAG(s) 'ml_prediction_pipeline' retrieved from /opt/airflow/dags/predict.py
[2026-02-01T22:30:46.519+0000] {logging_mixin.py:188} INFO - [2026-02-01T22:30:46.518+0000] {dag.py:3096} INFO - Sync 1 DAGs
[2026-02-01T22:30:46.532+0000] {logging_mixin.py:188} INFO - [2026-02-01T22:30:46.532+0000] {dag.py:3954} INFO - Setting next_dagrun for ml_prediction_pipeline to 2026-01-31 00:00:00+00:00, run_after=2026-02-01 00:00:00+00:00
[2026-02-01T22:30:46.544+0000] {processor.py:183} INFO - Processing /opt/airflow/dags/predict.py took 1.882 seconds
[2026-02-01T22:31:18.009+0000] {processor.py:161} INFO - Started process (PID=40416) to work on /opt/airflow/dags/predict.py
[2026-02-01T22:31:18.010+0000] {processor.py:830} INFO - Processing file /opt/airflow/dags/predict.py for tasks to queue
[2026-02-01T22:31:18.011+0000] {logging_mixin.py:188} INFO - [2026-02-01T22:31:18.011+0000] {dagbag.py:545} INFO - Filling up the DagBag from /opt/airflow/dags/predict.py
[2026-02-01T22:31:20.798+0000] {logging_mixin.py:188} WARNING - /opt/airflow/dags/predict.py:34 RemovedInAirflow3Warning: Function `days_ago` is deprecated and will be removed in Airflow 3.0. You can achieve equivalent behavior with `pendulum.today('UTC').add(days=-N, ...)`
[2026-02-01T22:31:20.799+0000] {logging_mixin.py:188} WARNING - /opt/airflow/dags/predict.py:29 RemovedInAirflow3Warning: Param `schedule_interval` is deprecated and will be removed in a future release. Please use `schedule` instead.
[2026-02-01T22:31:20.807+0000] {processor.py:840} INFO - DAG(s) 'ml_prediction_pipeline' retrieved from /opt/airflow/dags/predict.py
[2026-02-01T22:31:20.839+0000] {logging_mixin.py:188} INFO - [2026-02-01T22:31:20.839+0000] {dag.py:3096} INFO - Sync 1 DAGs
[2026-02-01T22:31:20.862+0000] {logging_mixin.py:188} INFO - [2026-02-01T22:31:20.861+0000] {dag.py:3954} INFO - Setting next_dagrun for ml_prediction_pipeline to 2026-01-31 00:00:00+00:00, run_after=2026-02-01 00:00:00+00:00
[2026-02-01T22:31:20.890+0000] {processor.py:183} INFO - Processing /opt/airflow/dags/predict.py took 2.886 seconds
[2026-02-01T22:31:51.357+0000] {processor.py:161} INFO - Started process (PID=40463) to work on /opt/airflow/dags/predict.py
[2026-02-01T22:31:51.358+0000] {processor.py:830} INFO - Processing file /opt/airflow/dags/predict.py for tasks to queue
[2026-02-01T22:31:51.359+0000] {logging_mixin.py:188} INFO - [2026-02-01T22:31:51.359+0000] {dagbag.py:545} INFO - Filling up the DagBag from /opt/airflow/dags/predict.py
[2026-02-01T22:31:53.144+0000] {logging_mixin.py:188} WARNING - /opt/airflow/dags/predict.py:34 RemovedInAirflow3Warning: Function `days_ago` is deprecated and will be removed in Airflow 3.0. You can achieve equivalent behavior with `pendulum.today('UTC').add(days=-N, ...)`
[2026-02-01T22:31:53.145+0000] {logging_mixin.py:188} WARNING - /opt/airflow/dags/predict.py:29 RemovedInAirflow3Warning: Param `schedule_interval` is deprecated and will be removed in a future release. Please use `schedule` instead.
[2026-02-01T22:31:53.149+0000] {processor.py:840} INFO - DAG(s) 'ml_prediction_pipeline' retrieved from /opt/airflow/dags/predict.py
[2026-02-01T22:31:53.166+0000] {logging_mixin.py:188} INFO - [2026-02-01T22:31:53.165+0000] {dag.py:3096} INFO - Sync 1 DAGs
[2026-02-01T22:31:53.257+0000] {logging_mixin.py:188} INFO - [2026-02-01T22:31:53.257+0000] {dag.py:3954} INFO - Setting next_dagrun for ml_prediction_pipeline to 2026-01-31 00:00:00+00:00, run_after=2026-02-01 00:00:00+00:00
[2026-02-01T22:31:53.270+0000] {processor.py:183} INFO - Processing /opt/airflow/dags/predict.py took 1.918 seconds
[2026-02-01T22:32:24.716+0000] {processor.py:161} INFO - Started process (PID=40510) to work on /opt/airflow/dags/predict.py
[2026-02-01T22:32:24.717+0000] {processor.py:830} INFO - Processing file /opt/airflow/dags/predict.py for tasks to queue
[2026-02-01T22:32:24.718+0000] {logging_mixin.py:188} INFO - [2026-02-01T22:32:24.718+0000] {dagbag.py:545} INFO - Filling up the DagBag from /opt/airflow/dags/predict.py
[2026-02-01T22:32:26.525+0000] {logging_mixin.py:188} WARNING - /opt/airflow/dags/predict.py:34 RemovedInAirflow3Warning: Function `days_ago` is deprecated and will be removed in Airflow 3.0. You can achieve equivalent behavior with `pendulum.today('UTC').add(days=-N, ...)`
[2026-02-01T22:32:26.525+0000] {logging_mixin.py:188} WARNING - /opt/airflow/dags/predict.py:29 RemovedInAirflow3Warning: Param `schedule_interval` is deprecated and will be removed in a future release. Please use `schedule` instead.
[2026-02-01T22:32:26.529+0000] {processor.py:840} INFO - DAG(s) 'ml_prediction_pipeline' retrieved from /opt/airflow/dags/predict.py
[2026-02-01T22:32:26.543+0000] {logging_mixin.py:188} INFO - [2026-02-01T22:32:26.543+0000] {dag.py:3096} INFO - Sync 1 DAGs
[2026-02-01T22:32:26.556+0000] {logging_mixin.py:188} INFO - [2026-02-01T22:32:26.555+0000] {dag.py:3954} INFO - Setting next_dagrun for ml_prediction_pipeline to 2026-01-31 00:00:00+00:00, run_after=2026-02-01 00:00:00+00:00
[2026-02-01T22:32:26.567+0000] {processor.py:183} INFO - Processing /opt/airflow/dags/predict.py took 1.856 seconds
[2026-02-01T22:32:58.014+0000] {processor.py:161} INFO - Started process (PID=40557) to work on /opt/airflow/dags/predict.py
[2026-02-01T22:32:58.015+0000] {processor.py:830} INFO - Processing file /opt/airflow/dags/predict.py for tasks to queue
[2026-02-01T22:32:58.016+0000] {logging_mixin.py:188} INFO - [2026-02-01T22:32:58.016+0000] {dagbag.py:545} INFO - Filling up the DagBag from /opt/airflow/dags/predict.py
[2026-02-01T22:32:59.940+0000] {logging_mixin.py:188} WARNING - /opt/airflow/dags/predict.py:34 RemovedInAirflow3Warning: Function `days_ago` is deprecated and will be removed in Airflow 3.0. You can achieve equivalent behavior with `pendulum.today('UTC').add(days=-N, ...)`
[2026-02-01T22:32:59.942+0000] {logging_mixin.py:188} WARNING - /opt/airflow/dags/predict.py:29 RemovedInAirflow3Warning: Param `schedule_interval` is deprecated and will be removed in a future release. Please use `schedule` instead.
[2026-02-01T22:32:59.950+0000] {processor.py:840} INFO - DAG(s) 'ml_prediction_pipeline' retrieved from /opt/airflow/dags/predict.py
[2026-02-01T22:32:59.973+0000] {logging_mixin.py:188} INFO - [2026-02-01T22:32:59.973+0000] {dag.py:3096} INFO - Sync 1 DAGs
[2026-02-01T22:32:59.997+0000] {logging_mixin.py:188} INFO - [2026-02-01T22:32:59.997+0000] {dag.py:3954} INFO - Setting next_dagrun for ml_prediction_pipeline to 2026-01-31 00:00:00+00:00, run_after=2026-02-01 00:00:00+00:00
[2026-02-01T22:33:00.019+0000] {processor.py:183} INFO - Processing /opt/airflow/dags/predict.py took 2.009 seconds
[2026-02-01T22:33:31.509+0000] {processor.py:161} INFO - Started process (PID=40604) to work on /opt/airflow/dags/predict.py
[2026-02-01T22:33:31.509+0000] {processor.py:830} INFO - Processing file /opt/airflow/dags/predict.py for tasks to queue
[2026-02-01T22:33:31.510+0000] {logging_mixin.py:188} INFO - [2026-02-01T22:33:31.510+0000] {dagbag.py:545} INFO - Filling up the DagBag from /opt/airflow/dags/predict.py
[2026-02-01T22:33:33.491+0000] {logging_mixin.py:188} WARNING - /opt/airflow/dags/predict.py:34 RemovedInAirflow3Warning: Function `days_ago` is deprecated and will be removed in Airflow 3.0. You can achieve equivalent behavior with `pendulum.today('UTC').add(days=-N, ...)`
[2026-02-01T22:33:33.492+0000] {logging_mixin.py:188} WARNING - /opt/airflow/dags/predict.py:29 RemovedInAirflow3Warning: Param `schedule_interval` is deprecated and will be removed in a future release. Please use `schedule` instead.
[2026-02-01T22:33:33.499+0000] {processor.py:840} INFO - DAG(s) 'ml_prediction_pipeline' retrieved from /opt/airflow/dags/predict.py
[2026-02-01T22:33:33.528+0000] {logging_mixin.py:188} INFO - [2026-02-01T22:33:33.527+0000] {dag.py:3096} INFO - Sync 1 DAGs
[2026-02-01T22:33:33.547+0000] {logging_mixin.py:188} INFO - [2026-02-01T22:33:33.547+0000] {dag.py:3954} INFO - Setting next_dagrun for ml_prediction_pipeline to 2026-01-31 00:00:00+00:00, run_after=2026-02-01 00:00:00+00:00
[2026-02-01T22:33:33.565+0000] {processor.py:183} INFO - Processing /opt/airflow/dags/predict.py took 2.060 seconds
[2026-02-01T22:34:05.029+0000] {processor.py:161} INFO - Started process (PID=40651) to work on /opt/airflow/dags/predict.py
[2026-02-01T22:34:05.030+0000] {processor.py:830} INFO - Processing file /opt/airflow/dags/predict.py for tasks to queue
[2026-02-01T22:34:05.031+0000] {logging_mixin.py:188} INFO - [2026-02-01T22:34:05.031+0000] {dagbag.py:545} INFO - Filling up the DagBag from /opt/airflow/dags/predict.py
[2026-02-01T22:34:07.026+0000] {logging_mixin.py:188} WARNING - /opt/airflow/dags/predict.py:34 RemovedInAirflow3Warning: Function `days_ago` is deprecated and will be removed in Airflow 3.0. You can achieve equivalent behavior with `pendulum.today('UTC').add(days=-N, ...)`
[2026-02-01T22:34:07.028+0000] {logging_mixin.py:188} WARNING - /opt/airflow/dags/predict.py:29 RemovedInAirflow3Warning: Param `schedule_interval` is deprecated and will be removed in a future release. Please use `schedule` instead.
[2026-02-01T22:34:07.034+0000] {processor.py:840} INFO - DAG(s) 'ml_prediction_pipeline' retrieved from /opt/airflow/dags/predict.py
[2026-02-01T22:34:07.169+0000] {logging_mixin.py:188} INFO - [2026-02-01T22:34:07.168+0000] {dag.py:3096} INFO - Sync 1 DAGs
[2026-02-01T22:34:07.187+0000] {logging_mixin.py:188} INFO - [2026-02-01T22:34:07.187+0000] {dag.py:3954} INFO - Setting next_dagrun for ml_prediction_pipeline to 2026-01-31 00:00:00+00:00, run_after=2026-02-01 00:00:00+00:00
[2026-02-01T22:34:07.209+0000] {processor.py:183} INFO - Processing /opt/airflow/dags/predict.py took 2.187 seconds
[2026-02-01T22:34:38.495+0000] {processor.py:161} INFO - Started process (PID=40698) to work on /opt/airflow/dags/predict.py
[2026-02-01T22:34:38.497+0000] {processor.py:830} INFO - Processing file /opt/airflow/dags/predict.py for tasks to queue
[2026-02-01T22:34:38.500+0000] {logging_mixin.py:188} INFO - [2026-02-01T22:34:38.499+0000] {dagbag.py:545} INFO - Filling up the DagBag from /opt/airflow/dags/predict.py
[2026-02-01T22:34:41.668+0000] {logging_mixin.py:188} WARNING - /opt/airflow/dags/predict.py:34 RemovedInAirflow3Warning: Function `days_ago` is deprecated and will be removed in Airflow 3.0. You can achieve equivalent behavior with `pendulum.today('UTC').add(days=-N, ...)`
[2026-02-01T22:34:41.669+0000] {logging_mixin.py:188} WARNING - /opt/airflow/dags/predict.py:29 RemovedInAirflow3Warning: Param `schedule_interval` is deprecated and will be removed in a future release. Please use `schedule` instead.
[2026-02-01T22:34:41.675+0000] {processor.py:840} INFO - DAG(s) 'ml_prediction_pipeline' retrieved from /opt/airflow/dags/predict.py
[2026-02-01T22:34:41.700+0000] {logging_mixin.py:188} INFO - [2026-02-01T22:34:41.699+0000] {dag.py:3096} INFO - Sync 1 DAGs
[2026-02-01T22:34:41.720+0000] {logging_mixin.py:188} INFO - [2026-02-01T22:34:41.720+0000] {dag.py:3954} INFO - Setting next_dagrun for ml_prediction_pipeline to 2026-01-31 00:00:00+00:00, run_after=2026-02-01 00:00:00+00:00
[2026-02-01T22:34:41.741+0000] {processor.py:183} INFO - Processing /opt/airflow/dags/predict.py took 3.251 seconds
[2026-02-01T22:35:12.210+0000] {processor.py:161} INFO - Started process (PID=40749) to work on /opt/airflow/dags/predict.py
[2026-02-01T22:35:12.212+0000] {processor.py:830} INFO - Processing file /opt/airflow/dags/predict.py for tasks to queue
[2026-02-01T22:35:12.213+0000] {logging_mixin.py:188} INFO - [2026-02-01T22:35:12.213+0000] {dagbag.py:545} INFO - Filling up the DagBag from /opt/airflow/dags/predict.py
[2026-02-01T22:35:15.037+0000] {logging_mixin.py:188} WARNING - /opt/airflow/dags/predict.py:34 RemovedInAirflow3Warning: Function `days_ago` is deprecated and will be removed in Airflow 3.0. You can achieve equivalent behavior with `pendulum.today('UTC').add(days=-N, ...)`
[2026-02-01T22:35:15.038+0000] {logging_mixin.py:188} WARNING - /opt/airflow/dags/predict.py:29 RemovedInAirflow3Warning: Param `schedule_interval` is deprecated and will be removed in a future release. Please use `schedule` instead.
[2026-02-01T22:35:15.043+0000] {processor.py:840} INFO - DAG(s) 'ml_prediction_pipeline' retrieved from /opt/airflow/dags/predict.py
[2026-02-01T22:35:15.063+0000] {logging_mixin.py:188} INFO - [2026-02-01T22:35:15.062+0000] {dag.py:3096} INFO - Sync 1 DAGs
[2026-02-01T22:35:15.168+0000] {logging_mixin.py:188} INFO - [2026-02-01T22:35:15.168+0000] {dag.py:3954} INFO - Setting next_dagrun for ml_prediction_pipeline to 2026-01-31 00:00:00+00:00, run_after=2026-02-01 00:00:00+00:00
[2026-02-01T22:35:15.189+0000] {processor.py:183} INFO - Processing /opt/airflow/dags/predict.py took 2.985 seconds
[2026-02-01T22:35:45.672+0000] {processor.py:161} INFO - Started process (PID=40802) to work on /opt/airflow/dags/predict.py
[2026-02-01T22:35:45.673+0000] {processor.py:830} INFO - Processing file /opt/airflow/dags/predict.py for tasks to queue
[2026-02-01T22:35:45.676+0000] {logging_mixin.py:188} INFO - [2026-02-01T22:35:45.675+0000] {dagbag.py:545} INFO - Filling up the DagBag from /opt/airflow/dags/predict.py
[2026-02-01T22:35:49.067+0000] {logging_mixin.py:188} WARNING - /opt/airflow/dags/predict.py:34 RemovedInAirflow3Warning: Function `days_ago` is deprecated and will be removed in Airflow 3.0. You can achieve equivalent behavior with `pendulum.today('UTC').add(days=-N, ...)`
[2026-02-01T22:35:49.068+0000] {logging_mixin.py:188} WARNING - /opt/airflow/dags/predict.py:29 RemovedInAirflow3Warning: Param `schedule_interval` is deprecated and will be removed in a future release. Please use `schedule` instead.
[2026-02-01T22:35:49.075+0000] {processor.py:840} INFO - DAG(s) 'ml_prediction_pipeline' retrieved from /opt/airflow/dags/predict.py
[2026-02-01T22:35:49.096+0000] {logging_mixin.py:188} INFO - [2026-02-01T22:35:49.095+0000] {dag.py:3096} INFO - Sync 1 DAGs
[2026-02-01T22:35:49.113+0000] {logging_mixin.py:188} INFO - [2026-02-01T22:35:49.113+0000] {dag.py:3954} INFO - Setting next_dagrun for ml_prediction_pipeline to 2026-01-31 00:00:00+00:00, run_after=2026-02-01 00:00:00+00:00
[2026-02-01T22:35:49.130+0000] {processor.py:183} INFO - Processing /opt/airflow/dags/predict.py took 3.467 seconds
[2026-02-01T22:36:19.584+0000] {processor.py:161} INFO - Started process (PID=40849) to work on /opt/airflow/dags/predict.py
[2026-02-01T22:36:19.587+0000] {processor.py:830} INFO - Processing file /opt/airflow/dags/predict.py for tasks to queue
[2026-02-01T22:36:19.590+0000] {logging_mixin.py:188} INFO - [2026-02-01T22:36:19.590+0000] {dagbag.py:545} INFO - Filling up the DagBag from /opt/airflow/dags/predict.py
[2026-02-01T22:36:22.652+0000] {logging_mixin.py:188} WARNING - /opt/airflow/dags/predict.py:34 RemovedInAirflow3Warning: Function `days_ago` is deprecated and will be removed in Airflow 3.0. You can achieve equivalent behavior with `pendulum.today('UTC').add(days=-N, ...)`
[2026-02-01T22:36:22.654+0000] {logging_mixin.py:188} WARNING - /opt/airflow/dags/predict.py:29 RemovedInAirflow3Warning: Param `schedule_interval` is deprecated and will be removed in a future release. Please use `schedule` instead.
[2026-02-01T22:36:22.660+0000] {processor.py:840} INFO - DAG(s) 'ml_prediction_pipeline' retrieved from /opt/airflow/dags/predict.py
[2026-02-01T22:36:22.687+0000] {logging_mixin.py:188} INFO - [2026-02-01T22:36:22.687+0000] {dag.py:3096} INFO - Sync 1 DAGs
[2026-02-01T22:36:22.711+0000] {logging_mixin.py:188} INFO - [2026-02-01T22:36:22.711+0000] {dag.py:3954} INFO - Setting next_dagrun for ml_prediction_pipeline to 2026-01-31 00:00:00+00:00, run_after=2026-02-01 00:00:00+00:00
[2026-02-01T22:36:22.733+0000] {processor.py:183} INFO - Processing /opt/airflow/dags/predict.py took 3.155 seconds
[2026-02-01T22:36:53.197+0000] {processor.py:161} INFO - Started process (PID=40897) to work on /opt/airflow/dags/predict.py
[2026-02-01T22:36:53.200+0000] {processor.py:830} INFO - Processing file /opt/airflow/dags/predict.py for tasks to queue
[2026-02-01T22:36:53.202+0000] {logging_mixin.py:188} INFO - [2026-02-01T22:36:53.201+0000] {dagbag.py:545} INFO - Filling up the DagBag from /opt/airflow/dags/predict.py
[2026-02-01T22:36:55.726+0000] {logging_mixin.py:188} WARNING - /opt/airflow/dags/predict.py:34 RemovedInAirflow3Warning: Function `days_ago` is deprecated and will be removed in Airflow 3.0. You can achieve equivalent behavior with `pendulum.today('UTC').add(days=-N, ...)`
[2026-02-01T22:36:55.726+0000] {logging_mixin.py:188} WARNING - /opt/airflow/dags/predict.py:29 RemovedInAirflow3Warning: Param `schedule_interval` is deprecated and will be removed in a future release. Please use `schedule` instead.
[2026-02-01T22:36:55.731+0000] {processor.py:840} INFO - DAG(s) 'ml_prediction_pipeline' retrieved from /opt/airflow/dags/predict.py
[2026-02-01T22:36:55.750+0000] {logging_mixin.py:188} INFO - [2026-02-01T22:36:55.750+0000] {dag.py:3096} INFO - Sync 1 DAGs
[2026-02-01T22:36:55.765+0000] {logging_mixin.py:188} INFO - [2026-02-01T22:36:55.765+0000] {dag.py:3954} INFO - Setting next_dagrun for ml_prediction_pipeline to 2026-01-31 00:00:00+00:00, run_after=2026-02-01 00:00:00+00:00
[2026-02-01T22:36:55.781+0000] {processor.py:183} INFO - Processing /opt/airflow/dags/predict.py took 2.592 seconds
[2026-02-01T22:37:26.259+0000] {processor.py:161} INFO - Started process (PID=40944) to work on /opt/airflow/dags/predict.py
[2026-02-01T22:37:26.263+0000] {processor.py:830} INFO - Processing file /opt/airflow/dags/predict.py for tasks to queue
[2026-02-01T22:37:26.265+0000] {logging_mixin.py:188} INFO - [2026-02-01T22:37:26.265+0000] {dagbag.py:545} INFO - Filling up the DagBag from /opt/airflow/dags/predict.py
[2026-02-01T22:37:29.254+0000] {logging_mixin.py:188} WARNING - /opt/airflow/dags/predict.py:34 RemovedInAirflow3Warning: Function `days_ago` is deprecated and will be removed in Airflow 3.0. You can achieve equivalent behavior with `pendulum.today('UTC').add(days=-N, ...)`
[2026-02-01T22:37:29.255+0000] {logging_mixin.py:188} WARNING - /opt/airflow/dags/predict.py:29 RemovedInAirflow3Warning: Param `schedule_interval` is deprecated and will be removed in a future release. Please use `schedule` instead.
[2026-02-01T22:37:29.260+0000] {processor.py:840} INFO - DAG(s) 'ml_prediction_pipeline' retrieved from /opt/airflow/dags/predict.py
[2026-02-01T22:37:29.374+0000] {logging_mixin.py:188} INFO - [2026-02-01T22:37:29.374+0000] {dag.py:3096} INFO - Sync 1 DAGs
[2026-02-01T22:37:29.392+0000] {logging_mixin.py:188} INFO - [2026-02-01T22:37:29.392+0000] {dag.py:3954} INFO - Setting next_dagrun for ml_prediction_pipeline to 2026-01-31 00:00:00+00:00, run_after=2026-02-01 00:00:00+00:00
[2026-02-01T22:37:29.413+0000] {processor.py:183} INFO - Processing /opt/airflow/dags/predict.py took 3.167 seconds
[2026-02-01T22:37:59.883+0000] {processor.py:161} INFO - Started process (PID=40990) to work on /opt/airflow/dags/predict.py
[2026-02-01T22:37:59.884+0000] {processor.py:830} INFO - Processing file /opt/airflow/dags/predict.py for tasks to queue
[2026-02-01T22:37:59.885+0000] {logging_mixin.py:188} INFO - [2026-02-01T22:37:59.885+0000] {dagbag.py:545} INFO - Filling up the DagBag from /opt/airflow/dags/predict.py
[2026-02-01T22:38:02.754+0000] {logging_mixin.py:188} WARNING - /opt/airflow/dags/predict.py:34 RemovedInAirflow3Warning: Function `days_ago` is deprecated and will be removed in Airflow 3.0. You can achieve equivalent behavior with `pendulum.today('UTC').add(days=-N, ...)`
[2026-02-01T22:38:02.756+0000] {logging_mixin.py:188} WARNING - /opt/airflow/dags/predict.py:29 RemovedInAirflow3Warning: Param `schedule_interval` is deprecated and will be removed in a future release. Please use `schedule` instead.
[2026-02-01T22:38:02.762+0000] {processor.py:840} INFO - DAG(s) 'ml_prediction_pipeline' retrieved from /opt/airflow/dags/predict.py
[2026-02-01T22:38:02.786+0000] {logging_mixin.py:188} INFO - [2026-02-01T22:38:02.785+0000] {dag.py:3096} INFO - Sync 1 DAGs
[2026-02-01T22:38:02.807+0000] {logging_mixin.py:188} INFO - [2026-02-01T22:38:02.807+0000] {dag.py:3954} INFO - Setting next_dagrun for ml_prediction_pipeline to 2026-01-31 00:00:00+00:00, run_after=2026-02-01 00:00:00+00:00
[2026-02-01T22:38:02.832+0000] {processor.py:183} INFO - Processing /opt/airflow/dags/predict.py took 2.957 seconds
[2026-02-01T22:38:32.951+0000] {processor.py:161} INFO - Started process (PID=41037) to work on /opt/airflow/dags/predict.py
[2026-02-01T22:38:32.954+0000] {processor.py:830} INFO - Processing file /opt/airflow/dags/predict.py for tasks to queue
[2026-02-01T22:38:32.956+0000] {logging_mixin.py:188} INFO - [2026-02-01T22:38:32.956+0000] {dagbag.py:545} INFO - Filling up the DagBag from /opt/airflow/dags/predict.py
[2026-02-01T22:38:35.300+0000] {logging_mixin.py:188} WARNING - /opt/airflow/dags/predict.py:34 RemovedInAirflow3Warning: Function `days_ago` is deprecated and will be removed in Airflow 3.0. You can achieve equivalent behavior with `pendulum.today('UTC').add(days=-N, ...)`
[2026-02-01T22:38:35.301+0000] {logging_mixin.py:188} WARNING - /opt/airflow/dags/predict.py:29 RemovedInAirflow3Warning: Param `schedule_interval` is deprecated and will be removed in a future release. Please use `schedule` instead.
[2026-02-01T22:38:35.305+0000] {processor.py:840} INFO - DAG(s) 'ml_prediction_pipeline' retrieved from /opt/airflow/dags/predict.py
[2026-02-01T22:38:35.324+0000] {logging_mixin.py:188} INFO - [2026-02-01T22:38:35.323+0000] {dag.py:3096} INFO - Sync 1 DAGs
[2026-02-01T22:38:35.422+0000] {logging_mixin.py:188} INFO - [2026-02-01T22:38:35.422+0000] {dag.py:3954} INFO - Setting next_dagrun for ml_prediction_pipeline to 2026-01-31 00:00:00+00:00, run_after=2026-02-01 00:00:00+00:00
[2026-02-01T22:38:35.437+0000] {processor.py:183} INFO - Processing /opt/airflow/dags/predict.py took 2.491 seconds
[2026-02-01T22:39:05.896+0000] {processor.py:161} INFO - Started process (PID=41084) to work on /opt/airflow/dags/predict.py
[2026-02-01T22:39:05.896+0000] {processor.py:830} INFO - Processing file /opt/airflow/dags/predict.py for tasks to queue
[2026-02-01T22:39:05.898+0000] {logging_mixin.py:188} INFO - [2026-02-01T22:39:05.897+0000] {dagbag.py:545} INFO - Filling up the DagBag from /opt/airflow/dags/predict.py
[2026-02-01T22:39:08.206+0000] {logging_mixin.py:188} WARNING - /opt/airflow/dags/predict.py:34 RemovedInAirflow3Warning: Function `days_ago` is deprecated and will be removed in Airflow 3.0. You can achieve equivalent behavior with `pendulum.today('UTC').add(days=-N, ...)`
[2026-02-01T22:39:08.207+0000] {logging_mixin.py:188} WARNING - /opt/airflow/dags/predict.py:29 RemovedInAirflow3Warning: Param `schedule_interval` is deprecated and will be removed in a future release. Please use `schedule` instead.
[2026-02-01T22:39:08.211+0000] {processor.py:840} INFO - DAG(s) 'ml_prediction_pipeline' retrieved from /opt/airflow/dags/predict.py
[2026-02-01T22:39:08.228+0000] {logging_mixin.py:188} INFO - [2026-02-01T22:39:08.228+0000] {dag.py:3096} INFO - Sync 1 DAGs
[2026-02-01T22:39:08.247+0000] {logging_mixin.py:188} INFO - [2026-02-01T22:39:08.246+0000] {dag.py:3954} INFO - Setting next_dagrun for ml_prediction_pipeline to 2026-01-31 00:00:00+00:00, run_after=2026-02-01 00:00:00+00:00
[2026-02-01T22:39:08.265+0000] {processor.py:183} INFO - Processing /opt/airflow/dags/predict.py took 2.377 seconds
[2026-02-01T22:39:38.581+0000] {processor.py:161} INFO - Started process (PID=41131) to work on /opt/airflow/dags/predict.py
[2026-02-01T22:39:38.583+0000] {processor.py:830} INFO - Processing file /opt/airflow/dags/predict.py for tasks to queue
[2026-02-01T22:39:38.584+0000] {logging_mixin.py:188} INFO - [2026-02-01T22:39:38.584+0000] {dagbag.py:545} INFO - Filling up the DagBag from /opt/airflow/dags/predict.py
[2026-02-01T22:39:40.695+0000] {logging_mixin.py:188} WARNING - /opt/airflow/dags/predict.py:34 RemovedInAirflow3Warning: Function `days_ago` is deprecated and will be removed in Airflow 3.0. You can achieve equivalent behavior with `pendulum.today('UTC').add(days=-N, ...)`
[2026-02-01T22:39:40.696+0000] {logging_mixin.py:188} WARNING - /opt/airflow/dags/predict.py:29 RemovedInAirflow3Warning: Param `schedule_interval` is deprecated and will be removed in a future release. Please use `schedule` instead.
[2026-02-01T22:39:40.699+0000] {processor.py:840} INFO - DAG(s) 'ml_prediction_pipeline' retrieved from /opt/airflow/dags/predict.py
[2026-02-01T22:39:40.718+0000] {logging_mixin.py:188} INFO - [2026-02-01T22:39:40.718+0000] {dag.py:3096} INFO - Sync 1 DAGs
[2026-02-01T22:39:40.732+0000] {logging_mixin.py:188} INFO - [2026-02-01T22:39:40.731+0000] {dag.py:3954} INFO - Setting next_dagrun for ml_prediction_pipeline to 2026-01-31 00:00:00+00:00, run_after=2026-02-01 00:00:00+00:00
[2026-02-01T22:39:40.746+0000] {processor.py:183} INFO - Processing /opt/airflow/dags/predict.py took 2.169 seconds
[2026-02-01T22:40:11.530+0000] {processor.py:161} INFO - Started process (PID=41169) to work on /opt/airflow/dags/predict.py
[2026-02-01T22:40:11.531+0000] {processor.py:830} INFO - Processing file /opt/airflow/dags/predict.py for tasks to queue
[2026-02-01T22:40:11.532+0000] {logging_mixin.py:188} INFO - [2026-02-01T22:40:11.532+0000] {dagbag.py:545} INFO - Filling up the DagBag from /opt/airflow/dags/predict.py
[2026-02-01T22:40:13.490+0000] {logging_mixin.py:188} WARNING - /opt/airflow/dags/predict.py:34 RemovedInAirflow3Warning: Function `days_ago` is deprecated and will be removed in Airflow 3.0. You can achieve equivalent behavior with `pendulum.today('UTC').add(days=-N, ...)`
[2026-02-01T22:40:13.491+0000] {logging_mixin.py:188} WARNING - /opt/airflow/dags/predict.py:29 RemovedInAirflow3Warning: Param `schedule_interval` is deprecated and will be removed in a future release. Please use `schedule` instead.
[2026-02-01T22:40:13.495+0000] {processor.py:840} INFO - DAG(s) 'ml_prediction_pipeline' retrieved from /opt/airflow/dags/predict.py
[2026-02-01T22:40:13.515+0000] {logging_mixin.py:188} INFO - [2026-02-01T22:40:13.515+0000] {dag.py:3096} INFO - Sync 1 DAGs
[2026-02-01T22:40:13.529+0000] {logging_mixin.py:188} INFO - [2026-02-01T22:40:13.529+0000] {dag.py:3954} INFO - Setting next_dagrun for ml_prediction_pipeline to 2026-01-31 00:00:00+00:00, run_after=2026-02-01 00:00:00+00:00
[2026-02-01T22:40:13.545+0000] {processor.py:183} INFO - Processing /opt/airflow/dags/predict.py took 2.023 seconds
[2026-02-01T22:40:43.659+0000] {processor.py:161} INFO - Started process (PID=41220) to work on /opt/airflow/dags/predict.py
[2026-02-01T22:40:43.660+0000] {processor.py:830} INFO - Processing file /opt/airflow/dags/predict.py for tasks to queue
[2026-02-01T22:40:43.662+0000] {logging_mixin.py:188} INFO - [2026-02-01T22:40:43.661+0000] {dagbag.py:545} INFO - Filling up the DagBag from /opt/airflow/dags/predict.py
[2026-02-01T22:40:45.444+0000] {logging_mixin.py:188} WARNING - /opt/airflow/dags/predict.py:34 RemovedInAirflow3Warning: Function `days_ago` is deprecated and will be removed in Airflow 3.0. You can achieve equivalent behavior with `pendulum.today('UTC').add(days=-N, ...)`
[2026-02-01T22:40:45.444+0000] {logging_mixin.py:188} WARNING - /opt/airflow/dags/predict.py:29 RemovedInAirflow3Warning: Param `schedule_interval` is deprecated and will be removed in a future release. Please use `schedule` instead.
[2026-02-01T22:40:45.448+0000] {processor.py:840} INFO - DAG(s) 'ml_prediction_pipeline' retrieved from /opt/airflow/dags/predict.py
[2026-02-01T22:40:45.462+0000] {logging_mixin.py:188} INFO - [2026-02-01T22:40:45.462+0000] {dag.py:3096} INFO - Sync 1 DAGs
[2026-02-01T22:40:45.472+0000] {logging_mixin.py:188} INFO - [2026-02-01T22:40:45.472+0000] {dag.py:3954} INFO - Setting next_dagrun for ml_prediction_pipeline to 2026-01-31 00:00:00+00:00, run_after=2026-02-01 00:00:00+00:00
[2026-02-01T22:40:45.482+0000] {processor.py:183} INFO - Processing /opt/airflow/dags/predict.py took 1.827 seconds
[2026-02-01T22:41:16.092+0000] {processor.py:161} INFO - Started process (PID=41273) to work on /opt/airflow/dags/predict.py
[2026-02-01T22:41:16.093+0000] {processor.py:830} INFO - Processing file /opt/airflow/dags/predict.py for tasks to queue
[2026-02-01T22:41:16.094+0000] {logging_mixin.py:188} INFO - [2026-02-01T22:41:16.094+0000] {dagbag.py:545} INFO - Filling up the DagBag from /opt/airflow/dags/predict.py
[2026-02-01T22:41:20.198+0000] {logging_mixin.py:188} WARNING - /opt/airflow/dags/predict.py:34 RemovedInAirflow3Warning: Function `days_ago` is deprecated and will be removed in Airflow 3.0. You can achieve equivalent behavior with `pendulum.today('UTC').add(days=-N, ...)`
[2026-02-01T22:41:20.199+0000] {logging_mixin.py:188} WARNING - /opt/airflow/dags/predict.py:29 RemovedInAirflow3Warning: Param `schedule_interval` is deprecated and will be removed in a future release. Please use `schedule` instead.
[2026-02-01T22:41:20.203+0000] {processor.py:840} INFO - DAG(s) 'ml_prediction_pipeline' retrieved from /opt/airflow/dags/predict.py
[2026-02-01T22:41:20.225+0000] {logging_mixin.py:188} INFO - [2026-02-01T22:41:20.225+0000] {dag.py:3096} INFO - Sync 1 DAGs
[2026-02-01T22:41:20.241+0000] {logging_mixin.py:188} INFO - [2026-02-01T22:41:20.240+0000] {dag.py:3954} INFO - Setting next_dagrun for ml_prediction_pipeline to 2026-01-31 00:00:00+00:00, run_after=2026-02-01 00:00:00+00:00
[2026-02-01T22:41:20.255+0000] {processor.py:183} INFO - Processing /opt/airflow/dags/predict.py took 2.515 seconds
[2026-02-01T22:41:51.602+0000] {processor.py:161} INFO - Started process (PID=41316) to work on /opt/airflow/dags/predict.py
[2026-02-01T22:41:51.603+0000] {processor.py:830} INFO - Processing file /opt/airflow/dags/predict.py for tasks to queue
[2026-02-01T22:41:51.604+0000] {logging_mixin.py:188} INFO - [2026-02-01T22:41:51.604+0000] {dagbag.py:545} INFO - Filling up the DagBag from /opt/airflow/dags/predict.py
[2026-02-01T22:41:53.329+0000] {logging_mixin.py:188} WARNING - /opt/airflow/dags/predict.py:34 RemovedInAirflow3Warning: Function `days_ago` is deprecated and will be removed in Airflow 3.0. You can achieve equivalent behavior with `pendulum.today('UTC').add(days=-N, ...)`
[2026-02-01T22:41:53.330+0000] {logging_mixin.py:188} WARNING - /opt/airflow/dags/predict.py:29 RemovedInAirflow3Warning: Param `schedule_interval` is deprecated and will be removed in a future release. Please use `schedule` instead.
[2026-02-01T22:41:53.333+0000] {processor.py:840} INFO - DAG(s) 'ml_prediction_pipeline' retrieved from /opt/airflow/dags/predict.py
[2026-02-01T22:41:53.350+0000] {logging_mixin.py:188} INFO - [2026-02-01T22:41:53.350+0000] {dag.py:3096} INFO - Sync 1 DAGs
[2026-02-01T22:41:53.364+0000] {logging_mixin.py:188} INFO - [2026-02-01T22:41:53.364+0000] {dag.py:3954} INFO - Setting next_dagrun for ml_prediction_pipeline to 2026-01-31 00:00:00+00:00, run_after=2026-02-01 00:00:00+00:00
[2026-02-01T22:41:53.379+0000] {processor.py:183} INFO - Processing /opt/airflow/dags/predict.py took 1.781 seconds
[2026-02-01T22:42:24.839+0000] {processor.py:161} INFO - Started process (PID=41363) to work on /opt/airflow/dags/predict.py
[2026-02-01T22:42:24.840+0000] {processor.py:830} INFO - Processing file /opt/airflow/dags/predict.py for tasks to queue
[2026-02-01T22:42:24.843+0000] {logging_mixin.py:188} INFO - [2026-02-01T22:42:24.842+0000] {dagbag.py:545} INFO - Filling up the DagBag from /opt/airflow/dags/predict.py
[2026-02-01T22:42:26.921+0000] {logging_mixin.py:188} WARNING - /opt/airflow/dags/predict.py:34 RemovedInAirflow3Warning: Function `days_ago` is deprecated and will be removed in Airflow 3.0. You can achieve equivalent behavior with `pendulum.today('UTC').add(days=-N, ...)`
[2026-02-01T22:42:26.922+0000] {logging_mixin.py:188} WARNING - /opt/airflow/dags/predict.py:29 RemovedInAirflow3Warning: Param `schedule_interval` is deprecated and will be removed in a future release. Please use `schedule` instead.
[2026-02-01T22:42:26.926+0000] {processor.py:840} INFO - DAG(s) 'ml_prediction_pipeline' retrieved from /opt/airflow/dags/predict.py
[2026-02-01T22:42:26.943+0000] {logging_mixin.py:188} INFO - [2026-02-01T22:42:26.943+0000] {dag.py:3096} INFO - Sync 1 DAGs
[2026-02-01T22:42:26.958+0000] {logging_mixin.py:188} INFO - [2026-02-01T22:42:26.958+0000] {dag.py:3954} INFO - Setting next_dagrun for ml_prediction_pipeline to 2026-01-31 00:00:00+00:00, run_after=2026-02-01 00:00:00+00:00
[2026-02-01T22:42:26.971+0000] {processor.py:183} INFO - Processing /opt/airflow/dags/predict.py took 2.136 seconds
[2026-02-01T22:42:58.312+0000] {processor.py:161} INFO - Started process (PID=41410) to work on /opt/airflow/dags/predict.py
[2026-02-01T22:42:58.314+0000] {processor.py:830} INFO - Processing file /opt/airflow/dags/predict.py for tasks to queue
[2026-02-01T22:42:58.316+0000] {logging_mixin.py:188} INFO - [2026-02-01T22:42:58.316+0000] {dagbag.py:545} INFO - Filling up the DagBag from /opt/airflow/dags/predict.py
[2026-02-01T22:43:00.236+0000] {logging_mixin.py:188} WARNING - /opt/airflow/dags/predict.py:34 RemovedInAirflow3Warning: Function `days_ago` is deprecated and will be removed in Airflow 3.0. You can achieve equivalent behavior with `pendulum.today('UTC').add(days=-N, ...)`
[2026-02-01T22:43:00.237+0000] {logging_mixin.py:188} WARNING - /opt/airflow/dags/predict.py:29 RemovedInAirflow3Warning: Param `schedule_interval` is deprecated and will be removed in a future release. Please use `schedule` instead.
[2026-02-01T22:43:00.241+0000] {processor.py:840} INFO - DAG(s) 'ml_prediction_pipeline' retrieved from /opt/airflow/dags/predict.py
[2026-02-01T22:43:00.266+0000] {logging_mixin.py:188} INFO - [2026-02-01T22:43:00.265+0000] {dag.py:3096} INFO - Sync 1 DAGs
[2026-02-01T22:43:00.283+0000] {logging_mixin.py:188} INFO - [2026-02-01T22:43:00.283+0000] {dag.py:3954} INFO - Setting next_dagrun for ml_prediction_pipeline to 2026-01-31 00:00:00+00:00, run_after=2026-02-01 00:00:00+00:00
[2026-02-01T22:43:00.303+0000] {processor.py:183} INFO - Processing /opt/airflow/dags/predict.py took 1.995 seconds
[2026-02-01T22:43:31.648+0000] {processor.py:161} INFO - Started process (PID=41457) to work on /opt/airflow/dags/predict.py
[2026-02-01T22:43:31.648+0000] {processor.py:830} INFO - Processing file /opt/airflow/dags/predict.py for tasks to queue
[2026-02-01T22:43:31.650+0000] {logging_mixin.py:188} INFO - [2026-02-01T22:43:31.650+0000] {dagbag.py:545} INFO - Filling up the DagBag from /opt/airflow/dags/predict.py
[2026-02-01T22:43:33.914+0000] {logging_mixin.py:188} WARNING - /opt/airflow/dags/predict.py:34 RemovedInAirflow3Warning: Function `days_ago` is deprecated and will be removed in Airflow 3.0. You can achieve equivalent behavior with `pendulum.today('UTC').add(days=-N, ...)`
[2026-02-01T22:43:33.915+0000] {logging_mixin.py:188} WARNING - /opt/airflow/dags/predict.py:29 RemovedInAirflow3Warning: Param `schedule_interval` is deprecated and will be removed in a future release. Please use `schedule` instead.
[2026-02-01T22:43:33.920+0000] {processor.py:840} INFO - DAG(s) 'ml_prediction_pipeline' retrieved from /opt/airflow/dags/predict.py
[2026-02-01T22:43:34.022+0000] {logging_mixin.py:188} INFO - [2026-02-01T22:43:34.022+0000] {dag.py:3096} INFO - Sync 1 DAGs
[2026-02-01T22:43:34.037+0000] {logging_mixin.py:188} INFO - [2026-02-01T22:43:34.037+0000] {dag.py:3954} INFO - Setting next_dagrun for ml_prediction_pipeline to 2026-01-31 00:00:00+00:00, run_after=2026-02-01 00:00:00+00:00
[2026-02-01T22:43:34.054+0000] {processor.py:183} INFO - Processing /opt/airflow/dags/predict.py took 2.411 seconds
[2026-02-01T22:44:04.991+0000] {processor.py:161} INFO - Started process (PID=41504) to work on /opt/airflow/dags/predict.py
[2026-02-01T22:44:04.993+0000] {processor.py:830} INFO - Processing file /opt/airflow/dags/predict.py for tasks to queue
[2026-02-01T22:44:04.994+0000] {logging_mixin.py:188} INFO - [2026-02-01T22:44:04.994+0000] {dagbag.py:545} INFO - Filling up the DagBag from /opt/airflow/dags/predict.py
[2026-02-01T22:44:07.006+0000] {logging_mixin.py:188} WARNING - /opt/airflow/dags/predict.py:34 RemovedInAirflow3Warning: Function `days_ago` is deprecated and will be removed in Airflow 3.0. You can achieve equivalent behavior with `pendulum.today('UTC').add(days=-N, ...)`
[2026-02-01T22:44:07.007+0000] {logging_mixin.py:188} WARNING - /opt/airflow/dags/predict.py:29 RemovedInAirflow3Warning: Param `schedule_interval` is deprecated and will be removed in a future release. Please use `schedule` instead.
[2026-02-01T22:44:07.010+0000] {processor.py:840} INFO - DAG(s) 'ml_prediction_pipeline' retrieved from /opt/airflow/dags/predict.py
[2026-02-01T22:44:07.024+0000] {logging_mixin.py:188} INFO - [2026-02-01T22:44:07.024+0000] {dag.py:3096} INFO - Sync 1 DAGs
[2026-02-01T22:44:07.034+0000] {logging_mixin.py:188} INFO - [2026-02-01T22:44:07.034+0000] {dag.py:3954} INFO - Setting next_dagrun for ml_prediction_pipeline to 2026-01-31 00:00:00+00:00, run_after=2026-02-01 00:00:00+00:00
[2026-02-01T22:44:07.045+0000] {processor.py:183} INFO - Processing /opt/airflow/dags/predict.py took 2.058 seconds
[2026-02-01T22:44:38.167+0000] {processor.py:161} INFO - Started process (PID=41551) to work on /opt/airflow/dags/predict.py
[2026-02-01T22:44:38.168+0000] {processor.py:830} INFO - Processing file /opt/airflow/dags/predict.py for tasks to queue
[2026-02-01T22:44:38.169+0000] {logging_mixin.py:188} INFO - [2026-02-01T22:44:38.169+0000] {dagbag.py:545} INFO - Filling up the DagBag from /opt/airflow/dags/predict.py
[2026-02-01T22:44:40.000+0000] {logging_mixin.py:188} WARNING - /opt/airflow/dags/predict.py:34 RemovedInAirflow3Warning: Function `days_ago` is deprecated and will be removed in Airflow 3.0. You can achieve equivalent behavior with `pendulum.today('UTC').add(days=-N, ...)`
[2026-02-01T22:44:40.001+0000] {logging_mixin.py:188} WARNING - /opt/airflow/dags/predict.py:29 RemovedInAirflow3Warning: Param `schedule_interval` is deprecated and will be removed in a future release. Please use `schedule` instead.
[2026-02-01T22:44:40.005+0000] {processor.py:840} INFO - DAG(s) 'ml_prediction_pipeline' retrieved from /opt/airflow/dags/predict.py
[2026-02-01T22:44:40.023+0000] {logging_mixin.py:188} INFO - [2026-02-01T22:44:40.022+0000] {dag.py:3096} INFO - Sync 1 DAGs
[2026-02-01T22:44:40.038+0000] {logging_mixin.py:188} INFO - [2026-02-01T22:44:40.037+0000] {dag.py:3954} INFO - Setting next_dagrun for ml_prediction_pipeline to 2026-01-31 00:00:00+00:00, run_after=2026-02-01 00:00:00+00:00
[2026-02-01T22:44:40.052+0000] {processor.py:183} INFO - Processing /opt/airflow/dags/predict.py took 1.889 seconds
[2026-02-01T22:45:11.903+0000] {processor.py:161} INFO - Started process (PID=41598) to work on /opt/airflow/dags/predict.py
[2026-02-01T22:45:11.905+0000] {processor.py:830} INFO - Processing file /opt/airflow/dags/predict.py for tasks to queue
[2026-02-01T22:45:11.906+0000] {logging_mixin.py:188} INFO - [2026-02-01T22:45:11.906+0000] {dagbag.py:545} INFO - Filling up the DagBag from /opt/airflow/dags/predict.py
[2026-02-01T22:45:13.607+0000] {logging_mixin.py:188} WARNING - /opt/airflow/dags/predict.py:34 RemovedInAirflow3Warning: Function `days_ago` is deprecated and will be removed in Airflow 3.0. You can achieve equivalent behavior with `pendulum.today('UTC').add(days=-N, ...)`
[2026-02-01T22:45:13.608+0000] {logging_mixin.py:188} WARNING - /opt/airflow/dags/predict.py:29 RemovedInAirflow3Warning: Param `schedule_interval` is deprecated and will be removed in a future release. Please use `schedule` instead.
[2026-02-01T22:45:13.611+0000] {processor.py:840} INFO - DAG(s) 'ml_prediction_pipeline' retrieved from /opt/airflow/dags/predict.py
[2026-02-01T22:45:13.625+0000] {logging_mixin.py:188} INFO - [2026-02-01T22:45:13.624+0000] {dag.py:3096} INFO - Sync 1 DAGs
[2026-02-01T22:45:13.635+0000] {logging_mixin.py:188} INFO - [2026-02-01T22:45:13.635+0000] {dag.py:3954} INFO - Setting next_dagrun for ml_prediction_pipeline to 2026-01-31 00:00:00+00:00, run_after=2026-02-01 00:00:00+00:00
[2026-02-01T22:45:13.645+0000] {processor.py:183} INFO - Processing /opt/airflow/dags/predict.py took 1.747 seconds
[2026-02-01T22:45:45.110+0000] {processor.py:161} INFO - Started process (PID=41645) to work on /opt/airflow/dags/predict.py
[2026-02-01T22:45:45.111+0000] {processor.py:830} INFO - Processing file /opt/airflow/dags/predict.py for tasks to queue
[2026-02-01T22:45:45.112+0000] {logging_mixin.py:188} INFO - [2026-02-01T22:45:45.112+0000] {dagbag.py:545} INFO - Filling up the DagBag from /opt/airflow/dags/predict.py
[2026-02-01T22:45:46.867+0000] {logging_mixin.py:188} WARNING - /opt/airflow/dags/predict.py:34 RemovedInAirflow3Warning: Function `days_ago` is deprecated and will be removed in Airflow 3.0. You can achieve equivalent behavior with `pendulum.today('UTC').add(days=-N, ...)`
[2026-02-01T22:45:46.867+0000] {logging_mixin.py:188} WARNING - /opt/airflow/dags/predict.py:29 RemovedInAirflow3Warning: Param `schedule_interval` is deprecated and will be removed in a future release. Please use `schedule` instead.
[2026-02-01T22:45:46.870+0000] {processor.py:840} INFO - DAG(s) 'ml_prediction_pipeline' retrieved from /opt/airflow/dags/predict.py
[2026-02-01T22:45:46.885+0000] {logging_mixin.py:188} INFO - [2026-02-01T22:45:46.884+0000] {dag.py:3096} INFO - Sync 1 DAGs
[2026-02-01T22:45:46.896+0000] {logging_mixin.py:188} INFO - [2026-02-01T22:45:46.896+0000] {dag.py:3954} INFO - Setting next_dagrun for ml_prediction_pipeline to 2026-01-31 00:00:00+00:00, run_after=2026-02-01 00:00:00+00:00
[2026-02-01T22:45:46.912+0000] {processor.py:183} INFO - Processing /opt/airflow/dags/predict.py took 1.806 seconds
[2026-02-01T22:46:18.179+0000] {processor.py:161} INFO - Started process (PID=41692) to work on /opt/airflow/dags/predict.py
[2026-02-01T22:46:18.180+0000] {processor.py:830} INFO - Processing file /opt/airflow/dags/predict.py for tasks to queue
[2026-02-01T22:46:18.183+0000] {logging_mixin.py:188} INFO - [2026-02-01T22:46:18.183+0000] {dagbag.py:545} INFO - Filling up the DagBag from /opt/airflow/dags/predict.py
[2026-02-01T22:46:20.055+0000] {logging_mixin.py:188} WARNING - /opt/airflow/dags/predict.py:34 RemovedInAirflow3Warning: Function `days_ago` is deprecated and will be removed in Airflow 3.0. You can achieve equivalent behavior with `pendulum.today('UTC').add(days=-N, ...)`
[2026-02-01T22:46:20.056+0000] {logging_mixin.py:188} WARNING - /opt/airflow/dags/predict.py:29 RemovedInAirflow3Warning: Param `schedule_interval` is deprecated and will be removed in a future release. Please use `schedule` instead.
[2026-02-01T22:46:20.059+0000] {processor.py:840} INFO - DAG(s) 'ml_prediction_pipeline' retrieved from /opt/airflow/dags/predict.py
[2026-02-01T22:46:20.075+0000] {logging_mixin.py:188} INFO - [2026-02-01T22:46:20.075+0000] {dag.py:3096} INFO - Sync 1 DAGs
[2026-02-01T22:46:20.088+0000] {logging_mixin.py:188} INFO - [2026-02-01T22:46:20.088+0000] {dag.py:3954} INFO - Setting next_dagrun for ml_prediction_pipeline to 2026-01-31 00:00:00+00:00, run_after=2026-02-01 00:00:00+00:00
[2026-02-01T22:46:20.101+0000] {processor.py:183} INFO - Processing /opt/airflow/dags/predict.py took 1.929 seconds
[2026-02-01T22:46:51.579+0000] {processor.py:161} INFO - Started process (PID=41740) to work on /opt/airflow/dags/predict.py
[2026-02-01T22:46:51.579+0000] {processor.py:830} INFO - Processing file /opt/airflow/dags/predict.py for tasks to queue
[2026-02-01T22:46:51.581+0000] {logging_mixin.py:188} INFO - [2026-02-01T22:46:51.581+0000] {dagbag.py:545} INFO - Filling up the DagBag from /opt/airflow/dags/predict.py
[2026-02-01T22:46:53.550+0000] {logging_mixin.py:188} WARNING - /opt/airflow/dags/predict.py:34 RemovedInAirflow3Warning: Function `days_ago` is deprecated and will be removed in Airflow 3.0. You can achieve equivalent behavior with `pendulum.today('UTC').add(days=-N, ...)`
[2026-02-01T22:46:53.551+0000] {logging_mixin.py:188} WARNING - /opt/airflow/dags/predict.py:29 RemovedInAirflow3Warning: Param `schedule_interval` is deprecated and will be removed in a future release. Please use `schedule` instead.
[2026-02-01T22:46:53.554+0000] {processor.py:840} INFO - DAG(s) 'ml_prediction_pipeline' retrieved from /opt/airflow/dags/predict.py
[2026-02-01T22:46:53.649+0000] {logging_mixin.py:188} INFO - [2026-02-01T22:46:53.649+0000] {dag.py:3096} INFO - Sync 1 DAGs
[2026-02-01T22:46:53.662+0000] {logging_mixin.py:188} INFO - [2026-02-01T22:46:53.662+0000] {dag.py:3954} INFO - Setting next_dagrun for ml_prediction_pipeline to 2026-01-31 00:00:00+00:00, run_after=2026-02-01 00:00:00+00:00
[2026-02-01T22:46:53.677+0000] {processor.py:183} INFO - Processing /opt/airflow/dags/predict.py took 2.102 seconds
[2026-02-01T22:47:25.125+0000] {processor.py:161} INFO - Started process (PID=41787) to work on /opt/airflow/dags/predict.py
[2026-02-01T22:47:25.127+0000] {processor.py:830} INFO - Processing file /opt/airflow/dags/predict.py for tasks to queue
[2026-02-01T22:47:25.128+0000] {logging_mixin.py:188} INFO - [2026-02-01T22:47:25.128+0000] {dagbag.py:545} INFO - Filling up the DagBag from /opt/airflow/dags/predict.py
[2026-02-01T22:47:26.958+0000] {logging_mixin.py:188} WARNING - /opt/airflow/dags/predict.py:34 RemovedInAirflow3Warning: Function `days_ago` is deprecated and will be removed in Airflow 3.0. You can achieve equivalent behavior with `pendulum.today('UTC').add(days=-N, ...)`
[2026-02-01T22:47:26.959+0000] {logging_mixin.py:188} WARNING - /opt/airflow/dags/predict.py:29 RemovedInAirflow3Warning: Param `schedule_interval` is deprecated and will be removed in a future release. Please use `schedule` instead.
[2026-02-01T22:47:26.964+0000] {processor.py:840} INFO - DAG(s) 'ml_prediction_pipeline' retrieved from /opt/airflow/dags/predict.py
[2026-02-01T22:47:26.981+0000] {logging_mixin.py:188} INFO - [2026-02-01T22:47:26.980+0000] {dag.py:3096} INFO - Sync 1 DAGs
[2026-02-01T22:47:26.994+0000] {logging_mixin.py:188} INFO - [2026-02-01T22:47:26.994+0000] {dag.py:3954} INFO - Setting next_dagrun for ml_prediction_pipeline to 2026-01-31 00:00:00+00:00, run_after=2026-02-01 00:00:00+00:00
[2026-02-01T22:47:27.006+0000] {processor.py:183} INFO - Processing /opt/airflow/dags/predict.py took 1.885 seconds
[2026-02-01T22:47:58.454+0000] {processor.py:161} INFO - Started process (PID=41834) to work on /opt/airflow/dags/predict.py
[2026-02-01T22:47:58.455+0000] {processor.py:830} INFO - Processing file /opt/airflow/dags/predict.py for tasks to queue
[2026-02-01T22:47:58.456+0000] {logging_mixin.py:188} INFO - [2026-02-01T22:47:58.456+0000] {dagbag.py:545} INFO - Filling up the DagBag from /opt/airflow/dags/predict.py
[2026-02-01T22:48:00.304+0000] {logging_mixin.py:188} WARNING - /opt/airflow/dags/predict.py:34 RemovedInAirflow3Warning: Function `days_ago` is deprecated and will be removed in Airflow 3.0. You can achieve equivalent behavior with `pendulum.today('UTC').add(days=-N, ...)`
[2026-02-01T22:48:00.305+0000] {logging_mixin.py:188} WARNING - /opt/airflow/dags/predict.py:29 RemovedInAirflow3Warning: Param `schedule_interval` is deprecated and will be removed in a future release. Please use `schedule` instead.
[2026-02-01T22:48:00.308+0000] {processor.py:840} INFO - DAG(s) 'ml_prediction_pipeline' retrieved from /opt/airflow/dags/predict.py
[2026-02-01T22:48:00.325+0000] {logging_mixin.py:188} INFO - [2026-02-01T22:48:00.324+0000] {dag.py:3096} INFO - Sync 1 DAGs
[2026-02-01T22:48:00.338+0000] {logging_mixin.py:188} INFO - [2026-02-01T22:48:00.338+0000] {dag.py:3954} INFO - Setting next_dagrun for ml_prediction_pipeline to 2026-01-31 00:00:00+00:00, run_after=2026-02-01 00:00:00+00:00
[2026-02-01T22:48:00.352+0000] {processor.py:183} INFO - Processing /opt/airflow/dags/predict.py took 1.903 seconds
[2026-02-01T22:48:31.809+0000] {processor.py:161} INFO - Started process (PID=41881) to work on /opt/airflow/dags/predict.py
[2026-02-01T22:48:31.810+0000] {processor.py:830} INFO - Processing file /opt/airflow/dags/predict.py for tasks to queue
[2026-02-01T22:48:31.812+0000] {logging_mixin.py:188} INFO - [2026-02-01T22:48:31.811+0000] {dagbag.py:545} INFO - Filling up the DagBag from /opt/airflow/dags/predict.py
[2026-02-01T22:48:33.513+0000] {logging_mixin.py:188} WARNING - /opt/airflow/dags/predict.py:34 RemovedInAirflow3Warning: Function `days_ago` is deprecated and will be removed in Airflow 3.0. You can achieve equivalent behavior with `pendulum.today('UTC').add(days=-N, ...)`
[2026-02-01T22:48:33.514+0000] {logging_mixin.py:188} WARNING - /opt/airflow/dags/predict.py:29 RemovedInAirflow3Warning: Param `schedule_interval` is deprecated and will be removed in a future release. Please use `schedule` instead.
[2026-02-01T22:48:33.517+0000] {processor.py:840} INFO - DAG(s) 'ml_prediction_pipeline' retrieved from /opt/airflow/dags/predict.py
[2026-02-01T22:48:33.534+0000] {logging_mixin.py:188} INFO - [2026-02-01T22:48:33.534+0000] {dag.py:3096} INFO - Sync 1 DAGs
[2026-02-01T22:48:33.548+0000] {logging_mixin.py:188} INFO - [2026-02-01T22:48:33.548+0000] {dag.py:3954} INFO - Setting next_dagrun for ml_prediction_pipeline to 2026-01-31 00:00:00+00:00, run_after=2026-02-01 00:00:00+00:00
[2026-02-01T22:48:33.560+0000] {processor.py:183} INFO - Processing /opt/airflow/dags/predict.py took 1.756 seconds
[2026-02-01T22:49:05.015+0000] {processor.py:161} INFO - Started process (PID=41928) to work on /opt/airflow/dags/predict.py
[2026-02-01T22:49:05.016+0000] {processor.py:830} INFO - Processing file /opt/airflow/dags/predict.py for tasks to queue
[2026-02-01T22:49:05.017+0000] {logging_mixin.py:188} INFO - [2026-02-01T22:49:05.017+0000] {dagbag.py:545} INFO - Filling up the DagBag from /opt/airflow/dags/predict.py
[2026-02-01T22:49:06.712+0000] {logging_mixin.py:188} WARNING - /opt/airflow/dags/predict.py:34 RemovedInAirflow3Warning: Function `days_ago` is deprecated and will be removed in Airflow 3.0. You can achieve equivalent behavior with `pendulum.today('UTC').add(days=-N, ...)`
[2026-02-01T22:49:06.713+0000] {logging_mixin.py:188} WARNING - /opt/airflow/dags/predict.py:29 RemovedInAirflow3Warning: Param `schedule_interval` is deprecated and will be removed in a future release. Please use `schedule` instead.
[2026-02-01T22:49:06.717+0000] {processor.py:840} INFO - DAG(s) 'ml_prediction_pipeline' retrieved from /opt/airflow/dags/predict.py
[2026-02-01T22:49:06.734+0000] {logging_mixin.py:188} INFO - [2026-02-01T22:49:06.734+0000] {dag.py:3096} INFO - Sync 1 DAGs
[2026-02-01T22:49:06.751+0000] {logging_mixin.py:188} INFO - [2026-02-01T22:49:06.751+0000] {dag.py:3954} INFO - Setting next_dagrun for ml_prediction_pipeline to 2026-01-31 00:00:00+00:00, run_after=2026-02-01 00:00:00+00:00
[2026-02-01T22:49:06.763+0000] {processor.py:183} INFO - Processing /opt/airflow/dags/predict.py took 1.752 seconds
[2026-02-01T22:49:38.641+0000] {processor.py:161} INFO - Started process (PID=41975) to work on /opt/airflow/dags/predict.py
[2026-02-01T22:49:38.642+0000] {processor.py:830} INFO - Processing file /opt/airflow/dags/predict.py for tasks to queue
[2026-02-01T22:49:38.643+0000] {logging_mixin.py:188} INFO - [2026-02-01T22:49:38.643+0000] {dagbag.py:545} INFO - Filling up the DagBag from /opt/airflow/dags/predict.py
[2026-02-01T22:49:40.433+0000] {logging_mixin.py:188} WARNING - /opt/airflow/dags/predict.py:34 RemovedInAirflow3Warning: Function `days_ago` is deprecated and will be removed in Airflow 3.0. You can achieve equivalent behavior with `pendulum.today('UTC').add(days=-N, ...)`
[2026-02-01T22:49:40.433+0000] {logging_mixin.py:188} WARNING - /opt/airflow/dags/predict.py:29 RemovedInAirflow3Warning: Param `schedule_interval` is deprecated and will be removed in a future release. Please use `schedule` instead.
[2026-02-01T22:49:40.437+0000] {processor.py:840} INFO - DAG(s) 'ml_prediction_pipeline' retrieved from /opt/airflow/dags/predict.py
[2026-02-01T22:49:40.453+0000] {logging_mixin.py:188} INFO - [2026-02-01T22:49:40.453+0000] {dag.py:3096} INFO - Sync 1 DAGs
[2026-02-01T22:49:40.464+0000] {logging_mixin.py:188} INFO - [2026-02-01T22:49:40.464+0000] {dag.py:3954} INFO - Setting next_dagrun for ml_prediction_pipeline to 2026-01-31 00:00:00+00:00, run_after=2026-02-01 00:00:00+00:00
[2026-02-01T22:49:40.476+0000] {processor.py:183} INFO - Processing /opt/airflow/dags/predict.py took 1.839 seconds
[2026-02-01T22:50:11.913+0000] {processor.py:161} INFO - Started process (PID=42022) to work on /opt/airflow/dags/predict.py
[2026-02-01T22:50:11.913+0000] {processor.py:830} INFO - Processing file /opt/airflow/dags/predict.py for tasks to queue
[2026-02-01T22:50:11.914+0000] {logging_mixin.py:188} INFO - [2026-02-01T22:50:11.914+0000] {dagbag.py:545} INFO - Filling up the DagBag from /opt/airflow/dags/predict.py
[2026-02-01T22:50:13.635+0000] {logging_mixin.py:188} WARNING - /opt/airflow/dags/predict.py:34 RemovedInAirflow3Warning: Function `days_ago` is deprecated and will be removed in Airflow 3.0. You can achieve equivalent behavior with `pendulum.today('UTC').add(days=-N, ...)`
[2026-02-01T22:50:13.636+0000] {logging_mixin.py:188} WARNING - /opt/airflow/dags/predict.py:29 RemovedInAirflow3Warning: Param `schedule_interval` is deprecated and will be removed in a future release. Please use `schedule` instead.
[2026-02-01T22:50:13.639+0000] {processor.py:840} INFO - DAG(s) 'ml_prediction_pipeline' retrieved from /opt/airflow/dags/predict.py
[2026-02-01T22:50:13.743+0000] {logging_mixin.py:188} INFO - [2026-02-01T22:50:13.742+0000] {dag.py:3096} INFO - Sync 1 DAGs
[2026-02-01T22:50:13.753+0000] {logging_mixin.py:188} INFO - [2026-02-01T22:50:13.753+0000] {dag.py:3954} INFO - Setting next_dagrun for ml_prediction_pipeline to 2026-01-31 00:00:00+00:00, run_after=2026-02-01 00:00:00+00:00
[2026-02-01T22:50:13.765+0000] {processor.py:183} INFO - Processing /opt/airflow/dags/predict.py took 1.857 seconds
[2026-02-01T22:50:45.223+0000] {processor.py:161} INFO - Started process (PID=42069) to work on /opt/airflow/dags/predict.py
[2026-02-01T22:50:45.224+0000] {processor.py:830} INFO - Processing file /opt/airflow/dags/predict.py for tasks to queue
[2026-02-01T22:50:45.225+0000] {logging_mixin.py:188} INFO - [2026-02-01T22:50:45.225+0000] {dagbag.py:545} INFO - Filling up the DagBag from /opt/airflow/dags/predict.py
[2026-02-01T22:50:46.925+0000] {logging_mixin.py:188} WARNING - /opt/airflow/dags/predict.py:34 RemovedInAirflow3Warning: Function `days_ago` is deprecated and will be removed in Airflow 3.0. You can achieve equivalent behavior with `pendulum.today('UTC').add(days=-N, ...)`
[2026-02-01T22:50:46.926+0000] {logging_mixin.py:188} WARNING - /opt/airflow/dags/predict.py:29 RemovedInAirflow3Warning: Param `schedule_interval` is deprecated and will be removed in a future release. Please use `schedule` instead.
[2026-02-01T22:50:46.929+0000] {processor.py:840} INFO - DAG(s) 'ml_prediction_pipeline' retrieved from /opt/airflow/dags/predict.py
[2026-02-01T22:50:46.946+0000] {logging_mixin.py:188} INFO - [2026-02-01T22:50:46.945+0000] {dag.py:3096} INFO - Sync 1 DAGs
[2026-02-01T22:50:46.957+0000] {logging_mixin.py:188} INFO - [2026-02-01T22:50:46.957+0000] {dag.py:3954} INFO - Setting next_dagrun for ml_prediction_pipeline to 2026-01-31 00:00:00+00:00, run_after=2026-02-01 00:00:00+00:00
[2026-02-01T22:50:46.969+0000] {processor.py:183} INFO - Processing /opt/airflow/dags/predict.py took 1.750 seconds
[2026-02-01T22:51:18.350+0000] {processor.py:161} INFO - Started process (PID=42116) to work on /opt/airflow/dags/predict.py
[2026-02-01T22:51:18.350+0000] {processor.py:830} INFO - Processing file /opt/airflow/dags/predict.py for tasks to queue
[2026-02-01T22:51:18.352+0000] {logging_mixin.py:188} INFO - [2026-02-01T22:51:18.352+0000] {dagbag.py:545} INFO - Filling up the DagBag from /opt/airflow/dags/predict.py
[2026-02-01T22:51:20.537+0000] {logging_mixin.py:188} WARNING - /opt/airflow/dags/predict.py:34 RemovedInAirflow3Warning: Function `days_ago` is deprecated and will be removed in Airflow 3.0. You can achieve equivalent behavior with `pendulum.today('UTC').add(days=-N, ...)`
[2026-02-01T22:51:20.538+0000] {logging_mixin.py:188} WARNING - /opt/airflow/dags/predict.py:29 RemovedInAirflow3Warning: Param `schedule_interval` is deprecated and will be removed in a future release. Please use `schedule` instead.
[2026-02-01T22:51:20.541+0000] {processor.py:840} INFO - DAG(s) 'ml_prediction_pipeline' retrieved from /opt/airflow/dags/predict.py
[2026-02-01T22:51:20.560+0000] {logging_mixin.py:188} INFO - [2026-02-01T22:51:20.560+0000] {dag.py:3096} INFO - Sync 1 DAGs
[2026-02-01T22:51:20.576+0000] {logging_mixin.py:188} INFO - [2026-02-01T22:51:20.575+0000] {dag.py:3954} INFO - Setting next_dagrun for ml_prediction_pipeline to 2026-01-31 00:00:00+00:00, run_after=2026-02-01 00:00:00+00:00
[2026-02-01T22:51:20.590+0000] {processor.py:183} INFO - Processing /opt/airflow/dags/predict.py took 2.246 seconds
[2026-02-01T22:51:51.777+0000] {processor.py:161} INFO - Started process (PID=42163) to work on /opt/airflow/dags/predict.py
[2026-02-01T22:51:51.778+0000] {processor.py:830} INFO - Processing file /opt/airflow/dags/predict.py for tasks to queue
[2026-02-01T22:51:51.780+0000] {logging_mixin.py:188} INFO - [2026-02-01T22:51:51.780+0000] {dagbag.py:545} INFO - Filling up the DagBag from /opt/airflow/dags/predict.py
[2026-02-01T22:51:53.774+0000] {logging_mixin.py:188} WARNING - /opt/airflow/dags/predict.py:34 RemovedInAirflow3Warning: Function `days_ago` is deprecated and will be removed in Airflow 3.0. You can achieve equivalent behavior with `pendulum.today('UTC').add(days=-N, ...)`
[2026-02-01T22:51:53.775+0000] {logging_mixin.py:188} WARNING - /opt/airflow/dags/predict.py:29 RemovedInAirflow3Warning: Param `schedule_interval` is deprecated and will be removed in a future release. Please use `schedule` instead.
[2026-02-01T22:51:53.778+0000] {processor.py:840} INFO - DAG(s) 'ml_prediction_pipeline' retrieved from /opt/airflow/dags/predict.py
[2026-02-01T22:51:53.795+0000] {logging_mixin.py:188} INFO - [2026-02-01T22:51:53.795+0000] {dag.py:3096} INFO - Sync 1 DAGs
[2026-02-01T22:51:53.809+0000] {logging_mixin.py:188} INFO - [2026-02-01T22:51:53.809+0000] {dag.py:3954} INFO - Setting next_dagrun for ml_prediction_pipeline to 2026-01-31 00:00:00+00:00, run_after=2026-02-01 00:00:00+00:00
[2026-02-01T22:51:53.821+0000] {processor.py:183} INFO - Processing /opt/airflow/dags/predict.py took 2.053 seconds
[2026-02-01T22:52:25.133+0000] {processor.py:161} INFO - Started process (PID=42210) to work on /opt/airflow/dags/predict.py
[2026-02-01T22:52:25.134+0000] {processor.py:830} INFO - Processing file /opt/airflow/dags/predict.py for tasks to queue
[2026-02-01T22:52:25.135+0000] {logging_mixin.py:188} INFO - [2026-02-01T22:52:25.135+0000] {dagbag.py:545} INFO - Filling up the DagBag from /opt/airflow/dags/predict.py
[2026-02-01T22:52:27.096+0000] {logging_mixin.py:188} WARNING - /opt/airflow/dags/predict.py:34 RemovedInAirflow3Warning: Function `days_ago` is deprecated and will be removed in Airflow 3.0. You can achieve equivalent behavior with `pendulum.today('UTC').add(days=-N, ...)`
[2026-02-01T22:52:27.096+0000] {logging_mixin.py:188} WARNING - /opt/airflow/dags/predict.py:29 RemovedInAirflow3Warning: Param `schedule_interval` is deprecated and will be removed in a future release. Please use `schedule` instead.
[2026-02-01T22:52:27.100+0000] {processor.py:840} INFO - DAG(s) 'ml_prediction_pipeline' retrieved from /opt/airflow/dags/predict.py
[2026-02-01T22:52:27.117+0000] {logging_mixin.py:188} INFO - [2026-02-01T22:52:27.117+0000] {dag.py:3096} INFO - Sync 1 DAGs
[2026-02-01T22:52:27.130+0000] {logging_mixin.py:188} INFO - [2026-02-01T22:52:27.130+0000] {dag.py:3954} INFO - Setting next_dagrun for ml_prediction_pipeline to 2026-01-31 00:00:00+00:00, run_after=2026-02-01 00:00:00+00:00
[2026-02-01T22:52:27.143+0000] {processor.py:183} INFO - Processing /opt/airflow/dags/predict.py took 2.014 seconds
[2026-02-01T22:52:58.369+0000] {processor.py:161} INFO - Started process (PID=42257) to work on /opt/airflow/dags/predict.py
[2026-02-01T22:52:58.371+0000] {processor.py:830} INFO - Processing file /opt/airflow/dags/predict.py for tasks to queue
[2026-02-01T22:52:58.373+0000] {logging_mixin.py:188} INFO - [2026-02-01T22:52:58.373+0000] {dagbag.py:545} INFO - Filling up the DagBag from /opt/airflow/dags/predict.py
[2026-02-01T22:53:00.472+0000] {logging_mixin.py:188} WARNING - /opt/airflow/dags/predict.py:34 RemovedInAirflow3Warning: Function `days_ago` is deprecated and will be removed in Airflow 3.0. You can achieve equivalent behavior with `pendulum.today('UTC').add(days=-N, ...)`
[2026-02-01T22:53:00.473+0000] {logging_mixin.py:188} WARNING - /opt/airflow/dags/predict.py:29 RemovedInAirflow3Warning: Param `schedule_interval` is deprecated and will be removed in a future release. Please use `schedule` instead.
[2026-02-01T22:53:00.479+0000] {processor.py:840} INFO - DAG(s) 'ml_prediction_pipeline' retrieved from /opt/airflow/dags/predict.py
[2026-02-01T22:53:00.597+0000] {logging_mixin.py:188} INFO - [2026-02-01T22:53:00.597+0000] {dag.py:3096} INFO - Sync 1 DAGs
[2026-02-01T22:53:00.613+0000] {logging_mixin.py:188} INFO - [2026-02-01T22:53:00.613+0000] {dag.py:3954} INFO - Setting next_dagrun for ml_prediction_pipeline to 2026-01-31 00:00:00+00:00, run_after=2026-02-01 00:00:00+00:00
[2026-02-01T22:53:00.629+0000] {processor.py:183} INFO - Processing /opt/airflow/dags/predict.py took 2.265 seconds
[2026-02-01T22:53:31.866+0000] {processor.py:161} INFO - Started process (PID=42304) to work on /opt/airflow/dags/predict.py
[2026-02-01T22:53:31.867+0000] {processor.py:830} INFO - Processing file /opt/airflow/dags/predict.py for tasks to queue
[2026-02-01T22:53:31.868+0000] {logging_mixin.py:188} INFO - [2026-02-01T22:53:31.868+0000] {dagbag.py:545} INFO - Filling up the DagBag from /opt/airflow/dags/predict.py
[2026-02-01T22:53:34.083+0000] {logging_mixin.py:188} WARNING - /opt/airflow/dags/predict.py:34 RemovedInAirflow3Warning: Function `days_ago` is deprecated and will be removed in Airflow 3.0. You can achieve equivalent behavior with `pendulum.today('UTC').add(days=-N, ...)`
[2026-02-01T22:53:34.084+0000] {logging_mixin.py:188} WARNING - /opt/airflow/dags/predict.py:29 RemovedInAirflow3Warning: Param `schedule_interval` is deprecated and will be removed in a future release. Please use `schedule` instead.
[2026-02-01T22:53:34.089+0000] {processor.py:840} INFO - DAG(s) 'ml_prediction_pipeline' retrieved from /opt/airflow/dags/predict.py
[2026-02-01T22:53:34.115+0000] {logging_mixin.py:188} INFO - [2026-02-01T22:53:34.115+0000] {dag.py:3096} INFO - Sync 1 DAGs
[2026-02-01T22:53:34.132+0000] {logging_mixin.py:188} INFO - [2026-02-01T22:53:34.132+0000] {dag.py:3954} INFO - Setting next_dagrun for ml_prediction_pipeline to 2026-01-31 00:00:00+00:00, run_after=2026-02-01 00:00:00+00:00
[2026-02-01T22:53:34.153+0000] {processor.py:183} INFO - Processing /opt/airflow/dags/predict.py took 2.291 seconds
[2026-02-01T22:54:05.553+0000] {processor.py:161} INFO - Started process (PID=42351) to work on /opt/airflow/dags/predict.py
[2026-02-01T22:54:05.554+0000] {processor.py:830} INFO - Processing file /opt/airflow/dags/predict.py for tasks to queue
[2026-02-01T22:54:05.556+0000] {logging_mixin.py:188} INFO - [2026-02-01T22:54:05.555+0000] {dagbag.py:545} INFO - Filling up the DagBag from /opt/airflow/dags/predict.py
[2026-02-01T22:54:07.854+0000] {logging_mixin.py:188} WARNING - /opt/airflow/dags/predict.py:34 RemovedInAirflow3Warning: Function `days_ago` is deprecated and will be removed in Airflow 3.0. You can achieve equivalent behavior with `pendulum.today('UTC').add(days=-N, ...)`
[2026-02-01T22:54:07.855+0000] {logging_mixin.py:188} WARNING - /opt/airflow/dags/predict.py:29 RemovedInAirflow3Warning: Param `schedule_interval` is deprecated and will be removed in a future release. Please use `schedule` instead.
[2026-02-01T22:54:07.859+0000] {processor.py:840} INFO - DAG(s) 'ml_prediction_pipeline' retrieved from /opt/airflow/dags/predict.py
[2026-02-01T22:54:07.882+0000] {logging_mixin.py:188} INFO - [2026-02-01T22:54:07.881+0000] {dag.py:3096} INFO - Sync 1 DAGs
[2026-02-01T22:54:07.897+0000] {logging_mixin.py:188} INFO - [2026-02-01T22:54:07.897+0000] {dag.py:3954} INFO - Setting next_dagrun for ml_prediction_pipeline to 2026-01-31 00:00:00+00:00, run_after=2026-02-01 00:00:00+00:00
[2026-02-01T22:54:07.914+0000] {processor.py:183} INFO - Processing /opt/airflow/dags/predict.py took 2.365 seconds
[2026-02-01T22:54:38.344+0000] {processor.py:161} INFO - Started process (PID=42399) to work on /opt/airflow/dags/predict.py
[2026-02-01T22:54:38.345+0000] {processor.py:830} INFO - Processing file /opt/airflow/dags/predict.py for tasks to queue
[2026-02-01T22:54:38.346+0000] {logging_mixin.py:188} INFO - [2026-02-01T22:54:38.346+0000] {dagbag.py:545} INFO - Filling up the DagBag from /opt/airflow/dags/predict.py
[2026-02-01T22:54:40.847+0000] {logging_mixin.py:188} WARNING - /opt/airflow/dags/predict.py:34 RemovedInAirflow3Warning: Function `days_ago` is deprecated and will be removed in Airflow 3.0. You can achieve equivalent behavior with `pendulum.today('UTC').add(days=-N, ...)`
[2026-02-01T22:54:40.848+0000] {logging_mixin.py:188} WARNING - /opt/airflow/dags/predict.py:29 RemovedInAirflow3Warning: Param `schedule_interval` is deprecated and will be removed in a future release. Please use `schedule` instead.
[2026-02-01T22:54:40.852+0000] {processor.py:840} INFO - DAG(s) 'ml_prediction_pipeline' retrieved from /opt/airflow/dags/predict.py
[2026-02-01T22:54:40.876+0000] {logging_mixin.py:188} INFO - [2026-02-01T22:54:40.876+0000] {dag.py:3096} INFO - Sync 1 DAGs
[2026-02-01T22:54:40.898+0000] {logging_mixin.py:188} INFO - [2026-02-01T22:54:40.898+0000] {dag.py:3954} INFO - Setting next_dagrun for ml_prediction_pipeline to 2026-01-31 00:00:00+00:00, run_after=2026-02-01 00:00:00+00:00
[2026-02-01T22:54:40.913+0000] {processor.py:183} INFO - Processing /opt/airflow/dags/predict.py took 2.573 seconds
[2026-02-01T22:55:11.847+0000] {processor.py:161} INFO - Started process (PID=42446) to work on /opt/airflow/dags/predict.py
[2026-02-01T22:55:11.848+0000] {processor.py:830} INFO - Processing file /opt/airflow/dags/predict.py for tasks to queue
[2026-02-01T22:55:11.849+0000] {logging_mixin.py:188} INFO - [2026-02-01T22:55:11.849+0000] {dagbag.py:545} INFO - Filling up the DagBag from /opt/airflow/dags/predict.py
[2026-02-01T22:55:13.641+0000] {logging_mixin.py:188} WARNING - /opt/airflow/dags/predict.py:34 RemovedInAirflow3Warning: Function `days_ago` is deprecated and will be removed in Airflow 3.0. You can achieve equivalent behavior with `pendulum.today('UTC').add(days=-N, ...)`
[2026-02-01T22:55:13.642+0000] {logging_mixin.py:188} WARNING - /opt/airflow/dags/predict.py:29 RemovedInAirflow3Warning: Param `schedule_interval` is deprecated and will be removed in a future release. Please use `schedule` instead.
[2026-02-01T22:55:13.645+0000] {processor.py:840} INFO - DAG(s) 'ml_prediction_pipeline' retrieved from /opt/airflow/dags/predict.py
[2026-02-01T22:55:13.665+0000] {logging_mixin.py:188} INFO - [2026-02-01T22:55:13.664+0000] {dag.py:3096} INFO - Sync 1 DAGs
[2026-02-01T22:55:13.679+0000] {logging_mixin.py:188} INFO - [2026-02-01T22:55:13.679+0000] {dag.py:3954} INFO - Setting next_dagrun for ml_prediction_pipeline to 2026-01-31 00:00:00+00:00, run_after=2026-02-01 00:00:00+00:00
[2026-02-01T22:55:13.690+0000] {processor.py:183} INFO - Processing /opt/airflow/dags/predict.py took 1.847 seconds
[2026-02-01T22:55:45.143+0000] {processor.py:161} INFO - Started process (PID=42493) to work on /opt/airflow/dags/predict.py
[2026-02-01T22:55:45.143+0000] {processor.py:830} INFO - Processing file /opt/airflow/dags/predict.py for tasks to queue
[2026-02-01T22:55:45.145+0000] {logging_mixin.py:188} INFO - [2026-02-01T22:55:45.145+0000] {dagbag.py:545} INFO - Filling up the DagBag from /opt/airflow/dags/predict.py
[2026-02-01T22:55:46.934+0000] {logging_mixin.py:188} WARNING - /opt/airflow/dags/predict.py:34 RemovedInAirflow3Warning: Function `days_ago` is deprecated and will be removed in Airflow 3.0. You can achieve equivalent behavior with `pendulum.today('UTC').add(days=-N, ...)`
[2026-02-01T22:55:46.935+0000] {logging_mixin.py:188} WARNING - /opt/airflow/dags/predict.py:29 RemovedInAirflow3Warning: Param `schedule_interval` is deprecated and will be removed in a future release. Please use `schedule` instead.
[2026-02-01T22:55:46.939+0000] {processor.py:840} INFO - DAG(s) 'ml_prediction_pipeline' retrieved from /opt/airflow/dags/predict.py
[2026-02-01T22:55:46.958+0000] {logging_mixin.py:188} INFO - [2026-02-01T22:55:46.958+0000] {dag.py:3096} INFO - Sync 1 DAGs
[2026-02-01T22:55:46.977+0000] {logging_mixin.py:188} INFO - [2026-02-01T22:55:46.977+0000] {dag.py:3954} INFO - Setting next_dagrun for ml_prediction_pipeline to 2026-01-31 00:00:00+00:00, run_after=2026-02-01 00:00:00+00:00
[2026-02-01T22:55:46.997+0000] {processor.py:183} INFO - Processing /opt/airflow/dags/predict.py took 1.859 seconds
[2026-02-01T22:56:18.449+0000] {processor.py:161} INFO - Started process (PID=42540) to work on /opt/airflow/dags/predict.py
[2026-02-01T22:56:18.451+0000] {processor.py:830} INFO - Processing file /opt/airflow/dags/predict.py for tasks to queue
[2026-02-01T22:56:18.453+0000] {logging_mixin.py:188} INFO - [2026-02-01T22:56:18.452+0000] {dagbag.py:545} INFO - Filling up the DagBag from /opt/airflow/dags/predict.py
[2026-02-01T22:56:20.288+0000] {logging_mixin.py:188} WARNING - /opt/airflow/dags/predict.py:34 RemovedInAirflow3Warning: Function `days_ago` is deprecated and will be removed in Airflow 3.0. You can achieve equivalent behavior with `pendulum.today('UTC').add(days=-N, ...)`
[2026-02-01T22:56:20.289+0000] {logging_mixin.py:188} WARNING - /opt/airflow/dags/predict.py:29 RemovedInAirflow3Warning: Param `schedule_interval` is deprecated and will be removed in a future release. Please use `schedule` instead.
[2026-02-01T22:56:20.292+0000] {processor.py:840} INFO - DAG(s) 'ml_prediction_pipeline' retrieved from /opt/airflow/dags/predict.py
[2026-02-01T22:56:20.379+0000] {logging_mixin.py:188} INFO - [2026-02-01T22:56:20.378+0000] {dag.py:3096} INFO - Sync 1 DAGs
[2026-02-01T22:56:20.389+0000] {logging_mixin.py:188} INFO - [2026-02-01T22:56:20.389+0000] {dag.py:3954} INFO - Setting next_dagrun for ml_prediction_pipeline to 2026-01-31 00:00:00+00:00, run_after=2026-02-01 00:00:00+00:00
[2026-02-01T22:56:20.399+0000] {processor.py:183} INFO - Processing /opt/airflow/dags/predict.py took 1.954 seconds
[2026-02-01T22:56:51.873+0000] {processor.py:161} INFO - Started process (PID=42587) to work on /opt/airflow/dags/predict.py
[2026-02-01T22:56:51.874+0000] {processor.py:830} INFO - Processing file /opt/airflow/dags/predict.py for tasks to queue
[2026-02-01T22:56:51.876+0000] {logging_mixin.py:188} INFO - [2026-02-01T22:56:51.875+0000] {dagbag.py:545} INFO - Filling up the DagBag from /opt/airflow/dags/predict.py
[2026-02-01T22:56:53.889+0000] {logging_mixin.py:188} WARNING - /opt/airflow/dags/predict.py:34 RemovedInAirflow3Warning: Function `days_ago` is deprecated and will be removed in Airflow 3.0. You can achieve equivalent behavior with `pendulum.today('UTC').add(days=-N, ...)`
[2026-02-01T22:56:53.890+0000] {logging_mixin.py:188} WARNING - /opt/airflow/dags/predict.py:29 RemovedInAirflow3Warning: Param `schedule_interval` is deprecated and will be removed in a future release. Please use `schedule` instead.
[2026-02-01T22:56:53.894+0000] {processor.py:840} INFO - DAG(s) 'ml_prediction_pipeline' retrieved from /opt/airflow/dags/predict.py
[2026-02-01T22:56:53.918+0000] {logging_mixin.py:188} INFO - [2026-02-01T22:56:53.917+0000] {dag.py:3096} INFO - Sync 1 DAGs
[2026-02-01T22:56:53.934+0000] {logging_mixin.py:188} INFO - [2026-02-01T22:56:53.934+0000] {dag.py:3954} INFO - Setting next_dagrun for ml_prediction_pipeline to 2026-01-31 00:00:00+00:00, run_after=2026-02-01 00:00:00+00:00
[2026-02-01T22:56:53.953+0000] {processor.py:183} INFO - Processing /opt/airflow/dags/predict.py took 2.083 seconds
[2026-02-01T22:57:25.425+0000] {processor.py:161} INFO - Started process (PID=42634) to work on /opt/airflow/dags/predict.py
[2026-02-01T22:57:25.427+0000] {processor.py:830} INFO - Processing file /opt/airflow/dags/predict.py for tasks to queue
[2026-02-01T22:57:25.429+0000] {logging_mixin.py:188} INFO - [2026-02-01T22:57:25.428+0000] {dagbag.py:545} INFO - Filling up the DagBag from /opt/airflow/dags/predict.py
[2026-02-01T22:57:27.135+0000] {logging_mixin.py:188} WARNING - /opt/airflow/dags/predict.py:34 RemovedInAirflow3Warning: Function `days_ago` is deprecated and will be removed in Airflow 3.0. You can achieve equivalent behavior with `pendulum.today('UTC').add(days=-N, ...)`
[2026-02-01T22:57:27.136+0000] {logging_mixin.py:188} WARNING - /opt/airflow/dags/predict.py:29 RemovedInAirflow3Warning: Param `schedule_interval` is deprecated and will be removed in a future release. Please use `schedule` instead.
[2026-02-01T22:57:27.140+0000] {processor.py:840} INFO - DAG(s) 'ml_prediction_pipeline' retrieved from /opt/airflow/dags/predict.py
[2026-02-01T22:57:27.156+0000] {logging_mixin.py:188} INFO - [2026-02-01T22:57:27.156+0000] {dag.py:3096} INFO - Sync 1 DAGs
[2026-02-01T22:57:27.168+0000] {logging_mixin.py:188} INFO - [2026-02-01T22:57:27.167+0000] {dag.py:3954} INFO - Setting next_dagrun for ml_prediction_pipeline to 2026-01-31 00:00:00+00:00, run_after=2026-02-01 00:00:00+00:00
[2026-02-01T22:57:27.178+0000] {processor.py:183} INFO - Processing /opt/airflow/dags/predict.py took 1.757 seconds
[2026-02-01T22:57:58.638+0000] {processor.py:161} INFO - Started process (PID=42681) to work on /opt/airflow/dags/predict.py
[2026-02-01T22:57:58.639+0000] {processor.py:830} INFO - Processing file /opt/airflow/dags/predict.py for tasks to queue
[2026-02-01T22:57:58.640+0000] {logging_mixin.py:188} INFO - [2026-02-01T22:57:58.640+0000] {dagbag.py:545} INFO - Filling up the DagBag from /opt/airflow/dags/predict.py
[2026-02-01T22:58:00.432+0000] {logging_mixin.py:188} WARNING - /opt/airflow/dags/predict.py:34 RemovedInAirflow3Warning: Function `days_ago` is deprecated and will be removed in Airflow 3.0. You can achieve equivalent behavior with `pendulum.today('UTC').add(days=-N, ...)`
[2026-02-01T22:58:00.433+0000] {logging_mixin.py:188} WARNING - /opt/airflow/dags/predict.py:29 RemovedInAirflow3Warning: Param `schedule_interval` is deprecated and will be removed in a future release. Please use `schedule` instead.
[2026-02-01T22:58:00.436+0000] {processor.py:840} INFO - DAG(s) 'ml_prediction_pipeline' retrieved from /opt/airflow/dags/predict.py
[2026-02-01T22:58:00.451+0000] {logging_mixin.py:188} INFO - [2026-02-01T22:58:00.451+0000] {dag.py:3096} INFO - Sync 1 DAGs
[2026-02-01T22:58:00.463+0000] {logging_mixin.py:188} INFO - [2026-02-01T22:58:00.463+0000] {dag.py:3954} INFO - Setting next_dagrun for ml_prediction_pipeline to 2026-01-31 00:00:00+00:00, run_after=2026-02-01 00:00:00+00:00
[2026-02-01T22:58:00.474+0000] {processor.py:183} INFO - Processing /opt/airflow/dags/predict.py took 1.840 seconds
[2026-02-01T22:58:31.926+0000] {processor.py:161} INFO - Started process (PID=42728) to work on /opt/airflow/dags/predict.py
[2026-02-01T22:58:31.927+0000] {processor.py:830} INFO - Processing file /opt/airflow/dags/predict.py for tasks to queue
[2026-02-01T22:58:31.928+0000] {logging_mixin.py:188} INFO - [2026-02-01T22:58:31.927+0000] {dagbag.py:545} INFO - Filling up the DagBag from /opt/airflow/dags/predict.py
[2026-02-01T22:58:33.614+0000] {logging_mixin.py:188} WARNING - /opt/airflow/dags/predict.py:34 RemovedInAirflow3Warning: Function `days_ago` is deprecated and will be removed in Airflow 3.0. You can achieve equivalent behavior with `pendulum.today('UTC').add(days=-N, ...)`
[2026-02-01T22:58:33.614+0000] {logging_mixin.py:188} WARNING - /opt/airflow/dags/predict.py:29 RemovedInAirflow3Warning: Param `schedule_interval` is deprecated and will be removed in a future release. Please use `schedule` instead.
[2026-02-01T22:58:33.618+0000] {processor.py:840} INFO - DAG(s) 'ml_prediction_pipeline' retrieved from /opt/airflow/dags/predict.py
[2026-02-01T22:58:33.637+0000] {logging_mixin.py:188} INFO - [2026-02-01T22:58:33.637+0000] {dag.py:3096} INFO - Sync 1 DAGs
[2026-02-01T22:58:33.654+0000] {logging_mixin.py:188} INFO - [2026-02-01T22:58:33.653+0000] {dag.py:3954} INFO - Setting next_dagrun for ml_prediction_pipeline to 2026-01-31 00:00:00+00:00, run_after=2026-02-01 00:00:00+00:00
[2026-02-01T22:58:33.669+0000] {processor.py:183} INFO - Processing /opt/airflow/dags/predict.py took 1.750 seconds
[2026-02-01T22:59:05.144+0000] {processor.py:161} INFO - Started process (PID=42775) to work on /opt/airflow/dags/predict.py
[2026-02-01T22:59:05.144+0000] {processor.py:830} INFO - Processing file /opt/airflow/dags/predict.py for tasks to queue
[2026-02-01T22:59:05.146+0000] {logging_mixin.py:188} INFO - [2026-02-01T22:59:05.145+0000] {dagbag.py:545} INFO - Filling up the DagBag from /opt/airflow/dags/predict.py
[2026-02-01T22:59:06.798+0000] {logging_mixin.py:188} WARNING - /opt/airflow/dags/predict.py:34 RemovedInAirflow3Warning: Function `days_ago` is deprecated and will be removed in Airflow 3.0. You can achieve equivalent behavior with `pendulum.today('UTC').add(days=-N, ...)`
[2026-02-01T22:59:06.799+0000] {logging_mixin.py:188} WARNING - /opt/airflow/dags/predict.py:29 RemovedInAirflow3Warning: Param `schedule_interval` is deprecated and will be removed in a future release. Please use `schedule` instead.
[2026-02-01T22:59:06.802+0000] {processor.py:840} INFO - DAG(s) 'ml_prediction_pipeline' retrieved from /opt/airflow/dags/predict.py
[2026-02-01T22:59:06.820+0000] {logging_mixin.py:188} INFO - [2026-02-01T22:59:06.819+0000] {dag.py:3096} INFO - Sync 1 DAGs
[2026-02-01T22:59:06.833+0000] {logging_mixin.py:188} INFO - [2026-02-01T22:59:06.833+0000] {dag.py:3954} INFO - Setting next_dagrun for ml_prediction_pipeline to 2026-01-31 00:00:00+00:00, run_after=2026-02-01 00:00:00+00:00
[2026-02-01T22:59:06.844+0000] {processor.py:183} INFO - Processing /opt/airflow/dags/predict.py took 1.706 seconds
[2026-02-01T22:59:38.720+0000] {processor.py:161} INFO - Started process (PID=42822) to work on /opt/airflow/dags/predict.py
[2026-02-01T22:59:38.721+0000] {processor.py:830} INFO - Processing file /opt/airflow/dags/predict.py for tasks to queue
[2026-02-01T22:59:38.722+0000] {logging_mixin.py:188} INFO - [2026-02-01T22:59:38.722+0000] {dagbag.py:545} INFO - Filling up the DagBag from /opt/airflow/dags/predict.py
[2026-02-01T22:59:40.499+0000] {logging_mixin.py:188} WARNING - /opt/airflow/dags/predict.py:34 RemovedInAirflow3Warning: Function `days_ago` is deprecated and will be removed in Airflow 3.0. You can achieve equivalent behavior with `pendulum.today('UTC').add(days=-N, ...)`
[2026-02-01T22:59:40.501+0000] {logging_mixin.py:188} WARNING - /opt/airflow/dags/predict.py:29 RemovedInAirflow3Warning: Param `schedule_interval` is deprecated and will be removed in a future release. Please use `schedule` instead.
[2026-02-01T22:59:40.508+0000] {processor.py:840} INFO - DAG(s) 'ml_prediction_pipeline' retrieved from /opt/airflow/dags/predict.py
[2026-02-01T22:59:40.605+0000] {logging_mixin.py:188} INFO - [2026-02-01T22:59:40.604+0000] {dag.py:3096} INFO - Sync 1 DAGs
[2026-02-01T22:59:40.615+0000] {logging_mixin.py:188} INFO - [2026-02-01T22:59:40.615+0000] {dag.py:3954} INFO - Setting next_dagrun for ml_prediction_pipeline to 2026-01-31 00:00:00+00:00, run_after=2026-02-01 00:00:00+00:00
[2026-02-01T22:59:40.628+0000] {processor.py:183} INFO - Processing /opt/airflow/dags/predict.py took 1.913 seconds
[2026-02-01T23:00:12.084+0000] {processor.py:161} INFO - Started process (PID=42869) to work on /opt/airflow/dags/predict.py
[2026-02-01T23:00:12.085+0000] {processor.py:830} INFO - Processing file /opt/airflow/dags/predict.py for tasks to queue
[2026-02-01T23:00:12.086+0000] {logging_mixin.py:188} INFO - [2026-02-01T23:00:12.086+0000] {dagbag.py:545} INFO - Filling up the DagBag from /opt/airflow/dags/predict.py
[2026-02-01T23:00:13.792+0000] {logging_mixin.py:188} WARNING - /opt/airflow/dags/predict.py:34 RemovedInAirflow3Warning: Function `days_ago` is deprecated and will be removed in Airflow 3.0. You can achieve equivalent behavior with `pendulum.today('UTC').add(days=-N, ...)`
[2026-02-01T23:00:13.793+0000] {logging_mixin.py:188} WARNING - /opt/airflow/dags/predict.py:29 RemovedInAirflow3Warning: Param `schedule_interval` is deprecated and will be removed in a future release. Please use `schedule` instead.
[2026-02-01T23:00:13.796+0000] {processor.py:840} INFO - DAG(s) 'ml_prediction_pipeline' retrieved from /opt/airflow/dags/predict.py
[2026-02-01T23:00:13.813+0000] {logging_mixin.py:188} INFO - [2026-02-01T23:00:13.813+0000] {dag.py:3096} INFO - Sync 1 DAGs
[2026-02-01T23:00:13.827+0000] {logging_mixin.py:188} INFO - [2026-02-01T23:00:13.827+0000] {dag.py:3954} INFO - Setting next_dagrun for ml_prediction_pipeline to 2026-01-31 00:00:00+00:00, run_after=2026-02-01 00:00:00+00:00
[2026-02-01T23:00:13.838+0000] {processor.py:183} INFO - Processing /opt/airflow/dags/predict.py took 1.758 seconds
[2026-02-01T23:00:45.315+0000] {processor.py:161} INFO - Started process (PID=42916) to work on /opt/airflow/dags/predict.py
[2026-02-01T23:00:45.316+0000] {processor.py:830} INFO - Processing file /opt/airflow/dags/predict.py for tasks to queue
[2026-02-01T23:00:45.318+0000] {logging_mixin.py:188} INFO - [2026-02-01T23:00:45.317+0000] {dagbag.py:545} INFO - Filling up the DagBag from /opt/airflow/dags/predict.py
[2026-02-01T23:00:47.091+0000] {logging_mixin.py:188} WARNING - /opt/airflow/dags/predict.py:34 RemovedInAirflow3Warning: Function `days_ago` is deprecated and will be removed in Airflow 3.0. You can achieve equivalent behavior with `pendulum.today('UTC').add(days=-N, ...)`
[2026-02-01T23:00:47.092+0000] {logging_mixin.py:188} WARNING - /opt/airflow/dags/predict.py:29 RemovedInAirflow3Warning: Param `schedule_interval` is deprecated and will be removed in a future release. Please use `schedule` instead.
[2026-02-01T23:00:47.095+0000] {processor.py:840} INFO - DAG(s) 'ml_prediction_pipeline' retrieved from /opt/airflow/dags/predict.py
[2026-02-01T23:00:47.114+0000] {logging_mixin.py:188} INFO - [2026-02-01T23:00:47.113+0000] {dag.py:3096} INFO - Sync 1 DAGs
[2026-02-01T23:00:47.127+0000] {logging_mixin.py:188} INFO - [2026-02-01T23:00:47.127+0000] {dag.py:3954} INFO - Setting next_dagrun for ml_prediction_pipeline to 2026-01-31 00:00:00+00:00, run_after=2026-02-01 00:00:00+00:00
[2026-02-01T23:00:47.141+0000] {processor.py:183} INFO - Processing /opt/airflow/dags/predict.py took 1.831 seconds
[2026-02-01T23:01:17.189+0000] {processor.py:161} INFO - Started process (PID=42967) to work on /opt/airflow/dags/predict.py
[2026-02-01T23:01:17.189+0000] {processor.py:830} INFO - Processing file /opt/airflow/dags/predict.py for tasks to queue
[2026-02-01T23:01:17.190+0000] {logging_mixin.py:188} INFO - [2026-02-01T23:01:17.190+0000] {dagbag.py:545} INFO - Filling up the DagBag from /opt/airflow/dags/predict.py
[2026-02-01T23:01:18.862+0000] {logging_mixin.py:188} WARNING - /opt/airflow/dags/predict.py:34 RemovedInAirflow3Warning: Function `days_ago` is deprecated and will be removed in Airflow 3.0. You can achieve equivalent behavior with `pendulum.today('UTC').add(days=-N, ...)`
[2026-02-01T23:01:18.862+0000] {logging_mixin.py:188} WARNING - /opt/airflow/dags/predict.py:29 RemovedInAirflow3Warning: Param `schedule_interval` is deprecated and will be removed in a future release. Please use `schedule` instead.
[2026-02-01T23:01:18.866+0000] {processor.py:840} INFO - DAG(s) 'ml_prediction_pipeline' retrieved from /opt/airflow/dags/predict.py
[2026-02-01T23:01:18.880+0000] {logging_mixin.py:188} INFO - [2026-02-01T23:01:18.880+0000] {dag.py:3096} INFO - Sync 1 DAGs
[2026-02-01T23:01:18.891+0000] {logging_mixin.py:188} INFO - [2026-02-01T23:01:18.891+0000] {dag.py:3954} INFO - Setting next_dagrun for ml_prediction_pipeline to 2026-01-31 00:00:00+00:00, run_after=2026-02-01 00:00:00+00:00
[2026-02-01T23:01:18.903+0000] {processor.py:183} INFO - Processing /opt/airflow/dags/predict.py took 1.718 seconds
[2026-02-01T23:01:51.923+0000] {processor.py:161} INFO - Started process (PID=43010) to work on /opt/airflow/dags/predict.py
[2026-02-01T23:01:51.924+0000] {processor.py:830} INFO - Processing file /opt/airflow/dags/predict.py for tasks to queue
[2026-02-01T23:01:51.925+0000] {logging_mixin.py:188} INFO - [2026-02-01T23:01:51.925+0000] {dagbag.py:545} INFO - Filling up the DagBag from /opt/airflow/dags/predict.py
[2026-02-01T23:01:53.930+0000] {logging_mixin.py:188} WARNING - /opt/airflow/dags/predict.py:34 RemovedInAirflow3Warning: Function `days_ago` is deprecated and will be removed in Airflow 3.0. You can achieve equivalent behavior with `pendulum.today('UTC').add(days=-N, ...)`
[2026-02-01T23:01:53.932+0000] {logging_mixin.py:188} WARNING - /opt/airflow/dags/predict.py:29 RemovedInAirflow3Warning: Param `schedule_interval` is deprecated and will be removed in a future release. Please use `schedule` instead.
[2026-02-01T23:01:53.936+0000] {processor.py:840} INFO - DAG(s) 'ml_prediction_pipeline' retrieved from /opt/airflow/dags/predict.py
[2026-02-01T23:01:53.956+0000] {logging_mixin.py:188} INFO - [2026-02-01T23:01:53.956+0000] {dag.py:3096} INFO - Sync 1 DAGs
[2026-02-01T23:01:53.971+0000] {logging_mixin.py:188} INFO - [2026-02-01T23:01:53.971+0000] {dag.py:3954} INFO - Setting next_dagrun for ml_prediction_pipeline to 2026-01-31 00:00:00+00:00, run_after=2026-02-01 00:00:00+00:00
[2026-02-01T23:01:53.985+0000] {processor.py:183} INFO - Processing /opt/airflow/dags/predict.py took 2.066 seconds
[2026-02-01T23:02:24.492+0000] {processor.py:161} INFO - Started process (PID=43061) to work on /opt/airflow/dags/predict.py
[2026-02-01T23:02:24.493+0000] {processor.py:830} INFO - Processing file /opt/airflow/dags/predict.py for tasks to queue
[2026-02-01T23:02:24.494+0000] {logging_mixin.py:188} INFO - [2026-02-01T23:02:24.493+0000] {dagbag.py:545} INFO - Filling up the DagBag from /opt/airflow/dags/predict.py
[2026-02-01T23:02:26.291+0000] {logging_mixin.py:188} WARNING - /opt/airflow/dags/predict.py:34 RemovedInAirflow3Warning: Function `days_ago` is deprecated and will be removed in Airflow 3.0. You can achieve equivalent behavior with `pendulum.today('UTC').add(days=-N, ...)`
[2026-02-01T23:02:26.292+0000] {logging_mixin.py:188} WARNING - /opt/airflow/dags/predict.py:29 RemovedInAirflow3Warning: Param `schedule_interval` is deprecated and will be removed in a future release. Please use `schedule` instead.
[2026-02-01T23:02:26.295+0000] {processor.py:840} INFO - DAG(s) 'ml_prediction_pipeline' retrieved from /opt/airflow/dags/predict.py
[2026-02-01T23:02:26.312+0000] {logging_mixin.py:188} INFO - [2026-02-01T23:02:26.312+0000] {dag.py:3096} INFO - Sync 1 DAGs
[2026-02-01T23:02:26.323+0000] {logging_mixin.py:188} INFO - [2026-02-01T23:02:26.323+0000] {dag.py:3954} INFO - Setting next_dagrun for ml_prediction_pipeline to 2026-01-31 00:00:00+00:00, run_after=2026-02-01 00:00:00+00:00
[2026-02-01T23:02:26.335+0000] {processor.py:183} INFO - Processing /opt/airflow/dags/predict.py took 1.848 seconds
[2026-02-01T23:02:56.723+0000] {processor.py:161} INFO - Started process (PID=43116) to work on /opt/airflow/dags/predict.py
[2026-02-01T23:02:56.725+0000] {processor.py:830} INFO - Processing file /opt/airflow/dags/predict.py for tasks to queue
[2026-02-01T23:02:56.726+0000] {logging_mixin.py:188} INFO - [2026-02-01T23:02:56.726+0000] {dagbag.py:545} INFO - Filling up the DagBag from /opt/airflow/dags/predict.py
[2026-02-01T23:02:58.212+0000] {logging_mixin.py:188} WARNING - /opt/airflow/dags/predict.py:34 RemovedInAirflow3Warning: Function `days_ago` is deprecated and will be removed in Airflow 3.0. You can achieve equivalent behavior with `pendulum.today('UTC').add(days=-N, ...)`
[2026-02-01T23:02:58.214+0000] {logging_mixin.py:188} WARNING - /opt/airflow/dags/predict.py:29 RemovedInAirflow3Warning: Param `schedule_interval` is deprecated and will be removed in a future release. Please use `schedule` instead.
[2026-02-01T23:02:58.217+0000] {processor.py:840} INFO - DAG(s) 'ml_prediction_pipeline' retrieved from /opt/airflow/dags/predict.py
[2026-02-01T23:02:58.301+0000] {logging_mixin.py:188} INFO - [2026-02-01T23:02:58.301+0000] {dag.py:3096} INFO - Sync 1 DAGs
[2026-02-01T23:02:58.313+0000] {logging_mixin.py:188} INFO - [2026-02-01T23:02:58.313+0000] {dag.py:3954} INFO - Setting next_dagrun for ml_prediction_pipeline to 2026-01-31 00:00:00+00:00, run_after=2026-02-01 00:00:00+00:00
[2026-02-01T23:02:58.325+0000] {processor.py:183} INFO - Processing /opt/airflow/dags/predict.py took 1.606 seconds
[2026-02-01T23:03:28.761+0000] {processor.py:161} INFO - Started process (PID=43163) to work on /opt/airflow/dags/predict.py
[2026-02-01T23:03:28.762+0000] {processor.py:830} INFO - Processing file /opt/airflow/dags/predict.py for tasks to queue
[2026-02-01T23:03:28.763+0000] {logging_mixin.py:188} INFO - [2026-02-01T23:03:28.763+0000] {dagbag.py:545} INFO - Filling up the DagBag from /opt/airflow/dags/predict.py
[2026-02-01T23:03:30.361+0000] {logging_mixin.py:188} WARNING - /opt/airflow/dags/predict.py:34 RemovedInAirflow3Warning: Function `days_ago` is deprecated and will be removed in Airflow 3.0. You can achieve equivalent behavior with `pendulum.today('UTC').add(days=-N, ...)`
[2026-02-01T23:03:30.361+0000] {logging_mixin.py:188} WARNING - /opt/airflow/dags/predict.py:29 RemovedInAirflow3Warning: Param `schedule_interval` is deprecated and will be removed in a future release. Please use `schedule` instead.
[2026-02-01T23:03:30.365+0000] {processor.py:840} INFO - DAG(s) 'ml_prediction_pipeline' retrieved from /opt/airflow/dags/predict.py
[2026-02-01T23:03:30.378+0000] {logging_mixin.py:188} INFO - [2026-02-01T23:03:30.378+0000] {dag.py:3096} INFO - Sync 1 DAGs
[2026-02-01T23:03:30.389+0000] {logging_mixin.py:188} INFO - [2026-02-01T23:03:30.388+0000] {dag.py:3954} INFO - Setting next_dagrun for ml_prediction_pipeline to 2026-01-31 00:00:00+00:00, run_after=2026-02-01 00:00:00+00:00
[2026-02-01T23:03:30.399+0000] {processor.py:183} INFO - Processing /opt/airflow/dags/predict.py took 1.642 seconds
[2026-02-01T23:04:00.676+0000] {processor.py:161} INFO - Started process (PID=43208) to work on /opt/airflow/dags/predict.py
[2026-02-01T23:04:00.679+0000] {processor.py:830} INFO - Processing file /opt/airflow/dags/predict.py for tasks to queue
[2026-02-01T23:04:00.681+0000] {logging_mixin.py:188} INFO - [2026-02-01T23:04:00.680+0000] {dagbag.py:545} INFO - Filling up the DagBag from /opt/airflow/dags/predict.py
[2026-02-01T23:04:02.261+0000] {logging_mixin.py:188} WARNING - /opt/airflow/dags/predict.py:34 RemovedInAirflow3Warning: Function `days_ago` is deprecated and will be removed in Airflow 3.0. You can achieve equivalent behavior with `pendulum.today('UTC').add(days=-N, ...)`
[2026-02-01T23:04:02.262+0000] {logging_mixin.py:188} WARNING - /opt/airflow/dags/predict.py:29 RemovedInAirflow3Warning: Param `schedule_interval` is deprecated and will be removed in a future release. Please use `schedule` instead.
[2026-02-01T23:04:02.265+0000] {processor.py:840} INFO - DAG(s) 'ml_prediction_pipeline' retrieved from /opt/airflow/dags/predict.py
[2026-02-01T23:04:02.280+0000] {logging_mixin.py:188} INFO - [2026-02-01T23:04:02.280+0000] {dag.py:3096} INFO - Sync 1 DAGs
[2026-02-01T23:04:02.291+0000] {logging_mixin.py:188} INFO - [2026-02-01T23:04:02.291+0000] {dag.py:3954} INFO - Setting next_dagrun for ml_prediction_pipeline to 2026-01-31 00:00:00+00:00, run_after=2026-02-01 00:00:00+00:00
[2026-02-01T23:04:02.302+0000] {processor.py:183} INFO - Processing /opt/airflow/dags/predict.py took 1.630 seconds
[2026-02-01T23:04:32.603+0000] {processor.py:161} INFO - Started process (PID=43255) to work on /opt/airflow/dags/predict.py
[2026-02-01T23:04:32.604+0000] {processor.py:830} INFO - Processing file /opt/airflow/dags/predict.py for tasks to queue
[2026-02-01T23:04:32.605+0000] {logging_mixin.py:188} INFO - [2026-02-01T23:04:32.605+0000] {dagbag.py:545} INFO - Filling up the DagBag from /opt/airflow/dags/predict.py
[2026-02-01T23:04:34.215+0000] {logging_mixin.py:188} WARNING - /opt/airflow/dags/predict.py:34 RemovedInAirflow3Warning: Function `days_ago` is deprecated and will be removed in Airflow 3.0. You can achieve equivalent behavior with `pendulum.today('UTC').add(days=-N, ...)`
[2026-02-01T23:04:34.216+0000] {logging_mixin.py:188} WARNING - /opt/airflow/dags/predict.py:29 RemovedInAirflow3Warning: Param `schedule_interval` is deprecated and will be removed in a future release. Please use `schedule` instead.
[2026-02-01T23:04:34.218+0000] {processor.py:840} INFO - DAG(s) 'ml_prediction_pipeline' retrieved from /opt/airflow/dags/predict.py
[2026-02-01T23:04:34.232+0000] {logging_mixin.py:188} INFO - [2026-02-01T23:04:34.232+0000] {dag.py:3096} INFO - Sync 1 DAGs
[2026-02-01T23:04:34.245+0000] {logging_mixin.py:188} INFO - [2026-02-01T23:04:34.245+0000] {dag.py:3954} INFO - Setting next_dagrun for ml_prediction_pipeline to 2026-01-31 00:00:00+00:00, run_after=2026-02-01 00:00:00+00:00
[2026-02-01T23:04:34.256+0000] {processor.py:183} INFO - Processing /opt/airflow/dags/predict.py took 1.657 seconds
[2026-02-01T23:05:05.633+0000] {processor.py:161} INFO - Started process (PID=43292) to work on /opt/airflow/dags/predict.py
[2026-02-01T23:05:05.635+0000] {processor.py:830} INFO - Processing file /opt/airflow/dags/predict.py for tasks to queue
[2026-02-01T23:05:05.636+0000] {logging_mixin.py:188} INFO - [2026-02-01T23:05:05.636+0000] {dagbag.py:545} INFO - Filling up the DagBag from /opt/airflow/dags/predict.py
[2026-02-01T23:05:07.521+0000] {logging_mixin.py:188} WARNING - /opt/airflow/dags/predict.py:34 RemovedInAirflow3Warning: Function `days_ago` is deprecated and will be removed in Airflow 3.0. You can achieve equivalent behavior with `pendulum.today('UTC').add(days=-N, ...)`
[2026-02-01T23:05:07.522+0000] {logging_mixin.py:188} WARNING - /opt/airflow/dags/predict.py:29 RemovedInAirflow3Warning: Param `schedule_interval` is deprecated and will be removed in a future release. Please use `schedule` instead.
[2026-02-01T23:05:07.525+0000] {processor.py:840} INFO - DAG(s) 'ml_prediction_pipeline' retrieved from /opt/airflow/dags/predict.py
[2026-02-01T23:05:07.540+0000] {logging_mixin.py:188} INFO - [2026-02-01T23:05:07.540+0000] {dag.py:3096} INFO - Sync 1 DAGs
[2026-02-01T23:05:07.553+0000] {logging_mixin.py:188} INFO - [2026-02-01T23:05:07.553+0000] {dag.py:3954} INFO - Setting next_dagrun for ml_prediction_pipeline to 2026-01-31 00:00:00+00:00, run_after=2026-02-01 00:00:00+00:00
[2026-02-01T23:05:07.567+0000] {processor.py:183} INFO - Processing /opt/airflow/dags/predict.py took 1.939 seconds
[2026-02-01T23:05:39.031+0000] {processor.py:161} INFO - Started process (PID=43339) to work on /opt/airflow/dags/predict.py
[2026-02-01T23:05:39.032+0000] {processor.py:830} INFO - Processing file /opt/airflow/dags/predict.py for tasks to queue
[2026-02-01T23:05:39.033+0000] {logging_mixin.py:188} INFO - [2026-02-01T23:05:39.033+0000] {dagbag.py:545} INFO - Filling up the DagBag from /opt/airflow/dags/predict.py
[2026-02-01T23:05:41.056+0000] {logging_mixin.py:188} WARNING - /opt/airflow/dags/predict.py:34 RemovedInAirflow3Warning: Function `days_ago` is deprecated and will be removed in Airflow 3.0. You can achieve equivalent behavior with `pendulum.today('UTC').add(days=-N, ...)`
[2026-02-01T23:05:41.057+0000] {logging_mixin.py:188} WARNING - /opt/airflow/dags/predict.py:29 RemovedInAirflow3Warning: Param `schedule_interval` is deprecated and will be removed in a future release. Please use `schedule` instead.
[2026-02-01T23:05:41.063+0000] {processor.py:840} INFO - DAG(s) 'ml_prediction_pipeline' retrieved from /opt/airflow/dags/predict.py
[2026-02-01T23:05:41.081+0000] {logging_mixin.py:188} INFO - [2026-02-01T23:05:41.081+0000] {dag.py:3096} INFO - Sync 1 DAGs
[2026-02-01T23:05:41.095+0000] {logging_mixin.py:188} INFO - [2026-02-01T23:05:41.095+0000] {dag.py:3954} INFO - Setting next_dagrun for ml_prediction_pipeline to 2026-01-31 00:00:00+00:00, run_after=2026-02-01 00:00:00+00:00
[2026-02-01T23:05:41.110+0000] {processor.py:183} INFO - Processing /opt/airflow/dags/predict.py took 2.083 seconds
[2026-02-01T23:06:11.976+0000] {processor.py:161} INFO - Started process (PID=43386) to work on /opt/airflow/dags/predict.py
[2026-02-01T23:06:11.977+0000] {processor.py:830} INFO - Processing file /opt/airflow/dags/predict.py for tasks to queue
[2026-02-01T23:06:11.979+0000] {logging_mixin.py:188} INFO - [2026-02-01T23:06:11.978+0000] {dagbag.py:545} INFO - Filling up the DagBag from /opt/airflow/dags/predict.py
[2026-02-01T23:06:13.579+0000] {logging_mixin.py:188} WARNING - /opt/airflow/dags/predict.py:34 RemovedInAirflow3Warning: Function `days_ago` is deprecated and will be removed in Airflow 3.0. You can achieve equivalent behavior with `pendulum.today('UTC').add(days=-N, ...)`
[2026-02-01T23:06:13.580+0000] {logging_mixin.py:188} WARNING - /opt/airflow/dags/predict.py:29 RemovedInAirflow3Warning: Param `schedule_interval` is deprecated and will be removed in a future release. Please use `schedule` instead.
[2026-02-01T23:06:13.584+0000] {processor.py:840} INFO - DAG(s) 'ml_prediction_pipeline' retrieved from /opt/airflow/dags/predict.py
[2026-02-01T23:06:13.677+0000] {logging_mixin.py:188} INFO - [2026-02-01T23:06:13.677+0000] {dag.py:3096} INFO - Sync 1 DAGs
[2026-02-01T23:06:13.691+0000] {logging_mixin.py:188} INFO - [2026-02-01T23:06:13.691+0000] {dag.py:3954} INFO - Setting next_dagrun for ml_prediction_pipeline to 2026-01-31 00:00:00+00:00, run_after=2026-02-01 00:00:00+00:00
[2026-02-01T23:06:13.705+0000] {processor.py:183} INFO - Processing /opt/airflow/dags/predict.py took 1.733 seconds
[2026-02-01T23:06:45.603+0000] {processor.py:161} INFO - Started process (PID=43433) to work on /opt/airflow/dags/predict.py
[2026-02-01T23:06:45.604+0000] {processor.py:830} INFO - Processing file /opt/airflow/dags/predict.py for tasks to queue
[2026-02-01T23:06:45.605+0000] {logging_mixin.py:188} INFO - [2026-02-01T23:06:45.605+0000] {dagbag.py:545} INFO - Filling up the DagBag from /opt/airflow/dags/predict.py
[2026-02-01T23:06:47.261+0000] {logging_mixin.py:188} WARNING - /opt/airflow/dags/predict.py:34 RemovedInAirflow3Warning: Function `days_ago` is deprecated and will be removed in Airflow 3.0. You can achieve equivalent behavior with `pendulum.today('UTC').add(days=-N, ...)`
[2026-02-01T23:06:47.265+0000] {logging_mixin.py:188} WARNING - /opt/airflow/dags/predict.py:29 RemovedInAirflow3Warning: Param `schedule_interval` is deprecated and will be removed in a future release. Please use `schedule` instead.
[2026-02-01T23:06:47.268+0000] {processor.py:840} INFO - DAG(s) 'ml_prediction_pipeline' retrieved from /opt/airflow/dags/predict.py
[2026-02-01T23:06:47.284+0000] {logging_mixin.py:188} INFO - [2026-02-01T23:06:47.284+0000] {dag.py:3096} INFO - Sync 1 DAGs
[2026-02-01T23:06:47.296+0000] {logging_mixin.py:188} INFO - [2026-02-01T23:06:47.296+0000] {dag.py:3954} INFO - Setting next_dagrun for ml_prediction_pipeline to 2026-01-31 00:00:00+00:00, run_after=2026-02-01 00:00:00+00:00
[2026-02-01T23:06:47.312+0000] {processor.py:183} INFO - Processing /opt/airflow/dags/predict.py took 1.713 seconds
[2026-02-01T23:07:18.791+0000] {processor.py:161} INFO - Started process (PID=43480) to work on /opt/airflow/dags/predict.py
[2026-02-01T23:07:18.792+0000] {processor.py:830} INFO - Processing file /opt/airflow/dags/predict.py for tasks to queue
[2026-02-01T23:07:18.794+0000] {logging_mixin.py:188} INFO - [2026-02-01T23:07:18.794+0000] {dagbag.py:545} INFO - Filling up the DagBag from /opt/airflow/dags/predict.py
[2026-02-01T23:07:20.778+0000] {logging_mixin.py:188} WARNING - /opt/airflow/dags/predict.py:34 RemovedInAirflow3Warning: Function `days_ago` is deprecated and will be removed in Airflow 3.0. You can achieve equivalent behavior with `pendulum.today('UTC').add(days=-N, ...)`
[2026-02-01T23:07:20.779+0000] {logging_mixin.py:188} WARNING - /opt/airflow/dags/predict.py:29 RemovedInAirflow3Warning: Param `schedule_interval` is deprecated and will be removed in a future release. Please use `schedule` instead.
[2026-02-01T23:07:20.782+0000] {processor.py:840} INFO - DAG(s) 'ml_prediction_pipeline' retrieved from /opt/airflow/dags/predict.py
[2026-02-01T23:07:20.797+0000] {logging_mixin.py:188} INFO - [2026-02-01T23:07:20.797+0000] {dag.py:3096} INFO - Sync 1 DAGs
[2026-02-01T23:07:20.809+0000] {logging_mixin.py:188} INFO - [2026-02-01T23:07:20.809+0000] {dag.py:3954} INFO - Setting next_dagrun for ml_prediction_pipeline to 2026-01-31 00:00:00+00:00, run_after=2026-02-01 00:00:00+00:00
[2026-02-01T23:07:20.820+0000] {processor.py:183} INFO - Processing /opt/airflow/dags/predict.py took 2.033 seconds
[2026-02-01T23:07:51.993+0000] {processor.py:161} INFO - Started process (PID=43527) to work on /opt/airflow/dags/predict.py
[2026-02-01T23:07:51.996+0000] {processor.py:830} INFO - Processing file /opt/airflow/dags/predict.py for tasks to queue
[2026-02-01T23:07:51.997+0000] {logging_mixin.py:188} INFO - [2026-02-01T23:07:51.997+0000] {dagbag.py:545} INFO - Filling up the DagBag from /opt/airflow/dags/predict.py
[2026-02-01T23:07:54.185+0000] {logging_mixin.py:188} WARNING - /opt/airflow/dags/predict.py:34 RemovedInAirflow3Warning: Function `days_ago` is deprecated and will be removed in Airflow 3.0. You can achieve equivalent behavior with `pendulum.today('UTC').add(days=-N, ...)`
[2026-02-01T23:07:54.186+0000] {logging_mixin.py:188} WARNING - /opt/airflow/dags/predict.py:29 RemovedInAirflow3Warning: Param `schedule_interval` is deprecated and will be removed in a future release. Please use `schedule` instead.
[2026-02-01T23:07:54.190+0000] {processor.py:840} INFO - DAG(s) 'ml_prediction_pipeline' retrieved from /opt/airflow/dags/predict.py
[2026-02-01T23:07:54.210+0000] {logging_mixin.py:188} INFO - [2026-02-01T23:07:54.210+0000] {dag.py:3096} INFO - Sync 1 DAGs
[2026-02-01T23:07:54.227+0000] {logging_mixin.py:188} INFO - [2026-02-01T23:07:54.226+0000] {dag.py:3954} INFO - Setting next_dagrun for ml_prediction_pipeline to 2026-01-31 00:00:00+00:00, run_after=2026-02-01 00:00:00+00:00
[2026-02-01T23:07:54.242+0000] {processor.py:183} INFO - Processing /opt/airflow/dags/predict.py took 2.253 seconds
[2026-02-01T23:08:25.497+0000] {processor.py:161} INFO - Started process (PID=43574) to work on /opt/airflow/dags/predict.py
[2026-02-01T23:08:25.498+0000] {processor.py:830} INFO - Processing file /opt/airflow/dags/predict.py for tasks to queue
[2026-02-01T23:08:25.499+0000] {logging_mixin.py:188} INFO - [2026-02-01T23:08:25.499+0000] {dagbag.py:545} INFO - Filling up the DagBag from /opt/airflow/dags/predict.py
[2026-02-01T23:08:27.702+0000] {logging_mixin.py:188} WARNING - /opt/airflow/dags/predict.py:34 RemovedInAirflow3Warning: Function `days_ago` is deprecated and will be removed in Airflow 3.0. You can achieve equivalent behavior with `pendulum.today('UTC').add(days=-N, ...)`
[2026-02-01T23:08:27.703+0000] {logging_mixin.py:188} WARNING - /opt/airflow/dags/predict.py:29 RemovedInAirflow3Warning: Param `schedule_interval` is deprecated and will be removed in a future release. Please use `schedule` instead.
[2026-02-01T23:08:27.708+0000] {processor.py:840} INFO - DAG(s) 'ml_prediction_pipeline' retrieved from /opt/airflow/dags/predict.py
[2026-02-01T23:08:27.728+0000] {logging_mixin.py:188} INFO - [2026-02-01T23:08:27.727+0000] {dag.py:3096} INFO - Sync 1 DAGs
[2026-02-01T23:08:27.745+0000] {logging_mixin.py:188} INFO - [2026-02-01T23:08:27.745+0000] {dag.py:3954} INFO - Setting next_dagrun for ml_prediction_pipeline to 2026-01-31 00:00:00+00:00, run_after=2026-02-01 00:00:00+00:00
[2026-02-01T23:08:27.760+0000] {processor.py:183} INFO - Processing /opt/airflow/dags/predict.py took 2.269 seconds
[2026-02-01T23:08:59.198+0000] {processor.py:161} INFO - Started process (PID=43621) to work on /opt/airflow/dags/predict.py
[2026-02-01T23:08:59.199+0000] {processor.py:830} INFO - Processing file /opt/airflow/dags/predict.py for tasks to queue
[2026-02-01T23:08:59.200+0000] {logging_mixin.py:188} INFO - [2026-02-01T23:08:59.200+0000] {dagbag.py:545} INFO - Filling up the DagBag from /opt/airflow/dags/predict.py
[2026-02-01T23:09:01.560+0000] {logging_mixin.py:188} WARNING - /opt/airflow/dags/predict.py:34 RemovedInAirflow3Warning: Function `days_ago` is deprecated and will be removed in Airflow 3.0. You can achieve equivalent behavior with `pendulum.today('UTC').add(days=-N, ...)`
[2026-02-01T23:09:01.561+0000] {logging_mixin.py:188} WARNING - /opt/airflow/dags/predict.py:29 RemovedInAirflow3Warning: Param `schedule_interval` is deprecated and will be removed in a future release. Please use `schedule` instead.
[2026-02-01T23:09:01.566+0000] {processor.py:840} INFO - DAG(s) 'ml_prediction_pipeline' retrieved from /opt/airflow/dags/predict.py
[2026-02-01T23:09:01.590+0000] {logging_mixin.py:188} INFO - [2026-02-01T23:09:01.590+0000] {dag.py:3096} INFO - Sync 1 DAGs
[2026-02-01T23:09:01.607+0000] {logging_mixin.py:188} INFO - [2026-02-01T23:09:01.607+0000] {dag.py:3954} INFO - Setting next_dagrun for ml_prediction_pipeline to 2026-01-31 00:00:00+00:00, run_after=2026-02-01 00:00:00+00:00
[2026-02-01T23:09:01.622+0000] {processor.py:183} INFO - Processing /opt/airflow/dags/predict.py took 2.428 seconds
[2026-02-01T23:09:32.014+0000] {processor.py:161} INFO - Started process (PID=43668) to work on /opt/airflow/dags/predict.py
[2026-02-01T23:09:32.015+0000] {processor.py:830} INFO - Processing file /opt/airflow/dags/predict.py for tasks to queue
[2026-02-01T23:09:32.017+0000] {logging_mixin.py:188} INFO - [2026-02-01T23:09:32.017+0000] {dagbag.py:545} INFO - Filling up the DagBag from /opt/airflow/dags/predict.py
[2026-02-01T23:09:34.175+0000] {logging_mixin.py:188} WARNING - /opt/airflow/dags/predict.py:34 RemovedInAirflow3Warning: Function `days_ago` is deprecated and will be removed in Airflow 3.0. You can achieve equivalent behavior with `pendulum.today('UTC').add(days=-N, ...)`
[2026-02-01T23:09:34.177+0000] {logging_mixin.py:188} WARNING - /opt/airflow/dags/predict.py:29 RemovedInAirflow3Warning: Param `schedule_interval` is deprecated and will be removed in a future release. Please use `schedule` instead.
[2026-02-01T23:09:34.183+0000] {processor.py:840} INFO - DAG(s) 'ml_prediction_pipeline' retrieved from /opt/airflow/dags/predict.py
[2026-02-01T23:09:34.288+0000] {logging_mixin.py:188} INFO - [2026-02-01T23:09:34.288+0000] {dag.py:3096} INFO - Sync 1 DAGs
[2026-02-01T23:09:34.303+0000] {logging_mixin.py:188} INFO - [2026-02-01T23:09:34.303+0000] {dag.py:3954} INFO - Setting next_dagrun for ml_prediction_pipeline to 2026-01-31 00:00:00+00:00, run_after=2026-02-01 00:00:00+00:00
[2026-02-01T23:09:34.318+0000] {processor.py:183} INFO - Processing /opt/airflow/dags/predict.py took 2.308 seconds
[2026-02-01T23:10:05.758+0000] {processor.py:161} INFO - Started process (PID=43715) to work on /opt/airflow/dags/predict.py
[2026-02-01T23:10:05.758+0000] {processor.py:830} INFO - Processing file /opt/airflow/dags/predict.py for tasks to queue
[2026-02-01T23:10:05.760+0000] {logging_mixin.py:188} INFO - [2026-02-01T23:10:05.759+0000] {dagbag.py:545} INFO - Filling up the DagBag from /opt/airflow/dags/predict.py
[2026-02-01T23:10:08.155+0000] {logging_mixin.py:188} WARNING - /opt/airflow/dags/predict.py:34 RemovedInAirflow3Warning: Function `days_ago` is deprecated and will be removed in Airflow 3.0. You can achieve equivalent behavior with `pendulum.today('UTC').add(days=-N, ...)`
[2026-02-01T23:10:08.159+0000] {logging_mixin.py:188} WARNING - /opt/airflow/dags/predict.py:29 RemovedInAirflow3Warning: Param `schedule_interval` is deprecated and will be removed in a future release. Please use `schedule` instead.
[2026-02-01T23:10:08.164+0000] {processor.py:840} INFO - DAG(s) 'ml_prediction_pipeline' retrieved from /opt/airflow/dags/predict.py
[2026-02-01T23:10:08.188+0000] {logging_mixin.py:188} INFO - [2026-02-01T23:10:08.187+0000] {dag.py:3096} INFO - Sync 1 DAGs
[2026-02-01T23:10:08.204+0000] {logging_mixin.py:188} INFO - [2026-02-01T23:10:08.204+0000] {dag.py:3954} INFO - Setting next_dagrun for ml_prediction_pipeline to 2026-01-31 00:00:00+00:00, run_after=2026-02-01 00:00:00+00:00
[2026-02-01T23:10:08.219+0000] {processor.py:183} INFO - Processing /opt/airflow/dags/predict.py took 2.466 seconds
[2026-02-01T23:10:38.650+0000] {processor.py:161} INFO - Started process (PID=43762) to work on /opt/airflow/dags/predict.py
[2026-02-01T23:10:38.650+0000] {processor.py:830} INFO - Processing file /opt/airflow/dags/predict.py for tasks to queue
[2026-02-01T23:10:38.652+0000] {logging_mixin.py:188} INFO - [2026-02-01T23:10:38.652+0000] {dagbag.py:545} INFO - Filling up the DagBag from /opt/airflow/dags/predict.py
[2026-02-01T23:10:41.217+0000] {logging_mixin.py:188} WARNING - /opt/airflow/dags/predict.py:34 RemovedInAirflow3Warning: Function `days_ago` is deprecated and will be removed in Airflow 3.0. You can achieve equivalent behavior with `pendulum.today('UTC').add(days=-N, ...)`
[2026-02-01T23:10:41.218+0000] {logging_mixin.py:188} WARNING - /opt/airflow/dags/predict.py:29 RemovedInAirflow3Warning: Param `schedule_interval` is deprecated and will be removed in a future release. Please use `schedule` instead.
[2026-02-01T23:10:41.223+0000] {processor.py:840} INFO - DAG(s) 'ml_prediction_pipeline' retrieved from /opt/airflow/dags/predict.py
[2026-02-01T23:10:41.247+0000] {logging_mixin.py:188} INFO - [2026-02-01T23:10:41.246+0000] {dag.py:3096} INFO - Sync 1 DAGs
[2026-02-01T23:10:41.266+0000] {logging_mixin.py:188} INFO - [2026-02-01T23:10:41.266+0000] {dag.py:3954} INFO - Setting next_dagrun for ml_prediction_pipeline to 2026-01-31 00:00:00+00:00, run_after=2026-02-01 00:00:00+00:00
[2026-02-01T23:10:41.282+0000] {processor.py:183} INFO - Processing /opt/airflow/dags/predict.py took 2.637 seconds
[2026-02-01T23:11:12.706+0000] {processor.py:161} INFO - Started process (PID=43809) to work on /opt/airflow/dags/predict.py
[2026-02-01T23:11:12.708+0000] {processor.py:830} INFO - Processing file /opt/airflow/dags/predict.py for tasks to queue
[2026-02-01T23:11:12.709+0000] {logging_mixin.py:188} INFO - [2026-02-01T23:11:12.709+0000] {dagbag.py:545} INFO - Filling up the DagBag from /opt/airflow/dags/predict.py
[2026-02-01T23:11:15.258+0000] {logging_mixin.py:188} WARNING - /opt/airflow/dags/predict.py:34 RemovedInAirflow3Warning: Function `days_ago` is deprecated and will be removed in Airflow 3.0. You can achieve equivalent behavior with `pendulum.today('UTC').add(days=-N, ...)`
[2026-02-01T23:11:15.259+0000] {logging_mixin.py:188} WARNING - /opt/airflow/dags/predict.py:29 RemovedInAirflow3Warning: Param `schedule_interval` is deprecated and will be removed in a future release. Please use `schedule` instead.
[2026-02-01T23:11:15.264+0000] {processor.py:840} INFO - DAG(s) 'ml_prediction_pipeline' retrieved from /opt/airflow/dags/predict.py
[2026-02-01T23:11:15.290+0000] {logging_mixin.py:188} INFO - [2026-02-01T23:11:15.289+0000] {dag.py:3096} INFO - Sync 1 DAGs
[2026-02-01T23:11:15.313+0000] {logging_mixin.py:188} INFO - [2026-02-01T23:11:15.313+0000] {dag.py:3954} INFO - Setting next_dagrun for ml_prediction_pipeline to 2026-01-31 00:00:00+00:00, run_after=2026-02-01 00:00:00+00:00
[2026-02-01T23:11:15.335+0000] {processor.py:183} INFO - Processing /opt/airflow/dags/predict.py took 2.634 seconds
[2026-02-01T23:11:45.422+0000] {processor.py:161} INFO - Started process (PID=43856) to work on /opt/airflow/dags/predict.py
[2026-02-01T23:11:45.423+0000] {processor.py:830} INFO - Processing file /opt/airflow/dags/predict.py for tasks to queue
[2026-02-01T23:11:45.424+0000] {logging_mixin.py:188} INFO - [2026-02-01T23:11:45.424+0000] {dagbag.py:545} INFO - Filling up the DagBag from /opt/airflow/dags/predict.py
[2026-02-01T23:11:47.149+0000] {logging_mixin.py:188} WARNING - /opt/airflow/dags/predict.py:34 RemovedInAirflow3Warning: Function `days_ago` is deprecated and will be removed in Airflow 3.0. You can achieve equivalent behavior with `pendulum.today('UTC').add(days=-N, ...)`
[2026-02-01T23:11:47.149+0000] {logging_mixin.py:188} WARNING - /opt/airflow/dags/predict.py:29 RemovedInAirflow3Warning: Param `schedule_interval` is deprecated and will be removed in a future release. Please use `schedule` instead.
[2026-02-01T23:11:47.153+0000] {processor.py:840} INFO - DAG(s) 'ml_prediction_pipeline' retrieved from /opt/airflow/dags/predict.py
[2026-02-01T23:11:47.169+0000] {logging_mixin.py:188} INFO - [2026-02-01T23:11:47.169+0000] {dag.py:3096} INFO - Sync 1 DAGs
[2026-02-01T23:11:47.180+0000] {logging_mixin.py:188} INFO - [2026-02-01T23:11:47.180+0000] {dag.py:3954} INFO - Setting next_dagrun for ml_prediction_pipeline to 2026-01-31 00:00:00+00:00, run_after=2026-02-01 00:00:00+00:00
[2026-02-01T23:11:47.191+0000] {processor.py:183} INFO - Processing /opt/airflow/dags/predict.py took 1.774 seconds
[2026-02-01T23:12:18.645+0000] {processor.py:161} INFO - Started process (PID=43903) to work on /opt/airflow/dags/predict.py
[2026-02-01T23:12:18.647+0000] {processor.py:830} INFO - Processing file /opt/airflow/dags/predict.py for tasks to queue
[2026-02-01T23:12:18.648+0000] {logging_mixin.py:188} INFO - [2026-02-01T23:12:18.648+0000] {dagbag.py:545} INFO - Filling up the DagBag from /opt/airflow/dags/predict.py
[2026-02-01T23:12:20.522+0000] {logging_mixin.py:188} WARNING - /opt/airflow/dags/predict.py:34 RemovedInAirflow3Warning: Function `days_ago` is deprecated and will be removed in Airflow 3.0. You can achieve equivalent behavior with `pendulum.today('UTC').add(days=-N, ...)`
[2026-02-01T23:12:20.523+0000] {logging_mixin.py:188} WARNING - /opt/airflow/dags/predict.py:29 RemovedInAirflow3Warning: Param `schedule_interval` is deprecated and will be removed in a future release. Please use `schedule` instead.
[2026-02-01T23:12:20.528+0000] {processor.py:840} INFO - DAG(s) 'ml_prediction_pipeline' retrieved from /opt/airflow/dags/predict.py
[2026-02-01T23:12:20.552+0000] {logging_mixin.py:188} INFO - [2026-02-01T23:12:20.551+0000] {dag.py:3096} INFO - Sync 1 DAGs
[2026-02-01T23:12:20.568+0000] {logging_mixin.py:188} INFO - [2026-02-01T23:12:20.568+0000] {dag.py:3954} INFO - Setting next_dagrun for ml_prediction_pipeline to 2026-01-31 00:00:00+00:00, run_after=2026-02-01 00:00:00+00:00
[2026-02-01T23:12:20.588+0000] {processor.py:183} INFO - Processing /opt/airflow/dags/predict.py took 1.948 seconds
[2026-02-01T23:12:52.047+0000] {processor.py:161} INFO - Started process (PID=43950) to work on /opt/airflow/dags/predict.py
[2026-02-01T23:12:52.047+0000] {processor.py:830} INFO - Processing file /opt/airflow/dags/predict.py for tasks to queue
[2026-02-01T23:12:52.048+0000] {logging_mixin.py:188} INFO - [2026-02-01T23:12:52.048+0000] {dagbag.py:545} INFO - Filling up the DagBag from /opt/airflow/dags/predict.py
[2026-02-01T23:12:53.726+0000] {logging_mixin.py:188} WARNING - /opt/airflow/dags/predict.py:34 RemovedInAirflow3Warning: Function `days_ago` is deprecated and will be removed in Airflow 3.0. You can achieve equivalent behavior with `pendulum.today('UTC').add(days=-N, ...)`
[2026-02-01T23:12:53.727+0000] {logging_mixin.py:188} WARNING - /opt/airflow/dags/predict.py:29 RemovedInAirflow3Warning: Param `schedule_interval` is deprecated and will be removed in a future release. Please use `schedule` instead.
[2026-02-01T23:12:53.730+0000] {processor.py:840} INFO - DAG(s) 'ml_prediction_pipeline' retrieved from /opt/airflow/dags/predict.py
[2026-02-01T23:12:53.823+0000] {logging_mixin.py:188} INFO - [2026-02-01T23:12:53.823+0000] {dag.py:3096} INFO - Sync 1 DAGs
[2026-02-01T23:12:53.834+0000] {logging_mixin.py:188} INFO - [2026-02-01T23:12:53.834+0000] {dag.py:3954} INFO - Setting next_dagrun for ml_prediction_pipeline to 2026-01-31 00:00:00+00:00, run_after=2026-02-01 00:00:00+00:00
[2026-02-01T23:12:53.845+0000] {processor.py:183} INFO - Processing /opt/airflow/dags/predict.py took 1.803 seconds
[2026-02-01T23:13:25.715+0000] {processor.py:161} INFO - Started process (PID=43997) to work on /opt/airflow/dags/predict.py
[2026-02-01T23:13:25.717+0000] {processor.py:830} INFO - Processing file /opt/airflow/dags/predict.py for tasks to queue
[2026-02-01T23:13:25.718+0000] {logging_mixin.py:188} INFO - [2026-02-01T23:13:25.718+0000] {dagbag.py:545} INFO - Filling up the DagBag from /opt/airflow/dags/predict.py
[2026-02-01T23:13:27.437+0000] {logging_mixin.py:188} WARNING - /opt/airflow/dags/predict.py:34 RemovedInAirflow3Warning: Function `days_ago` is deprecated and will be removed in Airflow 3.0. You can achieve equivalent behavior with `pendulum.today('UTC').add(days=-N, ...)`
[2026-02-01T23:13:27.438+0000] {logging_mixin.py:188} WARNING - /opt/airflow/dags/predict.py:29 RemovedInAirflow3Warning: Param `schedule_interval` is deprecated and will be removed in a future release. Please use `schedule` instead.
[2026-02-01T23:13:27.442+0000] {processor.py:840} INFO - DAG(s) 'ml_prediction_pipeline' retrieved from /opt/airflow/dags/predict.py
[2026-02-01T23:13:27.461+0000] {logging_mixin.py:188} INFO - [2026-02-01T23:13:27.461+0000] {dag.py:3096} INFO - Sync 1 DAGs
[2026-02-01T23:13:27.476+0000] {logging_mixin.py:188} INFO - [2026-02-01T23:13:27.476+0000] {dag.py:3954} INFO - Setting next_dagrun for ml_prediction_pipeline to 2026-01-31 00:00:00+00:00, run_after=2026-02-01 00:00:00+00:00
[2026-02-01T23:13:27.491+0000] {processor.py:183} INFO - Processing /opt/airflow/dags/predict.py took 1.781 seconds
[2026-02-01T23:13:58.956+0000] {processor.py:161} INFO - Started process (PID=44044) to work on /opt/airflow/dags/predict.py
[2026-02-01T23:13:58.957+0000] {processor.py:830} INFO - Processing file /opt/airflow/dags/predict.py for tasks to queue
[2026-02-01T23:13:58.958+0000] {logging_mixin.py:188} INFO - [2026-02-01T23:13:58.958+0000] {dagbag.py:545} INFO - Filling up the DagBag from /opt/airflow/dags/predict.py
[2026-02-01T23:14:00.728+0000] {logging_mixin.py:188} WARNING - /opt/airflow/dags/predict.py:34 RemovedInAirflow3Warning: Function `days_ago` is deprecated and will be removed in Airflow 3.0. You can achieve equivalent behavior with `pendulum.today('UTC').add(days=-N, ...)`
[2026-02-01T23:14:00.728+0000] {logging_mixin.py:188} WARNING - /opt/airflow/dags/predict.py:29 RemovedInAirflow3Warning: Param `schedule_interval` is deprecated and will be removed in a future release. Please use `schedule` instead.
[2026-02-01T23:14:00.732+0000] {processor.py:840} INFO - DAG(s) 'ml_prediction_pipeline' retrieved from /opt/airflow/dags/predict.py
[2026-02-01T23:14:00.749+0000] {logging_mixin.py:188} INFO - [2026-02-01T23:14:00.749+0000] {dag.py:3096} INFO - Sync 1 DAGs
[2026-02-01T23:14:00.761+0000] {logging_mixin.py:188} INFO - [2026-02-01T23:14:00.761+0000] {dag.py:3954} INFO - Setting next_dagrun for ml_prediction_pipeline to 2026-01-31 00:00:00+00:00, run_after=2026-02-01 00:00:00+00:00
[2026-02-01T23:14:00.772+0000] {processor.py:183} INFO - Processing /opt/airflow/dags/predict.py took 1.820 seconds
[2026-02-01T23:14:32.226+0000] {processor.py:161} INFO - Started process (PID=44091) to work on /opt/airflow/dags/predict.py
[2026-02-01T23:14:32.228+0000] {processor.py:830} INFO - Processing file /opt/airflow/dags/predict.py for tasks to queue
[2026-02-01T23:14:32.230+0000] {logging_mixin.py:188} INFO - [2026-02-01T23:14:32.229+0000] {dagbag.py:545} INFO - Filling up the DagBag from /opt/airflow/dags/predict.py
[2026-02-01T23:14:34.219+0000] {logging_mixin.py:188} WARNING - /opt/airflow/dags/predict.py:34 RemovedInAirflow3Warning: Function `days_ago` is deprecated and will be removed in Airflow 3.0. You can achieve equivalent behavior with `pendulum.today('UTC').add(days=-N, ...)`
[2026-02-01T23:14:34.220+0000] {logging_mixin.py:188} WARNING - /opt/airflow/dags/predict.py:29 RemovedInAirflow3Warning: Param `schedule_interval` is deprecated and will be removed in a future release. Please use `schedule` instead.
[2026-02-01T23:14:34.224+0000] {processor.py:840} INFO - DAG(s) 'ml_prediction_pipeline' retrieved from /opt/airflow/dags/predict.py
[2026-02-01T23:14:34.242+0000] {logging_mixin.py:188} INFO - [2026-02-01T23:14:34.241+0000] {dag.py:3096} INFO - Sync 1 DAGs
[2026-02-01T23:14:34.254+0000] {logging_mixin.py:188} INFO - [2026-02-01T23:14:34.254+0000] {dag.py:3954} INFO - Setting next_dagrun for ml_prediction_pipeline to 2026-01-31 00:00:00+00:00, run_after=2026-02-01 00:00:00+00:00
[2026-02-01T23:14:34.271+0000] {processor.py:183} INFO - Processing /opt/airflow/dags/predict.py took 2.049 seconds
[2026-02-01T23:15:05.735+0000] {processor.py:161} INFO - Started process (PID=44138) to work on /opt/airflow/dags/predict.py
[2026-02-01T23:15:05.735+0000] {processor.py:830} INFO - Processing file /opt/airflow/dags/predict.py for tasks to queue
[2026-02-01T23:15:05.737+0000] {logging_mixin.py:188} INFO - [2026-02-01T23:15:05.736+0000] {dagbag.py:545} INFO - Filling up the DagBag from /opt/airflow/dags/predict.py
[2026-02-01T23:15:07.729+0000] {logging_mixin.py:188} WARNING - /opt/airflow/dags/predict.py:34 RemovedInAirflow3Warning: Function `days_ago` is deprecated and will be removed in Airflow 3.0. You can achieve equivalent behavior with `pendulum.today('UTC').add(days=-N, ...)`
[2026-02-01T23:15:07.729+0000] {logging_mixin.py:188} WARNING - /opt/airflow/dags/predict.py:29 RemovedInAirflow3Warning: Param `schedule_interval` is deprecated and will be removed in a future release. Please use `schedule` instead.
[2026-02-01T23:15:07.733+0000] {processor.py:840} INFO - DAG(s) 'ml_prediction_pipeline' retrieved from /opt/airflow/dags/predict.py
[2026-02-01T23:15:07.748+0000] {logging_mixin.py:188} INFO - [2026-02-01T23:15:07.748+0000] {dag.py:3096} INFO - Sync 1 DAGs
[2026-02-01T23:15:07.759+0000] {logging_mixin.py:188} INFO - [2026-02-01T23:15:07.759+0000] {dag.py:3954} INFO - Setting next_dagrun for ml_prediction_pipeline to 2026-01-31 00:00:00+00:00, run_after=2026-02-01 00:00:00+00:00
[2026-02-01T23:15:07.771+0000] {processor.py:183} INFO - Processing /opt/airflow/dags/predict.py took 2.040 seconds
[2026-02-01T23:15:39.236+0000] {processor.py:161} INFO - Started process (PID=44185) to work on /opt/airflow/dags/predict.py
[2026-02-01T23:15:39.238+0000] {processor.py:830} INFO - Processing file /opt/airflow/dags/predict.py for tasks to queue
[2026-02-01T23:15:39.239+0000] {logging_mixin.py:188} INFO - [2026-02-01T23:15:39.239+0000] {dagbag.py:545} INFO - Filling up the DagBag from /opt/airflow/dags/predict.py
[2026-02-01T23:15:41.291+0000] {logging_mixin.py:188} WARNING - /opt/airflow/dags/predict.py:34 RemovedInAirflow3Warning: Function `days_ago` is deprecated and will be removed in Airflow 3.0. You can achieve equivalent behavior with `pendulum.today('UTC').add(days=-N, ...)`
[2026-02-01T23:15:41.292+0000] {logging_mixin.py:188} WARNING - /opt/airflow/dags/predict.py:29 RemovedInAirflow3Warning: Param `schedule_interval` is deprecated and will be removed in a future release. Please use `schedule` instead.
[2026-02-01T23:15:41.295+0000] {processor.py:840} INFO - DAG(s) 'ml_prediction_pipeline' retrieved from /opt/airflow/dags/predict.py
[2026-02-01T23:15:41.319+0000] {logging_mixin.py:188} INFO - [2026-02-01T23:15:41.318+0000] {dag.py:3096} INFO - Sync 1 DAGs
[2026-02-01T23:15:41.333+0000] {logging_mixin.py:188} INFO - [2026-02-01T23:15:41.333+0000] {dag.py:3954} INFO - Setting next_dagrun for ml_prediction_pipeline to 2026-01-31 00:00:00+00:00, run_after=2026-02-01 00:00:00+00:00
[2026-02-01T23:15:41.349+0000] {processor.py:183} INFO - Processing /opt/airflow/dags/predict.py took 2.117 seconds
[2026-02-01T23:16:12.094+0000] {processor.py:161} INFO - Started process (PID=44232) to work on /opt/airflow/dags/predict.py
[2026-02-01T23:16:12.095+0000] {processor.py:830} INFO - Processing file /opt/airflow/dags/predict.py for tasks to queue
[2026-02-01T23:16:12.096+0000] {logging_mixin.py:188} INFO - [2026-02-01T23:16:12.096+0000] {dagbag.py:545} INFO - Filling up the DagBag from /opt/airflow/dags/predict.py
[2026-02-01T23:16:13.754+0000] {logging_mixin.py:188} WARNING - /opt/airflow/dags/predict.py:34 RemovedInAirflow3Warning: Function `days_ago` is deprecated and will be removed in Airflow 3.0. You can achieve equivalent behavior with `pendulum.today('UTC').add(days=-N, ...)`
[2026-02-01T23:16:13.754+0000] {logging_mixin.py:188} WARNING - /opt/airflow/dags/predict.py:29 RemovedInAirflow3Warning: Param `schedule_interval` is deprecated and will be removed in a future release. Please use `schedule` instead.
[2026-02-01T23:16:13.758+0000] {processor.py:840} INFO - DAG(s) 'ml_prediction_pipeline' retrieved from /opt/airflow/dags/predict.py
[2026-02-01T23:16:13.845+0000] {logging_mixin.py:188} INFO - [2026-02-01T23:16:13.845+0000] {dag.py:3096} INFO - Sync 1 DAGs
[2026-02-01T23:16:13.856+0000] {logging_mixin.py:188} INFO - [2026-02-01T23:16:13.856+0000] {dag.py:3954} INFO - Setting next_dagrun for ml_prediction_pipeline to 2026-01-31 00:00:00+00:00, run_after=2026-02-01 00:00:00+00:00
[2026-02-01T23:16:13.866+0000] {processor.py:183} INFO - Processing /opt/airflow/dags/predict.py took 1.776 seconds
[2026-02-01T23:16:45.695+0000] {processor.py:161} INFO - Started process (PID=44279) to work on /opt/airflow/dags/predict.py
[2026-02-01T23:16:45.698+0000] {processor.py:830} INFO - Processing file /opt/airflow/dags/predict.py for tasks to queue
[2026-02-01T23:16:45.700+0000] {logging_mixin.py:188} INFO - [2026-02-01T23:16:45.699+0000] {dagbag.py:545} INFO - Filling up the DagBag from /opt/airflow/dags/predict.py
[2026-02-01T23:16:47.496+0000] {logging_mixin.py:188} WARNING - /opt/airflow/dags/predict.py:34 RemovedInAirflow3Warning: Function `days_ago` is deprecated and will be removed in Airflow 3.0. You can achieve equivalent behavior with `pendulum.today('UTC').add(days=-N, ...)`
[2026-02-01T23:16:47.496+0000] {logging_mixin.py:188} WARNING - /opt/airflow/dags/predict.py:29 RemovedInAirflow3Warning: Param `schedule_interval` is deprecated and will be removed in a future release. Please use `schedule` instead.
[2026-02-01T23:16:47.500+0000] {processor.py:840} INFO - DAG(s) 'ml_prediction_pipeline' retrieved from /opt/airflow/dags/predict.py
[2026-02-01T23:16:47.516+0000] {logging_mixin.py:188} INFO - [2026-02-01T23:16:47.516+0000] {dag.py:3096} INFO - Sync 1 DAGs
[2026-02-01T23:16:47.528+0000] {logging_mixin.py:188} INFO - [2026-02-01T23:16:47.528+0000] {dag.py:3954} INFO - Setting next_dagrun for ml_prediction_pipeline to 2026-01-31 00:00:00+00:00, run_after=2026-02-01 00:00:00+00:00
[2026-02-01T23:16:47.541+0000] {processor.py:183} INFO - Processing /opt/airflow/dags/predict.py took 1.851 seconds
[2026-02-01T23:17:19.012+0000] {processor.py:161} INFO - Started process (PID=44326) to work on /opt/airflow/dags/predict.py
[2026-02-01T23:17:19.012+0000] {processor.py:830} INFO - Processing file /opt/airflow/dags/predict.py for tasks to queue
[2026-02-01T23:17:19.015+0000] {logging_mixin.py:188} INFO - [2026-02-01T23:17:19.014+0000] {dagbag.py:545} INFO - Filling up the DagBag from /opt/airflow/dags/predict.py
[2026-02-01T23:17:21.033+0000] {logging_mixin.py:188} WARNING - /opt/airflow/dags/predict.py:34 RemovedInAirflow3Warning: Function `days_ago` is deprecated and will be removed in Airflow 3.0. You can achieve equivalent behavior with `pendulum.today('UTC').add(days=-N, ...)`
[2026-02-01T23:17:21.033+0000] {logging_mixin.py:188} WARNING - /opt/airflow/dags/predict.py:29 RemovedInAirflow3Warning: Param `schedule_interval` is deprecated and will be removed in a future release. Please use `schedule` instead.
[2026-02-01T23:17:21.036+0000] {processor.py:840} INFO - DAG(s) 'ml_prediction_pipeline' retrieved from /opt/airflow/dags/predict.py
[2026-02-01T23:17:21.052+0000] {logging_mixin.py:188} INFO - [2026-02-01T23:17:21.051+0000] {dag.py:3096} INFO - Sync 1 DAGs
[2026-02-01T23:17:21.066+0000] {logging_mixin.py:188} INFO - [2026-02-01T23:17:21.066+0000] {dag.py:3954} INFO - Setting next_dagrun for ml_prediction_pipeline to 2026-01-31 00:00:00+00:00, run_after=2026-02-01 00:00:00+00:00
[2026-02-01T23:17:21.077+0000] {processor.py:183} INFO - Processing /opt/airflow/dags/predict.py took 2.070 seconds
[2026-02-01T23:17:52.542+0000] {processor.py:161} INFO - Started process (PID=44373) to work on /opt/airflow/dags/predict.py
[2026-02-01T23:17:52.544+0000] {processor.py:830} INFO - Processing file /opt/airflow/dags/predict.py for tasks to queue
[2026-02-01T23:17:52.546+0000] {logging_mixin.py:188} INFO - [2026-02-01T23:17:52.546+0000] {dagbag.py:545} INFO - Filling up the DagBag from /opt/airflow/dags/predict.py
[2026-02-01T23:17:54.642+0000] {logging_mixin.py:188} WARNING - /opt/airflow/dags/predict.py:34 RemovedInAirflow3Warning: Function `days_ago` is deprecated and will be removed in Airflow 3.0. You can achieve equivalent behavior with `pendulum.today('UTC').add(days=-N, ...)`
[2026-02-01T23:17:54.643+0000] {logging_mixin.py:188} WARNING - /opt/airflow/dags/predict.py:29 RemovedInAirflow3Warning: Param `schedule_interval` is deprecated and will be removed in a future release. Please use `schedule` instead.
[2026-02-01T23:17:54.646+0000] {processor.py:840} INFO - DAG(s) 'ml_prediction_pipeline' retrieved from /opt/airflow/dags/predict.py
[2026-02-01T23:17:54.667+0000] {logging_mixin.py:188} INFO - [2026-02-01T23:17:54.667+0000] {dag.py:3096} INFO - Sync 1 DAGs
[2026-02-01T23:17:54.682+0000] {logging_mixin.py:188} INFO - [2026-02-01T23:17:54.682+0000] {dag.py:3954} INFO - Setting next_dagrun for ml_prediction_pipeline to 2026-01-31 00:00:00+00:00, run_after=2026-02-01 00:00:00+00:00
[2026-02-01T23:17:54.697+0000] {processor.py:183} INFO - Processing /opt/airflow/dags/predict.py took 2.160 seconds
[2026-02-01T23:18:25.619+0000] {processor.py:161} INFO - Started process (PID=44421) to work on /opt/airflow/dags/predict.py
[2026-02-01T23:18:25.620+0000] {processor.py:830} INFO - Processing file /opt/airflow/dags/predict.py for tasks to queue
[2026-02-01T23:18:25.621+0000] {logging_mixin.py:188} INFO - [2026-02-01T23:18:25.621+0000] {dagbag.py:545} INFO - Filling up the DagBag from /opt/airflow/dags/predict.py
[2026-02-01T23:18:27.360+0000] {logging_mixin.py:188} WARNING - /opt/airflow/dags/predict.py:34 RemovedInAirflow3Warning: Function `days_ago` is deprecated and will be removed in Airflow 3.0. You can achieve equivalent behavior with `pendulum.today('UTC').add(days=-N, ...)`
[2026-02-01T23:18:27.360+0000] {logging_mixin.py:188} WARNING - /opt/airflow/dags/predict.py:29 RemovedInAirflow3Warning: Param `schedule_interval` is deprecated and will be removed in a future release. Please use `schedule` instead.
[2026-02-01T23:18:27.364+0000] {processor.py:840} INFO - DAG(s) 'ml_prediction_pipeline' retrieved from /opt/airflow/dags/predict.py
[2026-02-01T23:18:27.381+0000] {logging_mixin.py:188} INFO - [2026-02-01T23:18:27.380+0000] {dag.py:3096} INFO - Sync 1 DAGs
[2026-02-01T23:18:27.394+0000] {logging_mixin.py:188} INFO - [2026-02-01T23:18:27.394+0000] {dag.py:3954} INFO - Setting next_dagrun for ml_prediction_pipeline to 2026-01-31 00:00:00+00:00, run_after=2026-02-01 00:00:00+00:00
[2026-02-01T23:18:27.404+0000] {processor.py:183} INFO - Processing /opt/airflow/dags/predict.py took 1.789 seconds
[2026-02-01T23:18:58.855+0000] {processor.py:161} INFO - Started process (PID=44468) to work on /opt/airflow/dags/predict.py
[2026-02-01T23:18:58.857+0000] {processor.py:830} INFO - Processing file /opt/airflow/dags/predict.py for tasks to queue
[2026-02-01T23:18:58.858+0000] {logging_mixin.py:188} INFO - [2026-02-01T23:18:58.858+0000] {dagbag.py:545} INFO - Filling up the DagBag from /opt/airflow/dags/predict.py
[2026-02-01T23:19:00.609+0000] {logging_mixin.py:188} WARNING - /opt/airflow/dags/predict.py:34 RemovedInAirflow3Warning: Function `days_ago` is deprecated and will be removed in Airflow 3.0. You can achieve equivalent behavior with `pendulum.today('UTC').add(days=-N, ...)`
[2026-02-01T23:19:00.610+0000] {logging_mixin.py:188} WARNING - /opt/airflow/dags/predict.py:29 RemovedInAirflow3Warning: Param `schedule_interval` is deprecated and will be removed in a future release. Please use `schedule` instead.
[2026-02-01T23:19:00.616+0000] {processor.py:840} INFO - DAG(s) 'ml_prediction_pipeline' retrieved from /opt/airflow/dags/predict.py
[2026-02-01T23:19:00.648+0000] {logging_mixin.py:188} INFO - [2026-02-01T23:19:00.647+0000] {dag.py:3096} INFO - Sync 1 DAGs
[2026-02-01T23:19:00.663+0000] {logging_mixin.py:188} INFO - [2026-02-01T23:19:00.663+0000] {dag.py:3954} INFO - Setting next_dagrun for ml_prediction_pipeline to 2026-01-31 00:00:00+00:00, run_after=2026-02-01 00:00:00+00:00
[2026-02-01T23:19:00.682+0000] {processor.py:183} INFO - Processing /opt/airflow/dags/predict.py took 1.831 seconds
[2026-02-01T23:19:32.137+0000] {processor.py:161} INFO - Started process (PID=44516) to work on /opt/airflow/dags/predict.py
[2026-02-01T23:19:32.138+0000] {processor.py:830} INFO - Processing file /opt/airflow/dags/predict.py for tasks to queue
[2026-02-01T23:19:32.139+0000] {logging_mixin.py:188} INFO - [2026-02-01T23:19:32.139+0000] {dagbag.py:545} INFO - Filling up the DagBag from /opt/airflow/dags/predict.py
[2026-02-01T23:19:33.848+0000] {logging_mixin.py:188} WARNING - /opt/airflow/dags/predict.py:34 RemovedInAirflow3Warning: Function `days_ago` is deprecated and will be removed in Airflow 3.0. You can achieve equivalent behavior with `pendulum.today('UTC').add(days=-N, ...)`
[2026-02-01T23:19:33.850+0000] {logging_mixin.py:188} WARNING - /opt/airflow/dags/predict.py:29 RemovedInAirflow3Warning: Param `schedule_interval` is deprecated and will be removed in a future release. Please use `schedule` instead.
[2026-02-01T23:19:33.853+0000] {processor.py:840} INFO - DAG(s) 'ml_prediction_pipeline' retrieved from /opt/airflow/dags/predict.py
[2026-02-01T23:19:33.940+0000] {logging_mixin.py:188} INFO - [2026-02-01T23:19:33.940+0000] {dag.py:3096} INFO - Sync 1 DAGs
[2026-02-01T23:19:33.950+0000] {logging_mixin.py:188} INFO - [2026-02-01T23:19:33.950+0000] {dag.py:3954} INFO - Setting next_dagrun for ml_prediction_pipeline to 2026-01-31 00:00:00+00:00, run_after=2026-02-01 00:00:00+00:00
[2026-02-01T23:19:33.960+0000] {processor.py:183} INFO - Processing /opt/airflow/dags/predict.py took 1.827 seconds
[2026-02-01T23:20:05.954+0000] {processor.py:161} INFO - Started process (PID=44563) to work on /opt/airflow/dags/predict.py
[2026-02-01T23:20:05.955+0000] {processor.py:830} INFO - Processing file /opt/airflow/dags/predict.py for tasks to queue
[2026-02-01T23:20:05.958+0000] {logging_mixin.py:188} INFO - [2026-02-01T23:20:05.958+0000] {dagbag.py:545} INFO - Filling up the DagBag from /opt/airflow/dags/predict.py
[2026-02-01T23:20:07.656+0000] {logging_mixin.py:188} WARNING - /opt/airflow/dags/predict.py:34 RemovedInAirflow3Warning: Function `days_ago` is deprecated and will be removed in Airflow 3.0. You can achieve equivalent behavior with `pendulum.today('UTC').add(days=-N, ...)`
[2026-02-01T23:20:07.657+0000] {logging_mixin.py:188} WARNING - /opt/airflow/dags/predict.py:29 RemovedInAirflow3Warning: Param `schedule_interval` is deprecated and will be removed in a future release. Please use `schedule` instead.
[2026-02-01T23:20:07.660+0000] {processor.py:840} INFO - DAG(s) 'ml_prediction_pipeline' retrieved from /opt/airflow/dags/predict.py
[2026-02-01T23:20:07.677+0000] {logging_mixin.py:188} INFO - [2026-02-01T23:20:07.676+0000] {dag.py:3096} INFO - Sync 1 DAGs
[2026-02-01T23:20:07.689+0000] {logging_mixin.py:188} INFO - [2026-02-01T23:20:07.689+0000] {dag.py:3954} INFO - Setting next_dagrun for ml_prediction_pipeline to 2026-01-31 00:00:00+00:00, run_after=2026-02-01 00:00:00+00:00
[2026-02-01T23:20:07.702+0000] {processor.py:183} INFO - Processing /opt/airflow/dags/predict.py took 1.752 seconds
[2026-02-01T23:20:38.862+0000] {processor.py:161} INFO - Started process (PID=44610) to work on /opt/airflow/dags/predict.py
[2026-02-01T23:20:38.862+0000] {processor.py:830} INFO - Processing file /opt/airflow/dags/predict.py for tasks to queue
[2026-02-01T23:20:38.864+0000] {logging_mixin.py:188} INFO - [2026-02-01T23:20:38.864+0000] {dagbag.py:545} INFO - Filling up the DagBag from /opt/airflow/dags/predict.py
[2026-02-01T23:20:40.674+0000] {logging_mixin.py:188} WARNING - /opt/airflow/dags/predict.py:34 RemovedInAirflow3Warning: Function `days_ago` is deprecated and will be removed in Airflow 3.0. You can achieve equivalent behavior with `pendulum.today('UTC').add(days=-N, ...)`
[2026-02-01T23:20:40.675+0000] {logging_mixin.py:188} WARNING - /opt/airflow/dags/predict.py:29 RemovedInAirflow3Warning: Param `schedule_interval` is deprecated and will be removed in a future release. Please use `schedule` instead.
[2026-02-01T23:20:40.679+0000] {processor.py:840} INFO - DAG(s) 'ml_prediction_pipeline' retrieved from /opt/airflow/dags/predict.py
[2026-02-01T23:20:40.694+0000] {logging_mixin.py:188} INFO - [2026-02-01T23:20:40.694+0000] {dag.py:3096} INFO - Sync 1 DAGs
[2026-02-01T23:20:40.712+0000] {logging_mixin.py:188} INFO - [2026-02-01T23:20:40.712+0000] {dag.py:3954} INFO - Setting next_dagrun for ml_prediction_pipeline to 2026-01-31 00:00:00+00:00, run_after=2026-02-01 00:00:00+00:00
[2026-02-01T23:20:40.732+0000] {processor.py:183} INFO - Processing /opt/airflow/dags/predict.py took 1.875 seconds
[2026-02-01T23:21:12.196+0000] {processor.py:161} INFO - Started process (PID=44657) to work on /opt/airflow/dags/predict.py
[2026-02-01T23:21:12.199+0000] {processor.py:830} INFO - Processing file /opt/airflow/dags/predict.py for tasks to queue
[2026-02-01T23:21:12.200+0000] {logging_mixin.py:188} INFO - [2026-02-01T23:21:12.200+0000] {dagbag.py:545} INFO - Filling up the DagBag from /opt/airflow/dags/predict.py
[2026-02-01T23:21:13.920+0000] {logging_mixin.py:188} WARNING - /opt/airflow/dags/predict.py:34 RemovedInAirflow3Warning: Function `days_ago` is deprecated and will be removed in Airflow 3.0. You can achieve equivalent behavior with `pendulum.today('UTC').add(days=-N, ...)`
[2026-02-01T23:21:13.923+0000] {logging_mixin.py:188} WARNING - /opt/airflow/dags/predict.py:29 RemovedInAirflow3Warning: Param `schedule_interval` is deprecated and will be removed in a future release. Please use `schedule` instead.
[2026-02-01T23:21:13.927+0000] {processor.py:840} INFO - DAG(s) 'ml_prediction_pipeline' retrieved from /opt/airflow/dags/predict.py
[2026-02-01T23:21:13.942+0000] {logging_mixin.py:188} INFO - [2026-02-01T23:21:13.941+0000] {dag.py:3096} INFO - Sync 1 DAGs
[2026-02-01T23:21:13.953+0000] {logging_mixin.py:188} INFO - [2026-02-01T23:21:13.953+0000] {dag.py:3954} INFO - Setting next_dagrun for ml_prediction_pipeline to 2026-01-31 00:00:00+00:00, run_after=2026-02-01 00:00:00+00:00
[2026-02-01T23:21:13.965+0000] {processor.py:183} INFO - Processing /opt/airflow/dags/predict.py took 1.774 seconds
[2026-02-01T23:21:45.911+0000] {processor.py:161} INFO - Started process (PID=44704) to work on /opt/airflow/dags/predict.py
[2026-02-01T23:21:45.911+0000] {processor.py:830} INFO - Processing file /opt/airflow/dags/predict.py for tasks to queue
[2026-02-01T23:21:45.912+0000] {logging_mixin.py:188} INFO - [2026-02-01T23:21:45.912+0000] {dagbag.py:545} INFO - Filling up the DagBag from /opt/airflow/dags/predict.py
[2026-02-01T23:21:47.639+0000] {logging_mixin.py:188} WARNING - /opt/airflow/dags/predict.py:34 RemovedInAirflow3Warning: Function `days_ago` is deprecated and will be removed in Airflow 3.0. You can achieve equivalent behavior with `pendulum.today('UTC').add(days=-N, ...)`
[2026-02-01T23:21:47.641+0000] {logging_mixin.py:188} WARNING - /opt/airflow/dags/predict.py:29 RemovedInAirflow3Warning: Param `schedule_interval` is deprecated and will be removed in a future release. Please use `schedule` instead.
[2026-02-01T23:21:47.644+0000] {processor.py:840} INFO - DAG(s) 'ml_prediction_pipeline' retrieved from /opt/airflow/dags/predict.py
[2026-02-01T23:21:47.662+0000] {logging_mixin.py:188} INFO - [2026-02-01T23:21:47.661+0000] {dag.py:3096} INFO - Sync 1 DAGs
[2026-02-01T23:21:47.673+0000] {logging_mixin.py:188} INFO - [2026-02-01T23:21:47.673+0000] {dag.py:3954} INFO - Setting next_dagrun for ml_prediction_pipeline to 2026-01-31 00:00:00+00:00, run_after=2026-02-01 00:00:00+00:00
[2026-02-01T23:21:47.684+0000] {processor.py:183} INFO - Processing /opt/airflow/dags/predict.py took 1.778 seconds
[2026-02-01T23:22:19.150+0000] {processor.py:161} INFO - Started process (PID=44750) to work on /opt/airflow/dags/predict.py
[2026-02-01T23:22:19.150+0000] {processor.py:830} INFO - Processing file /opt/airflow/dags/predict.py for tasks to queue
[2026-02-01T23:22:19.152+0000] {logging_mixin.py:188} INFO - [2026-02-01T23:22:19.151+0000] {dagbag.py:545} INFO - Filling up the DagBag from /opt/airflow/dags/predict.py
[2026-02-01T23:22:21.047+0000] {logging_mixin.py:188} WARNING - /opt/airflow/dags/predict.py:34 RemovedInAirflow3Warning: Function `days_ago` is deprecated and will be removed in Airflow 3.0. You can achieve equivalent behavior with `pendulum.today('UTC').add(days=-N, ...)`
[2026-02-01T23:22:21.048+0000] {logging_mixin.py:188} WARNING - /opt/airflow/dags/predict.py:29 RemovedInAirflow3Warning: Param `schedule_interval` is deprecated and will be removed in a future release. Please use `schedule` instead.
[2026-02-01T23:22:21.053+0000] {processor.py:840} INFO - DAG(s) 'ml_prediction_pipeline' retrieved from /opt/airflow/dags/predict.py
[2026-02-01T23:22:21.153+0000] {logging_mixin.py:188} INFO - [2026-02-01T23:22:21.153+0000] {dag.py:3096} INFO - Sync 1 DAGs
[2026-02-01T23:22:21.165+0000] {logging_mixin.py:188} INFO - [2026-02-01T23:22:21.165+0000] {dag.py:3954} INFO - Setting next_dagrun for ml_prediction_pipeline to 2026-01-31 00:00:00+00:00, run_after=2026-02-01 00:00:00+00:00
[2026-02-01T23:22:21.176+0000] {processor.py:183} INFO - Processing /opt/airflow/dags/predict.py took 2.031 seconds
[2026-02-01T23:22:52.621+0000] {processor.py:161} INFO - Started process (PID=44797) to work on /opt/airflow/dags/predict.py
[2026-02-01T23:22:52.624+0000] {processor.py:830} INFO - Processing file /opt/airflow/dags/predict.py for tasks to queue
[2026-02-01T23:22:52.625+0000] {logging_mixin.py:188} INFO - [2026-02-01T23:22:52.625+0000] {dagbag.py:545} INFO - Filling up the DagBag from /opt/airflow/dags/predict.py
[2026-02-01T23:22:54.465+0000] {logging_mixin.py:188} WARNING - /opt/airflow/dags/predict.py:34 RemovedInAirflow3Warning: Function `days_ago` is deprecated and will be removed in Airflow 3.0. You can achieve equivalent behavior with `pendulum.today('UTC').add(days=-N, ...)`
[2026-02-01T23:22:54.465+0000] {logging_mixin.py:188} WARNING - /opt/airflow/dags/predict.py:29 RemovedInAirflow3Warning: Param `schedule_interval` is deprecated and will be removed in a future release. Please use `schedule` instead.
[2026-02-01T23:22:54.469+0000] {processor.py:840} INFO - DAG(s) 'ml_prediction_pipeline' retrieved from /opt/airflow/dags/predict.py
[2026-02-01T23:22:54.483+0000] {logging_mixin.py:188} INFO - [2026-02-01T23:22:54.483+0000] {dag.py:3096} INFO - Sync 1 DAGs
[2026-02-01T23:22:54.494+0000] {logging_mixin.py:188} INFO - [2026-02-01T23:22:54.494+0000] {dag.py:3954} INFO - Setting next_dagrun for ml_prediction_pipeline to 2026-01-31 00:00:00+00:00, run_after=2026-02-01 00:00:00+00:00
[2026-02-01T23:22:54.506+0000] {processor.py:183} INFO - Processing /opt/airflow/dags/predict.py took 1.890 seconds
[2026-02-01T23:23:25.967+0000] {processor.py:161} INFO - Started process (PID=44844) to work on /opt/airflow/dags/predict.py
[2026-02-01T23:23:25.968+0000] {processor.py:830} INFO - Processing file /opt/airflow/dags/predict.py for tasks to queue
[2026-02-01T23:23:25.969+0000] {logging_mixin.py:188} INFO - [2026-02-01T23:23:25.969+0000] {dagbag.py:545} INFO - Filling up the DagBag from /opt/airflow/dags/predict.py
[2026-02-01T23:23:27.728+0000] {logging_mixin.py:188} WARNING - /opt/airflow/dags/predict.py:34 RemovedInAirflow3Warning: Function `days_ago` is deprecated and will be removed in Airflow 3.0. You can achieve equivalent behavior with `pendulum.today('UTC').add(days=-N, ...)`
[2026-02-01T23:23:27.731+0000] {logging_mixin.py:188} WARNING - /opt/airflow/dags/predict.py:29 RemovedInAirflow3Warning: Param `schedule_interval` is deprecated and will be removed in a future release. Please use `schedule` instead.
[2026-02-01T23:23:27.735+0000] {processor.py:840} INFO - DAG(s) 'ml_prediction_pipeline' retrieved from /opt/airflow/dags/predict.py
[2026-02-01T23:23:27.750+0000] {logging_mixin.py:188} INFO - [2026-02-01T23:23:27.750+0000] {dag.py:3096} INFO - Sync 1 DAGs
[2026-02-01T23:23:27.761+0000] {logging_mixin.py:188} INFO - [2026-02-01T23:23:27.761+0000] {dag.py:3954} INFO - Setting next_dagrun for ml_prediction_pipeline to 2026-01-31 00:00:00+00:00, run_after=2026-02-01 00:00:00+00:00
[2026-02-01T23:23:27.773+0000] {processor.py:183} INFO - Processing /opt/airflow/dags/predict.py took 1.810 seconds
[2026-02-01T23:23:59.232+0000] {processor.py:161} INFO - Started process (PID=44891) to work on /opt/airflow/dags/predict.py
[2026-02-01T23:23:59.232+0000] {processor.py:830} INFO - Processing file /opt/airflow/dags/predict.py for tasks to queue
[2026-02-01T23:23:59.233+0000] {logging_mixin.py:188} INFO - [2026-02-01T23:23:59.233+0000] {dagbag.py:545} INFO - Filling up the DagBag from /opt/airflow/dags/predict.py
[2026-02-01T23:24:00.949+0000] {logging_mixin.py:188} WARNING - /opt/airflow/dags/predict.py:34 RemovedInAirflow3Warning: Function `days_ago` is deprecated and will be removed in Airflow 3.0. You can achieve equivalent behavior with `pendulum.today('UTC').add(days=-N, ...)`
[2026-02-01T23:24:00.951+0000] {logging_mixin.py:188} WARNING - /opt/airflow/dags/predict.py:29 RemovedInAirflow3Warning: Param `schedule_interval` is deprecated and will be removed in a future release. Please use `schedule` instead.
[2026-02-01T23:24:00.957+0000] {processor.py:840} INFO - DAG(s) 'ml_prediction_pipeline' retrieved from /opt/airflow/dags/predict.py
[2026-02-01T23:24:00.978+0000] {logging_mixin.py:188} INFO - [2026-02-01T23:24:00.977+0000] {dag.py:3096} INFO - Sync 1 DAGs
[2026-02-01T23:24:00.992+0000] {logging_mixin.py:188} INFO - [2026-02-01T23:24:00.992+0000] {dag.py:3954} INFO - Setting next_dagrun for ml_prediction_pipeline to 2026-01-31 00:00:00+00:00, run_after=2026-02-01 00:00:00+00:00
[2026-02-01T23:24:01.009+0000] {processor.py:183} INFO - Processing /opt/airflow/dags/predict.py took 1.782 seconds
[2026-02-01T23:24:32.466+0000] {processor.py:161} INFO - Started process (PID=44937) to work on /opt/airflow/dags/predict.py
[2026-02-01T23:24:32.468+0000] {processor.py:830} INFO - Processing file /opt/airflow/dags/predict.py for tasks to queue
[2026-02-01T23:24:32.469+0000] {logging_mixin.py:188} INFO - [2026-02-01T23:24:32.469+0000] {dagbag.py:545} INFO - Filling up the DagBag from /opt/airflow/dags/predict.py
[2026-02-01T23:24:34.405+0000] {logging_mixin.py:188} WARNING - /opt/airflow/dags/predict.py:34 RemovedInAirflow3Warning: Function `days_ago` is deprecated and will be removed in Airflow 3.0. You can achieve equivalent behavior with `pendulum.today('UTC').add(days=-N, ...)`
[2026-02-01T23:24:34.406+0000] {logging_mixin.py:188} WARNING - /opt/airflow/dags/predict.py:29 RemovedInAirflow3Warning: Param `schedule_interval` is deprecated and will be removed in a future release. Please use `schedule` instead.
[2026-02-01T23:24:34.409+0000] {processor.py:840} INFO - DAG(s) 'ml_prediction_pipeline' retrieved from /opt/airflow/dags/predict.py
[2026-02-01T23:24:34.426+0000] {logging_mixin.py:188} INFO - [2026-02-01T23:24:34.425+0000] {dag.py:3096} INFO - Sync 1 DAGs
[2026-02-01T23:24:34.437+0000] {logging_mixin.py:188} INFO - [2026-02-01T23:24:34.437+0000] {dag.py:3954} INFO - Setting next_dagrun for ml_prediction_pipeline to 2026-01-31 00:00:00+00:00, run_after=2026-02-01 00:00:00+00:00
[2026-02-01T23:24:34.449+0000] {processor.py:183} INFO - Processing /opt/airflow/dags/predict.py took 1.987 seconds
[2026-02-01T23:25:05.873+0000] {processor.py:161} INFO - Started process (PID=44984) to work on /opt/airflow/dags/predict.py
[2026-02-01T23:25:05.873+0000] {processor.py:830} INFO - Processing file /opt/airflow/dags/predict.py for tasks to queue
[2026-02-01T23:25:05.875+0000] {logging_mixin.py:188} INFO - [2026-02-01T23:25:05.875+0000] {dagbag.py:545} INFO - Filling up the DagBag from /opt/airflow/dags/predict.py
[2026-02-01T23:25:07.884+0000] {logging_mixin.py:188} WARNING - /opt/airflow/dags/predict.py:34 RemovedInAirflow3Warning: Function `days_ago` is deprecated and will be removed in Airflow 3.0. You can achieve equivalent behavior with `pendulum.today('UTC').add(days=-N, ...)`
[2026-02-01T23:25:07.887+0000] {logging_mixin.py:188} WARNING - /opt/airflow/dags/predict.py:29 RemovedInAirflow3Warning: Param `schedule_interval` is deprecated and will be removed in a future release. Please use `schedule` instead.
[2026-02-01T23:25:07.891+0000] {processor.py:840} INFO - DAG(s) 'ml_prediction_pipeline' retrieved from /opt/airflow/dags/predict.py
[2026-02-01T23:25:07.909+0000] {logging_mixin.py:188} INFO - [2026-02-01T23:25:07.909+0000] {dag.py:3096} INFO - Sync 1 DAGs
[2026-02-01T23:25:07.921+0000] {logging_mixin.py:188} INFO - [2026-02-01T23:25:07.921+0000] {dag.py:3954} INFO - Setting next_dagrun for ml_prediction_pipeline to 2026-01-31 00:00:00+00:00, run_after=2026-02-01 00:00:00+00:00
[2026-02-01T23:25:07.933+0000] {processor.py:183} INFO - Processing /opt/airflow/dags/predict.py took 2.065 seconds
[2026-02-01T23:25:39.386+0000] {processor.py:161} INFO - Started process (PID=45031) to work on /opt/airflow/dags/predict.py
[2026-02-01T23:25:39.387+0000] {processor.py:830} INFO - Processing file /opt/airflow/dags/predict.py for tasks to queue
[2026-02-01T23:25:39.390+0000] {logging_mixin.py:188} INFO - [2026-02-01T23:25:39.389+0000] {dagbag.py:545} INFO - Filling up the DagBag from /opt/airflow/dags/predict.py
[2026-02-01T23:25:41.461+0000] {logging_mixin.py:188} WARNING - /opt/airflow/dags/predict.py:34 RemovedInAirflow3Warning: Function `days_ago` is deprecated and will be removed in Airflow 3.0. You can achieve equivalent behavior with `pendulum.today('UTC').add(days=-N, ...)`
[2026-02-01T23:25:41.462+0000] {logging_mixin.py:188} WARNING - /opt/airflow/dags/predict.py:29 RemovedInAirflow3Warning: Param `schedule_interval` is deprecated and will be removed in a future release. Please use `schedule` instead.
[2026-02-01T23:25:41.465+0000] {processor.py:840} INFO - DAG(s) 'ml_prediction_pipeline' retrieved from /opt/airflow/dags/predict.py
[2026-02-01T23:25:41.561+0000] {logging_mixin.py:188} INFO - [2026-02-01T23:25:41.560+0000] {dag.py:3096} INFO - Sync 1 DAGs
[2026-02-01T23:25:41.576+0000] {logging_mixin.py:188} INFO - [2026-02-01T23:25:41.576+0000] {dag.py:3954} INFO - Setting next_dagrun for ml_prediction_pipeline to 2026-01-31 00:00:00+00:00, run_after=2026-02-01 00:00:00+00:00
[2026-02-01T23:25:41.587+0000] {processor.py:183} INFO - Processing /opt/airflow/dags/predict.py took 2.210 seconds
[2026-02-01T23:26:12.705+0000] {processor.py:161} INFO - Started process (PID=45078) to work on /opt/airflow/dags/predict.py
[2026-02-01T23:26:12.707+0000] {processor.py:830} INFO - Processing file /opt/airflow/dags/predict.py for tasks to queue
[2026-02-01T23:26:12.708+0000] {logging_mixin.py:188} INFO - [2026-02-01T23:26:12.708+0000] {dagbag.py:545} INFO - Filling up the DagBag from /opt/airflow/dags/predict.py
[2026-02-01T23:26:15.182+0000] {logging_mixin.py:188} WARNING - /opt/airflow/dags/predict.py:34 RemovedInAirflow3Warning: Function `days_ago` is deprecated and will be removed in Airflow 3.0. You can achieve equivalent behavior with `pendulum.today('UTC').add(days=-N, ...)`
[2026-02-01T23:26:15.183+0000] {logging_mixin.py:188} WARNING - /opt/airflow/dags/predict.py:29 RemovedInAirflow3Warning: Param `schedule_interval` is deprecated and will be removed in a future release. Please use `schedule` instead.
[2026-02-01T23:26:15.188+0000] {processor.py:840} INFO - DAG(s) 'ml_prediction_pipeline' retrieved from /opt/airflow/dags/predict.py
[2026-02-01T23:26:15.217+0000] {logging_mixin.py:188} INFO - [2026-02-01T23:26:15.216+0000] {dag.py:3096} INFO - Sync 1 DAGs
[2026-02-01T23:26:15.241+0000] {logging_mixin.py:188} INFO - [2026-02-01T23:26:15.241+0000] {dag.py:3954} INFO - Setting next_dagrun for ml_prediction_pipeline to 2026-01-31 00:00:00+00:00, run_after=2026-02-01 00:00:00+00:00
[2026-02-01T23:26:15.266+0000] {processor.py:183} INFO - Processing /opt/airflow/dags/predict.py took 2.565 seconds
[2026-02-01T23:26:45.707+0000] {processor.py:161} INFO - Started process (PID=45125) to work on /opt/airflow/dags/predict.py
[2026-02-01T23:26:45.708+0000] {processor.py:830} INFO - Processing file /opt/airflow/dags/predict.py for tasks to queue
[2026-02-01T23:26:45.709+0000] {logging_mixin.py:188} INFO - [2026-02-01T23:26:45.709+0000] {dagbag.py:545} INFO - Filling up the DagBag from /opt/airflow/dags/predict.py
[2026-02-01T23:26:47.797+0000] {logging_mixin.py:188} WARNING - /opt/airflow/dags/predict.py:34 RemovedInAirflow3Warning: Function `days_ago` is deprecated and will be removed in Airflow 3.0. You can achieve equivalent behavior with `pendulum.today('UTC').add(days=-N, ...)`
[2026-02-01T23:26:47.798+0000] {logging_mixin.py:188} WARNING - /opt/airflow/dags/predict.py:29 RemovedInAirflow3Warning: Param `schedule_interval` is deprecated and will be removed in a future release. Please use `schedule` instead.
[2026-02-01T23:26:47.803+0000] {processor.py:840} INFO - DAG(s) 'ml_prediction_pipeline' retrieved from /opt/airflow/dags/predict.py
[2026-02-01T23:26:47.821+0000] {logging_mixin.py:188} INFO - [2026-02-01T23:26:47.821+0000] {dag.py:3096} INFO - Sync 1 DAGs
[2026-02-01T23:26:47.837+0000] {logging_mixin.py:188} INFO - [2026-02-01T23:26:47.836+0000] {dag.py:3954} INFO - Setting next_dagrun for ml_prediction_pipeline to 2026-01-31 00:00:00+00:00, run_after=2026-02-01 00:00:00+00:00
[2026-02-01T23:26:47.853+0000] {processor.py:183} INFO - Processing /opt/airflow/dags/predict.py took 2.151 seconds
[2026-02-01T23:27:19.225+0000] {processor.py:161} INFO - Started process (PID=45172) to work on /opt/airflow/dags/predict.py
[2026-02-01T23:27:19.229+0000] {processor.py:830} INFO - Processing file /opt/airflow/dags/predict.py for tasks to queue
[2026-02-01T23:27:19.231+0000] {logging_mixin.py:188} INFO - [2026-02-01T23:27:19.231+0000] {dagbag.py:545} INFO - Filling up the DagBag from /opt/airflow/dags/predict.py
[2026-02-01T23:27:22.279+0000] {logging_mixin.py:188} WARNING - /opt/airflow/dags/predict.py:34 RemovedInAirflow3Warning: Function `days_ago` is deprecated and will be removed in Airflow 3.0. You can achieve equivalent behavior with `pendulum.today('UTC').add(days=-N, ...)`
[2026-02-01T23:27:22.280+0000] {logging_mixin.py:188} WARNING - /opt/airflow/dags/predict.py:29 RemovedInAirflow3Warning: Param `schedule_interval` is deprecated and will be removed in a future release. Please use `schedule` instead.
[2026-02-01T23:27:22.285+0000] {processor.py:840} INFO - DAG(s) 'ml_prediction_pipeline' retrieved from /opt/airflow/dags/predict.py
[2026-02-01T23:27:22.313+0000] {logging_mixin.py:188} INFO - [2026-02-01T23:27:22.313+0000] {dag.py:3096} INFO - Sync 1 DAGs
[2026-02-01T23:27:22.332+0000] {logging_mixin.py:188} INFO - [2026-02-01T23:27:22.331+0000] {dag.py:3954} INFO - Setting next_dagrun for ml_prediction_pipeline to 2026-01-31 00:00:00+00:00, run_after=2026-02-01 00:00:00+00:00
[2026-02-01T23:27:22.350+0000] {processor.py:183} INFO - Processing /opt/airflow/dags/predict.py took 3.130 seconds
[2026-02-01T23:27:52.472+0000] {processor.py:161} INFO - Started process (PID=45219) to work on /opt/airflow/dags/predict.py
[2026-02-01T23:27:52.473+0000] {processor.py:830} INFO - Processing file /opt/airflow/dags/predict.py for tasks to queue
[2026-02-01T23:27:52.474+0000] {logging_mixin.py:188} INFO - [2026-02-01T23:27:52.474+0000] {dagbag.py:545} INFO - Filling up the DagBag from /opt/airflow/dags/predict.py
[2026-02-01T23:27:54.562+0000] {logging_mixin.py:188} WARNING - /opt/airflow/dags/predict.py:34 RemovedInAirflow3Warning: Function `days_ago` is deprecated and will be removed in Airflow 3.0. You can achieve equivalent behavior with `pendulum.today('UTC').add(days=-N, ...)`
[2026-02-01T23:27:54.563+0000] {logging_mixin.py:188} WARNING - /opt/airflow/dags/predict.py:29 RemovedInAirflow3Warning: Param `schedule_interval` is deprecated and will be removed in a future release. Please use `schedule` instead.
[2026-02-01T23:27:54.566+0000] {processor.py:840} INFO - DAG(s) 'ml_prediction_pipeline' retrieved from /opt/airflow/dags/predict.py
[2026-02-01T23:27:54.581+0000] {logging_mixin.py:188} INFO - [2026-02-01T23:27:54.580+0000] {dag.py:3096} INFO - Sync 1 DAGs
[2026-02-01T23:27:54.592+0000] {logging_mixin.py:188} INFO - [2026-02-01T23:27:54.592+0000] {dag.py:3954} INFO - Setting next_dagrun for ml_prediction_pipeline to 2026-01-31 00:00:00+00:00, run_after=2026-02-01 00:00:00+00:00
[2026-02-01T23:27:54.604+0000] {processor.py:183} INFO - Processing /opt/airflow/dags/predict.py took 2.136 seconds
[2026-02-01T23:28:26.069+0000] {processor.py:161} INFO - Started process (PID=45266) to work on /opt/airflow/dags/predict.py
[2026-02-01T23:28:26.070+0000] {processor.py:830} INFO - Processing file /opt/airflow/dags/predict.py for tasks to queue
[2026-02-01T23:28:26.072+0000] {logging_mixin.py:188} INFO - [2026-02-01T23:28:26.072+0000] {dagbag.py:545} INFO - Filling up the DagBag from /opt/airflow/dags/predict.py
[2026-02-01T23:28:27.898+0000] {logging_mixin.py:188} WARNING - /opt/airflow/dags/predict.py:34 RemovedInAirflow3Warning: Function `days_ago` is deprecated and will be removed in Airflow 3.0. You can achieve equivalent behavior with `pendulum.today('UTC').add(days=-N, ...)`
[2026-02-01T23:28:27.899+0000] {logging_mixin.py:188} WARNING - /opt/airflow/dags/predict.py:29 RemovedInAirflow3Warning: Param `schedule_interval` is deprecated and will be removed in a future release. Please use `schedule` instead.
[2026-02-01T23:28:27.902+0000] {processor.py:840} INFO - DAG(s) 'ml_prediction_pipeline' retrieved from /opt/airflow/dags/predict.py
[2026-02-01T23:28:27.925+0000] {logging_mixin.py:188} INFO - [2026-02-01T23:28:27.924+0000] {dag.py:3096} INFO - Sync 1 DAGs
[2026-02-01T23:28:27.939+0000] {logging_mixin.py:188} INFO - [2026-02-01T23:28:27.939+0000] {dag.py:3954} INFO - Setting next_dagrun for ml_prediction_pipeline to 2026-01-31 00:00:00+00:00, run_after=2026-02-01 00:00:00+00:00
[2026-02-01T23:28:27.954+0000] {processor.py:183} INFO - Processing /opt/airflow/dags/predict.py took 1.891 seconds
[2026-02-01T23:28:59.418+0000] {processor.py:161} INFO - Started process (PID=45313) to work on /opt/airflow/dags/predict.py
[2026-02-01T23:28:59.420+0000] {processor.py:830} INFO - Processing file /opt/airflow/dags/predict.py for tasks to queue
[2026-02-01T23:28:59.423+0000] {logging_mixin.py:188} INFO - [2026-02-01T23:28:59.422+0000] {dagbag.py:545} INFO - Filling up the DagBag from /opt/airflow/dags/predict.py
[2026-02-01T23:29:01.222+0000] {logging_mixin.py:188} WARNING - /opt/airflow/dags/predict.py:34 RemovedInAirflow3Warning: Function `days_ago` is deprecated and will be removed in Airflow 3.0. You can achieve equivalent behavior with `pendulum.today('UTC').add(days=-N, ...)`
[2026-02-01T23:29:01.223+0000] {logging_mixin.py:188} WARNING - /opt/airflow/dags/predict.py:29 RemovedInAirflow3Warning: Param `schedule_interval` is deprecated and will be removed in a future release. Please use `schedule` instead.
[2026-02-01T23:29:01.228+0000] {processor.py:840} INFO - DAG(s) 'ml_prediction_pipeline' retrieved from /opt/airflow/dags/predict.py
[2026-02-01T23:29:01.335+0000] {logging_mixin.py:188} INFO - [2026-02-01T23:29:01.335+0000] {dag.py:3096} INFO - Sync 1 DAGs
[2026-02-01T23:29:01.347+0000] {logging_mixin.py:188} INFO - [2026-02-01T23:29:01.346+0000] {dag.py:3954} INFO - Setting next_dagrun for ml_prediction_pipeline to 2026-01-31 00:00:00+00:00, run_after=2026-02-01 00:00:00+00:00
[2026-02-01T23:29:01.360+0000] {processor.py:183} INFO - Processing /opt/airflow/dags/predict.py took 1.947 seconds
[2026-02-01T23:29:32.819+0000] {processor.py:161} INFO - Started process (PID=45360) to work on /opt/airflow/dags/predict.py
[2026-02-01T23:29:32.820+0000] {processor.py:830} INFO - Processing file /opt/airflow/dags/predict.py for tasks to queue
[2026-02-01T23:29:32.822+0000] {logging_mixin.py:188} INFO - [2026-02-01T23:29:32.822+0000] {dagbag.py:545} INFO - Filling up the DagBag from /opt/airflow/dags/predict.py
[2026-02-01T23:29:34.598+0000] {logging_mixin.py:188} WARNING - /opt/airflow/dags/predict.py:34 RemovedInAirflow3Warning: Function `days_ago` is deprecated and will be removed in Airflow 3.0. You can achieve equivalent behavior with `pendulum.today('UTC').add(days=-N, ...)`
[2026-02-01T23:29:34.599+0000] {logging_mixin.py:188} WARNING - /opt/airflow/dags/predict.py:29 RemovedInAirflow3Warning: Param `schedule_interval` is deprecated and will be removed in a future release. Please use `schedule` instead.
[2026-02-01T23:29:34.602+0000] {processor.py:840} INFO - DAG(s) 'ml_prediction_pipeline' retrieved from /opt/airflow/dags/predict.py
[2026-02-01T23:29:34.619+0000] {logging_mixin.py:188} INFO - [2026-02-01T23:29:34.618+0000] {dag.py:3096} INFO - Sync 1 DAGs
[2026-02-01T23:29:34.631+0000] {logging_mixin.py:188} INFO - [2026-02-01T23:29:34.631+0000] {dag.py:3954} INFO - Setting next_dagrun for ml_prediction_pipeline to 2026-01-31 00:00:00+00:00, run_after=2026-02-01 00:00:00+00:00
[2026-02-01T23:29:34.642+0000] {processor.py:183} INFO - Processing /opt/airflow/dags/predict.py took 1.828 seconds
[2026-02-01T23:30:06.094+0000] {processor.py:161} INFO - Started process (PID=45407) to work on /opt/airflow/dags/predict.py
[2026-02-01T23:30:06.095+0000] {processor.py:830} INFO - Processing file /opt/airflow/dags/predict.py for tasks to queue
[2026-02-01T23:30:06.096+0000] {logging_mixin.py:188} INFO - [2026-02-01T23:30:06.096+0000] {dagbag.py:545} INFO - Filling up the DagBag from /opt/airflow/dags/predict.py
[2026-02-01T23:30:07.888+0000] {logging_mixin.py:188} WARNING - /opt/airflow/dags/predict.py:34 RemovedInAirflow3Warning: Function `days_ago` is deprecated and will be removed in Airflow 3.0. You can achieve equivalent behavior with `pendulum.today('UTC').add(days=-N, ...)`
[2026-02-01T23:30:07.891+0000] {logging_mixin.py:188} WARNING - /opt/airflow/dags/predict.py:29 RemovedInAirflow3Warning: Param `schedule_interval` is deprecated and will be removed in a future release. Please use `schedule` instead.
[2026-02-01T23:30:07.898+0000] {processor.py:840} INFO - DAG(s) 'ml_prediction_pipeline' retrieved from /opt/airflow/dags/predict.py
[2026-02-01T23:30:07.913+0000] {logging_mixin.py:188} INFO - [2026-02-01T23:30:07.913+0000] {dag.py:3096} INFO - Sync 1 DAGs
[2026-02-01T23:30:07.924+0000] {logging_mixin.py:188} INFO - [2026-02-01T23:30:07.924+0000] {dag.py:3954} INFO - Setting next_dagrun for ml_prediction_pipeline to 2026-01-31 00:00:00+00:00, run_after=2026-02-01 00:00:00+00:00
[2026-02-01T23:30:07.935+0000] {processor.py:183} INFO - Processing /opt/airflow/dags/predict.py took 1.845 seconds
[2026-02-01T23:30:39.060+0000] {processor.py:161} INFO - Started process (PID=45454) to work on /opt/airflow/dags/predict.py
[2026-02-01T23:30:39.062+0000] {processor.py:830} INFO - Processing file /opt/airflow/dags/predict.py for tasks to queue
[2026-02-01T23:30:39.063+0000] {logging_mixin.py:188} INFO - [2026-02-01T23:30:39.063+0000] {dagbag.py:545} INFO - Filling up the DagBag from /opt/airflow/dags/predict.py
[2026-02-01T23:30:40.846+0000] {logging_mixin.py:188} WARNING - /opt/airflow/dags/predict.py:34 RemovedInAirflow3Warning: Function `days_ago` is deprecated and will be removed in Airflow 3.0. You can achieve equivalent behavior with `pendulum.today('UTC').add(days=-N, ...)`
[2026-02-01T23:30:40.846+0000] {logging_mixin.py:188} WARNING - /opt/airflow/dags/predict.py:29 RemovedInAirflow3Warning: Param `schedule_interval` is deprecated and will be removed in a future release. Please use `schedule` instead.
[2026-02-01T23:30:40.850+0000] {processor.py:840} INFO - DAG(s) 'ml_prediction_pipeline' retrieved from /opt/airflow/dags/predict.py
[2026-02-01T23:30:40.869+0000] {logging_mixin.py:188} INFO - [2026-02-01T23:30:40.868+0000] {dag.py:3096} INFO - Sync 1 DAGs
[2026-02-01T23:30:40.882+0000] {logging_mixin.py:188} INFO - [2026-02-01T23:30:40.882+0000] {dag.py:3954} INFO - Setting next_dagrun for ml_prediction_pipeline to 2026-01-31 00:00:00+00:00, run_after=2026-02-01 00:00:00+00:00
[2026-02-01T23:30:40.896+0000] {processor.py:183} INFO - Processing /opt/airflow/dags/predict.py took 1.840 seconds
[2026-02-01T23:31:12.705+0000] {processor.py:161} INFO - Started process (PID=45501) to work on /opt/airflow/dags/predict.py
[2026-02-01T23:31:12.708+0000] {processor.py:830} INFO - Processing file /opt/airflow/dags/predict.py for tasks to queue
[2026-02-01T23:31:12.709+0000] {logging_mixin.py:188} INFO - [2026-02-01T23:31:12.709+0000] {dagbag.py:545} INFO - Filling up the DagBag from /opt/airflow/dags/predict.py
[2026-02-01T23:31:14.405+0000] {logging_mixin.py:188} WARNING - /opt/airflow/dags/predict.py:34 RemovedInAirflow3Warning: Function `days_ago` is deprecated and will be removed in Airflow 3.0. You can achieve equivalent behavior with `pendulum.today('UTC').add(days=-N, ...)`
[2026-02-01T23:31:14.406+0000] {logging_mixin.py:188} WARNING - /opt/airflow/dags/predict.py:29 RemovedInAirflow3Warning: Param `schedule_interval` is deprecated and will be removed in a future release. Please use `schedule` instead.
[2026-02-01T23:31:14.409+0000] {processor.py:840} INFO - DAG(s) 'ml_prediction_pipeline' retrieved from /opt/airflow/dags/predict.py
[2026-02-01T23:31:14.426+0000] {logging_mixin.py:188} INFO - [2026-02-01T23:31:14.425+0000] {dag.py:3096} INFO - Sync 1 DAGs
[2026-02-01T23:31:14.438+0000] {logging_mixin.py:188} INFO - [2026-02-01T23:31:14.438+0000] {dag.py:3954} INFO - Setting next_dagrun for ml_prediction_pipeline to 2026-01-31 00:00:00+00:00, run_after=2026-02-01 00:00:00+00:00
[2026-02-01T23:31:14.450+0000] {processor.py:183} INFO - Processing /opt/airflow/dags/predict.py took 1.749 seconds
[2026-02-01T23:31:45.900+0000] {processor.py:161} INFO - Started process (PID=45548) to work on /opt/airflow/dags/predict.py
[2026-02-01T23:31:45.901+0000] {processor.py:830} INFO - Processing file /opt/airflow/dags/predict.py for tasks to queue
[2026-02-01T23:31:45.902+0000] {logging_mixin.py:188} INFO - [2026-02-01T23:31:45.902+0000] {dagbag.py:545} INFO - Filling up the DagBag from /opt/airflow/dags/predict.py
[2026-02-01T23:31:47.800+0000] {logging_mixin.py:188} WARNING - /opt/airflow/dags/predict.py:34 RemovedInAirflow3Warning: Function `days_ago` is deprecated and will be removed in Airflow 3.0. You can achieve equivalent behavior with `pendulum.today('UTC').add(days=-N, ...)`
[2026-02-01T23:31:47.803+0000] {logging_mixin.py:188} WARNING - /opt/airflow/dags/predict.py:29 RemovedInAirflow3Warning: Param `schedule_interval` is deprecated and will be removed in a future release. Please use `schedule` instead.
[2026-02-01T23:31:47.806+0000] {processor.py:840} INFO - DAG(s) 'ml_prediction_pipeline' retrieved from /opt/airflow/dags/predict.py
[2026-02-01T23:31:47.826+0000] {logging_mixin.py:188} INFO - [2026-02-01T23:31:47.826+0000] {dag.py:3096} INFO - Sync 1 DAGs
[2026-02-01T23:31:47.839+0000] {logging_mixin.py:188} INFO - [2026-02-01T23:31:47.839+0000] {dag.py:3954} INFO - Setting next_dagrun for ml_prediction_pipeline to 2026-01-31 00:00:00+00:00, run_after=2026-02-01 00:00:00+00:00
[2026-02-01T23:31:47.851+0000] {processor.py:183} INFO - Processing /opt/airflow/dags/predict.py took 1.955 seconds
[2026-02-01T23:32:19.304+0000] {processor.py:161} INFO - Started process (PID=45595) to work on /opt/airflow/dags/predict.py
[2026-02-01T23:32:19.305+0000] {processor.py:830} INFO - Processing file /opt/airflow/dags/predict.py for tasks to queue
[2026-02-01T23:32:19.306+0000] {logging_mixin.py:188} INFO - [2026-02-01T23:32:19.305+0000] {dagbag.py:545} INFO - Filling up the DagBag from /opt/airflow/dags/predict.py
[2026-02-01T23:32:20.913+0000] {logging_mixin.py:188} WARNING - /opt/airflow/dags/predict.py:34 RemovedInAirflow3Warning: Function `days_ago` is deprecated and will be removed in Airflow 3.0. You can achieve equivalent behavior with `pendulum.today('UTC').add(days=-N, ...)`
[2026-02-01T23:32:20.913+0000] {logging_mixin.py:188} WARNING - /opt/airflow/dags/predict.py:29 RemovedInAirflow3Warning: Param `schedule_interval` is deprecated and will be removed in a future release. Please use `schedule` instead.
[2026-02-01T23:32:20.917+0000] {processor.py:840} INFO - DAG(s) 'ml_prediction_pipeline' retrieved from /opt/airflow/dags/predict.py
[2026-02-01T23:32:21.014+0000] {logging_mixin.py:188} INFO - [2026-02-01T23:32:21.014+0000] {dag.py:3096} INFO - Sync 1 DAGs
[2026-02-01T23:32:21.028+0000] {logging_mixin.py:188} INFO - [2026-02-01T23:32:21.028+0000] {dag.py:3954} INFO - Setting next_dagrun for ml_prediction_pipeline to 2026-01-31 00:00:00+00:00, run_after=2026-02-01 00:00:00+00:00
[2026-02-01T23:32:21.046+0000] {processor.py:183} INFO - Processing /opt/airflow/dags/predict.py took 1.746 seconds
[2026-02-01T23:32:52.513+0000] {processor.py:161} INFO - Started process (PID=45642) to work on /opt/airflow/dags/predict.py
[2026-02-01T23:32:52.516+0000] {processor.py:830} INFO - Processing file /opt/airflow/dags/predict.py for tasks to queue
[2026-02-01T23:32:52.518+0000] {logging_mixin.py:188} INFO - [2026-02-01T23:32:52.517+0000] {dagbag.py:545} INFO - Filling up the DagBag from /opt/airflow/dags/predict.py
[2026-02-01T23:32:54.254+0000] {logging_mixin.py:188} WARNING - /opt/airflow/dags/predict.py:34 RemovedInAirflow3Warning: Function `days_ago` is deprecated and will be removed in Airflow 3.0. You can achieve equivalent behavior with `pendulum.today('UTC').add(days=-N, ...)`
[2026-02-01T23:32:54.255+0000] {logging_mixin.py:188} WARNING - /opt/airflow/dags/predict.py:29 RemovedInAirflow3Warning: Param `schedule_interval` is deprecated and will be removed in a future release. Please use `schedule` instead.
[2026-02-01T23:32:54.259+0000] {processor.py:840} INFO - DAG(s) 'ml_prediction_pipeline' retrieved from /opt/airflow/dags/predict.py
[2026-02-01T23:32:54.276+0000] {logging_mixin.py:188} INFO - [2026-02-01T23:32:54.276+0000] {dag.py:3096} INFO - Sync 1 DAGs
[2026-02-01T23:32:54.287+0000] {logging_mixin.py:188} INFO - [2026-02-01T23:32:54.287+0000] {dag.py:3954} INFO - Setting next_dagrun for ml_prediction_pipeline to 2026-01-31 00:00:00+00:00, run_after=2026-02-01 00:00:00+00:00
[2026-02-01T23:32:54.300+0000] {processor.py:183} INFO - Processing /opt/airflow/dags/predict.py took 1.791 seconds
[2026-02-01T23:33:26.061+0000] {processor.py:161} INFO - Started process (PID=45689) to work on /opt/airflow/dags/predict.py
[2026-02-01T23:33:26.062+0000] {processor.py:830} INFO - Processing file /opt/airflow/dags/predict.py for tasks to queue
[2026-02-01T23:33:26.063+0000] {logging_mixin.py:188} INFO - [2026-02-01T23:33:26.063+0000] {dagbag.py:545} INFO - Filling up the DagBag from /opt/airflow/dags/predict.py
[2026-02-01T23:33:27.824+0000] {logging_mixin.py:188} WARNING - /opt/airflow/dags/predict.py:34 RemovedInAirflow3Warning: Function `days_ago` is deprecated and will be removed in Airflow 3.0. You can achieve equivalent behavior with `pendulum.today('UTC').add(days=-N, ...)`
[2026-02-01T23:33:27.826+0000] {logging_mixin.py:188} WARNING - /opt/airflow/dags/predict.py:29 RemovedInAirflow3Warning: Param `schedule_interval` is deprecated and will be removed in a future release. Please use `schedule` instead.
[2026-02-01T23:33:27.829+0000] {processor.py:840} INFO - DAG(s) 'ml_prediction_pipeline' retrieved from /opt/airflow/dags/predict.py
[2026-02-01T23:33:27.844+0000] {logging_mixin.py:188} INFO - [2026-02-01T23:33:27.843+0000] {dag.py:3096} INFO - Sync 1 DAGs
[2026-02-01T23:33:27.855+0000] {logging_mixin.py:188} INFO - [2026-02-01T23:33:27.855+0000] {dag.py:3954} INFO - Setting next_dagrun for ml_prediction_pipeline to 2026-01-31 00:00:00+00:00, run_after=2026-02-01 00:00:00+00:00
[2026-02-01T23:33:27.866+0000] {processor.py:183} INFO - Processing /opt/airflow/dags/predict.py took 1.809 seconds
[2026-02-01T23:33:59.334+0000] {processor.py:161} INFO - Started process (PID=45736) to work on /opt/airflow/dags/predict.py
[2026-02-01T23:33:59.334+0000] {processor.py:830} INFO - Processing file /opt/airflow/dags/predict.py for tasks to queue
[2026-02-01T23:33:59.336+0000] {logging_mixin.py:188} INFO - [2026-02-01T23:33:59.335+0000] {dagbag.py:545} INFO - Filling up the DagBag from /opt/airflow/dags/predict.py
[2026-02-01T23:34:01.014+0000] {logging_mixin.py:188} WARNING - /opt/airflow/dags/predict.py:34 RemovedInAirflow3Warning: Function `days_ago` is deprecated and will be removed in Airflow 3.0. You can achieve equivalent behavior with `pendulum.today('UTC').add(days=-N, ...)`
[2026-02-01T23:34:01.015+0000] {logging_mixin.py:188} WARNING - /opt/airflow/dags/predict.py:29 RemovedInAirflow3Warning: Param `schedule_interval` is deprecated and will be removed in a future release. Please use `schedule` instead.
[2026-02-01T23:34:01.019+0000] {processor.py:840} INFO - DAG(s) 'ml_prediction_pipeline' retrieved from /opt/airflow/dags/predict.py
[2026-02-01T23:34:01.035+0000] {logging_mixin.py:188} INFO - [2026-02-01T23:34:01.035+0000] {dag.py:3096} INFO - Sync 1 DAGs
[2026-02-01T23:34:01.047+0000] {logging_mixin.py:188} INFO - [2026-02-01T23:34:01.047+0000] {dag.py:3954} INFO - Setting next_dagrun for ml_prediction_pipeline to 2026-01-31 00:00:00+00:00, run_after=2026-02-01 00:00:00+00:00
[2026-02-01T23:34:01.061+0000] {processor.py:183} INFO - Processing /opt/airflow/dags/predict.py took 1.732 seconds
[2026-02-01T23:34:32.545+0000] {processor.py:161} INFO - Started process (PID=45783) to work on /opt/airflow/dags/predict.py
[2026-02-01T23:34:32.546+0000] {processor.py:830} INFO - Processing file /opt/airflow/dags/predict.py for tasks to queue
[2026-02-01T23:34:32.548+0000] {logging_mixin.py:188} INFO - [2026-02-01T23:34:32.547+0000] {dagbag.py:545} INFO - Filling up the DagBag from /opt/airflow/dags/predict.py
[2026-02-01T23:34:34.281+0000] {logging_mixin.py:188} WARNING - /opt/airflow/dags/predict.py:34 RemovedInAirflow3Warning: Function `days_ago` is deprecated and will be removed in Airflow 3.0. You can achieve equivalent behavior with `pendulum.today('UTC').add(days=-N, ...)`
[2026-02-01T23:34:34.283+0000] {logging_mixin.py:188} WARNING - /opt/airflow/dags/predict.py:29 RemovedInAirflow3Warning: Param `schedule_interval` is deprecated and will be removed in a future release. Please use `schedule` instead.
[2026-02-01T23:34:34.287+0000] {processor.py:840} INFO - DAG(s) 'ml_prediction_pipeline' retrieved from /opt/airflow/dags/predict.py
[2026-02-01T23:34:34.305+0000] {logging_mixin.py:188} INFO - [2026-02-01T23:34:34.305+0000] {dag.py:3096} INFO - Sync 1 DAGs
[2026-02-01T23:34:34.316+0000] {logging_mixin.py:188} INFO - [2026-02-01T23:34:34.316+0000] {dag.py:3954} INFO - Setting next_dagrun for ml_prediction_pipeline to 2026-01-31 00:00:00+00:00, run_after=2026-02-01 00:00:00+00:00
[2026-02-01T23:34:34.327+0000] {processor.py:183} INFO - Processing /opt/airflow/dags/predict.py took 1.786 seconds
[2026-02-01T23:35:06.191+0000] {processor.py:161} INFO - Started process (PID=45830) to work on /opt/airflow/dags/predict.py
[2026-02-01T23:35:06.192+0000] {processor.py:830} INFO - Processing file /opt/airflow/dags/predict.py for tasks to queue
[2026-02-01T23:35:06.193+0000] {logging_mixin.py:188} INFO - [2026-02-01T23:35:06.193+0000] {dagbag.py:545} INFO - Filling up the DagBag from /opt/airflow/dags/predict.py
[2026-02-01T23:35:08.019+0000] {logging_mixin.py:188} WARNING - /opt/airflow/dags/predict.py:34 RemovedInAirflow3Warning: Function `days_ago` is deprecated and will be removed in Airflow 3.0. You can achieve equivalent behavior with `pendulum.today('UTC').add(days=-N, ...)`
[2026-02-01T23:35:08.020+0000] {logging_mixin.py:188} WARNING - /opt/airflow/dags/predict.py:29 RemovedInAirflow3Warning: Param `schedule_interval` is deprecated and will be removed in a future release. Please use `schedule` instead.
[2026-02-01T23:35:08.023+0000] {processor.py:840} INFO - DAG(s) 'ml_prediction_pipeline' retrieved from /opt/airflow/dags/predict.py
[2026-02-01T23:35:08.037+0000] {logging_mixin.py:188} INFO - [2026-02-01T23:35:08.037+0000] {dag.py:3096} INFO - Sync 1 DAGs
[2026-02-01T23:35:08.049+0000] {logging_mixin.py:188} INFO - [2026-02-01T23:35:08.048+0000] {dag.py:3954} INFO - Setting next_dagrun for ml_prediction_pipeline to 2026-01-31 00:00:00+00:00, run_after=2026-02-01 00:00:00+00:00
[2026-02-01T23:35:08.059+0000] {processor.py:183} INFO - Processing /opt/airflow/dags/predict.py took 1.871 seconds
[2026-02-01T23:35:39.186+0000] {processor.py:161} INFO - Started process (PID=45877) to work on /opt/airflow/dags/predict.py
[2026-02-01T23:35:39.187+0000] {processor.py:830} INFO - Processing file /opt/airflow/dags/predict.py for tasks to queue
[2026-02-01T23:35:39.188+0000] {logging_mixin.py:188} INFO - [2026-02-01T23:35:39.188+0000] {dagbag.py:545} INFO - Filling up the DagBag from /opt/airflow/dags/predict.py
[2026-02-01T23:35:40.834+0000] {logging_mixin.py:188} WARNING - /opt/airflow/dags/predict.py:34 RemovedInAirflow3Warning: Function `days_ago` is deprecated and will be removed in Airflow 3.0. You can achieve equivalent behavior with `pendulum.today('UTC').add(days=-N, ...)`
[2026-02-01T23:35:40.834+0000] {logging_mixin.py:188} WARNING - /opt/airflow/dags/predict.py:29 RemovedInAirflow3Warning: Param `schedule_interval` is deprecated and will be removed in a future release. Please use `schedule` instead.
[2026-02-01T23:35:40.838+0000] {processor.py:840} INFO - DAG(s) 'ml_prediction_pipeline' retrieved from /opt/airflow/dags/predict.py
[2026-02-01T23:35:40.926+0000] {logging_mixin.py:188} INFO - [2026-02-01T23:35:40.925+0000] {dag.py:3096} INFO - Sync 1 DAGs
[2026-02-01T23:35:40.937+0000] {logging_mixin.py:188} INFO - [2026-02-01T23:35:40.937+0000] {dag.py:3954} INFO - Setting next_dagrun for ml_prediction_pipeline to 2026-01-31 00:00:00+00:00, run_after=2026-02-01 00:00:00+00:00
[2026-02-01T23:35:40.948+0000] {processor.py:183} INFO - Processing /opt/airflow/dags/predict.py took 1.766 seconds
[2026-02-01T23:36:12.762+0000] {processor.py:161} INFO - Started process (PID=45924) to work on /opt/airflow/dags/predict.py
[2026-02-01T23:36:12.763+0000] {processor.py:830} INFO - Processing file /opt/airflow/dags/predict.py for tasks to queue
[2026-02-01T23:36:12.764+0000] {logging_mixin.py:188} INFO - [2026-02-01T23:36:12.763+0000] {dagbag.py:545} INFO - Filling up the DagBag from /opt/airflow/dags/predict.py
[2026-02-01T23:36:14.702+0000] {logging_mixin.py:188} WARNING - /opt/airflow/dags/predict.py:34 RemovedInAirflow3Warning: Function `days_ago` is deprecated and will be removed in Airflow 3.0. You can achieve equivalent behavior with `pendulum.today('UTC').add(days=-N, ...)`
[2026-02-01T23:36:14.703+0000] {logging_mixin.py:188} WARNING - /opt/airflow/dags/predict.py:29 RemovedInAirflow3Warning: Param `schedule_interval` is deprecated and will be removed in a future release. Please use `schedule` instead.
[2026-02-01T23:36:14.707+0000] {processor.py:840} INFO - DAG(s) 'ml_prediction_pipeline' retrieved from /opt/airflow/dags/predict.py
[2026-02-01T23:36:14.722+0000] {logging_mixin.py:188} INFO - [2026-02-01T23:36:14.722+0000] {dag.py:3096} INFO - Sync 1 DAGs
[2026-02-01T23:36:14.734+0000] {logging_mixin.py:188} INFO - [2026-02-01T23:36:14.734+0000] {dag.py:3954} INFO - Setting next_dagrun for ml_prediction_pipeline to 2026-01-31 00:00:00+00:00, run_after=2026-02-01 00:00:00+00:00
[2026-02-01T23:36:14.747+0000] {processor.py:183} INFO - Processing /opt/airflow/dags/predict.py took 1.989 seconds
[2026-02-01T23:36:46.213+0000] {processor.py:161} INFO - Started process (PID=45971) to work on /opt/airflow/dags/predict.py
[2026-02-01T23:36:46.214+0000] {processor.py:830} INFO - Processing file /opt/airflow/dags/predict.py for tasks to queue
[2026-02-01T23:36:46.215+0000] {logging_mixin.py:188} INFO - [2026-02-01T23:36:46.215+0000] {dagbag.py:545} INFO - Filling up the DagBag from /opt/airflow/dags/predict.py
[2026-02-01T23:36:48.011+0000] {logging_mixin.py:188} WARNING - /opt/airflow/dags/predict.py:34 RemovedInAirflow3Warning: Function `days_ago` is deprecated and will be removed in Airflow 3.0. You can achieve equivalent behavior with `pendulum.today('UTC').add(days=-N, ...)`
[2026-02-01T23:36:48.012+0000] {logging_mixin.py:188} WARNING - /opt/airflow/dags/predict.py:29 RemovedInAirflow3Warning: Param `schedule_interval` is deprecated and will be removed in a future release. Please use `schedule` instead.
[2026-02-01T23:36:48.016+0000] {processor.py:840} INFO - DAG(s) 'ml_prediction_pipeline' retrieved from /opt/airflow/dags/predict.py
[2026-02-01T23:36:48.035+0000] {logging_mixin.py:188} INFO - [2026-02-01T23:36:48.035+0000] {dag.py:3096} INFO - Sync 1 DAGs
[2026-02-01T23:36:48.050+0000] {logging_mixin.py:188} INFO - [2026-02-01T23:36:48.050+0000] {dag.py:3954} INFO - Setting next_dagrun for ml_prediction_pipeline to 2026-01-31 00:00:00+00:00, run_after=2026-02-01 00:00:00+00:00
[2026-02-01T23:36:48.065+0000] {processor.py:183} INFO - Processing /opt/airflow/dags/predict.py took 1.856 seconds
[2026-02-01T23:37:19.534+0000] {processor.py:161} INFO - Started process (PID=46018) to work on /opt/airflow/dags/predict.py
[2026-02-01T23:37:19.535+0000] {processor.py:830} INFO - Processing file /opt/airflow/dags/predict.py for tasks to queue
[2026-02-01T23:37:19.536+0000] {logging_mixin.py:188} INFO - [2026-02-01T23:37:19.536+0000] {dagbag.py:545} INFO - Filling up the DagBag from /opt/airflow/dags/predict.py
[2026-02-01T23:37:21.226+0000] {logging_mixin.py:188} WARNING - /opt/airflow/dags/predict.py:34 RemovedInAirflow3Warning: Function `days_ago` is deprecated and will be removed in Airflow 3.0. You can achieve equivalent behavior with `pendulum.today('UTC').add(days=-N, ...)`
[2026-02-01T23:37:21.227+0000] {logging_mixin.py:188} WARNING - /opt/airflow/dags/predict.py:29 RemovedInAirflow3Warning: Param `schedule_interval` is deprecated and will be removed in a future release. Please use `schedule` instead.
[2026-02-01T23:37:21.230+0000] {processor.py:840} INFO - DAG(s) 'ml_prediction_pipeline' retrieved from /opt/airflow/dags/predict.py
[2026-02-01T23:37:21.247+0000] {logging_mixin.py:188} INFO - [2026-02-01T23:37:21.247+0000] {dag.py:3096} INFO - Sync 1 DAGs
[2026-02-01T23:37:21.261+0000] {logging_mixin.py:188} INFO - [2026-02-01T23:37:21.261+0000] {dag.py:3954} INFO - Setting next_dagrun for ml_prediction_pipeline to 2026-01-31 00:00:00+00:00, run_after=2026-02-01 00:00:00+00:00
[2026-02-01T23:37:21.273+0000] {processor.py:183} INFO - Processing /opt/airflow/dags/predict.py took 1.743 seconds
[2026-02-01T23:37:52.738+0000] {processor.py:161} INFO - Started process (PID=46065) to work on /opt/airflow/dags/predict.py
[2026-02-01T23:37:52.741+0000] {processor.py:830} INFO - Processing file /opt/airflow/dags/predict.py for tasks to queue
[2026-02-01T23:37:52.742+0000] {logging_mixin.py:188} INFO - [2026-02-01T23:37:52.742+0000] {dagbag.py:545} INFO - Filling up the DagBag from /opt/airflow/dags/predict.py
[2026-02-01T23:37:54.471+0000] {logging_mixin.py:188} WARNING - /opt/airflow/dags/predict.py:34 RemovedInAirflow3Warning: Function `days_ago` is deprecated and will be removed in Airflow 3.0. You can achieve equivalent behavior with `pendulum.today('UTC').add(days=-N, ...)`
[2026-02-01T23:37:54.472+0000] {logging_mixin.py:188} WARNING - /opt/airflow/dags/predict.py:29 RemovedInAirflow3Warning: Param `schedule_interval` is deprecated and will be removed in a future release. Please use `schedule` instead.
[2026-02-01T23:37:54.475+0000] {processor.py:840} INFO - DAG(s) 'ml_prediction_pipeline' retrieved from /opt/airflow/dags/predict.py
[2026-02-01T23:37:54.491+0000] {logging_mixin.py:188} INFO - [2026-02-01T23:37:54.491+0000] {dag.py:3096} INFO - Sync 1 DAGs
[2026-02-01T23:37:54.501+0000] {logging_mixin.py:188} INFO - [2026-02-01T23:37:54.501+0000] {dag.py:3954} INFO - Setting next_dagrun for ml_prediction_pipeline to 2026-01-31 00:00:00+00:00, run_after=2026-02-01 00:00:00+00:00
[2026-02-01T23:37:54.512+0000] {processor.py:183} INFO - Processing /opt/airflow/dags/predict.py took 1.779 seconds
[2026-02-01T23:38:25.981+0000] {processor.py:161} INFO - Started process (PID=46112) to work on /opt/airflow/dags/predict.py
[2026-02-01T23:38:25.982+0000] {processor.py:830} INFO - Processing file /opt/airflow/dags/predict.py for tasks to queue
[2026-02-01T23:38:25.983+0000] {logging_mixin.py:188} INFO - [2026-02-01T23:38:25.982+0000] {dagbag.py:545} INFO - Filling up the DagBag from /opt/airflow/dags/predict.py
[2026-02-01T23:38:27.720+0000] {logging_mixin.py:188} WARNING - /opt/airflow/dags/predict.py:34 RemovedInAirflow3Warning: Function `days_ago` is deprecated and will be removed in Airflow 3.0. You can achieve equivalent behavior with `pendulum.today('UTC').add(days=-N, ...)`
[2026-02-01T23:38:27.721+0000] {logging_mixin.py:188} WARNING - /opt/airflow/dags/predict.py:29 RemovedInAirflow3Warning: Param `schedule_interval` is deprecated and will be removed in a future release. Please use `schedule` instead.
[2026-02-01T23:38:27.725+0000] {processor.py:840} INFO - DAG(s) 'ml_prediction_pipeline' retrieved from /opt/airflow/dags/predict.py
[2026-02-01T23:38:27.742+0000] {logging_mixin.py:188} INFO - [2026-02-01T23:38:27.742+0000] {dag.py:3096} INFO - Sync 1 DAGs
[2026-02-01T23:38:27.754+0000] {logging_mixin.py:188} INFO - [2026-02-01T23:38:27.754+0000] {dag.py:3954} INFO - Setting next_dagrun for ml_prediction_pipeline to 2026-01-31 00:00:00+00:00, run_after=2026-02-01 00:00:00+00:00
[2026-02-01T23:38:27.768+0000] {processor.py:183} INFO - Processing /opt/airflow/dags/predict.py took 1.791 seconds
[2026-02-01T23:38:59.286+0000] {processor.py:161} INFO - Started process (PID=46159) to work on /opt/airflow/dags/predict.py
[2026-02-01T23:38:59.288+0000] {processor.py:830} INFO - Processing file /opt/airflow/dags/predict.py for tasks to queue
[2026-02-01T23:38:59.289+0000] {logging_mixin.py:188} INFO - [2026-02-01T23:38:59.289+0000] {dagbag.py:545} INFO - Filling up the DagBag from /opt/airflow/dags/predict.py
[2026-02-01T23:39:01.254+0000] {logging_mixin.py:188} WARNING - /opt/airflow/dags/predict.py:34 RemovedInAirflow3Warning: Function `days_ago` is deprecated and will be removed in Airflow 3.0. You can achieve equivalent behavior with `pendulum.today('UTC').add(days=-N, ...)`
[2026-02-01T23:39:01.254+0000] {logging_mixin.py:188} WARNING - /opt/airflow/dags/predict.py:29 RemovedInAirflow3Warning: Param `schedule_interval` is deprecated and will be removed in a future release. Please use `schedule` instead.
[2026-02-01T23:39:01.259+0000] {processor.py:840} INFO - DAG(s) 'ml_prediction_pipeline' retrieved from /opt/airflow/dags/predict.py
[2026-02-01T23:39:01.370+0000] {logging_mixin.py:188} INFO - [2026-02-01T23:39:01.370+0000] {dag.py:3096} INFO - Sync 1 DAGs
[2026-02-01T23:39:01.384+0000] {logging_mixin.py:188} INFO - [2026-02-01T23:39:01.384+0000] {dag.py:3954} INFO - Setting next_dagrun for ml_prediction_pipeline to 2026-01-31 00:00:00+00:00, run_after=2026-02-01 00:00:00+00:00
[2026-02-01T23:39:01.400+0000] {processor.py:183} INFO - Processing /opt/airflow/dags/predict.py took 2.119 seconds
[2026-02-01T23:39:32.863+0000] {processor.py:161} INFO - Started process (PID=46206) to work on /opt/airflow/dags/predict.py
[2026-02-01T23:39:32.863+0000] {processor.py:830} INFO - Processing file /opt/airflow/dags/predict.py for tasks to queue
[2026-02-01T23:39:32.864+0000] {logging_mixin.py:188} INFO - [2026-02-01T23:39:32.864+0000] {dagbag.py:545} INFO - Filling up the DagBag from /opt/airflow/dags/predict.py
[2026-02-01T23:39:34.569+0000] {logging_mixin.py:188} WARNING - /opt/airflow/dags/predict.py:34 RemovedInAirflow3Warning: Function `days_ago` is deprecated and will be removed in Airflow 3.0. You can achieve equivalent behavior with `pendulum.today('UTC').add(days=-N, ...)`
[2026-02-01T23:39:34.569+0000] {logging_mixin.py:188} WARNING - /opt/airflow/dags/predict.py:29 RemovedInAirflow3Warning: Param `schedule_interval` is deprecated and will be removed in a future release. Please use `schedule` instead.
[2026-02-01T23:39:34.573+0000] {processor.py:840} INFO - DAG(s) 'ml_prediction_pipeline' retrieved from /opt/airflow/dags/predict.py
[2026-02-01T23:39:34.588+0000] {logging_mixin.py:188} INFO - [2026-02-01T23:39:34.588+0000] {dag.py:3096} INFO - Sync 1 DAGs
[2026-02-01T23:39:34.600+0000] {logging_mixin.py:188} INFO - [2026-02-01T23:39:34.599+0000] {dag.py:3954} INFO - Setting next_dagrun for ml_prediction_pipeline to 2026-01-31 00:00:00+00:00, run_after=2026-02-01 00:00:00+00:00
[2026-02-01T23:39:34.611+0000] {processor.py:183} INFO - Processing /opt/airflow/dags/predict.py took 1.753 seconds
[2026-02-01T23:40:06.074+0000] {processor.py:161} INFO - Started process (PID=46253) to work on /opt/airflow/dags/predict.py
[2026-02-01T23:40:06.075+0000] {processor.py:830} INFO - Processing file /opt/airflow/dags/predict.py for tasks to queue
[2026-02-01T23:40:06.076+0000] {logging_mixin.py:188} INFO - [2026-02-01T23:40:06.076+0000] {dagbag.py:545} INFO - Filling up the DagBag from /opt/airflow/dags/predict.py
[2026-02-01T23:40:07.779+0000] {logging_mixin.py:188} WARNING - /opt/airflow/dags/predict.py:34 RemovedInAirflow3Warning: Function `days_ago` is deprecated and will be removed in Airflow 3.0. You can achieve equivalent behavior with `pendulum.today('UTC').add(days=-N, ...)`
[2026-02-01T23:40:07.780+0000] {logging_mixin.py:188} WARNING - /opt/airflow/dags/predict.py:29 RemovedInAirflow3Warning: Param `schedule_interval` is deprecated and will be removed in a future release. Please use `schedule` instead.
[2026-02-01T23:40:07.784+0000] {processor.py:840} INFO - DAG(s) 'ml_prediction_pipeline' retrieved from /opt/airflow/dags/predict.py
[2026-02-01T23:40:07.800+0000] {logging_mixin.py:188} INFO - [2026-02-01T23:40:07.800+0000] {dag.py:3096} INFO - Sync 1 DAGs
[2026-02-01T23:40:07.812+0000] {logging_mixin.py:188} INFO - [2026-02-01T23:40:07.812+0000] {dag.py:3954} INFO - Setting next_dagrun for ml_prediction_pipeline to 2026-01-31 00:00:00+00:00, run_after=2026-02-01 00:00:00+00:00
[2026-02-01T23:40:07.823+0000] {processor.py:183} INFO - Processing /opt/airflow/dags/predict.py took 1.753 seconds
[2026-02-01T23:40:39.674+0000] {processor.py:161} INFO - Started process (PID=46300) to work on /opt/airflow/dags/predict.py
[2026-02-01T23:40:39.675+0000] {processor.py:830} INFO - Processing file /opt/airflow/dags/predict.py for tasks to queue
[2026-02-01T23:40:39.676+0000] {logging_mixin.py:188} INFO - [2026-02-01T23:40:39.676+0000] {dagbag.py:545} INFO - Filling up the DagBag from /opt/airflow/dags/predict.py
[2026-02-01T23:40:41.314+0000] {logging_mixin.py:188} WARNING - /opt/airflow/dags/predict.py:34 RemovedInAirflow3Warning: Function `days_ago` is deprecated and will be removed in Airflow 3.0. You can achieve equivalent behavior with `pendulum.today('UTC').add(days=-N, ...)`
[2026-02-01T23:40:41.315+0000] {logging_mixin.py:188} WARNING - /opt/airflow/dags/predict.py:29 RemovedInAirflow3Warning: Param `schedule_interval` is deprecated and will be removed in a future release. Please use `schedule` instead.
[2026-02-01T23:40:41.318+0000] {processor.py:840} INFO - DAG(s) 'ml_prediction_pipeline' retrieved from /opt/airflow/dags/predict.py
[2026-02-01T23:40:41.335+0000] {logging_mixin.py:188} INFO - [2026-02-01T23:40:41.335+0000] {dag.py:3096} INFO - Sync 1 DAGs
[2026-02-01T23:40:41.347+0000] {logging_mixin.py:188} INFO - [2026-02-01T23:40:41.347+0000] {dag.py:3954} INFO - Setting next_dagrun for ml_prediction_pipeline to 2026-01-31 00:00:00+00:00, run_after=2026-02-01 00:00:00+00:00
[2026-02-01T23:40:41.360+0000] {processor.py:183} INFO - Processing /opt/airflow/dags/predict.py took 1.690 seconds
[2026-02-01T23:41:12.824+0000] {processor.py:161} INFO - Started process (PID=46347) to work on /opt/airflow/dags/predict.py
[2026-02-01T23:41:12.826+0000] {processor.py:830} INFO - Processing file /opt/airflow/dags/predict.py for tasks to queue
[2026-02-01T23:41:12.827+0000] {logging_mixin.py:188} INFO - [2026-02-01T23:41:12.827+0000] {dagbag.py:545} INFO - Filling up the DagBag from /opt/airflow/dags/predict.py
[2026-02-01T23:41:14.731+0000] {logging_mixin.py:188} WARNING - /opt/airflow/dags/predict.py:34 RemovedInAirflow3Warning: Function `days_ago` is deprecated and will be removed in Airflow 3.0. You can achieve equivalent behavior with `pendulum.today('UTC').add(days=-N, ...)`
[2026-02-01T23:41:14.732+0000] {logging_mixin.py:188} WARNING - /opt/airflow/dags/predict.py:29 RemovedInAirflow3Warning: Param `schedule_interval` is deprecated and will be removed in a future release. Please use `schedule` instead.
[2026-02-01T23:41:14.736+0000] {processor.py:840} INFO - DAG(s) 'ml_prediction_pipeline' retrieved from /opt/airflow/dags/predict.py
[2026-02-01T23:41:14.754+0000] {logging_mixin.py:188} INFO - [2026-02-01T23:41:14.754+0000] {dag.py:3096} INFO - Sync 1 DAGs
[2026-02-01T23:41:14.767+0000] {logging_mixin.py:188} INFO - [2026-02-01T23:41:14.767+0000] {dag.py:3954} INFO - Setting next_dagrun for ml_prediction_pipeline to 2026-01-31 00:00:00+00:00, run_after=2026-02-01 00:00:00+00:00
[2026-02-01T23:41:14.782+0000] {processor.py:183} INFO - Processing /opt/airflow/dags/predict.py took 1.962 seconds
[2026-02-01T23:41:46.223+0000] {processor.py:161} INFO - Started process (PID=46394) to work on /opt/airflow/dags/predict.py
[2026-02-01T23:41:46.224+0000] {processor.py:830} INFO - Processing file /opt/airflow/dags/predict.py for tasks to queue
[2026-02-01T23:41:46.225+0000] {logging_mixin.py:188} INFO - [2026-02-01T23:41:46.225+0000] {dagbag.py:545} INFO - Filling up the DagBag from /opt/airflow/dags/predict.py
[2026-02-01T23:41:48.135+0000] {logging_mixin.py:188} WARNING - /opt/airflow/dags/predict.py:34 RemovedInAirflow3Warning: Function `days_ago` is deprecated and will be removed in Airflow 3.0. You can achieve equivalent behavior with `pendulum.today('UTC').add(days=-N, ...)`
[2026-02-01T23:41:48.136+0000] {logging_mixin.py:188} WARNING - /opt/airflow/dags/predict.py:29 RemovedInAirflow3Warning: Param `schedule_interval` is deprecated and will be removed in a future release. Please use `schedule` instead.
[2026-02-01T23:41:48.140+0000] {processor.py:840} INFO - DAG(s) 'ml_prediction_pipeline' retrieved from /opt/airflow/dags/predict.py
[2026-02-01T23:41:48.230+0000] {logging_mixin.py:188} INFO - [2026-02-01T23:41:48.230+0000] {dag.py:3096} INFO - Sync 1 DAGs
[2026-02-01T23:41:48.242+0000] {logging_mixin.py:188} INFO - [2026-02-01T23:41:48.242+0000] {dag.py:3954} INFO - Setting next_dagrun for ml_prediction_pipeline to 2026-01-31 00:00:00+00:00, run_after=2026-02-01 00:00:00+00:00
[2026-02-01T23:41:48.255+0000] {processor.py:183} INFO - Processing /opt/airflow/dags/predict.py took 2.036 seconds
[2026-02-01T23:42:19.366+0000] {processor.py:161} INFO - Started process (PID=46442) to work on /opt/airflow/dags/predict.py
[2026-02-01T23:42:19.368+0000] {processor.py:830} INFO - Processing file /opt/airflow/dags/predict.py for tasks to queue
[2026-02-01T23:42:19.369+0000] {logging_mixin.py:188} INFO - [2026-02-01T23:42:19.369+0000] {dagbag.py:545} INFO - Filling up the DagBag from /opt/airflow/dags/predict.py
[2026-02-01T23:42:21.552+0000] {logging_mixin.py:188} WARNING - /opt/airflow/dags/predict.py:34 RemovedInAirflow3Warning: Function `days_ago` is deprecated and will be removed in Airflow 3.0. You can achieve equivalent behavior with `pendulum.today('UTC').add(days=-N, ...)`
[2026-02-01T23:42:21.553+0000] {logging_mixin.py:188} WARNING - /opt/airflow/dags/predict.py:29 RemovedInAirflow3Warning: Param `schedule_interval` is deprecated and will be removed in a future release. Please use `schedule` instead.
[2026-02-01T23:42:21.558+0000] {processor.py:840} INFO - DAG(s) 'ml_prediction_pipeline' retrieved from /opt/airflow/dags/predict.py
[2026-02-01T23:42:21.584+0000] {logging_mixin.py:188} INFO - [2026-02-01T23:42:21.583+0000] {dag.py:3096} INFO - Sync 1 DAGs
[2026-02-01T23:42:21.605+0000] {logging_mixin.py:188} INFO - [2026-02-01T23:42:21.605+0000] {dag.py:3954} INFO - Setting next_dagrun for ml_prediction_pipeline to 2026-01-31 00:00:00+00:00, run_after=2026-02-01 00:00:00+00:00
[2026-02-01T23:42:21.625+0000] {processor.py:183} INFO - Processing /opt/airflow/dags/predict.py took 2.263 seconds
[2026-02-01T23:42:52.939+0000] {processor.py:161} INFO - Started process (PID=46489) to work on /opt/airflow/dags/predict.py
[2026-02-01T23:42:52.940+0000] {processor.py:830} INFO - Processing file /opt/airflow/dags/predict.py for tasks to queue
[2026-02-01T23:42:52.942+0000] {logging_mixin.py:188} INFO - [2026-02-01T23:42:52.941+0000] {dagbag.py:545} INFO - Filling up the DagBag from /opt/airflow/dags/predict.py
[2026-02-01T23:42:55.294+0000] {logging_mixin.py:188} WARNING - /opt/airflow/dags/predict.py:34 RemovedInAirflow3Warning: Function `days_ago` is deprecated and will be removed in Airflow 3.0. You can achieve equivalent behavior with `pendulum.today('UTC').add(days=-N, ...)`
[2026-02-01T23:42:55.295+0000] {logging_mixin.py:188} WARNING - /opt/airflow/dags/predict.py:29 RemovedInAirflow3Warning: Param `schedule_interval` is deprecated and will be removed in a future release. Please use `schedule` instead.
[2026-02-01T23:42:55.300+0000] {processor.py:840} INFO - DAG(s) 'ml_prediction_pipeline' retrieved from /opt/airflow/dags/predict.py
[2026-02-01T23:42:55.322+0000] {logging_mixin.py:188} INFO - [2026-02-01T23:42:55.322+0000] {dag.py:3096} INFO - Sync 1 DAGs
[2026-02-01T23:42:55.340+0000] {logging_mixin.py:188} INFO - [2026-02-01T23:42:55.340+0000] {dag.py:3954} INFO - Setting next_dagrun for ml_prediction_pipeline to 2026-01-31 00:00:00+00:00, run_after=2026-02-01 00:00:00+00:00
[2026-02-01T23:42:55.358+0000] {processor.py:183} INFO - Processing /opt/airflow/dags/predict.py took 2.425 seconds
[2026-02-01T23:43:26.093+0000] {processor.py:161} INFO - Started process (PID=46536) to work on /opt/airflow/dags/predict.py
[2026-02-01T23:43:26.095+0000] {processor.py:830} INFO - Processing file /opt/airflow/dags/predict.py for tasks to queue
[2026-02-01T23:43:26.097+0000] {logging_mixin.py:188} INFO - [2026-02-01T23:43:26.097+0000] {dagbag.py:545} INFO - Filling up the DagBag from /opt/airflow/dags/predict.py
[2026-02-01T23:43:28.553+0000] {logging_mixin.py:188} WARNING - /opt/airflow/dags/predict.py:34 RemovedInAirflow3Warning: Function `days_ago` is deprecated and will be removed in Airflow 3.0. You can achieve equivalent behavior with `pendulum.today('UTC').add(days=-N, ...)`
[2026-02-01T23:43:28.554+0000] {logging_mixin.py:188} WARNING - /opt/airflow/dags/predict.py:29 RemovedInAirflow3Warning: Param `schedule_interval` is deprecated and will be removed in a future release. Please use `schedule` instead.
[2026-02-01T23:43:28.558+0000] {processor.py:840} INFO - DAG(s) 'ml_prediction_pipeline' retrieved from /opt/airflow/dags/predict.py
[2026-02-01T23:43:28.580+0000] {logging_mixin.py:188} INFO - [2026-02-01T23:43:28.580+0000] {dag.py:3096} INFO - Sync 1 DAGs
[2026-02-01T23:43:28.597+0000] {logging_mixin.py:188} INFO - [2026-02-01T23:43:28.596+0000] {dag.py:3954} INFO - Setting next_dagrun for ml_prediction_pipeline to 2026-01-31 00:00:00+00:00, run_after=2026-02-01 00:00:00+00:00
[2026-02-01T23:43:28.615+0000] {processor.py:183} INFO - Processing /opt/airflow/dags/predict.py took 2.527 seconds
[2026-02-01T23:44:00.079+0000] {processor.py:161} INFO - Started process (PID=46583) to work on /opt/airflow/dags/predict.py
[2026-02-01T23:44:00.081+0000] {processor.py:830} INFO - Processing file /opt/airflow/dags/predict.py for tasks to queue
[2026-02-01T23:44:00.082+0000] {logging_mixin.py:188} INFO - [2026-02-01T23:44:00.082+0000] {dagbag.py:545} INFO - Filling up the DagBag from /opt/airflow/dags/predict.py
[2026-02-01T23:44:02.781+0000] {logging_mixin.py:188} WARNING - /opt/airflow/dags/predict.py:34 RemovedInAirflow3Warning: Function `days_ago` is deprecated and will be removed in Airflow 3.0. You can achieve equivalent behavior with `pendulum.today('UTC').add(days=-N, ...)`
[2026-02-01T23:44:02.782+0000] {logging_mixin.py:188} WARNING - /opt/airflow/dags/predict.py:29 RemovedInAirflow3Warning: Param `schedule_interval` is deprecated and will be removed in a future release. Please use `schedule` instead.
[2026-02-01T23:44:02.787+0000] {processor.py:840} INFO - DAG(s) 'ml_prediction_pipeline' retrieved from /opt/airflow/dags/predict.py
[2026-02-01T23:44:02.813+0000] {logging_mixin.py:188} INFO - [2026-02-01T23:44:02.812+0000] {dag.py:3096} INFO - Sync 1 DAGs
[2026-02-01T23:44:02.830+0000] {logging_mixin.py:188} INFO - [2026-02-01T23:44:02.830+0000] {dag.py:3954} INFO - Setting next_dagrun for ml_prediction_pipeline to 2026-01-31 00:00:00+00:00, run_after=2026-02-01 00:00:00+00:00
[2026-02-01T23:44:02.849+0000] {processor.py:183} INFO - Processing /opt/airflow/dags/predict.py took 2.774 seconds
[2026-02-01T23:44:33.310+0000] {processor.py:161} INFO - Started process (PID=46630) to work on /opt/airflow/dags/predict.py
[2026-02-01T23:44:33.312+0000] {processor.py:830} INFO - Processing file /opt/airflow/dags/predict.py for tasks to queue
[2026-02-01T23:44:33.313+0000] {logging_mixin.py:188} INFO - [2026-02-01T23:44:33.313+0000] {dagbag.py:545} INFO - Filling up the DagBag from /opt/airflow/dags/predict.py
[2026-02-01T23:44:35.893+0000] {logging_mixin.py:188} WARNING - /opt/airflow/dags/predict.py:34 RemovedInAirflow3Warning: Function `days_ago` is deprecated and will be removed in Airflow 3.0. You can achieve equivalent behavior with `pendulum.today('UTC').add(days=-N, ...)`
[2026-02-01T23:44:35.895+0000] {logging_mixin.py:188} WARNING - /opt/airflow/dags/predict.py:29 RemovedInAirflow3Warning: Param `schedule_interval` is deprecated and will be removed in a future release. Please use `schedule` instead.
[2026-02-01T23:44:35.901+0000] {processor.py:840} INFO - DAG(s) 'ml_prediction_pipeline' retrieved from /opt/airflow/dags/predict.py
[2026-02-01T23:44:35.925+0000] {logging_mixin.py:188} INFO - [2026-02-01T23:44:35.924+0000] {dag.py:3096} INFO - Sync 1 DAGs
[2026-02-01T23:44:35.944+0000] {logging_mixin.py:188} INFO - [2026-02-01T23:44:35.944+0000] {dag.py:3954} INFO - Setting next_dagrun for ml_prediction_pipeline to 2026-01-31 00:00:00+00:00, run_after=2026-02-01 00:00:00+00:00
[2026-02-01T23:44:35.961+0000] {processor.py:183} INFO - Processing /opt/airflow/dags/predict.py took 2.655 seconds
[2026-02-01T23:45:06.160+0000] {processor.py:161} INFO - Started process (PID=46681) to work on /opt/airflow/dags/predict.py
[2026-02-01T23:45:06.160+0000] {processor.py:830} INFO - Processing file /opt/airflow/dags/predict.py for tasks to queue
[2026-02-01T23:45:06.161+0000] {logging_mixin.py:188} INFO - [2026-02-01T23:45:06.161+0000] {dagbag.py:545} INFO - Filling up the DagBag from /opt/airflow/dags/predict.py
[2026-02-01T23:45:08.000+0000] {logging_mixin.py:188} WARNING - /opt/airflow/dags/predict.py:34 RemovedInAirflow3Warning: Function `days_ago` is deprecated and will be removed in Airflow 3.0. You can achieve equivalent behavior with `pendulum.today('UTC').add(days=-N, ...)`
[2026-02-01T23:45:08.001+0000] {logging_mixin.py:188} WARNING - /opt/airflow/dags/predict.py:29 RemovedInAirflow3Warning: Param `schedule_interval` is deprecated and will be removed in a future release. Please use `schedule` instead.
[2026-02-01T23:45:08.005+0000] {processor.py:840} INFO - DAG(s) 'ml_prediction_pipeline' retrieved from /opt/airflow/dags/predict.py
[2026-02-01T23:45:08.087+0000] {logging_mixin.py:188} INFO - [2026-02-01T23:45:08.087+0000] {dag.py:3096} INFO - Sync 1 DAGs
[2026-02-01T23:45:08.100+0000] {logging_mixin.py:188} INFO - [2026-02-01T23:45:08.100+0000] {dag.py:3954} INFO - Setting next_dagrun for ml_prediction_pipeline to 2026-01-31 00:00:00+00:00, run_after=2026-02-01 00:00:00+00:00
[2026-02-01T23:45:08.117+0000] {processor.py:183} INFO - Processing /opt/airflow/dags/predict.py took 1.963 seconds
[2026-02-01T23:45:39.389+0000] {processor.py:161} INFO - Started process (PID=46724) to work on /opt/airflow/dags/predict.py
[2026-02-01T23:45:39.391+0000] {processor.py:830} INFO - Processing file /opt/airflow/dags/predict.py for tasks to queue
[2026-02-01T23:45:39.392+0000] {logging_mixin.py:188} INFO - [2026-02-01T23:45:39.392+0000] {dagbag.py:545} INFO - Filling up the DagBag from /opt/airflow/dags/predict.py
[2026-02-01T23:45:41.778+0000] {logging_mixin.py:188} WARNING - /opt/airflow/dags/predict.py:34 RemovedInAirflow3Warning: Function `days_ago` is deprecated and will be removed in Airflow 3.0. You can achieve equivalent behavior with `pendulum.today('UTC').add(days=-N, ...)`
[2026-02-01T23:45:41.779+0000] {logging_mixin.py:188} WARNING - /opt/airflow/dags/predict.py:29 RemovedInAirflow3Warning: Param `schedule_interval` is deprecated and will be removed in a future release. Please use `schedule` instead.
[2026-02-01T23:45:41.784+0000] {processor.py:840} INFO - DAG(s) 'ml_prediction_pipeline' retrieved from /opt/airflow/dags/predict.py
[2026-02-01T23:45:41.816+0000] {logging_mixin.py:188} INFO - [2026-02-01T23:45:41.816+0000] {dag.py:3096} INFO - Sync 1 DAGs
[2026-02-01T23:45:41.836+0000] {logging_mixin.py:188} INFO - [2026-02-01T23:45:41.836+0000] {dag.py:3954} INFO - Setting next_dagrun for ml_prediction_pipeline to 2026-01-31 00:00:00+00:00, run_after=2026-02-01 00:00:00+00:00
[2026-02-01T23:45:41.861+0000] {processor.py:183} INFO - Processing /opt/airflow/dags/predict.py took 2.480 seconds
[2026-02-01T23:46:12.586+0000] {processor.py:161} INFO - Started process (PID=46775) to work on /opt/airflow/dags/predict.py
[2026-02-01T23:46:12.587+0000] {processor.py:830} INFO - Processing file /opt/airflow/dags/predict.py for tasks to queue
[2026-02-01T23:46:12.589+0000] {logging_mixin.py:188} INFO - [2026-02-01T23:46:12.588+0000] {dagbag.py:545} INFO - Filling up the DagBag from /opt/airflow/dags/predict.py
[2026-02-01T23:46:14.849+0000] {logging_mixin.py:188} WARNING - /opt/airflow/dags/predict.py:34 RemovedInAirflow3Warning: Function `days_ago` is deprecated and will be removed in Airflow 3.0. You can achieve equivalent behavior with `pendulum.today('UTC').add(days=-N, ...)`
[2026-02-01T23:46:14.850+0000] {logging_mixin.py:188} WARNING - /opt/airflow/dags/predict.py:29 RemovedInAirflow3Warning: Param `schedule_interval` is deprecated and will be removed in a future release. Please use `schedule` instead.
[2026-02-01T23:46:14.854+0000] {processor.py:840} INFO - DAG(s) 'ml_prediction_pipeline' retrieved from /opt/airflow/dags/predict.py
[2026-02-01T23:46:14.871+0000] {logging_mixin.py:188} INFO - [2026-02-01T23:46:14.871+0000] {dag.py:3096} INFO - Sync 1 DAGs
[2026-02-01T23:46:14.886+0000] {logging_mixin.py:188} INFO - [2026-02-01T23:46:14.886+0000] {dag.py:3954} INFO - Setting next_dagrun for ml_prediction_pipeline to 2026-01-31 00:00:00+00:00, run_after=2026-02-01 00:00:00+00:00
[2026-02-01T23:46:14.902+0000] {processor.py:183} INFO - Processing /opt/airflow/dags/predict.py took 2.321 seconds
[2026-02-01T23:46:45.154+0000] {processor.py:161} INFO - Started process (PID=46828) to work on /opt/airflow/dags/predict.py
[2026-02-01T23:46:45.156+0000] {processor.py:830} INFO - Processing file /opt/airflow/dags/predict.py for tasks to queue
[2026-02-01T23:46:45.158+0000] {logging_mixin.py:188} INFO - [2026-02-01T23:46:45.158+0000] {dagbag.py:545} INFO - Filling up the DagBag from /opt/airflow/dags/predict.py
[2026-02-01T23:46:47.404+0000] {logging_mixin.py:188} WARNING - /opt/airflow/dags/predict.py:34 RemovedInAirflow3Warning: Function `days_ago` is deprecated and will be removed in Airflow 3.0. You can achieve equivalent behavior with `pendulum.today('UTC').add(days=-N, ...)`
[2026-02-01T23:46:47.406+0000] {logging_mixin.py:188} WARNING - /opt/airflow/dags/predict.py:29 RemovedInAirflow3Warning: Param `schedule_interval` is deprecated and will be removed in a future release. Please use `schedule` instead.
[2026-02-01T23:46:47.413+0000] {processor.py:840} INFO - DAG(s) 'ml_prediction_pipeline' retrieved from /opt/airflow/dags/predict.py
[2026-02-01T23:46:47.438+0000] {logging_mixin.py:188} INFO - [2026-02-01T23:46:47.437+0000] {dag.py:3096} INFO - Sync 1 DAGs
[2026-02-01T23:46:47.459+0000] {logging_mixin.py:188} INFO - [2026-02-01T23:46:47.458+0000] {dag.py:3954} INFO - Setting next_dagrun for ml_prediction_pipeline to 2026-01-31 00:00:00+00:00, run_after=2026-02-01 00:00:00+00:00
[2026-02-01T23:46:47.480+0000] {processor.py:183} INFO - Processing /opt/airflow/dags/predict.py took 2.331 seconds
[2026-02-01T23:47:17.645+0000] {processor.py:161} INFO - Started process (PID=46877) to work on /opt/airflow/dags/predict.py
[2026-02-01T23:47:17.646+0000] {processor.py:830} INFO - Processing file /opt/airflow/dags/predict.py for tasks to queue
[2026-02-01T23:47:17.648+0000] {logging_mixin.py:188} INFO - [2026-02-01T23:47:17.647+0000] {dagbag.py:545} INFO - Filling up the DagBag from /opt/airflow/dags/predict.py
[2026-02-01T23:47:20.172+0000] {logging_mixin.py:188} WARNING - /opt/airflow/dags/predict.py:34 RemovedInAirflow3Warning: Function `days_ago` is deprecated and will be removed in Airflow 3.0. You can achieve equivalent behavior with `pendulum.today('UTC').add(days=-N, ...)`
[2026-02-01T23:47:20.173+0000] {logging_mixin.py:188} WARNING - /opt/airflow/dags/predict.py:29 RemovedInAirflow3Warning: Param `schedule_interval` is deprecated and will be removed in a future release. Please use `schedule` instead.
[2026-02-01T23:47:20.180+0000] {processor.py:840} INFO - DAG(s) 'ml_prediction_pipeline' retrieved from /opt/airflow/dags/predict.py
[2026-02-01T23:47:20.206+0000] {logging_mixin.py:188} INFO - [2026-02-01T23:47:20.205+0000] {dag.py:3096} INFO - Sync 1 DAGs
[2026-02-01T23:47:20.228+0000] {logging_mixin.py:188} INFO - [2026-02-01T23:47:20.228+0000] {dag.py:3954} INFO - Setting next_dagrun for ml_prediction_pipeline to 2026-01-31 00:00:00+00:00, run_after=2026-02-01 00:00:00+00:00
[2026-02-01T23:47:20.253+0000] {processor.py:183} INFO - Processing /opt/airflow/dags/predict.py took 2.615 seconds
[2026-02-01T23:47:50.340+0000] {processor.py:161} INFO - Started process (PID=46924) to work on /opt/airflow/dags/predict.py
[2026-02-01T23:47:50.342+0000] {processor.py:830} INFO - Processing file /opt/airflow/dags/predict.py for tasks to queue
[2026-02-01T23:47:50.343+0000] {logging_mixin.py:188} INFO - [2026-02-01T23:47:50.343+0000] {dagbag.py:545} INFO - Filling up the DagBag from /opt/airflow/dags/predict.py
[2026-02-01T23:47:52.647+0000] {logging_mixin.py:188} WARNING - /opt/airflow/dags/predict.py:34 RemovedInAirflow3Warning: Function `days_ago` is deprecated and will be removed in Airflow 3.0. You can achieve equivalent behavior with `pendulum.today('UTC').add(days=-N, ...)`
[2026-02-01T23:47:52.648+0000] {logging_mixin.py:188} WARNING - /opt/airflow/dags/predict.py:29 RemovedInAirflow3Warning: Param `schedule_interval` is deprecated and will be removed in a future release. Please use `schedule` instead.
[2026-02-01T23:47:52.653+0000] {processor.py:840} INFO - DAG(s) 'ml_prediction_pipeline' retrieved from /opt/airflow/dags/predict.py
[2026-02-01T23:47:52.678+0000] {logging_mixin.py:188} INFO - [2026-02-01T23:47:52.677+0000] {dag.py:3096} INFO - Sync 1 DAGs
[2026-02-01T23:47:52.694+0000] {logging_mixin.py:188} INFO - [2026-02-01T23:47:52.694+0000] {dag.py:3954} INFO - Setting next_dagrun for ml_prediction_pipeline to 2026-01-31 00:00:00+00:00, run_after=2026-02-01 00:00:00+00:00
[2026-02-01T23:47:52.712+0000] {processor.py:183} INFO - Processing /opt/airflow/dags/predict.py took 2.376 seconds
[2026-02-01T23:48:22.808+0000] {processor.py:161} INFO - Started process (PID=46971) to work on /opt/airflow/dags/predict.py
[2026-02-01T23:48:22.809+0000] {processor.py:830} INFO - Processing file /opt/airflow/dags/predict.py for tasks to queue
[2026-02-01T23:48:22.810+0000] {logging_mixin.py:188} INFO - [2026-02-01T23:48:22.810+0000] {dagbag.py:545} INFO - Filling up the DagBag from /opt/airflow/dags/predict.py
[2026-02-01T23:48:27.573+0000] {logging_mixin.py:188} WARNING - /opt/airflow/dags/predict.py:34 RemovedInAirflow3Warning: Function `days_ago` is deprecated and will be removed in Airflow 3.0. You can achieve equivalent behavior with `pendulum.today('UTC').add(days=-N, ...)`
[2026-02-01T23:48:27.578+0000] {logging_mixin.py:188} WARNING - /opt/airflow/dags/predict.py:29 RemovedInAirflow3Warning: Param `schedule_interval` is deprecated and will be removed in a future release. Please use `schedule` instead.
[2026-02-01T23:48:27.599+0000] {processor.py:840} INFO - DAG(s) 'ml_prediction_pipeline' retrieved from /opt/airflow/dags/predict.py
[2026-02-01T23:48:27.946+0000] {logging_mixin.py:188} INFO - [2026-02-01T23:48:27.944+0000] {dag.py:3096} INFO - Sync 1 DAGs
[2026-02-01T23:48:28.077+0000] {logging_mixin.py:188} INFO - [2026-02-01T23:48:28.067+0000] {dag.py:3954} INFO - Setting next_dagrun for ml_prediction_pipeline to 2026-01-31 00:00:00+00:00, run_after=2026-02-01 00:00:00+00:00
[2026-02-01T23:48:28.138+0000] {processor.py:183} INFO - Processing /opt/airflow/dags/predict.py took 5.334 seconds
[2026-02-01T23:48:58.844+0000] {processor.py:161} INFO - Started process (PID=47018) to work on /opt/airflow/dags/predict.py
[2026-02-01T23:48:58.845+0000] {processor.py:830} INFO - Processing file /opt/airflow/dags/predict.py for tasks to queue
[2026-02-01T23:48:58.846+0000] {logging_mixin.py:188} INFO - [2026-02-01T23:48:58.846+0000] {dagbag.py:545} INFO - Filling up the DagBag from /opt/airflow/dags/predict.py
[2026-02-01T23:49:01.333+0000] {logging_mixin.py:188} WARNING - /opt/airflow/dags/predict.py:34 RemovedInAirflow3Warning: Function `days_ago` is deprecated and will be removed in Airflow 3.0. You can achieve equivalent behavior with `pendulum.today('UTC').add(days=-N, ...)`
[2026-02-01T23:49:01.335+0000] {logging_mixin.py:188} WARNING - /opt/airflow/dags/predict.py:29 RemovedInAirflow3Warning: Param `schedule_interval` is deprecated and will be removed in a future release. Please use `schedule` instead.
[2026-02-01T23:49:01.345+0000] {processor.py:840} INFO - DAG(s) 'ml_prediction_pipeline' retrieved from /opt/airflow/dags/predict.py
[2026-02-01T23:49:01.379+0000] {logging_mixin.py:188} INFO - [2026-02-01T23:49:01.378+0000] {dag.py:3096} INFO - Sync 1 DAGs
[2026-02-01T23:49:01.404+0000] {logging_mixin.py:188} INFO - [2026-02-01T23:49:01.404+0000] {dag.py:3954} INFO - Setting next_dagrun for ml_prediction_pipeline to 2026-01-31 00:00:00+00:00, run_after=2026-02-01 00:00:00+00:00
[2026-02-01T23:49:01.445+0000] {processor.py:183} INFO - Processing /opt/airflow/dags/predict.py took 2.605 seconds
[2026-02-01T23:49:32.321+0000] {processor.py:161} INFO - Started process (PID=47065) to work on /opt/airflow/dags/predict.py
[2026-02-01T23:49:32.324+0000] {processor.py:830} INFO - Processing file /opt/airflow/dags/predict.py for tasks to queue
[2026-02-01T23:49:32.325+0000] {logging_mixin.py:188} INFO - [2026-02-01T23:49:32.325+0000] {dagbag.py:545} INFO - Filling up the DagBag from /opt/airflow/dags/predict.py
[2026-02-01T23:49:34.246+0000] {logging_mixin.py:188} WARNING - /opt/airflow/dags/predict.py:34 RemovedInAirflow3Warning: Function `days_ago` is deprecated and will be removed in Airflow 3.0. You can achieve equivalent behavior with `pendulum.today('UTC').add(days=-N, ...)`
[2026-02-01T23:49:34.248+0000] {logging_mixin.py:188} WARNING - /opt/airflow/dags/predict.py:29 RemovedInAirflow3Warning: Param `schedule_interval` is deprecated and will be removed in a future release. Please use `schedule` instead.
[2026-02-01T23:49:34.256+0000] {processor.py:840} INFO - DAG(s) 'ml_prediction_pipeline' retrieved from /opt/airflow/dags/predict.py
[2026-02-01T23:49:34.286+0000] {logging_mixin.py:188} INFO - [2026-02-01T23:49:34.285+0000] {dag.py:3096} INFO - Sync 1 DAGs
[2026-02-01T23:49:34.308+0000] {logging_mixin.py:188} INFO - [2026-02-01T23:49:34.308+0000] {dag.py:3954} INFO - Setting next_dagrun for ml_prediction_pipeline to 2026-01-31 00:00:00+00:00, run_after=2026-02-01 00:00:00+00:00
[2026-02-01T23:49:34.331+0000] {processor.py:183} INFO - Processing /opt/airflow/dags/predict.py took 2.014 seconds
[2026-02-01T23:50:05.167+0000] {processor.py:161} INFO - Started process (PID=47112) to work on /opt/airflow/dags/predict.py
[2026-02-01T23:50:05.168+0000] {processor.py:830} INFO - Processing file /opt/airflow/dags/predict.py for tasks to queue
[2026-02-01T23:50:05.169+0000] {logging_mixin.py:188} INFO - [2026-02-01T23:50:05.169+0000] {dagbag.py:545} INFO - Filling up the DagBag from /opt/airflow/dags/predict.py
[2026-02-01T23:50:07.642+0000] {logging_mixin.py:188} WARNING - /opt/airflow/dags/predict.py:34 RemovedInAirflow3Warning: Function `days_ago` is deprecated and will be removed in Airflow 3.0. You can achieve equivalent behavior with `pendulum.today('UTC').add(days=-N, ...)`
[2026-02-01T23:50:07.643+0000] {logging_mixin.py:188} WARNING - /opt/airflow/dags/predict.py:29 RemovedInAirflow3Warning: Param `schedule_interval` is deprecated and will be removed in a future release. Please use `schedule` instead.
[2026-02-01T23:50:07.648+0000] {processor.py:840} INFO - DAG(s) 'ml_prediction_pipeline' retrieved from /opt/airflow/dags/predict.py
[2026-02-01T23:50:07.670+0000] {logging_mixin.py:188} INFO - [2026-02-01T23:50:07.670+0000] {dag.py:3096} INFO - Sync 1 DAGs
[2026-02-01T23:50:07.689+0000] {logging_mixin.py:188} INFO - [2026-02-01T23:50:07.689+0000] {dag.py:3954} INFO - Setting next_dagrun for ml_prediction_pipeline to 2026-01-31 00:00:00+00:00, run_after=2026-02-01 00:00:00+00:00
[2026-02-01T23:50:07.708+0000] {processor.py:183} INFO - Processing /opt/airflow/dags/predict.py took 2.545 seconds
[2026-02-01T23:50:38.143+0000] {processor.py:161} INFO - Started process (PID=47160) to work on /opt/airflow/dags/predict.py
[2026-02-01T23:50:38.145+0000] {processor.py:830} INFO - Processing file /opt/airflow/dags/predict.py for tasks to queue
[2026-02-01T23:50:38.147+0000] {logging_mixin.py:188} INFO - [2026-02-01T23:50:38.147+0000] {dagbag.py:545} INFO - Filling up the DagBag from /opt/airflow/dags/predict.py
[2026-02-01T23:50:42.091+0000] {logging_mixin.py:188} WARNING - /opt/airflow/dags/predict.py:34 RemovedInAirflow3Warning: Function `days_ago` is deprecated and will be removed in Airflow 3.0. You can achieve equivalent behavior with `pendulum.today('UTC').add(days=-N, ...)`
[2026-02-01T23:50:42.095+0000] {logging_mixin.py:188} WARNING - /opt/airflow/dags/predict.py:29 RemovedInAirflow3Warning: Param `schedule_interval` is deprecated and will be removed in a future release. Please use `schedule` instead.
[2026-02-01T23:50:42.119+0000] {processor.py:840} INFO - DAG(s) 'ml_prediction_pipeline' retrieved from /opt/airflow/dags/predict.py
[2026-02-01T23:50:42.213+0000] {logging_mixin.py:188} INFO - [2026-02-01T23:50:42.212+0000] {dag.py:3096} INFO - Sync 1 DAGs
[2026-02-01T23:50:42.309+0000] {logging_mixin.py:188} INFO - [2026-02-01T23:50:42.308+0000] {dag.py:3954} INFO - Setting next_dagrun for ml_prediction_pipeline to 2026-01-31 00:00:00+00:00, run_after=2026-02-01 00:00:00+00:00
[2026-02-01T23:50:42.365+0000] {processor.py:183} INFO - Processing /opt/airflow/dags/predict.py took 4.226 seconds
[2026-02-01T23:51:13.100+0000] {processor.py:161} INFO - Started process (PID=47207) to work on /opt/airflow/dags/predict.py
[2026-02-01T23:51:13.101+0000] {processor.py:830} INFO - Processing file /opt/airflow/dags/predict.py for tasks to queue
[2026-02-01T23:51:13.104+0000] {logging_mixin.py:188} INFO - [2026-02-01T23:51:13.103+0000] {dagbag.py:545} INFO - Filling up the DagBag from /opt/airflow/dags/predict.py
[2026-02-01T23:51:15.726+0000] {logging_mixin.py:188} WARNING - /opt/airflow/dags/predict.py:34 RemovedInAirflow3Warning: Function `days_ago` is deprecated and will be removed in Airflow 3.0. You can achieve equivalent behavior with `pendulum.today('UTC').add(days=-N, ...)`
[2026-02-01T23:51:15.728+0000] {logging_mixin.py:188} WARNING - /opt/airflow/dags/predict.py:29 RemovedInAirflow3Warning: Param `schedule_interval` is deprecated and will be removed in a future release. Please use `schedule` instead.
[2026-02-01T23:51:15.732+0000] {processor.py:840} INFO - DAG(s) 'ml_prediction_pipeline' retrieved from /opt/airflow/dags/predict.py
[2026-02-01T23:51:15.753+0000] {logging_mixin.py:188} INFO - [2026-02-01T23:51:15.753+0000] {dag.py:3096} INFO - Sync 1 DAGs
[2026-02-01T23:51:15.769+0000] {logging_mixin.py:188} INFO - [2026-02-01T23:51:15.768+0000] {dag.py:3954} INFO - Setting next_dagrun for ml_prediction_pipeline to 2026-01-31 00:00:00+00:00, run_after=2026-02-01 00:00:00+00:00
[2026-02-01T23:51:15.785+0000] {processor.py:183} INFO - Processing /opt/airflow/dags/predict.py took 2.691 seconds
[2026-02-01T23:51:45.979+0000] {processor.py:161} INFO - Started process (PID=47254) to work on /opt/airflow/dags/predict.py
[2026-02-01T23:51:45.980+0000] {processor.py:830} INFO - Processing file /opt/airflow/dags/predict.py for tasks to queue
[2026-02-01T23:51:45.981+0000] {logging_mixin.py:188} INFO - [2026-02-01T23:51:45.981+0000] {dagbag.py:545} INFO - Filling up the DagBag from /opt/airflow/dags/predict.py
[2026-02-01T23:51:48.199+0000] {logging_mixin.py:188} WARNING - /opt/airflow/dags/predict.py:34 RemovedInAirflow3Warning: Function `days_ago` is deprecated and will be removed in Airflow 3.0. You can achieve equivalent behavior with `pendulum.today('UTC').add(days=-N, ...)`
[2026-02-01T23:51:48.200+0000] {logging_mixin.py:188} WARNING - /opt/airflow/dags/predict.py:29 RemovedInAirflow3Warning: Param `schedule_interval` is deprecated and will be removed in a future release. Please use `schedule` instead.
[2026-02-01T23:51:48.205+0000] {processor.py:840} INFO - DAG(s) 'ml_prediction_pipeline' retrieved from /opt/airflow/dags/predict.py
[2026-02-01T23:51:48.328+0000] {logging_mixin.py:188} INFO - [2026-02-01T23:51:48.328+0000] {dag.py:3096} INFO - Sync 1 DAGs
[2026-02-01T23:51:48.346+0000] {logging_mixin.py:188} INFO - [2026-02-01T23:51:48.346+0000] {dag.py:3954} INFO - Setting next_dagrun for ml_prediction_pipeline to 2026-01-31 00:00:00+00:00, run_after=2026-02-01 00:00:00+00:00
[2026-02-01T23:51:48.366+0000] {processor.py:183} INFO - Processing /opt/airflow/dags/predict.py took 2.392 seconds
[2026-02-01T23:52:18.668+0000] {processor.py:161} INFO - Started process (PID=47301) to work on /opt/airflow/dags/predict.py
[2026-02-01T23:52:18.671+0000] {processor.py:830} INFO - Processing file /opt/airflow/dags/predict.py for tasks to queue
[2026-02-01T23:52:18.673+0000] {logging_mixin.py:188} INFO - [2026-02-01T23:52:18.673+0000] {dagbag.py:545} INFO - Filling up the DagBag from /opt/airflow/dags/predict.py
[2026-02-01T23:52:20.477+0000] {logging_mixin.py:188} WARNING - /opt/airflow/dags/predict.py:34 RemovedInAirflow3Warning: Function `days_ago` is deprecated and will be removed in Airflow 3.0. You can achieve equivalent behavior with `pendulum.today('UTC').add(days=-N, ...)`
[2026-02-01T23:52:20.479+0000] {logging_mixin.py:188} WARNING - /opt/airflow/dags/predict.py:29 RemovedInAirflow3Warning: Param `schedule_interval` is deprecated and will be removed in a future release. Please use `schedule` instead.
[2026-02-01T23:52:20.483+0000] {processor.py:840} INFO - DAG(s) 'ml_prediction_pipeline' retrieved from /opt/airflow/dags/predict.py
[2026-02-01T23:52:20.501+0000] {logging_mixin.py:188} INFO - [2026-02-01T23:52:20.501+0000] {dag.py:3096} INFO - Sync 1 DAGs
[2026-02-01T23:52:20.515+0000] {logging_mixin.py:188} INFO - [2026-02-01T23:52:20.515+0000] {dag.py:3954} INFO - Setting next_dagrun for ml_prediction_pipeline to 2026-01-31 00:00:00+00:00, run_after=2026-02-01 00:00:00+00:00
[2026-02-01T23:52:20.531+0000] {processor.py:183} INFO - Processing /opt/airflow/dags/predict.py took 1.867 seconds
[2026-02-01T23:52:50.885+0000] {processor.py:161} INFO - Started process (PID=47348) to work on /opt/airflow/dags/predict.py
[2026-02-01T23:52:50.886+0000] {processor.py:830} INFO - Processing file /opt/airflow/dags/predict.py for tasks to queue
[2026-02-01T23:52:50.888+0000] {logging_mixin.py:188} INFO - [2026-02-01T23:52:50.887+0000] {dagbag.py:545} INFO - Filling up the DagBag from /opt/airflow/dags/predict.py
[2026-02-01T23:52:52.974+0000] {logging_mixin.py:188} WARNING - /opt/airflow/dags/predict.py:34 RemovedInAirflow3Warning: Function `days_ago` is deprecated and will be removed in Airflow 3.0. You can achieve equivalent behavior with `pendulum.today('UTC').add(days=-N, ...)`
[2026-02-01T23:52:52.975+0000] {logging_mixin.py:188} WARNING - /opt/airflow/dags/predict.py:29 RemovedInAirflow3Warning: Param `schedule_interval` is deprecated and will be removed in a future release. Please use `schedule` instead.
[2026-02-01T23:52:52.978+0000] {processor.py:840} INFO - DAG(s) 'ml_prediction_pipeline' retrieved from /opt/airflow/dags/predict.py
[2026-02-01T23:52:52.996+0000] {logging_mixin.py:188} INFO - [2026-02-01T23:52:52.996+0000] {dag.py:3096} INFO - Sync 1 DAGs
[2026-02-01T23:52:53.013+0000] {logging_mixin.py:188} INFO - [2026-02-01T23:52:53.013+0000] {dag.py:3954} INFO - Setting next_dagrun for ml_prediction_pipeline to 2026-01-31 00:00:00+00:00, run_after=2026-02-01 00:00:00+00:00
[2026-02-01T23:52:53.030+0000] {processor.py:183} INFO - Processing /opt/airflow/dags/predict.py took 2.149 seconds
[2026-02-01T23:53:23.235+0000] {processor.py:161} INFO - Started process (PID=47393) to work on /opt/airflow/dags/predict.py
[2026-02-01T23:53:23.238+0000] {processor.py:830} INFO - Processing file /opt/airflow/dags/predict.py for tasks to queue
[2026-02-01T23:53:23.242+0000] {logging_mixin.py:188} INFO - [2026-02-01T23:53:23.241+0000] {dagbag.py:545} INFO - Filling up the DagBag from /opt/airflow/dags/predict.py
[2026-02-01T23:53:26.347+0000] {logging_mixin.py:188} WARNING - /opt/airflow/dags/predict.py:34 RemovedInAirflow3Warning: Function `days_ago` is deprecated and will be removed in Airflow 3.0. You can achieve equivalent behavior with `pendulum.today('UTC').add(days=-N, ...)`
[2026-02-01T23:53:26.348+0000] {logging_mixin.py:188} WARNING - /opt/airflow/dags/predict.py:29 RemovedInAirflow3Warning: Param `schedule_interval` is deprecated and will be removed in a future release. Please use `schedule` instead.
[2026-02-01T23:53:26.352+0000] {processor.py:840} INFO - DAG(s) 'ml_prediction_pipeline' retrieved from /opt/airflow/dags/predict.py
[2026-02-01T23:53:26.370+0000] {logging_mixin.py:188} INFO - [2026-02-01T23:53:26.370+0000] {dag.py:3096} INFO - Sync 1 DAGs
[2026-02-01T23:53:26.385+0000] {logging_mixin.py:188} INFO - [2026-02-01T23:53:26.385+0000] {dag.py:3954} INFO - Setting next_dagrun for ml_prediction_pipeline to 2026-01-31 00:00:00+00:00, run_after=2026-02-01 00:00:00+00:00
[2026-02-01T23:53:26.399+0000] {processor.py:183} INFO - Processing /opt/airflow/dags/predict.py took 3.175 seconds
[2026-02-01T23:53:56.538+0000] {processor.py:161} INFO - Started process (PID=47442) to work on /opt/airflow/dags/predict.py
[2026-02-01T23:53:56.539+0000] {processor.py:830} INFO - Processing file /opt/airflow/dags/predict.py for tasks to queue
[2026-02-01T23:53:56.540+0000] {logging_mixin.py:188} INFO - [2026-02-01T23:53:56.539+0000] {dagbag.py:545} INFO - Filling up the DagBag from /opt/airflow/dags/predict.py
[2026-02-01T23:53:58.625+0000] {logging_mixin.py:188} WARNING - /opt/airflow/dags/predict.py:34 RemovedInAirflow3Warning: Function `days_ago` is deprecated and will be removed in Airflow 3.0. You can achieve equivalent behavior with `pendulum.today('UTC').add(days=-N, ...)`
[2026-02-01T23:53:58.626+0000] {logging_mixin.py:188} WARNING - /opt/airflow/dags/predict.py:29 RemovedInAirflow3Warning: Param `schedule_interval` is deprecated and will be removed in a future release. Please use `schedule` instead.
[2026-02-01T23:53:58.630+0000] {processor.py:840} INFO - DAG(s) 'ml_prediction_pipeline' retrieved from /opt/airflow/dags/predict.py
[2026-02-01T23:53:58.649+0000] {logging_mixin.py:188} INFO - [2026-02-01T23:53:58.649+0000] {dag.py:3096} INFO - Sync 1 DAGs
[2026-02-01T23:53:58.662+0000] {logging_mixin.py:188} INFO - [2026-02-01T23:53:58.662+0000] {dag.py:3954} INFO - Setting next_dagrun for ml_prediction_pipeline to 2026-01-31 00:00:00+00:00, run_after=2026-02-01 00:00:00+00:00
[2026-02-01T23:53:58.675+0000] {processor.py:183} INFO - Processing /opt/airflow/dags/predict.py took 2.141 seconds
[2026-02-01T23:54:28.993+0000] {processor.py:161} INFO - Started process (PID=47484) to work on /opt/airflow/dags/predict.py
[2026-02-01T23:54:28.995+0000] {processor.py:830} INFO - Processing file /opt/airflow/dags/predict.py for tasks to queue
[2026-02-01T23:54:28.998+0000] {logging_mixin.py:188} INFO - [2026-02-01T23:54:28.997+0000] {dagbag.py:545} INFO - Filling up the DagBag from /opt/airflow/dags/predict.py
[2026-02-01T23:54:30.867+0000] {logging_mixin.py:188} WARNING - /opt/airflow/dags/predict.py:34 RemovedInAirflow3Warning: Function `days_ago` is deprecated and will be removed in Airflow 3.0. You can achieve equivalent behavior with `pendulum.today('UTC').add(days=-N, ...)`
[2026-02-01T23:54:30.868+0000] {logging_mixin.py:188} WARNING - /opt/airflow/dags/predict.py:29 RemovedInAirflow3Warning: Param `schedule_interval` is deprecated and will be removed in a future release. Please use `schedule` instead.
[2026-02-01T23:54:30.873+0000] {processor.py:840} INFO - DAG(s) 'ml_prediction_pipeline' retrieved from /opt/airflow/dags/predict.py
[2026-02-01T23:54:30.968+0000] {logging_mixin.py:188} INFO - [2026-02-01T23:54:30.968+0000] {dag.py:3096} INFO - Sync 1 DAGs
[2026-02-01T23:54:30.982+0000] {logging_mixin.py:188} INFO - [2026-02-01T23:54:30.981+0000] {dag.py:3954} INFO - Setting next_dagrun for ml_prediction_pipeline to 2026-01-31 00:00:00+00:00, run_after=2026-02-01 00:00:00+00:00
[2026-02-01T23:54:30.997+0000] {processor.py:183} INFO - Processing /opt/airflow/dags/predict.py took 2.008 seconds
[2026-02-01T23:55:02.773+0000] {processor.py:161} INFO - Started process (PID=47531) to work on /opt/airflow/dags/predict.py
[2026-02-01T23:55:02.774+0000] {processor.py:830} INFO - Processing file /opt/airflow/dags/predict.py for tasks to queue
[2026-02-01T23:55:02.776+0000] {logging_mixin.py:188} INFO - [2026-02-01T23:55:02.776+0000] {dagbag.py:545} INFO - Filling up the DagBag from /opt/airflow/dags/predict.py
[2026-02-01T23:55:05.220+0000] {logging_mixin.py:188} WARNING - /opt/airflow/dags/predict.py:34 RemovedInAirflow3Warning: Function `days_ago` is deprecated and will be removed in Airflow 3.0. You can achieve equivalent behavior with `pendulum.today('UTC').add(days=-N, ...)`
[2026-02-01T23:55:05.221+0000] {logging_mixin.py:188} WARNING - /opt/airflow/dags/predict.py:29 RemovedInAirflow3Warning: Param `schedule_interval` is deprecated and will be removed in a future release. Please use `schedule` instead.
[2026-02-01T23:55:05.225+0000] {processor.py:840} INFO - DAG(s) 'ml_prediction_pipeline' retrieved from /opt/airflow/dags/predict.py
[2026-02-01T23:55:05.244+0000] {logging_mixin.py:188} INFO - [2026-02-01T23:55:05.243+0000] {dag.py:3096} INFO - Sync 1 DAGs
[2026-02-01T23:55:05.256+0000] {logging_mixin.py:188} INFO - [2026-02-01T23:55:05.256+0000] {dag.py:3954} INFO - Setting next_dagrun for ml_prediction_pipeline to 2026-01-31 00:00:00+00:00, run_after=2026-02-01 00:00:00+00:00
[2026-02-01T23:55:05.271+0000] {processor.py:183} INFO - Processing /opt/airflow/dags/predict.py took 2.506 seconds
[2026-02-01T23:55:35.708+0000] {processor.py:161} INFO - Started process (PID=47566) to work on /opt/airflow/dags/predict.py
[2026-02-01T23:55:35.711+0000] {processor.py:830} INFO - Processing file /opt/airflow/dags/predict.py for tasks to queue
[2026-02-01T23:55:35.715+0000] {logging_mixin.py:188} INFO - [2026-02-01T23:55:35.714+0000] {dagbag.py:545} INFO - Filling up the DagBag from /opt/airflow/dags/predict.py
[2026-02-01T23:55:39.279+0000] {logging_mixin.py:188} WARNING - /opt/airflow/dags/predict.py:34 RemovedInAirflow3Warning: Function `days_ago` is deprecated and will be removed in Airflow 3.0. You can achieve equivalent behavior with `pendulum.today('UTC').add(days=-N, ...)`
[2026-02-01T23:55:39.280+0000] {logging_mixin.py:188} WARNING - /opt/airflow/dags/predict.py:29 RemovedInAirflow3Warning: Param `schedule_interval` is deprecated and will be removed in a future release. Please use `schedule` instead.
[2026-02-01T23:55:39.284+0000] {processor.py:840} INFO - DAG(s) 'ml_prediction_pipeline' retrieved from /opt/airflow/dags/predict.py
[2026-02-01T23:55:39.315+0000] {logging_mixin.py:188} INFO - [2026-02-01T23:55:39.314+0000] {dag.py:3096} INFO - Sync 1 DAGs
[2026-02-01T23:55:39.339+0000] {logging_mixin.py:188} INFO - [2026-02-01T23:55:39.339+0000] {dag.py:3954} INFO - Setting next_dagrun for ml_prediction_pipeline to 2026-01-31 00:00:00+00:00, run_after=2026-02-01 00:00:00+00:00
[2026-02-01T23:55:39.364+0000] {processor.py:183} INFO - Processing /opt/airflow/dags/predict.py took 3.666 seconds
[2026-02-01T23:56:09.668+0000] {processor.py:161} INFO - Started process (PID=47609) to work on /opt/airflow/dags/predict.py
[2026-02-01T23:56:09.669+0000] {processor.py:830} INFO - Processing file /opt/airflow/dags/predict.py for tasks to queue
[2026-02-01T23:56:09.673+0000] {logging_mixin.py:188} INFO - [2026-02-01T23:56:09.672+0000] {dagbag.py:545} INFO - Filling up the DagBag from /opt/airflow/dags/predict.py
[2026-02-01T23:56:11.834+0000] {logging_mixin.py:188} WARNING - /opt/airflow/dags/predict.py:34 RemovedInAirflow3Warning: Function `days_ago` is deprecated and will be removed in Airflow 3.0. You can achieve equivalent behavior with `pendulum.today('UTC').add(days=-N, ...)`
[2026-02-01T23:56:11.836+0000] {logging_mixin.py:188} WARNING - /opt/airflow/dags/predict.py:29 RemovedInAirflow3Warning: Param `schedule_interval` is deprecated and will be removed in a future release. Please use `schedule` instead.
[2026-02-01T23:56:11.842+0000] {processor.py:840} INFO - DAG(s) 'ml_prediction_pipeline' retrieved from /opt/airflow/dags/predict.py
[2026-02-01T23:56:11.877+0000] {logging_mixin.py:188} INFO - [2026-02-01T23:56:11.877+0000] {dag.py:3096} INFO - Sync 1 DAGs
[2026-02-01T23:56:11.911+0000] {logging_mixin.py:188} INFO - [2026-02-01T23:56:11.910+0000] {dag.py:3954} INFO - Setting next_dagrun for ml_prediction_pipeline to 2026-01-31 00:00:00+00:00, run_after=2026-02-01 00:00:00+00:00
[2026-02-01T23:56:11.943+0000] {processor.py:183} INFO - Processing /opt/airflow/dags/predict.py took 2.280 seconds
[2026-02-01T23:56:42.430+0000] {processor.py:161} INFO - Started process (PID=47654) to work on /opt/airflow/dags/predict.py
[2026-02-01T23:56:42.432+0000] {processor.py:830} INFO - Processing file /opt/airflow/dags/predict.py for tasks to queue
[2026-02-01T23:56:42.433+0000] {logging_mixin.py:188} INFO - [2026-02-01T23:56:42.433+0000] {dagbag.py:545} INFO - Filling up the DagBag from /opt/airflow/dags/predict.py
[2026-02-01T23:56:44.530+0000] {logging_mixin.py:188} WARNING - /opt/airflow/dags/predict.py:34 RemovedInAirflow3Warning: Function `days_ago` is deprecated and will be removed in Airflow 3.0. You can achieve equivalent behavior with `pendulum.today('UTC').add(days=-N, ...)`
[2026-02-01T23:56:44.531+0000] {logging_mixin.py:188} WARNING - /opt/airflow/dags/predict.py:29 RemovedInAirflow3Warning: Param `schedule_interval` is deprecated and will be removed in a future release. Please use `schedule` instead.
[2026-02-01T23:56:44.536+0000] {processor.py:840} INFO - DAG(s) 'ml_prediction_pipeline' retrieved from /opt/airflow/dags/predict.py
[2026-02-01T23:56:44.557+0000] {logging_mixin.py:188} INFO - [2026-02-01T23:56:44.556+0000] {dag.py:3096} INFO - Sync 1 DAGs
[2026-02-01T23:56:44.576+0000] {logging_mixin.py:188} INFO - [2026-02-01T23:56:44.576+0000] {dag.py:3954} INFO - Setting next_dagrun for ml_prediction_pipeline to 2026-01-31 00:00:00+00:00, run_after=2026-02-01 00:00:00+00:00
[2026-02-01T23:56:44.593+0000] {processor.py:183} INFO - Processing /opt/airflow/dags/predict.py took 2.173 seconds
[2026-02-01T23:57:15.114+0000] {processor.py:161} INFO - Started process (PID=47701) to work on /opt/airflow/dags/predict.py
[2026-02-01T23:57:15.115+0000] {processor.py:830} INFO - Processing file /opt/airflow/dags/predict.py for tasks to queue
[2026-02-01T23:57:15.117+0000] {logging_mixin.py:188} INFO - [2026-02-01T23:57:15.116+0000] {dagbag.py:545} INFO - Filling up the DagBag from /opt/airflow/dags/predict.py
[2026-02-01T23:57:17.784+0000] {logging_mixin.py:188} WARNING - /opt/airflow/dags/predict.py:34 RemovedInAirflow3Warning: Function `days_ago` is deprecated and will be removed in Airflow 3.0. You can achieve equivalent behavior with `pendulum.today('UTC').add(days=-N, ...)`
[2026-02-01T23:57:17.785+0000] {logging_mixin.py:188} WARNING - /opt/airflow/dags/predict.py:29 RemovedInAirflow3Warning: Param `schedule_interval` is deprecated and will be removed in a future release. Please use `schedule` instead.
[2026-02-01T23:57:17.790+0000] {processor.py:840} INFO - DAG(s) 'ml_prediction_pipeline' retrieved from /opt/airflow/dags/predict.py
[2026-02-01T23:57:17.822+0000] {logging_mixin.py:188} INFO - [2026-02-01T23:57:17.821+0000] {dag.py:3096} INFO - Sync 1 DAGs
[2026-02-01T23:57:17.841+0000] {logging_mixin.py:188} INFO - [2026-02-01T23:57:17.841+0000] {dag.py:3954} INFO - Setting next_dagrun for ml_prediction_pipeline to 2026-01-31 00:00:00+00:00, run_after=2026-02-01 00:00:00+00:00
[2026-02-01T23:57:17.859+0000] {processor.py:183} INFO - Processing /opt/airflow/dags/predict.py took 2.752 seconds
[2026-02-01T23:57:48.020+0000] {processor.py:161} INFO - Started process (PID=47748) to work on /opt/airflow/dags/predict.py
[2026-02-01T23:57:48.022+0000] {processor.py:830} INFO - Processing file /opt/airflow/dags/predict.py for tasks to queue
[2026-02-01T23:57:48.027+0000] {logging_mixin.py:188} INFO - [2026-02-01T23:57:48.026+0000] {dagbag.py:545} INFO - Filling up the DagBag from /opt/airflow/dags/predict.py
[2026-02-01T23:57:50.877+0000] {logging_mixin.py:188} WARNING - /opt/airflow/dags/predict.py:34 RemovedInAirflow3Warning: Function `days_ago` is deprecated and will be removed in Airflow 3.0. You can achieve equivalent behavior with `pendulum.today('UTC').add(days=-N, ...)`
[2026-02-01T23:57:50.878+0000] {logging_mixin.py:188} WARNING - /opt/airflow/dags/predict.py:29 RemovedInAirflow3Warning: Param `schedule_interval` is deprecated and will be removed in a future release. Please use `schedule` instead.
[2026-02-01T23:57:50.882+0000] {processor.py:840} INFO - DAG(s) 'ml_prediction_pipeline' retrieved from /opt/airflow/dags/predict.py
[2026-02-01T23:57:50.990+0000] {logging_mixin.py:188} INFO - [2026-02-01T23:57:50.989+0000] {dag.py:3096} INFO - Sync 1 DAGs
[2026-02-01T23:57:51.005+0000] {logging_mixin.py:188} INFO - [2026-02-01T23:57:51.005+0000] {dag.py:3954} INFO - Setting next_dagrun for ml_prediction_pipeline to 2026-01-31 00:00:00+00:00, run_after=2026-02-01 00:00:00+00:00
[2026-02-01T23:57:51.022+0000] {processor.py:183} INFO - Processing /opt/airflow/dags/predict.py took 3.011 seconds
[2026-02-01T23:58:21.248+0000] {processor.py:161} INFO - Started process (PID=47795) to work on /opt/airflow/dags/predict.py
[2026-02-01T23:58:21.249+0000] {processor.py:830} INFO - Processing file /opt/airflow/dags/predict.py for tasks to queue
[2026-02-01T23:58:21.251+0000] {logging_mixin.py:188} INFO - [2026-02-01T23:58:21.251+0000] {dagbag.py:545} INFO - Filling up the DagBag from /opt/airflow/dags/predict.py
[2026-02-01T23:58:24.242+0000] {logging_mixin.py:188} WARNING - /opt/airflow/dags/predict.py:34 RemovedInAirflow3Warning: Function `days_ago` is deprecated and will be removed in Airflow 3.0. You can achieve equivalent behavior with `pendulum.today('UTC').add(days=-N, ...)`
[2026-02-01T23:58:24.245+0000] {logging_mixin.py:188} WARNING - /opt/airflow/dags/predict.py:29 RemovedInAirflow3Warning: Param `schedule_interval` is deprecated and will be removed in a future release. Please use `schedule` instead.
[2026-02-01T23:58:24.250+0000] {processor.py:840} INFO - DAG(s) 'ml_prediction_pipeline' retrieved from /opt/airflow/dags/predict.py
[2026-02-01T23:58:24.274+0000] {logging_mixin.py:188} INFO - [2026-02-01T23:58:24.273+0000] {dag.py:3096} INFO - Sync 1 DAGs
[2026-02-01T23:58:24.295+0000] {logging_mixin.py:188} INFO - [2026-02-01T23:58:24.294+0000] {dag.py:3954} INFO - Setting next_dagrun for ml_prediction_pipeline to 2026-01-31 00:00:00+00:00, run_after=2026-02-01 00:00:00+00:00
[2026-02-01T23:58:24.316+0000] {processor.py:183} INFO - Processing /opt/airflow/dags/predict.py took 3.077 seconds
[2026-02-01T23:58:54.795+0000] {processor.py:161} INFO - Started process (PID=47842) to work on /opt/airflow/dags/predict.py
[2026-02-01T23:58:54.797+0000] {processor.py:830} INFO - Processing file /opt/airflow/dags/predict.py for tasks to queue
[2026-02-01T23:58:54.799+0000] {logging_mixin.py:188} INFO - [2026-02-01T23:58:54.799+0000] {dagbag.py:545} INFO - Filling up the DagBag from /opt/airflow/dags/predict.py
[2026-02-01T23:58:57.456+0000] {logging_mixin.py:188} WARNING - /opt/airflow/dags/predict.py:34 RemovedInAirflow3Warning: Function `days_ago` is deprecated and will be removed in Airflow 3.0. You can achieve equivalent behavior with `pendulum.today('UTC').add(days=-N, ...)`
[2026-02-01T23:58:57.462+0000] {logging_mixin.py:188} WARNING - /opt/airflow/dags/predict.py:29 RemovedInAirflow3Warning: Param `schedule_interval` is deprecated and will be removed in a future release. Please use `schedule` instead.
[2026-02-01T23:58:57.467+0000] {processor.py:840} INFO - DAG(s) 'ml_prediction_pipeline' retrieved from /opt/airflow/dags/predict.py
[2026-02-01T23:58:57.496+0000] {logging_mixin.py:188} INFO - [2026-02-01T23:58:57.496+0000] {dag.py:3096} INFO - Sync 1 DAGs
[2026-02-01T23:58:57.520+0000] {logging_mixin.py:188} INFO - [2026-02-01T23:58:57.520+0000] {dag.py:3954} INFO - Setting next_dagrun for ml_prediction_pipeline to 2026-01-31 00:00:00+00:00, run_after=2026-02-01 00:00:00+00:00
[2026-02-01T23:58:57.540+0000] {processor.py:183} INFO - Processing /opt/airflow/dags/predict.py took 2.755 seconds
[2026-02-01T23:59:27.976+0000] {processor.py:161} INFO - Started process (PID=47889) to work on /opt/airflow/dags/predict.py
[2026-02-01T23:59:27.976+0000] {processor.py:830} INFO - Processing file /opt/airflow/dags/predict.py for tasks to queue
[2026-02-01T23:59:27.980+0000] {logging_mixin.py:188} INFO - [2026-02-01T23:59:27.979+0000] {dagbag.py:545} INFO - Filling up the DagBag from /opt/airflow/dags/predict.py
[2026-02-01T23:59:31.511+0000] {logging_mixin.py:188} WARNING - /opt/airflow/dags/predict.py:34 RemovedInAirflow3Warning: Function `days_ago` is deprecated and will be removed in Airflow 3.0. You can achieve equivalent behavior with `pendulum.today('UTC').add(days=-N, ...)`
[2026-02-01T23:59:31.512+0000] {logging_mixin.py:188} WARNING - /opt/airflow/dags/predict.py:29 RemovedInAirflow3Warning: Param `schedule_interval` is deprecated and will be removed in a future release. Please use `schedule` instead.
[2026-02-01T23:59:31.517+0000] {processor.py:840} INFO - DAG(s) 'ml_prediction_pipeline' retrieved from /opt/airflow/dags/predict.py
[2026-02-01T23:59:31.538+0000] {logging_mixin.py:188} INFO - [2026-02-01T23:59:31.538+0000] {dag.py:3096} INFO - Sync 1 DAGs
[2026-02-01T23:59:31.556+0000] {logging_mixin.py:188} INFO - [2026-02-01T23:59:31.555+0000] {dag.py:3954} INFO - Setting next_dagrun for ml_prediction_pipeline to 2026-01-31 00:00:00+00:00, run_after=2026-02-01 00:00:00+00:00
[2026-02-01T23:59:31.575+0000] {processor.py:183} INFO - Processing /opt/airflow/dags/predict.py took 3.606 seconds
